"protein_accession"	"sequence_length"	"analysis"	"signature_accession"	"signature_description"	"start_location"	"stop_location"	"e_value"	"interpro_annotations_accession"	"interpro_annotation_description"	"GO-annotation"
"PPA0001"	500	"TIGRFAM"	"TIGR00362"	"DnaA: chromosomal replication initiator protein DnaA"	56	497	"0.0"	"IPR001957"	"Chromosomal replication control, initiator DnaA"	"GO:0003677|GO:0003688|GO:0005524|GO:0006270|GO:0006275"
"PPA0002"	503	"TIGRFAM"	"TIGR00663"	"dnan: DNA polymerase III, beta subunit"	120	501	"4.2E-75"	"IPR001001"	"DNA polymerase III, beta sliding clamp"	"GO:0003677|GO:0006260|GO:0009360"
"PPA0004"	394	"TIGRFAM"	"TIGR00611"	"recf: DNA replication and repair protein RecF"	1	378	"1.3E-105"	"IPR001238"	"DNA-binding, RecF"	"GO:0003697|GO:0005524|GO:0006281"
"PPA0008"	395	"TIGRFAM"	"TIGR00218"	"manA: mannose-6-phosphate isomerase, class I"	7	384	"1.4E-62"	"IPR001250"	"Mannose-6-phosphate isomerase, type I"	"GO:0004476|GO:0005975|GO:0008270"
"PPA0009"	690	"TIGRFAM"	"TIGR01059"	"gyrB: DNA gyrase, B subunit"	43	690	"0.0"	"IPR011557"	"DNA gyrase, subunit B"	"GO:0003677|GO:0003918|GO:0005524|GO:0005694|GO:0006265"
"PPA0010"	891	"TIGRFAM"	"TIGR01063"	"gyrA: DNA gyrase, A subunit"	26	834	"0.0"	"-"	"-"	""
"PPA0030"	192	"TIGRFAM"	"TIGR01509"	"HAD-SF-IA-v3: HAD hydrolase, family IA, variant 3"	81	166	"6.9E-14"	"IPR006439"	"HAD hydrolase, subfamily IA"	"-"
"PPA0034"	352	"TIGRFAM"	"TIGR01141"	"hisC: histidinol-phosphate transaminase"	6	348	"1.7E-94"	"IPR005861"	"Histidinol-phosphate aminotransferase family"	"GO:0000105|GO:0004400"
"PPA0064"	214	"TIGRFAM"	"TIGR01509"	"HAD-SF-IA-v3: HAD hydrolase, family IA, variant 3"	12	185	"9.5E-18"	"IPR006439"	"HAD hydrolase, subfamily IA"	"-"
"PPA0069"	329	"TIGRFAM"	"TIGR01179"	"galE: UDP-glucose 4-epimerase GalE"	2	323	"5.4E-101"	"IPR005886"	"UDP-glucose 4-epimerase"	"GO:0003978|GO:0006012"
"PPA0072"	789	"TIGRFAM"	"TIGR03061"	"pip_yhgE_Nterm: YhgE/Pip N-terminal domain"	10	175	"1.6E-30"	"IPR017500"	"Phage infection protein, YhgE, N-terminal"	"-"
"PPA0072"	789	"TIGRFAM"	"TIGR03057"	"xxxLxxG_by_4: X-X-X-Leu-X-X-Gly heptad repeats"	508	534	"4.5E-6"	"IPR023908"	"xxxLxxG heptad repeat"	"-"
"PPA0072"	789	"TIGRFAM"	"TIGR03057"	"xxxLxxG_by_4: X-X-X-Leu-X-X-Gly heptad repeats"	256	282	"3.1E-4"	"IPR023908"	"xxxLxxG heptad repeat"	"-"
"PPA0081"	788	"TIGRFAM"	"TIGR02093"	"P_ylase: glycogen/starch/alpha-glucan phosphorylases"	3	782	"0.0"	"IPR011833"	"Glycogen/starch/alpha-glucan phosphorylase"	"GO:0004645|GO:0005975|GO:0030170"
"PPA0083"	738	"TIGRFAM"	"TIGR02336"	"TIGR02336: 1,3-beta-galactosyl-N-acetylhexosamine phosphorylase"	11	728	"0.0"	"IPR012711"	"Lacto-N-biose phosphorylase/D-galactosyl-beta-1->4-L-rhamnose phosphorylase"	"GO:0004645"
"PPA0085"	447	"TIGRFAM"	"TIGR03850"	"bind_CPR_0540: carbohydrate ABC transporter substrate-binding protein, CPR_0540 family"	5	444	"0.0"	"IPR022387"	"Carbohydrate ABC transporter substrate-binding, CPR0540"	"-"
"PPA0094"	490	"TIGRFAM"	"TIGR00839"	"aspA: aspartate ammonia-lyase"	5	471	"0.0"	"IPR004708"	"Aspartate ammonia-lyase"	"GO:0006531|GO:0008797"
"PPA0095"	432	"TIGRFAM"	"TIGR00770"	"Dcu: transporter, anaerobic C4-dicarboxylate uptake (Dcu) family"	6	429	"0.0"	"IPR004668"	"Anaerobic c4-dicarboxylate membrane transporter"	"GO:0015556|GO:0015740|GO:0016021"
"PPA0102"	1340	"TIGRFAM"	"TIGR02257"	"cobalto_cobN: cobaltochelatase, CobN subunit"	47	1300	"0.0"	"IPR011953"	"Cobaltochelatase, CobN subunit"	"GO:0009236|GO:0051116"
"PPA0103"	364	"TIGRFAM"	"TIGR04085"	"rSAM_more_4Fe4S: radical SAM additional 4Fe4S-binding SPASM domain"	261	337	"2.0E-11"	"IPR023885"	"4Fe4S-binding SPASM domain"	"-"
"PPA0110"	569	"TIGRFAM"	"TIGR00097"	"HMP-P_kinase: hydroxymethylpyrimidine kinase/phosphomethylpyrimidine kinase"	63	318	"4.5E-73"	"IPR004399"	"Hydroxymethylpyrimidine kinase/phosphomethylpyrimidine kinase domain"	"GO:0008972|GO:0009228"
"PPA0115"	556	"TIGRFAM"	"TIGR00680"	"kdpA: K+-transporting ATPase, A subunit"	6	555	"0.0"	"IPR004623"	"Potassium-transporting ATPase A chain"	"GO:0006813|GO:0008556"
"PPA0116"	704	"TIGRFAM"	"TIGR01497"	"kdpB: K+-transporting ATPase, B subunit"	16	698	"0.0"	"IPR006391"	"P-type ATPase, B chain, subfamily IA"	"GO:0005524|GO:0006813|GO:0008556|GO:0016021"
"PPA0116"	704	"TIGRFAM"	"TIGR01494"	"ATPase_P-type: HAD ATPase, P-type, family IC"	384	621	"5.5E-42"	"IPR001757"	"P-type ATPase"	"GO:0005215|GO:0005524|GO:0016021|GO:0016887"
"PPA0116"	704	"TIGRFAM"	"TIGR01494"	"ATPase_P-type: HAD ATPase, P-type, family IC"	79	339	"1.0E-27"	"IPR001757"	"P-type ATPase"	"GO:0005215|GO:0005524|GO:0016021|GO:0016887"
"PPA0117"	201	"TIGRFAM"	"TIGR00681"	"kdpC: K+-transporting ATPase, C subunit"	9	199	"2.4E-60"	"IPR003820"	"Potassium-transporting ATPase C chain"	"GO:0006813|GO:0008556|GO:0016021"
"PPA0120"	174	"TIGRFAM"	"TIGR04342"	"EXLDI: EXLDI protein"	55	174	"6.6E-31"	"IPR027580"	"EXLDI protein"	"-"
"PPA0138"	525	"TIGRFAM"	"TIGR00924"	"yjdL_sub1_fam: amino acid/peptide transporter (Peptide:H+ symporter)"	35	510	"1.6E-109"	"IPR005279"	"Dipeptide/tripeptide permease"	"GO:0015833|GO:0016020|GO:1904680"
"PPA0141"	85	"TIGRFAM"	"TIGR01003"	"PTS_HPr_family: phosphocarrier, HPr family"	1	79	"3.1E-25"	"IPR000032"	"Phosphocarrier protein HPr-like"	"-"
"PPA0142"	670	"TIGRFAM"	"TIGR00829"	"FRU: PTS system, Fru family, IIB component"	181	263	"4.1E-26"	"IPR003353"	"Phosphotransferase system, fructose-specific IIB subunit"	"GO:0009401|GO:0022877"
"PPA0142"	670	"TIGRFAM"	"TIGR01427"	"PTS_IIC_fructo: PTS system, Fru family, IIC component"	306	658	"2.2E-103"	"IPR006327"	"Phosphotransferase system, fructose IIC component"	"GO:0005351|GO:0008982|GO:0009401|GO:0016021"
"PPA0143"	316	"TIGRFAM"	"TIGR03828"	"pfkB: 1-phosphofructokinase"	2	310	"5.9E-88"	"IPR022463"	"Fructose 1-phosphate kinase"	"GO:0008662"
"PPA0143"	316	"TIGRFAM"	"TIGR03168"	"1-PFK: hexose kinase, 1-phosphofructokinase family"	2	310	"2.2E-88"	"IPR017583"	"Tagatose/fructose phosphokinase"	"GO:0005975|GO:0016773"
"PPA0145"	432	"TIGRFAM"	"TIGR03026"	"NDP-sugDHase: nucleotide sugar dehydrogenase"	1	411	"1.1E-93"	"IPR017476"	"UDP-glucose/GDP-mannose dehydrogenase"	"GO:0016616"
"PPA0148"	357	"TIGRFAM"	"TIGR00236"	"wecB: UDP-N-acetylglucosamine 2-epimerase"	1	348	"1.5E-80"	"IPR029767"	"UDP-N-acetylglucosamine 2-epimerase WecB-like"	"GO:0008761"
"PPA0155"	838	"TIGRFAM"	"TIGR01970"	"DEAH_box_HrpB: ATP-dependent helicase HrpB"	21	833	"0.0"	"IPR010225"	"ATP-dependent helicase HrpB"	"GO:0004386"
"PPA0162"	1204	"TIGRFAM"	"TIGR02176"	"pyruv_ox_red: pyruvate:ferredoxin (flavodoxin) oxidoreductase"	12	1181	"0.0"	"IPR011895"	"Pyruvate-flavodoxin oxidoreductase"	"GO:0005506|GO:0016903|GO:0022900"
"PPA0166"	562	"TIGRFAM"	"TIGR00795"	"lctP: transporter, lactate permease (LctP) family"	17	551	"1.2E-117"	"IPR003804"	"L-lactate permease"	"GO:0005887|GO:0015129|GO:0015727"
"PPA0168"	511	"TIGRFAM"	"TIGR00273"	"TIGR00273: iron-sulfur cluster-binding protein"	46	450	"0.0"	"IPR004452"	"4Fe-4S binding protein"	"GO:0019516"
"PPA0173"	534	"TIGRFAM"	"TIGR02868"	"CydC: thiol reductant ABC exporter, CydC subunit"	10	521	"0.0"	"IPR014223"	"ABC transporter, CydDC cysteine exporter (CydDC-E) family, permease/ATP-binding protein CydC"	"GO:0016021|GO:0034775|GO:0042626|GO:0045454"
"PPA0174"	546	"TIGRFAM"	"TIGR02857"	"CydD: thiol reductant ABC exporter, CydD subunit"	19	542	"0.0"	"IPR014216"	"ABC transporter, CydDC cysteine exporter (CydDC-E) family, permease/ATP-binding protein CydD"	"GO:0005524|GO:0016020|GO:0042883|GO:0140359"
"PPA0175"	357	"TIGRFAM"	"TIGR00203"	"cydB: cytochrome d ubiquinol oxidase, subunit II"	13	237	"1.9E-76"	"IPR003317"	"Cytochrome ubiquinol oxidase subunit 2"	"GO:0016020"
"PPA0181"	510	"TIGRFAM"	"TIGR00499"	"lysS_bact: lysine--tRNA ligase"	13	509	"0.0"	"IPR002313"	"Lysine-tRNA ligase, class II"	"GO:0004824|GO:0005524|GO:0006430"
"PPA0194"	276	"TIGRFAM"	"TIGR01643"	"YD_repeat_2x: YD repeat (two copies)"	112	141	"8.8E-6"	"IPR006530"	"YD repeat"	"-"
"PPA0194"	276	"TIGRFAM"	"TIGR01643"	"YD_repeat_2x: YD repeat (two copies)"	39	68	"9.2E-5"	"IPR006530"	"YD repeat"	"-"
"PPA0195"	421	"TIGRFAM"	"TIGR01643"	"YD_repeat_2x: YD repeat (two copies)"	123	158	"8.1E-10"	"IPR006530"	"YD repeat"	"-"
"PPA0195"	421	"TIGRFAM"	"TIGR01643"	"YD_repeat_2x: YD repeat (two copies)"	248	289	"4.2E-11"	"IPR006530"	"YD repeat"	"-"
"PPA0195"	421	"TIGRFAM"	"TIGR01643"	"YD_repeat_2x: YD repeat (two copies)"	113	142	"1.4E-5"	"IPR006530"	"YD repeat"	"-"
"PPA0195"	421	"TIGRFAM"	"TIGR01643"	"YD_repeat_2x: YD repeat (two copies)"	207	245	"9.4E-11"	"IPR006530"	"YD repeat"	"-"
"PPA0195"	421	"TIGRFAM"	"TIGR01643"	"YD_repeat_2x: YD repeat (two copies)"	81	121	"4.1E-7"	"IPR006530"	"YD repeat"	"-"
"PPA0195"	421	"TIGRFAM"	"TIGR01643"	"YD_repeat_2x: YD repeat (two copies)"	144	175	"7.1E-7"	"IPR006530"	"YD repeat"	"-"
"PPA0196"	651	"TIGRFAM"	"TIGR01643"	"YD_repeat_2x: YD repeat (two copies)"	400	435	"1.3E-8"	"IPR006530"	"YD repeat"	"-"
"PPA0196"	651	"TIGRFAM"	"TIGR01643"	"YD_repeat_2x: YD repeat (two copies)"	609	646	"0.0015"	"IPR006530"	"YD repeat"	"-"
"PPA0196"	651	"TIGRFAM"	"TIGR01643"	"YD_repeat_2x: YD repeat (two copies)"	567	608	"1.8E-9"	"IPR006530"	"YD repeat"	"-"
"PPA0196"	651	"TIGRFAM"	"TIGR01643"	"YD_repeat_2x: YD repeat (two copies)"	546	581	"2.9E-4"	"IPR006530"	"YD repeat"	"-"
"PPA0196"	651	"TIGRFAM"	"TIGR01643"	"YD_repeat_2x: YD repeat (two copies)"	420	457	"3.7E-6"	"IPR006530"	"YD repeat"	"-"
"PPA0196"	651	"TIGRFAM"	"TIGR01643"	"YD_repeat_2x: YD repeat (two copies)"	441	474	"0.0028"	"IPR006530"	"YD repeat"	"-"
"PPA0196"	651	"TIGRFAM"	"TIGR01643"	"YD_repeat_2x: YD repeat (two copies)"	296	334	"1.1E-7"	"IPR006530"	"YD repeat"	"-"
"PPA0199"	953	"TIGRFAM"	"TIGR01643"	"YD_repeat_2x: YD repeat (two copies)"	108	148	"4.5E-9"	"IPR006530"	"YD repeat"	"-"
"PPA0199"	953	"TIGRFAM"	"TIGR01643"	"YD_repeat_2x: YD repeat (two copies)"	4	43	"7.1E-7"	"IPR006530"	"YD repeat"	"-"
"PPA0199"	953	"TIGRFAM"	"TIGR01643"	"YD_repeat_2x: YD repeat (two copies)"	150	187	"1.9E-7"	"IPR006530"	"YD repeat"	"-"
"PPA0199"	953	"TIGRFAM"	"TIGR01643"	"YD_repeat_2x: YD repeat (two copies)"	371	411	"6.5E-4"	"IPR006530"	"YD repeat"	"-"
"PPA0200"	930	"TIGRFAM"	"TIGR01643"	"YD_repeat_2x: YD repeat (two copies)"	578	617	"2.7E-6"	"IPR006530"	"YD repeat"	"-"
"PPA0200"	930	"TIGRFAM"	"TIGR01643"	"YD_repeat_2x: YD repeat (two copies)"	726	763	"2.7E-8"	"IPR006530"	"YD repeat"	"-"
"PPA0200"	930	"TIGRFAM"	"TIGR01643"	"YD_repeat_2x: YD repeat (two copies)"	830	865	"1.6E-5"	"IPR006530"	"YD repeat"	"-"
"PPA0200"	930	"TIGRFAM"	"TIGR01643"	"YD_repeat_2x: YD repeat (two copies)"	641	675	"3.7E-4"	"IPR006530"	"YD repeat"	"-"
"PPA0200"	930	"TIGRFAM"	"TIGR01643"	"YD_repeat_2x: YD repeat (two copies)"	705	744	"0.0014"	"IPR006530"	"YD repeat"	"-"
"PPA0200"	930	"TIGRFAM"	"TIGR01643"	"YD_repeat_2x: YD repeat (two copies)"	746	787	"3.9E-8"	"IPR006530"	"YD repeat"	"-"
"PPA0200"	930	"TIGRFAM"	"TIGR01643"	"YD_repeat_2x: YD repeat (two copies)"	620	661	"2.4E-5"	"IPR006530"	"YD repeat"	"-"
"PPA0204"	957	"TIGRFAM"	"TIGR02397"	"dnaX_nterm: DNA polymerase III, subunit gamma and tau"	109	467	"9.0E-118"	"IPR012763"	"DNA polymerase III, subunit gamma/ tau, N-terminal"	"GO:0003887|GO:0005524|GO:0006260|GO:0009360"
"PPA0205"	107	"TIGRFAM"	"TIGR00103"	"DNA_YbaB_EbfC: DNA-binding protein, YbaB/EbfC family"	9	102	"1.2E-19"	"IPR004401"	"Nucleoid-associated protein YbaB/EbfC family"	"GO:0003677"
"PPA0206"	201	"TIGRFAM"	"TIGR00615"	"recR: recombination protein RecR"	2	194	"8.1E-83"	"IPR000093"	"DNA recombination protein RecR"	"GO:0003677|GO:0006281|GO:0006310"
"PPA0212"	269	"TIGRFAM"	"TIGR00099"	"Cof-subfamily: Cof-like hydrolase"	2	260	"3.1E-42"	"IPR000150"	"Cof family"	"GO:0016787"
"PPA0212"	269	"TIGRFAM"	"TIGR01484"	"HAD-SF-IIB: HAD hydrolase, family IIB"	2	233	"1.6E-23"	"IPR006379"	"HAD-superfamily hydrolase, subfamily IIB"	"-"
"PPA0216"	1114	"TIGRFAM"	"TIGR00392"	"ileS: isoleucine--tRNA ligase"	19	718	"0.0"	"IPR002301"	"Isoleucine-tRNA ligase"	"GO:0000166|GO:0004822|GO:0005524|GO:0006428"
"PPA0223"	308	"TIGRFAM"	"TIGR01083"	"nth: endonuclease III"	89	277	"5.1E-68"	"IPR005759"	"Endonuclease III"	"GO:0003906|GO:0006284"
"PPA0227"	420	"TIGRFAM"	"TIGR00773"	"NhaA: Na+/H+ antiporter NhaA"	30	393	"6.6E-89"	"IPR004670"	"Na+/H+ antiporter NhaA"	"GO:0006814|GO:0006885|GO:0016021"
"PPA0229"	325	"TIGRFAM"	"TIGR03815"	"CpaE_hom_Actino: helicase/secretion neighborhood CpaE-like protein"	2	322	"7.0E-87"	"IPR022521"	"Conserved hypothetical protein CHP03815, CpaE-like"	"-"
"PPA0230"	388	"TIGRFAM"	"TIGR03819"	"heli_sec_ATPase: helicase/secretion neighborhood ATPase"	10	347	"0.0"	"IPR022399"	"Helicase/secretion neighbourhood ATPase"	"-"
"PPA0235"	134	"TIGRFAM"	"TIGR03816"	"tadE_like_DECH: helicase/secretion neighborhood TadE-like protein"	18	132	"2.2E-32"	"IPR021202"	"Apoptosis inhibitor Rv3654c-like"	"-"
"PPA0237"	754	"TIGRFAM"	"TIGR03817"	"DECH_helic: helicase/secretion neighborhood putative DEAH-box helicase"	10	751	"0.0"	"IPR022307"	"DEAD/DEAH-box helicase, putative, actinobacteria"	"-"
"PPA0241"	929	"TIGRFAM"	"TIGR01051"	"topA_bact: DNA topoisomerase I"	7	654	"0.0"	"IPR005733"	"DNA topoisomerase I, bacterial-type"	"GO:0003677|GO:0003917|GO:0006265"
"PPA0243"	228	"TIGRFAM"	"TIGR00041"	"DTMP_kinase: dTMP kinase"	27	218	"1.4E-48"	"IPR018094"	"Thymidylate kinase"	"GO:0004798|GO:0005524|GO:0006233"
"PPA0244"	399	"TIGRFAM"	"TIGR00678"	"holB: DNA polymerase III, delta' subunit"	31	206	"5.9E-55"	"IPR004622"	"DNA polymerase III, delta prime subunit"	"GO:0003887|GO:0006260|GO:0008408"
"PPA0257"	476	"TIGRFAM"	"TIGR00666"	"PBP4: D-alanyl-D-alanine carboxypeptidase/D-alanyl-D-alanine-endopeptidase"	256	452	"1.4E-39"	"IPR000667"	"Peptidase S13, D-Ala-D-Ala carboxypeptidase C"	"GO:0004185|GO:0006508"
"PPA0258"	311	"TIGRFAM"	"TIGR02432"	"lysidine_TilS_N: tRNA(Ile)-lysidine synthetase"	26	203	"6.2E-38"	"IPR012795"	"tRNA(Ile)-lysidine synthase, N-terminal"	"GO:0000166|GO:0005524|GO:0008033|GO:0016879"
"PPA0259"	184	"TIGRFAM"	"TIGR01203"	"HGPRTase: hypoxanthine phosphoribosyltransferase"	13	177	"6.8E-59"	"IPR005904"	"Hypoxanthine phosphoribosyl transferase"	"GO:0004422|GO:0006166"
"PPA0260"	717	"TIGRFAM"	"TIGR01241"	"FtsH_fam: ATP-dependent metallopeptidase HflB"	115	606	"0.0"	"IPR005936"	"Peptidase, FtsH"	"GO:0004176|GO:0004222|GO:0016020"
"PPA0261"	191	"TIGRFAM"	"TIGR00063"	"folE: GTP cyclohydrolase I"	12	187	"4.4E-70"	"IPR001474"	"GTP cyclohydrolase I"	"GO:0003934|GO:0046654"
"PPA0271"	281	"TIGRFAM"	"TIGR01496"	"DHPS: dihydropteroate synthase"	17	277	"2.0E-88"	"IPR006390"	"Dihydropteroate synthase domain"	"GO:0004156|GO:0009396"
"PPA0272"	120	"TIGRFAM"	"TIGR00525"	"folB: dihydroneopterin aldolase"	5	115	"8.5E-33"	"IPR006156"	"Dihydroneopterin aldolase"	"GO:0004150|GO:0006760"
"PPA0272"	120	"TIGRFAM"	"TIGR00526"	"folB_dom: FolB domain"	6	117	"6.2E-26"	"IPR006157"	"Dihydroneopterin aldolase/epimerase domain"	"GO:0004150|GO:0006760"
"PPA0273"	185	"TIGRFAM"	"TIGR01498"	"folK: 2-amino-4-hydroxy-6-hydroxymethyldihydropteridine diphosphokinase"	4	130	"1.8E-36"	"IPR000550"	"7,8-Dihydro-6-hydroxymethylpterin-pyrophosphokinase, HPPK"	"GO:0003848|GO:0009396"
"PPA0285"	495	"TIGRFAM"	"TIGR00711"	"efflux_EmrB: drug resistance MFS transporter, drug:H+ antiporter-2 (14 Spanner) (DHA2) family"	32	455	"1.5E-79"	"IPR004638"	"Drug resistance transporter EmrB-like"	"GO:0016021|GO:0022857|GO:0055085"
"PPA0286"	299	"TIGRFAM"	"TIGR01777"	"yfcH: TIGR01777 family protein"	3	289	"3.1E-89"	"IPR010099"	"Epimerase family protein SDR39U1"	"-"
"PPA0293"	157	"TIGRFAM"	"TIGR00830"	"PTBA: PTS system, glucose subfamily, IIA component"	15	135	"3.9E-42"	"IPR001127"	"Phosphotransferase system, sugar-specific permease EIIA type 1"	"GO:0009401"
"PPA0294"	559	"TIGRFAM"	"TIGR00826"	"EIIB_glc: PTS system, glucose-like IIB component"	444	541	"1.2E-18"	"IPR001996"	"Phosphotransferase system, IIB component, type 1"	"GO:0008982|GO:0009401"
"PPA0296"	346	"TIGRFAM"	"TIGR00557"	"pdxA: 4-hydroxythreonine-4-phosphate dehydrogenase PdxA"	7	328	"3.9E-98"	"IPR005255"	"PdxA family"	"GO:0051287"
"PPA0301"	436	"TIGRFAM"	"TIGR00713"	"hemL: glutamate-1-semialdehyde-2,1-aminomutase"	5	430	"0.0"	"IPR004639"	"Tetrapyrrole biosynthesis, glutamate-1-semialdehyde aminotransferase"	"GO:0033014|GO:0042286"
"PPA0304"	366	"TIGRFAM"	"TIGR00212"	"hemC: hydroxymethylbilane synthase"	36	349	"8.4E-84"	"IPR000860"	"Porphobilinogen deaminase"	"GO:0004418|GO:0033014"
"PPA0306"	426	"TIGRFAM"	"TIGR01464"	"hemE: uroporphyrinogen decarboxylase"	86	425	"1.8E-100"	"IPR006361"	"Uroporphyrinogen decarboxylase HemE"	"GO:0004853|GO:0006779"
"PPA0308"	683	"TIGRFAM"	"TIGR00109"	"hemH: ferrochelatase"	18	328	"5.0E-37"	"IPR001015"	"Ferrochelatase"	"GO:0004325|GO:0006783"
"PPA0312"	465	"TIGRFAM"	"TIGR00416"	"sms: DNA repair protein RadA"	4	452	"0.0"	"IPR004504"	"DNA repair protein RadA"	"GO:0003684|GO:0005524|GO:0006281"
"PPA0318"	437	"TIGRFAM"	"TIGR01296"	"asd_B: aspartate-semialdehyde dehydrogenase"	96	435	"1.5E-122"	"IPR005986"	"Aspartate-semialdehyde dehydrogenase, beta-type"	"GO:0004073|GO:0009086|GO:0009088|GO:0009089|GO:0009097|GO:0050661"
"PPA0319"	263	"TIGRFAM"	"TIGR00112"	"proC: pyrroline-5-carboxylate reductase"	5	260	"4.8E-77"	"IPR000304"	"Pyrroline-5-carboxylate reductase"	"GO:0004735|GO:0006561"
"PPA0328"	293	"TIGRFAM"	"TIGR03144"	"cytochr_II_ccsB: cytochrome c-type biogenesis protein CcsB"	57	291	"1.5E-72"	"IPR017562"	"Cytochrome c-type biogenesis protein CcsA"	"GO:0017004"
"PPA0338"	258	"TIGRFAM"	"TIGR00972"	"3a0107s01c2: phosphate ABC transporter, ATP-binding protein"	5	258	"2.2E-112"	"IPR005670"	"Phosphate transport system permease protein 1"	"GO:0005315|GO:0016020|GO:0035435"
"PPA0339"	308	"TIGRFAM"	"TIGR00974"	"3a0107s02c: phosphate ABC transporter, permease protein PstA"	36	301	"4.7E-77"	"IPR005672"	"Phosphate transport system permease protein PstA"	"GO:0005315|GO:0005887|GO:0035435"
"PPA0340"	334	"TIGRFAM"	"TIGR02138"	"phosphate_pstC: phosphate ABC transporter, permease protein PstC"	28	330	"7.8E-77"	"IPR011864"	"Phosphate ABC transporter, permease protein PstC"	"GO:0005315|GO:0006817|GO:0016021"
"PPA0341"	383	"TIGRFAM"	"TIGR00975"	"3a0107s03: phosphate ABC transporter, phosphate-binding protein PstS"	66	376	"3.3E-78"	"IPR005673"	"Phosphate ABC transporter, substrate-binding protein PstS"	"GO:0035435|GO:0042301|GO:0043190"
"PPA0343"	701	"TIGRFAM"	"TIGR03705"	"poly_P_kin: polyphosphate kinase 1"	21	679	"0.0"	"IPR003414"	"Polyphosphate kinase"	"GO:0006799|GO:0008976|GO:0009358"
"PPA0346"	145	"TIGRFAM"	"TIGR00256"	"TIGR00256: D-tyrosyl-tRNA(Tyr) deacylase"	1	141	"4.5E-41"	"IPR003732"	"D-aminoacyl-tRNA deacylase DTD"	"GO:0002161|GO:0005737|GO:0051499"
"PPA0348"	313	"TIGRFAM"	"TIGR03317"	"ygfZ_signature: folate-binding protein YgfZ"	175	236	"1.7E-20"	"IPR017703"	"YgfZ/GcvT conserved site"	"-"
"PPA0349"	461	"TIGRFAM"	"TIGR03025"	"EPS_sugtrans: exopolysaccharide biosynthesis polyprenyl glycosylphosphotransferase"	16	435	"1.5E-112"	"IPR017475"	"Exopolysaccharide biosynthesis polyprenyl glycosylphosphotransferase"	"-"
"PPA0351"	572	"TIGRFAM"	"TIGR01417"	"PTS_I_fam: phosphoenolpyruvate-protein phosphotransferase"	19	556	"3.3E-115"	"IPR006318"	"Phosphotransferase system, enzyme I-like"	"GO:0016772"
"PPA0352"	88	"TIGRFAM"	"TIGR01003"	"PTS_HPr_family: phosphocarrier, HPr family"	1	80	"6.9E-26"	"IPR000032"	"Phosphocarrier protein HPr-like"	"-"
"PPA0353"	270	"TIGRFAM"	"TIGR00453"	"ispD: 2-C-methyl-D-erythritol 4-phosphate cytidylyltransferase"	13	233	"1.9E-61"	"IPR001228"	"2-C-methyl-D-erythritol 4-phosphate cytidylyltransferase"	"GO:0008299|GO:0050518"
"PPA0354"	168	"TIGRFAM"	"TIGR00151"	"ispF: 2-C-methyl-D-erythritol 2,4-cyclodiphosphate synthase"	5	156	"1.4E-47"	"IPR003526"	"2-C-methyl-D-erythritol 2,4-cyclodiphosphate synthase"	"GO:0008685|GO:0016114"
"PPA0361"	248	"TIGRFAM"	"TIGR02135"	"phoU_full: phosphate transport system regulatory protein PhoU"	30	237	"2.2E-51"	"IPR028366"	"Phosphate transport system protein PhoU"	"GO:0030643|GO:0045936"
"PPA0364"	249	"TIGRFAM"	"TIGR01258"	"pgm_1: phosphoglycerate mutase 1 family"	4	247	"2.1E-115"	"IPR005952"	"Phosphoglycerate mutase 1"	"GO:0004619|GO:0006096|GO:0016868"
"PPA0371"	215	"TIGRFAM"	"TIGR01182"	"eda: 2-dehydro-3-deoxyphosphogluconate aldolase/4-hydroxy-2-oxoglutarate aldolase"	13	205	"3.8E-69"	"IPR000887"	"KDPG/KHG aldolase"	"GO:0016829"
"PPA0383"	318	"TIGRFAM"	"TIGR00186"	"rRNA_methyl_3: RNA methyltransferase, TrmH family, group 3"	71	311	"2.8E-57"	"IPR004441"	"RNA methyltransferase TrmH family"	"GO:0006396|GO:0008173"
"PPA0384"	490	"TIGRFAM"	"TIGR00435"	"cysS: cysteine--tRNA ligase"	17	488	"0.0"	"IPR015803"	"Cysteine-tRNA ligase"	"GO:0004817|GO:0005524|GO:0006423"
"PPA0392"	191	"TIGRFAM"	"TIGR02937"	"sigma70-ECF: RNA polymerase sigma factor, sigma-70 family"	29	187	"1.1E-26"	"IPR014284"	"RNA polymerase sigma-70 like domain"	"GO:0003700|GO:0006352|GO:0006355"
"PPA0396"	478	"TIGRFAM"	"TIGR00720"	"sda_mono: L-serine ammonia-lyase"	5	475	"0.0"	"IPR004644"	"Iron-sulphur-dependent L-serine dehydratase single chain form"	"GO:0003941|GO:0006094"
"PPA0403"	398	"TIGRFAM"	"TIGR01822"	"2am3keto_CoA: glycine C-acetyltransferase"	5	395	"0.0"	"IPR011282"	"2-amino-3-ketobutyrate coenzyme A ligase"	"GO:0006567|GO:0008890"
"PPA0418"	342	"TIGRFAM"	"TIGR00380"	"cobD: cobalamin biosynthesis protein CobD"	20	309	"1.3E-53"	"IPR004485"	"Cobalamin biosynthesis CobD/CbiB"	"GO:0009236|GO:0016021|GO:0048472"
"PPA0419"	484	"TIGRFAM"	"TIGR00313"	"cobQ: cobyric acid synthase CobQ"	4	478	"0.0"	"IPR004459"	"Cobyric acid synthase CobQ"	"GO:0003824|GO:0009236"
"PPA0420"	251	"TIGRFAM"	"TIGR01467"	"cobI_cbiL: precorrin-2 C(20)-methyltransferase"	8	240	"4.8E-66"	"IPR006364"	"Precorrin-2 C(20)-methyltransferase domain"	"GO:0008757|GO:0009236"
"PPA0421"	323	"TIGRFAM"	"TIGR01465"	"cobM_cbiF: precorrin-4 C11-methyltransferase"	43	291	"1.5E-102"	"IPR006362"	"Cobalamin (vitamin B12) biosynthesis CobM/CbiF, precorrin-4 C11-methyltransferase"	"GO:0009236|GO:0046026"
"PPA0422"	856	"TIGRFAM"	"TIGR02467"	"CbiE: precorrin-6y C5,15-methyltransferase (decarboxylating), CbiE subunit"	12	182	"2.1E-32"	"IPR012818"	"Precorrin-6Y methyltransferase"	"GO:0008276|GO:0009236"
"PPA0422"	856	"TIGRFAM"	"TIGR01466"	"cobJ_cbiH: precorrin-3B C17-methyltransferase"	566	806	"9.7E-76"	"IPR006363"	"Precorrin-3B C17-methyltransferase domain"	"GO:0008168|GO:0009236"
"PPA0423"	422	"TIGRFAM"	"TIGR01470"	"cysG_Nterm: siroheme synthase, N-terminal domain"	283	400	"3.8E-19"	"IPR006367"	"Sirohaem synthase, N-terminal"	"GO:0006779|GO:0019354"
"PPA0430"	227	"TIGRFAM"	"TIGR00123"	"cbiM: cobalamin biosynthesis protein CbiM"	1	209	"2.3E-78"	"IPR018024"	"Cobalamin (vitamin B12) transport protein CbiM"	"GO:0006824|GO:0009236|GO:0016021|GO:0043190"
"PPA0433"	281	"TIGRFAM"	"TIGR02454"	"ECF_T_CbiQ: cobalt ECF transporter T component CbiQ"	56	238	"2.4E-38"	"IPR012809"	"Cobalt ECF transporter T component CbiQ"	"GO:0005887|GO:0006824|GO:0043190"
"PPA0434"	278	"TIGRFAM"	"TIGR01166"	"cbiO: cobalt ABC transporter, ATP-binding protein"	17	205	"1.8E-81"	"IPR005876"	"Cobalt transport protein ATP-binding subunit"	"GO:0006824"
"PPA0436"	198	"TIGRFAM"	"TIGR02469"	"CbiT: precorrin-6Y C5,15-methyltransferase (decarboxylating), CbiT subunit"	27	146	"3.9E-27"	"IPR014008"	"Cobalamin biosynthesis, precorrin-6Y methyltransferase, CbiT subunit"	"GO:0008276|GO:0009236"
"PPA0437"	204	"TIGRFAM"	"TIGR00708"	"cobA: cob(I)yrinic acid a,c-diamide adenosyltransferase"	19	204	"6.4E-68"	"IPR003724"	"ATP:cob(I)alamin adenosyltransferase CobA/CobO/BtuR"	"GO:0005524|GO:0008817|GO:0009236"
"PPA0438"	807	"TIGRFAM"	"TIGR00379"	"cobB: cobyrinic acid a,c-diamide synthase"	5	452	"7.5E-101"	"IPR004484"	"Cobyrinic acid a,c-diamide synthase CbiA"	"GO:0042242"
"PPA0439"	258	"TIGRFAM"	"TIGR01469"	"cobA_cysG_Cterm: uroporphyrinogen-III C-methyltransferase"	10	245	"8.4E-87"	"IPR006366"	"Uroporphyrin-III C-methyltransferase"	"GO:0008168|GO:0019354"
"PPA0441"	555	"TIGRFAM"	"TIGR03160"	"cobT_DBIPRT: nicotinate-nucleotide--dimethylbenzimidazole phosphoribosyltransferase"	25	356	"2.1E-127"	"IPR017846"	"Nicotinate-nucleotide-dimethylbenzimidazole phosphoribosyltransferase, bacterial type"	"GO:0008939|GO:0009236"
"PPA0451"	393	"TIGRFAM"	"TIGR00218"	"manA: mannose-6-phosphate isomerase, class I"	4	389	"2.6E-61"	"IPR001250"	"Mannose-6-phosphate isomerase, type I"	"GO:0004476|GO:0005975|GO:0008270"
"PPA0453"	544	"TIGRFAM"	"TIGR02348"	"GroEL: chaperonin GroL"	2	523	"0.0"	"IPR001844"	"Chaperonin Cpn60/GroEL"	"GO:0042026|GO:0140662"
"PPA0456"	329	"TIGRFAM"	"TIGR04382"	"myo_inos_iolC_N: 5-dehydro-2-deoxygluconokinase"	9	314	"2.7E-113"	"IPR030830"	"5-Dehydro-2-deoxygluconokinase"	"-"
"PPA0458"	290	"TIGRFAM"	"TIGR04378"	"myo_inos_iolB: 5-deoxy-glucuronate isomerase"	19	269	"4.4E-98"	"IPR024203"	"5-deoxy-glucuronate isomerase, IolB"	"GO:0008880|GO:0019310"
"PPA0459"	632	"TIGRFAM"	"TIGR04377"	"myo_inos_iolD: 3,5/4-trihydroxycyclohexa-1,2-dione hydrolase"	7	629	"0.0"	"IPR030817"	"3,5/4-Trihydroxycyclohexa-1,2-dione hydrolase"	"GO:0016823|GO:0019310|GO:0030976"
"PPA0461"	497	"TIGRFAM"	"TIGR01722"	"MMSDH: methylmalonate-semialdehyde dehydrogenase (acylating)"	4	481	"0.0"	"IPR010061"	"Methylmalonate-semialdehyde dehydrogenase"	"GO:0004491"
"PPA0469"	355	"TIGRFAM"	"TIGR04380"	"myo_inos_iolG: inositol 2-dehydrogenase"	28	353	"8.6E-112"	"IPR030827"	"Inositol 2-dehydrogenase"	"-"
"PPA0476"	261	"TIGRFAM"	"TIGR00502"	"nagB: glucosamine-6-phosphate deaminase"	1	246	"3.6E-75"	"IPR004547"	"Glucosamine-6-phosphate isomerase"	"GO:0004342|GO:0006044"
"PPA0483"	372	"TIGRFAM"	"TIGR01366"	"serC_3: putative phosphoserine aminotransferase"	12	370	"0.0"	"IPR006272"	"Phosphoserine aminotransferase, Mycobacterial-type"	"GO:0004648|GO:0006564|GO:0009058"
"PPA0487"	121	"TIGRFAM"	"TIGR01068"	"thioredoxin: thioredoxin"	7	102	"3.9E-30"	"IPR005746"	"Thioredoxin"	"GO:0015035"
"PPA0491"	122	"TIGRFAM"	"TIGR00220"	"mscL: large conductance mechanosensitive channel protein"	2	117	"6.2E-21"	"IPR001185"	"Large-conductance mechanosensitive channel"	"GO:0008381|GO:0016021|GO:0034220"
"PPA0493"	195	"TIGRFAM"	"TIGR02727"	"MTHFS_bact: 5-formyltetrahydrofolate cyclo-ligase"	7	187	"4.5E-30"	"IPR002698"	"5-formyltetrahydrofolate cyclo-ligase"	"-"
"PPA0498"	161	"TIGRFAM"	"TIGR00581"	"moaC: molybdenum cofactor biosynthesis protein C"	6	152	"3.2E-53"	"IPR023045"	"Molybdenum cofactor biosynthesis C"	"GO:0006777"
"PPA0502"	346	"TIGRFAM"	"TIGR02666"	"moaA: molybdenum cofactor biosynthesis protein A"	14	346	"5.9E-103"	"IPR013483"	"Molybdenum cofactor biosynthesis protein A"	"GO:0006777|GO:0046872"
"PPA0503"	142	"TIGRFAM"	"TIGR01764"	"excise: DNA binding domain, excisionase family"	13	47	"1.4E-7"	"IPR010093"	"SinI-like, DNA-binding domain"	"GO:0003677"
"PPA0504"	256	"TIGRFAM"	"TIGR01256"	"modA: molybdate ABC transporter, periplasmic molybdate-binding protein"	43	249	"1.1E-36"	"IPR005950"	"Molybdate ABC transporter, substrate-binding protein"	"GO:0015689"
"PPA0505"	604	"TIGRFAM"	"TIGR01581"	"Mo_ABC_porter: NifC-like ABC-type porter"	39	253	"5.7E-63"	"IPR006469"	"NifC-like ABC-type porter"	"GO:0016020|GO:0022857|GO:0055085"
"PPA0507"	237	"TIGRFAM"	"TIGR00351"	"narI: respiratory nitrate reductase, gamma subunit"	3	224	"1.9E-62"	"IPR003816"	"Nitrate reductase, gamma subunit"	"GO:0008940|GO:0009325"
"PPA0508"	223	"TIGRFAM"	"TIGR00684"	"narJ: nitrate reductase molybdenum cofactor assembly chaperone"	31	178	"5.7E-29"	"IPR003765"	"Nitrate reductase chaperone, NarJ"	"GO:0051082|GO:0051131"
"PPA0509"	507	"TIGRFAM"	"TIGR01660"	"narH: nitrate reductase, beta subunit"	1	464	"0.0"	"IPR006547"	"Nitrate reductase, beta subunit"	"GO:0008940|GO:0009325|GO:0042126"
"PPA0510"	1245	"TIGRFAM"	"TIGR01580"	"narG: nitrate reductase, alpha subunit"	33	1238	"0.0"	"IPR006468"	"Nitrate reductase, alpha subunit"	"GO:0008940|GO:0009325|GO:0042126"
"PPA0513"	166	"TIGRFAM"	"TIGR00177"	"molyb_syn: molybdenum cofactor synthesis domain"	4	150	"7.1E-26"	"IPR001453"	"MoaB/Mog domain"	"-"
"PPA0516"	213	"TIGRFAM"	"TIGR02951"	"DMSO_dmsB: dimethylsulfoxide reductase, chain B"	12	171	"5.6E-81"	"IPR014297"	"Dimethylsulphoxide reductase, chain B"	"-"
"PPA0517"	853	"TIGRFAM"	"TIGR02166"	"dmsA_ynfE: anaerobic dimethyl sulfoxide reductase, A subunit, DmsA/YnfE family"	16	853	"0.0"	"IPR011888"	"Anaerobic dimethyl sulphoxide reductase, subunit A, DmsA/YnfE"	"GO:0009389|GO:0030151|GO:0051539"
"PPA0520"	415	"TIGRFAM"	"TIGR02352"	"thiamin_ThiO: glycine oxidase ThiO"	44	392	"3.4E-89"	"IPR012727"	"Glycine oxidase ThiO"	"GO:0016491|GO:0050660"
"PPA0524"	286	"TIGRFAM"	"TIGR00096"	"TIGR00096: 16S rRNA (cytidine(1402)-2'-O)-methyltransferase"	13	275	"4.8E-63"	"IPR008189"	"rRNA small subunit methyltransferase I"	"GO:0008168"
"PPA0526"	298	"TIGRFAM"	"TIGR00755"	"ksgA: ribosomal RNA small subunit methyltransferase A"	22	285	"1.7E-68"	"IPR011530"	"Ribosomal RNA adenine dimethylase"	"GO:0000179|GO:0006364"
"PPA0527"	323	"TIGRFAM"	"TIGR00154"	"ispE: 4-(cytidine 5'-diphospho)-2-C-methyl-D-erythritol kinase"	14	291	"4.9E-54"	"IPR004424"	"4-diphosphocytidyl-2C-methyl-D-erythritol kinase"	"GO:0016114|GO:0050515"
"PPA0530"	432	"TIGRFAM"	"TIGR01173"	"glmU: UDP-N-acetylglucosamine diphosphorylase/glucosamine-1-phosphate N-acetyltransferase"	17	404	"2.7E-129"	"IPR005882"	"Bifunctional UDP-N-acetylglucosamine pyrophosphorylase/glucosamine-1-phosphate N-acetyltransferase"	"GO:0000287|GO:0000902|GO:0003977|GO:0005737|GO:0006048|GO:0009252|GO:0019134"
"PPA0531"	322	"TIGRFAM"	"TIGR01251"	"ribP_PPkin: ribose-phosphate diphosphokinase"	13	322	"8.5E-117"	"IPR005946"	"Ribose-phosphate pyrophosphokinase"	"GO:0000287|GO:0004749|GO:0009165"
"PPA0535"	229	"TIGRFAM"	"TIGR00731"	"bL25_bact_ctc: ribosomal protein bL25, Ctc-form"	31	201	"2.5E-43"	"IPR001021"	"Ribosomal protein L25, long-form"	"GO:0003735|GO:0005840|GO:0006412|GO:0008097"
"PPA0536"	200	"TIGRFAM"	"TIGR00447"	"pth: aminoacyl-tRNA hydrolase"	6	200	"1.3E-47"	"IPR001328"	"Peptidyl-tRNA hydrolase"	"GO:0004045"
"PPA0541"	1222	"TIGRFAM"	"TIGR00580"	"mfd: transcription-repair coupling factor"	191	1138	"0.0"	"IPR004576"	"Transcription-repair coupling factor"	"GO:0003684|GO:0005524|GO:0006281"
"PPA0545"	426	"TIGRFAM"	"TIGR01060"	"eno: phosphopyruvate hydratase"	4	423	"0.0"	"IPR000941"	"Enolase"	"GO:0000015|GO:0000287|GO:0004634|GO:0006096"
"PPA0554"	662	"TIGRFAM"	"TIGR00733"	"TIGR00733: oligopeptide transporter, OPT family"	20	614	"0.0"	"IPR004814"	"Oligopeptide transporter OPT"	"GO:0035673"
"PPA0554"	662	"TIGRFAM"	"TIGR00728"	"OPT_sfam: oligopeptide transporter, OPT superfamily"	17	612	"5.2E-104"	"IPR004813"	"Oligopeptide transporter, OPT superfamily"	"GO:0035673"
"PPA0556"	210	"TIGRFAM"	"TIGR00401"	"msrA: peptide-methionine (S)-S-oxide reductase"	42	198	"2.0E-54"	"IPR002569"	"Peptide methionine sulphoxide reductase MsrA domain"	"GO:0008113"
"PPA0561"	168	"TIGRFAM"	"TIGR01462"	"greA: transcription elongation factor GreA"	9	164	"1.3E-45"	"IPR006359"	"Transcription elongation factor GreA"	"GO:0003677|GO:0032784"
"PPA0564"	273	"TIGRFAM"	"TIGR00055"	"uppS: di-trans,poly-cis-decaprenylcistransferase"	41	272	"5.8E-56"	"IPR001441"	"Decaprenyl diphosphate synthase-like"	"GO:0016765"
"PPA0568"	78	"TIGRFAM"	"TIGR01280"	"xseB: exodeoxyribonuclease VII, small subunit"	16	69	"3.0E-20"	"IPR003761"	"Exonuclease VII, small subunit"	"GO:0006308|GO:0008855|GO:0009318"
"PPA0569"	415	"TIGRFAM"	"TIGR00237"	"xseA: exodeoxyribonuclease VII, large subunit"	15	398	"1.8E-110"	"IPR003753"	"Exonuclease VII, large subunit"	"GO:0006308|GO:0008855|GO:0009318"
"PPA0571"	423	"TIGRFAM"	"TIGR02276"	"beta_rpt_yvtn: 40-residue YVTN family beta-propeller repeat"	325	363	"9.1E-14"	"IPR011964"	"YVTN beta-propeller repeat"	"-"
"PPA0571"	423	"TIGRFAM"	"TIGR02276"	"beta_rpt_yvtn: 40-residue YVTN family beta-propeller repeat"	274	306	"3.6E-10"	"IPR011964"	"YVTN beta-propeller repeat"	"-"
"PPA0572"	323	"TIGRFAM"	"TIGR00216"	"ispH_lytB: 4-hydroxy-3-methylbut-2-enyl diphosphate reductase"	12	288	"1.5E-95"	"IPR003451"	"4-hydroxy-3-methylbut-2-enyl diphosphate reductase"	"GO:0019288|GO:0046872|GO:0050992|GO:0051745"
"PPA0575"	357	"TIGRFAM"	"TIGR00092"	"TIGR00092: GTP-binding protein YchF"	1	357	"2.3E-129"	"IPR004396"	"Ribosome-binding ATPase YchF/Obg-like ATPase 1"	"GO:0005524|GO:0005525|GO:0016887"
"PPA0580"	142	"TIGRFAM"	"TIGR03561"	"organ_hyd_perox: peroxiredoxin, Ohr subfamily"	7	139	"5.8E-52"	"IPR019953"	"Organic hydroperoxide resistance protein famiy"	"GO:0006979"
"PPA0582"	493	"TIGRFAM"	"TIGR00905"	"2A0302: transporter, basic amino acid/polyamine antiporter (APA) family"	23	492	"0.0"	"IPR004754"	"Amino acid antiporter"	"GO:0006865|GO:0016021"
"PPA0584"	334	"TIGRFAM"	"TIGR00658"	"orni_carb_tr: ornithine carbamoyltransferase"	8	333	"2.2E-127"	"IPR002292"	"Ornithine/putrescine carbamoyltransferase"	"GO:0016743"
"PPA0585"	301	"TIGRFAM"	"TIGR00746"	"arcC: carbamate kinase"	2	300	"1.3E-119"	"IPR003964"	"Carbamate kinase"	"GO:0006525|GO:0008804"
"PPA0593"	388	"TIGRFAM"	"TIGR03026"	"NDP-sugDHase: nucleotide sugar dehydrogenase"	1	378	"1.3E-97"	"IPR017476"	"UDP-glucose/GDP-mannose dehydrogenase"	"GO:0016616"
"PPA0595"	636	"TIGRFAM"	"TIGR00642"	"mmCoA_mut_beta: methylmalonyl-CoA mutase, small subunit"	20	635	"0.0"	"IPR004608"	"Methylmalonyl-CoA mutase, beta chain"	"GO:0004494|GO:0019652|GO:0031419"
"PPA0596"	729	"TIGRFAM"	"TIGR00641"	"acid_CoA_mut_N: methylmalonyl-CoA mutase N-terminal domain"	38	564	"0.0"	"IPR006098"	"Methylmalonyl-CoA mutase, alpha chain, catalytic"	"GO:0004494|GO:0031419"
"PPA0596"	729	"TIGRFAM"	"TIGR00640"	"acid_CoA_mut_C: methylmalonyl-CoA mutase C-terminal domain"	596	724	"6.8E-62"	"IPR006159"	"Methylmalonyl-CoA mutase, C-terminal"	"GO:0016853"
"PPA0597"	348	"TIGRFAM"	"TIGR00750"	"lao: LAO/AO transport system ATPase"	21	309	"1.7E-100"	"IPR005129"	"SIMIBI class G3E GTPase, ArgK/MeaB"	"GO:0003924|GO:0005525"
"PPA0625"	554	"TIGRFAM"	"TIGR00561"	"pntA: NAD(P)(+) transhydrogenase (AB-specific), alpha subunit"	42	553	"0.0"	"IPR026255"	"NAD(P) transhydrogenase, alpha subunit"	"GO:0008746|GO:1902600"
"PPA0628"	367	"TIGRFAM"	"TIGR03539"	"DapC_actino: succinyldiaminopimelate transaminase"	10	366	"0.0"	"IPR019880"	"4-dedimethylamino-4-oxo-anhydrotetracycline transaminase OxyQ"	"-"
"PPA0630"	320	"TIGRFAM"	"TIGR03535"	"DapD_actino: 2,3,4,5-tetrahydropyridine-2,6-dicarboxylate N-succinyltransferase"	14	320	"0.0"	"IPR019875"	"2,3,4,5-tetrahydropyridine-2,6-dicarboxylate N-succinyltransferase, actinobacteria"	"-"
"PPA0636"	359	"TIGRFAM"	"TIGR01900"	"dapE-gram_pos: succinyl-diaminopimelate desuccinylase"	7	357	"0.0"	"IPR010174"	"Succinyl-diaminopimelate desuccinylase, DapE"	"GO:0009014|GO:0009089"
"PPA0637"	101	"TIGRFAM"	"TIGR03544"	"DivI1A_domain: DivIVA domain"	44	76	"1.6E-10"	"IPR019933"	"DivIVA domain"	"-"
"PPA0639"	394	"TIGRFAM"	"TIGR02149"	"glgA_Coryne: glycogen synthase, Corynebacterium family"	1	388	"0.0"	"IPR011875"	"Alpha-maltose-1-phosphate synthase"	"GO:0009250|GO:0016740"
"PPA0640"	408	"TIGRFAM"	"TIGR02091"	"glgC: glucose-1-phosphate adenylyltransferase"	8	379	"0.0"	"IPR011831"	"Glucose-1-phosphate adenylyltransferase"	"GO:0005978|GO:0008878"
"PPA0642"	293	"TIGRFAM"	"TIGR00674"	"dapA: 4-hydroxy-tetrahydrodipicolinate synthase"	9	287	"9.5E-72"	"IPR005263"	"4-hydroxy-tetrahydrodipicolinate synthase, DapA"	"GO:0008840|GO:0009089"
"PPA0661"	284	"TIGRFAM"	"TIGR00500"	"met_pdase_I: methionine aminopeptidase, type I"	39	282	"7.7E-80"	"IPR002467"	"Peptidase M24A, methionine aminopeptidase, subfamily 1"	"GO:0006508|GO:0070006"
"PPA0664"	468	"TIGRFAM"	"TIGR00653"	"GlnA: glutamine synthetase, type I"	32	465	"0.0"	"IPR004809"	"Glutamine synthetase type I"	"GO:0004356"
"PPA0668"	393	"TIGRFAM"	"TIGR00486"	"YbgI_SA1388: dinuclear metal center protein, YbgI/SA1388 family"	20	373	"3.2E-51"	"IPR002678"	"DUF34/NIF3"	"-"
"PPA0671"	473	"TIGRFAM"	"TIGR00653"	"GlnA: glutamine synthetase, type I"	8	472	"0.0"	"IPR004809"	"Glutamine synthetase type I"	"GO:0004356"
"PPA0677"	82	"TIGRFAM"	"TIGR00826"	"EIIB_glc: PTS system, glucose-like IIB component"	3	62	"4.1E-16"	"IPR001996"	"Phosphotransferase system, IIB component, type 1"	"GO:0008982|GO:0009401"
"PPA0678"	76	"TIGRFAM"	"TIGR00826"	"EIIB_glc: PTS system, glucose-like IIB component"	3	62	"1.3E-16"	"IPR001996"	"Phosphotransferase system, IIB component, type 1"	"GO:0008982|GO:0009401"
"PPA0679"	164	"TIGRFAM"	"TIGR00830"	"PTBA: PTS system, glucose subfamily, IIA component"	4	122	"7.9E-31"	"IPR001127"	"Phosphotransferase system, sugar-specific permease EIIA type 1"	"GO:0009401"
"PPA0689"	330	"TIGRFAM"	"TIGR00510"	"lipA: lipoyl synthase"	18	304	"2.9E-94"	"IPR003698"	"Lipoyl synthase"	"GO:0009107|GO:0016992|GO:0051539"
"PPA0690"	747	"TIGRFAM"	"TIGR01494"	"ATPase_P-type: HAD ATPase, P-type, family IC"	216	721	"6.5E-83"	"IPR001757"	"P-type ATPase"	"GO:0005215|GO:0005524|GO:0016021|GO:0016887"
"PPA0690"	747	"TIGRFAM"	"TIGR01525"	"ATPase-IB_hvy: heavy metal translocating P-type ATPase"	163	740	"0.0"	"IPR027256"	"P-type ATPase, subfamily IB"	"GO:0006812|GO:0016021|GO:0019829"
"PPA0690"	747	"TIGRFAM"	"TIGR01511"	"ATPase-IB1_Cu: copper-translocating P-type ATPase"	206	741	"0.0"	"-"	"-"	""
"PPA0692"	272	"TIGRFAM"	"TIGR00214"	"lipB: lipoyl(octanoyl) transferase"	65	218	"1.0E-38"	"IPR000544"	"Octanoyltransferase"	"GO:0009249|GO:0033819"
"PPA0693"	457	"TIGRFAM"	"TIGR02927"	"SucB_Actino: 2-oxoglutarate dehydrogenase, E2 component, dihydrolipoamide succinyltransferase"	2	456	"0.0"	"IPR014276"	"2-oxoglutarate dehydrogenase, E2 component"	"-"
"PPA0700"	117	"TIGRFAM"	"TIGR00049"	"TIGR00049: iron-sulfur cluster assembly accessory protein"	13	117	"2.5E-36"	"IPR016092"	"FeS cluster insertion protein"	"GO:0016226|GO:0051536"
"PPA0701"	302	"TIGRFAM"	"TIGR02866"	"CoxB: cytochrome c oxidase, subunit II"	68	270	"1.1E-51"	"IPR014222"	"Cytochrome c oxidase, subunit II"	"GO:0016021|GO:0016491"
"PPA0702"	572	"TIGRFAM"	"TIGR02891"	"CtaD_CoxA: cytochrome c oxidase, subunit I"	32	533	"0.0"	"IPR014241"	"Cytochrome c oxidase, subunit I bacterial type"	"GO:0004129|GO:0015990"
"PPA0708"	486	"TIGRFAM"	"TIGR01303"	"IMP_DH_rel_1: IMP dehydrogenase family protein"	2	482	"0.0"	"IPR005991"	"IMP dehydrogenase-related 1"	"-"
"PPA0720"	633	"TIGRFAM"	"TIGR00573"	"dnaq: exonuclease, DNA polymerase III, epsilon subunit family"	62	234	"8.9E-29"	"IPR006054"	"DNA polymerase III epsilon subunit, exonuclease domain"	"GO:0003677|GO:0003887|GO:0006260"
"PPA0722"	356	"TIGRFAM"	"TIGR00744"	"ROK_glcA_fam: ROK family protein (putative glucokinase)"	4	317	"3.9E-92"	"IPR004654"	"Glucokinase ROK"	"GO:0004340|GO:0005737|GO:0006096|GO:0051156"
"PPA0726"	472	"TIGRFAM"	"TIGR01358"	"DAHP_synth_II: 3-deoxy-7-phosphoheptulonate synthase"	16	454	"0.0"	"IPR002480"	"DAHP synthetase, class II"	"GO:0003849|GO:0009073"
"PPA0738"	456	"TIGRFAM"	"TIGR00791"	"gntP: transporter, gluconate:H+ symporter (GntP) family"	16	456	"4.0E-130"	"IPR003474"	"Gluconate transporter"	"GO:0015128|GO:0016020|GO:0035429"
"PPA0739"	159	"TIGRFAM"	"TIGR01313"	"therm_gnt_kin: carbohydrate kinase, thermoresistant glucokinase family"	13	139	"4.6E-52"	"IPR006001"	"Carbohydrate kinase, thermoresistant glucokinase"	"GO:0005975|GO:0016301"
"PPA0742"	994	"TIGRFAM"	"TIGR00461"	"gcvP: glycine dehydrogenase"	20	986	"0.0"	"IPR003437"	"Glycine dehydrogenase (decarboxylating)"	"GO:0004375|GO:0006544"
"PPA0743"	123	"TIGRFAM"	"TIGR00527"	"gcvH: glycine cleavage system H protein"	5	121	"5.1E-44"	"IPR017453"	"Glycine cleavage system H-protein, subgroup"	"GO:0005960|GO:0019464"
"PPA0744"	371	"TIGRFAM"	"TIGR00528"	"gcvT: glycine cleavage system T protein"	4	370	"1.1E-103"	"IPR006223"	"Glycine cleavage system T protein"	"GO:0004047|GO:0006546"
"PPA0749"	160	"TIGRFAM"	"TIGR00242"	"TIGR00242: division/cell wall cluster transcriptional repressor MraZ"	20	155	"2.4E-36"	"IPR003444"	"Transcriptional regulator MraZ"	"GO:0003700|GO:0006355"
"PPA0750"	337	"TIGRFAM"	"TIGR00006"	"TIGR00006: 16S rRNA (cytosine(1402)-N(4))-methyltransferase"	12	321	"3.0E-87"	"IPR002903"	"Ribosomal RNA small subunit methyltransferase H"	"GO:0008168"
"PPA0753"	499	"TIGRFAM"	"TIGR01085"	"murE: UDP-N-acetylmuramyl-tripeptide synthetase"	15	484	"0.0"	"IPR005761"	"UDP-N-acetylmuramoylalanyl-D-glutamate-2,6-diaminopimelate ligase"	"GO:0005524|GO:0005737|GO:0008360|GO:0016881|GO:0051301"
"PPA0754"	485	"TIGRFAM"	"TIGR01143"	"murF: UDP-N-acetylmuramoyl-tripeptide--D-alanyl-D-alanine ligase"	30	473	"8.2E-102"	"IPR005863"	"UDP-N-acetylmuramoyl-tripeptide--D-alanyl-D-alanine ligase"	"GO:0005524|GO:0047480|GO:0071555"
"PPA0755"	356	"TIGRFAM"	"TIGR00445"	"mraY: phospho-N-acetylmuramoyl-pentapeptide-transferase"	21	341	"7.1E-95"	"IPR003524"	"Phospho-N-acetylmuramoyl-pentapeptide transferase"	"GO:0008963|GO:0016020"
"PPA0756"	493	"TIGRFAM"	"TIGR01087"	"murD: UDP-N-acetylmuramoylalanine--D-glutamate ligase"	22	484	"4.4E-109"	"IPR005762"	"UDP-N-acetylmuramoylalanine-D-glutamate ligase MurD"	"GO:0005524|GO:0005737|GO:0008360|GO:0008764|GO:0051301"
"PPA0757"	440	"TIGRFAM"	"TIGR02614"	"ftsW: cell division protein FtsW"	59	411	"2.1E-109"	"IPR013437"	"Probable peptidoglycan glycosyltransferase FtsW"	"GO:0009252|GO:0016021|GO:0051301"
"PPA0758"	372	"TIGRFAM"	"TIGR01133"	"murG: undecaprenyldiphospho-muramoylpentapeptide beta-N-acetylglucosaminyltransferase"	1	356	"3.5E-80"	"IPR006009"	"N-acetylglucosaminyltransferase, MurG"	"GO:0050511"
"PPA0759"	471	"TIGRFAM"	"TIGR01082"	"murC: UDP-N-acetylmuramate--L-alanine ligase"	18	461	"0.0"	"IPR005758"	"UDP-N-acetylmuramate--L-alanine ligase"	"GO:0008763"
"PPA0761"	417	"TIGRFAM"	"TIGR00065"	"ftsZ: cell division protein FtsZ"	7	324	"1.5E-130"	"IPR000158"	"Cell division protein FtsZ"	"GO:0003924|GO:0005525"
"PPA0765"	361	"TIGRFAM"	"TIGR03544"	"DivI1A_domain: DivIVA domain"	3	38	"3.3E-10"	"IPR019933"	"DivIVA domain"	"-"
"PPA0768"	306	"TIGRFAM"	"TIGR00005"	"rluA_subfam: pseudouridine synthase, RluA family"	12	303	"4.9E-85"	"IPR006225"	"Pseudouridine synthase, RluC/RluD"	"GO:0001522|GO:0003723|GO:0009451|GO:0009982"
"PPA0769"	477	"TIGRFAM"	"TIGR01064"	"pyruv_kin: pyruvate kinase"	2	473	"0.0"	"IPR001697"	"Pyruvate kinase"	"GO:0000287|GO:0004743|GO:0006096|GO:0030955"
"PPA0773"	137	"TIGRFAM"	"TIGR00369"	"unchar_dom_1: uncharacterized domain 1"	24	135	"9.3E-25"	"IPR003736"	"Phenylacetic acid degradation-related domain"	"-"
"PPA0774"	931	"TIGRFAM"	"TIGR00593"	"pola: DNA polymerase I"	48	929	"0.0"	"IPR018320"	"DNA polymerase 1"	"GO:0003887|GO:0006260"
"PPA0785"	231	"TIGRFAM"	"TIGR00152"	"TIGR00152: dephospho-CoA kinase"	30	216	"1.3E-44"	"IPR001977"	"Dephospho-CoA kinase"	"GO:0004140|GO:0005524|GO:0015937"
"PPA0802"	93	"TIGRFAM"	"TIGR01653"	"lactococcin_972: bacteriocin, lactococcin 972 family"	15	90	"3.1E-9"	"IPR006540"	"Bacteriocin, lactococcin 972"	"-"
"PPA0803"	701	"TIGRFAM"	"TIGR00631"	"uvrb: excinuclease ABC subunit B"	14	690	"0.0"	"IPR004807"	"UvrABC system, subunit B"	"GO:0003677|GO:0005524|GO:0006289|GO:0009380|GO:0016887"
"PPA0804"	329	"TIGRFAM"	"TIGR03718"	"R_switched_Alx: integral membrane protein, TerC family"	4	322	"1.2E-104"	"IPR022369"	"Integral membrane protein TerC, riboswitch-linked"	"GO:0016021"
"PPA0806"	247	"TIGRFAM"	"TIGR03083"	"TIGR03083: uncharacterized Actinobacterial protein TIGR03083"	24	229	"8.3E-33"	"IPR017517"	"Conserved hypothetical protein CHP03083, actinobacterial-type"	"-"
"PPA0807"	989	"TIGRFAM"	"TIGR00630"	"uvra: excinuclease ABC subunit A"	8	932	"0.0"	"IPR004602"	"UvrABC system subunit A"	"GO:0003677|GO:0006289|GO:0009380|GO:0016887"
"PPA0812"	686	"TIGRFAM"	"TIGR00194"	"uvrC: excinuclease ABC subunit C"	27	490	"1.7E-126"	"IPR004791"	"UvrABC system, subunit C"	"GO:0006289|GO:0009380|GO:0009381"
"PPA0814"	322	"TIGRFAM"	"TIGR01826"	"CofD_related: conserved hypothetical protein"	13	276	"1.2E-79"	"IPR010119"	"Gluconeogenesis factor"	"-"
"PPA0815"	329	"TIGRFAM"	"TIGR00647"	"DNA_bind_WhiA: DNA-binding protein WhiA"	5	305	"2.4E-97"	"IPR003802"	"Sporulation regulator WhiA"	"GO:0043937"
"PPA0816"	335	"TIGRFAM"	"TIGR01534"	"GAPDH-I: glyceraldehyde-3-phosphate dehydrogenase, type I"	4	325	"0.0"	"IPR006424"	"Glyceraldehyde-3-phosphate dehydrogenase, type I"	"GO:0006006|GO:0016620|GO:0050661|GO:0051287"
"PPA0818"	259	"TIGRFAM"	"TIGR00419"	"tim: triose-phosphate isomerase"	7	247	"4.2E-54"	"IPR000652"	"Triosephosphate isomerase"	"GO:0004807"
"PPA0819"	99	"TIGRFAM"	"TIGR00810"	"secG: preprotein translocase, SecG subunit"	26	95	"1.3E-18"	"IPR004692"	"Preprotein translocase SecG subunit"	"GO:0009306|GO:0015450|GO:0016021"
"PPA0821"	481	"TIGRFAM"	"TIGR01499"	"folC: bifunctional protein FolC"	25	433	"7.8E-102"	"IPR001645"	"Folylpolyglutamate synthetase"	"GO:0004326|GO:0005524|GO:0009396"
"PPA0824"	650	"TIGRFAM"	"TIGR03960"	"rSAM_fuse_unch: radical SAM family uncharacterized protein"	13	620	"0.0"	"IPR023862"	"Conserved hypothetical protein CHP03960, radical SAM"	"-"
"PPA0825"	244	"TIGRFAM"	"TIGR03936"	"sam_1_link_chp: radical SAM-linked protein"	18	217	"2.1E-54"	"IPR018768"	"Domain of unknown function DUF2344"	"-"
"PPA0826"	874	"TIGRFAM"	"TIGR00757"	"RNaseEG: ribonuclease, Rne/Rng family"	441	840	"0.0"	"IPR004659"	"Ribonuclease E/G"	"GO:0003723|GO:0004540|GO:0006396"
"PPA0827"	102	"TIGRFAM"	"TIGR00061"	"L21: ribosomal protein bL21"	2	100	"1.2E-25"	"IPR001787"	"Ribosomal protein L21"	"GO:0003723|GO:0003735|GO:0005840|GO:0006412"
"PPA0829"	89	"TIGRFAM"	"TIGR00062"	"L27: ribosomal protein bL27"	1	80	"1.2E-34"	"IPR001684"	"Ribosomal protein L27"	"GO:0003735|GO:0005840|GO:0006412"
"PPA0832"	587	"TIGRFAM"	"TIGR00711"	"efflux_EmrB: drug resistance MFS transporter, drug:H+ antiporter-2 (14 Spanner) (DHA2) family"	21	502	"2.9E-83"	"IPR004638"	"Drug resistance transporter EmrB-like"	"GO:0016021|GO:0022857|GO:0055085"
"PPA0833"	505	"TIGRFAM"	"TIGR03595"	"Obg_CgtA_exten: Obg family GTPase CgtA, C-terminal extension"	360	435	"3.8E-25"	"IPR015349"	"GTP-binding protein OBG, C-terminal"	"GO:0000166"
"PPA0833"	505	"TIGRFAM"	"TIGR02729"	"Obg_CgtA: Obg family GTPase CgtA"	6	332	"1.1E-122"	"IPR014100"	"GTP-binding protein Obg/CgtA"	"GO:0000287|GO:0003924|GO:0005525"
"PPA0834"	411	"TIGRFAM"	"TIGR01027"	"proB: glutamate 5-kinase"	33	388	"2.0E-119"	"IPR005715"	"Glutamate 5-kinase/delta-1-pyrroline-5-carboxylate synthase"	"GO:0005737|GO:0006561"
"PPA0835"	415	"TIGRFAM"	"TIGR00407"	"proA: glutamate-5-semialdehyde dehydrogenase"	14	403	"0.0"	"IPR000965"	"GPR domain"	"GO:0004350|GO:0006561"
"PPA0836"	290	"TIGRFAM"	"TIGR00482"	"TIGR00482: nicotinate (nicotinamide) nucleotide adenylyltransferase"	89	278	"2.2E-53"	"IPR005248"	"Nicotinate/nicotinamide nucleotide adenylyltransferase"	"GO:0009435|GO:0016779"
"PPA0836"	290	"TIGRFAM"	"TIGR00125"	"cyt_tran_rel: cytidyltransferase-like domain"	88	150	"7.5E-11"	"IPR004821"	"Cytidyltransferase-like domain"	"GO:0003824|GO:0009058"
"PPA0837"	134	"TIGRFAM"	"TIGR00090"	"rsfS_iojap_ybeB: ribosome silencing factor"	12	108	"3.3E-30"	"IPR004394"	"Protein Iojap/ribosomal silencing factor RsfS"	"-"
"PPA0860"	317	"TIGRFAM"	"TIGR03891"	"thiopep_ocin: thiopeptide-type bacteriocin biosynthesis domain"	125	302	"1.4E-14"	"IPR023809"	"Thiopeptide-type bacteriocin biosynthesis domain"	"-"
"PPA0862"	439	"TIGRFAM"	"TIGR03604"	"TOMM_cyclo_SagD: thiazole/oxazole-forming peptide maturase, SagD family component"	66	439	"7.9E-113"	"IPR027624"	"Thiazole/oxazole-forming peptide maturase, SagD family component"	"-"
"PPA0863"	196	"TIGRFAM"	"TIGR03882"	"cyclo_dehyd_2: bacteriocin biosynthesis cyclodehydratase domain"	67	179	"2.7E-10"	"IPR022291"	"Bacteriocin biosynthesis, cyclodehydratase domain"	"-"
"PPA0886"	270	"TIGRFAM"	"TIGR00693"	"thiE: thiamine-phosphate diphosphorylase"	63	261	"4.3E-55"	"IPR034291"	"Thiamine phosphate synthase"	"GO:0004789|GO:0009228"
"PPA0887"	322	"TIGRFAM"	"TIGR01771"	"L-LDH-NAD: L-lactate dehydrogenase"	18	315	"4.9E-96"	"IPR011304"	"L-lactate dehydrogenase"	"GO:0004459|GO:0005737"
"PPA0893"	826	"TIGRFAM"	"TIGR00396"	"leuS_bact: leucine--tRNA ligase"	14	587	"0.0"	"IPR002302"	"Leucine-tRNA ligase"	"GO:0000166|GO:0004823|GO:0005524|GO:0006429"
"PPA0894"	283	"TIGRFAM"	"TIGR00426"	"TIGR00426: competence protein ComEA helix-hairpin-helix repeat region"	221	283	"1.5E-16"	"IPR004509"	"Competence protein ComEA, helix-hairpin-helix domain"	"-"
"PPA0895"	784	"TIGRFAM"	"TIGR00360"	"ComEC_N-term: ComEC/Rec2-related protein"	254	421	"5.6E-15"	"IPR004477"	"ComEC/Rec2-related protein"	"-"
"PPA0897"	321	"TIGRFAM"	"TIGR01128"	"holA: DNA polymerase III, delta subunit"	8	315	"1.4E-39"	"IPR005790"	"DNA polymerase III, delta subunit"	"GO:0003677|GO:0006260"
"PPA0898"	88	"TIGRFAM"	"TIGR00029"	"S20: ribosomal protein bS20"	1	86	"1.2E-23"	"IPR002583"	"Ribosomal protein S20"	"GO:0003723|GO:0003735|GO:0005840|GO:0006412"
"PPA0901"	611	"TIGRFAM"	"TIGR01393"	"lepA: elongation factor 4"	14	604	"0.0"	"IPR006297"	"Elongation factor 4"	"GO:0005525"
"PPA0901"	611	"TIGRFAM"	"TIGR00231"	"small_GTP: small GTP-binding protein domain"	16	185	"9.2E-19"	"IPR005225"	"Small GTP-binding protein domain"	"GO:0005525"
"PPA0903"	538	"TIGRFAM"	"TIGR00173"	"menD: 2-succinyl-5-enolpyruvyl-6-hydroxy-3-cyclohexene-1-carboxylic-acid synthase"	37	429	"5.6E-101"	"IPR004433"	"2-succinyl-5-enolpyruvyl-6-hydroxy-3-cyclohexene-1-carboxylic-acid synthase"	"GO:0009234|GO:0030976|GO:0070204"
"PPA0907"	329	"TIGRFAM"	"TIGR01929"	"menB: naphthoate synthase"	51	324	"7.9E-105"	"IPR010198"	"1,4-Dihydroxy-2-naphthoyl-CoA synthase, MenB"	"GO:0008935|GO:0009234"
"PPA0911"	393	"TIGRFAM"	"TIGR00539"	"hemN_rel: putative oxygen-independent coproporphyrinogen III oxidase"	19	377	"1.5E-79"	"IPR004559"	"Heme chaperone HemW-like"	"GO:0004109|GO:0005737|GO:0006779|GO:0051539"
"PPA0915"	339	"TIGRFAM"	"TIGR00331"	"hrcA: heat-inducible transcription repressor HrcA"	3	334	"2.9E-88"	"IPR002571"	"Heat-inducible transcription repressor HrcA"	"GO:0003677|GO:0006355"
"PPA0917"	246	"TIGRFAM"	"TIGR00046"	"TIGR00046: RNA methyltransferase, RsmE family"	19	239	"9.8E-35"	"IPR006700"	"Ribosomal RNA small subunit methyltransferase E"	"GO:0006364|GO:0008168"
"PPA0919"	635	"TIGRFAM"	"TIGR00851"	"mtlA: PTS system, mannitol-specific IIC component"	21	355	"0.0"	"IPR004718"	"Phosphotransferase system, mannitol-specific enzyme IIC"	"GO:0008982|GO:0009401|GO:0016021"
"PPA0921"	716	"TIGRFAM"	"TIGR00614"	"recQ_fam: ATP-dependent DNA helicase, RecQ family"	31	364	"1.5E-73"	"IPR004589"	"DNA helicase, ATP-dependent, RecQ type"	"GO:0004386|GO:0006310"
"PPA0924"	413	"TIGRFAM"	"TIGR00449"	"tgt_general: tRNA-guanine family transglycosylase"	5	403	"3.5E-119"	"IPR002616"	"tRNA-guanine(15) transglycosylase-like"	"GO:0006400|GO:0016763"
"PPA0924"	413	"TIGRFAM"	"TIGR00430"	"Q_tRNA_tgt: tRNA-guanine transglycosylase"	5	404	"3.7E-124"	"IPR004803"	"tRNA-guanine transglycosylase"	"GO:0008479|GO:0101030"
"PPA0931"	272	"TIGRFAM"	"TIGR00697"	"TIGR00697: conserved hypothetical integral membrane protein"	62	251	"3.0E-19"	"IPR003744"	"Queuosine precursor transporter"	"GO:1990397"
"PPA0932"	307	"TIGRFAM"	"TIGR01249"	"pro_imino_pep_1: prolyl aminopeptidase"	21	307	"2.4E-107"	"IPR005944"	"Proline iminopeptidase"	"GO:0004177|GO:0005737|GO:0006508"
"PPA0937"	155	"TIGRFAM"	"TIGR00043"	"TIGR00043: rRNA maturation RNase YbeY"	35	145	"1.1E-28"	"IPR002036"	"Endoribonuclease YbeY"	"GO:0004222|GO:0006364"
"PPA0939"	340	"TIGRFAM"	"TIGR00436"	"era: GTP-binding protein Era"	41	323	"3.4E-65"	"IPR005662"	"GTP-binding protein Era"	"GO:0003723|GO:0005525"
"PPA0939"	340	"TIGRFAM"	"TIGR00231"	"small_GTP: small GTP-binding protein domain"	42	103	"7.7E-15"	"IPR005225"	"Small GTP-binding protein domain"	"GO:0005525"
"PPA0941"	581	"TIGRFAM"	"TIGR00970"	"leuA_yeast: 2-isopropylmalate synthase"	16	573	"0.0"	"IPR005668"	"2-isopropylmalate synthase"	"GO:0003852|GO:0009098"
"PPA0942"	268	"TIGRFAM"	"TIGR00055"	"uppS: di-trans,poly-cis-decaprenylcistransferase"	30	257	"4.4E-74"	"IPR001441"	"Decaprenyl diphosphate synthase-like"	"GO:0016765"
"PPA0944"	246	"TIGRFAM"	"TIGR00613"	"reco: DNA repair protein RecO"	5	208	"3.8E-33"	"IPR003717"	"Recombination protein O, RecO"	"GO:0006281|GO:0006310"
"PPA0949"	506	"TIGRFAM"	"TIGR00389"	"glyS_dimeric: glycine--tRNA ligase"	51	273	"2.7E-82"	"IPR002315"	"Glycyl-tRNA synthetase"	"GO:0000166|GO:0004820|GO:0005524|GO:0005737|GO:0006426"
"PPA0950"	256	"TIGRFAM"	"TIGR02046"	"sdhC_b558_fam: succinate dehydrogenase (or fumarate reductase) cytochrome b subunit, b558 family"	30	254	"3.5E-39"	"IPR011138"	"Succinate dehydrogenase cytochrome b558 subunit"	"-"
"PPA0951"	710	"TIGRFAM"	"TIGR01811"	"sdhA_Bsu: succinate dehydrogenase or fumarate reductase, flavoprotein subunit"	109	709	"0.0"	"IPR011280"	"Succinate dehydrogenase/fumarate reductase flavoprotein subunit, low-GC Gram-positive bacteria"	"-"
"PPA0953"	588	"TIGRFAM"	"TIGR02476"	"BluB: 5,6-dimethylbenzimidazole synthase"	42	241	"3.0E-65"	"IPR012825"	"5,6-dimethylbenzimidazole synthase BluB"	"-"
"PPA0954"	411	"TIGRFAM"	"TIGR00737"	"nifR3_yhdG: putative TIM-barrel protein, nifR3 family"	45	360	"1.1E-103"	"IPR004652"	"tRNA-dihydrouridine synthase, TIM-barrel, NifR3"	"GO:0008033|GO:0016491|GO:0050660"
"PPA0957"	623	"TIGRFAM"	"TIGR01391"	"dnaG: DNA primase"	11	426	"9.0E-108"	"IPR006295"	"DNA primase, DnaG"	"GO:0003896|GO:0006269"
"PPA0958"	270	"TIGRFAM"	"TIGR02937"	"sigma70-ECF: RNA polymerase sigma factor, sigma-70 family"	60	264	"1.8E-18"	"IPR014284"	"RNA polymerase sigma-70 like domain"	"GO:0003700|GO:0006352|GO:0006355"
"PPA0960"	326	"TIGRFAM"	"TIGR03558"	"oxido_grp_1: luciferase family oxidoreductase, group 1"	3	323	"8.7E-87"	"IPR019949"	"Luciferase family oxidoreductase, group 1"	"-"
"PPA0962"	352	"TIGRFAM"	"TIGR00685"	"T6PP: trehalose-phosphatase"	96	320	"2.7E-27"	"IPR003337"	"Trehalose-phosphatase"	"GO:0003824|GO:0005992"
"PPA0962"	352	"TIGRFAM"	"TIGR01484"	"HAD-SF-IIB: HAD hydrolase, family IIB"	96	300	"1.5E-13"	"IPR006379"	"HAD-superfamily hydrolase, subfamily IIB"	"-"
"PPA0963"	311	"TIGRFAM"	"TIGR01139"	"cysK: cysteine synthase A"	9	306	"1.1E-126"	"IPR005859"	"Cysteine synthase CysK"	"GO:0004124|GO:0006535"
"PPA0963"	311	"TIGRFAM"	"TIGR01136"	"cysKM: cysteine synthase"	9	306	"1.5E-123"	"IPR005856"	"Cysteine synthase"	"GO:0004124|GO:0006535"
"PPA0965"	304	"TIGRFAM"	"TIGR00343"	"TIGR00343: pyridoxal 5'-phosphate synthase, synthase subunit Pdx1"	19	304	"0.0"	"IPR001852"	"Pyridoxal 5'-phosphate synthase subunit PdxS/SNZ"	"GO:0042819|GO:0042823"
"PPA0966"	201	"TIGRFAM"	"TIGR03800"	"PLP_synth_Pdx2: pyridoxal 5'-phosphate synthase, glutaminase subunit Pdx2"	5	194	"9.0E-62"	"IPR002161"	"Pyridoxal 5'-phosphate synthase subunit PdxT/SNO"	"GO:0004359|GO:0042819|GO:0042823"
"PPA0967"	423	"TIGRFAM"	"TIGR00508"	"bioA: adenosylmethionine-8-amino-7-oxononanoate transaminase"	2	406	"0.0"	"IPR005815"	"Adenosylmethionine--8-amino-7-oxononanoate aminotransferase BioA"	"GO:0004015|GO:0009102"
"PPA0968"	234	"TIGRFAM"	"TIGR00347"	"bioD: dethiobiotin synthase"	11	182	"8.7E-30"	"IPR004472"	"Dethiobiotin synthase BioD"	"GO:0000287|GO:0004141|GO:0005524|GO:0009102"
"PPA0978"	238	"TIGRFAM"	"TIGR00044"	"TIGR00044: pyridoxal phosphate enzyme, YggS family"	2	230	"1.4E-63"	"IPR011078"	"Pyridoxal phosphate homeostasis protein"	"GO:0030170"
"PPA0982"	81	"TIGRFAM"	"TIGR00517"	"acyl_carrier: acyl carrier protein"	5	80	"3.9E-22"	"IPR003231"	"Acyl carrier protein (ACP)"	"GO:0006633"
"PPA0983"	332	"TIGRFAM"	"TIGR00747"	"fabH: 3-oxoacyl-[acyl-carrier-protein] synthase III"	13	330	"6.2E-103"	"IPR004655"	"3-oxoacyl-[acyl-carrier-protein] synthase 3"	"GO:0004315|GO:0006633"
"PPA0985"	304	"TIGRFAM"	"TIGR00745"	"apbA_panE: 2-dehydropantoate 2-reductase"	3	301	"2.7E-61"	"IPR003710"	"Ketopantoate reductase ApbA/PanE"	"GO:0008677|GO:0015940"
"PPA0987"	481	"TIGRFAM"	"TIGR00879"	"SP: MFS transporter, sugar porter (SP) family"	19	462	"8.4E-83"	"IPR003663"	"Sugar/inositol transporter"	"GO:0016020|GO:0022857|GO:0055085"
"PPA0989"	917	"TIGRFAM"	"TIGR00759"	"aceE: pyruvate dehydrogenase (acetyl-transferring), homodimeric type"	18	904	"0.0"	"IPR004660"	"Pyruvate dehydrogenase E1 component"	"GO:0016491"
"PPA0997"	314	"TIGRFAM"	"TIGR00670"	"asp_carb_tr: aspartate carbamoyltransferase"	16	308	"3.1E-86"	"IPR002082"	"Aspartate carbamoyltransferase"	"GO:0004070|GO:0006207"
"PPA0998"	445	"TIGRFAM"	"TIGR00857"	"pyrC_multi: dihydroorotase, multifunctional complex type"	21	429	"1.3E-108"	"-"	"-"	""
"PPA0999"	362	"TIGRFAM"	"TIGR01368"	"CPSaseIIsmall: carbamoyl-phosphate synthase, small subunit"	5	354	"0.0"	"IPR006274"	"Carbamoyl-phosphate synthase, small subunit"	"GO:0004088|GO:0006207|GO:0006541"
"PPA1000"	1068	"TIGRFAM"	"TIGR01369"	"CPSaseII_lrg: carbamoyl-phosphate synthase, large subunit"	2	1057	"0.0"	"IPR006275"	"Carbamoyl-phosphate synthase, large subunit"	"GO:0006807"
"PPA1002"	307	"TIGRFAM"	"TIGR01037"	"pyrD_sub1_fam: dihydroorotate dehydrogenase family protein"	4	299	"6.2E-108"	"IPR005720"	"Dihydroorotate dehydrogenase domain"	"GO:0005737|GO:0016627"
"PPA1003"	236	"TIGRFAM"	"TIGR01740"	"pyrF: orotidine 5'-phosphate decarboxylase"	6	227	"7.1E-60"	"IPR014732"	"Orotidine 5'-phosphate decarboxylase"	"GO:0004590|GO:0044205"
"PPA1004"	216	"TIGRFAM"	"TIGR00336"	"pyrE: orotate phosphoribosyltransferase"	16	180	"2.8E-40"	"IPR004467"	"Orotate phosphoribosyl transferase domain"	"GO:0004588"
"PPA1006"	481	"TIGRFAM"	"TIGR00089"	"TIGR00089: radical SAM methylthiotransferase, MiaB/RimO family"	184	470	"1.7E-75"	"IPR005839"	"Methylthiotransferase"	"GO:0006400|GO:0016740|GO:0051539"
"PPA1006"	481	"TIGRFAM"	"TIGR01125"	"TIGR01125: ribosomal protein S12 methylthiotransferase RimO"	10	475	"2.1E-120"	"IPR005840"	"Ribosomal protein S12 methylthiotransferase RimO"	"GO:0005737|GO:0016740|GO:0018339|GO:0051539"
"PPA1007"	204	"TIGRFAM"	"TIGR00560"	"pgsA: CDP-diacylglycerol--glycerol-3-phosphate 3-phosphatidyltransferase"	12	182	"7.9E-38"	"IPR004570"	"CDP-diacylglycerol--glycerol-3-phosphate 3-phosphatidyltransferase"	"GO:0008444|GO:0008654|GO:0016021"
"PPA1008"	161	"TIGRFAM"	"TIGR00199"	"PncC_domain: amidohydrolase, PncC family"	11	147	"5.1E-33"	"IPR008136"	"CinA, C-terminal"	"-"
"PPA1012"	348	"TIGRFAM"	"TIGR02012"	"tigrfam_recA: protein RecA"	6	324	"0.0"	"IPR013765"	"DNA recombination and repair protein RecA"	"GO:0003697|GO:0005524|GO:0006281"
"PPA1014"	542	"TIGRFAM"	"TIGR03319"	"RNase_Y: ribonuclease Y"	54	538	"0.0"	"IPR017705"	"Ribonuclease Y"	"GO:0003723|GO:0006402|GO:0016020"
"PPA1014"	542	"TIGRFAM"	"TIGR00277"	"HDIG: HDIG domain"	351	428	"1.6E-22"	"IPR006675"	"HDIG domain"	"-"
"PPA1017"	494	"TIGRFAM"	"TIGR01574"	"miaB-methiolase: tRNA-i(6)A37 thiotransferase enzyme MiaB"	14	425	"0.0"	"-"	"-"	""
"PPA1017"	494	"TIGRFAM"	"TIGR00089"	"TIGR00089: radical SAM methylthiotransferase, MiaB/RimO family"	13	452	"0.0"	"IPR005839"	"Methylthiotransferase"	"GO:0006400|GO:0016740|GO:0051539"
"PPA1019"	319	"TIGRFAM"	"TIGR00174"	"miaA: tRNA dimethylallyltransferase"	11	297	"2.9E-67"	"IPR018022"	"IPP transferase"	"GO:0008033"
"PPA1020"	273	"TIGRFAM"	"TIGR00652"	"DapF: diaminopimelate epimerase"	3	268	"4.7E-65"	"IPR001653"	"Diaminopimelate epimerase, DapF"	"GO:0008837|GO:0009089"
"PPA1021"	483	"TIGRFAM"	"TIGR03156"	"GTP_HflX: GTP-binding protein HflX"	67	422	"0.0"	"IPR016496"	"GTPase HflX"	"GO:0005525"
"PPA1025"	169	"TIGRFAM"	"TIGR00244"	"TIGR00244: transcriptional regulator NrdR"	2	145	"8.8E-47"	"IPR003796"	"Ribonucleotide reductase regulator NrdR-like"	"GO:0008270|GO:0045892"
"PPA1026"	950	"TIGRFAM"	"TIGR02504"	"NrdJ_Z: ribonucleoside-diphosphate reductase, adenosylcobalamin-dependent"	116	698	"0.0"	"IPR013344"	"Ribonucleotide reductase, adenosylcobalamin-dependent"	"GO:0000166|GO:0004748|GO:0031419"
"PPA1029"	1361	"TIGRFAM"	"TIGR01967"	"DEAH_box_HrpA: RNA helicase HrpA"	16	520	"0.0"	"IPR010222"	"RNA helicase HrpA"	"GO:0003724"
"PPA1031"	312	"TIGRFAM"	"TIGR02937"	"sigma70-ECF: RNA polymerase sigma factor, sigma-70 family"	78	304	"1.8E-31"	"IPR014284"	"RNA polymerase sigma-70 like domain"	"GO:0003700|GO:0006352|GO:0006355"
"PPA1032"	506	"TIGRFAM"	"TIGR02937"	"sigma70-ECF: RNA polymerase sigma factor, sigma-70 family"	270	494	"5.2E-36"	"IPR014284"	"RNA polymerase sigma-70 like domain"	"GO:0003700|GO:0006352|GO:0006355"
"PPA1032"	506	"TIGRFAM"	"TIGR02393"	"RpoD_Cterm: RNA polymerase sigma factor RpoD"	269	505	"1.0E-112"	"IPR012760"	"RNA polymerase sigma factor RpoD, C-terminal"	"GO:0003677|GO:0006352|GO:0006355|GO:0016987"
"PPA1043"	439	"TIGRFAM"	"TIGR00770"	"Dcu: transporter, anaerobic C4-dicarboxylate uptake (Dcu) family"	6	438	"0.0"	"IPR004668"	"Anaerobic c4-dicarboxylate membrane transporter"	"GO:0015556|GO:0015740|GO:0016021"
"PPA1054"	152	"TIGRFAM"	"TIGR00576"	"dut: dUTP diphosphatase"	12	143	"1.4E-47"	"IPR008181"	"Deoxyuridine triphosphate nucleotidohydrolase"	"GO:0000287|GO:0004170|GO:0006226|GO:0046081"
"PPA1061"	888	"TIGRFAM"	"TIGR01341"	"aconitase_1: aconitate hydratase 1"	27	885	"0.0"	"IPR006249"	"Aconitase/Iron-responsive element-binding protein 2"	"-"
"PPA1062"	634	"TIGRFAM"	"TIGR00204"	"dxs: 1-deoxy-D-xylulose-5-phosphate synthase"	19	625	"0.0"	"IPR005477"	"Deoxyxylulose-5-phosphate synthase"	"GO:0008661|GO:0016114"
"PPA1065"	148	"TIGRFAM"	"TIGR00357"	"TIGR00357: methionine-R-sulfoxide reductase"	20	146	"2.1E-45"	"IPR002579"	"Peptide methionine sulphoxide reductase MrsB domain"	"GO:0033743"
"PPA1076"	684	"TIGRFAM"	"TIGR00418"	"thrS: threonine--tRNA ligase"	71	661	"0.0"	"IPR002320"	"Threonine-tRNA ligase, class IIa"	"GO:0004829|GO:0005524|GO:0005737|GO:0006435"
"PPA1092"	222	"TIGRFAM"	"TIGR00057"	"TIGR00057: tRNA threonylcarbamoyl adenosine modification protein, Sua5/YciO/YrdC/YwlC family"	23	216	"2.6E-53"	"IPR006070"	"Threonylcarbamoyl-AMP synthase-like domain"	"GO:0003725"
"PPA1093"	233	"TIGRFAM"	"TIGR01704"	"MTA/SAH-Nsdase: MTA/SAH nucleosidase"	2	225	"7.9E-49"	"IPR010049"	"MTA/SAH nucleosidase"	"GO:0008782|GO:0008930|GO:0009164|GO:0019509"
"PPA1105"	543	"TIGRFAM"	"TIGR01132"	"pgm: phosphoglucomutase, alpha-D-glucose phosphate-specific"	2	542	"0.0"	"IPR005852"	"Phosphoglucomutase, alpha-D-glucose specific"	"GO:0004614|GO:0005975"
"PPA1107"	247	"TIGRFAM"	"TIGR01509"	"HAD-SF-IA-v3: HAD hydrolase, family IA, variant 3"	111	216	"2.3E-12"	"IPR006439"	"HAD hydrolase, subfamily IA"	"-"
"PPA1107"	247	"TIGRFAM"	"TIGR02009"	"PGMB-YQAB-SF: beta-phosphoglucomutase family hydrolase"	14	213	"9.8E-49"	"IPR010976"	"Beta-phosphoglucomutase hydrolase"	"-"
"PPA1109"	681	"TIGRFAM"	"TIGR00830"	"PTBA: PTS system, glucose subfamily, IIA component"	535	655	"6.1E-40"	"IPR001127"	"Phosphotransferase system, sugar-specific permease EIIA type 1"	"GO:0009401"
"PPA1111"	644	"TIGRFAM"	"TIGR01515"	"branching_enzym: 1,4-alpha-glucan branching enzyme"	16	628	"0.0"	"IPR006407"	"1,4-alpha-glucan-branching enzyme, GlgB"	"GO:0003844|GO:0005978"
"PPA1113"	615	"TIGRFAM"	"TIGR02456"	"treS_nterm: trehalose synthase"	73	609	"0.0"	"IPR012810"	"Trehalose synthase/alpha-amylase, N-terminal"	"GO:0003824|GO:0005975"
"PPA1115"	706	"TIGRFAM"	"TIGR02100"	"glgX_debranch: glycogen debranching enzyme GlgX"	11	688	"0.0"	"IPR011837"	"Glycogen debranching enzyme, GlgX type"	"GO:0004133|GO:0004553|GO:0005980"
"PPA1117"	366	"TIGRFAM"	"TIGR00420"	"trmU: tRNA (5-methylaminomethyl-2-thiouridylate)-methyltransferase"	1	352	"1.6E-90"	"IPR004506"	"tRNA-specific 2-thiouridylase"	"GO:0008033|GO:0016740"
"PPA1122"	107	"TIGRFAM"	"TIGR00135"	"gatC: aspartyl/glutamyl-tRNA(Asn/Gln) amidotransferase, C subunit"	13	103	"1.7E-21"	"IPR003837"	"Glu-tRNAGln amidotransferase C subunit"	"GO:0006450"
"PPA1123"	501	"TIGRFAM"	"TIGR00132"	"gatA: aspartyl/glutamyl-tRNA(Asn/Gln) amidotransferase, A subunit"	15	482	"0.0"	"IPR004412"	"Glutamyl-tRNA(Gln) amidotransferase A subunit"	"GO:0006412|GO:0030956|GO:0050567"
"PPA1124"	497	"TIGRFAM"	"TIGR00133"	"gatB: aspartyl/glutamyl-tRNA(Asn/Gln) amidotransferase, B subunit"	12	496	"0.0"	"IPR004413"	"Aspartyl/glutamyl-tRNA(Asn/Gln) amidotransferase, B subunit"	"GO:0016884"
"PPA1125"	211	"TIGRFAM"	"TIGR03085"	"TIGR03085: TIGR03085 family protein"	4	204	"2.9E-75"	"IPR017519"	"Conserved hypothetical protein CHP03085"	"-"
"PPA1125"	211	"TIGRFAM"	"TIGR03083"	"TIGR03083: uncharacterized Actinobacterial protein TIGR03083"	4	186	"4.6E-32"	"IPR017517"	"Conserved hypothetical protein CHP03083, actinobacterial-type"	"-"
"PPA1131"	418	"TIGRFAM"	"TIGR00263"	"trpB: tryptophan synthase, beta subunit"	11	400	"0.0"	"IPR006654"	"Tryptophan synthase, beta chain"	"GO:0004834|GO:0006568"
"PPA1133"	296	"TIGRFAM"	"TIGR00544"	"lgt: prolipoprotein diacylglyceryl transferase"	24	277	"3.3E-49"	"IPR001640"	"Phosphatidylglycerol--prolipoprotein diacylglyceryl transferase Lgt"	"GO:0005887|GO:0008961|GO:0042158"
"PPA1135"	490	"TIGRFAM"	"TIGR01317"	"GOGAT_sm_gam: glutamate synthase, NADH/NADPH, small subunit"	5	478	"0.0"	"IPR006005"	"Glutamate synthase, NADH/NADPH, small subunit 1"	"GO:0006537|GO:0016639"
"PPA1141"	304	"TIGRFAM"	"TIGR00274"	"TIGR00274: N-acetylmuramic acid 6-phosphate etherase"	9	298	"5.1E-112"	"IPR005488"	"N-acetylmuramic acid 6-phosphate etherase MurQ"	"GO:0016835|GO:0046348"
"PPA1148"	422	"TIGRFAM"	"TIGR00410"	"lacE: PTS system, lactose/cellobiose family IIC component"	17	416	"1.5E-111"	"IPR004501"	"Phosphotransferase system, EIIC component, type 3"	"GO:0008982|GO:0009401|GO:0016021"
"PPA1150"	1220	"TIGRFAM"	"TIGR00594"	"polc: DNA polymerase III, alpha subunit"	36	1095	"0.0"	"IPR004805"	"DNA polymerase III, alpha subunit"	"GO:0006260|GO:0008408"
"PPA1152"	439	"TIGRFAM"	"TIGR00069"	"hisD: histidinol dehydrogenase"	34	436	"0.0"	"IPR012131"	"Histidinol dehydrogenase"	"GO:0016616|GO:0046872|GO:0051287"
"PPA1153"	388	"TIGRFAM"	"TIGR01141"	"hisC: histidinol-phosphate transaminase"	36	372	"1.1E-91"	"IPR005861"	"Histidinol-phosphate aminotransferase family"	"GO:0000105|GO:0004400"
"PPA1155"	217	"TIGRFAM"	"TIGR01855"	"IMP_synth_hisH: imidazole glycerol phosphate synthase, glutamine amidotransferase subunit"	19	213	"4.4E-58"	"IPR010139"	"Imidazole glycerol phosphate synthase, subunit H"	"GO:0000105|GO:0016763"
"PPA1156"	255	"TIGRFAM"	"TIGR01919"	"hisA-trpF: bifunctional HisA/TrpF protein"	5	240	"6.5E-98"	"IPR010188"	"HisA/PriA, Actinobacteria"	"GO:0000105|GO:0000162|GO:0003949|GO:0004640|GO:0005737"
"PPA1157"	264	"TIGRFAM"	"TIGR01033"	"TIGR01033: DNA-binding regulatory protein, YebC/PmpR family"	1	250	"1.5E-88"	"IPR002876"	"Transcriptional regulator TACO1-like"	"-"
"PPA1158"	196	"TIGRFAM"	"TIGR00228"	"ruvC: crossover junction endodeoxyribonuclease RuvC"	15	165	"1.4E-33"	"IPR002176"	"Crossover junction endodeoxyribonuclease RuvC"	"GO:0004520|GO:0006281|GO:0006310"
"PPA1159"	201	"TIGRFAM"	"TIGR00084"	"ruvA: Holliday junction DNA helicase RuvA"	1	195	"1.1E-35"	"IPR000085"	"Bacterial DNA recombination protein RuvA"	"GO:0003678|GO:0006281|GO:0006310"
"PPA1160"	342	"TIGRFAM"	"TIGR00635"	"ruvB: Holliday junction DNA helicase RuvB"	28	329	"9.3E-127"	"IPR004605"	"DNA helicase, Holliday junction RuvB-type"	"GO:0003677|GO:0005524|GO:0006281|GO:0006310|GO:0009378"
"PPA1161"	155	"TIGRFAM"	"TIGR00739"	"yajC: preprotein translocase, YajC subunit"	24	101	"4.4E-14"	"IPR003849"	"Preprotein translocase YajC"	"-"
"PPA1162"	566	"TIGRFAM"	"TIGR00916"	"2A0604s01: protein-export membrane protein, SecD/SecF family"	269	505	"6.4E-58"	"IPR022645"	"Protein-export membrane protein SecD/SecF, bacterial"	"-"
"PPA1162"	566	"TIGRFAM"	"TIGR01129"	"secD: protein-export membrane protein SecD"	38	515	"1.5E-101"	"IPR005791"	"Protein translocase subunit SecD"	"GO:0006886|GO:0015450"
"PPA1163"	391	"TIGRFAM"	"TIGR00966"	"3a0501s07: protein-export membrane protein SecF"	69	322	"8.6E-64"	"IPR005665"	"Protein-export membrane protein SecF, bacterial"	"GO:0006886|GO:0015450"
"PPA1163"	391	"TIGRFAM"	"TIGR00916"	"2A0604s01: protein-export membrane protein, SecD/SecF family"	109	319	"1.8E-45"	"IPR022645"	"Protein-export membrane protein SecD/SecF, bacterial"	"-"
"PPA1164"	177	"TIGRFAM"	"TIGR01090"	"apt: adenine phosphoribosyltransferase"	9	165	"7.4E-60"	"IPR005764"	"Adenine phosphoribosyl transferase"	"GO:0003999|GO:0005737|GO:0006168"
"PPA1166"	774	"TIGRFAM"	"TIGR00691"	"spoT_relA: RelA/SpoT family protein"	75	770	"0.0"	"IPR004811"	"RelA/SpoT family"	"GO:0015969"
"PPA1169"	454	"TIGRFAM"	"TIGR00442"	"hisS: histidine--tRNA ligase"	6	434	"5.9E-106"	"IPR015807"	"Histidine-tRNA ligase"	"GO:0004821|GO:0005524|GO:0006427"
"PPA1175"	606	"TIGRFAM"	"TIGR00459"	"aspS_bact: aspartate--tRNA ligase"	3	584	"0.0"	"IPR004524"	"Aspartate-tRNA ligase, type 1"	"GO:0005524|GO:0016874"
"PPA1178"	892	"TIGRFAM"	"TIGR00344"	"alaS: alanine--tRNA ligase"	5	872	"0.0"	"IPR002318"	"Alanine-tRNA ligase, class IIc"	"GO:0000166|GO:0005737"
"PPA1179"	160	"TIGRFAM"	"TIGR00250"	"RNAse_H_YqgF: putative transcription antitermination factor YqgF"	16	144	"6.9E-25"	"IPR005227"	"Putative pre-16S rRNA nuclease"	"GO:0006364"
"PPA1180"	369	"TIGRFAM"	"TIGR00247"	"TIGR00247: conserved hypothetical protein, YceG family"	59	363	"1.2E-56"	"IPR003770"	"Endolytic murein transglycosylase"	"-"
"PPA1182"	398	"TIGRFAM"	"TIGR00033"	"aroC: chorismate synthase"	2	372	"3.8E-122"	"IPR000453"	"Chorismate synthase"	"GO:0004107|GO:0009073"
"PPA1186"	316	"TIGRFAM"	"TIGR03707"	"PPK2_P_aer: polyphosphate kinase 2"	70	296	"1.4E-111"	"IPR022486"	"Polyphosphate kinase 2, PA0141"	"GO:0006793|GO:0008976"
"PPA1187"	244	"TIGRFAM"	"TIGR00038"	"efp: translation elongation factor P"	58	241	"9.8E-76"	"IPR011768"	"Translation elongation factor P"	"GO:0003746|GO:0005737|GO:0006414"
"PPA1188"	261	"TIGRFAM"	"TIGR01951"	"nusB: transcription antitermination factor NusB"	39	164	"5.7E-29"	"IPR011605"	"NusB antitermination factor"	"GO:0006353"
"PPA1190"	199	"TIGRFAM"	"TIGR03263"	"guanyl_kin: guanylate kinase"	21	197	"4.9E-66"	"IPR017665"	"Guanylate kinase"	"GO:0004385|GO:0006163"
"PPA1191"	115	"TIGRFAM"	"TIGR00690"	"rpoZ: DNA-directed RNA polymerase, omega subunit"	9	79	"9.7E-23"	"IPR003716"	"DNA-directed RNA polymerase, omega subunit"	"GO:0003899|GO:0006351"
"PPA1192"	410	"TIGRFAM"	"TIGR00521"	"coaBC_dfp: phosphopantothenoylcysteine decarboxylase / phosphopantothenate--cysteine ligase"	4	403	"3.2E-107"	"IPR005252"	"Coenzyme A biosynthesis bifunctional protein CoaBC"	"GO:0004632|GO:0004633|GO:0010181|GO:0015937|GO:0015941"
"PPA1193"	397	"TIGRFAM"	"TIGR01034"	"metK: methionine adenosyltransferase"	5	392	"0.0"	"IPR002133"	"S-adenosylmethionine synthetase"	"GO:0004478|GO:0005524|GO:0006556"
"PPA1195"	315	"TIGRFAM"	"TIGR00460"	"fmt: methionyl-tRNA formyltransferase"	1	306	"2.0E-69"	"IPR005794"	"Methionyl-tRNA formyltransferase"	"GO:0004479|GO:0071951"
"PPA1199"	223	"TIGRFAM"	"TIGR01163"	"rpe: ribulose-phosphate 3-epimerase"	5	212	"3.4E-76"	"IPR026019"	"Ribulose-phosphate 3-epimerase"	"GO:0004750|GO:0006098"
"PPA1201"	669	"TIGRFAM"	"TIGR01509"	"HAD-SF-IA-v3: HAD hydrolase, family IA, variant 3"	272	323	"2.2E-8"	"IPR006439"	"HAD hydrolase, subfamily IA"	"-"
"PPA1203"	728	"TIGRFAM"	"TIGR03061"	"pip_yhgE_Nterm: YhgE/Pip N-terminal domain"	14	174	"1.8E-52"	"IPR017500"	"Phage infection protein, YhgE, N-terminal"	"-"
"PPA1203"	728	"TIGRFAM"	"TIGR03062"	"pip_yhgE_Cterm: YhgE/Pip C-terminal domain"	495	701	"1.2E-60"	"IPR017501"	"Phage infection protein, YhgE, C-terminal"	"-"
"PPA1206"	278	"TIGRFAM"	"TIGR03690"	"20S_bact_beta: proteasome, beta subunit"	48	267	"1.8E-63"	"IPR022483"	"Proteasome subunit beta, actinobacteria"	"GO:0004298|GO:0005839|GO:0010498"
"PPA1207"	226	"TIGRFAM"	"TIGR03691"	"20S_bact_alpha: proteasome, alpha subunit"	2	217	"6.8E-45"	"IPR022296"	"Proteasome, alpha subunit, bacterial"	"GO:0004298|GO:0019773|GO:0051603"
"PPA1209"	223	"TIGRFAM"	"TIGR00017"	"cmk: cytidylate kinase"	6	216	"5.7E-49"	"IPR003136"	"Cytidylate kinase"	"GO:0004127|GO:0005524|GO:0006139"
"PPA1210"	456	"TIGRFAM"	"TIGR00231"	"small_GTP: small GTP-binding protein domain"	194	361	"1.1E-24"	"IPR005225"	"Small GTP-binding protein domain"	"GO:0005525"
"PPA1210"	456	"TIGRFAM"	"TIGR00231"	"small_GTP: small GTP-binding protein domain"	23	145	"3.6E-23"	"IPR005225"	"Small GTP-binding protein domain"	"GO:0005525"
"PPA1210"	456	"TIGRFAM"	"TIGR03594"	"GTPase_EngA: ribosome-associated GTPase EngA"	22	448	"0.0"	"IPR016484"	"GTP-binding protein EngA"	"GO:0005525"
"PPA1211"	304	"TIGRFAM"	"TIGR02152"	"D_ribokin_bact: ribokinase"	3	292	"3.6E-102"	"IPR011877"	"Ribokinase"	"GO:0004747|GO:0006014"
"PPA1213"	477	"TIGRFAM"	"TIGR00885"	"fucP: L-fucose:H+ symporter permease"	45	449	"1.1E-91"	"IPR005275"	"L-fucose-proton symporter FucP"	"GO:0015150|GO:0015535|GO:0015756"
"PPA1214"	217	"TIGRFAM"	"TIGR00126"	"deoC: deoxyribose-phosphate aldolase"	3	210	"6.0E-82"	"IPR011343"	"Deoxyribose-phosphate aldolase"	"GO:0004139|GO:0005737|GO:0009264"
"PPA1216"	262	"TIGRFAM"	"TIGR01484"	"HAD-SF-IIB: HAD hydrolase, family IIB"	1	224	"9.8E-17"	"IPR006379"	"HAD-superfamily hydrolase, subfamily IIB"	"-"
"PPA1221"	529	"TIGRFAM"	"TIGR00546"	"lnt: apolipoprotein N-acyltransferase"	62	456	"2.4E-57"	"IPR004563"	"Apolipoprotein N-acyltransferase"	"GO:0016021|GO:0016410|GO:0042158"
"PPA1225"	292	"TIGRFAM"	"TIGR00687"	"pyridox_kin: pyridoxal kinase"	4	263	"1.6E-49"	"IPR004625"	"Pyridoxine kinase"	"GO:0008478|GO:0009443"
"PPA1227"	467	"TIGRFAM"	"TIGR01350"	"lipoamide_DH: dihydrolipoyl dehydrogenase"	4	466	"0.0"	"IPR006258"	"Dihydrolipoamide dehydrogenase"	"GO:0004148|GO:0050660"
"PPA1228"	303	"TIGRFAM"	"TIGR01297"	"CDF: cation diffusion facilitator family transporter"	16	293	"1.1E-73"	"IPR002524"	"Cation efflux protein"	"GO:0006812|GO:0008324|GO:0016021|GO:0055085"
"PPA1236"	221	"TIGRFAM"	"TIGR00636"	"PduO_Nterm: ATP:cob(I)alamin adenosyltransferase"	8	196	"4.9E-43"	"IPR029499"	"Corrinoid adenosyltransferase, PduO-type"	"-"
"PPA1238"	146	"TIGRFAM"	"TIGR01216"	"ATP_synt_epsi: ATP synthase F1, epsilon subunit"	6	137	"1.4E-23"	"IPR001469"	"ATP synthase, F1 complex, delta/epsilon subunit"	"GO:0015986|GO:0045261|GO:0046933"
"PPA1239"	484	"TIGRFAM"	"TIGR01039"	"atpD: ATP synthase F1, beta subunit"	17	479	"0.0"	"IPR005722"	"ATP synthase, F1 complex, beta subunit"	"GO:0015986|GO:0045261|GO:0046933"
"PPA1240"	314	"TIGRFAM"	"TIGR01146"	"ATPsyn_F1gamma: ATP synthase F1, gamma subunit"	3	307	"5.1E-88"	"IPR000131"	"ATP synthase, F1 complex, gamma subunit"	"GO:0015986|GO:0045261|GO:0046933"
"PPA1241"	545	"TIGRFAM"	"TIGR00962"	"atpA: ATP synthase F1, alpha subunit"	6	512	"0.0"	"IPR005294"	"ATP synthase, F1 complex, alpha subunit"	"GO:0015986|GO:0045261|GO:0046933"
"PPA1242"	263	"TIGRFAM"	"TIGR01145"	"ATP_synt_delta: ATP synthase F1, delta subunit"	100	262	"2.0E-20"	"IPR000711"	"ATPase, OSCP/delta subunit"	"GO:0015986|GO:0046933"
"PPA1243"	184	"TIGRFAM"	"TIGR01144"	"ATP_synt_b: ATP synthase F0, B subunit"	24	168	"1.3E-27"	"IPR005864"	"ATP synthase, F0 complex, subunit b, bacterial"	"GO:0015078|GO:0015986|GO:0045263"
"PPA1244"	73	"TIGRFAM"	"TIGR01260"	"ATP_synt_c: ATP synthase F0, C subunit"	18	72	"2.5E-13"	"IPR005953"	"ATP synthase, F0 complex, subunit C, bacterial/chloroplast"	"GO:0015078|GO:0015986|GO:0045263"
"PPA1245"	258	"TIGRFAM"	"TIGR01131"	"ATP_synt_6_or_A: ATP synthase F0, A subunit"	33	252	"2.7E-42"	"IPR000568"	"ATP synthase, F0 complex, subunit A"	"GO:0015078|GO:0015986|GO:0045263"
"PPA1249"	307	"TIGRFAM"	"TIGR00057"	"TIGR00057: tRNA threonylcarbamoyl adenosine modification protein, Sua5/YciO/YrdC/YwlC family"	74	269	"7.5E-51"	"IPR006070"	"Threonylcarbamoyl-AMP synthase-like domain"	"GO:0003725"
"PPA1250"	291	"TIGRFAM"	"TIGR03534"	"RF_mod_PrmC: protein-(glutamine-N5) methyltransferase, release factor-specific"	28	279	"1.0E-70"	"IPR019874"	"Protein-(glutamine-N5) methyltransferase, release factor-specific"	"GO:0008168"
"PPA1250"	291	"TIGRFAM"	"TIGR00536"	"hemK_fam: methyltransferase, HemK family"	13	285	"2.4E-54"	"IPR004556"	"Methyltransferase HemK-like"	"GO:0006479|GO:0008276"
"PPA1252"	361	"TIGRFAM"	"TIGR00019"	"prfA: peptide chain release factor 1"	3	353	"5.2E-128"	"IPR004373"	"Peptide chain release factor 1"	"GO:0006415|GO:0016149"
"PPA1253"	69	"TIGRFAM"	"TIGR00105"	"L31: ribosomal protein bL31"	1	67	"5.7E-36"	"IPR002150"	"Ribosomal protein L31"	"GO:0003735|GO:0005840|GO:0006412"
"PPA1254"	633	"TIGRFAM"	"TIGR00767"	"rho: transcription termination factor Rho"	12	626	"0.0"	"IPR004665"	"Transcription termination factor Rho"	"GO:0003723|GO:0005524|GO:0006353|GO:0008186"
"PPA1256"	296	"TIGRFAM"	"TIGR00191"	"thrB: homoserine kinase"	5	275	"2.7E-61"	"IPR000870"	"Homoserine kinase"	"GO:0004413|GO:0005524|GO:0006566"
"PPA1257"	356	"TIGRFAM"	"TIGR00260"	"thrC: threonine synthase"	11	328	"1.7E-88"	"IPR004450"	"Threonine synthase-like"	"-"
"PPA1259"	476	"TIGRFAM"	"TIGR01048"	"lysA: diaminopimelate decarboxylase"	42	465	"1.8E-130"	"IPR002986"	"Diaminopimelate decarboxylase, LysA"	"GO:0008836|GO:0009089"
"PPA1261"	1236	"TIGRFAM"	"TIGR00239"	"2oxo_dh_E1: oxoglutarate dehydrogenase (succinyl-transferring), E1 component"	380	1234	"0.0"	"IPR011603"	"2-oxoglutarate dehydrogenase E1 component"	"GO:0004591|GO:0006099|GO:0030976"
"PPA1266"	225	"TIGRFAM"	"TIGR02937"	"sigma70-ECF: RNA polymerase sigma factor, sigma-70 family"	29	191	"2.0E-29"	"IPR014284"	"RNA polymerase sigma-70 like domain"	"GO:0003700|GO:0006352|GO:0006355"
"PPA1266"	225	"TIGRFAM"	"TIGR02947"	"SigH_actino: RNA polymerase sigma-70 factor, TIGR02947 family"	13	204	"5.9E-117"	"IPR014293"	"RNA polymerase sigma-70, actinobacteria"	"GO:0003677|GO:0003700|GO:0006352|GO:0006355|GO:0016987"
"PPA1268"	429	"TIGRFAM"	"TIGR01356"	"aroA: 3-phosphoshikimate 1-carboxyvinyltransferase"	19	427	"3.9E-108"	"IPR006264"	"3-phosphoshikimate 1-carboxyvinyltransferase"	"GO:0003866|GO:0009073"
"PPA1269"	333	"TIGRFAM"	"TIGR00157"	"TIGR00157: ribosome small subunit-dependent GTPase A"	75	326	"9.3E-54"	"IPR004881"	"Ribosome biogenesis GTPase RsgA"	"GO:0003924|GO:0005525"
"PPA1289"	329	"TIGRFAM"	"TIGR03944"	"dehyd_SbnB_fam: 2,3-diaminopropionate biosynthesis protein SbnB"	7	323	"1.8E-121"	"IPR023866"	"2,3-diaminopropionate biosynthesis protein SbnB"	"GO:0016639|GO:0019290"
"PPA1290"	333	"TIGRFAM"	"TIGR03945"	"PLP_SbnA_fam: 2,3-diaminopropionate biosynthesis protein SbnA"	7	307	"1.3E-118"	"IPR023927"	"2,3-diaminopropionate biosynthesis protein SbnA"	"-"
"PPA1311"	453	"TIGRFAM"	"TIGR03624"	"TIGR03624: putative hydrolase"	66	425	"6.0E-88"	"IPR018766"	"Zinicin-like metallopeptidase type 2"	"-"
"PPA1317"	628	"TIGRFAM"	"TIGR01447"	"recD: exodeoxyribonuclease V, alpha subunit"	16	621	"2.8E-113"	"IPR006344"	"RecBCD enzyme subunit RecD"	"GO:0004386|GO:0006302|GO:0006310|GO:0008854|GO:0009338"
"PPA1327"	363	"TIGRFAM"	"TIGR00233"	"trpS: tryptophan--tRNA ligase"	35	359	"2.6E-68"	"IPR002306"	"Tryptophan-tRNA ligase"	"GO:0000166|GO:0004830|GO:0005524|GO:0006436"
"PPA1333"	901	"TIGRFAM"	"TIGR00963"	"secA: preprotein translocase, SecA subunit"	26	806	"0.0"	"IPR000185"	"Protein translocase subunit SecA"	"GO:0005524|GO:0006605|GO:0006886"
"PPA1334"	222	"TIGRFAM"	"TIGR00741"	"yfiA: ribosomal subunit interface protein"	20	121	"6.3E-16"	"IPR003489"	"Ribosome hibernation promoting factor/RaiA"	"GO:0044238"
"PPA1346"	486	"TIGRFAM"	"TIGR00838"	"argH: argininosuccinate lyase"	21	474	"0.0"	"IPR009049"	"Argininosuccinate lyase"	"GO:0004056|GO:0042450"
"PPA1347"	398	"TIGRFAM"	"TIGR00707"	"argD: transaminase, acetylornithine/succinylornithine family"	19	393	"2.8E-126"	"IPR004636"	"Acetylornithine/Succinylornithine transaminase family"	"GO:0006525|GO:0008483"
"PPA1348"	310	"TIGRFAM"	"TIGR00761"	"argB: acetylglutamate kinase"	37	281	"5.8E-66"	"IPR004662"	"Acetylglutamate kinase family"	"GO:0005737"
"PPA1350"	374	"TIGRFAM"	"TIGR01850"	"argC: N-acetyl-gamma-glutamyl-phosphate reductase"	32	374	"6.0E-93"	"IPR000706"	"N-acetyl-gamma-glutamyl-phosphate reductase, type 1"	"GO:0003942|GO:0006526"
"PPA1351"	160	"TIGRFAM"	"TIGR00086"	"smpB: SsrA-binding protein"	10	151	"5.1E-52"	"IPR000037"	"SsrA-binding protein"	"GO:0003723"
"PPA1353"	228	"TIGRFAM"	"TIGR02673"	"FtsE: cell division ATP-binding protein FtsE"	1	214	"5.7E-86"	"IPR005286"	"Cell division protein  FtsE, ATP-binding"	"GO:0005524|GO:0051301"
"PPA1354"	368	"TIGRFAM"	"TIGR00020"	"prfB: peptide chain release factor 2"	1	362	"0.0"	"IPR004374"	"Peptide chain release factor 2"	"GO:0005737|GO:0006415|GO:0016149"
"PPA1357"	320	"TIGRFAM"	"TIGR01379"	"thiL: thiamine-phosphate kinase"	11	318	"4.7E-77"	"IPR006283"	"Thiamine-monophosphate kinase"	"GO:0009030|GO:0009228"
"PPA1359"	365	"TIGRFAM"	"TIGR01205"	"D_ala_D_alaTIGR: D-alanine--D-alanine ligase"	5	357	"1.8E-104"	"IPR005905"	"D-alanine--D-alanine ligase"	"GO:0005737|GO:0008716"
"PPA1367"	429	"TIGRFAM"	"TIGR02644"	"Y_phosphoryl: pyrimidine-nucleoside phosphorylase"	8	411	"0.0"	"IPR018090"	"Pyrimidine-nucleoside phosphorylase, bacterial/eukaryotic"	"GO:0006213|GO:0016154"
"PPA1368"	363	"TIGRFAM"	"TIGR01123"	"ilvE_II: branched-chain amino acid aminotransferase"	47	362	"1.4E-115"	"IPR005786"	"Branched-chain amino acid aminotransferase II"	"GO:0004084|GO:0009081"
"PPA1372"	342	"TIGRFAM"	"TIGR00465"	"ilvC: ketol-acid reductoisomerase"	15	327	"5.1E-129"	"IPR013023"	"Ketol-acid reductoisomerase"	"GO:0009082|GO:0016491"
"PPA1376"	251	"TIGRFAM"	"TIGR00735"	"hisF: imidazoleglycerol phosphate synthase, cyclase subunit"	2	251	"1.2E-99"	"IPR004651"	"Histidine biosynthesis, HisF"	"GO:0000105|GO:0000107"
"PPA1378"	261	"TIGRFAM"	"TIGR00945"	"tatC: twin arginine-targeting protein translocase TatC"	3	230	"5.9E-50"	"IPR002033"	"Sec-independent periplasmic protein translocase TatC"	"GO:0016021"
"PPA1385"	245	"TIGRFAM"	"TIGR00093"	"TIGR00093: pseudouridine synthase"	73	232	"2.9E-47"	"IPR000748"	"Pseudouridine synthase, RsuA/RluB/E/F"	"GO:0001522|GO:0003723|GO:0009451|GO:0016866"
"PPA1390"	562	"TIGRFAM"	"TIGR00337"	"PyrG: CTP synthase"	8	539	"0.0"	"IPR004468"	"CTP synthase"	"GO:0003883|GO:0006221"
"PPA1394"	559	"TIGRFAM"	"TIGR00634"	"recN: DNA repair protein RecN"	1	553	"2.3E-129"	"IPR004604"	"DNA recombination/repair protein RecN"	"GO:0005524|GO:0006281|GO:0006310"
"PPA1396"	258	"TIGRFAM"	"TIGR00478"	"tly: TlyA family rRNA methyltransferase/putative hemolysin"	15	248	"3.9E-56"	"IPR004538"	"Haemolysin A /rRNA methyltransferase TlyA"	"GO:0003723"
"PPA1401"	332	"TIGRFAM"	"TIGR01460"	"HAD-SF-IIA: HAD hydrolase, family IIA"	13	235	"7.2E-35"	"IPR006357"	"HAD-superfamily hydrolase, subfamily IIA"	"-"
"PPA1404"	418	"TIGRFAM"	"TIGR00234"	"tyrS: tyrosine--tRNA ligase"	2	413	"3.8E-105"	"IPR002307"	"Tyrosine-tRNA ligase"	"GO:0000166|GO:0004831|GO:0005524|GO:0006437"
"PPA1407"	388	"TIGRFAM"	"TIGR00433"	"bioB: biotin synthase"	53	345	"3.7E-104"	"IPR002684"	"Biotin synthase/Biotin biosynthesis bifunctional protein BioAB"	"GO:0004076|GO:0009102"
"PPA1408"	839	"TIGRFAM"	"TIGR00472"	"pheT_bact: phenylalanine--tRNA ligase, beta subunit"	1	838	"0.0"	"IPR004532"	"Phenylalanine-tRNA ligase, class IIc, beta subunit, bacterial type"	"GO:0000287|GO:0004826|GO:0005524|GO:0006432"
"PPA1409"	369	"TIGRFAM"	"TIGR00468"	"pheS: phenylalanine--tRNA ligase, alpha subunit"	69	363	"1.4E-85"	"IPR004529"	"Phenylalanyl-tRNA synthetase, class IIc, alpha subunit"	"GO:0000166|GO:0004826|GO:0005524|GO:0005737|GO:0006432"
"PPA1412"	123	"TIGRFAM"	"TIGR01032"	"rplT_bact: ribosomal protein bL20"	1	114	"3.7E-45"	"IPR005813"	"Ribosomal protein L20"	"GO:0003735|GO:0005840|GO:0006412|GO:0019843"
"PPA1413"	68	"TIGRFAM"	"TIGR00001"	"rpmI_bact: ribosomal protein bL35"	2	62	"9.2E-24"	"IPR001706"	"Ribosomal protein L35, non-mitochondrial"	"GO:0003735|GO:0005840|GO:0006412"
"PPA1414"	268	"TIGRFAM"	"TIGR00168"	"infC: translation initiation factor IF-3"	47	210	"1.9E-60"	"IPR001288"	"Translation initiation factor 3"	"GO:0003743|GO:0006413"
"PPA1417"	284	"TIGRFAM"	"TIGR00070"	"hisG: ATP phosphoribosyltransferase"	5	185	"3.0E-54"	"IPR013820"	"ATP phosphoribosyltransferase, catalytic domain"	"GO:0000105|GO:0003879|GO:0005737"
"PPA1417"	284	"TIGRFAM"	"TIGR03455"	"HisG_C-term: ATP phosphoribosyltransferase, C-terminal domain"	194	283	"1.9E-27"	"IPR013115"	"Histidine biosynthesis HisG, C-terminal"	"GO:0000105|GO:0000287|GO:0003879|GO:0005737"
"PPA1418"	88	"TIGRFAM"	"TIGR03188"	"histidine_hisI: phosphoribosyl-ATP diphosphatase"	6	88	"1.1E-23"	"IPR008179"	"Phosphoribosyl-ATP pyrophosphohydrolase"	"GO:0000105|GO:0004636"
"PPA1419"	226	"TIGRFAM"	"TIGR01528"	"NMN_trans_PnuC: nicotinamide mononucleotide transporter PnuC"	26	218	"4.9E-16"	"IPR006419"	"Nicotinamide mononucleotide transporter PnuC"	"GO:0016020|GO:0034257|GO:0034258"
"PPA1420"	264	"TIGRFAM"	"TIGR03843"	"TIGR03843: conserved hypothetical protein"	19	264	"1.3E-71"	"IPR022292"	"Conserved hypothetical protein CHP03843"	"-"
"PPA1421"	193	"TIGRFAM"	"TIGR03847"	"TIGR03847: conserved hypothetical protein"	4	185	"1.9E-67"	"IPR021441"	"Protein of unknown function DUF3090"	"-"
"PPA1428"	175	"TIGRFAM"	"TIGR00589"	"ogt: methylated-DNA--[protein]-cysteine S-methyltransferase"	87	166	"4.0E-32"	"IPR014048"	"Methylated-DNA-[protein]-cysteine S-methyltransferase, DNA binding"	"GO:0003824|GO:0006281"
"PPA1429"	377	"TIGRFAM"	"TIGR00732"	"dprA: DNA protecting protein DprA"	62	287	"5.5E-59"	"IPR003488"	"DNA recombination-mediator protein A"	"GO:0009294"
"PPA1430"	490	"TIGRFAM"	"TIGR00368"	"TIGR00368: Mg chelatase-like protein"	2	485	"0.0"	"IPR004482"	"Mg chelatase-related protein"	"-"
"PPA1431"	140	"TIGRFAM"	"TIGR00252"	"TIGR00252: TIGR00252 family protein"	30	124	"4.8E-21"	"IPR003509"	"Uncharacterised protein family UPF0102"	"-"
"PPA1434"	274	"TIGRFAM"	"TIGR02227"	"sigpep_I_bact: signal peptidase I"	42	237	"8.5E-36"	"IPR000223"	"Peptidase S26A, signal peptidase I"	"GO:0006508|GO:0008236|GO:0016020"
"PPA1435"	117	"TIGRFAM"	"TIGR01024"	"rplS_bact: ribosomal protein bL19"	3	113	"9.5E-49"	"IPR001857"	"Ribosomal protein L19"	"GO:0003735|GO:0005840|GO:0006412"
"PPA1437"	257	"TIGRFAM"	"TIGR00384"	"dhsB: succinate dehydrogenase and fumarate reductase iron-sulfur protein"	9	238	"9.2E-27"	"IPR004489"	"Succinate dehydrogenase/fumarate reductase iron-sulphur protein"	"GO:0006099|GO:0016491"
"PPA1438"	675	"TIGRFAM"	"TIGR01811"	"sdhA_Bsu: succinate dehydrogenase or fumarate reductase, flavoprotein subunit"	59	674	"0.0"	"IPR011280"	"Succinate dehydrogenase/fumarate reductase flavoprotein subunit, low-GC Gram-positive bacteria"	"-"
"PPA1439"	244	"TIGRFAM"	"TIGR02046"	"sdhC_b558_fam: succinate dehydrogenase (or fumarate reductase) cytochrome b subunit, b558 family"	21	242	"1.3E-52"	"IPR011138"	"Succinate dehydrogenase cytochrome b558 subunit"	"-"
"PPA1440"	239	"TIGRFAM"	"TIGR00088"	"trmD: tRNA (guanine(37)-N(1))-methyltransferase"	1	231	"9.4E-71"	"IPR002649"	"tRNA (guanine-N1-)-methyltransferase, bacteria"	"GO:0008033|GO:0052906"
"PPA1441"	179	"TIGRFAM"	"TIGR02273"	"16S_RimM: 16S rRNA processing protein RimM"	9	167	"1.6E-37"	"IPR011961"	"16S rRNA processing protein RimM"	"GO:0005840|GO:0006364|GO:0043022"
"PPA1443"	147	"TIGRFAM"	"TIGR00002"	"S16: ribosomal protein bS16"	4	79	"2.9E-31"	"IPR000307"	"Ribosomal protein S16"	"GO:0003735|GO:0005840|GO:0006412"
"PPA1445"	528	"TIGRFAM"	"TIGR00959"	"ffh: signal recognition particle protein"	2	430	"0.0"	"IPR004780"	"Signal recognition particle protein"	"GO:0003924|GO:0005525|GO:0006614|GO:0048500"
"PPA1447"	396	"TIGRFAM"	"TIGR00064"	"ftsY: signal recognition particle-docking protein FtsY"	117	388	"3.9E-102"	"IPR004390"	"Signal-recognition particle receptor FtsY"	"GO:0006614"
"PPA1451"	256	"TIGRFAM"	"TIGR00577"	"fpg: DNA-formamidopyrimidine glycosylase"	1	253	"1.4E-74"	"IPR020629"	"Formamidopyrimidine-DNA glycosylase"	"GO:0003906|GO:0006281|GO:0008270|GO:0008534"
"PPA1452"	366	"TIGRFAM"	"TIGR02191"	"RNaseIII: ribonuclease III"	151	357	"7.7E-61"	"IPR011907"	"Ribonuclease III"	"GO:0003723|GO:0004525|GO:0006364"
"PPA1463"	157	"TIGRFAM"	"TIGR00125"	"cyt_tran_rel: cytidyltransferase-like domain"	3	60	"2.1E-16"	"IPR004821"	"Cytidyltransferase-like domain"	"GO:0003824|GO:0009058"
"PPA1463"	157	"TIGRFAM"	"TIGR01510"	"coaD_prev_kdtB: pantetheine-phosphate adenylyltransferase"	3	154	"2.3E-50"	"IPR001980"	"Phosphopantetheine adenylyltransferase"	"GO:0004595|GO:0015937"
"PPA1467"	557	"TIGRFAM"	"TIGR00649"	"MG423: beta-CASP ribonuclease, RNase J family"	12	554	"0.0"	"IPR004613"	"Ribonuclease J"	"GO:0003723|GO:0046872"
"PPA1470"	246	"TIGRFAM"	"TIGR00036"	"dapB: 4-hydroxy-tetrahydrodipicolinate reductase"	44	243	"6.7E-57"	"IPR023940"	"Dihydrodipicolinate reductase"	"GO:0008839|GO:0009089"
"PPA1471"	733	"TIGRFAM"	"TIGR02696"	"pppGpp_PNP: guanosine pentaphosphate synthetase I/polyribonucleotide nucleotidyltransferase"	6	723	"0.0"	"IPR014069"	"Guanosine pentaphosphate synthetase I/polyribonucleotide nucleotidyltransferase"	"GO:0004654|GO:0005737|GO:0006402"
"PPA1471"	733	"TIGRFAM"	"TIGR03591"	"polynuc_phos: polyribonucleotide nucleotidyltransferase"	18	723	"0.0"	"IPR012162"	"Polyribonucleotide nucleotidyltransferase"	"GO:0003723|GO:0004654|GO:0006402"
"PPA1472"	87	"TIGRFAM"	"TIGR00952"	"S15_bact: ribosomal protein uS15"	4	87	"2.3E-39"	"IPR005290"	"Ribosomal protein S15, bacterial-type"	"GO:0003735|GO:0005840|GO:0006412"
"PPA1474"	380	"TIGRFAM"	"TIGR00083"	"ribF: riboflavin biosynthesis protein RibF"	92	379	"2.6E-61"	"IPR002606"	"Riboflavin kinase, bacterial"	"GO:0003919|GO:0008531|GO:0009231"
"PPA1474"	380	"TIGRFAM"	"TIGR00125"	"cyt_tran_rel: cytidyltransferase-like domain"	92	155	"3.0E-8"	"IPR004821"	"Cytidyltransferase-like domain"	"GO:0003824|GO:0009058"
"PPA1477"	435	"TIGRFAM"	"TIGR01186"	"proV: glycine betaine/L-proline transport ATP binding subunit"	38	391	"1.5E-122"	"IPR005892"	"Glycine betaine transport ATP-binding subunit"	"GO:0005524|GO:0016020|GO:0031460"
"PPA1478"	295	"TIGRFAM"	"TIGR00431"	"TruB: tRNA pseudouridine(55) synthase"	6	212	"3.8E-63"	"IPR014780"	"tRNA pseudouridine synthase II, TruB"	"GO:0001522|GO:0003723|GO:0009451|GO:0009982"
"PPA1484"	192	"TIGRFAM"	"TIGR00821"	"EII-GUT: PTS system, glucitol/sorbitol-specific, IIC component"	3	176	"3.1E-81"	"IPR004699"	"Phosphotransferase system, enzyme II sorbitol-specific factor"	"GO:0009401|GO:0016021"
"PPA1485"	349	"TIGRFAM"	"TIGR00825"	"EIIBC-GUT: PTS system, glucitol/sorbitol-specific, IIBC component"	7	347	"0.0"	"IPR004702"	"Phosphotransferease, sorbitol phosphotransferase enzyme II"	"GO:0008982|GO:0009401|GO:0016021"
"PPA1489"	143	"TIGRFAM"	"TIGR00082"	"rbfA: ribosome-binding factor A"	6	108	"9.0E-21"	"IPR000238"	"Ribosome-binding factor A"	"GO:0006364"
"PPA1493"	964	"TIGRFAM"	"TIGR00487"	"IF-2: translation initiation factor IF-2"	370	962	"0.0"	"IPR000178"	"Translation initiation factor IF-2, bacterial-like"	"GO:0003743|GO:0005525|GO:0006413"
"PPA1493"	964	"TIGRFAM"	"TIGR00231"	"small_GTP: small GTP-binding protein domain"	461	620	"5.2E-29"	"IPR005225"	"Small GTP-binding protein domain"	"GO:0005525"
"PPA1494"	323	"TIGRFAM"	"TIGR01953"	"NusA: transcription termination factor NusA"	75	320	"4.2E-98"	"IPR010213"	"Transcription termination factor NusA"	"GO:0003723"
"PPA1498"	584	"TIGRFAM"	"TIGR03767"	"P_acnes_RR: metallophosphoesterase, PPA1498 family"	70	582	"0.0"	"IPR022506"	"Metallophosphoesterase, PPA1498"	"-"
"PPA1499"	585	"TIGRFAM"	"TIGR00409"	"proS_fam_II: proline--tRNA ligase"	4	576	"0.0"	"IPR004500"	"Prolyl-tRNA synthetase, class IIa, bacterial-type"	"GO:0004827|GO:0005524|GO:0005737|GO:0006433"
"PPA1500"	880	"TIGRFAM"	"TIGR03773"	"anch_rpt_wall: putative ABC transporter-associated repeat protein"	351	880	"0.0"	"IPR022395"	"Conserved hypothetical protein CHP03773, ABC transporter-like"	"-"
"PPA1500"	880	"TIGRFAM"	"TIGR03769"	"P_ac_wall_RPT: actinobacterial surface-anchored protein domain"	749	789	"1.1E-14"	"IPR022435"	"Surface-anchored repeat, actinobacteria"	"-"
"PPA1500"	880	"TIGRFAM"	"TIGR03769"	"P_ac_wall_RPT: actinobacterial surface-anchored protein domain"	467	507	"7.8E-16"	"IPR022435"	"Surface-anchored repeat, actinobacteria"	"-"
"PPA1500"	880	"TIGRFAM"	"TIGR03769"	"P_ac_wall_RPT: actinobacterial surface-anchored protein domain"	220	260	"9.0E-15"	"IPR022435"	"Surface-anchored repeat, actinobacteria"	"-"
"PPA1501"	507	"TIGRFAM"	"TIGR03772"	"anch_rpt_subst: anchored repeat ABC transporter, substrate-binding protein"	29	507	"0.0"	"IPR022434"	"ABC transporter, LPXTG-anchor lipoprotein, actinobacteria"	"-"
"PPA1501"	507	"TIGRFAM"	"TIGR03769"	"P_ac_wall_RPT: actinobacterial surface-anchored protein domain"	199	239	"1.5E-14"	"IPR022435"	"Surface-anchored repeat, actinobacteria"	"-"
"PPA1502"	336	"TIGRFAM"	"TIGR03769"	"P_ac_wall_RPT: actinobacterial surface-anchored protein domain"	195	235	"1.1E-14"	"IPR022435"	"Surface-anchored repeat, actinobacteria"	"-"
"PPA1503"	228	"TIGRFAM"	"TIGR03771"	"anch_rpt_ABC: anchored repeat-type ABC transporter, ATP-binding subunit"	3	225	"6.2E-124"	"IPR022508"	"ABC transporter, anchored repeat-type, ATP-binding subunit"	"-"
"PPA1504"	312	"TIGRFAM"	"TIGR03770"	"anch_rpt_perm: anchored repeat-type ABC transporter, permease subunit"	3	272	"0.0"	"IPR022392"	"Anchored repeat-type ABC transporter, permease subunit"	"-"
"PPA1506"	380	"TIGRFAM"	"TIGR00612"	"ispG_gcpE: 4-hydroxy-3-methylbut-2-en-1-yl diphosphate synthase"	18	359	"8.2E-128"	"IPR004588"	"4-hydroxy-3-methylbut-2-en-1-yl diphosphate synthase, bacterial-type"	"GO:0016114|GO:0046429"
"PPA1510"	407	"TIGRFAM"	"TIGR00243"	"Dxr: 1-deoxy-D-xylulose 5-phosphate reductoisomerase"	1	362	"5.4E-108"	"IPR003821"	"1-deoxy-D-xylulose 5-phosphate reductoisomerase"	"GO:0008299|GO:0030604|GO:0046872"
"PPA1514"	405	"TIGRFAM"	"TIGR00048"	"rRNA_mod_RlmN: 23S rRNA (adenine(2503)-C(2))-methyltransferase"	43	398	"2.7E-92"	"IPR027492"	"Dual-specificity RNA methyltransferase RlmN"	"GO:0030488|GO:0070475"
"PPA1518"	184	"TIGRFAM"	"TIGR00496"	"frr: ribosome recycling factor"	10	184	"1.4E-67"	"IPR002661"	"Ribosome recycling factor"	"GO:0006412"
"PPA1519"	237	"TIGRFAM"	"TIGR02075"	"pyrH_bact: UMP kinase"	5	236	"2.3E-89"	"IPR015963"	"Uridylate kinase, bacteria"	"GO:0005737|GO:0006221|GO:0033862"
"PPA1520"	270	"TIGRFAM"	"TIGR00116"	"tsf: translation elongation factor Ts"	1	270	"1.6E-71"	"IPR001816"	"Translation elongation factor EFTs/EF1B"	"GO:0003746|GO:0006414"
"PPA1521"	283	"TIGRFAM"	"TIGR01011"	"rpsB_bact: ribosomal protein uS2"	3	225	"2.2E-106"	"IPR005706"	"Ribosomal protein S2, bacteria/mitochondria/plastid"	"GO:0003735|GO:0006412|GO:0015935"
"PPA1525"	200	"TIGRFAM"	"TIGR00079"	"pept_deformyl: peptide deformylase"	23	182	"1.7E-34"	"IPR023635"	"Peptide deformylase"	"GO:0042586"
"PPA1544"	161	"TIGRFAM"	"TIGR01994"	"SUF_scaf_2: SUF system FeS assembly protein, NifU family"	4	139	"3.4E-48"	"-"	"-"	""
"PPA1545"	413	"TIGRFAM"	"TIGR01979"	"sufS: cysteine desulfurase, SufS family"	6	408	"0.0"	"IPR010970"	"Cysteine desulfurase, SufS"	"GO:0006534|GO:0030170|GO:0031071"
"PPA1546"	255	"TIGRFAM"	"TIGR01978"	"sufC: FeS assembly ATPase SufC"	4	246	"6.5E-98"	"IPR010230"	"FeS cluster assembly SUF system, ATPase SufC"	"GO:0005524"
"PPA1548"	424	"TIGRFAM"	"TIGR01981"	"sufD: FeS assembly protein SufD"	138	403	"1.3E-67"	"IPR011542"	"SUF system FeS cluster assembly, SufD"	"GO:0016226"
"PPA1549"	482	"TIGRFAM"	"TIGR01980"	"sufB: FeS assembly protein SufB"	27	473	"0.0"	"IPR010231"	"SUF system FeS cluster assembly, SufB"	"GO:0016226"
"PPA1561"	369	"TIGRFAM"	"TIGR01473"	"cyoE_ctaB: protoheme IX farnesyltransferase"	82	364	"5.4E-94"	"IPR006369"	"Protohaem IX farnesyltransferase"	"GO:0006783|GO:0008495|GO:0016021"
"PPA1563"	524	"TIGRFAM"	"TIGR00871"	"zwf: glucose-6-phosphate dehydrogenase"	39	523	"0.0"	"IPR001282"	"Glucose-6-phosphate dehydrogenase"	"GO:0006006|GO:0016614|GO:0050661"
"PPA1565"	244	"TIGRFAM"	"TIGR01198"	"pgl: 6-phosphogluconolactonase"	9	234	"1.1E-54"	"IPR005900"	"6-phosphogluconolactonase, DevB-type"	"GO:0005975|GO:0006098|GO:0017057"
"PPA1571"	429	"TIGRFAM"	"TIGR00382"	"clpX: ATP-dependent Clp protease, ATP-binding subunit ClpX"	9	411	"0.0"	"IPR004487"	"Clp protease, ATP-binding subunit ClpX"	"GO:0005524|GO:0006457|GO:0051082|GO:0140662"
"PPA1575"	530	"TIGRFAM"	"TIGR00115"	"tig: trigger factor"	12	419	"8.6E-118"	"IPR005215"	"Trigger factor"	"GO:0015031"
"PPA1587"	396	"TIGRFAM"	"TIGR01034"	"metK: methionine adenosyltransferase"	5	377	"1.5E-120"	"IPR002133"	"S-adenosylmethionine synthetase"	"GO:0004478|GO:0005524|GO:0006556"
"PPA1596"	752	"TIGRFAM"	"TIGR01613"	"primase_Cterm: phage/plasmid primase, P4 family, C-terminal domain"	416	711	"1.7E-68"	"IPR006500"	"DNA primase, phage/plasmid"	"-"
"PPA1621"	1120	"TIGRFAM"	"TIGR00499"	"lysS_bact: lysine--tRNA ligase"	672	1117	"0.0"	"IPR002313"	"Lysine-tRNA ligase, class II"	"GO:0004824|GO:0005524|GO:0006430"
"PPA1624"	157	"TIGRFAM"	"TIGR00689"	"rpiB_lacA_lacB: sugar-phosphate isomerase, RpiB/LacA/LacB family"	8	152	"1.9E-51"	"IPR003500"	"Sugar-phosphate isomerase, RpiB/LacA/LacB family"	"GO:0005975|GO:0016853"
"PPA1624"	157	"TIGRFAM"	"TIGR02133"	"RPI_actino: ribose 5-phosphate isomerase"	7	151	"1.3E-59"	"IPR011860"	"Ribose 5-phosphate isomerase B, Actinobacteria-type"	"-"
"PPA1626"	772	"TIGRFAM"	"TIGR00575"	"dnlj: DNA ligase, NAD-dependent"	59	511	"0.0"	"IPR001679"	"NAD-dependent DNA ligase"	"GO:0003911|GO:0006260|GO:0006281"
"PPA1627"	864	"TIGRFAM"	"TIGR02412"	"pepN_strep_liv: aminopeptidase N"	5	860	"0.0"	"IPR012778"	"Peptidase M1, aminopeptidase"	"GO:0004177|GO:0006508"
"PPA1629"	482	"TIGRFAM"	"TIGR00873"	"gnd: 6-phosphogluconate dehydrogenase (decarboxylating)"	10	473	"0.0"	"IPR006113"	"6-phosphogluconate dehydrogenase, decarboxylating"	"GO:0004616|GO:0006098"
"PPA1636"	561	"TIGRFAM"	"TIGR03719"	"ABC_ABC_ChvD: ATP-binding cassette protein, ChvD family"	3	558	"0.0"	"IPR022374"	"Energy-dependent translational throttle protein EttA"	"GO:0045900"
"PPA1637"	153	"TIGRFAM"	"TIGR00621"	"ssb: single-stranded DNA-binding protein"	4	100	"1.5E-17"	"IPR011344"	"Single-stranded DNA-binding protein"	"GO:0003697|GO:0006260"
"PPA1650"	1134	"TIGRFAM"	"TIGR00594"	"polc: DNA polymerase III, alpha subunit"	58	850	"0.0"	"IPR004805"	"DNA polymerase III, alpha subunit"	"GO:0006260|GO:0008408"
"PPA1672"	269	"TIGRFAM"	"TIGR03284"	"thym_sym: thymidylate synthase"	84	269	"1.1E-82"	"IPR000398"	"Thymidylate synthase"	"GO:0004799|GO:0006231"
"PPA1672"	269	"TIGRFAM"	"TIGR03284"	"thym_sym: thymidylate synthase"	3	85	"2.8E-38"	"IPR000398"	"Thymidylate synthase"	"GO:0004799|GO:0006231"
"PPA1673"	204	"TIGRFAM"	"TIGR00042"	"TIGR00042: non-canonical purine NTP pyrophosphatase, RdgB/HAM1 family"	4	192	"1.5E-43"	"IPR002637"	"Ham1-like protein"	"GO:0009143|GO:0047429"
"PPA1674"	254	"TIGRFAM"	"TIGR01966"	"RNasePH: ribonuclease PH"	16	250	"1.2E-108"	"IPR002381"	"Ribonuclease PH, bacterial-type"	"GO:0000049|GO:0008033|GO:0009022"
"PPA1675"	297	"TIGRFAM"	"TIGR00067"	"glut_race: glutamate racemase"	26	268	"5.6E-64"	"IPR004391"	"Glutamate racemase"	"GO:0008881"
"PPA1681"	446	"TIGRFAM"	"TIGR01513"	"NAPRTase_put: nicotinate phosphoribosyltransferase"	4	418	"1.5E-123"	"IPR006405"	"Nicotinate phosphoribosyltransferase pncB-type"	"GO:0004516|GO:0009435"
"PPA1683"	702	"TIGRFAM"	"TIGR00217"	"malQ: 4-alpha-glucanotransferase"	132	684	"2.3E-95"	"IPR003385"	"Glycoside hydrolase, family 77"	"GO:0004134|GO:0005975"
"PPA1686"	143	"TIGRFAM"	"TIGR01088"	"aroQ: 3-dehydroquinate dehydratase, type II"	4	141	"1.6E-54"	"IPR001874"	"Dehydroquinase, class II"	"GO:0003855"
"PPA1687"	343	"TIGRFAM"	"TIGR01297"	"CDF: cation diffusion facilitator family transporter"	24	314	"2.9E-33"	"IPR002524"	"Cation efflux protein"	"GO:0006812|GO:0008324|GO:0016021|GO:0055085"
"PPA1697"	243	"TIGRFAM"	"TIGR03089"	"TIGR03089: TIGR03089 family protein"	22	240	"1.9E-63"	"IPR017523"	"Conserved hypothetical protein CHP03089"	"-"
"PPA1699"	427	"TIGRFAM"	"TIGR00350"	"lytR_cpsA_psr: cell envelope-related function transcriptional attenuator common domain"	190	332	"4.0E-40"	"IPR004474"	"Cell envelope-related transcriptional attenuator domain"	"-"
"PPA1701"	196	"TIGRFAM"	"TIGR01162"	"purE: phosphoribosylaminoimidazole carboxylase, catalytic subunit"	36	184	"8.0E-63"	"IPR000031"	"PurE domain"	"GO:0006189"
"PPA1702"	390	"TIGRFAM"	"TIGR01161"	"purK: phosphoribosylaminoimidazole carboxylase, ATPase subunit"	8	375	"1.4E-104"	"IPR005875"	"Phosphoribosylaminoimidazole carboxylase, ATPase subunit"	"GO:0004638|GO:0006189"
"PPA1705"	279	"TIGRFAM"	"TIGR00121"	"birA_ligase: biotin--[acetyl-CoA-carboxylase] ligase"	29	275	"6.3E-36"	"IPR004408"	"Biotin--acetyl-CoA-carboxylase ligase"	"GO:0004077"
"PPA1709"	221	"TIGRFAM"	"TIGR00172"	"maf: septum formation protein Maf"	9	201	"1.1E-46"	"IPR003697"	"Nucleoside triphosphate pyrophosphatase Maf-like protein"	"GO:0047429"
"PPA1715"	466	"TIGRFAM"	"TIGR03934"	"TQXA_dom: TQXA domain"	154	207	"1.7E-16"	"IPR023849"	"Uncharacterised domain CHP03934, TQXA"	"-"
"PPA1722"	270	"TIGRFAM"	"TIGR01697"	"PNPH-PUNA-XAPA: inosine/guanosine/xanthosine phosphorylase family"	31	266	"1.4E-69"	"IPR011268"	"Purine nucleoside phosphorylase"	"GO:0004731|GO:0006139"
"PPA1728"	601	"TIGRFAM"	"TIGR00398"	"metG: methionine--tRNA ligase"	19	535	"0.0"	"IPR014758"	"Methionyl-tRNA synthetase"	"GO:0000166|GO:0004825|GO:0005524|GO:0006431"
"PPA1738"	734	"TIGRFAM"	"TIGR00178"	"monomer_idh: isocitrate dehydrogenase, NADP-dependent"	2	734	"0.0"	"IPR004436"	"Isocitrate dehydrogenase NADP-dependent, monomeric"	"GO:0004450|GO:0006099"
"PPA1740"	327	"TIGRFAM"	"TIGR01759"	"MalateDH-SF1: malate dehydrogenase"	4	321	"0.0"	"IPR010945"	"Malate dehydrogenase, type 2"	"GO:0006108|GO:0016615"
"PPA1747"	516	"TIGRFAM"	"TIGR00355"	"purH: phosphoribosylaminoimidazolecarboxamide formyltransferase/IMP cyclohydrolase"	8	516	"0.0"	"IPR002695"	"Bifunctional purine biosynthesis protein PurH-like"	"GO:0003937|GO:0004643|GO:0006164"
"PPA1748"	207	"TIGRFAM"	"TIGR00639"	"PurN: phosphoribosylglycinamide formyltransferase"	4	190	"4.6E-59"	"IPR004607"	"Phosphoribosylglycinamide formyltransferase"	"GO:0004644|GO:0006189"
"PPA1749"	166	"TIGRFAM"	"TIGR00114"	"lumazine-synth: 6,7-dimethyl-8-ribityllumazine synthase"	22	155	"3.2E-38"	"IPR034964"	"Lumazine synthase"	"GO:0000906|GO:0009231"
"PPA1750"	438	"TIGRFAM"	"TIGR00506"	"ribB: 3,4-dihydroxy-2-butanone-4-phosphate synthase"	1	198	"2.6E-62"	"IPR000422"	"3,4-dihydroxy-2-butanone 4-phosphate synthase, RibB"	"GO:0008686|GO:0009231"
"PPA1751"	199	"TIGRFAM"	"TIGR00187"	"ribE: riboflavin synthase, alpha subunit"	1	196	"2.6E-60"	"IPR001783"	"Lumazine-binding protein"	"-"
"PPA1752"	331	"TIGRFAM"	"TIGR00326"	"eubact_ribD: riboflavin biosynthesis protein RibD"	9	326	"6.2E-93"	"IPR004794"	"Riboflavin biosynthesis protein RibD"	"GO:0008835|GO:0009231"
"PPA1754"	297	"TIGRFAM"	"TIGR01019"	"sucCoAalpha: succinate-CoA ligase, alpha subunit"	3	290	"2.8E-124"	"IPR005810"	"Succinyl-CoA ligase, alpha subunit"	"GO:0003824"
"PPA1755"	391	"TIGRFAM"	"TIGR01016"	"sucCoAbeta: succinate-CoA ligase, beta subunit"	1	387	"3.8E-125"	"IPR005809"	"Succinate--CoA synthetase, beta subunit"	"GO:0006099"
"PPA1756"	810	"TIGRFAM"	"TIGR01073"	"pcrA: ATP-dependent DNA helicase PcrA"	41	808	"0.0"	"IPR005751"	"ATP-dependent DNA helicase PcrA"	"GO:0003678|GO:0005737|GO:0006268"
"PPA1764"	530	"TIGRFAM"	"TIGR00884"	"guaA_Cterm: GMP synthase (glutamine-hydrolyzing), C-terminal domain"	216	530	"0.0"	"IPR001674"	"GMP synthase, C-terminal"	"GO:0003922|GO:0005524|GO:0006164|GO:0006177"
"PPA1764"	530	"TIGRFAM"	"TIGR00888"	"guaA_Nterm: GMP synthase (glutamine-hydrolyzing), N-terminal domain"	21	207	"3.2E-73"	"IPR004739"	"GMP synthase, glutamine amidotransferase"	"GO:0003922|GO:0005524|GO:0006177"
"PPA1765"	190	"TIGRFAM"	"TIGR01172"	"cysE: serine O-acetyltransferase"	20	182	"1.7E-68"	"IPR005881"	"Serine O-acetyltransferase"	"GO:0005737|GO:0006535|GO:0009001"
"PPA1766"	115	"TIGRFAM"	"TIGR01795"	"CM_mono_cladeE: chorismate mutase"	4	96	"1.6E-40"	"IPR010951"	"Chorismate mutase, bacteria"	"-"
"PPA1767"	367	"TIGRFAM"	"TIGR01304"	"IMP_DH_rel_2: IMP dehydrogenase family protein"	3	366	"0.0"	"IPR005992"	"IMP dehydrogenase-related 2"	"GO:0016491"
"PPA1768"	504	"TIGRFAM"	"TIGR01302"	"IMP_dehydrog: inosine-5'-monophosphate dehydrogenase"	17	472	"0.0"	"IPR005990"	"Inosine-5'-monophosphate dehydrogenase"	"GO:0003938|GO:0006164"
"PPA1770"	584	"TIGRFAM"	"TIGR00835"	"agcS: amino acid carrier protein"	58	489	"5.7E-111"	"IPR001463"	"Sodium:alanine symporter"	"GO:0005283|GO:0006814|GO:0006865|GO:0016020"
"PPA1772"	531	"TIGRFAM"	"TIGR02348"	"GroEL: chaperonin GroL"	3	526	"0.0"	"IPR001844"	"Chaperonin Cpn60/GroEL"	"GO:0042026|GO:0140662"
"PPA1782"	347	"TIGRFAM"	"TIGR03723"	"T6A_TsaD_YgjD: tRNA threonylcarbamoyl adenosine modification protein TsaD"	6	323	"3.0E-125"	"IPR022450"	"tRNA N6-adenosine threonylcarbamoyltransferase, TsaD"	"GO:0002949"
"PPA1782"	347	"TIGRFAM"	"TIGR00329"	"gcp_kae1: metallohydrolase, glycoprotease/Kae1 family"	7	316	"4.0E-98"	"IPR017861"	"Kae1/TsaD family"	"-"
"PPA1783"	155	"TIGRFAM"	"TIGR01575"	"rimI: ribosomal-protein-alanine acetyltransferase"	9	137	"6.1E-26"	"IPR006464"	"N-acetyltransferase RimI/Ard1"	"GO:0006474|GO:0008080"
"PPA1784"	218	"TIGRFAM"	"TIGR03725"	"T6A_YeaZ: tRNA threonylcarbamoyl adenosine modification protein YeaZ"	5	163	"1.5E-41"	"IPR022496"	"tRNA threonylcarbamoyl adenosine modification protein TsaB"	"GO:0002949"
"PPA1785"	297	"TIGRFAM"	"TIGR00150"	"T6A_YjeE: tRNA threonylcarbamoyl adenosine modification protein YjeE"	132	255	"1.3E-24"	"IPR003442"	"tRNA threonylcarbamoyl adenosine modification protein TsaE"	"GO:0002949"
"PPA1792"	481	"TIGRFAM"	"TIGR00197"	"yjeF_nterm: YjeF family N-terminal domain"	22	211	"9.9E-29"	"IPR004443"	"YjeF N-terminal domain"	"-"
"PPA1793"	127	"TIGRFAM"	"TIGR00556"	"pantethn_trn: phosphopantetheine--protein transferase domain"	14	125	"1.4E-20"	"IPR004568"	"Phosphopantetheine-protein transferase domain"	"GO:0000287|GO:0006633|GO:0008897"
"PPA1793"	127	"TIGRFAM"	"TIGR00516"	"acpS: holo-[acyl-carrier-protein] synthase"	13	126	"5.3E-19"	"IPR002582"	"Holo-[acyl carrier protein] synthase"	"GO:0000287|GO:0006633|GO:0008897"
"PPA1794"	637	"TIGRFAM"	"TIGR01135"	"glmS: glutamine-fructose-6-phosphate transaminase (isomerizing)"	24	637	"0.0"	"IPR005855"	"Glucosamine-fructose-6-phosphate aminotransferase, isomerising"	"GO:0004360|GO:1901137"
"PPA1799"	327	"TIGRFAM"	"TIGR00554"	"panK_bact: pantothenate kinase"	18	326	"1.2E-115"	"IPR004566"	"Pantothenate kinase"	"GO:0004594|GO:0015937"
"PPA1801"	450	"TIGRFAM"	"TIGR01455"	"glmM: phosphoglucosamine mutase"	5	445	"0.0"	"IPR006352"	"Phosphoglucosamine mutase, bacterial type"	"GO:0000287|GO:0005975|GO:0008966"
"PPA1803"	147	"TIGRFAM"	"TIGR01066"	"rplM_bact: ribosomal protein uL13"	7	141	"2.0E-57"	"IPR005823"	"Ribosomal protein L13, bacterial-type"	"GO:0003735|GO:0005840|GO:0006412"
"PPA1808"	314	"TIGRFAM"	"TIGR00091"	"TIGR00091: tRNA (guanine-N(7)-)-methyltransferase"	127	310	"6.2E-42"	"IPR003358"	"tRNA (guanine-N-7) methyltransferase, Trmb type"	"GO:0006400|GO:0008176"
"PPA1809"	279	"TIGRFAM"	"TIGR00071"	"hisT_truA: tRNA pseudouridine(38-40) synthase"	6	244	"3.0E-49"	"IPR001406"	"Pseudouridine synthase I, TruA"	"GO:0001522|GO:0003723|GO:0009451|GO:0009982"
"PPA1825"	178	"TIGRFAM"	"TIGR00059"	"L17: ribosomal protein bL17"	9	116	"1.2E-35"	"IPR000456"	"Ribosomal protein L17"	"GO:0003735|GO:0005840|GO:0006412"
"PPA1826"	338	"TIGRFAM"	"TIGR02027"	"rpoA: DNA-directed RNA polymerase, alpha subunit"	19	310	"1.4E-112"	"IPR011773"	"DNA-directed RNA polymerase, alpha subunit"	"GO:0003677|GO:0003899|GO:0006351"
"PPA1827"	201	"TIGRFAM"	"TIGR01017"	"rpsD_bact: ribosomal protein uS4"	3	201	"5.9E-80"	"IPR005709"	"Ribosomal protein S4, bacterial-type"	"GO:0003735|GO:0006412|GO:0015935"
"PPA1828"	135	"TIGRFAM"	"TIGR03632"	"uS11_bact: ribosomal protein uS11"	16	132	"6.2E-57"	"IPR019981"	"Ribosomal protein S11, bacterial-type"	"GO:0003735|GO:0005840|GO:0006412"
"PPA1829"	123	"TIGRFAM"	"TIGR03631"	"uS13_bact: ribosomal protein uS13"	3	115	"9.3E-50"	"IPR019980"	"Ribosomal protein S13, bacterial-type"	"GO:0003723|GO:0003735|GO:0005840|GO:0006412"
"PPA1831"	37	"TIGRFAM"	"TIGR01022"	"rpmJ_bact: ribosomal protein bL36"	1	37	"4.7E-23"	"IPR000473"	"Ribosomal protein L36"	"GO:0003735|GO:0005840|GO:0006412"
"PPA1832"	73	"TIGRFAM"	"TIGR00008"	"infA: translation initiation factor IF-1"	4	72	"2.3E-36"	"IPR004368"	"Translation initiation factor IF-1"	"GO:0003743|GO:0006413"
"PPA1833"	279	"TIGRFAM"	"TIGR00500"	"met_pdase_I: methionine aminopeptidase, type I"	8	260	"1.2E-78"	"IPR002467"	"Peptidase M24A, methionine aminopeptidase, subfamily 1"	"GO:0006508|GO:0070006"
"PPA1835"	439	"TIGRFAM"	"TIGR00967"	"3a0501s007: preprotein translocase, SecY subunit"	15	433	"0.0"	"IPR002208"	"SecY/SEC61-alpha family"	"GO:0015031|GO:0016020"
"PPA1842"	146	"TIGRFAM"	"TIGR01071"	"rplO_bact: ribosomal protein uL15"	4	143	"3.6E-43"	"IPR005749"	"Ribosomal protein L15, bacterial-type"	"GO:0003735|GO:0006412|GO:0015934"
"PPA1843"	60	"TIGRFAM"	"TIGR01308"	"rpmD_bact: ribosomal protein uL30"	4	58	"6.9E-24"	"IPR005996"	"Ribosomal protein L30, bacterial-type"	"GO:0003735|GO:0006412|GO:0015934"
"PPA1844"	215	"TIGRFAM"	"TIGR01021"	"rpsE_bact: ribosomal protein uS5"	32	186	"2.4E-68"	"IPR005712"	"Ribosomal protein S5, bacterial-type"	"GO:0003735|GO:0006412|GO:0015935"
"PPA1845"	127	"TIGRFAM"	"TIGR00060"	"L18_bact: ribosomal protein uL18"	15	127	"8.8E-37"	"IPR004389"	"Ribosomal protein L18, bacterial-type"	"GO:0003735|GO:0005840|GO:0006412"
"PPA1846"	180	"TIGRFAM"	"TIGR03654"	"L6_bact: ribosomal protein uL6"	2	178	"9.1E-73"	"IPR019906"	"Ribosomal protein L6, bacterial-type"	"GO:0003735|GO:0005840|GO:0006412|GO:0019843"
"PPA1851"	122	"TIGRFAM"	"TIGR01079"	"rplX_bact: ribosomal protein uL24"	4	110	"4.0E-26"	"IPR003256"	"Ribosomal protein L24"	"GO:0003735|GO:0005840|GO:0006412"
"PPA1852"	122	"TIGRFAM"	"TIGR01067"	"rplN_bact: ribosomal protein uL14"	1	122	"2.8E-57"	"IPR005745"	"Ribosomal protein L14P, bacterial-type"	"GO:0003735|GO:0006412|GO:0015934"
"PPA1853"	90	"TIGRFAM"	"TIGR03635"	"uS17_bact: ribosomal protein uS17"	12	83	"2.6E-35"	"IPR019984"	"30S ribosomal protein S17"	"GO:0003735|GO:0005840|GO:0006412"
"PPA1855"	77	"TIGRFAM"	"TIGR00012"	"L29: ribosomal protein uL29"	8	63	"2.2E-24"	"IPR001854"	"Ribosomal protein L29/L35"	"GO:0003735|GO:0005840|GO:0006412"
"PPA1856"	139	"TIGRFAM"	"TIGR01164"	"rplP_bact: ribosomal protein uL16"	2	127	"1.3E-56"	"IPR000114"	"Ribosomal protein L16"	"GO:0003735|GO:0006412|GO:0019843"
"PPA1857"	269	"TIGRFAM"	"TIGR01009"	"rpsC_bact: ribosomal protein uS3"	1	208	"6.2E-90"	"IPR005704"	"Ribosomal protein S3, bacterial-type"	"GO:0003735|GO:0006412"
"PPA1858"	153	"TIGRFAM"	"TIGR01044"	"rplV_bact: ribosomal protein uL22"	22	124	"6.1E-38"	"IPR005727"	"Ribosomal protein L22, bacterial/chloroplast-type"	"GO:0003735|GO:0006412|GO:0015934"
"PPA1859"	93	"TIGRFAM"	"TIGR01050"	"rpsS_bact: ribosomal protein uS19"	1	92	"7.9E-46"	"IPR005732"	"Ribosomal protein S19, bacterial-type"	"GO:0003735|GO:0006412|GO:0015935"
"PPA1860"	278	"TIGRFAM"	"TIGR01171"	"rplB_bact: ribosomal protein uL2"	3	273	"1.5E-130"	"IPR005880"	"Ribosomal protein L2, bacterial/organellar-type"	"GO:0003723|GO:0003735|GO:0006412|GO:0015934|GO:0016740"
"PPA1862"	301	"TIGRFAM"	"TIGR03953"	"rplD_bact: 50S ribosomal protein uL4"	21	205	"6.9E-68"	"IPR013005"	"50S ribosomal protein uL4"	"-"
"PPA1863"	223	"TIGRFAM"	"TIGR03625"	"L3_bact: 50S ribosomal protein uL3"	9	210	"2.5E-89"	"IPR019927"	"Ribosomal protein L3, bacterial/organelle-type"	"GO:0003735|GO:0005840|GO:0006412"
"PPA1865"	103	"TIGRFAM"	"TIGR01049"	"rpsJ_bact: ribosomal protein uS10"	4	101	"2.2E-47"	"IPR001848"	"Ribosomal protein S10"	"GO:0003735|GO:0005840|GO:0006412"
"PPA1869"	497	"TIGRFAM"	"TIGR00464"	"gltX_bact: glutamate--tRNA ligase"	8	489	"2.5E-127"	"IPR004527"	"Glutamate-tRNA ligase, bacterial/mitochondrial"	"GO:0000166|GO:0004818|GO:0005524|GO:0006424"
"PPA1870"	565	"TIGRFAM"	"TIGR00440"	"glnS: glutamine--tRNA ligase"	33	558	"0.0"	"IPR004514"	"Glutamine-tRNA synthetase"	"GO:0000166|GO:0004819|GO:0005524|GO:0005737|GO:0006425"
"PPA1873"	397	"TIGRFAM"	"TIGR00231"	"small_GTP: small GTP-binding protein domain"	14	151	"5.7E-14"	"IPR005225"	"Small GTP-binding protein domain"	"GO:0005525"
"PPA1873"	397	"TIGRFAM"	"TIGR00485"	"EF-Tu: translation elongation factor Tu"	1	397	"0.0"	"IPR004541"	"Translation elongation factor EFTu/EF1A, bacterial/organelle"	"GO:0003746|GO:0005525|GO:0006414"
"PPA1875"	697	"TIGRFAM"	"TIGR00231"	"small_GTP: small GTP-binding protein domain"	8	179	"7.7E-35"	"IPR005225"	"Small GTP-binding protein domain"	"GO:0005525"
"PPA1875"	697	"TIGRFAM"	"TIGR00484"	"EF-G: translation elongation factor G"	3	694	"0.0"	"IPR004540"	"Translation elongation factor EFG/EF2"	"GO:0003746|GO:0005525|GO:0006414"
"PPA1876"	156	"TIGRFAM"	"TIGR01029"	"rpsG_bact: ribosomal protein uS7"	3	156	"7.8E-67"	"IPR005717"	"Ribosomal protein S7, bacterial/organellar-type"	"GO:0003735|GO:0006412|GO:0015935"
"PPA1878"	140	"TIGRFAM"	"TIGR00981"	"rpsL_bact: ribosomal protein uS12"	19	140	"3.2E-66"	"IPR005679"	"Ribosomal protein S12, bacterial-type"	"GO:0003735|GO:0006412|GO:0015935"
"PPA1881"	137	"TIGRFAM"	"TIGR03769"	"P_ac_wall_RPT: actinobacterial surface-anchored protein domain"	32	76	"2.9E-19"	"IPR022435"	"Surface-anchored repeat, actinobacteria"	"-"
"PPA1882"	348	"TIGRFAM"	"TIGR03769"	"P_ac_wall_RPT: actinobacterial surface-anchored protein domain"	193	234	"1.7E-15"	"IPR022435"	"Surface-anchored repeat, actinobacteria"	"-"
"PPA1883"	1293	"TIGRFAM"	"TIGR02386"	"rpoC_TIGR: DNA-directed RNA polymerase, beta' subunit"	10	1248	"0.0"	"IPR012754"	"DNA-directed RNA polymerase, subunit beta-prime, bacterial type"	"GO:0003677|GO:0003899|GO:0006351"
"PPA1884"	1159	"TIGRFAM"	"TIGR02013"	"rpoB: DNA-directed RNA polymerase, beta subunit"	235	842	"0.0"	"IPR010243"	"DNA-directed RNA polymerase beta subunit, bacterial-type"	"GO:0003677|GO:0003899|GO:0006351"
"PPA1885"	130	"TIGRFAM"	"TIGR00855"	"L12: ribosomal protein bL12"	1	130	"3.1E-46"	"IPR000206"	"Ribosomal protein L7/L12"	"GO:0003735|GO:0005840|GO:0006412"
"PPA1889"	232	"TIGRFAM"	"TIGR01169"	"rplA_bact: ribosomal protein uL1"	2	225	"1.5E-101"	"IPR005878"	"Ribosomal protein L1, bacterial-type"	"GO:0003723|GO:0003735|GO:0006412|GO:0015934"
"PPA1890"	143	"TIGRFAM"	"TIGR01632"	"L11_bact: ribosomal protein uL11"	5	142	"2.0E-60"	"IPR006519"	"Ribosomal protein L11, bacterial-type"	"GO:0003735|GO:0005840|GO:0006412"
"PPA1891"	303	"TIGRFAM"	"TIGR00922"	"nusG: transcription termination/antitermination factor NusG"	118	303	"1.7E-54"	"IPR001062"	"Transcription antitermination protein, NusG"	"GO:0032784"
"PPA1892"	216	"TIGRFAM"	"TIGR00964"	"secE_bact: preprotein translocase, SecE subunit"	160	214	"6.4E-17"	"IPR005807"	"SecE subunit of protein translocation complex, bacterial-like"	"GO:0008320|GO:0009306|GO:0016021"
"PPA1894"	376	"TIGRFAM"	"TIGR00179"	"murB: UDP-N-acetylenolpyruvoylglucosamine reductase"	40	373	"3.0E-48"	"IPR003170"	"UDP-N-acetylenolpyruvoylglucosamine reductase"	"GO:0008762"
"PPA1897"	56	"TIGRFAM"	"TIGR01023"	"rpmG_bact: ribosomal protein bL33"	1	56	"1.4E-24"	"IPR001705"	"Ribosomal protein L33"	"GO:0003735|GO:0005840|GO:0006412"
"PPA1898"	297	"TIGRFAM"	"TIGR00633"	"xth: exodeoxyribonuclease III (xth)"	1	295	"3.4E-55"	"IPR004808"	"AP endonuclease 1"	"GO:0004518|GO:0006281"
"PPA1904"	640	"TIGRFAM"	"TIGR03710"	"OAFO_sf: 2-oxoacid:acceptor oxidoreductase, alpha subunit"	22	623	"0.0"	"IPR022367"	"2-oxoacid:acceptor oxidoreductase, alpha subunit"	"-"
"PPA1920"	260	"TIGRFAM"	"TIGR02434"	"CobF: precorrin-6A synthase (deacetylating)"	3	259	"2.0E-108"	"IPR012797"	"Precorrin-6A synthase [deacetylating]"	"GO:0009236|GO:0043819"
"PPA1922"	538	"TIGRFAM"	"TIGR01770"	"NDH_I_N: proton-translocating NADH-quinone oxidoreductase, chain N"	28	527	"7.6E-107"	"IPR010096"	"NAD(P)H-quinone oxidoreductase, subunit N/subunit 2"	"GO:0008137|GO:0042773"
"PPA1923"	497	"TIGRFAM"	"TIGR01972"	"NDH_I_M: proton-translocating NADH-quinone oxidoreductase, chain M"	6	482	"0.0"	"IPR010227"	"NADH-quinone oxidoreductase, chain M/4"	"GO:0008137|GO:0042773"
"PPA1924"	628	"TIGRFAM"	"TIGR01974"	"NDH_I_L: proton-translocating NADH-quinone oxidoreductase, chain L"	11	620	"0.0"	"IPR018393"	"NADH-plastoquinone oxidoreductase, chain 5 subgroup"	"GO:0008137|GO:0042773"
"PPA1928"	198	"TIGRFAM"	"TIGR01971"	"NuoI: NADH-quinone oxidoreductase, chain I"	6	135	"1.9E-37"	"IPR010226"	"NADH-quinone oxidoreductase, chain I"	"GO:0016020|GO:0016651|GO:0051539"
"PPA1930"	812	"TIGRFAM"	"TIGR01973"	"NuoG: NADH dehydrogenase (quinone), G subunit"	13	646	"0.0"	"IPR010228"	"NADH:ubiquinone oxidoreductase, subunit G"	"GO:0016651|GO:0051536"
"PPA1931"	444	"TIGRFAM"	"TIGR01959"	"nuoF_fam: NADH oxidoreductase (quinone), F subunit"	9	412	"0.0"	"IPR011537"	"NADH ubiquinone oxidoreductase, F subunit"	"GO:0010181|GO:0051287|GO:0051539"
"PPA1932"	261	"TIGRFAM"	"TIGR01958"	"nuoE_fam: NADH-quinone oxidoreductase, E subunit"	45	187	"1.8E-46"	"IPR002023"	"NADH-quinone oxidoreductase subunit E-like"	"GO:0016491"
"PPA1933"	433	"TIGRFAM"	"TIGR01962"	"NuoD: NADH dehydrogenase (quinone), D subunit"	28	433	"0.0"	"IPR022885"	"NAD(P)H-quinone oxidoreductase subunit D/H"	"GO:0016651"
"PPA1934"	274	"TIGRFAM"	"TIGR01961"	"NuoC_fam: NADH (or F420H2) dehydrogenase, subunit C"	117	253	"1.5E-38"	"IPR010218"	"NADH dehydrogenase, subunit C"	"GO:0016651"
"PPA1935"	185	"TIGRFAM"	"TIGR01957"	"nuoB_fam: NADH-quinone oxidoreductase, B subunit"	12	152	"3.6E-65"	"IPR006138"	"NADH-ubiquinone oxidoreductase, 20 Kd subunit"	"GO:0008137|GO:0048038|GO:0051539"
"PPA1938"	420	"TIGRFAM"	"TIGR02032"	"GG-red-SF: geranylgeranyl reductase family"	8	325	"1.5E-73"	"IPR011777"	"Geranylgeranyl reductase family"	"GO:0016628"
"PPA1943"	340	"TIGRFAM"	"TIGR01934"	"MenG_MenH_UbiE: ubiquinone/menaquinone biosynthesis methyltransferase"	103	319	"1.4E-72"	"IPR004033"	"UbiE/COQ5 methyltransferase"	"GO:0008168"
"PPA1944"	607	"TIGRFAM"	"TIGR03491"	"TIGR03491: putative RecB family nuclease, TM0106 family"	263	576	"6.9E-38"	"IPR019993"	"RecB family nuclease, TM0106, putative"	"-"
"PPA1945"	292	"TIGRFAM"	"TIGR00751"	"menA: 1,4-dihydroxy-2-naphthoate octaprenyltransferase"	12	284	"2.6E-83"	"-"	"-"	""
"PPA1947"	342	"TIGRFAM"	"TIGR02363"	"dhaK1: dihydroxyacetone kinase, DhaK subunit"	10	337	"0.0"	"IPR012736"	"Dihydroxyacetone kinase DhaK, subunit 1"	"-"
"PPA1948"	214	"TIGRFAM"	"TIGR02365"	"dha_L_ycgS: dihydroxyacetone kinase, L subunit"	10	203	"6.2E-70"	"IPR012737"	"Dihydroxyacetone kinase, subunit L"	"GO:0016772"
"PPA1949"	141	"TIGRFAM"	"TIGR02364"	"dha_pts: dihydroxyacetone kinase, phosphotransfer subunit"	6	130	"1.7E-36"	"IPR012844"	"Dihydroxyacetone kinase phosphotransferase subunit, N-terminal domain"	"-"
"PPA1951"	311	"TIGRFAM"	"TIGR01297"	"CDF: cation diffusion facilitator family transporter"	22	291	"2.3E-68"	"IPR002524"	"Cation efflux protein"	"GO:0006812|GO:0008324|GO:0016021|GO:0055085"
"PPA1954"	272	"TIGRFAM"	"TIGR01460"	"HAD-SF-IIA: HAD hydrolase, family IIA"	24	244	"6.3E-48"	"IPR006357"	"HAD-superfamily hydrolase, subfamily IIA"	"-"
"PPA1969"	355	"TIGRFAM"	"TIGR00878"	"purM: phosphoribosylformylglycinamidine cyclo-ligase"	6	337	"1.6E-124"	"IPR004733"	"Phosphoribosylformylglycinamidine cyclo-ligase"	"GO:0004641|GO:0006189"
"PPA1970"	495	"TIGRFAM"	"TIGR01134"	"purF: amidophosphoribosyltransferase"	23	471	"0.0"	"IPR005854"	"Amidophosphoribosyltransferase"	"GO:0004044|GO:0009113"
"PPA1976"	695	"TIGRFAM"	"TIGR00566"	"trpG_papA: glutamine amidotransferase of anthranilate synthase or aminodeoxychorismate synthase"	1	190	"2.1E-41"	"IPR006221"	"Anthranilate synthase/para-aminobenzoate synthase like domain"	"-"
"PPA1976"	695	"TIGRFAM"	"TIGR00553"	"pabB: aminodeoxychorismate synthase, component I"	325	676	"1.1E-98"	"IPR005802"	"Aminodeoxychorismate synthase, component I"	"GO:0009396"
"PPA1977"	750	"TIGRFAM"	"TIGR01736"	"FGAM_synth_II: phosphoribosylformylglycinamidine synthase II"	23	747	"0.0"	"IPR010074"	"Phosphoribosylformylglycinamidine subunit PurL"	"GO:0004642|GO:0006189"
"PPA1979"	844	"TIGRFAM"	"TIGR02412"	"pepN_strep_liv: aminopeptidase N"	2	841	"0.0"	"IPR012778"	"Peptidase M1, aminopeptidase"	"GO:0004177|GO:0006508"
"PPA1987"	224	"TIGRFAM"	"TIGR01737"	"FGAM_synth_I: phosphoribosylformylglycinamidine synthase I"	2	218	"2.3E-79"	"IPR010075"	"Phosphoribosylformylglycinamidine synthase subunit PurQ"	"GO:0004642|GO:0006189"
"PPA1988"	421	"TIGRFAM"	"TIGR00081"	"purC: phosphoribosylaminoimidazolesuccinocarboxamide synthase"	11	289	"6.0E-69"	"IPR001636"	"Phosphoribosylaminoimidazole-succinocarboxamide synthase"	"GO:0004639|GO:0006164"
"PPA1989"	187	"TIGRFAM"	"TIGR03137"	"AhpC: peroxiredoxin"	1	187	"2.2E-99"	"IPR017559"	"Alkyl hydroperoxide reductase subunit C"	"GO:0006979|GO:0051920"
"PPA1990"	568	"TIGRFAM"	"TIGR03140"	"AhpF: alkyl hydroperoxide reductase subunit F"	45	563	"0.0"	"IPR012081"	"Alkyl hydroperoxide reductase subunit F"	"GO:0000302|GO:0008785|GO:0050660|GO:0051287"
"PPA1992"	477	"TIGRFAM"	"TIGR00928"	"purB: adenylosuccinate lyase"	7	453	"2.1E-118"	"IPR004769"	"Adenylosuccinate lyase"	"GO:0004018|GO:0009152"
"PPA1993"	439	"TIGRFAM"	"TIGR00877"	"purD: phosphoribosylamine--glycine ligase"	1	411	"0.0"	"IPR000115"	"Phosphoribosylglycinamide synthetase"	"GO:0004637|GO:0009113"
"PPA1994"	428	"TIGRFAM"	"TIGR00184"	"purA: adenylosuccinate synthase"	5	425	"0.0"	"IPR001114"	"Adenylosuccinate synthetase"	"GO:0000166|GO:0004019|GO:0006164"
"PPA2003"	620	"TIGRFAM"	"TIGR00231"	"small_GTP: small GTP-binding protein domain"	8	149	"2.2E-24"	"IPR005225"	"Small GTP-binding protein domain"	"GO:0005525"
"PPA2003"	620	"TIGRFAM"	"TIGR01394"	"TypA_BipA: GTP-binding protein TypA/BipA"	7	612	"0.0"	"IPR006298"	"GTP-binding protein TypA"	"GO:0005525"
"PPA2011"	341	"TIGRFAM"	"TIGR01520"	"FruBisAldo_II_A: fructose-bisphosphate aldolase, class II"	3	334	"5.7E-127"	"IPR006411"	"Fructose-bisphosphate aldolase, class II, yeast/E. coli subtype"	"GO:0004332|GO:0006096"
"PPA2011"	341	"TIGRFAM"	"TIGR00167"	"cbbA: ketose-bisphosphate aldolase"	11	337	"5.8E-72"	"IPR000771"	"Fructose-bisphosphate aldolase, class-II"	"GO:0005975|GO:0008270|GO:0016832"
"PPA2021"	857	"TIGRFAM"	"TIGR03346"	"chaperone_ClpB: ATP-dependent chaperone protein ClpB"	5	849	"0.0"	"IPR017730"	"Chaperonin ClpB"	"GO:0005737|GO:0009408|GO:0042026"
"PPA2022"	452	"TIGRFAM"	"TIGR00796"	"livcs: branched-chain amino acid transport system II carrier protein"	16	427	"6.9E-122"	"IPR004685"	"Branched-chain amino acid transport system II carrier protein"	"GO:0015658|GO:0015803|GO:0016021"
"PPA2034"	525	"TIGRFAM"	"TIGR01625"	"YidE_YbjL_dupl: AspT/YidE/YbjL antiporter duplication domain"	359	506	"1.4E-29"	"IPR006512"	"YidE/YbjL duplication"	"-"
"PPA2038"	380	"TIGRFAM"	"TIGR02349"	"DnaJ_bact: chaperone protein DnaJ"	10	367	"9.8E-120"	"IPR012724"	"Chaperone DnaJ"	"GO:0005524|GO:0006457|GO:0009408|GO:0051082"
"PPA2040"	617	"TIGRFAM"	"TIGR02350"	"prok_dnaK: chaperone protein DnaK"	4	576	"0.0"	"IPR012725"	"Chaperone DnaK"	"GO:0005524|GO:0006457|GO:0051082"
"PPA2045"	224	"TIGRFAM"	"TIGR00126"	"deoC: deoxyribose-phosphate aldolase"	11	217	"8.4E-72"	"IPR011343"	"Deoxyribose-phosphate aldolase"	"GO:0004139|GO:0005737|GO:0009264"
"PPA2048"	883	"TIGRFAM"	"TIGR01828"	"pyru_phos_dikin: pyruvate, phosphate dikinase"	4	878	"0.0"	"IPR010121"	"Pyruvate, phosphate dikinase"	"GO:0006090|GO:0050242"
"PPA2051"	285	"TIGRFAM"	"TIGR01488"	"HAD-SF-IB: HAD phosphoserine phosphatase-like hydrolase, family IB"	80	250	"6.7E-31"	"-"	"-"	""
"PPA2051"	285	"TIGRFAM"	"TIGR00338"	"serB: phosphoserine phosphatase SerB"	78	278	"2.4E-60"	"IPR004469"	"Phosphoserine phosphatase"	"GO:0006564|GO:0036424"
"PPA2053"	504	"TIGRFAM"	"TIGR03458"	"YgfH_subfam: succinate CoA transferase"	10	501	"0.0"	"IPR017821"	"Succinate CoA transferase"	"GO:0006084|GO:0016740"
"PPA2066"	684	"TIGRFAM"	"TIGR01727"	"oligo_HPY: oligopeptide/dipeptide ABC transporter, ATP-binding protein, C-terminal domain"	589	674	"1.4E-23"	"IPR013563"	"Oligopeptide/dipeptide ABC transporter, C-terminal"	"GO:0000166|GO:0005524|GO:0015833"
"PPA2066"	684	"TIGRFAM"	"TIGR01727"	"oligo_HPY: oligopeptide/dipeptide ABC transporter, ATP-binding protein, C-terminal domain"	238	314	"2.5E-20"	"IPR013563"	"Oligopeptide/dipeptide ABC transporter, C-terminal"	"GO:0000166|GO:0005524|GO:0015833"
"PPA2083"	197	"TIGRFAM"	"TIGR02185"	"Trep_Strep: putative ECF transporter S component, Trep_Strep family"	5	191	"3.9E-27"	"IPR011733"	"Conserved hypothetical CHP02185, integral membrane"	"-"
"PPA2094"	381	"TIGRFAM"	"TIGR03181"	"PDH_E1_alph_x: pyruvate dehydrogenase (acetyl-transferring) E1 component, alpha subunit"	31	373	"1.0E-125"	"IPR017596"	"Pyruvate dehydrogenase E1 component subunit alpha/BCKADH E1-alpha"	"-"
"PPA2095"	456	"TIGRFAM"	"TIGR00562"	"proto_IX_ox: protoporphyrinogen oxidase"	2	450	"1.3E-37"	"IPR004572"	"Protoporphyrinogen oxidase"	"GO:0004729|GO:0006779"
"PPA2096"	426	"TIGRFAM"	"TIGR04053"	"sam_11: radical SAM protein, BA_1875 family"	40	407	"0.0"	"-"	"-"	""
"PPA2115"	199	"TIGRFAM"	"TIGR02150"	"IPP_isom_1: isopentenyl-diphosphate delta-isomerase"	21	186	"2.7E-43"	"IPR011876"	"Isopentenyl-diphosphate delta-isomerase, type 1"	"GO:0004452|GO:0008299"
"PPA2121"	856	"TIGRFAM"	"TIGR02506"	"NrdE_NrdA: ribonucleoside-diphosphate reductase, alpha subunit"	162	776	"0.0"	"IPR013346"	"Ribonucleotide reductase, class I , alpha subunit"	"-"
"PPA2128"	556	"TIGRFAM"	"TIGR00456"	"argS: arginine--tRNA ligase"	19	556	"0.0"	"IPR001278"	"Arginine-tRNA ligase"	"GO:0004814|GO:0005524|GO:0006420"
"PPA2136"	171	"TIGRFAM"	"TIGR02491"	"NrdG: anaerobic ribonucleoside-triphosphate reductase activating protein"	3	151	"1.5E-40"	"IPR012837"	"Ribonucleoside-triphosphate reductase activating, anaerobic"	"GO:0043365|GO:0051539"
"PPA2137"	780	"TIGRFAM"	"TIGR02487"	"NrdD: anaerobic ribonucleoside-triphosphate reductase"	323	779	"0.0"	"IPR012833"	"Ribonucleoside-triphosphate reductase, anaerobic"	"GO:0006260|GO:0008998|GO:0016491"
"PPA2138"	153	"TIGRFAM"	"TIGR00481"	"TIGR00481: Raf kinase inhibitor-like protein, YbhB/YbcL family"	23	148	"1.8E-32"	"IPR005247"	"YbhB/YbcL"	"-"
"PPA2144"	286	"TIGRFAM"	"TIGR03943"	"TIGR03943: TIGR03943 family protein"	28	285	"7.2E-38"	"IPR015402"	"Protein of unknown function DUF1980"	"-"
"PPA2147"	643	"TIGRFAM"	"TIGR01695"	"murJ_mviN: murein biosynthesis integral membrane protein MurJ"	114	629	"9.8E-74"	"IPR004268"	"Peptidoglycan biosynthesis protein MurJ"	"-"
"PPA2148"	424	"TIGRFAM"	"TIGR00657"	"asp_kinases: aspartate kinase"	63	409	"3.9E-115"	"IPR001341"	"Aspartate kinase"	"GO:0004072|GO:0008652"
"PPA2148"	424	"TIGRFAM"	"TIGR00656"	"asp_kin_monofn: aspartate kinase, monofunctional class"	3	409	"9.3E-122"	"IPR005260"	"Aspartate kinase, monofunctional class"	"GO:0004072|GO:0009089"
"PPA2151"	222	"TIGRFAM"	"TIGR01382"	"PfpI: intracellular protease, PfpI family"	49	219	"1.3E-49"	"IPR006286"	"Deglycase PfpI"	"-"
"PPA2155"	345	"TIGRFAM"	"TIGR01727"	"oligo_HPY: oligopeptide/dipeptide ABC transporter, ATP-binding protein, C-terminal domain"	250	335	"4.6E-26"	"IPR013563"	"Oligopeptide/dipeptide ABC transporter, C-terminal"	"GO:0000166|GO:0005524|GO:0015833"
"PPA2156"	353	"TIGRFAM"	"TIGR01727"	"oligo_HPY: oligopeptide/dipeptide ABC transporter, ATP-binding protein, C-terminal domain"	242	333	"6.1E-24"	"IPR013563"	"Oligopeptide/dipeptide ABC transporter, C-terminal"	"GO:0000166|GO:0005524|GO:0015833"
"PPA2157"	81	"TIGRFAM"	"TIGR00105"	"L31: ribosomal protein bL31"	1	80	"1.0E-23"	"IPR002150"	"Ribosomal protein L31"	"GO:0003735|GO:0005840|GO:0006412"
"PPA2158"	78	"TIGRFAM"	"TIGR00009"	"L28: ribosomal protein bL28"	1	57	"3.0E-24"	"IPR001383"	"Ribosomal protein L28"	"GO:0003735|GO:0005840|GO:0006412"
"PPA2160"	56	"TIGRFAM"	"TIGR01023"	"rpmG_bact: ribosomal protein bL33"	1	56	"1.6E-23"	"IPR001705"	"Ribosomal protein L33"	"GO:0003735|GO:0005840|GO:0006412"
"PPA2162"	56	"TIGRFAM"	"TIGR01031"	"rpmF_bact: ribosomal protein bL32"	2	34	"2.5E-8"	"IPR002677"	"Ribosomal protein L32p"	"GO:0003735|GO:0006412|GO:0015934"
"PPA2167"	398	"TIGRFAM"	"TIGR01879"	"hydantase: amidase, hydantoinase/carbamoylase family"	10	393	"8.2E-79"	"IPR010158"	"Amidase, carbamoylase-type"	"GO:0016813"
"PPA2169"	396	"TIGRFAM"	"TIGR01224"	"hutI: imidazolonepropionase"	27	383	"3.2E-105"	"IPR005920"	"Imidazolonepropionase"	"GO:0005737|GO:0016812|GO:0019556"
"PPA2170"	511	"TIGRFAM"	"TIGR01225"	"hutH: histidine ammonia-lyase"	10	507	"0.0"	"IPR005921"	"Histidine ammonia-lyase"	"GO:0004397|GO:0005737|GO:0006548"
"PPA2175"	343	"TIGRFAM"	"TIGR00413"	"rlpA: rare lipoprotein A"	261	338	"9.4E-26"	"IPR012997"	"Rare lipoprotein A"	"-"
"PPA2183"	243	"TIGRFAM"	"TIGR03941"	"tRNA_deam_assoc: putative tRNA adenosine deaminase-associated protein"	92	237	"4.2E-40"	"IPR023869"	"tRNA adenosine deaminase-associated protein, putative"	"-"
"PPA2184"	213	"TIGRFAM"	"TIGR01091"	"upp: uracil phosphoribosyltransferase"	3	210	"2.2E-71"	"IPR005765"	"Uracil phosphoribosyl transferase"	"GO:0004845|GO:0006223"
"PPA2190"	617	"TIGRFAM"	"TIGR00350"	"lytR_cpsA_psr: cell envelope-related function transcriptional attenuator common domain"	293	476	"1.8E-19"	"IPR004474"	"Cell envelope-related transcriptional attenuator domain"	"-"
"PPA2192"	411	"TIGRFAM"	"TIGR00131"	"gal_kin: galactokinase"	36	407	"7.5E-83"	"IPR000705"	"Galactokinase"	"GO:0004335|GO:0005524|GO:0006012|GO:0046835"
"PPA2193"	649	"TIGRFAM"	"TIGR00813"	"sss: transporter, solute:sodium symporter (SSS) family"	121	550	"7.9E-68"	"IPR001734"	"Sodium/solute symporter"	"GO:0016020|GO:0022857|GO:0055085"
"PPA2200"	333	"TIGRFAM"	"TIGR02824"	"quinone_pig3: putative NAD(P)H quinone oxidoreductase, PIG3 family"	20	332	"9.8E-115"	"IPR014189"	"Quinone oxidoreductase PIG3"	"-"
"PPA2201"	474	"TIGRFAM"	"TIGR00032"	"argG: argininosuccinate synthase"	16	423	"0.0"	"IPR001518"	"Argininosuccinate synthase"	"GO:0004055|GO:0005524|GO:0006526"
"PPA2205"	257	"TIGRFAM"	"TIGR01484"	"HAD-SF-IIB: HAD hydrolase, family IIB"	7	225	"1.5E-19"	"IPR006379"	"HAD-superfamily hydrolase, subfamily IIB"	"-"
"PPA2219"	424	"TIGRFAM"	"TIGR00414"	"serS: serine--tRNA ligase"	1	414	"2.2E-127"	"IPR002317"	"Serine-tRNA ligase, type1"	"GO:0000166|GO:0004828|GO:0005524|GO:0006434"
"PPA2220"	272	"TIGRFAM"	"TIGR02271"	"TIGR02271: conserved domain"	159	267	"1.3E-16"	"IPR019060"	"Domain of unknown function DUF2382"	"-"
"PPA2221"	243	"TIGRFAM"	"TIGR00667"	"aat: leucyl/phenylalanyl-tRNA--protein transferase"	32	215	"5.3E-44"	"IPR004616"	"Leucyl/phenylalanyl-tRNA-protein transferase"	"GO:0008914|GO:0030163"
"PPA2224"	284	"TIGRFAM"	"TIGR00753"	"undec_PP_bacA: undecaprenyl-diphosphatase UppP"	6	270	"1.2E-69"	"IPR003824"	"Undecaprenyl-diphosphatase UppP"	"GO:0016020|GO:0016311|GO:0050380"
"PPA2227"	149	"TIGRFAM"	"TIGR00158"	"L9: ribosomal protein bL9"	1	146	"3.7E-33"	"IPR020594"	"Ribosomal protein L9, bacteria/chloroplast"	"GO:0003735|GO:0005840|GO:0006412"
"PPA2228"	79	"TIGRFAM"	"TIGR00165"	"S18: ribosomal protein bS18"	10	75	"9.9E-24"	"IPR001648"	"Ribosomal protein S18"	"GO:0003735|GO:0005840|GO:0006412"
"PPA2229"	184	"TIGRFAM"	"TIGR00621"	"ssb: single-stranded DNA-binding protein"	6	131	"1.6E-31"	"IPR011344"	"Single-stranded DNA-binding protein"	"GO:0003697|GO:0006260"
"PPA2230"	96	"TIGRFAM"	"TIGR00166"	"S6: ribosomal protein bS6"	1	92	"6.5E-26"	"IPR000529"	"Ribosomal protein S6"	"GO:0003735|GO:0005840|GO:0006412|GO:0019843"
"PPA2232"	153	"TIGRFAM"	"TIGR00848"	"fruA: PTS system, fructose subfamily, IIA component"	8	135	"6.4E-35"	"IPR004715"	"Phosphotransferase system, IIA component fructose subfamily"	"GO:0008982|GO:0009401|GO:0016021"
"PPA2233"	519	"TIGRFAM"	"TIGR00829"	"FRU: PTS system, Fru family, IIB component"	29	111	"2.2E-34"	"IPR003353"	"Phosphotransferase system, fructose-specific IIB subunit"	"GO:0009401|GO:0022877"
"PPA2233"	519	"TIGRFAM"	"TIGR01427"	"PTS_IIC_fructo: PTS system, Fru family, IIC component"	155	501	"1.5E-83"	"IPR006327"	"Phosphotransferase system, fructose IIC component"	"GO:0005351|GO:0008982|GO:0009401|GO:0016021"
"PPA2239"	397	"TIGRFAM"	"TIGR00413"	"rlpA: rare lipoprotein A"	309	386	"1.9E-25"	"IPR012997"	"Rare lipoprotein A"	"-"
"PPA2240"	752	"TIGRFAM"	"TIGR01511"	"ATPase-IB1_Cu: copper-translocating P-type ATPase"	207	741	"0.0"	"-"	"-"	""
"PPA2240"	752	"TIGRFAM"	"TIGR01494"	"ATPase_P-type: HAD ATPase, P-type, family IC"	216	727	"8.5E-82"	"IPR001757"	"P-type ATPase"	"GO:0005215|GO:0005524|GO:0016021|GO:0016887"
"PPA2240"	752	"TIGRFAM"	"TIGR01525"	"ATPase-IB_hvy: heavy metal translocating P-type ATPase"	161	741	"0.0"	"IPR027256"	"P-type ATPase, subfamily IB"	"GO:0006812|GO:0016021|GO:0019829"
"PPA2244"	448	"TIGRFAM"	"TIGR00665"	"DnaB: replicative DNA helicase"	16	447	"0.0"	"IPR007692"	"DNA helicase, DnaB type"	"GO:0003677|GO:0003678|GO:0005524|GO:0006260"
"PPA2245"	333	"TIGRFAM"	"TIGR02817"	"adh_fam_1: zinc-binding alcohol dehydrogenase family protein"	3	331	"1.3E-102"	"IPR014182"	"Alcohol dehydrogenase, zinc-binding type 1"	"GO:0008270"
"PPA2247"	191	"TIGRFAM"	"TIGR00567"	"3mg: DNA-3-methyladenine glycosylase"	5	187	"4.4E-42"	"IPR003180"	"Methylpurine-DNA glycosylase"	"GO:0003677|GO:0003905|GO:0006284"
"PPA2249"	447	"TIGRFAM"	"TIGR03378"	"glycerol3P_GlpB: glycerol-3-phosphate dehydrogenase, anaerobic, B subunit"	21	434	"1.8E-62"	"IPR009158"	"Glycerol-3-phosphate dehydrogenase, GlpB subunit"	"GO:0004368"
"PPA2250"	544	"TIGRFAM"	"TIGR03377"	"glycerol3P_GlpA: glycerol-3-phosphate dehydrogenase, anaerobic, A subunit"	7	536	"0.0"	"IPR017752"	"Glycerol-3-phosphate dehydrogenase, GlpA subunit"	"GO:0004368|GO:0005886|GO:0010181|GO:0046174|GO:0050660"
"PPA2259"	448	"TIGRFAM"	"TIGR00797"	"matE: MATE efflux family protein"	25	405	"1.2E-91"	"IPR002528"	"Multi antimicrobial extrusion protein"	"GO:0015297|GO:0016020|GO:0042910|GO:0055085"
"PPA2262"	162	"TIGRFAM"	"TIGR00011"	"YbaK_EbsC: Cys-tRNA(Pro) deacylase"	10	160	"1.7E-50"	"IPR004369"	"Prolyl-tRNA editing protein, YbaK/EbsC"	"-"
"PPA2267"	748	"TIGRFAM"	"TIGR02478"	"6PF1K_euk: 6-phosphofructokinase"	14	746	"0.0"	"IPR009161"	"ATP-dependent 6-phosphofructokinase, eukaryotic-type"	"GO:0003872|GO:0005524|GO:0005737|GO:0006096"
"PPA2268"	370	"TIGRFAM"	"TIGR00518"	"alaDH: alanine dehydrogenase"	1	370	"0.0"	"IPR008141"	"Alanine dehydrogenase"	"GO:0000286|GO:0042853"
"PPA2271"	498	"TIGRFAM"	"TIGR00413"	"rlpA: rare lipoprotein A"	411	497	"8.8E-29"	"IPR012997"	"Rare lipoprotein A"	"-"
"PPA2272"	428	"TIGRFAM"	"TIGR01798"	"cit_synth_I: citrate (Si)-synthase"	15	421	"0.0"	"IPR010953"	"Citrate synthase, type I"	"GO:0004108|GO:0005737"
"PPA2273"	341	"TIGRFAM"	"TIGR01430"	"aden_deam: adenosine deaminase"	9	337	"5.5E-71"	"IPR006330"	"Adenosine/adenine deaminase"	"GO:0019239"
"PPA2274"	370	"TIGRFAM"	"TIGR00518"	"alaDH: alanine dehydrogenase"	1	370	"0.0"	"IPR008141"	"Alanine dehydrogenase"	"GO:0000286|GO:0042853"
"PPA2281"	476	"TIGRFAM"	"TIGR01319"	"glmL_fam: conserved hypothetical protein"	7	433	"8.0E-75"	"IPR006230"	"Protein MutL"	"-"
"PPA2285"	375	"TIGRFAM"	"TIGR00492"	"alr: alanine racemase"	8	373	"1.5E-98"	"IPR000821"	"Alanine racemase"	"GO:0006522|GO:0008784"
"PPA2292"	468	"TIGRFAM"	"TIGR00979"	"fumC_II: fumarate hydratase, class II"	4	461	"0.0"	"IPR005677"	"Fumarate hydratase, class II"	"GO:0004333|GO:0006106|GO:0045239"
"PPA2299"	402	"TIGRFAM"	"TIGR00045"	"TIGR00045: glycerate kinase"	30	395	"6.4E-97"	"IPR004381"	"Glycerate kinase"	"GO:0008887|GO:0031388"
"PPA2301"	507	"TIGRFAM"	"TIGR02692"	"tRNA_CCA_actino: CCA tRNA nucleotidyltransferase"	39	503	"0.0"	"IPR014065"	"tRNA adenylyltransferase"	"-"
"PPA2301"	507	"TIGRFAM"	"TIGR00277"	"HDIG: HDIG domain"	290	371	"2.7E-16"	"IPR006675"	"HDIG domain"	"-"
"PPA2304"	515	"TIGRFAM"	"TIGR01311"	"glycerol_kin: glycerol kinase"	13	508	"0.0"	"IPR005999"	"Glycerol kinase"	"GO:0004370|GO:0006072"
"PPA2309"	350	"TIGRFAM"	"TIGR01292"	"TRX_reduct: thioredoxin-disulfide reductase"	45	345	"1.2E-119"	"IPR005982"	"Thioredoxin reductase"	"GO:0004791|GO:0005737|GO:0019430"
"PPA2314"	159	"TIGRFAM"	"TIGR01068"	"thioredoxin: thioredoxin"	59	157	"2.8E-29"	"IPR005746"	"Thioredoxin"	"GO:0015035"
"PPA2318"	687	"TIGRFAM"	"TIGR00232"	"tktlase_bact: transketolase"	14	684	"0.0"	"IPR005478"	"Transketolase, bacterial-like"	"GO:0004802"
"PPA2319"	587	"TIGRFAM"	"TIGR01234"	"L-ribulokinase: ribulokinase"	23	552	"0.0"	"IPR005929"	"Ribulokinase"	"GO:0005524|GO:0008741|GO:0019569"
"PPA2322"	285	"TIGRFAM"	"TIGR01460"	"HAD-SF-IIA: HAD hydrolase, family IIA"	16	242	"9.1E-34"	"IPR006357"	"HAD-superfamily hydrolase, subfamily IIA"	"-"
"PPA2324"	160	"TIGRFAM"	"TIGR00689"	"rpiB_lacA_lacB: sugar-phosphate isomerase, RpiB/LacA/LacB family"	5	149	"4.9E-29"	"IPR003500"	"Sugar-phosphate isomerase, RpiB/LacA/LacB family"	"GO:0005975|GO:0016853"
"PPA2327"	357	"TIGRFAM"	"TIGR00695"	"uxuA: mannonate dehydratase"	137	354	"6.0E-61"	"IPR004628"	"Mannonate dehydratase"	"GO:0006064|GO:0008927"
"PPA2331"	474	"TIGRFAM"	"TIGR00792"	"gph: sugar (Glycoside-Pentoside-Hexuronide) transporter"	24	463	"3.0E-89"	"IPR001927"	"Sodium:galactoside symporter"	"GO:0006814|GO:0016020"
"PPA2340"	190	"TIGRFAM"	"TIGR03954"	"integ_memb_HG: integral membrane protein"	84	165	"1.9E-26"	"IPR023845"	"Domain of unknown function DUF3817, transmembrane"	"-"
"PPA2341"	306	"TIGRFAM"	"TIGR00180"	"parB_part: ParB/RepB/Spo0J family partition protein"	47	221	"8.0E-55"	"IPR004437"	"ParB/RepB/Spo0J partition protein"	"GO:0003677"
"PPA2344"	208	"TIGRFAM"	"TIGR00138"	"rsmG_gidB: 16S rRNA (guanine(527)-N(7))-methyltransferase RsmG"	22	180	"4.5E-39"	"IPR003682"	"rRNA small subunit methyltransferase G"	"GO:0005737|GO:0006364|GO:0008649"
"PPA2350"	359	"TIGRFAM"	"TIGR03592"	"yidC_oxa1_cterm: membrane protein insertase, YidC/Oxa1 family"	51	266	"7.1E-65"	"IPR028055"	"Membrane insertase YidC/Oxa1, C-terminal"	"-"
"PPA2351"	167	"TIGRFAM"	"TIGR00278"	"TIGR00278: putative membrane protein insertion efficiency factor"	42	106	"7.9E-23"	"IPR002696"	"Putative membrane protein insertion efficiency factor"	"-"
"PPA2352"	85	"TIGRFAM"	"TIGR00188"	"rnpA: ribonuclease P protein component"	8	79	"1.3E-14"	"IPR000100"	"Ribonuclease P"	"GO:0000049|GO:0004526|GO:0008033"
"PPA2353"	44	"TIGRFAM"	"TIGR01030"	"rpmH_bact: ribosomal protein bL34"	1	44	"1.4E-20"	"IPR000271"	"Ribosomal protein L34"	"GO:0003735|GO:0005840|GO:0006412"
"PPA2382"	88	"TIGRFAM"	"TIGR02949"	"anti_SigH_actin: anti-sigma factor, TIGR02949 family"	6	87	"2.0E-35"	"IPR014295"	"Anti-sigma factor"	"-"
"PPA2407"	100	"TIGRFAM"	"TIGR02605"	"CxxC_CxxC_SSSS: putative regulatory protein, FmdB family"	1	51	"8.5E-21"	"IPR013429"	"Putative regulatory protein, FmdB, Zinc ribbon domain"	"-"
