"protein_accession"	"sequence_length"	"analysis"	"signature_accession"	"signature_description"	"start_location"	"stop_location"	"e_value"	"interpro_annotations_accession"	"interpro_annotation_description"	"GO-annotation"
"PPA0009"	690	"ProSiteProfiles"	"PS50880"	"Toprim domain profile."	468	582	"19.450474"	"IPR006171"	"TOPRIM  domain"	"-"
"PPA0014"	335	"ProSiteProfiles"	"PS50932"	"LacI-type HTH domain profile."	5	59	"28.523338"	"IPR000843"	"LacI-type HTH domain"	"GO:0003677|GO:0006355"
"PPA0015"	501	"ProSiteProfiles"	"PS50893"	"ATP-binding cassette, ABC transporter-type domain profile."	251	493	"18.054018"	"IPR003439"	"ABC transporter-like, ATP-binding domain"	"GO:0005524"
"PPA0015"	501	"ProSiteProfiles"	"PS50893"	"ATP-binding cassette, ABC transporter-type domain profile."	5	240	"23.489498"	"IPR003439"	"ABC transporter-like, ATP-binding domain"	"GO:0005524"
"PPA0017"	313	"ProSiteProfiles"	"PS51257"	"Prokaryotic membrane lipoprotein lipid attachment site profile."	1	25	"7.0"	"-"	"-"	""
"PPA0021"	158	"ProSiteProfiles"	"PS51094"	"PTS_EIIA type-2 domain profile."	3	150	"36.340538"	"IPR002178"	"PTS EIIA type-2 domain"	"-"
"PPA0022"	418	"ProSiteProfiles"	"PS51104"	"PTS_EIIC type-2 domain profile."	4	418	"12.31043"	"IPR013014"	"Phosphotransferase system, EIIC component, type 2"	"-"
"PPA0023"	100	"ProSiteProfiles"	"PS51099"	"PTS_EIIB type-2 domain profile."	5	97	"15.512898"	"IPR013011"	"Phosphotransferase system, EIIB component, type 2"	"GO:0008982|GO:0009401"
"PPA0031"	252	"ProSiteProfiles"	"PS51000"	"DeoR-type HTH domain profile."	2	57	"12.138247"	"IPR001034"	"DeoR-type HTH domain"	"GO:0003700|GO:0006355"
"PPA0037"	188	"ProSiteProfiles"	"PS51186"	"Gcn5-related N-acetyltransferase (GNAT) domain profile."	19	186	"14.30224"	"IPR000182"	"GNAT domain"	"GO:0016407"
"PPA0038"	219	"ProSiteProfiles"	"PS51257"	"Prokaryotic membrane lipoprotein lipid attachment site profile."	1	19	"6.0"	"-"	"-"	""
"PPA0047"	920	"ProSiteProfiles"	"PS51782"	"LysM domain profile."	238	287	"11.157457"	"IPR018392"	"LysM domain"	"-"
"PPA0047"	920	"ProSiteProfiles"	"PS51782"	"LysM domain profile."	155	202	"10.309489"	"IPR018392"	"LysM domain"	"-"
"PPA0054"	344	"ProSiteProfiles"	"PS50893"	"ATP-binding cassette, ABC transporter-type domain profile."	111	344	"24.116413"	"IPR003439"	"ABC transporter-like, ATP-binding domain"	"GO:0005524"
"PPA0055"	218	"ProSiteProfiles"	"PS50043"	"LuxR-type HTH domain profile."	151	216	"23.17421"	"IPR000792"	"Transcription regulator LuxR, C-terminal"	"GO:0006355"
"PPA0055"	218	"ProSiteProfiles"	"PS50110"	"Response regulatory domain profile."	6	122	"42.824142"	"IPR001789"	"Signal transduction response regulator, receiver domain"	"GO:0000160"
"PPA0057"	276	"ProSiteProfiles"	"PS50928"	"ABC transporter integral membrane type-1 domain profile."	71	261	"20.75161"	"IPR000515"	"ABC transporter type 1, transmembrane domain MetI-like"	"GO:0016020|GO:0055085"
"PPA0058"	298	"ProSiteProfiles"	"PS50928"	"ABC transporter integral membrane type-1 domain profile."	64	285	"20.729836"	"IPR000515"	"ABC transporter type 1, transmembrane domain MetI-like"	"GO:0016020|GO:0055085"
"PPA0059"	434	"ProSiteProfiles"	"PS51257"	"Prokaryotic membrane lipoprotein lipid attachment site profile."	1	27	"6.0"	"-"	"-"	""
"PPA0068"	456	"ProSiteProfiles"	"PS50109"	"Histidine kinase domain profile."	265	451	"15.04475"	"IPR005467"	"Histidine kinase domain"	"-"
"PPA0069"	329	"ProSiteProfiles"	"PS51257"	"Prokaryotic membrane lipoprotein lipid attachment site profile."	1	20	"5.0"	"-"	"-"	""
"PPA0070"	271	"ProSiteProfiles"	"PS50977"	"TetR-type HTH domain profile."	76	136	"20.418858"	"IPR001647"	"DNA-binding HTH domain, TetR-type"	"GO:0003677"
"PPA0071"	909	"ProSiteProfiles"	"PS50156"	"Sterol-sensing domain (SSD) profile."	216	334	"13.935086"	"IPR000731"	"Sterol-sensing domain"	"-"
"PPA0074"	253	"ProSiteProfiles"	"PS50893"	"ATP-binding cassette, ABC transporter-type domain profile."	24	253	"22.935947"	"IPR003439"	"ABC transporter-like, ATP-binding domain"	"GO:0005524"
"PPA0076"	336	"ProSiteProfiles"	"PS51257"	"Prokaryotic membrane lipoprotein lipid attachment site profile."	1	25	"8.0"	"-"	"-"	""
"PPA0076"	336	"ProSiteProfiles"	"PS50983"	"Iron siderophore/cobalamin periplasmic-binding domain profile."	70	336	"33.017941"	"IPR002491"	"ABC transporter periplasmic binding domain"	"-"
"PPA0078"	255	"ProSiteProfiles"	"PS50893"	"ATP-binding cassette, ABC transporter-type domain profile."	7	239	"19.708006"	"IPR003439"	"ABC transporter-like, ATP-binding domain"	"GO:0005524"
"PPA0085"	447	"ProSiteProfiles"	"PS51318"	"Twin arginine translocation (Tat) signal profile."	1	32	"8.569862"	"IPR006311"	"Twin-arginine translocation pathway, signal sequence"	"-"
"PPA0086"	311	"ProSiteProfiles"	"PS50928"	"ABC transporter integral membrane type-1 domain profile."	85	300	"20.577423"	"IPR000515"	"ABC transporter type 1, transmembrane domain MetI-like"	"GO:0016020|GO:0055085"
"PPA0087"	293	"ProSiteProfiles"	"PS50928"	"ABC transporter integral membrane type-1 domain profile."	76	279	"21.426582"	"IPR000515"	"ABC transporter type 1, transmembrane domain MetI-like"	"GO:0016020|GO:0055085"
"PPA0088"	373	"ProSiteProfiles"	"PS50932"	"LacI-type HTH domain profile."	34	88	"27.981581"	"IPR000843"	"LacI-type HTH domain"	"GO:0003677|GO:0006355"
"PPA0096"	96	"ProSiteProfiles"	"PS51729"	"Yjdj-type Gcn5-related N-acetyltransferase (GNAT) domain profile."	10	96	"25.198288"	"IPR031165"	"Yjdj-type Gcn5-related N-acetyltransferase"	"-"
"PPA0097"	483	"ProSiteProfiles"	"PS51402"	"catalase family profile."	6	483	"69.602013"	"IPR018028"	"Catalase, mono-functional, haem-containing"	"GO:0004096|GO:0006979|GO:0020037"
"PPA0098"	581	"ProSiteProfiles"	"PS50929"	"ABC transporter integral membrane type-1 fused domain profile."	31	313	"34.179569"	"IPR011527"	"ABC transporter type 1, transmembrane domain"	"GO:0005524|GO:0016021|GO:0055085|GO:0140359"
"PPA0098"	581	"ProSiteProfiles"	"PS50893"	"ATP-binding cassette, ABC transporter-type domain profile."	345	576	"20.981842"	"IPR003439"	"ABC transporter-like, ATP-binding domain"	"GO:0005524"
"PPA0099"	588	"ProSiteProfiles"	"PS50893"	"ATP-binding cassette, ABC transporter-type domain profile."	357	588	"12.071657"	"IPR003439"	"ABC transporter-like, ATP-binding domain"	"GO:0005524"
"PPA0099"	588	"ProSiteProfiles"	"PS50929"	"ABC transporter integral membrane type-1 fused domain profile."	58	336	"34.105412"	"IPR011527"	"ABC transporter type 1, transmembrane domain"	"GO:0005524|GO:0016021|GO:0055085|GO:0140359"
"PPA0101"	654	"ProSiteProfiles"	"PS50234"	"VWFA domain profile."	458	643	"12.577451"	"IPR002035"	"von Willebrand factor, type A"	"-"
"PPA0104"	333	"ProSiteProfiles"	"PS50893"	"ATP-binding cassette, ABC transporter-type domain profile."	4	244	"19.37454"	"IPR003439"	"ABC transporter-like, ATP-binding domain"	"GO:0005524"
"PPA0106"	414	"ProSiteProfiles"	"PS50983"	"Iron siderophore/cobalamin periplasmic-binding domain profile."	122	399	"14.254615"	"IPR002491"	"ABC transporter periplasmic binding domain"	"-"
"PPA0106"	414	"ProSiteProfiles"	"PS51257"	"Prokaryotic membrane lipoprotein lipid attachment site profile."	1	23	"5.0"	"-"	"-"	""
"PPA0107"	422	"ProSiteProfiles"	"PS50983"	"Iron siderophore/cobalamin periplasmic-binding domain profile."	132	409	"23.737427"	"IPR002491"	"ABC transporter periplasmic binding domain"	"-"
"PPA0107"	422	"ProSiteProfiles"	"PS51257"	"Prokaryotic membrane lipoprotein lipid attachment site profile."	1	28	"5.0"	"-"	"-"	""
"PPA0118"	830	"ProSiteProfiles"	"PS50109"	"Histidine kinase domain profile."	610	823	"40.766376"	"IPR005467"	"Histidine kinase domain"	"-"
"PPA0119"	227	"ProSiteProfiles"	"PS50110"	"Response regulatory domain profile."	2	115	"44.206833"	"IPR001789"	"Signal transduction response regulator, receiver domain"	"GO:0000160"
"PPA0119"	227	"ProSiteProfiles"	"PS51755"	"OmpR/PhoB-type DNA-binding domain profile."	126	225	"36.060623"	"IPR001867"	"OmpR/PhoB-type DNA-binding domain"	"GO:0000160|GO:0003677|GO:0006355"
"PPA0141"	85	"ProSiteProfiles"	"PS51350"	"PTS HPR domain profile."	1	85	"25.551239"	"IPR000032"	"Phosphocarrier protein HPr-like"	"-"
"PPA0142"	670	"ProSiteProfiles"	"PS51094"	"PTS_EIIA type-2 domain profile."	4	147	"36.440926"	"IPR002178"	"PTS EIIA type-2 domain"	"-"
"PPA0142"	670	"ProSiteProfiles"	"PS51099"	"PTS_EIIB type-2 domain profile."	180	275	"20.846996"	"IPR013011"	"Phosphotransferase system, EIIB component, type 2"	"GO:0008982|GO:0009401"
"PPA0142"	670	"ProSiteProfiles"	"PS51104"	"PTS_EIIC type-2 domain profile."	308	668	"28.945675"	"IPR013014"	"Phosphotransferase system, EIIC component, type 2"	"-"
"PPA0144"	253	"ProSiteProfiles"	"PS51000"	"DeoR-type HTH domain profile."	3	58	"15.522287"	"IPR001034"	"DeoR-type HTH domain"	"GO:0003700|GO:0006355"
"PPA0154"	215	"ProSiteProfiles"	"PS51462"	"Nudix hydrolase domain profile."	10	163	"13.457075"	"IPR000086"	"NUDIX hydrolase domain"	"-"
"PPA0155"	838	"ProSiteProfiles"	"PS51194"	"Superfamilies 1 and 2 helicase C-terminal domain profile."	228	388	"13.347187"	"IPR001650"	"Helicase, C-terminal"	"-"
"PPA0155"	838	"ProSiteProfiles"	"PS51192"	"Superfamilies 1 and 2 helicase ATP-binding type-1 domain profile."	30	190	"16.306067"	"IPR014001"	"Helicase superfamily 1/2, ATP-binding domain"	"-"
"PPA0157"	699	"ProSiteProfiles"	"PS50893"	"ATP-binding cassette, ABC transporter-type domain profile."	22	256	"15.866488"	"IPR003439"	"ABC transporter-like, ATP-binding domain"	"GO:0005524"
"PPA0157"	699	"ProSiteProfiles"	"PS50893"	"ATP-binding cassette, ABC transporter-type domain profile."	260	472	"18.327459"	"IPR003439"	"ABC transporter-like, ATP-binding domain"	"GO:0005524"
"PPA0162"	1204	"ProSiteProfiles"	"PS51379"	"4Fe-4S ferredoxin-type iron-sulfur binding domain profile."	745	774	"10.129395"	"IPR017896"	"4Fe-4S ferredoxin-type, iron-sulphur binding domain"	"-"
"PPA0162"	1204	"ProSiteProfiles"	"PS51379"	"4Fe-4S ferredoxin-type iron-sulfur binding domain profile."	689	718	"9.457331"	"IPR017896"	"4Fe-4S ferredoxin-type, iron-sulphur binding domain"	"-"
"PPA0163"	595	"ProSiteProfiles"	"PS51379"	"4Fe-4S ferredoxin-type iron-sulfur binding domain profile."	527	556	"10.994677"	"IPR017896"	"4Fe-4S ferredoxin-type, iron-sulphur binding domain"	"-"
"PPA0165"	273	"ProSiteProfiles"	"PS50949"	"GntR-type HTH domain profile."	47	117	"20.009712"	"IPR000524"	"Transcription regulator HTH, GntR"	"GO:0003700|GO:0006355"
"PPA0170"	220	"ProSiteProfiles"	"PS50893"	"ATP-binding cassette, ABC transporter-type domain profile."	1	210	"16.626789"	"IPR003439"	"ABC transporter-like, ATP-binding domain"	"GO:0005524"
"PPA0173"	534	"ProSiteProfiles"	"PS50929"	"ABC transporter integral membrane type-1 fused domain profile."	24	273	"24.231441"	"IPR011527"	"ABC transporter type 1, transmembrane domain"	"GO:0005524|GO:0016021|GO:0055085|GO:0140359"
"PPA0173"	534	"ProSiteProfiles"	"PS51257"	"Prokaryotic membrane lipoprotein lipid attachment site profile."	1	32	"5.0"	"-"	"-"	""
"PPA0173"	534	"ProSiteProfiles"	"PS50893"	"ATP-binding cassette, ABC transporter-type domain profile."	338	533	"11.318026"	"IPR003439"	"ABC transporter-like, ATP-binding domain"	"GO:0005524"
"PPA0174"	546	"ProSiteProfiles"	"PS50929"	"ABC transporter integral membrane type-1 fused domain profile."	21	301	"32.034786"	"IPR011527"	"ABC transporter type 1, transmembrane domain"	"GO:0005524|GO:0016021|GO:0055085|GO:0140359"
"PPA0174"	546	"ProSiteProfiles"	"PS50893"	"ATP-binding cassette, ABC transporter-type domain profile."	335	546	"14.259188"	"IPR003439"	"ABC transporter-like, ATP-binding domain"	"GO:0005524"
"PPA0178"	666	"ProSiteProfiles"	"PS50893"	"ATP-binding cassette, ABC transporter-type domain profile."	424	658	"22.108953"	"IPR003439"	"ABC transporter-like, ATP-binding domain"	"GO:0005524"
"PPA0178"	666	"ProSiteProfiles"	"PS50929"	"ABC transporter integral membrane type-1 fused domain profile."	59	392	"57.013481"	"IPR011527"	"ABC transporter type 1, transmembrane domain"	"GO:0005524|GO:0016021|GO:0055085|GO:0140359"
"PPA0179"	578	"ProSiteProfiles"	"PS50893"	"ATP-binding cassette, ABC transporter-type domain profile."	335	570	"22.349049"	"IPR003439"	"ABC transporter-like, ATP-binding domain"	"GO:0005524"
"PPA0179"	578	"ProSiteProfiles"	"PS50929"	"ABC transporter integral membrane type-1 fused domain profile."	18	300	"48.588375"	"IPR011527"	"ABC transporter type 1, transmembrane domain"	"GO:0005524|GO:0016021|GO:0055085|GO:0140359"
"PPA0180"	369	"ProSiteProfiles"	"PS50943"	"Cro/C1-type HTH domain profile."	19	65	"11.857254"	"IPR001387"	"Cro/C1-type helix-turn-helix domain"	"-"
"PPA0181"	510	"ProSiteProfiles"	"PS50862"	"Aminoacyl-transfer RNA synthetases class-II family profile."	198	508	"22.415836"	"IPR006195"	"Aminoacyl-tRNA synthetase, class II"	"-"
"PPA0184"	632	"ProSiteProfiles"	"PS51178"	"PASTA domain profile."	380	446	"10.868917"	"IPR005543"	"PASTA domain"	"-"
"PPA0184"	632	"ProSiteProfiles"	"PS51178"	"PASTA domain profile."	522	586	"10.245714"	"IPR005543"	"PASTA domain"	"-"
"PPA0184"	632	"ProSiteProfiles"	"PS50011"	"Protein kinase domain profile."	11	286	"41.643723"	"IPR000719"	"Protein kinase domain"	"GO:0004672|GO:0005524|GO:0006468"
"PPA0184"	632	"ProSiteProfiles"	"PS51178"	"PASTA domain profile."	447	521	"12.517811"	"IPR005543"	"PASTA domain"	"-"
"PPA0187"	495	"ProSiteProfiles"	"PS51746"	"PPM-type phosphatase domain profile."	6	245	"23.311798"	"IPR001932"	"PPM-type phosphatase domain"	"GO:0004722"
"PPA0188"	162	"ProSiteProfiles"	"PS50006"	"Forkhead-associated (FHA) domain profile."	87	137	"13.955999"	"IPR000253"	"Forkhead-associated (FHA) domain"	"GO:0005515"
"PPA0189"	229	"ProSiteProfiles"	"PS50006"	"Forkhead-associated (FHA) domain profile."	150	203	"14.891"	"IPR000253"	"Forkhead-associated (FHA) domain"	"GO:0005515"
"PPA0201"	240	"ProSiteProfiles"	"PS51257"	"Prokaryotic membrane lipoprotein lipid attachment site profile."	1	24	"7.0"	"-"	"-"	""
"PPA0202"	121	"ProSiteProfiles"	"PS50889"	"S4 RNA-binding domain profile."	2	65	"13.490893"	"-"	"-"	""
"PPA0206"	201	"ProSiteProfiles"	"PS50880"	"Toprim domain profile."	79	174	"32.121162"	"IPR006171"	"TOPRIM  domain"	"-"
"PPA0208"	260	"ProSiteProfiles"	"PS50893"	"ATP-binding cassette, ABC transporter-type domain profile."	21	259	"24.790012"	"IPR003439"	"ABC transporter-like, ATP-binding domain"	"GO:0005524"
"PPA0213"	299	"ProSiteProfiles"	"PS50893"	"ATP-binding cassette, ABC transporter-type domain profile."	61	286	"21.081881"	"IPR003439"	"ABC transporter-like, ATP-binding domain"	"GO:0005524"
"PPA0220"	99	"ProSiteProfiles"	"PS51674"	"4Fe-4S WhiB-like (Wbl)-type iron-sulfur binding domain profile."	14	69	"23.607855"	"IPR034768"	"WhiB-like  iron-sulfur binding domain"	"-"
"PPA0222"	233	"ProSiteProfiles"	"PS51063"	"Crp-type HTH domain profile."	151	226	"22.40822"	"IPR012318"	"Crp-type HTH domain"	"GO:0003677|GO:0006355"
"PPA0222"	233	"ProSiteProfiles"	"PS50042"	"cAMP/cGMP binding motif profile."	13	137	"17.993999"	"IPR000595"	"Cyclic nucleotide-binding domain"	"-"
"PPA0224"	195	"ProSiteProfiles"	"PS51257"	"Prokaryotic membrane lipoprotein lipid attachment site profile."	1	19	"6.0"	"-"	"-"	""
"PPA0224"	195	"ProSiteProfiles"	"PS51352"	"Thioredoxin domain profile."	52	192	"14.599891"	"IPR013766"	"Thioredoxin domain"	"-"
"PPA0225"	218	"ProSiteProfiles"	"PS51462"	"Nudix hydrolase domain profile."	26	164	"10.91138"	"IPR000086"	"NUDIX hydrolase domain"	"-"
"PPA0237"	754	"ProSiteProfiles"	"PS51192"	"Superfamilies 1 and 2 helicase ATP-binding type-1 domain profile."	54	251	"17.871628"	"IPR014001"	"Helicase superfamily 1/2, ATP-binding domain"	"-"
"PPA0237"	754	"ProSiteProfiles"	"PS51194"	"Superfamilies 1 and 2 helicase C-terminal domain profile."	279	427	"13.357146"	"IPR001650"	"Helicase, C-terminal"	"-"
"PPA0241"	929	"ProSiteProfiles"	"PS50880"	"Toprim domain profile."	5	129	"23.766659"	"IPR006171"	"TOPRIM  domain"	"-"
"PPA0246"	220	"ProSiteProfiles"	"PS51411"	"PSP1 C-terminal domain profile."	31	119	"12.635162"	"IPR007557"	"PSP1, C-terminal"	"-"
"PPA0247"	560	"ProSiteProfiles"	"PS51257"	"Prokaryotic membrane lipoprotein lipid attachment site profile."	1	26	"6.0"	"-"	"-"	""
"PPA0263"	368	"ProSiteProfiles"	"PS51123"	"OmpA-like domain profile."	251	368	"42.597713"	"IPR006665"	"OmpA-like domain"	"-"
"PPA0264"	212	"ProSiteProfiles"	"PS51257"	"Prokaryotic membrane lipoprotein lipid attachment site profile."	1	19	"6.0"	"-"	"-"	""
"PPA0271"	281	"ProSiteProfiles"	"PS50972"	"Pterin-binding domain profile."	15	274	"75.107391"	"IPR000489"	"Pterin-binding domain"	"GO:0042558"
"PPA0278"	844	"ProSiteProfiles"	"PS51903"	"Clp repeat (R) domain profile."	2	144	"44.841614"	"IPR004176"	"Clp,  repeat (R) domain"	"-"
"PPA0278"	844	"ProSiteProfiles"	"PS50151"	"UVR domain profile."	424	459	"9.415884"	"IPR001943"	"UVR domain"	"GO:0005515"
"PPA0285"	495	"ProSiteProfiles"	"PS50850"	"Major facilitator superfamily (MFS) profile."	31	490	"38.813339"	"IPR020846"	"Major facilitator superfamily domain"	"GO:0022857"
"PPA0289"	218	"ProSiteProfiles"	"PS50110"	"Response regulatory domain profile."	5	119	"38.862198"	"IPR001789"	"Signal transduction response regulator, receiver domain"	"GO:0000160"
"PPA0289"	218	"ProSiteProfiles"	"PS50043"	"LuxR-type HTH domain profile."	149	214	"23.849741"	"IPR000792"	"Transcription regulator LuxR, C-terminal"	"GO:0006355"
"PPA0292"	303	"ProSiteProfiles"	"PS51372"	"PRD domain profile."	191	301	"13.449195"	"IPR011608"	"PRD domain"	"GO:0006355"
"PPA0292"	303	"ProSiteProfiles"	"PS51372"	"PRD domain profile."	85	190	"14.536354"	"IPR011608"	"PRD domain"	"GO:0006355"
"PPA0293"	157	"ProSiteProfiles"	"PS51093"	"PTS_EIIA type-1 domain profile."	31	135	"27.539415"	"IPR001127"	"Phosphotransferase system, sugar-specific permease EIIA type 1"	"GO:0009401"
"PPA0294"	559	"ProSiteProfiles"	"PS51098"	"PTS_EIIB type-1 domain profile."	480	559	"19.980679"	"IPR001996"	"Phosphotransferase system, IIB component, type 1"	"GO:0008982|GO:0009401"
"PPA0294"	559	"ProSiteProfiles"	"PS51103"	"PTS_EIIC type-1 domain profile."	50	455	"58.036324"	"IPR013013"	"Phosphotransferase system, EIIC component, type 1"	"-"
"PPA0295"	439	"ProSiteProfiles"	"PS50850"	"Major facilitator superfamily (MFS) profile."	28	434	"31.943743"	"IPR020846"	"Major facilitator superfamily domain"	"GO:0022857"
"PPA0299"	309	"ProSiteProfiles"	"PS51000"	"DeoR-type HTH domain profile."	49	104	"12.184394"	"IPR001034"	"DeoR-type HTH domain"	"GO:0003700|GO:0006355"
"PPA0311"	344	"ProSiteProfiles"	"PS51794"	"Diadenylate cyclase (DAC) domain profile."	1	133	"36.107483"	"IPR003390"	"DNA integrity scanning protein, DisA, N-terminal"	"-"
"PPA0312"	465	"ProSiteProfiles"	"PS50162"	"RecA family profile 1."	65	214	"31.063789"	"IPR020588"	"DNA recombination and repair protein RecA-like, ATP-binding domain"	"GO:0003677|GO:0005524|GO:0006281|GO:0140664"
"PPA0325"	189	"ProSiteProfiles"	"PS51257"	"Prokaryotic membrane lipoprotein lipid attachment site profile."	1	22	"6.0"	"-"	"-"	""
"PPA0325"	189	"ProSiteProfiles"	"PS51352"	"Thioredoxin domain profile."	43	186	"13.739485"	"IPR013766"	"Thioredoxin domain"	"-"
"PPA0334"	338	"ProSiteProfiles"	"PS50983"	"Iron siderophore/cobalamin periplasmic-binding domain profile."	63	338	"22.119026"	"IPR002491"	"ABC transporter periplasmic binding domain"	"-"
"PPA0334"	338	"ProSiteProfiles"	"PS51257"	"Prokaryotic membrane lipoprotein lipid attachment site profile."	1	29	"5.0"	"-"	"-"	""
"PPA0335"	252	"ProSiteProfiles"	"PS50893"	"ATP-binding cassette, ABC transporter-type domain profile."	2	234	"19.121107"	"IPR003439"	"ABC transporter-like, ATP-binding domain"	"GO:0005524"
"PPA0338"	258	"ProSiteProfiles"	"PS50893"	"ATP-binding cassette, ABC transporter-type domain profile."	5	247	"21.081881"	"IPR003439"	"ABC transporter-like, ATP-binding domain"	"GO:0005524"
"PPA0339"	308	"ProSiteProfiles"	"PS50928"	"ABC transporter integral membrane type-1 domain profile."	91	295	"24.997402"	"IPR000515"	"ABC transporter type 1, transmembrane domain MetI-like"	"GO:0016020|GO:0055085"
"PPA0340"	334	"ProSiteProfiles"	"PS50928"	"ABC transporter integral membrane type-1 domain profile."	87	324	"22.101553"	"IPR000515"	"ABC transporter type 1, transmembrane domain MetI-like"	"GO:0016020|GO:0055085"
"PPA0341"	383	"ProSiteProfiles"	"PS51257"	"Prokaryotic membrane lipoprotein lipid attachment site profile."	1	21	"6.0"	"-"	"-"	""
"PPA0342"	313	"ProSiteProfiles"	"PS51462"	"Nudix hydrolase domain profile."	6	146	"14.87967"	"IPR000086"	"NUDIX hydrolase domain"	"-"
"PPA0344"	237	"ProSiteProfiles"	"PS51755"	"OmpR/PhoB-type DNA-binding domain profile."	138	235	"40.844288"	"IPR001867"	"OmpR/PhoB-type DNA-binding domain"	"GO:0000160|GO:0003677|GO:0006355"
"PPA0352"	88	"ProSiteProfiles"	"PS51350"	"PTS HPR domain profile."	1	88	"29.94483"	"IPR000032"	"Phosphocarrier protein HPr-like"	"-"
"PPA0355"	134	"ProSiteProfiles"	"PS51097"	"PTS_EIIA type-5 domain profile."	7	125	"29.51189"	"IPR004716"	"Phosphotransferase system, glucitol/sorbitol-specific IIA component"	"GO:0005737|GO:0008982|GO:0009401"
"PPA0356"	97	"ProSiteProfiles"	"PS51099"	"PTS_EIIB type-2 domain profile."	4	97	"11.897318"	"IPR013011"	"Phosphotransferase system, EIIB component, type 2"	"GO:0008982|GO:0009401"
"PPA0359"	226	"ProSiteProfiles"	"PS51755"	"OmpR/PhoB-type DNA-binding domain profile."	127	226	"46.278671"	"IPR001867"	"OmpR/PhoB-type DNA-binding domain"	"GO:0000160|GO:0003677|GO:0006355"
"PPA0359"	226	"ProSiteProfiles"	"PS50110"	"Response regulatory domain profile."	3	116	"43.84343"	"IPR001789"	"Signal transduction response regulator, receiver domain"	"GO:0000160"
"PPA0360"	393	"ProSiteProfiles"	"PS50109"	"Histidine kinase domain profile."	161	381	"47.639194"	"IPR005467"	"Histidine kinase domain"	"-"
"PPA0363"	356	"ProSiteProfiles"	"PS51677"	"NodB homology domain profile."	153	353	"20.403559"	"IPR002509"	"NodB homology domain"	"GO:0005975|GO:0016810"
"PPA0363"	356	"ProSiteProfiles"	"PS51257"	"Prokaryotic membrane lipoprotein lipid attachment site profile."	1	27	"5.0"	"-"	"-"	""
"PPA0365"	152	"ProSiteProfiles"	"PS51094"	"PTS_EIIA type-2 domain profile."	1	150	"20.454073"	"IPR002178"	"PTS EIIA type-2 domain"	"-"
"PPA0366"	97	"ProSiteProfiles"	"PS51099"	"PTS_EIIB type-2 domain profile."	4	97	"13.370332"	"IPR013011"	"Phosphotransferase system, EIIB component, type 2"	"GO:0008982|GO:0009401"
"PPA0367"	331	"ProSiteProfiles"	"PS51732"	"Asparaginase / glutaminase domain profile."	2	324	"45.571419"	"IPR006034"	"Asparaginase/glutaminase-like"	"-"
"PPA0380"	813	"ProSiteProfiles"	"PS51318"	"Twin arginine translocation (Tat) signal profile."	1	32	"8.635979"	"IPR006311"	"Twin-arginine translocation pathway, signal sequence"	"-"
"PPA0395"	439	"ProSiteProfiles"	"PS50893"	"ATP-binding cassette, ABC transporter-type domain profile."	77	309	"30.979122"	"IPR003439"	"ABC transporter-like, ATP-binding domain"	"GO:0005524"
"PPA0398"	430	"ProSiteProfiles"	"PS51257"	"Prokaryotic membrane lipoprotein lipid attachment site profile."	1	20	"6.0"	"-"	"-"	""
"PPA0399"	318	"ProSiteProfiles"	"PS50928"	"ABC transporter integral membrane type-1 domain profile."	91	307	"19.684717"	"IPR000515"	"ABC transporter type 1, transmembrane domain MetI-like"	"GO:0016020|GO:0055085"
"PPA0400"	293	"ProSiteProfiles"	"PS50928"	"ABC transporter integral membrane type-1 domain profile."	89	278	"20.88225"	"IPR000515"	"ABC transporter type 1, transmembrane domain MetI-like"	"GO:0016020|GO:0055085"
"PPA0405"	231	"ProSiteProfiles"	"PS50928"	"ABC transporter integral membrane type-1 domain profile."	27	210	"19.053291"	"IPR000515"	"ABC transporter type 1, transmembrane domain MetI-like"	"GO:0016020|GO:0055085"
"PPA0406"	215	"ProSiteProfiles"	"PS50928"	"ABC transporter integral membrane type-1 domain profile."	17	198	"18.83556"	"IPR000515"	"ABC transporter type 1, transmembrane domain MetI-like"	"GO:0016020|GO:0055085"
"PPA0407"	278	"ProSiteProfiles"	"PS50893"	"ATP-binding cassette, ABC transporter-type domain profile."	2	237	"27.004221"	"IPR003439"	"ABC transporter-like, ATP-binding domain"	"GO:0005524"
"PPA0410"	223	"ProSiteProfiles"	"PS51154"	"Macro domain profile."	43	223	"28.579384"	"IPR002589"	"Macro domain"	"-"
"PPA0412"	337	"ProSiteProfiles"	"PS50893"	"ATP-binding cassette, ABC transporter-type domain profile."	28	257	"22.475765"	"IPR003439"	"ABC transporter-like, ATP-binding domain"	"GO:0005524"
"PPA0416"	206	"ProSiteProfiles"	"PS50110"	"Response regulatory domain profile."	8	124	"33.56189"	"IPR001789"	"Signal transduction response regulator, receiver domain"	"GO:0000160"
"PPA0416"	206	"ProSiteProfiles"	"PS50043"	"LuxR-type HTH domain profile."	139	204	"23.438547"	"IPR000792"	"Transcription regulator LuxR, C-terminal"	"GO:0006355"
"PPA0419"	484	"ProSiteProfiles"	"PS51273"	"Glutamine amidotransferase type 1 domain profile."	255	444	"9.510294"	"-"	"-"	""
"PPA0419"	484	"ProSiteProfiles"	"PS51274"	"CobBQ-type GATase domain profile."	253	430	"45.182274"	"-"	"-"	""
"PPA0426"	263	"ProSiteProfiles"	"PS50893"	"ATP-binding cassette, ABC transporter-type domain profile."	4	236	"21.788828"	"IPR003439"	"ABC transporter-like, ATP-binding domain"	"GO:0005524"
"PPA0427"	356	"ProSiteProfiles"	"PS51257"	"Prokaryotic membrane lipoprotein lipid attachment site profile."	1	21	"5.0"	"-"	"-"	""
"PPA0427"	356	"ProSiteProfiles"	"PS50983"	"Iron siderophore/cobalamin periplasmic-binding domain profile."	55	339	"21.815578"	"IPR002491"	"ABC transporter periplasmic binding domain"	"-"
"PPA0434"	278	"ProSiteProfiles"	"PS50893"	"ATP-binding cassette, ABC transporter-type domain profile."	7	242	"21.648771"	"IPR003439"	"ABC transporter-like, ATP-binding domain"	"GO:0005524"
"PPA0438"	807	"ProSiteProfiles"	"PS51274"	"CobBQ-type GATase domain profile."	260	446	"40.814003"	"-"	"-"	""
"PPA0440"	346	"ProSiteProfiles"	"PS51014"	"Precorrin-6x reductase domain profile."	98	342	"42.058823"	"IPR003723"	"Precorrin-6x reductase"	"GO:0009236|GO:0016994"
"PPA0447"	309	"ProSiteProfiles"	"PS51094"	"PTS_EIIA type-2 domain profile."	61	204	"34.081795"	"IPR002178"	"PTS EIIA type-2 domain"	"-"
"PPA0455"	247	"ProSiteProfiles"	"PS50949"	"GntR-type HTH domain profile."	18	86	"20.695559"	"IPR000524"	"Transcription regulator HTH, GntR"	"GO:0003700|GO:0006355"
"PPA0462"	326	"ProSiteProfiles"	"PS50932"	"LacI-type HTH domain profile."	4	58	"27.954306"	"IPR000843"	"LacI-type HTH domain"	"GO:0003677|GO:0006355"
"PPA0467"	548	"ProSiteProfiles"	"PS50850"	"Major facilitator superfamily (MFS) profile."	30	532	"45.597862"	"IPR020846"	"Major facilitator superfamily domain"	"GO:0022857"
"PPA0473"	694	"ProSiteProfiles"	"PS51194"	"Superfamilies 1 and 2 helicase C-terminal domain profile."	543	693	"12.122255"	"IPR001650"	"Helicase, C-terminal"	"-"
"PPA0473"	694	"ProSiteProfiles"	"PS51192"	"Superfamilies 1 and 2 helicase ATP-binding type-1 domain profile."	334	488	"16.36894"	"IPR014001"	"Helicase superfamily 1/2, ATP-binding domain"	"-"
"PPA0477"	127	"ProSiteProfiles"	"PS51857"	"Cold-shock (CSD) domain profile."	1	64	"20.653618"	"IPR002059"	"Cold-shock protein, DNA-binding"	"GO:0003676"
"PPA0485"	232	"ProSiteProfiles"	"PS50944"	"DtxR-type HTH domain profile."	5	66	"18.61974"	"IPR022687"	"DTXR-type HTH domain"	"GO:0003677"
"PPA0487"	121	"ProSiteProfiles"	"PS51352"	"Thioredoxin domain profile."	1	121	"12.362837"	"IPR013766"	"Thioredoxin domain"	"-"
"PPA0488"	538	"ProSiteProfiles"	"PS50850"	"Major facilitator superfamily (MFS) profile."	26	522	"46.193371"	"IPR020846"	"Major facilitator superfamily domain"	"GO:0022857"
"PPA0495"	224	"ProSiteProfiles"	"PS51186"	"Gcn5-related N-acetyltransferase (GNAT) domain profile."	16	198	"10.357564"	"IPR000182"	"GNAT domain"	"GO:0016407"
"PPA0502"	346	"ProSiteProfiles"	"PS51918"	"Radical SAM core domain profile."	17	234	"28.760893"	"IPR007197"	"Radical SAM"	"GO:0003824|GO:0051536"
"PPA0504"	256	"ProSiteProfiles"	"PS51257"	"Prokaryotic membrane lipoprotein lipid attachment site profile."	1	22	"6.0"	"-"	"-"	""
"PPA0505"	604	"ProSiteProfiles"	"PS50928"	"ABC transporter integral membrane type-1 domain profile."	57	258	"23.473272"	"IPR000515"	"ABC transporter type 1, transmembrane domain MetI-like"	"GO:0016020|GO:0055085"
"PPA0505"	604	"ProSiteProfiles"	"PS50893"	"ATP-binding cassette, ABC transporter-type domain profile."	331	586	"24.096405"	"IPR003439"	"ABC transporter-like, ATP-binding domain"	"GO:0005524"
"PPA0509"	507	"ProSiteProfiles"	"PS51379"	"4Fe-4S ferredoxin-type iron-sulfur binding domain profile."	174	205	"7.600754"	"IPR017896"	"4Fe-4S ferredoxin-type, iron-sulphur binding domain"	"-"
"PPA0509"	507	"ProSiteProfiles"	"PS51379"	"4Fe-4S ferredoxin-type iron-sulfur binding domain profile."	7	35	"8.045997"	"IPR017896"	"4Fe-4S ferredoxin-type, iron-sulphur binding domain"	"-"
"PPA0509"	507	"ProSiteProfiles"	"PS51379"	"4Fe-4S ferredoxin-type iron-sulfur binding domain profile."	207	236	"7.709964"	"IPR017896"	"4Fe-4S ferredoxin-type, iron-sulphur binding domain"	"-"
"PPA0510"	1245	"ProSiteProfiles"	"PS51669"	"Prokaryotic molybdopterin oxidoreductases 4Fe-4S domain profile."	56	120	"24.469028"	"IPR006963"	"Molybdopterin oxidoreductase, 4Fe-4S domain"	"GO:0016491"
"PPA0511"	438	"ProSiteProfiles"	"PS50850"	"Major facilitator superfamily (MFS) profile."	27	433	"8.633905"	"IPR020846"	"Major facilitator superfamily domain"	"GO:0022857"
"PPA0516"	213	"ProSiteProfiles"	"PS51379"	"4Fe-4S ferredoxin-type iron-sulfur binding domain profile."	98	127	"11.112288"	"IPR017896"	"4Fe-4S ferredoxin-type, iron-sulphur binding domain"	"-"
"PPA0516"	213	"ProSiteProfiles"	"PS51379"	"4Fe-4S ferredoxin-type iron-sulfur binding domain profile."	65	97	"7.365531"	"IPR017896"	"4Fe-4S ferredoxin-type, iron-sulphur binding domain"	"-"
"PPA0517"	853	"ProSiteProfiles"	"PS51318"	"Twin arginine translocation (Tat) signal profile."	1	45	"8.43322"	"IPR006311"	"Twin-arginine translocation pathway, signal sequence"	"-"
"PPA0517"	853	"ProSiteProfiles"	"PS51669"	"Prokaryotic molybdopterin oxidoreductases 4Fe-4S domain profile."	53	114	"20.74395"	"IPR006963"	"Molybdopterin oxidoreductase, 4Fe-4S domain"	"GO:0016491"
"PPA0526"	298	"ProSiteProfiles"	"PS51689"	"rRNA adenine N(6)-methyltransferase family profile."	23	290	"64.003746"	"IPR001737"	"Ribosomal RNA adenine methyltransferase KsgA/Erm"	"-"
"PPA0528"	179	"ProSiteProfiles"	"PS50995"	"MarR-type HTH domain profile."	38	173	"22.623705"	"IPR000835"	"MarR-type HTH domain"	"GO:0003700|GO:0006355"
"PPA0529"	227	"ProSiteProfiles"	"PS50977"	"TetR-type HTH domain profile."	21	81	"23.623337"	"IPR001647"	"DNA-binding HTH domain, TetR-type"	"GO:0003677"
"PPA0541"	1222	"ProSiteProfiles"	"PS51192"	"Superfamilies 1 and 2 helicase ATP-binding type-1 domain profile."	679	840	"23.014721"	"IPR014001"	"Helicase superfamily 1/2, ATP-binding domain"	"-"
"PPA0541"	1222	"ProSiteProfiles"	"PS51194"	"Superfamilies 1 and 2 helicase C-terminal domain profile."	858	1015	"14.452614"	"IPR001650"	"Helicase, C-terminal"	"-"
"PPA0542"	171	"ProSiteProfiles"	"PS51257"	"Prokaryotic membrane lipoprotein lipid attachment site profile."	1	23	"7.0"	"-"	"-"	""
"PPA0544"	176	"ProSiteProfiles"	"PS51257"	"Prokaryotic membrane lipoprotein lipid attachment site profile."	1	21	"6.0"	"-"	"-"	""
"PPA0550"	231	"ProSiteProfiles"	"PS51462"	"Nudix hydrolase domain profile."	86	225	"11.863341"	"IPR000086"	"NUDIX hydrolase domain"	"-"
"PPA0557"	539	"ProSiteProfiles"	"PS50267"	"Sodium:neurotransmitter symporter family profile."	23	508	"66.645111"	"IPR000175"	"Sodium:neurotransmitter symporter"	"GO:0016021"
"PPA0575"	357	"ProSiteProfiles"	"PS51710"	"OBG-type guanine nucleotide-binding (G) domain profile."	3	250	"46.534359"	"IPR031167"	"OBG-type guanine nucleotide-binding (G) domain"	"GO:0005525"
"PPA0575"	357	"ProSiteProfiles"	"PS51880"	"TGS domain profile."	272	355	"12.707527"	"IPR004095"	"TGS"	"-"
"PPA0576"	245	"ProSiteProfiles"	"PS51913"	"HARE-type HTH domain profile."	1	52	"13.079716"	"IPR007759"	"ASXL, HARE-HTH domain"	"GO:0006355"
"PPA0578"	408	"ProSiteProfiles"	"PS50850"	"Major facilitator superfamily (MFS) profile."	20	398	"17.013536"	"IPR020846"	"Major facilitator superfamily domain"	"GO:0022857"
"PPA0579"	205	"ProSiteProfiles"	"PS50995"	"MarR-type HTH domain profile."	71	202	"25.797752"	"IPR000835"	"MarR-type HTH domain"	"GO:0003700|GO:0006355"
"PPA0588"	172	"ProSiteProfiles"	"PS51671"	"ACT domain profile."	90	171	"11.265963"	"IPR002912"	"ACT domain"	"-"
"PPA0590"	167	"ProSiteProfiles"	"PS51352"	"Thioredoxin domain profile."	18	166	"11.164888"	"IPR013766"	"Thioredoxin domain"	"-"
"PPA0596"	729	"ProSiteProfiles"	"PS51332"	"B12-binding domain profile."	597	729	"36.761707"	"IPR006158"	"Cobalamin (vitamin B12)-binding domain"	"GO:0031419|GO:0046872"
"PPA0598"	490	"ProSiteProfiles"	"PS51892"	"Serine proteases, subtilase domain profile."	165	484	"42.90189"	"-"	"-"	""
"PPA0599"	76	"ProSiteProfiles"	"PS50889"	"S4 RNA-binding domain profile."	7	68	"13.077576"	"-"	"-"	""
"PPA0600"	266	"ProSiteProfiles"	"PS50893"	"ATP-binding cassette, ABC transporter-type domain profile."	15	262	"30.492264"	"IPR003439"	"ABC transporter-like, ATP-binding domain"	"GO:0005524"
"PPA0601"	182	"ProSiteProfiles"	"PS50928"	"ABC transporter integral membrane type-1 domain profile."	1	140	"10.343971"	"IPR000515"	"ABC transporter type 1, transmembrane domain MetI-like"	"GO:0016020|GO:0055085"
"PPA0603"	332	"ProSiteProfiles"	"PS50932"	"LacI-type HTH domain profile."	5	59	"33.013008"	"IPR000843"	"LacI-type HTH domain"	"GO:0003677|GO:0006355"
"PPA0606"	296	"ProSiteProfiles"	"PS50928"	"ABC transporter integral membrane type-1 domain profile."	93	281	"14.241392"	"IPR000515"	"ABC transporter type 1, transmembrane domain MetI-like"	"GO:0016020|GO:0055085"
"PPA0612"	254	"ProSiteProfiles"	"PS50893"	"ATP-binding cassette, ABC transporter-type domain profile."	34	254	"21.482038"	"IPR003439"	"ABC transporter-like, ATP-binding domain"	"GO:0005524"
"PPA0616"	267	"ProSiteProfiles"	"PS50893"	"ATP-binding cassette, ABC transporter-type domain profile."	6	239	"20.52833"	"IPR003439"	"ABC transporter-like, ATP-binding domain"	"GO:0005524"
"PPA0617"	305	"ProSiteProfiles"	"PS51257"	"Prokaryotic membrane lipoprotein lipid attachment site profile."	1	21	"5.0"	"-"	"-"	""
"PPA0622"	576	"ProSiteProfiles"	"PS51481"	"DhaK domain profile."	7	324	"111.471581"	"IPR004006"	"DhaK domain"	"GO:0004371|GO:0006071"
"PPA0622"	576	"ProSiteProfiles"	"PS51480"	"DhaL domain profile."	361	560	"31.79825"	"IPR004007"	"DhaL domain"	"GO:0004371|GO:0006071"
"PPA0624"	166	"ProSiteProfiles"	"PS51186"	"Gcn5-related N-acetyltransferase (GNAT) domain profile."	3	166	"22.819466"	"IPR000182"	"GNAT domain"	"GO:0016407"
"PPA0627"	106	"ProSiteProfiles"	"PS51379"	"4Fe-4S ferredoxin-type iron-sulfur binding domain profile."	31	60	"11.246701"	"IPR017896"	"4Fe-4S ferredoxin-type, iron-sulphur binding domain"	"-"
"PPA0634"	431	"ProSiteProfiles"	"PS50850"	"Major facilitator superfamily (MFS) profile."	12	424	"36.218632"	"IPR020846"	"Major facilitator superfamily domain"	"GO:0022857"
"PPA0635"	202	"ProSiteProfiles"	"PS50977"	"TetR-type HTH domain profile."	10	70	"15.720767"	"IPR001647"	"DNA-binding HTH domain, TetR-type"	"GO:0003677"
"PPA0641"	217	"ProSiteProfiles"	"PS51682"	"SAM-dependent O-methyltransferase class I-type profile."	5	217	"32.862972"	"IPR002935"	"Class I-like SAM-dependent O-methyltransferase"	"GO:0008171"
"PPA0647"	421	"ProSiteProfiles"	"PS51371"	"CBS domain profile."	351	411	"8.676262"	"IPR000644"	"CBS domain"	"-"
"PPA0647"	421	"ProSiteProfiles"	"PS51371"	"CBS domain profile."	282	348	"9.286154"	"IPR000644"	"CBS domain"	"-"
"PPA0656"	404	"ProSiteProfiles"	"PS50983"	"Iron siderophore/cobalamin periplasmic-binding domain profile."	132	404	"25.633991"	"IPR002491"	"ABC transporter periplasmic binding domain"	"-"
"PPA0658"	257	"ProSiteProfiles"	"PS50893"	"ATP-binding cassette, ABC transporter-type domain profile."	2	239	"21.775488"	"IPR003439"	"ABC transporter-like, ATP-binding domain"	"GO:0005524"
"PPA0664"	468	"ProSiteProfiles"	"PS51986"	"Glutamine synthetase (GS) beta-grasp domain profile."	39	123	"31.483862"	"-"	"-"	""
"PPA0664"	468	"ProSiteProfiles"	"PS51987"	"Glutamine synthetase (GS) catalytic domain profile."	130	468	"89.946152"	"-"	"-"	""
"PPA0671"	473	"ProSiteProfiles"	"PS51986"	"Glutamine synthetase (GS) beta-grasp domain profile."	15	99	"29.747671"	"-"	"-"	""
"PPA0671"	473	"ProSiteProfiles"	"PS51987"	"Glutamine synthetase (GS) catalytic domain profile."	107	473	"87.137688"	"-"	"-"	""
"PPA0675"	462	"ProSiteProfiles"	"PS51103"	"PTS_EIIC type-1 domain profile."	16	428	"57.04409"	"IPR013013"	"Phosphotransferase system, EIIC component, type 1"	"-"
"PPA0676"	241	"ProSiteProfiles"	"PS50949"	"GntR-type HTH domain profile."	1	67	"20.009712"	"IPR000524"	"Transcription regulator HTH, GntR"	"GO:0003700|GO:0006355"
"PPA0677"	82	"ProSiteProfiles"	"PS51098"	"PTS_EIIB type-1 domain profile."	1	82	"20.986816"	"IPR001996"	"Phosphotransferase system, IIB component, type 1"	"GO:0008982|GO:0009401"
"PPA0678"	76	"ProSiteProfiles"	"PS51098"	"PTS_EIIB type-1 domain profile."	1	76	"23.085333"	"IPR001996"	"Phosphotransferase system, IIB component, type 1"	"GO:0008982|GO:0009401"
"PPA0679"	164	"ProSiteProfiles"	"PS51093"	"PTS_EIIA type-1 domain profile."	20	124	"22.190392"	"IPR001127"	"Phosphotransferase system, sugar-specific permease EIIA type 1"	"GO:0009401"
"PPA0682"	601	"ProSiteProfiles"	"PS50893"	"ATP-binding cassette, ABC transporter-type domain profile."	7	223	"17.780577"	"IPR003439"	"ABC transporter-like, ATP-binding domain"	"GO:0005524"
"PPA0682"	601	"ProSiteProfiles"	"PS50893"	"ATP-binding cassette, ABC transporter-type domain profile."	287	518	"16.673473"	"IPR003439"	"ABC transporter-like, ATP-binding domain"	"GO:0005524"
"PPA0684"	563	"ProSiteProfiles"	"PS51318"	"Twin arginine translocation (Tat) signal profile."	1	34	"7.639816"	"IPR006311"	"Twin-arginine translocation pathway, signal sequence"	"-"
"PPA0686"	510	"ProSiteProfiles"	"PS50850"	"Major facilitator superfamily (MFS) profile."	30	477	"49.383583"	"IPR020846"	"Major facilitator superfamily domain"	"GO:0022857"
"PPA0689"	330	"ProSiteProfiles"	"PS51918"	"Radical SAM core domain profile."	67	281	"25.531071"	"IPR007197"	"Radical SAM"	"GO:0003824|GO:0051536"
"PPA0690"	747	"ProSiteProfiles"	"PS50846"	"Heavy-metal-associated domain profile."	19	80	"18.913147"	"IPR006121"	"Heavy metal-associated domain, HMA"	"GO:0046872"
"PPA0692"	272	"ProSiteProfiles"	"PS51733"	"Biotinyl protein ligase (BPL) and lipoyl protein ligase (LPL) catalytic domain profile."	65	252	"56.029827"	"IPR004143"	"Biotinyl protein ligase (BPL) and lipoyl protein ligase (LPL), catalytic domain"	"-"
"PPA0693"	457	"ProSiteProfiles"	"PS50968"	"Biotinyl/lipoyl domain profile."	2	77	"28.835598"	"IPR000089"	"Biotin/lipoyl attachment"	"-"
"PPA0693"	457	"ProSiteProfiles"	"PS51826"	"Peripheral subunit-binding (PSBD) domain profile."	141	178	"22.858934"	"IPR004167"	"Peripheral subunit-binding domain"	"GO:0016746"
"PPA0701"	302	"ProSiteProfiles"	"PS50857"	"Cytochrome oxidase subunit II copper A binding domain profile."	146	272	"32.260574"	"IPR002429"	"Cytochrome c oxidase subunit II-like C-terminal"	"GO:0004129|GO:0005507|GO:0016020"
"PPA0702"	572	"ProSiteProfiles"	"PS50855"	"Cytochrome oxidase subunit I  profile."	24	537	"98.73243"	"IPR023616"	"Cytochrome c oxidase-like, subunit I domain"	"GO:0004129"
"PPA0704"	812	"ProSiteProfiles"	"PS51257"	"Prokaryotic membrane lipoprotein lipid attachment site profile."	1	32	"6.0"	"-"	"-"	""
"PPA0705"	185	"ProSiteProfiles"	"PS50893"	"ATP-binding cassette, ABC transporter-type domain profile."	1	184	"13.718973"	"IPR003439"	"ABC transporter-like, ATP-binding domain"	"GO:0005524"
"PPA0708"	486	"ProSiteProfiles"	"PS51371"	"CBS domain profile."	92	151	"9.45516"	"IPR000644"	"CBS domain"	"-"
"PPA0708"	486	"ProSiteProfiles"	"PS51371"	"CBS domain profile."	152	210	"9.859306"	"IPR000644"	"CBS domain"	"-"
"PPA0710"	559	"ProSiteProfiles"	"PS51002"	"Cytochrome b/b6 N-terminal region profile."	30	256	"31.681673"	"IPR005797"	"Cytochrome b/b6, N-terminal"	"GO:0009055|GO:0016020|GO:0016491"
"PPA0711"	350	"ProSiteProfiles"	"PS51296"	"Rieske [2Fe-2S] iron-sulfur domain profile."	257	323	"20.607637"	"IPR017941"	"Rieske [2Fe-2S] iron-sulphur domain"	"GO:0051537"
"PPA0712"	267	"ProSiteProfiles"	"PS51007"	"Cytochrome c family profile."	46	125	"11.551298"	"IPR009056"	"Cytochrome c-like domain"	"GO:0009055|GO:0020037"
"PPA0712"	267	"ProSiteProfiles"	"PS51257"	"Prokaryotic membrane lipoprotein lipid attachment site profile."	1	27	"6.0"	"-"	"-"	""
"PPA0712"	267	"ProSiteProfiles"	"PS51007"	"Cytochrome c family profile."	144	222	"9.95296"	"IPR009056"	"Cytochrome c-like domain"	"GO:0009055|GO:0020037"
"PPA0713"	193	"ProSiteProfiles"	"PS50253"	"Heme-copper oxidase subunit III family profile."	1	193	"23.066265"	"IPR000298"	"Cytochrome c oxidase subunit III-like"	"GO:0004129|GO:0016020"
"PPA0714"	155	"ProSiteProfiles"	"PS50110"	"Response regulatory domain profile."	25	144	"13.610374"	"IPR001789"	"Signal transduction response regulator, receiver domain"	"GO:0000160"
"PPA0718"	170	"ProSiteProfiles"	"PS50072"	"Cyclophilin-type peptidyl-prolyl cis-trans isomerase domain profile."	1	169	"31.828844"	"IPR002130"	"Cyclophilin-type peptidyl-prolyl cis-trans isomerase domain"	"GO:0000413|GO:0003755"
"PPA0720"	633	"ProSiteProfiles"	"PS50164"	"GIY-YIG domain profile."	266	349	"18.484758"	"IPR000305"	"GIY-YIG endonuclease"	"-"
"PPA0721"	385	"ProSiteProfiles"	"PS51935"	"NlpC/P60 domain profile."	269	385	"21.297546"	"IPR000064"	"Endopeptidase, NLPC/P60 domain"	"-"
"PPA0729"	470	"ProSiteProfiles"	"PS50011"	"Protein kinase domain profile."	15	289	"38.096088"	"IPR000719"	"Protein kinase domain"	"GO:0004672|GO:0005524|GO:0006468"
"PPA0733"	753	"ProSiteProfiles"	"PS51198"	"UvrD-like DNA helicase ATP-binding domain profile."	196	587	"18.46557"	"IPR014016"	"UvrD-like helicase, ATP-binding domain"	"GO:0005524"
"PPA0737"	152	"ProSiteProfiles"	"PS01031"	"Small heat shock protein (sHSP) domain profile."	20	131	"22.446058"	"IPR002068"	"Alpha crystallin/Hsp20 domain"	"-"
"PPA0740"	235	"ProSiteProfiles"	"PS50949"	"GntR-type HTH domain profile."	6	73	"15.261548"	"IPR000524"	"Transcription regulator HTH, GntR"	"GO:0003700|GO:0006355"
"PPA0743"	123	"ProSiteProfiles"	"PS50968"	"Biotinyl/lipoyl domain profile."	21	103	"28.904213"	"IPR000089"	"Biotin/lipoyl attachment"	"-"
"PPA0749"	160	"ProSiteProfiles"	"PS51740"	"SpoVT-AbrB domain profile."	23	65	"16.275688"	"IPR007159"	"SpoVT-AbrB domain"	"GO:0003677"
"PPA0749"	160	"ProSiteProfiles"	"PS51740"	"SpoVT-AbrB domain profile."	94	137	"10.502717"	"IPR007159"	"SpoVT-AbrB domain"	"GO:0003677"
"PPA0760"	237	"ProSiteProfiles"	"PS51779"	"POTRA domain profile."	48	116	"11.995855"	"IPR034746"	"POTRA domain"	"-"
"PPA0766"	146	"ProSiteProfiles"	"PS51128"	"Prokaryotic dksA C4-type zinc finger profiles."	72	146	"19.909393"	"IPR000962"	"Zinc finger, DksA/TraR C4-type"	"GO:0008270"
"PPA0768"	306	"ProSiteProfiles"	"PS50889"	"S4 RNA-binding domain profile."	13	94	"10.738991"	"-"	"-"	""
"PPA0770"	143	"ProSiteProfiles"	"PS51257"	"Prokaryotic membrane lipoprotein lipid attachment site profile."	1	23	"5.0"	"-"	"-"	""
"PPA0772"	210	"ProSiteProfiles"	"PS50110"	"Response regulatory domain profile."	22	136	"42.221428"	"IPR001789"	"Signal transduction response regulator, receiver domain"	"GO:0000160"
"PPA0772"	210	"ProSiteProfiles"	"PS50921"	"ANTAR domain profile."	142	203	"20.054968"	"IPR005561"	"ANTAR domain"	"GO:0003723"
"PPA0775"	809	"ProSiteProfiles"	"PS51379"	"4Fe-4S ferredoxin-type iron-sulfur binding domain profile."	396	427	"10.095791"	"IPR017896"	"4Fe-4S ferredoxin-type, iron-sulphur binding domain"	"-"
"PPA0776"	155	"ProSiteProfiles"	"PS51387"	"PCMH-type FAD-binding domain profile."	43	155	"9.113568"	"IPR016166"	"FAD-binding domain, PCMH-type"	"GO:0071949"
"PPA0778"	498	"ProSiteProfiles"	"PS50126"	"S1 domain profile."	311	380	"22.945955"	"IPR003029"	"S1 domain"	"GO:0003676"
"PPA0778"	498	"ProSiteProfiles"	"PS50126"	"S1 domain profile."	140	205	"18.963703"	"IPR003029"	"S1 domain"	"GO:0003676"
"PPA0778"	498	"ProSiteProfiles"	"PS50126"	"S1 domain profile."	53	122	"17.816275"	"IPR003029"	"S1 domain"	"GO:0003676"
"PPA0778"	498	"ProSiteProfiles"	"PS50126"	"S1 domain profile."	226	294	"22.833464"	"IPR003029"	"S1 domain"	"GO:0003676"
"PPA0780"	439	"ProSiteProfiles"	"PS50983"	"Iron siderophore/cobalamin periplasmic-binding domain profile."	179	439	"29.679989"	"IPR002491"	"ABC transporter periplasmic binding domain"	"-"
"PPA0782"	259	"ProSiteProfiles"	"PS50893"	"ATP-binding cassette, ABC transporter-type domain profile."	2	232	"21.335314"	"IPR003439"	"ABC transporter-like, ATP-binding domain"	"GO:0005524"
"PPA0783"	569	"ProSiteProfiles"	"PS50929"	"ABC transporter integral membrane type-1 fused domain profile."	104	293	"19.915264"	"IPR011527"	"ABC transporter type 1, transmembrane domain"	"GO:0005524|GO:0016021|GO:0055085|GO:0140359"
"PPA0783"	569	"ProSiteProfiles"	"PS50893"	"ATP-binding cassette, ABC transporter-type domain profile."	338	569	"19.547941"	"IPR003439"	"ABC transporter-like, ATP-binding domain"	"GO:0005524"
"PPA0784"	556	"ProSiteProfiles"	"PS50929"	"ABC transporter integral membrane type-1 fused domain profile."	41	283	"18.483511"	"IPR011527"	"ABC transporter type 1, transmembrane domain"	"GO:0005524|GO:0016021|GO:0055085|GO:0140359"
"PPA0784"	556	"ProSiteProfiles"	"PS50893"	"ATP-binding cassette, ABC transporter-type domain profile."	336	554	"13.965738"	"IPR003439"	"ABC transporter-like, ATP-binding domain"	"GO:0005524"
"PPA0785"	231	"ProSiteProfiles"	"PS51219"	"Dephospho-CoA kinase (DPCK) domain profile."	29	231	"42.024994"	"IPR001977"	"Dephospho-CoA kinase"	"GO:0004140|GO:0005524|GO:0015937"
"PPA0788"	600	"ProSiteProfiles"	"PS50234"	"VWFA domain profile."	406	549	"12.595061"	"IPR002035"	"von Willebrand factor, type A"	"-"
"PPA0789"	138	"ProSiteProfiles"	"PS51257"	"Prokaryotic membrane lipoprotein lipid attachment site profile."	1	21	"5.0"	"-"	"-"	""
"PPA0792"	265	"ProSiteProfiles"	"PS50893"	"ATP-binding cassette, ABC transporter-type domain profile."	6	242	"23.189381"	"IPR003439"	"ABC transporter-like, ATP-binding domain"	"GO:0005524"
"PPA0794"	259	"ProSiteProfiles"	"PS50983"	"Iron siderophore/cobalamin periplasmic-binding domain profile."	1	252	"30.388039"	"IPR002491"	"ABC transporter periplasmic binding domain"	"-"
"PPA0803"	701	"ProSiteProfiles"	"PS51194"	"Superfamilies 1 and 2 helicase C-terminal domain profile."	438	604	"21.254475"	"IPR001650"	"Helicase, C-terminal"	"-"
"PPA0803"	701	"ProSiteProfiles"	"PS51192"	"Superfamilies 1 and 2 helicase ATP-binding type-1 domain profile."	35	168	"13.118355"	"IPR014001"	"Helicase superfamily 1/2, ATP-binding domain"	"-"
"PPA0803"	701	"ProSiteProfiles"	"PS50151"	"UVR domain profile."	657	692	"11.263443"	"IPR001943"	"UVR domain"	"GO:0005515"
"PPA0807"	989	"ProSiteProfiles"	"PS50893"	"ATP-binding cassette, ABC transporter-type domain profile."	616	944	"10.551056"	"IPR003439"	"ABC transporter-like, ATP-binding domain"	"GO:0005524"
"PPA0808"	135	"ProSiteProfiles"	"PS51257"	"Prokaryotic membrane lipoprotein lipid attachment site profile."	1	27	"6.0"	"-"	"-"	""
"PPA0808"	135	"ProSiteProfiles"	"PS51296"	"Rieske [2Fe-2S] iron-sulfur domain profile."	40	132	"22.537075"	"IPR017941"	"Rieske [2Fe-2S] iron-sulphur domain"	"GO:0051537"
"PPA0808"	135	"ProSiteProfiles"	"PS51318"	"Twin arginine translocation (Tat) signal profile."	1	25	"7.842575"	"IPR006311"	"Twin-arginine translocation pathway, signal sequence"	"-"
"PPA0812"	686	"ProSiteProfiles"	"PS50164"	"GIY-YIG domain profile."	30	109	"22.856642"	"IPR000305"	"GIY-YIG endonuclease"	"-"
"PPA0812"	686	"ProSiteProfiles"	"PS50151"	"UVR domain profile."	222	257	"11.698162"	"IPR001943"	"UVR domain"	"GO:0005515"
"PPA0812"	686	"ProSiteProfiles"	"PS50165"	"UvrC family, homology region profile."	273	540	"50.561672"	"IPR001162"	"UvrC, RNAse H endonuclease domain"	"-"
"PPA0818"	259	"ProSiteProfiles"	"PS51440"	"Triosephosphate isomerase (TIM) family profile."	4	256	"82.17012"	"IPR000652"	"Triosephosphate isomerase"	"GO:0004807"
"PPA0824"	650	"ProSiteProfiles"	"PS51918"	"Radical SAM core domain profile."	260	502	"14.690746"	"IPR007197"	"Radical SAM"	"GO:0003824|GO:0051536"
"PPA0826"	874	"ProSiteProfiles"	"PS50126"	"S1 domain profile."	465	542	"9.806774"	"IPR003029"	"S1 domain"	"GO:0003676"
"PPA0831"	202	"ProSiteProfiles"	"PS50977"	"TetR-type HTH domain profile."	7	67	"18.083391"	"IPR001647"	"DNA-binding HTH domain, TetR-type"	"GO:0003677"
"PPA0832"	587	"ProSiteProfiles"	"PS50850"	"Major facilitator superfamily (MFS) profile."	20	513	"42.577793"	"IPR020846"	"Major facilitator superfamily domain"	"GO:0022857"
"PPA0833"	505	"ProSiteProfiles"	"PS51881"	"Obg C-terminal (OCT) domain profile."	352	437	"23.363605"	"IPR015349"	"GTP-binding protein OBG, C-terminal"	"GO:0000166"
"PPA0833"	505	"ProSiteProfiles"	"PS51883"	"Obg domain profile."	4	162	"69.234993"	"IPR006169"	"GTP1/OBG domain"	"-"
"PPA0833"	505	"ProSiteProfiles"	"PS51710"	"OBG-type guanine nucleotide-binding (G) domain profile."	163	333	"70.850609"	"IPR031167"	"OBG-type guanine nucleotide-binding (G) domain"	"GO:0005525"
"PPA0834"	411	"ProSiteProfiles"	"PS50890"	"PUA domain profile."	298	366	"14.948159"	"-"	"-"	""
"PPA0852"	562	"ProSiteProfiles"	"PS51198"	"UvrD-like DNA helicase ATP-binding domain profile."	2	270	"29.935755"	"IPR014016"	"UvrD-like helicase, ATP-binding domain"	"GO:0005524"
"PPA0862"	439	"ProSiteProfiles"	"PS51664"	"YcaO domain profile."	66	439	"70.936813"	"IPR003776"	"YcaO-like domain"	"-"
"PPA0867"	90	"ProSiteProfiles"	"PS51257"	"Prokaryotic membrane lipoprotein lipid attachment site profile."	1	22	"6.0"	"-"	"-"	""
"PPA0875"	462	"ProSiteProfiles"	"PS50949"	"GntR-type HTH domain profile."	22	90	"15.384648"	"IPR000524"	"Transcription regulator HTH, GntR"	"GO:0003700|GO:0006355"
"PPA0877"	779	"ProSiteProfiles"	"PS50893"	"ATP-binding cassette, ABC transporter-type domain profile."	4	447	"9.130495"	"IPR003439"	"ABC transporter-like, ATP-binding domain"	"GO:0005524"
"PPA0879"	330	"ProSiteProfiles"	"PS51347"	"Phosphotriesterase family profile."	2	328	"58.769058"	"IPR001559"	"Phosphotriesterase"	"GO:0008270|GO:0009056"
"PPA0884"	452	"ProSiteProfiles"	"PS50850"	"Major facilitator superfamily (MFS) profile."	27	446	"41.91848"	"IPR020846"	"Major facilitator superfamily domain"	"GO:0022857"
"PPA0896"	569	"ProSiteProfiles"	"PS51192"	"Superfamilies 1 and 2 helicase ATP-binding type-1 domain profile."	15	172	"14.985712"	"IPR014001"	"Helicase superfamily 1/2, ATP-binding domain"	"-"
"PPA0901"	611	"ProSiteProfiles"	"PS51722"	"Translational (tr)-type guanine nucleotide-binding (G) domain profile."	12	193	"60.528252"	"IPR000795"	"Translational (tr)-type GTP-binding domain"	"GO:0003924|GO:0005525"
"PPA0904"	451	"ProSiteProfiles"	"PS51257"	"Prokaryotic membrane lipoprotein lipid attachment site profile."	1	19	"6.0"	"-"	"-"	""
"PPA0911"	393	"ProSiteProfiles"	"PS51918"	"Radical SAM core domain profile."	12	256	"20.791521"	"IPR007197"	"Radical SAM"	"GO:0003824|GO:0051536"
"PPA0916"	392	"ProSiteProfiles"	"PS50076"	"dnaJ domain profile."	4	67	"21.544006"	"IPR001623"	"DnaJ domain"	"-"
"PPA0916"	392	"ProSiteProfiles"	"PS51188"	"Zinc finger CR-type profile."	134	216	"24.864914"	"IPR001305"	"Heat shock protein DnaJ, cysteine-rich domain"	"GO:0031072|GO:0051082"
"PPA0919"	635	"ProSiteProfiles"	"PS51099"	"PTS_EIIB type-2 domain profile."	378	467	"12.879328"	"IPR013011"	"Phosphotransferase system, EIIB component, type 2"	"GO:0008982|GO:0009401"
"PPA0919"	635	"ProSiteProfiles"	"PS51104"	"PTS_EIIC type-2 domain profile."	24	352	"17.531616"	"IPR013014"	"Phosphotransferase system, EIIC component, type 2"	"-"
"PPA0919"	635	"ProSiteProfiles"	"PS51094"	"PTS_EIIA type-2 domain profile."	494	633	"37.018158"	"IPR002178"	"PTS EIIA type-2 domain"	"-"
"PPA0921"	716	"ProSiteProfiles"	"PS51192"	"Superfamilies 1 and 2 helicase ATP-binding type-1 domain profile."	42	206	"18.336897"	"IPR014001"	"Helicase superfamily 1/2, ATP-binding domain"	"-"
"PPA0921"	716	"ProSiteProfiles"	"PS51194"	"Superfamilies 1 and 2 helicase C-terminal domain profile."	246	409	"16.075897"	"IPR001650"	"Helicase, C-terminal"	"-"
"PPA0926"	218	"ProSiteProfiles"	"PS50043"	"LuxR-type HTH domain profile."	143	208	"23.996597"	"IPR000792"	"Transcription regulator LuxR, C-terminal"	"GO:0006355"
"PPA0926"	218	"ProSiteProfiles"	"PS50110"	"Response regulatory domain profile."	2	117	"40.90078"	"IPR001789"	"Signal transduction response regulator, receiver domain"	"GO:0000160"
"PPA0927"	306	"ProSiteProfiles"	"PS50893"	"ATP-binding cassette, ABC transporter-type domain profile."	7	237	"18.774303"	"IPR003439"	"ABC transporter-like, ATP-binding domain"	"GO:0005524"
"PPA0938"	432	"ProSiteProfiles"	"PS51371"	"CBS domain profile."	275	332	"11.50528"	"IPR000644"	"CBS domain"	"-"
"PPA0938"	432	"ProSiteProfiles"	"PS51371"	"CBS domain profile."	207	266	"10.829255"	"IPR000644"	"CBS domain"	"-"
"PPA0939"	340	"ProSiteProfiles"	"PS50823"	"Type-2 KH domain profile."	244	326	"12.25154"	"IPR004044"	"K Homology domain, type 2"	"GO:0003723"
"PPA0939"	340	"ProSiteProfiles"	"PS51713"	"Era-type guanine nucleotide-binding (G) domain profile."	39	213	"51.665585"	"IPR030388"	"Era-type guanine nucleotide-binding (G) domain"	"GO:0005525"
"PPA0941"	581	"ProSiteProfiles"	"PS50991"	"Pyruvate carboxyltransferase domain."	42	317	"17.09742"	"IPR000891"	"Pyruvate carboxyltransferase"	"GO:0003824"
"PPA0947"	223	"ProSiteProfiles"	"PS50043"	"LuxR-type HTH domain profile."	150	215	"13.599263"	"IPR000792"	"Transcription regulator LuxR, C-terminal"	"GO:0006355"
"PPA0947"	223	"ProSiteProfiles"	"PS50110"	"Response regulatory domain profile."	4	120	"38.98629"	"IPR001789"	"Signal transduction response regulator, receiver domain"	"GO:0000160"
"PPA0949"	506	"ProSiteProfiles"	"PS50862"	"Aminoacyl-transfer RNA synthetases class-II family profile."	51	410	"20.629295"	"IPR006195"	"Aminoacyl-tRNA synthetase, class II"	"-"
"PPA0952"	252	"ProSiteProfiles"	"PS51379"	"4Fe-4S ferredoxin-type iron-sulfur binding domain profile."	150	179	"9.852168"	"IPR017896"	"4Fe-4S ferredoxin-type, iron-sulphur binding domain"	"-"
"PPA0955"	369	"ProSiteProfiles"	"PS51831"	"HD domain profile."	110	216	"16.323919"	"IPR006674"	"HD domain"	"-"
"PPA0957"	623	"ProSiteProfiles"	"PS50880"	"Toprim domain profile."	264	350	"12.902097"	"IPR006171"	"TOPRIM  domain"	"-"
"PPA0964"	470	"ProSiteProfiles"	"PS50949"	"GntR-type HTH domain profile."	18	86	"19.200766"	"IPR000524"	"Transcription regulator HTH, GntR"	"GO:0003700|GO:0006355"
"PPA0965"	304	"ProSiteProfiles"	"PS51129"	"PdxS/SNZ family profile."	19	304	"161.187317"	"IPR001852"	"Pyridoxal 5'-phosphate synthase subunit PdxS/SNZ"	"GO:0042819|GO:0042823"
"PPA0966"	201	"ProSiteProfiles"	"PS51273"	"Glutamine amidotransferase type 1 domain profile."	4	201	"15.27359"	"-"	"-"	""
"PPA0966"	201	"ProSiteProfiles"	"PS51274"	"CobBQ-type GATase domain profile."	1	188	"10.213691"	"-"	"-"	""
"PPA0966"	201	"ProSiteProfiles"	"PS51130"	"PdxT/SNO family profile."	4	198	"59.16938"	"IPR002161"	"Pyridoxal 5'-phosphate synthase subunit PdxT/SNO"	"GO:0004359|GO:0042819|GO:0042823"
"PPA0976"	322	"ProSiteProfiles"	"PS50234"	"VWFA domain profile."	95	282	"17.032907"	"IPR002035"	"von Willebrand factor, type A"	"-"
"PPA0977"	318	"ProSiteProfiles"	"PS50234"	"VWFA domain profile."	88	278	"14.461774"	"IPR002035"	"von Willebrand factor, type A"	"-"
"PPA0982"	81	"ProSiteProfiles"	"PS50075"	"Carrier protein (CP) domain profile."	2	80	"18.948111"	"IPR009081"	"Phosphopantetheine binding ACP domain"	"-"
"PPA0987"	481	"ProSiteProfiles"	"PS50850"	"Major facilitator superfamily (MFS) profile."	1	455	"43.088226"	"IPR020846"	"Major facilitator superfamily domain"	"GO:0022857"
"PPA0990"	302	"ProSiteProfiles"	"PS51318"	"Twin arginine translocation (Tat) signal profile."	1	32	"7.816129"	"IPR006311"	"Twin-arginine translocation pathway, signal sequence"	"-"
"PPA0990"	302	"ProSiteProfiles"	"PS51910"	"Glycosyl hydrolases family 18 (GH18) domain profile."	41	302	"14.9479"	"IPR001223"	"Glycoside hydrolase family 18, catalytic domain"	"GO:0005975"
"PPA0999"	362	"ProSiteProfiles"	"PS51273"	"Glutamine amidotransferase type 1 domain profile."	172	359	"28.438766"	"-"	"-"	""
"PPA1000"	1068	"ProSiteProfiles"	"PS51855"	"MGS-like domain profile."	936	1068	"25.961174"	"IPR011607"	"Methylglyoxal synthase-like domain"	"-"
"PPA1000"	1068	"ProSiteProfiles"	"PS50975"	"ATP-grasp fold profile."	133	327	"46.943512"	"IPR011761"	"ATP-grasp fold"	"GO:0005524|GO:0046872"
"PPA1000"	1068	"ProSiteProfiles"	"PS50975"	"ATP-grasp fold profile."	671	867	"54.931973"	"IPR011761"	"ATP-grasp fold"	"GO:0005524|GO:0046872"
"PPA1001"	264	"ProSiteProfiles"	"PS51384"	"Ferredoxin reductase-type FAD binding domain profile."	9	105	"10.777572"	"IPR017927"	"FAD-binding domain, ferredoxin reductase-type"	"GO:0016491"
"PPA1006"	481	"ProSiteProfiles"	"PS51449"	"Methylthiotransferase N-terminal domain profile."	8	124	"23.348333"	"IPR013848"	"Methylthiotransferase, N-terminal"	"GO:0035596|GO:0051539"
"PPA1006"	481	"ProSiteProfiles"	"PS51918"	"Radical SAM core domain profile."	182	413	"31.854593"	"IPR007197"	"Radical SAM"	"GO:0003824|GO:0051536"
"PPA1009"	91	"ProSiteProfiles"	"PS50943"	"Cro/C1-type HTH domain profile."	14	68	"12.121166"	"IPR001387"	"Cro/C1-type helix-turn-helix domain"	"-"
"PPA1010"	267	"ProSiteProfiles"	"PS51000"	"DeoR-type HTH domain profile."	12	67	"15.906837"	"IPR001034"	"DeoR-type HTH domain"	"GO:0003700|GO:0006355"
"PPA1012"	348	"ProSiteProfiles"	"PS50162"	"RecA family profile 1."	37	196	"36.095276"	"IPR020588"	"DNA recombination and repair protein RecA-like, ATP-binding domain"	"GO:0003677|GO:0005524|GO:0006281|GO:0140664"
"PPA1012"	348	"ProSiteProfiles"	"PS50163"	"RecA family profile 2."	201	274	"36.655434"	"IPR020587"	"DNA recombination and repair protein RecA, monomer-monomer interface"	"GO:0003677|GO:0005524|GO:0006259|GO:0008094"
"PPA1014"	542	"ProSiteProfiles"	"PS51831"	"HD domain profile."	355	449	"27.03956"	"IPR006674"	"HD domain"	"-"
"PPA1014"	542	"ProSiteProfiles"	"PS50084"	"Type-1 KH domain profile."	242	289	"8.91103"	"-"	"-"	""
"PPA1017"	494	"ProSiteProfiles"	"PS51918"	"Radical SAM core domain profile."	154	385	"35.888779"	"IPR007197"	"Radical SAM"	"GO:0003824|GO:0051536"
"PPA1017"	494	"ProSiteProfiles"	"PS51449"	"Methylthiotransferase N-terminal domain profile."	12	131	"34.67231"	"IPR013848"	"Methylthiotransferase, N-terminal"	"GO:0035596|GO:0051539"
"PPA1021"	483	"ProSiteProfiles"	"PS51705"	"HflX-type guanine nucleotide-binding (G) domain profile."	263	428	"50.495335"	"IPR030394"	"HflX-type guanine nucleotide-binding (G) domain"	"GO:0005525"
"PPA1022"	682	"ProSiteProfiles"	"PS51193"	"Superfamilies 1 and 2 helicase ATP-binding type-2 domain profile."	17	319	"23.615017"	"IPR014013"	"Helicase superfamily 1/2, ATP-binding domain, DinG/Rad3-type"	"GO:0005524"
"PPA1025"	169	"ProSiteProfiles"	"PS51161"	"ATP-cone domain profile."	47	137	"21.180004"	"IPR005144"	"ATP-cone domain"	"-"
"PPA1029"	1361	"ProSiteProfiles"	"PS51192"	"Superfamilies 1 and 2 helicase ATP-binding type-1 domain profile."	32	192	"19.34288"	"IPR014001"	"Helicase superfamily 1/2, ATP-binding domain"	"-"
"PPA1029"	1361	"ProSiteProfiles"	"PS51194"	"Superfamilies 1 and 2 helicase C-terminal domain profile."	247	414	"14.054262"	"IPR001650"	"Helicase, C-terminal"	"-"
"PPA1034"	202	"ProSiteProfiles"	"PS50977"	"TetR-type HTH domain profile."	18	78	"15.612141"	"IPR001647"	"DNA-binding HTH domain, TetR-type"	"GO:0003677"
"PPA1036"	82	"ProSiteProfiles"	"PS51186"	"Gcn5-related N-acetyltransferase (GNAT) domain profile."	1	82	"12.82128"	"IPR000182"	"GNAT domain"	"GO:0016407"
"PPA1040"	193	"ProSiteProfiles"	"PS51186"	"Gcn5-related N-acetyltransferase (GNAT) domain profile."	24	186	"12.630189"	"IPR000182"	"GNAT domain"	"GO:0016407"
"PPA1042"	698	"ProSiteProfiles"	"PS50880"	"Toprim domain profile."	472	586	"15.606659"	"IPR006171"	"TOPRIM  domain"	"-"
"PPA1044"	447	"ProSiteProfiles"	"PS50850"	"Major facilitator superfamily (MFS) profile."	252	447	"10.48423"	"IPR020846"	"Major facilitator superfamily domain"	"GO:0022857"
"PPA1057"	219	"ProSiteProfiles"	"PS51201"	"RCK N-terminal domain profile."	2	124	"17.303347"	"IPR003148"	"Regulator of K+ conductance, N-terminal"	"GO:0006813"
"PPA1057"	219	"ProSiteProfiles"	"PS51202"	"RCK C-terminal domain profile."	137	218	"14.050682"	"IPR006037"	"Regulator of K+ conductance, C-terminal"	"GO:0006813|GO:0008324"
"PPA1058"	225	"ProSiteProfiles"	"PS51202"	"RCK C-terminal domain profile."	138	220	"8.849314"	"IPR006037"	"Regulator of K+ conductance, C-terminal"	"GO:0006813|GO:0008324"
"PPA1058"	225	"ProSiteProfiles"	"PS51201"	"RCK N-terminal domain profile."	7	121	"15.121744"	"IPR003148"	"Regulator of K+ conductance, N-terminal"	"GO:0006813"
"PPA1060"	393	"ProSiteProfiles"	"PS51687"	"SAM-dependent methyltransferase RNA m(5)U-type domain profile."	85	392	"48.136829"	"IPR010280"	"(Uracil-5)-methyltransferase family"	"GO:0006396|GO:0008173"
"PPA1060"	393	"ProSiteProfiles"	"PS50926"	"TRAM domain profile."	6	65	"11.86725"	"IPR002792"	"TRAM domain"	"-"
"PPA1065"	148	"ProSiteProfiles"	"PS51790"	"Methionine-R-sulfoxide reductase (MsrB) domain profile."	19	144	"64.389633"	"IPR002579"	"Peptide methionine sulphoxide reductase MrsB domain"	"GO:0033743"
"PPA1073"	446	"ProSiteProfiles"	"PS50109"	"Histidine kinase domain profile."	238	432	"16.690935"	"IPR005467"	"Histidine kinase domain"	"-"
"PPA1076"	684	"ProSiteProfiles"	"PS50862"	"Aminoacyl-transfer RNA synthetases class-II family profile."	271	567	"24.118303"	"IPR006195"	"Aminoacyl-tRNA synthetase, class II"	"-"
"PPA1076"	684	"ProSiteProfiles"	"PS51880"	"TGS domain profile."	1	60	"15.283926"	"IPR004095"	"TGS"	"-"
"PPA1077"	405	"ProSiteProfiles"	"PS51084"	"HIT domain profile."	267	376	"23.062395"	"IPR011146"	"HIT-like domain"	"GO:0003824"
"PPA1084"	192	"ProSiteProfiles"	"PS50006"	"Forkhead-associated (FHA) domain profile."	107	156	"12.403899"	"IPR000253"	"Forkhead-associated (FHA) domain"	"GO:0005515"
"PPA1085"	237	"ProSiteProfiles"	"PS50937"	"MerR-type HTH domain profile."	21	79	"15.99732"	"IPR000551"	"MerR-type HTH domain"	"GO:0003677|GO:0006355"
"PPA1086"	159	"ProSiteProfiles"	"PS51658"	"Bifunctional nuclease (BFN) domain profile."	1	128	"44.183418"	"IPR003729"	"Bifunctional nuclease domain"	"GO:0004518"
"PPA1087"	195	"ProSiteProfiles"	"PS50937"	"MerR-type HTH domain profile."	43	110	"15.647103"	"IPR000551"	"MerR-type HTH domain"	"GO:0003677|GO:0006355"
"PPA1089"	383	"ProSiteProfiles"	"PS50850"	"Major facilitator superfamily (MFS) profile."	1	377	"16.184082"	"IPR020846"	"Major facilitator superfamily domain"	"GO:0022857"
"PPA1092"	222	"ProSiteProfiles"	"PS51163"	"YrdC-like domain profile."	30	216	"22.171377"	"IPR006070"	"Threonylcarbamoyl-AMP synthase-like domain"	"GO:0003725"
"PPA1094"	309	"ProSiteProfiles"	"PS50146"	"DAG-kinase catalytic (DAGKc) domain profile."	10	141	"26.007278"	"IPR001206"	"Diacylglycerol kinase, catalytic domain"	"GO:0016301"
"PPA1100"	258	"ProSiteProfiles"	"PS51257"	"Prokaryotic membrane lipoprotein lipid attachment site profile."	1	22	"7.0"	"-"	"-"	""
"PPA1100"	258	"ProSiteProfiles"	"PS50072"	"Cyclophilin-type peptidyl-prolyl cis-trans isomerase domain profile."	115	257	"10.030502"	"IPR002130"	"Cyclophilin-type peptidyl-prolyl cis-trans isomerase domain"	"GO:0000413|GO:0003755"
"PPA1104"	152	"ProSiteProfiles"	"PS51819"	"Vicinal oxygen chelate (VOC) domain profile."	11	143	"21.894083"	"IPR037523"	"Vicinal oxygen chelate (VOC) domain"	"-"
"PPA1109"	681	"ProSiteProfiles"	"PS51093"	"PTS_EIIA type-1 domain profile."	551	655	"26.762293"	"IPR001127"	"Phosphotransferase system, sugar-specific permease EIIA type 1"	"GO:0009401"
"PPA1109"	681	"ProSiteProfiles"	"PS51103"	"PTS_EIIC type-1 domain profile."	117	490	"34.792061"	"IPR013013"	"Phosphotransferase system, EIIC component, type 1"	"-"
"PPA1109"	681	"ProSiteProfiles"	"PS51098"	"PTS_EIIB type-1 domain profile."	2	85	"22.697252"	"IPR001996"	"Phosphotransferase system, IIB component, type 1"	"GO:0008982|GO:0009401"
"PPA1110"	264	"ProSiteProfiles"	"PS51462"	"Nudix hydrolase domain profile."	120	251	"13.221759"	"IPR000086"	"NUDIX hydrolase domain"	"-"
"PPA1121"	249	"ProSiteProfiles"	"PS51671"	"ACT domain profile."	47	123	"9.040073"	"IPR002912"	"ACT domain"	"-"
"PPA1134"	1505	"ProSiteProfiles"	"PS51278"	"Glutamine amidotransferase type 2 domain profile."	21	407	"26.964474"	"IPR017932"	"Glutamine amidotransferase type 2 domain"	"-"
"PPA1135"	490	"ProSiteProfiles"	"PS51379"	"4Fe-4S ferredoxin-type iron-sulfur binding domain profile."	40	72	"7.449539"	"IPR017896"	"4Fe-4S ferredoxin-type, iron-sulphur binding domain"	"-"
"PPA1140"	290	"ProSiteProfiles"	"PS51464"	"SIS domain profile."	129	269	"20.052002"	"IPR001347"	"SIS domain"	"GO:0097367|GO:1901135"
"PPA1140"	290	"ProSiteProfiles"	"PS51071"	"RpiR-type HTH domain profile."	3	79	"20.731771"	"IPR000281"	"Helix-turn-helix protein RpiR"	"GO:0003700|GO:0006355"
"PPA1141"	304	"ProSiteProfiles"	"PS51464"	"SIS domain profile."	57	220	"29.063473"	"IPR001347"	"SIS domain"	"GO:0097367|GO:1901135"
"PPA1142"	519	"ProSiteProfiles"	"PS51103"	"PTS_EIIC type-1 domain profile."	161	519	"24.398026"	"IPR013013"	"Phosphotransferase system, EIIC component, type 1"	"-"
"PPA1142"	519	"ProSiteProfiles"	"PS51098"	"PTS_EIIB type-1 domain profile."	18	100	"20.814337"	"IPR001996"	"Phosphotransferase system, IIB component, type 1"	"GO:0008982|GO:0009401"
"PPA1145"	334	"ProSiteProfiles"	"PS51318"	"Twin arginine translocation (Tat) signal profile."	1	33	"8.358288"	"IPR006311"	"Twin-arginine translocation pathway, signal sequence"	"-"
"PPA1147"	103	"ProSiteProfiles"	"PS51100"	"PTS_EIIB type-3 domain profile."	1	103	"19.294741"	"IPR013012"	"Phosphotransferase system, EIIB component, type 3"	"GO:0008982|GO:0009401"
"PPA1148"	422	"ProSiteProfiles"	"PS51105"	"PTS_EIIC type-3 domain profile."	8	403	"57.597561"	"IPR004501"	"Phosphotransferase system, EIIC component, type 3"	"GO:0008982|GO:0009401|GO:0016021"
"PPA1149"	106	"ProSiteProfiles"	"PS51095"	"PTS_EIIA type-3 domain profile."	2	99	"30.795265"	"IPR003188"	"Phosphotransferase system, lactose/cellobiose-type IIA subunit"	"GO:0009401"
"PPA1155"	217	"ProSiteProfiles"	"PS51274"	"CobBQ-type GATase domain profile."	16	205	"10.885733"	"-"	"-"	""
"PPA1155"	217	"ProSiteProfiles"	"PS51273"	"Glutamine amidotransferase type 1 domain profile."	18	217	"35.049603"	"-"	"-"	""
"PPA1165"	364	"ProSiteProfiles"	"PS51201"	"RCK N-terminal domain profile."	143	268	"14.355552"	"IPR003148"	"Regulator of K+ conductance, N-terminal"	"GO:0006813"
"PPA1166"	774	"ProSiteProfiles"	"PS51880"	"TGS domain profile."	436	497	"18.477512"	"IPR004095"	"TGS"	"-"
"PPA1166"	774	"ProSiteProfiles"	"PS51671"	"ACT domain profile."	700	774	"15.258793"	"IPR002912"	"ACT domain"	"-"
"PPA1166"	774	"ProSiteProfiles"	"PS51831"	"HD domain profile."	94	191	"18.656523"	"IPR006674"	"HD domain"	"-"
"PPA1169"	454	"ProSiteProfiles"	"PS50862"	"Aminoacyl-transfer RNA synthetases class-II family profile."	105	353	"10.267363"	"IPR006195"	"Aminoacyl-tRNA synthetase, class II"	"-"
"PPA1171"	196	"ProSiteProfiles"	"PS51186"	"Gcn5-related N-acetyltransferase (GNAT) domain profile."	23	187	"10.657851"	"IPR000182"	"GNAT domain"	"GO:0016407"
"PPA1173"	214	"ProSiteProfiles"	"PS50977"	"TetR-type HTH domain profile."	19	79	"14.227154"	"IPR001647"	"DNA-binding HTH domain, TetR-type"	"GO:0003677"
"PPA1175"	606	"ProSiteProfiles"	"PS50862"	"Aminoacyl-transfer RNA synthetases class-II family profile."	140	558	"15.584946"	"IPR006195"	"Aminoacyl-tRNA synthetase, class II"	"-"
"PPA1178"	892	"ProSiteProfiles"	"PS50860"	"Alanyl-transfer RNA synthetases family profile."	1	724	"107.766579"	"IPR018165"	"Alanyl-tRNA synthetase, class IIc, core domain"	"GO:0003676|GO:0004813|GO:0005524|GO:0006419"
"PPA1185"	413	"ProSiteProfiles"	"PS51257"	"Prokaryotic membrane lipoprotein lipid attachment site profile."	1	22	"6.0"	"-"	"-"	""
"PPA1190"	199	"ProSiteProfiles"	"PS50052"	"Guanylate kinase-like domain profile."	19	198	"32.762878"	"IPR008144"	"Guanylate kinase-like domain"	"-"
"PPA1196"	458	"ProSiteProfiles"	"PS51686"	"SAM-dependent MTase RsmB/NOP-type domain profile."	155	452	"40.233982"	"IPR001678"	"SAM-dependent methyltransferase RsmB/NOP2-type"	"GO:0008168"
"PPA1197"	256	"ProSiteProfiles"	"PS51257"	"Prokaryotic membrane lipoprotein lipid attachment site profile."	1	24	"5.0"	"-"	"-"	""
"PPA1201"	669	"ProSiteProfiles"	"PS51620"	"tRNA (adenine(57)-N(1)/adenine(58)-N(1) or adenine(58)-N(1)) (EC 2.1.1.219 or EC 2.1.1.220) family profile."	376	626	"76.11657"	"IPR014816"	"tRNA (1-methyladenosine) methyltransferase catalytic subunit Gcd14"	"GO:0016429|GO:0030488|GO:0031515"
"PPA1204"	301	"ProSiteProfiles"	"PS50893"	"ATP-binding cassette, ABC transporter-type domain profile."	22	255	"10.471025"	"IPR003439"	"ABC transporter-like, ATP-binding domain"	"GO:0005524"
"PPA1205"	206	"ProSiteProfiles"	"PS50977"	"TetR-type HTH domain profile."	11	71	"17.295849"	"IPR001647"	"DNA-binding HTH domain, TetR-type"	"GO:0003677"
"PPA1208"	423	"ProSiteProfiles"	"PS51176"	"Prephenate/arogenate dehydrogenase domain profile."	71	354	"32.096893"	"IPR003099"	"Prephenate dehydrogenase"	"GO:0004665|GO:0006571|GO:0008977"
"PPA1208"	423	"ProSiteProfiles"	"PS51671"	"ACT domain profile."	356	423	"10.524"	"IPR002912"	"ACT domain"	"-"
"PPA1210"	456	"ProSiteProfiles"	"PS51712"	"EngA-type guanine nucleotide-binding (G) domain profile."	22	185	"68.774521"	"IPR031166"	"EngA-type guanine nucleotide-binding (G) domain"	"GO:0005525"
"PPA1210"	456	"ProSiteProfiles"	"PS51712"	"EngA-type guanine nucleotide-binding (G) domain profile."	195	368	"69.598091"	"IPR031166"	"EngA-type guanine nucleotide-binding (G) domain"	"GO:0005525"
"PPA1213"	477	"ProSiteProfiles"	"PS50850"	"Major facilitator superfamily (MFS) profile."	45	457	"8.931659"	"IPR020846"	"Major facilitator superfamily domain"	"GO:0022857"
"PPA1220"	163	"ProSiteProfiles"	"PS50956"	"AsnC-type HTH domain profile."	16	77	"33.173561"	"IPR000485"	"AsnC-type HTH domain"	"GO:0043565"
"PPA1221"	529	"ProSiteProfiles"	"PS50263"	"Carbon-nitrogen hydrolase domain profile."	220	487	"23.62842"	"IPR003010"	"Carbon-nitrogen hydrolase"	"GO:0006807"
"PPA1224"	241	"ProSiteProfiles"	"PS51704"	"GP-PDE domain profile."	1	227	"29.709074"	"IPR030395"	"Glycerophosphodiester phosphodiesterase domain"	"GO:0006629|GO:0008081"
"PPA1226"	548	"ProSiteProfiles"	"PS50943"	"Cro/C1-type HTH domain profile."	53	107	"14.721392"	"IPR001387"	"Cro/C1-type helix-turn-helix domain"	"-"
"PPA1229"	139	"ProSiteProfiles"	"PS50987"	"ArsR-type HTH domain profile."	11	106	"18.503227"	"IPR001845"	"HTH ArsR-type DNA-binding domain"	"GO:0003700|GO:0006355"
"PPA1233"	398	"ProSiteProfiles"	"PS50850"	"Major facilitator superfamily (MFS) profile."	9	387	"24.436104"	"IPR020846"	"Major facilitator superfamily domain"	"GO:0022857"
"PPA1249"	307	"ProSiteProfiles"	"PS51163"	"YrdC-like domain profile."	75	261	"25.681351"	"IPR006070"	"Threonylcarbamoyl-AMP synthase-like domain"	"GO:0003725"
"PPA1254"	633	"ProSiteProfiles"	"PS51856"	"Rho RNA-binding domain profile."	260	335	"24.286621"	"IPR011113"	"Rho termination factor, RNA-binding domain"	"GO:0003723|GO:0006353"
"PPA1258"	441	"ProSiteProfiles"	"PS51671"	"ACT domain profile."	357	437	"11.900837"	"IPR002912"	"ACT domain"	"-"
"PPA1264"	141	"ProSiteProfiles"	"PS51674"	"4Fe-4S WhiB-like (Wbl)-type iron-sulfur binding domain profile."	66	128	"28.148605"	"IPR034768"	"WhiB-like  iron-sulfur binding domain"	"-"
"PPA1265"	491	"ProSiteProfiles"	"PS50109"	"Histidine kinase domain profile."	296	490	"16.032461"	"IPR005467"	"Histidine kinase domain"	"-"
"PPA1269"	333	"ProSiteProfiles"	"PS51721"	"Circularly permuted (CP)-type guanine nucleotide-binding (G) domain profile."	114	267	"42.277863"	"IPR030378"	"Circularly permuted (CP)-type guanine nucleotide-binding (G) domain"	"GO:0005525"
"PPA1269"	333	"ProSiteProfiles"	"PS50936"	"EngC GTPase domain profile."	123	265	"36.097549"	"IPR010914"	"RsgA GTPase domain"	"GO:0003924|GO:0005525"
"PPA1273"	261	"ProSiteProfiles"	"PS50893"	"ATP-binding cassette, ABC transporter-type domain profile."	5	248	"26.510693"	"IPR003439"	"ABC transporter-like, ATP-binding domain"	"GO:0005524"
"PPA1274"	269	"ProSiteProfiles"	"PS50893"	"ATP-binding cassette, ABC transporter-type domain profile."	4	251	"20.735077"	"IPR003439"	"ABC transporter-like, ATP-binding domain"	"GO:0005524"
"PPA1275"	270	"ProSiteProfiles"	"PS50928"	"ABC transporter integral membrane type-1 domain profile."	66	255	"17.855761"	"IPR000515"	"ABC transporter type 1, transmembrane domain MetI-like"	"GO:0016020|GO:0055085"
"PPA1276"	325	"ProSiteProfiles"	"PS50928"	"ABC transporter integral membrane type-1 domain profile."	97	300	"17.159014"	"IPR000515"	"ABC transporter type 1, transmembrane domain MetI-like"	"GO:0016020|GO:0055085"
"PPA1277"	495	"ProSiteProfiles"	"PS51257"	"Prokaryotic membrane lipoprotein lipid attachment site profile."	1	24	"6.0"	"-"	"-"	""
"PPA1285"	435	"ProSiteProfiles"	"PS50975"	"ATP-grasp fold profile."	138	340	"15.468225"	"IPR011761"	"ATP-grasp fold"	"GO:0005524|GO:0046872"
"PPA1287"	579	"ProSiteProfiles"	"PS50075"	"Carrier protein (CP) domain profile."	500	575	"15.089269"	"IPR009081"	"Phosphopantetheine binding ACP domain"	"-"
"PPA1288"	1098	"ProSiteProfiles"	"PS50075"	"Carrier protein (CP) domain profile."	557	630	"8.829546"	"IPR009081"	"Phosphopantetheine binding ACP domain"	"-"
"PPA1314"	706	"ProSiteProfiles"	"PS51198"	"UvrD-like DNA helicase ATP-binding domain profile."	23	304	"39.851784"	"IPR014016"	"UvrD-like helicase, ATP-binding domain"	"GO:0005524"
"PPA1314"	706	"ProSiteProfiles"	"PS51217"	"UvrD-like DNA helicase C-terminal domain profile."	305	609	"12.085423"	"IPR014017"	"UvrD-like DNA helicase, C-terminal"	"GO:0005524|GO:0016787"
"PPA1314"	706	"ProSiteProfiles"	"PS50967"	"HRDC domain profile."	628	706	"19.082209"	"IPR002121"	"HRDC domain"	"GO:0003676"
"PPA1316"	1078	"ProSiteProfiles"	"PS51198"	"UvrD-like DNA helicase ATP-binding domain profile."	1	322	"33.593815"	"IPR014016"	"UvrD-like helicase, ATP-binding domain"	"GO:0005524"
"PPA1316"	1078	"ProSiteProfiles"	"PS51217"	"UvrD-like DNA helicase C-terminal domain profile."	323	612	"11.398117"	"IPR014017"	"UvrD-like DNA helicase, C-terminal"	"GO:0005524|GO:0016787"
"PPA1318"	250	"ProSiteProfiles"	"PS51462"	"Nudix hydrolase domain profile."	100	223	"13.066664"	"IPR000086"	"NUDIX hydrolase domain"	"-"
"PPA1319"	1072	"ProSiteProfiles"	"PS51217"	"UvrD-like DNA helicase C-terminal domain profile."	371	667	"13.758471"	"IPR014017"	"UvrD-like DNA helicase, C-terminal"	"GO:0005524|GO:0016787"
"PPA1319"	1072	"ProSiteProfiles"	"PS51198"	"UvrD-like DNA helicase ATP-binding domain profile."	21	352	"39.09124"	"IPR014016"	"UvrD-like helicase, ATP-binding domain"	"GO:0005524"
"PPA1320"	1061	"ProSiteProfiles"	"PS51198"	"UvrD-like DNA helicase ATP-binding domain profile."	5	287	"27.711987"	"IPR014016"	"UvrD-like helicase, ATP-binding domain"	"GO:0005524"
"PPA1320"	1061	"ProSiteProfiles"	"PS51217"	"UvrD-like DNA helicase C-terminal domain profile."	294	620	"10.228491"	"IPR014017"	"UvrD-like DNA helicase, C-terminal"	"GO:0005524|GO:0016787"
"PPA1322"	258	"ProSiteProfiles"	"PS51746"	"PPM-type phosphatase domain profile."	31	258	"13.721203"	"IPR001932"	"PPM-type phosphatase domain"	"GO:0004722"
"PPA1325"	561	"ProSiteProfiles"	"PS51194"	"Superfamilies 1 and 2 helicase C-terminal domain profile."	290	438	"22.315086"	"IPR001650"	"Helicase, C-terminal"	"-"
"PPA1325"	561	"ProSiteProfiles"	"PS51192"	"Superfamilies 1 and 2 helicase ATP-binding type-1 domain profile."	84	264	"30.182358"	"IPR014001"	"Helicase superfamily 1/2, ATP-binding domain"	"-"
"PPA1325"	561	"ProSiteProfiles"	"PS51195"	"DEAD-box RNA helicase Q motif profile."	53	81	"10.145216"	"IPR014014"	"RNA helicase, DEAD-box type, Q motif"	"GO:0003724"
"PPA1333"	901	"ProSiteProfiles"	"PS51192"	"Superfamilies 1 and 2 helicase ATP-binding type-1 domain profile."	87	244	"14.325535"	"IPR014001"	"Helicase superfamily 1/2, ATP-binding domain"	"-"
"PPA1333"	901	"ProSiteProfiles"	"PS51194"	"Superfamilies 1 and 2 helicase C-terminal domain profile."	414	619	"9.079842"	"IPR001650"	"Helicase, C-terminal"	"-"
"PPA1333"	901	"ProSiteProfiles"	"PS51196"	"SecA family profile."	1	614	"148.880173"	"IPR014018"	"SecA motor DEAD"	"-"
"PPA1336"	591	"ProSiteProfiles"	"PS51257"	"Prokaryotic membrane lipoprotein lipid attachment site profile."	1	21	"6.0"	"-"	"-"	""
"PPA1337"	582	"ProSiteProfiles"	"PS50885"	"HAMP domain profile."	276	328	"9.34749"	"IPR003660"	"HAMP domain"	"GO:0007165|GO:0016021"
"PPA1337"	582	"ProSiteProfiles"	"PS50109"	"Histidine kinase domain profile."	343	557	"39.840397"	"IPR005467"	"Histidine kinase domain"	"-"
"PPA1338"	236	"ProSiteProfiles"	"PS51755"	"OmpR/PhoB-type DNA-binding domain profile."	132	231	"44.484798"	"IPR001867"	"OmpR/PhoB-type DNA-binding domain"	"GO:0000160|GO:0003677|GO:0006355"
"PPA1338"	236	"ProSiteProfiles"	"PS50110"	"Response regulatory domain profile."	9	122	"42.522781"	"IPR001789"	"Signal transduction response regulator, receiver domain"	"GO:0000160"
"PPA1353"	228	"ProSiteProfiles"	"PS50893"	"ATP-binding cassette, ABC transporter-type domain profile."	2	228	"23.256073"	"IPR003439"	"ABC transporter-like, ATP-binding domain"	"GO:0005524"
"PPA1356"	866	"ProSiteProfiles"	"PS50901"	"FtsK domain profile."	516	716	"36.420631"	"IPR002543"	"FtsK domain"	"GO:0000166|GO:0003677|GO:0005524"
"PPA1358"	151	"ProSiteProfiles"	"PS51257"	"Prokaryotic membrane lipoprotein lipid attachment site profile."	1	22	"5.0"	"-"	"-"	""
"PPA1359"	365	"ProSiteProfiles"	"PS50975"	"ATP-grasp fold profile."	144	355	"47.164391"	"IPR011761"	"ATP-grasp fold"	"GO:0005524|GO:0046872"
"PPA1364"	239	"ProSiteProfiles"	"PS51078"	"IclR effector binding domain profile."	67	236	"23.473017"	"IPR014757"	"Transcription regulator IclR, C-terminal"	"-"
"PPA1364"	239	"ProSiteProfiles"	"PS51077"	"IclR-type HTH domain profile."	7	66	"13.225211"	"IPR005471"	"Transcription regulator IclR, N-terminal"	"GO:0003677|GO:0006355"
"PPA1372"	342	"ProSiteProfiles"	"PS51851"	"KARI C-terminal domain profile."	183	328	"68.046524"	"IPR000506"	"Ketol-acid reductoisomerase, C-terminal"	"GO:0004455|GO:0009082"
"PPA1372"	342	"ProSiteProfiles"	"PS51850"	"KARI N-terminal domain profile."	2	182	"54.57584"	"IPR013116"	"Ketol-acid reductoisomerase, N-terminal"	"-"
"PPA1375"	136	"ProSiteProfiles"	"PS51084"	"HIT domain profile."	4	110	"24.925461"	"IPR011146"	"HIT-like domain"	"GO:0003824"
"PPA1377"	917	"ProSiteProfiles"	"PS51192"	"Superfamilies 1 and 2 helicase ATP-binding type-1 domain profile."	24	182	"19.782997"	"IPR014001"	"Helicase superfamily 1/2, ATP-binding domain"	"-"
"PPA1377"	917	"ProSiteProfiles"	"PS51194"	"Superfamilies 1 and 2 helicase C-terminal domain profile."	280	481	"10.767859"	"IPR001650"	"Helicase, C-terminal"	"-"
"PPA1384"	374	"ProSiteProfiles"	"PS50059"	"FKBP-type peptidyl-prolyl cis-trans isomerase domain profile."	142	231	"15.919533"	"IPR001179"	"FKBP-type peptidyl-prolyl cis-trans isomerase domain"	"GO:0003755"
"PPA1384"	374	"ProSiteProfiles"	"PS50059"	"FKBP-type peptidyl-prolyl cis-trans isomerase domain profile."	285	371	"14.098754"	"IPR001179"	"FKBP-type peptidyl-prolyl cis-trans isomerase domain"	"GO:0003755"
"PPA1385"	245	"ProSiteProfiles"	"PS50889"	"S4 RNA-binding domain profile."	7	73	"14.060962"	"-"	"-"	""
"PPA1388"	306	"ProSiteProfiles"	"PS51898"	"Tyrosine recombinase domain profile."	110	299	"62.046684"	"IPR002104"	"Integrase, catalytic domain"	"GO:0003677|GO:0006310|GO:0015074"
"PPA1388"	306	"ProSiteProfiles"	"PS51900"	"Core-binding (CB) domain profile."	3	89	"20.673965"	"IPR044068"	"Core-binding (CB) domain"	"-"
"PPA1389"	219	"ProSiteProfiles"	"PS51462"	"Nudix hydrolase domain profile."	47	186	"12.408848"	"IPR000086"	"NUDIX hydrolase domain"	"-"
"PPA1390"	562	"ProSiteProfiles"	"PS51273"	"Glutamine amidotransferase type 1 domain profile."	297	546	"22.223448"	"-"	"-"	""
"PPA1396"	258	"ProSiteProfiles"	"PS50889"	"S4 RNA-binding domain profile."	14	73	"14.283798"	"-"	"-"	""
"PPA1399"	316	"ProSiteProfiles"	"PS50893"	"ATP-binding cassette, ABC transporter-type domain profile."	77	303	"19.174461"	"IPR003439"	"ABC transporter-like, ATP-binding domain"	"GO:0005524"
"PPA1404"	418	"ProSiteProfiles"	"PS50889"	"S4 RNA-binding domain profile."	359	410	"8.784004"	"-"	"-"	""
"PPA1406"	203	"ProSiteProfiles"	"PS50977"	"TetR-type HTH domain profile."	17	77	"17.350163"	"IPR001647"	"DNA-binding HTH domain, TetR-type"	"GO:0003677"
"PPA1407"	388	"ProSiteProfiles"	"PS51918"	"Radical SAM core domain profile."	74	302	"29.973623"	"IPR007197"	"Radical SAM"	"GO:0003824|GO:0051536"
"PPA1408"	839	"ProSiteProfiles"	"PS51483"	"B5 domain profile."	421	496	"21.566597"	"IPR005147"	"tRNA synthetase, B5-domain"	"GO:0000287|GO:0003723|GO:0005524|GO:0006432"
"PPA1408"	839	"ProSiteProfiles"	"PS51447"	"Ferredoxin-fold anticodon binding (FDX-ACB) domain profile."	745	838	"27.388611"	"IPR005121"	"Ferrodoxin-fold anticodon-binding domain"	"-"
"PPA1408"	839	"ProSiteProfiles"	"PS50886"	"tRNA-binding domain profile."	42	166	"21.404909"	"IPR002547"	"tRNA-binding domain"	"GO:0000049"
"PPA1409"	369	"ProSiteProfiles"	"PS50862"	"Aminoacyl-transfer RNA synthetases class-II family profile."	135	342	"11.948811"	"IPR006195"	"Aminoacyl-tRNA synthetase, class II"	"-"
"PPA1433"	204	"ProSiteProfiles"	"PS51975"	"Ribonuclease (RNase) H type-2 domain profile."	13	204	"62.318054"	"-"	"-"	""
"PPA1437"	257	"ProSiteProfiles"	"PS51085"	"2Fe-2S ferredoxin-type iron-sulfur binding domain profile."	1	108	"8.541476"	"IPR001041"	"2Fe-2S ferredoxin-type iron-sulfur binding domain"	"GO:0051536"
"PPA1437"	257	"ProSiteProfiles"	"PS51379"	"4Fe-4S ferredoxin-type iron-sulfur binding domain profile."	155	184	"9.297715"	"IPR017896"	"4Fe-4S ferredoxin-type, iron-sulphur binding domain"	"-"
"PPA1442"	92	"ProSiteProfiles"	"PS50084"	"Type-1 KH domain profile."	30	71	"8.51273"	"-"	"-"	""
"PPA1451"	256	"ProSiteProfiles"	"PS51068"	"Formamidopyrimidine-DNA glycosylase catalytic domain profile."	2	119	"31.515112"	"IPR012319"	"Formamidopyrimidine-DNA glycosylase, catalytic domain"	"GO:0003906|GO:0006284|GO:0008270|GO:0019104"
"PPA1452"	366	"ProSiteProfiles"	"PS50142"	"Ribonuclease III family domain profile."	139	265	"36.825806"	"IPR000999"	"Ribonuclease III domain"	"GO:0004525|GO:0006396"
"PPA1452"	366	"ProSiteProfiles"	"PS50137"	"Double stranded RNA-binding domain (dsRBD) profile."	292	360	"14.781431"	"IPR014720"	"Double-stranded RNA-binding domain"	"-"
"PPA1455"	318	"ProSiteProfiles"	"PS50928"	"ABC transporter integral membrane type-1 domain profile."	66	282	"18.530733"	"IPR000515"	"ABC transporter type 1, transmembrane domain MetI-like"	"GO:0016020|GO:0055085"
"PPA1456"	298	"ProSiteProfiles"	"PS50928"	"ABC transporter integral membrane type-1 domain profile."	94	282	"16.680002"	"IPR000515"	"ABC transporter type 1, transmembrane domain MetI-like"	"GO:0016020|GO:0055085"
"PPA1457"	336	"ProSiteProfiles"	"PS50932"	"LacI-type HTH domain profile."	4	58	"31.074223"	"IPR000843"	"LacI-type HTH domain"	"GO:0003677|GO:0006355"
"PPA1466"	749	"ProSiteProfiles"	"PS51192"	"Superfamilies 1 and 2 helicase ATP-binding type-1 domain profile."	315	488	"19.418329"	"IPR014001"	"Helicase superfamily 1/2, ATP-binding domain"	"-"
"PPA1466"	749	"ProSiteProfiles"	"PS51194"	"Superfamilies 1 and 2 helicase C-terminal domain profile."	511	679	"15.448494"	"IPR001650"	"Helicase, C-terminal"	"-"
"PPA1471"	733	"ProSiteProfiles"	"PS50126"	"S1 domain profile."	653	725	"17.163816"	"IPR003029"	"S1 domain"	"GO:0003676"
"PPA1471"	733	"ProSiteProfiles"	"PS50084"	"Type-1 KH domain profile."	582	641	"14.403388"	"-"	"-"	""
"PPA1475"	339	"ProSiteProfiles"	"PS51257"	"Prokaryotic membrane lipoprotein lipid attachment site profile."	1	27	"5.0"	"-"	"-"	""
"PPA1476"	288	"ProSiteProfiles"	"PS50928"	"ABC transporter integral membrane type-1 domain profile."	93	272	"24.997402"	"IPR000515"	"ABC transporter type 1, transmembrane domain MetI-like"	"GO:0016020|GO:0055085"
"PPA1477"	435	"ProSiteProfiles"	"PS50893"	"ATP-binding cassette, ABC transporter-type domain profile."	4	263	"29.551893"	"IPR003439"	"ABC transporter-like, ATP-binding domain"	"GO:0005524"
"PPA1482"	640	"ProSiteProfiles"	"PS51372"	"PRD domain profile."	275	381	"13.677439"	"IPR011608"	"PRD domain"	"GO:0006355"
"PPA1482"	640	"ProSiteProfiles"	"PS51094"	"PTS_EIIA type-2 domain profile."	490	630	"17.141254"	"IPR002178"	"PTS EIIA type-2 domain"	"-"
"PPA1482"	640	"ProSiteProfiles"	"PS51372"	"PRD domain profile."	163	269	"8.83628"	"IPR011608"	"PRD domain"	"GO:0006355"
"PPA1484"	192	"ProSiteProfiles"	"PS51107"	"PTS_EIIC type-5 domain profile."	1	186	"62.899647"	"IPR004699"	"Phosphotransferase system, enzyme II sorbitol-specific factor"	"GO:0009401|GO:0016021"
"PPA1485"	349	"ProSiteProfiles"	"PS51102"	"PTS_EIIB type-5 domain profile."	3	207	"64.400459"	"IPR011618"	"Sorbitol phosphotransferase enzyme II, N-terminal"	"GO:0008982|GO:0009401|GO:0016021"
"PPA1486"	122	"ProSiteProfiles"	"PS51097"	"PTS_EIIA type-5 domain profile."	3	117	"32.909351"	"IPR004716"	"Phosphotransferase system, glucitol/sorbitol-specific IIA component"	"GO:0005737|GO:0008982|GO:0009401"
"PPA1487"	99	"ProSiteProfiles"	"PS51350"	"PTS HPR domain profile."	1	97	"21.032316"	"IPR000032"	"Phosphocarrier protein HPr-like"	"-"
"PPA1492"	260	"ProSiteProfiles"	"PS50893"	"ATP-binding cassette, ABC transporter-type domain profile."	6	236	"18.780973"	"IPR003439"	"ABC transporter-like, ATP-binding domain"	"GO:0005524"
"PPA1493"	964	"ProSiteProfiles"	"PS51722"	"Translational (tr)-type guanine nucleotide-binding (G) domain profile."	458	629	"50.240746"	"IPR000795"	"Translational (tr)-type GTP-binding domain"	"GO:0003924|GO:0005525"
"PPA1494"	323	"ProSiteProfiles"	"PS50126"	"S1 domain profile."	112	178	"11.066696"	"IPR003029"	"S1 domain"	"GO:0003676"
"PPA1494"	323	"ProSiteProfiles"	"PS50084"	"Type-1 KH domain profile."	281	323	"9.854374"	"-"	"-"	""
"PPA1496"	320	"ProSiteProfiles"	"PS51257"	"Prokaryotic membrane lipoprotein lipid attachment site profile."	1	22	"6.0"	"-"	"-"	""
"PPA1498"	584	"ProSiteProfiles"	"PS51318"	"Twin arginine translocation (Tat) signal profile."	1	48	"8.926894"	"IPR006311"	"Twin-arginine translocation pathway, signal sequence"	"-"
"PPA1499"	585	"ProSiteProfiles"	"PS50862"	"Aminoacyl-transfer RNA synthetases class-II family profile."	35	484	"20.103842"	"IPR006195"	"Aminoacyl-tRNA synthetase, class II"	"-"
"PPA1503"	228	"ProSiteProfiles"	"PS50893"	"ATP-binding cassette, ABC transporter-type domain profile."	1	215	"16.526749"	"IPR003439"	"ABC transporter-like, ATP-binding domain"	"GO:0005524"
"PPA1505"	281	"ProSiteProfiles"	"PS51186"	"Gcn5-related N-acetyltransferase (GNAT) domain profile."	148	281	"14.636651"	"IPR000182"	"GNAT domain"	"GO:0016407"
"PPA1509"	426	"ProSiteProfiles"	"PS50817"	"Intein N-terminal splicing motif profile."	172	239	"7.909943"	"IPR006141"	"Intein N-terminal splicing region"	"GO:0016539"
"PPA1514"	405	"ProSiteProfiles"	"PS51918"	"Radical SAM core domain profile."	142	386	"34.886417"	"IPR007197"	"Radical SAM"	"GO:0003824|GO:0051536"
"PPA1522"	315	"ProSiteProfiles"	"PS51900"	"Core-binding (CB) domain profile."	16	101	"16.617422"	"IPR044068"	"Core-binding (CB) domain"	"-"
"PPA1522"	315	"ProSiteProfiles"	"PS51898"	"Tyrosine recombinase domain profile."	122	309	"54.317284"	"IPR002104"	"Integrase, catalytic domain"	"GO:0003677|GO:0006310|GO:0015074"
"PPA1530"	261	"ProSiteProfiles"	"PS50893"	"ATP-binding cassette, ABC transporter-type domain profile."	5	245	"18.614241"	"IPR003439"	"ABC transporter-like, ATP-binding domain"	"GO:0005524"
"PPA1535"	268	"ProSiteProfiles"	"PS50895"	"SURF1 family profile."	1	226	"26.362835"	"IPR002994"	"Surfeit locus 1/Shy1"	"GO:0016020"
"PPA1538"	532	"ProSiteProfiles"	"PS50893"	"ATP-binding cassette, ABC transporter-type domain profile."	326	532	"15.926512"	"IPR003439"	"ABC transporter-like, ATP-binding domain"	"GO:0005524"
"PPA1538"	532	"ProSiteProfiles"	"PS50893"	"ATP-binding cassette, ABC transporter-type domain profile."	2	273	"16.486732"	"IPR003439"	"ABC transporter-like, ATP-binding domain"	"GO:0005524"
"PPA1539"	165	"ProSiteProfiles"	"PS51186"	"Gcn5-related N-acetyltransferase (GNAT) domain profile."	27	165	"16.063013"	"IPR000182"	"GNAT domain"	"GO:0016407"
"PPA1546"	255	"ProSiteProfiles"	"PS50893"	"ATP-binding cassette, ABC transporter-type domain profile."	4	249	"14.31921"	"IPR003439"	"ABC transporter-like, ATP-binding domain"	"GO:0005524"
"PPA1547"	107	"ProSiteProfiles"	"PS51296"	"Rieske [2Fe-2S] iron-sulfur domain profile."	2	97	"25.897743"	"IPR017941"	"Rieske [2Fe-2S] iron-sulphur domain"	"GO:0051537"
"PPA1552"	421	"ProSiteProfiles"	"PS51257"	"Prokaryotic membrane lipoprotein lipid attachment site profile."	1	25	"6.0"	"-"	"-"	""
"PPA1552"	421	"ProSiteProfiles"	"PS51318"	"Twin arginine translocation (Tat) signal profile."	1	35	"7.95277"	"IPR006311"	"Twin-arginine translocation pathway, signal sequence"	"-"
"PPA1553"	534	"ProSiteProfiles"	"PS50928"	"ABC transporter integral membrane type-1 domain profile."	302	523	"27.479559"	"IPR000515"	"ABC transporter type 1, transmembrane domain MetI-like"	"GO:0016020|GO:0055085"
"PPA1554"	301	"ProSiteProfiles"	"PS50928"	"ABC transporter integral membrane type-1 domain profile."	88	287	"26.107841"	"IPR000515"	"ABC transporter type 1, transmembrane domain MetI-like"	"GO:0016020|GO:0055085"
"PPA1555"	361	"ProSiteProfiles"	"PS50932"	"LacI-type HTH domain profile."	4	58	"22.673964"	"IPR000843"	"LacI-type HTH domain"	"GO:0003677|GO:0006355"
"PPA1556"	827	"ProSiteProfiles"	"PS51257"	"Prokaryotic membrane lipoprotein lipid attachment site profile."	1	21	"7.0"	"-"	"-"	""
"PPA1557"	249	"ProSiteProfiles"	"PS50893"	"ATP-binding cassette, ABC transporter-type domain profile."	17	240	"20.001455"	"IPR003439"	"ABC transporter-like, ATP-binding domain"	"GO:0005524"
"PPA1567"	265	"ProSiteProfiles"	"PS51352"	"Thioredoxin domain profile."	61	265	"9.139627"	"IPR013766"	"Thioredoxin domain"	"-"
"PPA1570"	1111	"ProSiteProfiles"	"PS50106"	"PDZ domain profile."	795	848	"8.5464"	"IPR001478"	"PDZ domain"	"GO:0005515"
"PPA1571"	429	"ProSiteProfiles"	"PS51902"	"ClpX zinc binding (ZB) domain profile."	1	54	"35.021858"	"IPR010603"	"Zinc finger, ClpX C4-type"	"GO:0008270|GO:0046983"
"PPA1575"	530	"ProSiteProfiles"	"PS50059"	"FKBP-type peptidyl-prolyl cis-trans isomerase domain profile."	162	214	"9.209082"	"IPR001179"	"FKBP-type peptidyl-prolyl cis-trans isomerase domain"	"GO:0003755"
"PPA1577"	958	"ProSiteProfiles"	"PS51192"	"Superfamilies 1 and 2 helicase ATP-binding type-1 domain profile."	118	287	"15.450979"	"IPR014001"	"Helicase superfamily 1/2, ATP-binding domain"	"-"
"PPA1577"	958	"ProSiteProfiles"	"PS51194"	"Superfamilies 1 and 2 helicase C-terminal domain profile."	425	593	"14.104056"	"IPR001650"	"Helicase, C-terminal"	"-"
"PPA1594"	458	"ProSiteProfiles"	"PS51192"	"Superfamilies 1 and 2 helicase ATP-binding type-1 domain profile."	13	179	"14.790802"	"IPR014001"	"Helicase superfamily 1/2, ATP-binding domain"	"-"
"PPA1596"	752	"ProSiteProfiles"	"PS51206"	"Superfamily 3 helicase of DNA viruses domain profile."	470	629	"19.589434"	"IPR014015"	"Helicase, superfamily 3, DNA virus"	"-"
"PPA1598"	253	"ProSiteProfiles"	"PS51750"	"Bro-N domain profile."	2	106	"18.040937"	"IPR003497"	"BRO N-terminal domain"	"-"
"PPA1610"	78	"ProSiteProfiles"	"PS50943"	"Cro/C1-type HTH domain profile."	12	65	"11.506624"	"IPR001387"	"Cro/C1-type helix-turn-helix domain"	"-"
"PPA1615"	2117	"ProSiteProfiles"	"PS51192"	"Superfamilies 1 and 2 helicase ATP-binding type-1 domain profile."	91	293	"13.621346"	"IPR014001"	"Helicase superfamily 1/2, ATP-binding domain"	"-"
"PPA1615"	2117	"ProSiteProfiles"	"PS51194"	"Superfamilies 1 and 2 helicase C-terminal domain profile."	941	1145	"10.230083"	"IPR001650"	"Helicase, C-terminal"	"-"
"PPA1616"	751	"ProSiteProfiles"	"PS51198"	"UvrD-like DNA helicase ATP-binding domain profile."	267	565	"25.207146"	"IPR014016"	"UvrD-like helicase, ATP-binding domain"	"GO:0005524"
"PPA1621"	1120	"ProSiteProfiles"	"PS50862"	"Aminoacyl-transfer RNA synthetases class-II family profile."	795	1117	"20.944567"	"IPR006195"	"Aminoacyl-tRNA synthetase, class II"	"-"
"PPA1622"	448	"ProSiteProfiles"	"PS51257"	"Prokaryotic membrane lipoprotein lipid attachment site profile."	1	15	"5.0"	"-"	"-"	""
"PPA1623"	299	"ProSiteProfiles"	"PS51068"	"Formamidopyrimidine-DNA glycosylase catalytic domain profile."	26	127	"11.21687"	"IPR012319"	"Formamidopyrimidine-DNA glycosylase, catalytic domain"	"GO:0003906|GO:0006284|GO:0008270|GO:0019104"
"PPA1623"	299	"ProSiteProfiles"	"PS51066"	"Zinc finger FPG-type profile."	262	296	"12.005817"	"IPR000214"	"Zinc finger, DNA glycosylase/AP lyase-type"	"GO:0003906|GO:0006284|GO:0008270|GO:0016799"
"PPA1626"	772	"ProSiteProfiles"	"PS50172"	"BRCT domain profile."	685	754	"13.3396"	"IPR001357"	"BRCT domain"	"-"
"PPA1633"	178	"ProSiteProfiles"	"PS50995"	"MarR-type HTH domain profile."	40	175	"21.299103"	"IPR000835"	"MarR-type HTH domain"	"GO:0003700|GO:0006355"
"PPA1634"	957	"ProSiteProfiles"	"PS51379"	"4Fe-4S ferredoxin-type iron-sulfur binding domain profile."	584	614	"7.508345"	"IPR017896"	"4Fe-4S ferredoxin-type, iron-sulphur binding domain"	"-"
"PPA1634"	957	"ProSiteProfiles"	"PS51387"	"PCMH-type FAD-binding domain profile."	43	259	"18.544319"	"IPR016166"	"FAD-binding domain, PCMH-type"	"GO:0071949"
"PPA1636"	561	"ProSiteProfiles"	"PS50893"	"ATP-binding cassette, ABC transporter-type domain profile."	324	541	"15.09285"	"IPR003439"	"ABC transporter-like, ATP-binding domain"	"GO:0005524"
"PPA1636"	561	"ProSiteProfiles"	"PS50893"	"ATP-binding cassette, ABC transporter-type domain profile."	6	258	"18.04735"	"IPR003439"	"ABC transporter-like, ATP-binding domain"	"GO:0005524"
"PPA1637"	153	"ProSiteProfiles"	"PS50935"	"Single-strand binding (SSB) domain profile."	1	105	"17.828201"	"IPR000424"	"Primosome PriB/single-strand DNA-binding"	"GO:0003697"
"PPA1641"	403	"ProSiteProfiles"	"PS50850"	"Major facilitator superfamily (MFS) profile."	19	402	"23.096212"	"IPR020846"	"Major facilitator superfamily domain"	"GO:0022857"
"PPA1644"	477	"ProSiteProfiles"	"PS50011"	"Protein kinase domain profile."	19	274	"37.346989"	"IPR000719"	"Protein kinase domain"	"GO:0004672|GO:0005524|GO:0006468"
"PPA1654"	242	"ProSiteProfiles"	"PS51274"	"CobBQ-type GATase domain profile."	7	203	"16.956512"	"-"	"-"	""
"PPA1657"	340	"ProSiteProfiles"	"PS50928"	"ABC transporter integral membrane type-1 domain profile."	84	289	"28.80773"	"IPR000515"	"ABC transporter type 1, transmembrane domain MetI-like"	"GO:0016020|GO:0055085"
"PPA1658"	268	"ProSiteProfiles"	"PS50928"	"ABC transporter integral membrane type-1 domain profile."	86	268	"21.404808"	"IPR000515"	"ABC transporter type 1, transmembrane domain MetI-like"	"GO:0016020|GO:0055085"
"PPA1661"	179	"ProSiteProfiles"	"PS51352"	"Thioredoxin domain profile."	23	173	"13.746103"	"IPR013766"	"Thioredoxin domain"	"-"
"PPA1662"	292	"ProSiteProfiles"	"PS51904"	"Glycosyl hydrolase family 25 (GH25) domain profile."	80	292	"48.998936"	"IPR002053"	"Glycoside hydrolase, family 25"	"GO:0003796|GO:0009253|GO:0016998"
"PPA1664"	147	"ProSiteProfiles"	"PS50093"	"Polycystic kidney disease (PKD) domain profile."	52	110	"8.694501"	"IPR000601"	"PKD domain"	"-"
"PPA1668"	296	"ProSiteProfiles"	"PS51464"	"SIS domain profile."	137	274	"10.259691"	"IPR001347"	"SIS domain"	"GO:0097367|GO:1901135"
"PPA1668"	296	"ProSiteProfiles"	"PS51071"	"RpiR-type HTH domain profile."	14	90	"13.070865"	"IPR000281"	"Helix-turn-helix protein RpiR"	"GO:0003700|GO:0006355"
"PPA1670"	465	"ProSiteProfiles"	"PS50173"	"UmuC domain profile."	7	196	"50.818199"	"IPR001126"	"UmuC domain"	"GO:0006281"
"PPA1671"	156	"ProSiteProfiles"	"PS51330"	"Dihydrofolate reductase (DHFR) domain profile."	2	156	"43.179916"	"IPR001796"	"Dihydrofolate reductase domain"	"GO:0004146|GO:0046654"
"PPA1677"	654	"ProSiteProfiles"	"PS51711"	"FeoB-type guanine nucleotide-binding (G) domain profile."	21	188	"63.947189"	"IPR030389"	"FeoB-type guanine nucleotide-binding (G) domain"	"GO:0005525"
"PPA1694"	85	"ProSiteProfiles"	"PS51674"	"4Fe-4S WhiB-like (Wbl)-type iron-sulfur binding domain profile."	23	80	"28.033442"	"IPR034768"	"WhiB-like  iron-sulfur binding domain"	"-"
"PPA1702"	390	"ProSiteProfiles"	"PS50975"	"ATP-grasp fold profile."	110	304	"39.175926"	"IPR011761"	"ATP-grasp fold"	"GO:0005524|GO:0046872"
"PPA1705"	279	"ProSiteProfiles"	"PS51733"	"Biotinyl protein ligase (BPL) and lipoyl protein ligase (LPL) catalytic domain profile."	14	208	"17.075684"	"IPR004143"	"Biotinyl protein ligase (BPL) and lipoyl protein ligase (LPL), catalytic domain"	"-"
"PPA1707"	524	"ProSiteProfiles"	"PS50989"	"Acetyl-coenzyme A (CoA) carboxyltransferase C-terminal domain profile."	274	506	"57.398293"	"IPR011763"	"Acetyl-coenzyme A carboxyltransferase, C-terminal"	"GO:0016874"
"PPA1707"	524	"ProSiteProfiles"	"PS50980"	"Acetyl-coenzyme A (CoA) carboxyltransferase N-terminal domain profile."	8	264	"67.340546"	"IPR011762"	"Acetyl-coenzyme A carboxyltransferase, N-terminal"	"-"
"PPA1710"	139	"ProSiteProfiles"	"PS51257"	"Prokaryotic membrane lipoprotein lipid attachment site profile."	1	18	"5.0"	"-"	"-"	""
"PPA1717"	133	"ProSiteProfiles"	"PS51462"	"Nudix hydrolase domain profile."	1	114	"11.751031"	"IPR000086"	"NUDIX hydrolase domain"	"-"
"PPA1719"	589	"ProSiteProfiles"	"PS50975"	"ATP-grasp fold profile."	123	320	"40.096256"	"IPR011761"	"ATP-grasp fold"	"GO:0005524|GO:0046872"
"PPA1719"	589	"ProSiteProfiles"	"PS50979"	"Biotin carboxylation domain profile."	4	447	"53.218208"	"IPR011764"	"Biotin carboxylation domain"	"-"
"PPA1719"	589	"ProSiteProfiles"	"PS50968"	"Biotinyl/lipoyl domain profile."	511	587	"18.75774"	"IPR000089"	"Biotin/lipoyl attachment"	"-"
"PPA1726"	550	"ProSiteProfiles"	"PS50850"	"Major facilitator superfamily (MFS) profile."	20	546	"35.686928"	"IPR020846"	"Major facilitator superfamily domain"	"GO:0022857"
"PPA1729"	300	"ProSiteProfiles"	"PS50879"	"RNase H type-1 domain profile."	1	137	"40.719559"	"IPR002156"	"Ribonuclease H domain"	"GO:0003676|GO:0004523"
"PPA1730"	146	"ProSiteProfiles"	"PS51747"	"Cytidine and deoxycytidylate deaminases domain profile."	12	134	"27.372684"	"IPR002125"	"Cytidine and deoxycytidylate deaminase domain"	"-"
"PPA1733"	529	"ProSiteProfiles"	"PS50893"	"ATP-binding cassette, ABC transporter-type domain profile."	271	516	"17.260372"	"IPR003439"	"ABC transporter-like, ATP-binding domain"	"GO:0005524"
"PPA1733"	529	"ProSiteProfiles"	"PS50893"	"ATP-binding cassette, ABC transporter-type domain profile."	20	255	"20.675055"	"IPR003439"	"ABC transporter-like, ATP-binding domain"	"GO:0005524"
"PPA1736"	468	"ProSiteProfiles"	"PS51846"	"CNNM transmembrane domain profile."	1	204	"25.180267"	"IPR002550"	"CNNM, transmembrane domain"	"-"
"PPA1736"	468	"ProSiteProfiles"	"PS51371"	"CBS domain profile."	218	277	"9.969527"	"IPR000644"	"CBS domain"	"-"
"PPA1736"	468	"ProSiteProfiles"	"PS51371"	"CBS domain profile."	282	339	"10.608812"	"IPR000644"	"CBS domain"	"-"
"PPA1739"	283	"ProSiteProfiles"	"PS51671"	"ACT domain profile."	8	85	"11.656067"	"IPR002912"	"ACT domain"	"-"
"PPA1747"	516	"ProSiteProfiles"	"PS51855"	"MGS-like domain profile."	1	149	"21.624912"	"IPR011607"	"Methylglyoxal synthase-like domain"	"-"
"PPA1751"	199	"ProSiteProfiles"	"PS51177"	"Riboflavin synthase alpha chain lumazine-binding repeat profile."	97	193	"21.18895"	"IPR026017"	"Lumazine-binding domain"	"-"
"PPA1751"	199	"ProSiteProfiles"	"PS51177"	"Riboflavin synthase alpha chain lumazine-binding repeat profile."	1	96	"25.149475"	"IPR026017"	"Lumazine-binding domain"	"-"
"PPA1752"	331	"ProSiteProfiles"	"PS51747"	"Cytidine and deoxycytidylate deaminases domain profile."	3	123	"26.09416"	"IPR002125"	"Cytidine and deoxycytidylate deaminase domain"	"-"
"PPA1755"	391	"ProSiteProfiles"	"PS50975"	"ATP-grasp fold profile."	9	242	"17.677017"	"IPR011761"	"ATP-grasp fold"	"GO:0005524|GO:0046872"
"PPA1756"	810	"ProSiteProfiles"	"PS51217"	"UvrD-like DNA helicase C-terminal domain profile."	336	632	"24.472004"	"IPR014017"	"UvrD-like DNA helicase, C-terminal"	"GO:0005524|GO:0016787"
"PPA1756"	810	"ProSiteProfiles"	"PS51198"	"UvrD-like DNA helicase ATP-binding domain profile."	43	335	"53.326668"	"IPR014016"	"UvrD-like helicase, ATP-binding domain"	"GO:0005524"
"PPA1759"	365	"ProSiteProfiles"	"PS50893"	"ATP-binding cassette, ABC transporter-type domain profile."	17	256	"29.992067"	"IPR003439"	"ABC transporter-like, ATP-binding domain"	"GO:0005524"
"PPA1760"	217	"ProSiteProfiles"	"PS50928"	"ABC transporter integral membrane type-1 domain profile."	13	206	"19.532305"	"IPR000515"	"ABC transporter type 1, transmembrane domain MetI-like"	"GO:0016020|GO:0055085"
"PPA1761"	422	"ProSiteProfiles"	"PS50035"	"Phospholipase D phosphodiesterase active site profile."	335	362	"8.655999"	"IPR001736"	"Phospholipase D/Transphosphatidylase"	"GO:0003824"
"PPA1761"	422	"ProSiteProfiles"	"PS50035"	"Phospholipase D phosphodiesterase active site profile."	161	188	"13.395999"	"IPR001736"	"Phospholipase D/Transphosphatidylase"	"GO:0003824"
"PPA1764"	530	"ProSiteProfiles"	"PS51273"	"Glutamine amidotransferase type 1 domain profile."	20	210	"32.431637"	"-"	"-"	""
"PPA1764"	530	"ProSiteProfiles"	"PS51553"	"GMP synthetase ATP pyrophosphatase (GMPS ATP-PPase) domain profile."	211	404	"80.346199"	"IPR025777"	"GMP synthetase ATP pyrophosphatase domain"	"GO:0005524|GO:0016462"
"PPA1766"	115	"ProSiteProfiles"	"PS51168"	"Chorismate mutase domain profile."	2	93	"14.131031"	"IPR002701"	"Chorismate mutase II, prokaryotic-type"	"GO:0046417"
"PPA1768"	504	"ProSiteProfiles"	"PS51371"	"CBS domain profile."	162	219	"13.114514"	"IPR000644"	"CBS domain"	"-"
"PPA1768"	504	"ProSiteProfiles"	"PS51371"	"CBS domain profile."	102	158	"13.290869"	"IPR000644"	"CBS domain"	"-"
"PPA1775"	264	"ProSiteProfiles"	"PS51257"	"Prokaryotic membrane lipoprotein lipid attachment site profile."	1	25	"6.0"	"-"	"-"	""
"PPA1778"	250	"ProSiteProfiles"	"PS50893"	"ATP-binding cassette, ABC transporter-type domain profile."	3	232	"23.95635"	"IPR003439"	"ABC transporter-like, ATP-binding domain"	"GO:0005524"
"PPA1780"	389	"ProSiteProfiles"	"PS50983"	"Iron siderophore/cobalamin periplasmic-binding domain profile."	56	362	"12.99024"	"IPR002491"	"ABC transporter periplasmic binding domain"	"-"
"PPA1780"	389	"ProSiteProfiles"	"PS51257"	"Prokaryotic membrane lipoprotein lipid attachment site profile."	1	22	"5.0"	"-"	"-"	""
"PPA1781"	163	"ProSiteProfiles"	"PS51462"	"Nudix hydrolase domain profile."	3	139	"13.007834"	"IPR000086"	"NUDIX hydrolase domain"	"-"
"PPA1783"	155	"ProSiteProfiles"	"PS51186"	"Gcn5-related N-acetyltransferase (GNAT) domain profile."	1	142	"26.497978"	"IPR000182"	"GNAT domain"	"GO:0016407"
"PPA1787"	700	"ProSiteProfiles"	"PS51194"	"Superfamilies 1 and 2 helicase C-terminal domain profile."	456	603	"18.869343"	"IPR001650"	"Helicase, C-terminal"	"-"
"PPA1787"	700	"ProSiteProfiles"	"PS51192"	"Superfamilies 1 and 2 helicase ATP-binding type-1 domain profile."	260	433	"27.403326"	"IPR014001"	"Helicase superfamily 1/2, ATP-binding domain"	"-"
"PPA1790"	246	"ProSiteProfiles"	"PS50893"	"ATP-binding cassette, ABC transporter-type domain profile."	25	245	"19.601297"	"IPR003439"	"ABC transporter-like, ATP-binding domain"	"GO:0005524"
"PPA1792"	481	"ProSiteProfiles"	"PS51385"	"YjeF N-terminal domain profile."	10	216	"55.01519"	"IPR004443"	"YjeF N-terminal domain"	"-"
"PPA1792"	481	"ProSiteProfiles"	"PS51383"	"YjeF C-terminal domain profile."	228	478	"65.926849"	"IPR000631"	"ATP-dependent (S)-NAD(P)H-hydrate dehydratase"	"GO:0052855"
"PPA1794"	637	"ProSiteProfiles"	"PS51464"	"SIS domain profile."	482	627	"24.760178"	"IPR001347"	"SIS domain"	"GO:0097367|GO:1901135"
"PPA1794"	637	"ProSiteProfiles"	"PS51278"	"Glutamine amidotransferase type 2 domain profile."	24	242	"42.526291"	"IPR017932"	"Glutamine amidotransferase type 2 domain"	"-"
"PPA1794"	637	"ProSiteProfiles"	"PS51464"	"SIS domain profile."	310	449	"30.145082"	"IPR001347"	"SIS domain"	"GO:0097367|GO:1901135"
"PPA1808"	314	"ProSiteProfiles"	"PS51625"	"SAM-dependent methyltransferase TRMB-type domain profile."	83	310	"66.412682"	"IPR003358"	"tRNA (guanine-N-7) methyltransferase, Trmb type"	"GO:0006400|GO:0008176"
"PPA1813"	551	"ProSiteProfiles"	"PS50893"	"ATP-binding cassette, ABC transporter-type domain profile."	291	526	"16.660135"	"IPR003439"	"ABC transporter-like, ATP-binding domain"	"GO:0005524"
"PPA1813"	551	"ProSiteProfiles"	"PS50893"	"ATP-binding cassette, ABC transporter-type domain profile."	5	245	"21.00185"	"IPR003439"	"ABC transporter-like, ATP-binding domain"	"GO:0005524"
"PPA1817"	277	"ProSiteProfiles"	"PS50893"	"ATP-binding cassette, ABC transporter-type domain profile."	30	260	"18.687603"	"IPR003439"	"ABC transporter-like, ATP-binding domain"	"GO:0005524"
"PPA1821"	469	"ProSiteProfiles"	"PS50022"	"Coagulation factors 5/8 type C domain (FA58C) profile."	248	398	"18.305325"	"IPR000421"	"Coagulation factor 5/8 C-terminal domain"	"-"
"PPA1822"	457	"ProSiteProfiles"	"PS50850"	"Major facilitator superfamily (MFS) profile."	35	442	"47.894817"	"IPR020846"	"Major facilitator superfamily domain"	"GO:0022857"
"PPA1827"	201	"ProSiteProfiles"	"PS50889"	"S4 RNA-binding domain profile."	91	157	"15.795369"	"-"	"-"	""
"PPA1829"	123	"ProSiteProfiles"	"PS50159"	"Ribosomal protein S13 family profile."	4	112	"38.320938"	"IPR001892"	"Ribosomal protein S13"	"GO:0003723|GO:0003735|GO:0005840|GO:0006412"
"PPA1832"	73	"ProSiteProfiles"	"PS50832"	"S1 domain IF1 type profile."	1	73	"24.872845"	"IPR006196"	"RNA-binding domain, S1, IF1 type"	"GO:0003723|GO:0003743|GO:0006413"
"PPA1839"	248	"ProSiteProfiles"	"PS51704"	"GP-PDE domain profile."	4	245	"42.814915"	"IPR030395"	"Glycerophosphodiester phosphodiesterase domain"	"GO:0006629|GO:0008081"
"PPA1840"	567	"ProSiteProfiles"	"PS51257"	"Prokaryotic membrane lipoprotein lipid attachment site profile."	1	22	"6.0"	"-"	"-"	""
"PPA1844"	215	"ProSiteProfiles"	"PS50881"	"S5 double stranded RNA-binding domain profile."	34	97	"24.563177"	"IPR013810"	"Ribosomal protein S5, N-terminal"	"GO:0003723|GO:0003735|GO:0005840|GO:0006412"
"PPA1857"	269	"ProSiteProfiles"	"PS50823"	"Type-2 KH domain profile."	38	106	"19.662693"	"IPR004044"	"K Homology domain, type 2"	"GO:0003723"
"PPA1873"	397	"ProSiteProfiles"	"PS51722"	"Translational (tr)-type guanine nucleotide-binding (G) domain profile."	10	206	"59.084908"	"IPR000795"	"Translational (tr)-type GTP-binding domain"	"GO:0003924|GO:0005525"
"PPA1875"	697	"ProSiteProfiles"	"PS51722"	"Translational (tr)-type guanine nucleotide-binding (G) domain profile."	7	284	"77.377083"	"IPR000795"	"Translational (tr)-type GTP-binding domain"	"GO:0003924|GO:0005525"
"PPA1894"	376	"ProSiteProfiles"	"PS51387"	"PCMH-type FAD-binding domain profile."	48	219	"15.386364"	"IPR016166"	"FAD-binding domain, PCMH-type"	"GO:0071949"
"PPA1898"	297	"ProSiteProfiles"	"PS51435"	"AP endonucleases family 1 profile."	1	297	"39.34808"	"IPR004808"	"AP endonuclease 1"	"GO:0004518|GO:0006281"
"PPA1901"	102	"ProSiteProfiles"	"PS51379"	"4Fe-4S ferredoxin-type iron-sulfur binding domain profile."	4	33	"8.852473"	"IPR017896"	"4Fe-4S ferredoxin-type, iron-sulphur binding domain"	"-"
"PPA1901"	102	"ProSiteProfiles"	"PS51379"	"4Fe-4S ferredoxin-type iron-sulfur binding domain profile."	52	81	"10.625042"	"IPR017896"	"4Fe-4S ferredoxin-type, iron-sulphur binding domain"	"-"
"PPA1906"	687	"ProSiteProfiles"	"PS50093"	"Polycystic kidney disease (PKD) domain profile."	592	650	"8.579301"	"IPR000601"	"PKD domain"	"-"
"PPA1909"	660	"ProSiteProfiles"	"PS51885"	"Neprilysin-like (M13) protease domain profile."	1	660	"73.013504"	"IPR000718"	"Peptidase M13"	"GO:0004222|GO:0006508"
"PPA1910"	407	"ProSiteProfiles"	"PS51257"	"Prokaryotic membrane lipoprotein lipid attachment site profile."	1	34	"5.0"	"-"	"-"	""
"PPA1911"	189	"ProSiteProfiles"	"PS50893"	"ATP-binding cassette, ABC transporter-type domain profile."	1	188	"11.818223"	"IPR003439"	"ABC transporter-like, ATP-binding domain"	"GO:0005524"
"PPA1915"	273	"ProSiteProfiles"	"PS50893"	"ATP-binding cassette, ABC transporter-type domain profile."	36	268	"15.046164"	"IPR003439"	"ABC transporter-like, ATP-binding domain"	"GO:0005524"
"PPA1928"	198	"ProSiteProfiles"	"PS51379"	"4Fe-4S ferredoxin-type iron-sulfur binding domain profile."	42	72	"9.373322"	"IPR017896"	"4Fe-4S ferredoxin-type, iron-sulphur binding domain"	"-"
"PPA1928"	198	"ProSiteProfiles"	"PS51379"	"4Fe-4S ferredoxin-type iron-sulfur binding domain profile."	88	117	"10.961074"	"IPR017896"	"4Fe-4S ferredoxin-type, iron-sulphur binding domain"	"-"
"PPA1930"	812	"ProSiteProfiles"	"PS51085"	"2Fe-2S ferredoxin-type iron-sulfur binding domain profile."	8	92	"8.858142"	"IPR001041"	"2Fe-2S ferredoxin-type iron-sulfur binding domain"	"GO:0051536"
"PPA1930"	812	"ProSiteProfiles"	"PS51669"	"Prokaryotic molybdopterin oxidoreductases 4Fe-4S domain profile."	232	288	"18.453026"	"IPR006963"	"Molybdopterin oxidoreductase, 4Fe-4S domain"	"GO:0016491"
"PPA1930"	812	"ProSiteProfiles"	"PS51839"	"His(Cys)3-ligated-type [4Fe-4S] domain profile."	94	133	"15.425678"	"IPR019574"	"NADH:ubiquinone oxidoreductase, subunit G, iron-sulphur binding"	"GO:0016491"
"PPA1942"	214	"ProSiteProfiles"	"PS50893"	"ATP-binding cassette, ABC transporter-type domain profile."	8	213	"14.766054"	"IPR003439"	"ABC transporter-like, ATP-binding domain"	"GO:0005524"
"PPA1943"	340	"ProSiteProfiles"	"PS51608"	"UbiE family SAM-binding methyltransferase profile."	98	319	"59.036724"	"IPR004033"	"UbiE/COQ5 methyltransferase"	"GO:0008168"
"PPA1946"	428	"ProSiteProfiles"	"PS50850"	"Major facilitator superfamily (MFS) profile."	1	408	"15.120676"	"IPR020846"	"Major facilitator superfamily domain"	"GO:0022857"
"PPA1947"	342	"ProSiteProfiles"	"PS51481"	"DhaK domain profile."	16	340	"127.636299"	"IPR004006"	"DhaK domain"	"GO:0004371|GO:0006071"
"PPA1948"	214	"ProSiteProfiles"	"PS51480"	"DhaL domain profile."	7	206	"42.728134"	"IPR004007"	"DhaL domain"	"GO:0004371|GO:0006071"
"PPA1949"	141	"ProSiteProfiles"	"PS51096"	"PTS_EIIA type-4 domain profile."	5	135	"18.497055"	"IPR004701"	"Phosphotransferase system, mannose-type IIA component"	"GO:0009401|GO:0016021"
"PPA1950"	152	"ProSiteProfiles"	"PS51747"	"Cytidine and deoxycytidylate deaminases domain profile."	13	152	"19.48702"	"IPR002125"	"Cytidine and deoxycytidylate deaminase domain"	"-"
"PPA1953"	500	"ProSiteProfiles"	"PS51635"	"Patatin-like phospholipase (PNPLA) domain profile."	25	319	"17.010517"	"IPR002641"	"Patatin-like phospholipase domain"	"GO:0006629"
"PPA1959"	311	"ProSiteProfiles"	"PS50928"	"ABC transporter integral membrane type-1 domain profile."	87	298	"19.989544"	"IPR000515"	"ABC transporter type 1, transmembrane domain MetI-like"	"GO:0016020|GO:0055085"
"PPA1960"	308	"ProSiteProfiles"	"PS50928"	"ABC transporter integral membrane type-1 domain profile."	101	294	"22.036234"	"IPR000515"	"ABC transporter type 1, transmembrane domain MetI-like"	"GO:0016020|GO:0055085"
"PPA1961"	440	"ProSiteProfiles"	"PS51318"	"Twin arginine translocation (Tat) signal profile."	1	36	"7.99244"	"IPR006311"	"Twin-arginine translocation pathway, signal sequence"	"-"
"PPA1962"	415	"ProSiteProfiles"	"PS51935"	"NlpC/P60 domain profile."	298	415	"18.141382"	"IPR000064"	"Endopeptidase, NLPC/P60 domain"	"-"
"PPA1962"	415	"ProSiteProfiles"	"PS51781"	"SH3b domain profile."	217	281	"13.181656"	"IPR003646"	"SH3-like domain, bacterial-type"	"-"
"PPA1962"	415	"ProSiteProfiles"	"PS51781"	"SH3b domain profile."	64	128	"11.087448"	"IPR003646"	"SH3-like domain, bacterial-type"	"-"
"PPA1964"	308	"ProSiteProfiles"	"PS50928"	"ABC transporter integral membrane type-1 domain profile."	99	294	"20.185503"	"IPR000515"	"ABC transporter type 1, transmembrane domain MetI-like"	"GO:0016020|GO:0055085"
"PPA1965"	298	"ProSiteProfiles"	"PS50928"	"ABC transporter integral membrane type-1 domain profile."	69	288	"18.944426"	"IPR000515"	"ABC transporter type 1, transmembrane domain MetI-like"	"GO:0016020|GO:0055085"
"PPA1966"	435	"ProSiteProfiles"	"PS51257"	"Prokaryotic membrane lipoprotein lipid attachment site profile."	1	20	"6.0"	"-"	"-"	""
"PPA1970"	495	"ProSiteProfiles"	"PS51278"	"Glutamine amidotransferase type 2 domain profile."	23	250	"40.530193"	"IPR017932"	"Glutamine amidotransferase type 2 domain"	"-"
"PPA1976"	695	"ProSiteProfiles"	"PS51273"	"Glutamine amidotransferase type 1 domain profile."	1	198	"23.579517"	"-"	"-"	""
"PPA1978"	415	"ProSiteProfiles"	"PS50850"	"Major facilitator superfamily (MFS) profile."	1	384	"17.268755"	"IPR020846"	"Major facilitator superfamily domain"	"GO:0022857"
"PPA1980"	145	"ProSiteProfiles"	"PS51257"	"Prokaryotic membrane lipoprotein lipid attachment site profile."	1	23	"6.0"	"-"	"-"	""
"PPA1983"	687	"ProSiteProfiles"	"PS50093"	"Polycystic kidney disease (PKD) domain profile."	592	650	"8.579301"	"IPR000601"	"PKD domain"	"-"
"PPA1987"	224	"ProSiteProfiles"	"PS51273"	"Glutamine amidotransferase type 1 domain profile."	3	224	"18.757936"	"-"	"-"	""
"PPA1989"	187	"ProSiteProfiles"	"PS51352"	"Thioredoxin domain profile."	2	157	"16.565586"	"IPR013766"	"Thioredoxin domain"	"-"
"PPA1990"	568	"ProSiteProfiles"	"PS51354"	"Glutaredoxin domain profile."	158	255	"11.630154"	"-"	"-"	""
"PPA1991"	314	"ProSiteProfiles"	"PS50931"	"LysR-type HTH domain profile."	1	58	"32.947983"	"IPR000847"	"Transcription regulator HTH, LysR"	"GO:0003700|GO:0006355"
"PPA1993"	439	"ProSiteProfiles"	"PS50975"	"ATP-grasp fold profile."	107	307	"37.445705"	"IPR011761"	"ATP-grasp fold"	"GO:0005524|GO:0046872"
"PPA1995"	325	"ProSiteProfiles"	"PS51186"	"Gcn5-related N-acetyltransferase (GNAT) domain profile."	27	163	"11.231126"	"IPR000182"	"GNAT domain"	"GO:0016407"
"PPA1996"	244	"ProSiteProfiles"	"PS50949"	"GntR-type HTH domain profile."	15	83	"20.027298"	"IPR000524"	"Transcription regulator HTH, GntR"	"GO:0003700|GO:0006355"
"PPA1997"	229	"ProSiteProfiles"	"PS51257"	"Prokaryotic membrane lipoprotein lipid attachment site profile."	1	20	"5.0"	"-"	"-"	""
"PPA2000"	534	"ProSiteProfiles"	"PS50850"	"Major facilitator superfamily (MFS) profile."	24	500	"42.59906"	"IPR020846"	"Major facilitator superfamily domain"	"GO:0022857"
"PPA2003"	620	"ProSiteProfiles"	"PS51722"	"Translational (tr)-type guanine nucleotide-binding (G) domain profile."	5	212	"54.666504"	"IPR000795"	"Translational (tr)-type GTP-binding domain"	"GO:0003924|GO:0005525"
"PPA2005"	120	"ProSiteProfiles"	"PS50968"	"Biotinyl/lipoyl domain profile."	43	120	"25.078915"	"IPR000089"	"Biotin/lipoyl attachment"	"-"
"PPA2007"	524	"ProSiteProfiles"	"PS50980"	"Acetyl-coenzyme A (CoA) carboxyltransferase N-terminal domain profile."	13	268	"82.311348"	"IPR011762"	"Acetyl-coenzyme A carboxyltransferase, N-terminal"	"-"
"PPA2007"	524	"ProSiteProfiles"	"PS50989"	"Acetyl-coenzyme A (CoA) carboxyltransferase C-terminal domain profile."	277	506	"54.404819"	"IPR011763"	"Acetyl-coenzyme A carboxyltransferase, C-terminal"	"GO:0016874"
"PPA2008"	497	"ProSiteProfiles"	"PS50991"	"Pyruvate carboxyltransferase domain."	6	267	"32.439693"	"IPR000891"	"Pyruvate carboxyltransferase"	"GO:0003824"
"PPA2020"	503	"ProSiteProfiles"	"PS50850"	"Major facilitator superfamily (MFS) profile."	22	478	"41.748337"	"IPR020846"	"Major facilitator superfamily domain"	"GO:0022857"
"PPA2021"	857	"ProSiteProfiles"	"PS51903"	"Clp repeat (R) domain profile."	1	146	"33.154804"	"IPR004176"	"Clp,  repeat (R) domain"	"-"
"PPA2027"	425	"ProSiteProfiles"	"PS50109"	"Histidine kinase domain profile."	336	425	"16.217657"	"IPR005467"	"Histidine kinase domain"	"-"
"PPA2028"	224	"ProSiteProfiles"	"PS50043"	"LuxR-type HTH domain profile."	153	218	"24.202194"	"IPR000792"	"Transcription regulator LuxR, C-terminal"	"GO:0006355"
"PPA2028"	224	"ProSiteProfiles"	"PS50110"	"Response regulatory domain profile."	6	122	"41.095779"	"IPR001789"	"Signal transduction response regulator, receiver domain"	"GO:0000160"
"PPA2030"	244	"ProSiteProfiles"	"PS50893"	"ATP-binding cassette, ABC transporter-type domain profile."	19	244	"24.843367"	"IPR003439"	"ABC transporter-like, ATP-binding domain"	"GO:0005524"
"PPA2032"	157	"ProSiteProfiles"	"PS51462"	"Nudix hydrolase domain profile."	19	157	"12.65486"	"IPR000086"	"NUDIX hydrolase domain"	"-"
"PPA2034"	525	"ProSiteProfiles"	"PS51202"	"RCK C-terminal domain profile."	178	257	"8.84236"	"IPR006037"	"Regulator of K+ conductance, C-terminal"	"GO:0006813|GO:0008324"
"PPA2034"	525	"ProSiteProfiles"	"PS51202"	"RCK C-terminal domain profile."	259	341	"10.789396"	"IPR006037"	"Regulator of K+ conductance, C-terminal"	"GO:0006813|GO:0008324"
"PPA2037"	153	"ProSiteProfiles"	"PS50937"	"MerR-type HTH domain profile."	26	92	"29.584133"	"IPR000551"	"MerR-type HTH domain"	"GO:0003677|GO:0006355"
"PPA2038"	380	"ProSiteProfiles"	"PS50076"	"dnaJ domain profile."	10	75	"20.053024"	"IPR001623"	"DnaJ domain"	"-"
"PPA2038"	380	"ProSiteProfiles"	"PS51188"	"Zinc finger CR-type profile."	151	230	"21.69282"	"IPR001305"	"Heat shock protein DnaJ, cysteine-rich domain"	"GO:0031072|GO:0051082"
"PPA2043"	243	"ProSiteProfiles"	"PS50110"	"Response regulatory domain profile."	19	133	"39.544685"	"IPR001789"	"Signal transduction response regulator, receiver domain"	"GO:0000160"
"PPA2043"	243	"ProSiteProfiles"	"PS51755"	"OmpR/PhoB-type DNA-binding domain profile."	144	241	"41.969856"	"IPR001867"	"OmpR/PhoB-type DNA-binding domain"	"GO:0000160|GO:0003677|GO:0006355"
"PPA2047"	391	"ProSiteProfiles"	"PS50006"	"Forkhead-associated (FHA) domain profile."	301	352	"9.467999"	"IPR000253"	"Forkhead-associated (FHA) domain"	"GO:0005515"
"PPA2056"	445	"ProSiteProfiles"	"PS51318"	"Twin arginine translocation (Tat) signal profile."	1	33	"7.736788"	"IPR006311"	"Twin-arginine translocation pathway, signal sequence"	"-"
"PPA2056"	445	"ProSiteProfiles"	"PS51762"	"Glycosyl hydrolases family 16 (GH16) domain profile."	38	272	"16.472206"	"IPR000757"	"Glycoside hydrolase family 16"	"GO:0004553|GO:0005975"
"PPA2059"	300	"ProSiteProfiles"	"PS50928"	"ABC transporter integral membrane type-1 domain profile."	76	288	"22.907166"	"IPR000515"	"ABC transporter type 1, transmembrane domain MetI-like"	"GO:0016020|GO:0055085"
"PPA2060"	271	"ProSiteProfiles"	"PS50928"	"ABC transporter integral membrane type-1 domain profile."	67	257	"21.513676"	"IPR000515"	"ABC transporter type 1, transmembrane domain MetI-like"	"GO:0016020|GO:0055085"
"PPA2063"	598	"ProSiteProfiles"	"PS51257"	"Prokaryotic membrane lipoprotein lipid attachment site profile."	1	24	"9.0"	"-"	"-"	""
"PPA2064"	319	"ProSiteProfiles"	"PS50928"	"ABC transporter integral membrane type-1 domain profile."	95	301	"21.491901"	"IPR000515"	"ABC transporter type 1, transmembrane domain MetI-like"	"GO:0016020|GO:0055085"
"PPA2065"	313	"ProSiteProfiles"	"PS50928"	"ABC transporter integral membrane type-1 domain profile."	109	299	"15.569563"	"IPR000515"	"ABC transporter type 1, transmembrane domain MetI-like"	"GO:0016020|GO:0055085"
"PPA2066"	684	"ProSiteProfiles"	"PS50893"	"ATP-binding cassette, ABC transporter-type domain profile."	361	612	"25.11014"	"IPR003439"	"ABC transporter-like, ATP-binding domain"	"GO:0005524"
"PPA2066"	684	"ProSiteProfiles"	"PS50893"	"ATP-binding cassette, ABC transporter-type domain profile."	11	261	"23.362782"	"IPR003439"	"ABC transporter-like, ATP-binding domain"	"GO:0005524"
"PPA2078"	221	"ProSiteProfiles"	"PS50893"	"ATP-binding cassette, ABC transporter-type domain profile."	1	208	"15.212896"	"IPR003439"	"ABC transporter-like, ATP-binding domain"	"GO:0005524"
"PPA2081"	284	"ProSiteProfiles"	"PS50929"	"ABC transporter integral membrane type-1 fused domain profile."	35	193	"18.181187"	"IPR011527"	"ABC transporter type 1, transmembrane domain"	"GO:0005524|GO:0016021|GO:0055085|GO:0140359"
"PPA2082"	621	"ProSiteProfiles"	"PS50893"	"ATP-binding cassette, ABC transporter-type domain profile."	378	614	"21.395338"	"IPR003439"	"ABC transporter-like, ATP-binding domain"	"GO:0005524"
"PPA2082"	621	"ProSiteProfiles"	"PS50929"	"ABC transporter integral membrane type-1 fused domain profile."	65	346	"26.2108"	"IPR011527"	"ABC transporter type 1, transmembrane domain"	"GO:0005524|GO:0016021|GO:0055085|GO:0140359"
"PPA2083"	197	"ProSiteProfiles"	"PS51257"	"Prokaryotic membrane lipoprotein lipid attachment site profile."	1	27	"6.0"	"-"	"-"	""
"PPA2084"	510	"ProSiteProfiles"	"PS50893"	"ATP-binding cassette, ABC transporter-type domain profile."	4	259	"18.494192"	"IPR003439"	"ABC transporter-like, ATP-binding domain"	"GO:0005524"
"PPA2084"	510	"ProSiteProfiles"	"PS50893"	"ATP-binding cassette, ABC transporter-type domain profile."	304	510	"12.80528"	"IPR003439"	"ABC transporter-like, ATP-binding domain"	"GO:0005524"
"PPA2091"	244	"ProSiteProfiles"	"PS50893"	"ATP-binding cassette, ABC transporter-type domain profile."	2	230	"19.614635"	"IPR003439"	"ABC transporter-like, ATP-binding domain"	"GO:0005524"
"PPA2092"	469	"ProSiteProfiles"	"PS50968"	"Biotinyl/lipoyl domain profile."	1	76	"27.772062"	"IPR000089"	"Biotin/lipoyl attachment"	"-"
"PPA2092"	469	"ProSiteProfiles"	"PS51826"	"Peripheral subunit-binding (PSBD) domain profile."	158	195	"19.888815"	"IPR004167"	"Peripheral subunit-binding domain"	"GO:0016746"
"PPA2103"	132	"ProSiteProfiles"	"PS51819"	"Vicinal oxygen chelate (VOC) domain profile."	14	131	"14.35241"	"IPR037523"	"Vicinal oxygen chelate (VOC) domain"	"-"
"PPA2104"	102	"ProSiteProfiles"	"PS50994"	"Integrase catalytic domain profile."	1	97	"16.36754"	"IPR001584"	"Integrase, catalytic core"	"GO:0015074"
"PPA2112"	232	"ProSiteProfiles"	"PS51755"	"OmpR/PhoB-type DNA-binding domain profile."	131	229	"38.848164"	"IPR001867"	"OmpR/PhoB-type DNA-binding domain"	"GO:0000160|GO:0003677|GO:0006355"
"PPA2112"	232	"ProSiteProfiles"	"PS50110"	"Response regulatory domain profile."	4	118	"49.161469"	"IPR001789"	"Signal transduction response regulator, receiver domain"	"GO:0000160"
"PPA2113"	476	"ProSiteProfiles"	"PS50109"	"Histidine kinase domain profile."	257	466	"44.182205"	"IPR005467"	"Histidine kinase domain"	"-"
"PPA2113"	476	"ProSiteProfiles"	"PS50885"	"HAMP domain profile."	197	249	"9.419749"	"IPR003660"	"HAMP domain"	"GO:0007165|GO:0016021"
"PPA2115"	199	"ProSiteProfiles"	"PS51462"	"Nudix hydrolase domain profile."	45	186	"20.666315"	"IPR000086"	"NUDIX hydrolase domain"	"-"
"PPA2120"	410	"ProSiteProfiles"	"PS50850"	"Major facilitator superfamily (MFS) profile."	1	396	"29.17889"	"IPR020846"	"Major facilitator superfamily domain"	"GO:0022857"
"PPA2121"	856	"ProSiteProfiles"	"PS51161"	"ATP-cone domain profile."	9	100	"14.484341"	"IPR005144"	"ATP-cone domain"	"-"
"PPA2131"	560	"ProSiteProfiles"	"PS51463"	"Glucose-6-phosphate isomerase family profile."	10	558	"140.010803"	"IPR001672"	"Phosphoglucose isomerase (PGI)"	"GO:0004347|GO:0006094|GO:0006096"
"PPA2135"	892	"ProSiteProfiles"	"PS51192"	"Superfamilies 1 and 2 helicase ATP-binding type-1 domain profile."	93	249	"13.99859"	"IPR014001"	"Helicase superfamily 1/2, ATP-binding domain"	"-"
"PPA2135"	892	"ProSiteProfiles"	"PS51194"	"Superfamilies 1 and 2 helicase C-terminal domain profile."	273	484	"10.33465"	"IPR001650"	"Helicase, C-terminal"	"-"
"PPA2137"	780	"ProSiteProfiles"	"PS51161"	"ATP-cone domain profile."	20	112	"20.983248"	"IPR005144"	"ATP-cone domain"	"-"
"PPA2143"	497	"ProSiteProfiles"	"PS51677"	"NodB homology domain profile."	287	464	"36.857834"	"IPR002509"	"NodB homology domain"	"GO:0005975|GO:0016810"
"PPA2143"	497	"ProSiteProfiles"	"PS51257"	"Prokaryotic membrane lipoprotein lipid attachment site profile."	1	25	"5.0"	"-"	"-"	""
"PPA2146"	461	"ProSiteProfiles"	"PS51677"	"NodB homology domain profile."	250	428	"35.410744"	"IPR002509"	"NodB homology domain"	"GO:0005975|GO:0016810"
"PPA2148"	424	"ProSiteProfiles"	"PS51671"	"ACT domain profile."	270	355	"11.548979"	"IPR002912"	"ACT domain"	"-"
"PPA2151"	222	"ProSiteProfiles"	"PS51276"	"PfpI endopeptidase domain profile."	47	222	"61.605419"	"IPR006286"	"Deglycase PfpI"	"-"
"PPA2152"	555	"ProSiteProfiles"	"PS51257"	"Prokaryotic membrane lipoprotein lipid attachment site profile."	1	21	"6.0"	"-"	"-"	""
"PPA2153"	307	"ProSiteProfiles"	"PS50928"	"ABC transporter integral membrane type-1 domain profile."	95	297	"19.662945"	"IPR000515"	"ABC transporter type 1, transmembrane domain MetI-like"	"GO:0016020|GO:0055085"
"PPA2154"	323	"ProSiteProfiles"	"PS50928"	"ABC transporter integral membrane type-1 domain profile."	112	311	"22.036234"	"IPR000515"	"ABC transporter type 1, transmembrane domain MetI-like"	"GO:0016020|GO:0055085"
"PPA2155"	345	"ProSiteProfiles"	"PS50893"	"ATP-binding cassette, ABC transporter-type domain profile."	21	272	"21.46203"	"IPR003439"	"ABC transporter-like, ATP-binding domain"	"GO:0005524"
"PPA2156"	353	"ProSiteProfiles"	"PS50893"	"ATP-binding cassette, ABC transporter-type domain profile."	14	265	"26.924189"	"IPR003439"	"ABC transporter-like, ATP-binding domain"	"GO:0005524"
"PPA2163"	121	"ProSiteProfiles"	"PS50059"	"FKBP-type peptidyl-prolyl cis-trans isomerase domain profile."	32	121	"26.917624"	"IPR001179"	"FKBP-type peptidyl-prolyl cis-trans isomerase domain"	"GO:0003755"
"PPA2172"	244	"ProSiteProfiles"	"PS50305"	"Sirtuin catalytic domain profile."	4	244	"44.453178"	"IPR026590"	"Sirtuin family, catalytic core domain"	"-"
"PPA2175"	343	"ProSiteProfiles"	"PS51781"	"SH3b domain profile."	65	132	"11.629307"	"IPR003646"	"SH3-like domain, bacterial-type"	"-"
"PPA2179"	504	"ProSiteProfiles"	"PS51202"	"RCK C-terminal domain profile."	404	485	"15.288441"	"IPR006037"	"Regulator of K+ conductance, C-terminal"	"GO:0006813|GO:0008324"
"PPA2182"	149	"ProSiteProfiles"	"PS51747"	"Cytidine and deoxycytidylate deaminases domain profile."	1	105	"28.282238"	"IPR002125"	"Cytidine and deoxycytidylate deaminase domain"	"-"
"PPA2188"	233	"ProSiteProfiles"	"PS51273"	"Glutamine amidotransferase type 1 domain profile."	1	192	"18.418919"	"-"	"-"	""
"PPA2191"	336	"ProSiteProfiles"	"PS50932"	"LacI-type HTH domain profile."	12	66	"30.180193"	"IPR000843"	"LacI-type HTH domain"	"GO:0003677|GO:0006355"
"PPA2193"	649	"ProSiteProfiles"	"PS50283"	"Sodium:solute symporter family profile."	90	564	"49.936138"	"IPR001734"	"Sodium/solute symporter"	"GO:0016020|GO:0022857|GO:0055085"
"PPA2202"	402	"ProSiteProfiles"	"PS50850"	"Major facilitator superfamily (MFS) profile."	167	402	"10.633107"	"IPR020846"	"Major facilitator superfamily domain"	"GO:0022857"
"PPA2204"	185	"ProSiteProfiles"	"PS51674"	"4Fe-4S WhiB-like (Wbl)-type iron-sulfur binding domain profile."	19	80	"17.339642"	"IPR034768"	"WhiB-like  iron-sulfur binding domain"	"-"
"PPA2208"	288	"ProSiteProfiles"	"PS50943"	"Cro/C1-type HTH domain profile."	110	164	"13.008979"	"IPR001387"	"Cro/C1-type helix-turn-helix domain"	"-"
"PPA2217"	254	"ProSiteProfiles"	"PS51078"	"IclR effector binding domain profile."	69	253	"30.653816"	"IPR014757"	"Transcription regulator IclR, C-terminal"	"-"
"PPA2217"	254	"ProSiteProfiles"	"PS51077"	"IclR-type HTH domain profile."	6	68	"16.227913"	"IPR005471"	"Transcription regulator IclR, N-terminal"	"GO:0003677|GO:0006355"
"PPA2219"	424	"ProSiteProfiles"	"PS50862"	"Aminoacyl-transfer RNA synthetases class-II family profile."	139	407	"19.221081"	"IPR006195"	"Aminoacyl-tRNA synthetase, class II"	"-"
"PPA2225"	172	"ProSiteProfiles"	"PS50905"	"Ferritin-like diiron domain profile."	1	147	"33.568821"	"IPR009040"	"Ferritin-like diiron domain"	"-"
"PPA2229"	184	"ProSiteProfiles"	"PS50935"	"Single-strand binding (SSB) domain profile."	1	110	"26.524353"	"IPR000424"	"Primosome PriB/single-strand DNA-binding"	"GO:0003697"
"PPA2231"	120	"ProSiteProfiles"	"PS50206"	"Rhodanese domain profile."	19	114	"14.895097"	"IPR001763"	"Rhodanese-like domain"	"-"
"PPA2232"	153	"ProSiteProfiles"	"PS51094"	"PTS_EIIA type-2 domain profile."	6	151	"41.560734"	"IPR002178"	"PTS EIIA type-2 domain"	"-"
"PPA2233"	519	"ProSiteProfiles"	"PS51104"	"PTS_EIIC type-2 domain profile."	160	515	"27.02174"	"IPR013014"	"Phosphotransferase system, EIIC component, type 2"	"-"
"PPA2233"	519	"ProSiteProfiles"	"PS51099"	"PTS_EIIB type-2 domain profile."	28	123	"20.422947"	"IPR013011"	"Phosphotransferase system, EIIB component, type 2"	"GO:0008982|GO:0009401"
"PPA2235"	251	"ProSiteProfiles"	"PS51432"	"AP endonucleases family 2 profile."	1	251	"50.949814"	"IPR001719"	"AP endonuclease 2"	"GO:0003677|GO:0006281|GO:0008270"
"PPA2239"	397	"ProSiteProfiles"	"PS51109"	"G5 domain profile."	196	276	"25.735201"	"IPR011098"	"G5 domain"	"-"
"PPA2240"	752	"ProSiteProfiles"	"PS50846"	"Heavy-metal-associated domain profile."	21	85	"17.368559"	"IPR006121"	"Heavy metal-associated domain, HMA"	"GO:0046872"
"PPA2242"	130	"ProSiteProfiles"	"PS50846"	"Heavy-metal-associated domain profile."	2	67	"14.84941"	"IPR006121"	"Heavy metal-associated domain, HMA"	"GO:0046872"
"PPA2244"	448	"ProSiteProfiles"	"PS51199"	"Superfamily 4 helicase domain profile."	185	448	"101.939919"	"IPR007694"	"DNA helicase, DnaB-like, C-terminal"	"GO:0003678|GO:0005524|GO:0006260"
"PPA2248"	416	"ProSiteProfiles"	"PS51379"	"4Fe-4S ferredoxin-type iron-sulfur binding domain profile."	11	42	"7.45794"	"IPR017896"	"4Fe-4S ferredoxin-type, iron-sulphur binding domain"	"-"
"PPA2248"	416	"ProSiteProfiles"	"PS51379"	"4Fe-4S ferredoxin-type iron-sulfur binding domain profile."	55	86	"7.659559"	"IPR017896"	"4Fe-4S ferredoxin-type, iron-sulphur binding domain"	"-"
"PPA2252"	174	"ProSiteProfiles"	"PS50995"	"MarR-type HTH domain profile."	21	153	"21.77396"	"IPR000835"	"MarR-type HTH domain"	"GO:0003700|GO:0006355"
"PPA2256"	177	"ProSiteProfiles"	"PS50995"	"MarR-type HTH domain profile."	27	163	"20.624304"	"IPR000835"	"MarR-type HTH domain"	"GO:0003700|GO:0006355"
"PPA2260"	215	"ProSiteProfiles"	"PS50977"	"TetR-type HTH domain profile."	17	77	"16.535465"	"IPR001647"	"DNA-binding HTH domain, TetR-type"	"GO:0003677"
"PPA2266"	689	"ProSiteProfiles"	"PS50263"	"Carbon-nitrogen hydrolase domain profile."	14	286	"34.326794"	"IPR003010"	"Carbon-nitrogen hydrolase"	"GO:0006807"
"PPA2271"	498	"ProSiteProfiles"	"PS51781"	"SH3b domain profile."	46	110	"10.992258"	"IPR003646"	"SH3-like domain, bacterial-type"	"-"
"PPA2275"	335	"ProSiteProfiles"	"PS51294"	"Myb-type HTH DNA-binding domain profile."	1	47	"9.862154"	"IPR017930"	"Myb domain"	"-"
"PPA2280"	772	"ProSiteProfiles"	"PS51332"	"B12-binding domain profile."	635	772	"20.804945"	"IPR006158"	"Cobalamin (vitamin B12)-binding domain"	"GO:0031419|GO:0046872"
"PPA2293"	303	"ProSiteProfiles"	"PS50928"	"ABC transporter integral membrane type-1 domain profile."	98	288	"21.012888"	"IPR000515"	"ABC transporter type 1, transmembrane domain MetI-like"	"GO:0016020|GO:0055085"
"PPA2294"	302	"ProSiteProfiles"	"PS50928"	"ABC transporter integral membrane type-1 domain profile."	84	294	"18.465412"	"IPR000515"	"ABC transporter type 1, transmembrane domain MetI-like"	"GO:0016020|GO:0055085"
"PPA2295"	444	"ProSiteProfiles"	"PS51257"	"Prokaryotic membrane lipoprotein lipid attachment site profile."	1	25	"7.0"	"-"	"-"	""
"PPA2296"	335	"ProSiteProfiles"	"PS50932"	"LacI-type HTH domain profile."	8	62	"31.259113"	"IPR000843"	"LacI-type HTH domain"	"GO:0003677|GO:0006355"
"PPA2296"	335	"ProSiteProfiles"	"PS50943"	"Cro/C1-type HTH domain profile."	9	52	"10.69195"	"IPR001387"	"Cro/C1-type helix-turn-helix domain"	"-"
"PPA2301"	507	"ProSiteProfiles"	"PS51831"	"HD domain profile."	293	412	"13.457923"	"IPR006674"	"HD domain"	"-"
"PPA2303"	603	"ProSiteProfiles"	"PS50011"	"Protein kinase domain profile."	39	296	"8.6267"	"IPR000719"	"Protein kinase domain"	"GO:0004672|GO:0005524|GO:0006468"
"PPA2307"	479	"ProSiteProfiles"	"PS50106"	"PDZ domain profile."	378	438	"9.9936"	"IPR001478"	"PDZ domain"	"GO:0005515"
"PPA2311"	415	"ProSiteProfiles"	"PS50850"	"Major facilitator superfamily (MFS) profile."	18	415	"14.907995"	"IPR020846"	"Major facilitator superfamily domain"	"GO:0022857"
"PPA2314"	159	"ProSiteProfiles"	"PS51352"	"Thioredoxin domain profile."	36	159	"13.329138"	"IPR013766"	"Thioredoxin domain"	"-"
"PPA2326"	268	"ProSiteProfiles"	"PS51000"	"DeoR-type HTH domain profile."	12	67	"13.568773"	"IPR001034"	"DeoR-type HTH domain"	"GO:0003700|GO:0006355"
"PPA2330"	335	"ProSiteProfiles"	"PS50932"	"LacI-type HTH domain profile."	11	65	"24.760605"	"IPR000843"	"LacI-type HTH domain"	"GO:0003677|GO:0006355"
"PPA2338"	327	"ProSiteProfiles"	"PS50975"	"ATP-grasp fold profile."	113	320	"42.746807"	"IPR011761"	"ATP-grasp fold"	"GO:0005524|GO:0046872"
"PPA2347"	363	"ProSiteProfiles"	"PS51191"	"FemABX peptidyl transferase family profile."	1	359	"91.60997"	"IPR003447"	"FemABX peptidyl transferase"	"GO:0016755|GO:0044038"
"PPA2349"	203	"ProSiteProfiles"	"PS51061"	"R3H domain profile."	138	203	"18.643572"	"IPR001374"	"R3H domain"	"GO:0003676"
"PPA2388"	86	"ProSiteProfiles"	"PS51257"	"Prokaryotic membrane lipoprotein lipid attachment site profile."	1	21	"6.0"	"-"	"-"	""
"PPA2399"	142	"ProSiteProfiles"	"PS50995"	"MarR-type HTH domain profile."	1	131	"25.897722"	"IPR000835"	"MarR-type HTH domain"	"GO:0003700|GO:0006355"
"PPA2401"	165	"ProSiteProfiles"	"PS51186"	"Gcn5-related N-acetyltransferase (GNAT) domain profile."	2	162	"14.268117"	"IPR000182"	"GNAT domain"	"GO:0016407"
