"protein_accession"	"sequence_length"	"analysis"	"signature_accession"	"signature_description"	"start_location"	"stop_location"	"e_value"	"interpro_annotations_accession"	"interpro_annotation_description"	"GO-annotation"
"PPA0001"	500	"CDD"	"cd00009"	"AAA"	192	321	"1.88504E-18"	"-"	"-"	""
"PPA0001"	500	"CDD"	"cd06571"	"Bac_DnaA_C"	408	497	"2.18413E-40"	"IPR013159"	"Chromosomal replication initiator, DnaA C-terminal"	"GO:0005524|GO:0006270|GO:0006275|GO:0043565"
"PPA0002"	503	"CDD"	"cd00140"	"beta_clamp"	119	500	"8.91221E-111"	"IPR001001"	"DNA polymerase III, beta sliding clamp"	"GO:0003677|GO:0006260|GO:0009360"
"PPA0008"	395	"CDD"	"cd07011"	"cupin_PMI_type_I_N"	4	294	"5.9464E-99"	"-"	"-"	""
"PPA0009"	690	"CDD"	"cd16928"	"HATPase_GyrB-like"	73	250	"4.06698E-95"	"-"	"-"	""
"PPA0009"	690	"CDD"	"cd00822"	"TopoII_Trans_DNA_gyrase"	268	423	"2.24691E-70"	"-"	"-"	""
"PPA0010"	891	"CDD"	"cd00187"	"TOP4c"	48	497	"0.0"	"IPR002205"	"DNA topoisomerase, type IIA,  domain A"	"GO:0003677|GO:0003918|GO:0005524|GO:0006265"
"PPA0012"	322	"CDD"	"cd05290"	"LDH_3"	6	317	"0.0"	"-"	"-"	""
"PPA0014"	335	"CDD"	"cd01392"	"HTH_LacI"	8	59	"4.03261E-17"	"IPR000843"	"LacI-type HTH domain"	"GO:0003677|GO:0006355"
"PPA0015"	501	"CDD"	"cd03215"	"ABC_Carb_Monos_II"	252	470	"1.89141E-80"	"-"	"-"	""
"PPA0015"	501	"CDD"	"cd03216"	"ABC_Carb_Monos_I"	5	221	"5.33437E-69"	"-"	"-"	""
"PPA0016"	325	"CDD"	"cd06579"	"TM_PBP1_transp_AraH_like"	58	317	"1.48404E-76"	"-"	"-"	""
"PPA0018"	309	"CDD"	"cd01174"	"ribokinase"	7	296	"6.02489E-105"	"IPR011877"	"Ribokinase"	"GO:0004747|GO:0006014"
"PPA0021"	158	"CDD"	"cd00211"	"PTS_IIA_fru"	5	147	"4.37801E-37"	"IPR002178"	"PTS EIIA type-2 domain"	"-"
"PPA0023"	100	"CDD"	"cd05566"	"PTS_IIB_galactitol"	6	93	"7.65786E-31"	"-"	"-"	""
"PPA0034"	352	"CDD"	"cd00609"	"AAT_like"	26	348	"2.45049E-78"	"-"	"-"	""
"PPA0037"	188	"CDD"	"cd04301"	"NAT_SF"	78	142	"0.00161842"	"-"	"-"	""
"PPA0039"	212	"CDD"	"cd11614"	"SAF_CpaB_FlgA_like"	52	108	"0.00180007"	"-"	"-"	""
"PPA0047"	920	"CDD"	"cd00118"	"LysM"	238	287	"3.33334E-6"	"IPR018392"	"LysM domain"	"-"
"PPA0047"	920	"CDD"	"cd00118"	"LysM"	156	202	"7.56904E-7"	"IPR018392"	"LysM domain"	"-"
"PPA0048"	470	"CDD"	"cd06173"	"MFS_MefA_like"	38	430	"1.3192E-27"	"-"	"-"	""
"PPA0049"	569	"CDD"	"cd00477"	"FTHFS"	22	568	"0.0"	"IPR000559"	"Formate-tetrahydrofolate ligase, FTHFS"	"GO:0004329|GO:0005524"
"PPA0054"	344	"CDD"	"cd03255"	"ABC_MJ0796_LolCDE_FtsE"	112	323	"2.7405E-107"	"IPR017911"	"MacB, ATP-binding domain"	"-"
"PPA0055"	218	"CDD"	"cd17535"	"REC_NarL-like"	7	122	"5.5939E-50"	"-"	"-"	""
"PPA0055"	218	"CDD"	"cd06170"	"LuxR_C_like"	158	214	"1.38974E-15"	"IPR000792"	"Transcription regulator LuxR, C-terminal"	"GO:0006355"
"PPA0057"	276	"CDD"	"cd06261"	"TM_PBP2"	71	255	"8.42869E-12"	"IPR000515"	"ABC transporter type 1, transmembrane domain MetI-like"	"GO:0016020|GO:0055085"
"PPA0058"	298	"CDD"	"cd06261"	"TM_PBP2"	64	259	"2.86912E-8"	"IPR000515"	"ABC transporter type 1, transmembrane domain MetI-like"	"GO:0016020|GO:0055085"
"PPA0061"	462	"CDD"	"cd05296"	"GH4_P_beta_glucosidase"	1	457	"0.0"	"-"	"-"	""
"PPA0062"	1042	"CDD"	"cd10789"	"GH38N_AMII_ER_cytosolic"	265	516	"4.68327E-130"	"-"	"-"	""
"PPA0064"	214	"CDD"	"cd07505"	"HAD_BPGM-like"	12	182	"3.65278E-36"	"-"	"-"	""
"PPA0066"	512	"CDD"	"cd06563"	"GH20_chitobiase-like"	138	503	"0.0"	"-"	"-"	""
"PPA0067"	311	"CDD"	"cd00287"	"ribokinase_pfkB_like"	8	242	"4.54149E-19"	"-"	"-"	""
"PPA0068"	456	"CDD"	"cd16917"	"HATPase_UhpB-NarQ-NarX-like"	363	448	"5.46401E-28"	"-"	"-"	""
"PPA0074"	253	"CDD"	"cd03255"	"ABC_MJ0796_LolCDE_FtsE"	24	241	"1.01796E-96"	"IPR017911"	"MacB, ATP-binding domain"	"-"
"PPA0075"	270	"CDD"	"cd02440"	"AdoMet_MTases"	69	159	"7.99948E-10"	"-"	"-"	""
"PPA0076"	336	"CDD"	"cd01148"	"TroA_a"	51	331	"1.9542E-97"	"-"	"-"	""
"PPA0077"	340	"CDD"	"cd06550"	"TM_ABC_iron-siderophores_like"	65	330	"1.514E-44"	"-"	"-"	""
"PPA0078"	255	"CDD"	"cd03214"	"ABC_Iron-Siderophores_B12_Hemin"	9	221	"5.42017E-77"	"-"	"-"	""
"PPA0079"	485	"CDD"	"cd07103"	"ALDH_F5_SSADH_GabD"	33	483	"0.0"	"-"	"-"	""
"PPA0080"	428	"CDD"	"cd01033"	"ClC_like"	16	412	"1.99354E-110"	"-"	"-"	""
"PPA0081"	788	"CDD"	"cd04300"	"GT35_Glycogen_Phosphorylase"	8	782	"0.0"	"-"	"-"	""
"PPA0084"	403	"CDD"	"cd00012"	"NBD_sugar-kinase_HSP70_actin"	90	251	"5.79751E-4"	"-"	"-"	""
"PPA0086"	311	"CDD"	"cd06261"	"TM_PBP2"	87	294	"4.1995E-8"	"IPR000515"	"ABC transporter type 1, transmembrane domain MetI-like"	"GO:0016020|GO:0055085"
"PPA0087"	293	"CDD"	"cd06261"	"TM_PBP2"	79	273	"5.11253E-14"	"IPR000515"	"ABC transporter type 1, transmembrane domain MetI-like"	"GO:0016020|GO:0055085"
"PPA0088"	373	"CDD"	"cd01392"	"HTH_LacI"	37	88	"1.46901E-14"	"IPR000843"	"LacI-type HTH domain"	"GO:0003677|GO:0006355"
"PPA0088"	373	"CDD"	"cd01574"	"PBP1_LacI"	93	366	"2.44587E-94"	"-"	"-"	""
"PPA0091"	193	"CDD"	"cd00090"	"HTH_ARSR"	25	70	"9.01886E-6"	"IPR011991"	"ArsR-like helix-turn-helix domain"	"-"
"PPA0092"	913	"CDD"	"cd11020"	"CuRO_1_CuNIR"	648	764	"1.9255E-51"	"-"	"-"	""
"PPA0092"	913	"CDD"	"cd04208"	"CuRO_2_CuNIR"	769	912	"8.03818E-54"	"-"	"-"	""
"PPA0094"	490	"CDD"	"cd01357"	"Aspartase"	5	457	"0.0"	"-"	"-"	""
"PPA0096"	96	"CDD"	"cd04301"	"NAT_SF"	20	65	"0.00134479"	"-"	"-"	""
"PPA0098"	581	"CDD"	"cd07346"	"ABC_6TM_exporters"	30	321	"3.33656E-30"	"-"	"-"	""
"PPA0099"	588	"CDD"	"cd07346"	"ABC_6TM_exporters"	55	344	"2.76669E-32"	"-"	"-"	""
"PPA0100"	328	"CDD"	"cd00009"	"AAA"	13	200	"1.72764E-7"	"-"	"-"	""
"PPA0101"	654	"CDD"	"cd01451"	"vWA_Magnesium_chelatase"	459	642	"3.9437E-60"	"IPR041702"	"Magnesium-chelatase BchD/ChlD, VWA domain"	"-"
"PPA0102"	1340	"CDD"	"cd10150"	"CobN_like"	96	1181	"0.0"	"IPR003672"	"CobN/magnesium chelatase"	"GO:0009058"
"PPA0103"	364	"CDD"	"cd01335"	"Radical_SAM"	10	198	"3.34215E-16"	"-"	"-"	""
"PPA0104"	333	"CDD"	"cd03214"	"ABC_Iron-Siderophores_B12_Hemin"	5	226	"9.97502E-68"	"-"	"-"	""
"PPA0105"	379	"CDD"	"cd06550"	"TM_ABC_iron-siderophores_like"	95	369	"1.7453E-44"	"-"	"-"	""
"PPA0110"	569	"CDD"	"cd01169"	"HMPP_kinase"	62	304	"1.62303E-87"	"IPR004399"	"Hydroxymethylpyrimidine kinase/phosphomethylpyrimidine kinase domain"	"GO:0008972|GO:0009228"
"PPA0110"	569	"CDD"	"cd19365"	"TenA_C-like"	366	566	"6.94317E-78"	"-"	"-"	""
"PPA0112"	217	"CDD"	"cd00564"	"TMP_TenI"	8	209	"2.4296E-55"	"IPR022998"	"Thiamine phosphate synthase/TenI"	"-"
"PPA0118"	830	"CDD"	"cd01987"	"USP_OKCHK"	234	357	"6.18021E-33"	"-"	"-"	""
"PPA0118"	830	"CDD"	"cd00082"	"HisKA"	601	667	"3.48988E-10"	"IPR003661"	"Signal transduction histidine kinase, dimerisation/phosphoacceptor domain"	"GO:0000155|GO:0007165"
"PPA0118"	830	"CDD"	"cd00075"	"HATPase"	718	819	"7.09025E-28"	"-"	"-"	""
"PPA0119"	227	"CDD"	"cd00383"	"trans_reg_C"	136	223	"2.52234E-28"	"IPR001867"	"OmpR/PhoB-type DNA-binding domain"	"GO:0000160|GO:0003677|GO:0006355"
"PPA0134"	205	"CDD"	"cd03358"	"LbH_WxcM_N_like"	36	161	"7.3464E-53"	"-"	"-"	""
"PPA0135"	370	"CDD"	"cd00616"	"AHBA_syn"	17	363	"0.0"	"IPR000653"	"DegT/DnrJ/EryC1/StrS aminotransferase"	"-"
"PPA0138"	525	"CDD"	"cd17346"	"MFS_DtpA_like"	51	508	"2.09203E-99"	"IPR005279"	"Dipeptide/tripeptide permease"	"GO:0015833|GO:0016020|GO:1904680"
"PPA0140"	266	"CDD"	"cd05233"	"SDR_c"	10	259	"2.95534E-68"	"-"	"-"	""
"PPA0141"	85	"CDD"	"cd00367"	"PTS-HPr_like"	5	80	"8.73865E-19"	"IPR000032"	"Phosphocarrier protein HPr-like"	"-"
"PPA0142"	670	"CDD"	"cd00211"	"PTS_IIA_fru"	6	144	"8.7993E-29"	"IPR002178"	"PTS EIIA type-2 domain"	"-"
"PPA0142"	670	"CDD"	"cd05569"	"PTS_IIB_fructose"	180	275	"3.11824E-35"	"IPR003353"	"Phosphotransferase system, fructose-specific IIB subunit"	"GO:0009401|GO:0022877"
"PPA0143"	316	"CDD"	"cd01164"	"FruK_PfkB_like"	1	283	"6.89805E-107"	"IPR017583"	"Tagatose/fructose phosphokinase"	"GO:0005975|GO:0016773"
"PPA0148"	357	"CDD"	"cd03786"	"GTB_UDP-GlcNAc_2-Epimerase"	2	349	"4.21011E-125"	"-"	"-"	""
"PPA0154"	215	"CDD"	"cd03674"	"Nudix_Hydrolase_1"	11	173	"1.37276E-36"	"-"	"-"	""
"PPA0155"	838	"CDD"	"cd17990"	"DEXHc_HrpB"	21	191	"6.14463E-61"	"-"	"-"	""
"PPA0155"	838	"CDD"	"cd18791"	"SF2_C_RHA"	228	358	"2.85818E-36"	"-"	"-"	""
"PPA0157"	699	"CDD"	"cd03225"	"ABC_cobalt_CbiO_domain1"	24	225	"6.33822E-48"	"IPR015856"	"ABC transporter, CbiO/EcfA subunit"	"GO:0005524|GO:0016020|GO:0055085"
"PPA0158"	391	"CDD"	"cd03794"	"GT4_WbuB-like"	5	382	"9.0254E-78"	"-"	"-"	""
"PPA0161"	335	"CDD"	"cd04739"	"DHOD_like"	3	328	"0.0"	"-"	"-"	""
"PPA0162"	1204	"CDD"	"cd03377"	"TPP_PFOR_PNO"	819	1182	"0.0"	"-"	"-"	""
"PPA0162"	1204	"CDD"	"cd07034"	"TPP_PYR_PFOR_IOR-alpha_like"	15	178	"1.62567E-42"	"IPR002880"	"Pyruvate flavodoxin/ferredoxin oxidoreductase, pyrimidine binding domain"	"GO:0016491"
"PPA0165"	273	"CDD"	"cd07377"	"WHTH_GntR"	53	114	"3.89245E-17"	"IPR000524"	"Transcription regulator HTH, GntR"	"GO:0003700|GO:0006355"
"PPA0174"	546	"CDD"	"cd18584"	"ABC_6TM_AarD_CydD"	23	307	"2.06714E-104"	"-"	"-"	""
"PPA0174"	546	"CDD"	"cd03228"	"ABCC_MRP_Like"	335	543	"5.51712E-51"	"-"	"-"	""
"PPA0178"	666	"CDD"	"cd18547"	"ABC_6TM_Tm288_like"	57	400	"9.03407E-123"	"-"	"-"	""
"PPA0178"	666	"CDD"	"cd03254"	"ABCC_Glucan_exporter_like"	422	650	"5.1617E-116"	"-"	"-"	""
"PPA0179"	578	"CDD"	"cd18548"	"ABC_6TM_Tm287_like"	17	308	"7.76199E-124"	"-"	"-"	""
"PPA0180"	369	"CDD"	"cd00093"	"HTH_XRE"	9	65	"7.09226E-9"	"IPR001387"	"Cro/C1-type helix-turn-helix domain"	"-"
"PPA0181"	510	"CDD"	"cd04322"	"LysRS_N"	70	182	"2.77469E-30"	"IPR044136"	"Lysine-tRNA ligase, class II, N-terminal"	"GO:0000166"
"PPA0184"	632	"CDD"	"cd06577"	"PASTA_pknB"	385	445	"2.70399E-14"	"-"	"-"	""
"PPA0184"	632	"CDD"	"cd06577"	"PASTA_pknB"	525	585	"2.09978E-9"	"-"	"-"	""
"PPA0184"	632	"CDD"	"cd06577"	"PASTA_pknB"	452	520	"5.43996E-10"	"-"	"-"	""
"PPA0184"	632	"CDD"	"cd14014"	"STKc_PknB_like"	10	277	"1.37149E-124"	"-"	"-"	""
"PPA0187"	495	"CDD"	"cd00143"	"PP2Cc"	7	245	"1.34848E-28"	"IPR001932"	"PPM-type phosphatase domain"	"GO:0004722"
"PPA0188"	162	"CDD"	"cd00060"	"FHA"	69	159	"7.51872E-19"	"IPR000253"	"Forkhead-associated (FHA) domain"	"GO:0005515"
"PPA0189"	229	"CDD"	"cd00060"	"FHA"	140	220	"3.23955E-17"	"IPR000253"	"Forkhead-associated (FHA) domain"	"GO:0005515"
"PPA0202"	121	"CDD"	"cd00165"	"S4"	3	51	"6.93224E-11"	"-"	"-"	""
"PPA0204"	957	"CDD"	"cd18137"	"HLD_clamp_pol_III_gamma_tau"	284	349	"6.74521E-19"	"IPR045085"	"DNA polymerase III, subunit gamma/tau, helical lid domain"	"-"
"PPA0204"	957	"CDD"	"cd00009"	"AAA"	123	275	"6.52504E-15"	"-"	"-"	""
"PPA0206"	201	"CDD"	"cd01025"	"TOPRIM_recR"	79	190	"1.04588E-63"	"IPR034137"	"RecR, TOPRIM domain"	"-"
"PPA0208"	260	"CDD"	"cd03255"	"ABC_MJ0796_LolCDE_FtsE"	21	237	"3.57393E-101"	"IPR017911"	"MacB, ATP-binding domain"	"-"
"PPA0212"	269	"CDD"	"cd07516"	"HAD_Pase"	2	262	"6.00019E-62"	"-"	"-"	""
"PPA0213"	299	"CDD"	"cd03264"	"ABC_drug_resistance_like"	61	268	"1.62701E-97"	"-"	"-"	""
"PPA0216"	1114	"CDD"	"cd00818"	"IleRS_core"	392	679	"4.0072E-83"	"-"	"-"	""
"PPA0216"	1114	"CDD"	"cd07961"	"Anticodon_Ia_Ile_ABEc"	679	885	"7.04763E-73"	"IPR033709"	"Isoleucyl tRNA synthetase type 2, anticodon-binding domain"	"GO:0000049"
"PPA0221"	151	"CDD"	"cd02199"	"YjgF_YER057c_UK114_like_1"	9	150	"3.52513E-53"	"IPR013813"	"Endoribonuclease L-PSP/chorismate mutase-like"	"-"
"PPA0222"	233	"CDD"	"cd00092"	"HTH_CRP"	155	223	"5.38635E-9"	"-"	"-"	""
"PPA0222"	233	"CDD"	"cd00038"	"CAP_ED"	13	131	"3.46303E-13"	"IPR000595"	"Cyclic nucleotide-binding domain"	"-"
"PPA0223"	308	"CDD"	"cd00056"	"ENDO3c"	113	266	"2.4161E-48"	"IPR003265"	"HhH-GPD domain"	"GO:0006284"
"PPA0224"	195	"CDD"	"cd02966"	"TlpA_like_family"	68	175	"2.41214E-34"	"-"	"-"	""
"PPA0225"	218	"CDD"	"cd03426"	"CoAse"	28	180	"3.68731E-50"	"IPR045121"	"Coenzyme A pyrophosphatase"	"GO:0010945"
"PPA0228"	319	"CDD"	"cd02440"	"AdoMet_MTases"	105	182	"0.00251742"	"-"	"-"	""
"PPA0237"	754	"CDD"	"cd17923"	"DEXHc_Hrq1-like"	46	243	"4.63382E-84"	"-"	"-"	""
"PPA0237"	754	"CDD"	"cd18797"	"SF2_C_Hrq"	263	395	"1.4313E-58"	"-"	"-"	""
"PPA0238"	505	"CDD"	"cd02440"	"AdoMet_MTases"	170	247	"1.39362E-8"	"-"	"-"	""
"PPA0241"	929	"CDD"	"cd00186"	"TOP1Ac"	145	587	"0.0"	"IPR013497"	"DNA topoisomerase, type IA, central"	"GO:0003677|GO:0003916|GO:0006265"
"PPA0241"	929	"CDD"	"cd03363"	"TOPRIM_TopoIA_TopoI"	5	139	"2.12322E-55"	"IPR034149"	"DNA topoisomerase 1, TOPRIM domain"	"-"
"PPA0243"	228	"CDD"	"cd01672"	"TMPK"	29	223	"1.80678E-88"	"-"	"-"	""
"PPA0252"	155	"CDD"	"cd07067"	"HP_PGM_like"	1	133	"5.85411E-18"	"IPR013078"	"Histidine phosphatase superfamily, clade-1"	"-"
"PPA0256"	210	"CDD"	"cd00412"	"pyrophosphatase"	44	197	"2.88367E-81"	"IPR008162"	"Inorganic pyrophosphatase"	"GO:0000287|GO:0004427|GO:0005737|GO:0006796"
"PPA0258"	311	"CDD"	"cd01992"	"PP-ATPase"	26	203	"4.09194E-56"	"IPR012795"	"tRNA(Ile)-lysidine synthase, N-terminal"	"GO:0000166|GO:0005524|GO:0008033|GO:0016879"
"PPA0259"	184	"CDD"	"cd06223"	"PRTases_typeI"	24	137	"1.73993E-18"	"IPR000836"	"Phosphoribosyltransferase domain"	"-"
"PPA0260"	717	"CDD"	"cd00009"	"AAA"	170	335	"1.21718E-31"	"-"	"-"	""
"PPA0263"	368	"CDD"	"cd07185"	"OmpA_C-like"	261	365	"2.29569E-35"	"IPR006665"	"OmpA-like domain"	"-"
"PPA0271"	281	"CDD"	"cd00739"	"DHPS"	15	277	"1.75267E-99"	"IPR006390"	"Dihydropteroate synthase domain"	"GO:0004156|GO:0009396"
"PPA0272"	120	"CDD"	"cd00534"	"DHNA_DHNTPE"	5	117	"2.77988E-29"	"IPR006157"	"Dihydroneopterin aldolase/epimerase domain"	"GO:0004150|GO:0006760"
"PPA0273"	185	"CDD"	"cd00483"	"HPPK"	6	129	"4.62083E-56"	"IPR000550"	"7,8-Dihydro-6-hydroxymethylpterin-pyrophosphokinase, HPPK"	"GO:0003848|GO:0009396"
"PPA0278"	844	"CDD"	"cd00009"	"AAA"	518	666	"3.78395E-15"	"-"	"-"	""
"PPA0278"	844	"CDD"	"cd00009"	"AAA"	190	342	"5.27211E-18"	"-"	"-"	""
"PPA0282"	256	"CDD"	"cd10787"	"LamB_YcsF_like"	4	245	"0.0"	"-"	"-"	""
"PPA0289"	218	"CDD"	"cd17535"	"REC_NarL-like"	6	120	"6.5269E-42"	"-"	"-"	""
"PPA0289"	218	"CDD"	"cd06170"	"LuxR_C_like"	156	212	"1.26429E-14"	"IPR000792"	"Transcription regulator LuxR, C-terminal"	"GO:0006355"
"PPA0290"	410	"CDD"	"cd16917"	"HATPase_UhpB-NarQ-NarX-like"	323	408	"1.03852E-16"	"-"	"-"	""
"PPA0294"	559	"CDD"	"cd00212"	"PTS_IIB_glc"	480	555	"5.54514E-24"	"IPR018113"	"Phosphotransferase system EIIB, cysteine phosphorylation site"	"GO:0008982"
"PPA0295"	439	"CDD"	"cd17319"	"MFS_ExuT_GudP_like"	25	429	"1.61385E-91"	"-"	"-"	""
"PPA0300"	291	"CDD"	"cd00056"	"ENDO3c"	35	193	"2.10096E-36"	"IPR003265"	"HhH-GPD domain"	"GO:0006284"
"PPA0301"	436	"CDD"	"cd00610"	"OAT_like"	7	414	"2.71262E-103"	"IPR005814"	"Aminotransferase class-III"	"GO:0008483|GO:0030170"
"PPA0302"	348	"CDD"	"cd00384"	"ALAD_PBGS"	30	343	"0.0"	"-"	"-"	""
"PPA0303"	241	"CDD"	"cd06578"	"HemD"	13	236	"6.4103E-32"	"IPR003754"	"Tetrapyrrole biosynthesis, uroporphyrinogen III synthase"	"GO:0004852|GO:0033014"
"PPA0306"	426	"CDD"	"cd00717"	"URO-D"	87	425	"0.0"	"IPR006361"	"Uroporphyrinogen decarboxylase HemE"	"GO:0004853|GO:0006779"
"PPA0308"	683	"CDD"	"cd00419"	"Ferrochelatase_C"	182	312	"2.76341E-35"	"IPR033644"	"Ferrochelatase, C-terminal"	"-"
"PPA0308"	683	"CDD"	"cd03411"	"Ferrochelatase_N"	18	157	"1.00814E-39"	"IPR033659"	"Ferrochelatase, N-terminal"	"-"
"PPA0323"	571	"CDD"	"cd06578"	"HemD"	294	531	"1.27043E-57"	"IPR003754"	"Tetrapyrrole biosynthesis, uroporphyrinogen III synthase"	"GO:0004852|GO:0033014"
"PPA0324"	222	"CDD"	"cd07067"	"HP_PGM_like"	6	196	"5.77537E-14"	"IPR013078"	"Histidine phosphatase superfamily, clade-1"	"-"
"PPA0325"	189	"CDD"	"cd02966"	"TlpA_like_family"	54	170	"5.66679E-39"	"-"	"-"	""
"PPA0330"	264	"CDD"	"cd05233"	"SDR_c"	14	226	"8.96894E-50"	"-"	"-"	""
"PPA0335"	252	"CDD"	"cd03214"	"ABC_Iron-Siderophores_B12_Hemin"	4	216	"2.86734E-68"	"-"	"-"	""
"PPA0336"	341	"CDD"	"cd06550"	"TM_ABC_iron-siderophores_like"	72	335	"9.50267E-40"	"-"	"-"	""
"PPA0337"	295	"CDD"	"cd06193"	"siderophore_interacting"	11	289	"3.33276E-50"	"-"	"-"	""
"PPA0338"	258	"CDD"	"cd03260"	"ABC_PstB_phosphate_transporter"	5	240	"0.0"	"IPR005670"	"Phosphate transport system permease protein 1"	"GO:0005315|GO:0016020|GO:0035435"
"PPA0339"	308	"CDD"	"cd06261"	"TM_PBP2"	91	293	"4.43432E-17"	"IPR000515"	"ABC transporter type 1, transmembrane domain MetI-like"	"GO:0016020|GO:0055085"
"PPA0340"	334	"CDD"	"cd06261"	"TM_PBP2"	87	263	"1.46873E-12"	"IPR000515"	"ABC transporter type 1, transmembrane domain MetI-like"	"GO:0016020|GO:0055085"
"PPA0341"	383	"CDD"	"cd13565"	"PBP2_PstS"	76	363	"1.42739E-68"	"-"	"-"	""
"PPA0342"	313	"CDD"	"cd03673"	"Ap6A_hydrolase"	8	146	"1.06465E-51"	"-"	"-"	""
"PPA0342"	313	"CDD"	"cd07067"	"HP_PGM_like"	152	308	"9.72386E-18"	"IPR013078"	"Histidine phosphatase superfamily, clade-1"	"-"
"PPA0343"	701	"CDD"	"cd09165"	"PLDc_PaPPK1_C1_like"	344	508	"7.11392E-105"	"-"	"-"	""
"PPA0343"	701	"CDD"	"cd09168"	"PLDc_PaPPK1_C2_like"	514	674	"1.09418E-83"	"-"	"-"	""
"PPA0344"	237	"CDD"	"cd00383"	"trans_reg_C"	146	233	"3.83664E-37"	"IPR001867"	"OmpR/PhoB-type DNA-binding domain"	"GO:0000160|GO:0003677|GO:0006355"
"PPA0347"	166	"CDD"	"cd07828"	"lipocalin_heme-bd-THAP4-like"	13	165	"5.64309E-64"	"IPR014878"	"THAP4-like, heme-binding beta-barrel domain"	"-"
"PPA0352"	88	"CDD"	"cd00367"	"PTS-HPr_like"	5	80	"1.27701E-24"	"IPR000032"	"Phosphocarrier protein HPr-like"	"-"
"PPA0353"	270	"CDD"	"cd02516"	"CDP-ME_synthetase"	20	230	"3.74666E-63"	"IPR034683"	"Cytidylyltransferase IspD/TarI"	"GO:0070567"
"PPA0354"	168	"CDD"	"cd00554"	"MECDP_synthase"	5	155	"4.0167E-59"	"IPR003526"	"2-C-methyl-D-erythritol 2,4-cyclodiphosphate synthase"	"GO:0008685|GO:0016114"
"PPA0356"	97	"CDD"	"cd05566"	"PTS_IIB_galactitol"	4	95	"2.66386E-32"	"-"	"-"	""
"PPA0359"	226	"CDD"	"cd00383"	"trans_reg_C"	135	224	"3.95252E-35"	"IPR001867"	"OmpR/PhoB-type DNA-binding domain"	"GO:0000160|GO:0003677|GO:0006355"
"PPA0360"	393	"CDD"	"cd00075"	"HATPase"	270	377	"4.16494E-33"	"-"	"-"	""
"PPA0360"	393	"CDD"	"cd00082"	"HisKA"	153	216	"1.38123E-13"	"IPR003661"	"Signal transduction histidine kinase, dimerisation/phosphoacceptor domain"	"GO:0000155|GO:0007165"
"PPA0363"	356	"CDD"	"cd10944"	"CE4_SmPgdA_like"	153	354	"1.31662E-76"	"-"	"-"	""
"PPA0364"	249	"CDD"	"cd07067"	"HP_PGM_like"	4	224	"6.73058E-44"	"IPR013078"	"Histidine phosphatase superfamily, clade-1"	"-"
"PPA0366"	97	"CDD"	"cd05566"	"PTS_IIB_galactitol"	4	95	"1.13118E-25"	"-"	"-"	""
"PPA0367"	331	"CDD"	"cd08963"	"L-asparaginase_I"	2	319	"7.19093E-126"	"IPR041725"	"Type I (cytosolic) L-asparaginase"	"-"
"PPA0369"	491	"CDD"	"cd00378"	"SHMT"	30	448	"0.0"	"IPR001085"	"Serine hydroxymethyltransferase"	"GO:0004372|GO:0019264|GO:0030170|GO:0035999"
"PPA0370"	366	"CDD"	"cd01166"	"KdgK"	14	345	"9.24923E-83"	"-"	"-"	""
"PPA0371"	215	"CDD"	"cd00452"	"KDPG_aldolase"	9	199	"3.42583E-70"	"IPR000887"	"KDPG/KHG aldolase"	"GO:0016829"
"PPA0380"	813	"CDD"	"cd01083"	"GAG_Lyase"	39	745	"0.0"	"-"	"-"	""
"PPA0383"	318	"CDD"	"cd18103"	"SpoU-like_RlmB"	165	308	"6.39709E-67"	"-"	"-"	""
"PPA0384"	490	"CDD"	"cd00672"	"CysRS_core"	18	323	"3.9947E-103"	"IPR032678"	"tRNA synthetases class I, catalytic domain"	"-"
"PPA0392"	191	"CDD"	"cd06171"	"Sigma70_r4"	133	183	"1.2394E-8"	"-"	"-"	""
"PPA0395"	439	"CDD"	"cd03301"	"ABC_MalK_N"	77	291	"0.0"	"IPR015855"	"ABC transporter, maltose/maltodextrin import, MalK-like"	"GO:0005524|GO:0008643|GO:0140359"
"PPA0397"	769	"CDD"	"cd00090"	"HTH_ARSR"	16	62	"4.49261E-5"	"IPR011991"	"ArsR-like helix-turn-helix domain"	"-"
"PPA0398"	430	"CDD"	"cd13585"	"PBP2_TMBP_like"	43	421	"1.77291E-90"	"-"	"-"	""
"PPA0399"	318	"CDD"	"cd06261"	"TM_PBP2"	92	303	"7.11981E-13"	"IPR000515"	"ABC transporter type 1, transmembrane domain MetI-like"	"GO:0016020|GO:0055085"
"PPA0400"	293	"CDD"	"cd06261"	"TM_PBP2"	89	241	"2.39271E-18"	"IPR000515"	"ABC transporter type 1, transmembrane domain MetI-like"	"GO:0016020|GO:0055085"
"PPA0403"	398	"CDD"	"cd06454"	"KBL_like"	42	393	"0.0"	"-"	"-"	""
"PPA0404"	307	"CDD"	"cd13606"	"PBP2_ProX_like"	41	301	"6.8914E-119"	"-"	"-"	""
"PPA0405"	231	"CDD"	"cd06261"	"TM_PBP2"	27	206	"1.21275E-4"	"IPR000515"	"ABC transporter type 1, transmembrane domain MetI-like"	"GO:0016020|GO:0055085"
"PPA0406"	215	"CDD"	"cd06261"	"TM_PBP2"	40	195	"7.10702E-7"	"IPR000515"	"ABC transporter type 1, transmembrane domain MetI-like"	"GO:0016020|GO:0055085"
"PPA0410"	223	"CDD"	"cd02908"	"Macro_OAADPr_deacetylase"	56	221	"5.99276E-78"	"-"	"-"	""
"PPA0411"	338	"CDD"	"cd05288"	"PGDH"	8	336	"0.0"	"-"	"-"	""
"PPA0412"	337	"CDD"	"cd03230"	"ABC_DR_subfamily_A"	28	235	"1.94026E-69"	"-"	"-"	""
"PPA0415"	388	"CDD"	"cd16917"	"HATPase_UhpB-NarQ-NarX-like"	312	387	"1.17633E-20"	"-"	"-"	""
"PPA0416"	206	"CDD"	"cd19930"	"REC_DesR-like"	9	125	"2.3235E-52"	"-"	"-"	""
"PPA0416"	206	"CDD"	"cd06170"	"LuxR_C_like"	146	202	"3.16179E-14"	"IPR000792"	"Transcription regulator LuxR, C-terminal"	"GO:0006355"
"PPA0417"	235	"CDD"	"cd07067"	"HP_PGM_like"	49	230	"1.25353E-31"	"IPR013078"	"Histidine phosphatase superfamily, clade-1"	"-"
"PPA0419"	484	"CDD"	"cd05389"	"CobQ_N"	4	224	"8.67201E-112"	"-"	"-"	""
"PPA0419"	484	"CDD"	"cd01750"	"GATase1_CobQ"	256	435	"1.24466E-68"	"IPR033949"	"Cobyric acid synthase, glutamine amidotransferase type 1"	"GO:0009236"
"PPA0420"	251	"CDD"	"cd11645"	"Precorrin_2_C20_MT"	12	239	"1.70488E-70"	"IPR012382"	"Precorrin-2 C(20)-methyltransferase"	"GO:0008757|GO:0009236|GO:0030788"
"PPA0421"	323	"CDD"	"cd11641"	"Precorrin-4_C11-MT"	46	271	"8.31752E-126"	"IPR006362"	"Cobalamin (vitamin B12) biosynthesis CobM/CbiF, precorrin-4 C11-methyltransferase"	"GO:0009236|GO:0046026"
"PPA0422"	856	"CDD"	"cd11644"	"Precorrin-6Y-MT"	6	197	"9.56924E-39"	"IPR012818"	"Precorrin-6Y methyltransferase"	"GO:0008276|GO:0009236"
"PPA0422"	856	"CDD"	"cd11646"	"Precorrin_3B_C17_MT"	566	806	"6.40258E-116"	"IPR006363"	"Precorrin-3B C17-methyltransferase domain"	"GO:0008168|GO:0009236"
"PPA0423"	422	"CDD"	"cd03416"	"CbiX_SirB_N"	10	117	"1.52554E-25"	"-"	"-"	""
"PPA0423"	422	"CDD"	"cd03414"	"CbiX_SirB_C"	149	266	"1.3823E-40"	"-"	"-"	""
"PPA0425"	354	"CDD"	"cd06550"	"TM_ABC_iron-siderophores_like"	78	343	"1.72432E-50"	"-"	"-"	""
"PPA0426"	263	"CDD"	"cd03214"	"ABC_Iron-Siderophores_B12_Hemin"	5	218	"1.98744E-77"	"-"	"-"	""
"PPA0434"	278	"CDD"	"cd03225"	"ABC_cobalt_CbiO_domain1"	8	219	"1.08072E-80"	"IPR015856"	"ABC transporter, CbiO/EcfA subunit"	"GO:0005524|GO:0016020|GO:0055085"
"PPA0438"	807	"CDD"	"cd00609"	"AAT_like"	484	799	"2.79367E-38"	"-"	"-"	""
"PPA0438"	807	"CDD"	"cd03130"	"GATase1_CobB"	261	451	"2.14191E-72"	"-"	"-"	""
"PPA0439"	258	"CDD"	"cd11642"	"SUMT"	26	243	"7.2626E-95"	"IPR006366"	"Uroporphyrin-III C-methyltransferase"	"GO:0008168|GO:0019354"
"PPA0441"	555	"CDD"	"cd02439"	"DMB-PRT_CobT"	40	354	"0.0"	"IPR003200"	"Nicotinate-nucleotide-dimethylbenzimidazole phosphoribosyltransferase"	"GO:0008939"
"PPA0441"	555	"CDD"	"cd00544"	"CobU"	379	554	"5.14129E-62"	"IPR003203"	"Cobinamide kinase/cobinamide phosphate guanyltransferase"	"GO:0000166|GO:0009236|GO:0043752"
"PPA0447"	309	"CDD"	"cd05563"	"PTS_IIB_ascorbate"	219	304	"3.57035E-16"	"-"	"-"	""
"PPA0447"	309	"CDD"	"cd00211"	"PTS_IIA_fru"	63	201	"3.34427E-31"	"IPR002178"	"PTS EIIA type-2 domain"	"-"
"PPA0451"	393	"CDD"	"cd07011"	"cupin_PMI_type_I_N"	4	295	"5.17243E-98"	"-"	"-"	""
"PPA0453"	544	"CDD"	"cd03344"	"GroEL"	3	520	"0.0"	"IPR001844"	"Chaperonin Cpn60/GroEL"	"GO:0042026|GO:0140662"
"PPA0455"	247	"CDD"	"cd07377"	"WHTH_GntR"	19	84	"8.92227E-20"	"IPR000524"	"Transcription regulator HTH, GntR"	"GO:0003700|GO:0006355"
"PPA0456"	329	"CDD"	"cd01166"	"KdgK"	10	286	"3.4842E-87"	"-"	"-"	""
"PPA0459"	632	"CDD"	"cd07035"	"TPP_PYR_POX_like"	12	197	"6.39838E-29"	"-"	"-"	""
"PPA0459"	632	"CDD"	"cd02003"	"TPP_IolD"	404	610	"2.31355E-118"	"-"	"-"	""
"PPA0461"	497	"CDD"	"cd07085"	"ALDH_F6_MMSDH"	4	481	"0.0"	"IPR010061"	"Methylmalonate-semialdehyde dehydrogenase"	"GO:0004491"
"PPA0462"	326	"CDD"	"cd06267"	"PBP1_LacI_sugar_binding-like"	63	319	"7.75917E-40"	"-"	"-"	""
"PPA0462"	326	"CDD"	"cd01392"	"HTH_LacI"	8	58	"3.15094E-16"	"IPR000843"	"LacI-type HTH domain"	"GO:0003677|GO:0006355"
"PPA0473"	694	"CDD"	"cd18029"	"DEXHc_XPB"	326	476	"5.41159E-68"	"-"	"-"	""
"PPA0476"	261	"CDD"	"cd01399"	"GlcN6P_deaminase"	10	241	"2.67226E-118"	"IPR004547"	"Glucosamine-6-phosphate isomerase"	"GO:0004342|GO:0006044"
"PPA0477"	127	"CDD"	"cd04458"	"CSP_CDS"	3	64	"6.80737E-18"	"IPR002059"	"Cold-shock protein, DNA-binding"	"GO:0003676"
"PPA0484"	376	"CDD"	"cd00854"	"NagA"	3	373	"1.46423E-121"	"IPR003764"	"N-acetylglucosamine-6-phosphate deacetylase"	"GO:0006044|GO:0008448"
"PPA0487"	121	"CDD"	"cd02947"	"TRX_family"	9	101	"2.67909E-34"	"-"	"-"	""
"PPA0489"	465	"CDD"	"cd00897"	"UGPase_euk"	69	377	"0.0"	"IPR016267"	"UTP--glucose-1-phosphate uridylyltransferase"	"GO:0003983|GO:0006011"
"PPA0492"	219	"CDD"	"cd11614"	"SAF_CpaB_FlgA_like"	62	121	"3.04279E-8"	"-"	"-"	""
"PPA0499"	444	"CDD"	"cd00887"	"MoeA"	18	428	"0.0"	"IPR038987"	"Molybdopterin biosynthesis protein MoeA-like"	"-"
"PPA0500"	140	"CDD"	"cd00756"	"MoaE"	10	132	"2.30012E-45"	"IPR003448"	"Molybdopterin biosynthesis MoaE"	"GO:0006777"
"PPA0501"	79	"CDD"	"cd00754"	"Ubl_MoaD"	1	79	"5.27638E-18"	"-"	"-"	""
"PPA0502"	346	"CDD"	"cd01335"	"Radical_SAM"	27	213	"6.19328E-19"	"-"	"-"	""
"PPA0505"	604	"CDD"	"cd06261"	"TM_PBP2"	57	254	"1.75374E-14"	"IPR000515"	"ABC transporter type 1, transmembrane domain MetI-like"	"GO:0016020|GO:0055085"
"PPA0510"	1245	"CDD"	"cd02776"	"MopB_CT_Nitrate-R-NarG-like"	1098	1237	"1.57371E-74"	"IPR037943"	"Nitrate reductase alpha subunit-like, MopB domain"	"-"
"PPA0511"	438	"CDD"	"cd17341"	"MFS_NRT2_like"	28	426	"8.95902E-81"	"IPR044772"	"Nitrate transporter"	"GO:0015112"
"PPA0512"	224	"CDD"	"cd02503"	"MobA"	24	214	"2.72488E-28"	"IPR013482"	"Molybdenum cofactor guanylyltransferase"	"GO:0003824|GO:0006777"
"PPA0513"	166	"CDD"	"cd00886"	"MogA_MoaB"	4	161	"4.33483E-54"	"IPR001453"	"MoaB/Mog domain"	"-"
"PPA0516"	213	"CDD"	"cd16371"	"DMSOR_beta_like"	14	161	"3.23034E-82"	"-"	"-"	""
"PPA0517"	853	"CDD"	"cd02770"	"MopB_DmsA-EC"	57	710	"0.0"	"-"	"-"	""
"PPA0517"	853	"CDD"	"cd02794"	"MopB_CT_DmsA-EC"	719	852	"1.36312E-62"	"-"	"-"	""
"PPA0518"	281	"CDD"	"cd00757"	"ThiF_MoeB_HesA_family"	37	265	"1.40408E-109"	"-"	"-"	""
"PPA0519"	277	"CDD"	"cd04728"	"ThiG"	15	259	"1.94926E-130"	"IPR008867"	"Thiazole synthase"	"GO:0009228"
"PPA0524"	286	"CDD"	"cd11648"	"RsmI"	11	227	"9.93343E-81"	"IPR008189"	"rRNA small subunit methyltransferase I"	"GO:0008168"
"PPA0525"	302	"CDD"	"cd01310"	"TatD_DNAse"	25	299	"6.32223E-80"	"IPR001130"	"3'-5' ssDNA/RNA exonuclease TatD-like"	"GO:0016788"
"PPA0526"	298	"CDD"	"cd02440"	"AdoMet_MTases"	71	143	"0.00466579"	"-"	"-"	""
"PPA0530"	432	"CDD"	"cd02540"	"GT2_GlmU_N_bac"	18	253	"1.51072E-112"	"-"	"-"	""
"PPA0531"	322	"CDD"	"cd06223"	"PRTases_typeI"	155	283	"8.58602E-25"	"IPR000836"	"Phosphoribosyltransferase domain"	"-"
"PPA0535"	229	"CDD"	"cd00495"	"Ribosomal_L25_TL5_CTC"	31	117	"7.736E-32"	"IPR029751"	"Ribosomal protein L25"	"GO:0003735|GO:0005840|GO:0006412|GO:0008097"
"PPA0536"	200	"CDD"	"cd00462"	"PTH"	6	187	"3.92522E-78"	"IPR001328"	"Peptidyl-tRNA hydrolase"	"GO:0004045"
"PPA0539"	351	"CDD"	"cd08260"	"Zn_ADH6"	1	348	"0.0"	"-"	"-"	""
"PPA0541"	1222	"CDD"	"cd17991"	"DEXHc_TRCF"	650	842	"5.05624E-116"	"-"	"-"	""
"PPA0543"	212	"CDD"	"cd11528"	"NTP-PPase_MazG_Nterm"	13	110	"1.30796E-50"	"-"	"-"	""
"PPA0545"	426	"CDD"	"cd03313"	"enolase"	7	408	"0.0"	"IPR000941"	"Enolase"	"GO:0000015|GO:0000287|GO:0004634|GO:0006096"
"PPA0550"	231	"CDD"	"cd04684"	"Nudix_Hydrolase_25"	90	220	"8.31144E-39"	"-"	"-"	""
"PPA0555"	287	"CDD"	"cd19088"	"AKR_AKR13B1"	12	278	"5.10387E-82"	"-"	"-"	""
"PPA0557"	539	"CDD"	"cd10334"	"SLC6sbd_u1"	24	505	"0.0"	"-"	"-"	""
"PPA0558"	238	"CDD"	"cd10027"	"UDG-F1-like"	36	233	"5.2227E-100"	"IPR002043"	"Uracil-DNA glycosylase family 1"	"GO:0004844|GO:0006281|GO:0006284"
"PPA0563"	671	"CDD"	"cd02955"	"SSP411"	24	147	"7.28712E-62"	"IPR004879"	"Domain of unknown function DUF255"	"-"
"PPA0564"	273	"CDD"	"cd00475"	"Cis_IPPS"	44	266	"9.89291E-93"	"IPR001441"	"Decaprenyl diphosphate synthase-like"	"GO:0016765"
"PPA0566"	449	"CDD"	"cd09883"	"PIN_VapC_PhoHL-ATPase"	22	167	"1.13806E-54"	"-"	"-"	""
"PPA0569"	415	"CDD"	"cd04489"	"ExoVII_LU_OBF"	29	107	"1.08299E-17"	"IPR025824"	"OB-fold nucleic acid binding domain"	"GO:0003676"
"PPA0572"	323	"CDD"	"cd13944"	"lytB_ispH"	12	289	"0.0"	"IPR003451"	"4-hydroxy-3-methylbut-2-enyl diphosphate reductase"	"GO:0019288|GO:0046872|GO:0050992|GO:0051745"
"PPA0574"	428	"CDD"	"cd05658"	"M18_DAP"	16	424	"0.0"	"-"	"-"	""
"PPA0575"	357	"CDD"	"cd01900"	"YchF"	5	271	"0.0"	"IPR041706"	"YchF, N-terminal"	"-"
"PPA0575"	357	"CDD"	"cd04867"	"TGS_YchF_OLA1"	271	355	"3.07061E-51"	"IPR013029"	"YchF, C-terminal domain"	"-"
"PPA0581"	229	"CDD"	"cd03141"	"GATase1_Hsp31_like"	4	225	"1.89348E-108"	"-"	"-"	""
"PPA0585"	301	"CDD"	"cd04235"	"AAK_CK"	2	300	"0.0"	"IPR003964"	"Carbamate kinase"	"GO:0006525|GO:0008804"
"PPA0588"	172	"CDD"	"cd04869"	"ACT_GcvR_2"	90	168	"1.95638E-29"	"-"	"-"	""
"PPA0590"	167	"CDD"	"cd03014"	"PRX_Atyp2cys"	19	163	"2.20052E-74"	"IPR002065"	"Thiol peroxidase Tpx"	"GO:0008379|GO:0016209"
"PPA0592"	411	"CDD"	"cd11354"	"AmyAc_bac_CMD_like"	10	363	"0.0"	"-"	"-"	""
"PPA0595"	636	"CDD"	"cd03677"	"MM_CoA_mutase_beta"	26	474	"0.0"	"-"	"-"	""
"PPA0596"	729	"CDD"	"cd02071"	"MM_CoA_mut_B12_BD"	599	715	"2.48766E-60"	"-"	"-"	""
"PPA0596"	729	"CDD"	"cd03679"	"MM_CoA_mutase_alpha_like"	24	557	"0.0"	"-"	"-"	""
"PPA0597"	348	"CDD"	"cd03114"	"MMAA-like"	13	265	"5.34487E-120"	"-"	"-"	""
"PPA0598"	490	"CDD"	"cd07496"	"Peptidases_S8_13"	187	463	"0.0"	"IPR034176"	"Peptidase MprA-like catalytic domain"	"-"
"PPA0599"	76	"CDD"	"cd00165"	"S4"	7	56	"4.66516E-12"	"-"	"-"	""
"PPA0600"	266	"CDD"	"cd03262"	"ABC_HisP_GlnQ"	15	240	"0.0"	"-"	"-"	""
"PPA0601"	182	"CDD"	"cd06261"	"TM_PBP2"	22	138	"4.51397E-10"	"IPR000515"	"ABC transporter type 1, transmembrane domain MetI-like"	"GO:0016020|GO:0055085"
"PPA0603"	332	"CDD"	"cd01392"	"HTH_LacI"	9	51	"6.13308E-16"	"IPR000843"	"LacI-type HTH domain"	"GO:0003677|GO:0006355"
"PPA0606"	296	"CDD"	"cd06261"	"TM_PBP2"	104	275	"2.12419E-16"	"IPR000515"	"ABC transporter type 1, transmembrane domain MetI-like"	"GO:0016020|GO:0055085"
"PPA0612"	254	"CDD"	"cd03255"	"ABC_MJ0796_LolCDE_FtsE"	34	249	"5.67662E-85"	"IPR017911"	"MacB, ATP-binding domain"	"-"
"PPA0616"	267	"CDD"	"cd03235"	"ABC_Metallic_Cations"	7	220	"1.57045E-95"	"-"	"-"	""
"PPA0620"	1152	"CDD"	"cd07125"	"ALDH_PutA-P5CDH"	428	963	"0.0"	"-"	"-"	""
"PPA0621"	349	"CDD"	"cd08235"	"iditol_2_DH_like"	5	345	"0.0"	"-"	"-"	""
"PPA0623"	167	"CDD"	"cd06223"	"PRTases_typeI"	25	138	"8.79646E-18"	"IPR000836"	"Phosphoribosyltransferase domain"	"-"
"PPA0624"	166	"CDD"	"cd04301"	"NAT_SF"	55	107	"1.00613E-7"	"-"	"-"	""
"PPA0625"	554	"CDD"	"cd05304"	"Rubrum_tdh"	40	405	"0.0"	"-"	"-"	""
"PPA0628"	367	"CDD"	"cd00609"	"AAT_like"	33	366	"9.5666E-63"	"-"	"-"	""
"PPA0630"	320	"CDD"	"cd04649"	"LbH_THP_succinylT_putative"	162	303	"2.26551E-82"	"-"	"-"	""
"PPA0639"	394	"CDD"	"cd03801"	"GT4_PimA-like"	3	387	"1.02145E-74"	"-"	"-"	""
"PPA0640"	408	"CDD"	"cd02508"	"ADP_Glucose_PP"	11	264	"5.6058E-85"	"-"	"-"	""
"PPA0640"	408	"CDD"	"cd04651"	"LbH_G1P_AT_C"	303	406	"7.53582E-39"	"-"	"-"	""
"PPA0641"	217	"CDD"	"cd02440"	"AdoMet_MTases"	64	165	"3.0891E-6"	"-"	"-"	""
"PPA0642"	293	"CDD"	"cd00950"	"DHDPS"	6	284	"2.46166E-109"	"IPR005263"	"4-hydroxy-tetrahydrodipicolinate synthase, DapA"	"GO:0008840|GO:0009089"
"PPA0645"	386	"CDD"	"cd02037"	"Mrp_NBP35"	116	339	"1.75001E-88"	"-"	"-"	""
"PPA0650"	498	"CDD"	"cd01087"	"Prolidase"	228	476	"8.66095E-90"	"-"	"-"	""
"PPA0657"	344	"CDD"	"cd06550"	"TM_ABC_iron-siderophores_like"	69	337	"5.47925E-40"	"-"	"-"	""
"PPA0658"	257	"CDD"	"cd03214"	"ABC_Iron-Siderophores_B12_Hemin"	3	221	"4.99826E-76"	"-"	"-"	""
"PPA0659"	206	"CDD"	"cd02980"	"TRX_Fd_family"	126	200	"2.27125E-18"	"-"	"-"	""
"PPA0661"	284	"CDD"	"cd01086"	"MetAP1"	45	281	"6.67517E-112"	"IPR002467"	"Peptidase M24A, methionine aminopeptidase, subfamily 1"	"GO:0006508|GO:0070006"
"PPA0666"	983	"CDD"	"cd05401"	"NT_GlnE_GlnD_like"	155	332	"2.84729E-27"	"-"	"-"	""
"PPA0666"	983	"CDD"	"cd05401"	"NT_GlnE_GlnD_like"	655	821	"2.23525E-23"	"-"	"-"	""
"PPA0669"	349	"CDD"	"cd06259"	"YdcF-like"	162	322	"2.60591E-37"	"IPR003848"	"Domain of unknown function DUF218"	"-"
"PPA0676"	241	"CDD"	"cd07377"	"WHTH_GntR"	2	65	"2.50888E-21"	"IPR000524"	"Transcription regulator HTH, GntR"	"GO:0003700|GO:0006355"
"PPA0677"	82	"CDD"	"cd00212"	"PTS_IIB_glc"	2	75	"6.70677E-20"	"IPR018113"	"Phosphotransferase system EIIB, cysteine phosphorylation site"	"GO:0008982"
"PPA0678"	76	"CDD"	"cd00212"	"PTS_IIB_glc"	3	75	"3.45767E-26"	"IPR018113"	"Phosphotransferase system EIIB, cysteine phosphorylation site"	"GO:0008982"
"PPA0682"	601	"CDD"	"cd03221"	"ABCF_EF-3"	287	483	"1.18749E-43"	"-"	"-"	""
"PPA0682"	601	"CDD"	"cd03221"	"ABCF_EF-3"	7	198	"1.21645E-48"	"-"	"-"	""
"PPA0684"	563	"CDD"	"cd15482"	"Sialidase_non-viral"	299	548	"2.06488E-31"	"-"	"-"	""
"PPA0685"	771	"CDD"	"cd15482"	"Sialidase_non-viral"	333	752	"4.62862E-80"	"-"	"-"	""
"PPA0686"	510	"CDD"	"cd17316"	"MFS_SV2_like"	31	467	"7.9492E-56"	"-"	"-"	""
"PPA0689"	330	"CDD"	"cd01335"	"Radical_SAM"	81	241	"4.06351E-9"	"-"	"-"	""
"PPA0690"	747	"CDD"	"cd02094"	"P-type_ATPase_Cu-like"	99	742	"0.0"	"-"	"-"	""
"PPA0690"	747	"CDD"	"cd00371"	"HMA"	21	79	"8.61142E-17"	"IPR006121"	"Heavy metal-associated domain, HMA"	"GO:0046872"
"PPA0692"	272	"CDD"	"cd16444"	"LipB"	32	235	"2.33285E-94"	"IPR000544"	"Octanoyltransferase"	"GO:0009249|GO:0033819"
"PPA0693"	457	"CDD"	"cd06849"	"lipoyl_domain"	3	76	"6.15562E-31"	"-"	"-"	""
"PPA0694"	524	"CDD"	"cd00433"	"Peptidase_M17"	45	519	"0.0"	"IPR011356"	"Peptidase M17, leucine aminopeptidase/peptidase B"	"GO:0005737|GO:0019538|GO:0030145|GO:0070006"
"PPA0701"	302	"CDD"	"cd13919"	"CuRO_HCO_II_like_5"	150	261	"2.84266E-47"	"-"	"-"	""
"PPA0702"	572	"CDD"	"cd01662"	"Ubiquinol_Oxidase_I"	32	530	"0.0"	"-"	"-"	""
"PPA0708"	486	"CDD"	"cd00381"	"IMPDH"	12	470	"4.70326E-86"	"IPR001093"	"IMP dehydrogenase/GMP reductase"	"GO:0003824"
"PPA0708"	486	"CDD"	"cd02205"	"CBS_pair_SF"	108	200	"2.92408E-9"	"-"	"-"	""
"PPA0709"	105	"CDD"	"cd06445"	"ATase"	8	76	"2.3697E-10"	"IPR014048"	"Methylated-DNA-[protein]-cysteine S-methyltransferase, DNA binding"	"GO:0003824|GO:0006281"
"PPA0711"	350	"CDD"	"cd03467"	"Rieske"	257	323	"1.15932E-23"	"-"	"-"	""
"PPA0713"	193	"CDD"	"cd00386"	"Heme_Cu_Oxidase_III_like"	36	192	"7.14272E-37"	"-"	"-"	""
"PPA0718"	170	"CDD"	"cd00317"	"cyclophilin"	6	166	"1.55923E-59"	"-"	"-"	""
"PPA0720"	633	"CDD"	"cd10434"	"GIY-YIG_UvrC_Cho"	264	349	"3.32287E-24"	"-"	"-"	""
"PPA0720"	633	"CDD"	"cd06127"	"DEDDh"	69	226	"5.66162E-46"	"-"	"-"	""
"PPA0722"	356	"CDD"	"cd00012"	"NBD_sugar-kinase_HSP70_actin"	4	156	"1.88368E-11"	"-"	"-"	""
"PPA0724"	251	"CDD"	"cd07989"	"LPLAT_AGPAT-like"	17	194	"1.62954E-43"	"-"	"-"	""
"PPA0729"	470	"CDD"	"cd14014"	"STKc_PknB_like"	14	283	"3.71261E-108"	"-"	"-"	""
"PPA0731"	132	"CDD"	"cd05141"	"Barstar_evA4336-like"	45	121	"3.58496E-23"	"-"	"-"	""
"PPA0732"	365	"CDD"	"cd00685"	"Trans_IPPS_HT"	39	312	"8.25273E-66"	"IPR000092"	"Polyprenyl synthetase"	"GO:0008299"
"PPA0737"	152	"CDD"	"cd06464"	"ACD_sHsps-like"	30	116	"1.87287E-28"	"-"	"-"	""
"PPA0739"	159	"CDD"	"cd02021"	"GntK"	12	139	"3.71376E-64"	"IPR006001"	"Carbohydrate kinase, thermoresistant glucokinase"	"GO:0005975|GO:0016301"
"PPA0742"	994	"CDD"	"cd00613"	"GDC-P"	493	891	"0.0"	"IPR020581"	"Glycine cleavage system P protein"	"GO:0004375|GO:0006546"
"PPA0743"	123	"CDD"	"cd06848"	"GCS_H"	8	102	"2.78607E-44"	"IPR033753"	"Glycine cleavage system H-protein/Simiate"	"-"
"PPA0748"	347	"CDD"	"cd00009"	"AAA"	71	200	"1.60234E-7"	"-"	"-"	""
"PPA0749"	160	"CDD"	"cd16320"	"MraZ_N"	21	77	"5.02567E-20"	"IPR035642"	"MraZ, N-terminal"	"-"
"PPA0749"	160	"CDD"	"cd16321"	"MraZ_C"	84	145	"2.32117E-25"	"IPR035644"	"MraZ, C-terminal"	"-"
"PPA0755"	356	"CDD"	"cd06852"	"GT_MraY"	39	347	"1.24945E-114"	"IPR003524"	"Phospho-N-acetylmuramoyl-pentapeptide transferase"	"GO:0008963|GO:0016020"
"PPA0758"	372	"CDD"	"cd03785"	"GT28_MurG"	4	357	"5.99998E-106"	"-"	"-"	""
"PPA0761"	417	"CDD"	"cd02201"	"FtsZ_type1"	22	312	"0.0"	"IPR000158"	"Cell division protein FtsZ"	"GO:0003924|GO:0005525"
"PPA0762"	261	"CDD"	"cd16833"	"YfiH"	63	255	"4.92602E-67"	"IPR003730"	"Multi-copper polyphenol oxidoreductase"	"-"
"PPA0768"	306	"CDD"	"cd00165"	"S4"	13	62	"7.91157E-6"	"-"	"-"	""
"PPA0768"	306	"CDD"	"cd02869"	"PseudoU_synth_RluA_like"	89	277	"5.33792E-72"	"IPR006145"	"Pseudouridine synthase, RsuA/RluA-like"	"GO:0001522|GO:0003723|GO:0009451|GO:0009982"
"PPA0773"	137	"CDD"	"cd03443"	"PaaI_thioesterase"	25	136	"1.38022E-25"	"-"	"-"	""
"PPA0774"	931	"CDD"	"cd08637"	"DNA_pol_A_pol_I_C"	550	926	"0.0"	"-"	"-"	""
"PPA0774"	931	"CDD"	"cd09859"	"PIN_53EXO"	50	212	"4.40404E-78"	"-"	"-"	""
"PPA0774"	931	"CDD"	"cd09898"	"H3TH_53EXO"	218	290	"1.60683E-22"	"IPR020045"	"DNA polymerase I-like, H3TH domain"	"GO:0003677|GO:0003824"
"PPA0774"	931	"CDD"	"cd06140"	"DNA_polA_I_Bacillus_like_exo"	368	539	"4.52619E-43"	"-"	"-"	""
"PPA0777"	258	"CDD"	"cd05829"	"Sortase_F"	105	254	"6.13549E-31"	"IPR042001"	"Sortase F"	"-"
"PPA0778"	498	"CDD"	"cd04465"	"S1_RPS1_repeat_ec2_hs2"	140	205	"4.09243E-29"	"-"	"-"	""
"PPA0778"	498	"CDD"	"cd05687"	"S1_RPS1_repeat_ec1_hs1"	53	122	"3.11788E-25"	"-"	"-"	""
"PPA0778"	498	"CDD"	"cd05688"	"S1_RPS1_repeat_ec3"	225	292	"1.39688E-31"	"-"	"-"	""
"PPA0781"	352	"CDD"	"cd06550"	"TM_ABC_iron-siderophores_like"	78	342	"8.1484E-46"	"-"	"-"	""
"PPA0782"	259	"CDD"	"cd03214"	"ABC_Iron-Siderophores_B12_Hemin"	3	214	"9.98924E-78"	"-"	"-"	""
"PPA0785"	231	"CDD"	"cd02022"	"DPCK"	29	210	"1.39896E-73"	"-"	"-"	""
"PPA0792"	265	"CDD"	"cd03214"	"ABC_Iron-Siderophores_B12_Hemin"	9	224	"9.31425E-89"	"-"	"-"	""
"PPA0793"	270	"CDD"	"cd06550"	"TM_ABC_iron-siderophores_like"	6	266	"5.58049E-45"	"-"	"-"	""
"PPA0803"	701	"CDD"	"cd17916"	"DEXHc_UvrB"	14	421	"0.0"	"-"	"-"	""
"PPA0803"	701	"CDD"	"cd18790"	"SF2_C_UvrB"	427	597	"9.99107E-116"	"-"	"-"	""
"PPA0805"	218	"CDD"	"cd06262"	"metallo-hydrolase-like_MBL-fold"	24	197	"5.05769E-30"	"-"	"-"	""
"PPA0807"	989	"CDD"	"cd03270"	"ABC_UvrA_I"	8	120	"2.80107E-75"	"-"	"-"	""
"PPA0807"	989	"CDD"	"cd03271"	"ABC_UvrA_II"	621	928	"0.0"	"-"	"-"	""
"PPA0807"	989	"CDD"	"cd03270"	"ABC_UvrA_I"	391	584	"1.02785E-70"	"-"	"-"	""
"PPA0808"	135	"CDD"	"cd03467"	"Rieske"	41	128	"1.03318E-21"	"-"	"-"	""
"PPA0809"	248	"CDD"	"cd07067"	"HP_PGM_like"	2	193	"5.28823E-25"	"IPR013078"	"Histidine phosphatase superfamily, clade-1"	"-"
"PPA0812"	686	"CDD"	"cd10434"	"GIY-YIG_UvrC_Cho"	28	109	"8.63248E-37"	"-"	"-"	""
"PPA0814"	322	"CDD"	"cd07187"	"YvcK_like"	13	312	"7.61235E-92"	"-"	"-"	""
"PPA0818"	259	"CDD"	"cd00311"	"TIM"	5	254	"5.72442E-118"	"IPR000652"	"Triosephosphate isomerase"	"GO:0004807"
"PPA0823"	142	"CDD"	"cd04413"	"NDPk_I"	9	138	"3.64996E-75"	"-"	"-"	""
"PPA0824"	650	"CDD"	"cd01335"	"Radical_SAM"	268	428	"3.9229E-7"	"-"	"-"	""
"PPA0826"	874	"CDD"	"cd04453"	"S1_RNase_E"	464	548	"1.59508E-32"	"-"	"-"	""
"PPA0832"	587	"CDD"	"cd17502"	"MFS_Azr1_MDR_like"	24	425	"2.34221E-95"	"-"	"-"	""
"PPA0833"	505	"CDD"	"cd01898"	"Obg"	163	332	"2.83641E-84"	"IPR031167"	"OBG-type guanine nucleotide-binding (G) domain"	"GO:0005525"
"PPA0834"	411	"CDD"	"cd04242"	"AAK_G5K_ProB"	33	278	"2.06873E-122"	"IPR041739"	"Glutamate-5-kinase domain"	"-"
"PPA0835"	415	"CDD"	"cd07079"	"ALDH_F18-19_ProA-GPR"	9	410	"0.0"	"IPR000965"	"GPR domain"	"GO:0004350|GO:0006561"
"PPA0836"	290	"CDD"	"cd02165"	"NMNAT"	87	278	"1.49665E-69"	"IPR005248"	"Nicotinate/nicotinamide nucleotide adenylyltransferase"	"GO:0009435|GO:0016779"
"PPA0838"	195	"CDD"	"cd07067"	"HP_PGM_like"	2	166	"9.91913E-21"	"IPR013078"	"Histidine phosphatase superfamily, clade-1"	"-"
"PPA0839"	494	"CDD"	"cd06583"	"PGRP"	241	365	"1.05042E-10"	"IPR002502"	"N-acetylmuramoyl-L-alanine amidase domain"	"GO:0008745|GO:0009253"
"PPA0851"	535	"CDD"	"cd01026"	"TOPRIM_OLD"	354	431	"3.94721E-15"	"IPR034139"	"OLD protein-like, TOPRIM domain"	"-"
"PPA0852"	562	"CDD"	"cd17932"	"DEXQc_UvrD"	18	246	"5.10103E-26"	"-"	"-"	""
"PPA0875"	462	"CDD"	"cd07377"	"WHTH_GntR"	24	88	"4.09119E-13"	"IPR000524"	"Transcription regulator HTH, GntR"	"GO:0003700|GO:0006355"
"PPA0875"	462	"CDD"	"cd00609"	"AAT_like"	111	457	"1.56244E-52"	"-"	"-"	""
"PPA0878"	314	"CDD"	"cd00093"	"HTH_XRE"	16	69	"0.00301802"	"IPR001387"	"Cro/C1-type helix-turn-helix domain"	"-"
"PPA0880"	217	"CDD"	"cd04726"	"KGPDC_HPS"	2	207	"2.26761E-81"	"IPR041710"	"HPS/KGPDC domain"	"-"
"PPA0883"	316	"CDD"	"cd01166"	"KdgK"	4	298	"5.86237E-97"	"-"	"-"	""
"PPA0884"	452	"CDD"	"cd17316"	"MFS_SV2_like"	28	431	"2.95772E-39"	"-"	"-"	""
"PPA0885"	342	"CDD"	"cd01170"	"THZ_kinase"	85	324	"1.81004E-103"	"IPR000417"	"Hydroxyethylthiazole kinase"	"GO:0004417|GO:0009228"
"PPA0886"	270	"CDD"	"cd00564"	"TMP_TenI"	64	263	"3.20609E-76"	"IPR022998"	"Thiamine phosphate synthase/TenI"	"-"
"PPA0887"	322	"CDD"	"cd05292"	"LDH_2"	14	321	"0.0"	"-"	"-"	""
"PPA0892"	352	"CDD"	"cd02432"	"Nodulin-21_like_1"	131	348	"1.32521E-104"	"-"	"-"	""
"PPA0893"	826	"CDD"	"cd07958"	"Anticodon_Ia_Leu_BEm"	630	742	"5.27841E-30"	"-"	"-"	""
"PPA0893"	826	"CDD"	"cd00812"	"LeuRS_core"	42	630	"2.98339E-103"	"-"	"-"	""
"PPA0895"	784	"CDD"	"cd07731"	"ComA-like_MBL-fold"	529	714	"5.82644E-31"	"IPR035681"	"ComA-like, MBL domain"	"-"
"PPA0901"	611	"CDD"	"cd16260"	"EF4_III"	302	377	"2.78935E-47"	"-"	"-"	""
"PPA0901"	611	"CDD"	"cd03699"	"EF4_II"	201	285	"1.36502E-39"	"-"	"-"	""
"PPA0901"	611	"CDD"	"cd01890"	"LepA"	15	192	"1.03923E-117"	"-"	"-"	""
"PPA0901"	611	"CDD"	"cd03709"	"lepA_C"	410	489	"5.16531E-45"	"IPR035654"	"Elongation factor 4, domain IV"	"-"
"PPA0902"	335	"CDD"	"cd03320"	"OSBS"	24	276	"1.95606E-74"	"-"	"-"	""
"PPA0903"	538	"CDD"	"cd07037"	"TPP_PYR_MenD"	39	203	"8.41077E-69"	"-"	"-"	""
"PPA0903"	538	"CDD"	"cd02009"	"TPP_SHCHC_synthase"	360	536	"1.67238E-52"	"-"	"-"	""
"PPA0907"	329	"CDD"	"cd06558"	"crotonase-like"	50	265	"9.67113E-47"	"-"	"-"	""
"PPA0911"	393	"CDD"	"cd01335"	"Radical_SAM"	27	220	"4.02597E-10"	"-"	"-"	""
"PPA0913"	253	"CDD"	"cd01637"	"IMPase_like"	11	240	"1.04976E-39"	"-"	"-"	""
"PPA0916"	392	"CDD"	"cd10747"	"DnaJ_C"	118	350	"3.87813E-53"	"-"	"-"	""
"PPA0916"	392	"CDD"	"cd10719"	"DnaJ_zf"	147	211	"4.06788E-27"	"IPR001305"	"Heat shock protein DnaJ, cysteine-rich domain"	"GO:0031072|GO:0051082"
"PPA0916"	392	"CDD"	"cd06257"	"DnaJ"	4	56	"1.60388E-24"	"IPR001623"	"DnaJ domain"	"-"
"PPA0917"	246	"CDD"	"cd18084"	"RsmE-like"	83	236	"6.17162E-49"	"-"	"-"	""
"PPA0918"	348	"CDD"	"cd08235"	"iditol_2_DH_like"	1	347	"0.0"	"-"	"-"	""
"PPA0919"	635	"CDD"	"cd00211"	"PTS_IIA_fru"	496	630	"1.88069E-36"	"IPR002178"	"PTS EIIA type-2 domain"	"-"
"PPA0919"	635	"CDD"	"cd05567"	"PTS_IIB_mannitol"	378	456	"2.38004E-24"	"IPR029503"	"Phosphotransferase system EIIB component, mannitol-specific"	"GO:0009401|GO:0022872"
"PPA0921"	716	"CDD"	"cd18018"	"DEXHc_RecQ4-like"	19	226	"4.62867E-83"	"-"	"-"	""
"PPA0921"	716	"CDD"	"cd06223"	"PRTases_typeI"	676	703	"0.00909225"	"IPR000836"	"Phosphoribosyltransferase domain"	"-"
"PPA0925"	449	"CDD"	"cd16917"	"HATPase_UhpB-NarQ-NarX-like"	349	432	"5.16717E-27"	"-"	"-"	""
"PPA0926"	218	"CDD"	"cd06170"	"LuxR_C_like"	150	204	"5.3276E-17"	"IPR000792"	"Transcription regulator LuxR, C-terminal"	"GO:0006355"
"PPA0926"	218	"CDD"	"cd17535"	"REC_NarL-like"	3	117	"2.38355E-45"	"-"	"-"	""
"PPA0938"	432	"CDD"	"cd04590"	"CBS_pair_CorC_HlyC_assoc"	204	323	"1.13358E-43"	"IPR044751"	"Ion transporter-like, CBS domain"	"-"
"PPA0939"	340	"CDD"	"cd04163"	"Era"	38	211	"4.65512E-70"	"IPR030388"	"Era-type guanine nucleotide-binding (G) domain"	"GO:0005525"
"PPA0941"	581	"CDD"	"cd07942"	"DRE_TIM_LeuA"	41	325	"0.0"	"IPR039371"	"LeuA, N-terminal catalytic TIM barrel domain"	"-"
"PPA0942"	268	"CDD"	"cd00475"	"Cis_IPPS"	33	251	"1.77066E-119"	"IPR001441"	"Decaprenyl diphosphate synthase-like"	"GO:0016765"
"PPA0947"	223	"CDD"	"cd06170"	"LuxR_C_like"	157	211	"1.16919E-10"	"IPR000792"	"Transcription regulator LuxR, C-terminal"	"GO:0006355"
"PPA0947"	223	"CDD"	"cd17535"	"REC_NarL-like"	6	121	"8.53029E-42"	"-"	"-"	""
"PPA0948"	137	"CDD"	"cd07153"	"Fur_like"	9	125	"1.22853E-40"	"IPR002481"	"Ferric-uptake regulator"	"GO:0003700|GO:0006355"
"PPA0949"	506	"CDD"	"cd00774"	"GlyRS-like_core"	53	379	"1.12695E-121"	"IPR033731"	"Glycyl-tRNA synthetase-like core domain"	"-"
"PPA0949"	506	"CDD"	"cd00858"	"GlyRS_anticodon"	379	499	"1.27308E-58"	"-"	"-"	""
"PPA0950"	256	"CDD"	"cd03498"	"SQR_TypeB_2_TM"	34	254	"1.54072E-62"	"-"	"-"	""
"PPA0953"	588	"CDD"	"cd02439"	"DMB-PRT_CobT"	285	582	"2.03046E-68"	"IPR003200"	"Nicotinate-nucleotide-dimethylbenzimidazole phosphoribosyltransferase"	"GO:0008939"
"PPA0954"	411	"CDD"	"cd02801"	"DUS_like_FMN"	51	285	"7.37831E-85"	"IPR035587"	"DUS-like, FMN-binding domain"	"-"
"PPA0955"	369	"CDD"	"cd00077"	"HDc"	108	234	"1.02087E-5"	"IPR003607"	"HD/PDEase domain"	"-"
"PPA0957"	623	"CDD"	"cd03364"	"TOPRIM_DnaG_primases"	265	335	"9.83285E-25"	"IPR034151"	"Bacterial DnaG primase, TOPRIM domain"	"-"
"PPA0958"	270	"CDD"	"cd06171"	"Sigma70_r4"	214	261	"5.6633E-7"	"-"	"-"	""
"PPA0960"	326	"CDD"	"cd00347"	"Flavin_utilizing_monoxygenases"	1	42	"3.55861E-4"	"-"	"-"	""
"PPA0961"	467	"CDD"	"cd03788"	"GT20_TPS"	11	465	"0.0"	"IPR001830"	"Glycosyl transferase, family 20"	"GO:0003824|GO:0005992"
"PPA0963"	311	"CDD"	"cd01561"	"CBS_like"	13	302	"7.6076E-122"	"-"	"-"	""
"PPA0964"	470	"CDD"	"cd00609"	"AAT_like"	109	459	"4.36558E-44"	"-"	"-"	""
"PPA0964"	470	"CDD"	"cd07377"	"WHTH_GntR"	19	84	"1.3786E-17"	"IPR000524"	"Transcription regulator HTH, GntR"	"GO:0003700|GO:0006355"
"PPA0965"	304	"CDD"	"cd04727"	"pdxS"	21	303	"0.0"	"IPR001852"	"Pyridoxal 5'-phosphate synthase subunit PdxS/SNZ"	"GO:0042819|GO:0042823"
"PPA0966"	201	"CDD"	"cd01749"	"GATase1_PB"	5	194	"1.93576E-95"	"IPR002161"	"Pyridoxal 5'-phosphate synthase subunit PdxT/SNO"	"GO:0004359|GO:0042819|GO:0042823"
"PPA0967"	423	"CDD"	"cd00610"	"OAT_like"	2	406	"7.53405E-103"	"IPR005814"	"Aminotransferase class-III"	"GO:0008483|GO:0030170"
"PPA0968"	234	"CDD"	"cd03109"	"DTBS"	9	202	"1.72502E-43"	"-"	"-"	""
"PPA0974"	372	"CDD"	"cd00009"	"AAA"	42	196	"6.08366E-10"	"-"	"-"	""
"PPA0978"	238	"CDD"	"cd00635"	"PLPDE_III_YBL036c_like"	3	228	"2.75173E-110"	"-"	"-"	""
"PPA0980"	423	"CDD"	"cd00834"	"KAS_I_II"	4	416	"0.0"	"IPR000794"	"Beta-ketoacyl synthase"	"-"
"PPA0983"	332	"CDD"	"cd00830"	"KAS_III"	12	329	"6.42983E-130"	"-"	"-"	""
"PPA0989"	917	"CDD"	"cd02017"	"TPP_E1_EcPDC_like"	89	479	"0.0"	"IPR035807"	"Pyruvate dehydrogenase E1 component, N-terminal"	"-"
"PPA0990"	302	"CDD"	"cd06542"	"GH18_EndoS-like"	41	294	"5.63396E-76"	"-"	"-"	""
"PPA0995"	191	"CDD"	"cd06223"	"PRTases_typeI"	21	159	"5.90854E-14"	"IPR000836"	"Phosphoribosyltransferase domain"	"-"
"PPA0998"	445	"CDD"	"cd01317"	"DHOase_IIa"	45	419	"0.0"	"IPR004722"	"Dihydroorotase"	"GO:0004151|GO:0006221|GO:0046872"
"PPA0999"	362	"CDD"	"cd01744"	"GATase1_CPSase"	173	350	"1.88154E-102"	"IPR035686"	"Carbamoyl-phosphate synthase small subunit, GATase1 domain"	"-"
"PPA1001"	264	"CDD"	"cd06218"	"DHOD_e_trans"	21	256	"2.7129E-100"	"-"	"-"	""
"PPA1002"	307	"CDD"	"cd04740"	"DHOD_1B_like"	5	300	"0.0"	"IPR033888"	"Dihydroorotate dehydrogenase, class 1B"	"GO:0004152|GO:0006221"
"PPA1003"	236	"CDD"	"cd04725"	"OMP_decarboxylase_like"	7	226	"9.31813E-81"	"-"	"-"	""
"PPA1004"	216	"CDD"	"cd06223"	"PRTases_typeI"	57	178	"2.69401E-17"	"IPR000836"	"Phosphoribosyltransferase domain"	"-"
"PPA1009"	91	"CDD"	"cd00093"	"HTH_XRE"	11	68	"2.63102E-6"	"IPR001387"	"Cro/C1-type helix-turn-helix domain"	"-"
"PPA1012"	348	"CDD"	"cd00983"	"recA"	6	330	"0.0"	"IPR013765"	"DNA recombination and repair protein RecA"	"GO:0003697|GO:0005524|GO:0006281"
"PPA1014"	542	"CDD"	"cd00077"	"HDc"	355	456	"8.90497E-10"	"IPR003607"	"HD/PDEase domain"	"-"
"PPA1014"	542	"CDD"	"cd00105"	"KH-I"	233	267	"0.00502766"	"-"	"-"	""
"PPA1015"	299	"CDD"	"cd09022"	"Aldose_epim_Ec_YihR"	20	298	"1.02901E-120"	"IPR037480"	"YihR-like"	"-"
"PPA1017"	494	"CDD"	"cd01335"	"Radical_SAM"	162	372	"4.39643E-15"	"-"	"-"	""
"PPA1021"	483	"CDD"	"cd01878"	"HflX"	222	424	"3.36452E-105"	"IPR030394"	"HflX-type guanine nucleotide-binding (G) domain"	"GO:0005525"
"PPA1023"	224	"CDD"	"cd06529"	"S24_LexA-like"	136	213	"2.22091E-9"	"IPR039418"	"LexA-like"	"-"
"PPA1026"	950	"CDD"	"cd02888"	"RNR_II_dimer"	122	691	"0.0"	"IPR013344"	"Ribonucleotide reductase, adenosylcobalamin-dependent"	"GO:0000166|GO:0004748|GO:0031419"
"PPA1028"	284	"CDD"	"cd00293"	"USP_Like"	163	283	"1.01212E-10"	"-"	"-"	""
"PPA1028"	284	"CDD"	"cd00293"	"USP_Like"	15	148	"3.86124E-14"	"-"	"-"	""
"PPA1029"	1361	"CDD"	"cd18791"	"SF2_C_RHA"	196	382	"2.51696E-61"	"-"	"-"	""
"PPA1030"	298	"CDD"	"cd03445"	"Thioesterase_II_repeat2"	22	108	"6.87003E-39"	"-"	"-"	""
"PPA1030"	298	"CDD"	"cd03444"	"Thioesterase_II_repeat1"	174	278	"5.622E-34"	"-"	"-"	""
"PPA1032"	506	"CDD"	"cd06171"	"Sigma70_r4"	435	493	"2.89192E-12"	"-"	"-"	""
"PPA1042"	698	"CDD"	"cd16928"	"HATPase_GyrB-like"	40	229	"1.2376E-80"	"-"	"-"	""
"PPA1042"	698	"CDD"	"cd00822"	"TopoII_Trans_DNA_gyrase"	252	444	"6.852E-47"	"-"	"-"	""
"PPA1045"	844	"CDD"	"cd00187"	"TOP4c"	37	480	"0.0"	"IPR002205"	"DNA topoisomerase, type IIA,  domain A"	"GO:0003677|GO:0003918|GO:0005524|GO:0006265"
"PPA1054"	152	"CDD"	"cd07557"	"trimeric_dUTPase"	24	115	"4.52711E-30"	"IPR033704"	"dUTPase, trimeric"	"-"
"PPA1056"	130	"CDD"	"cd04488"	"RecG_wedge_OBF"	57	128	"6.06E-13"	"-"	"-"	""
"PPA1060"	393	"CDD"	"cd02440"	"AdoMet_MTases"	258	324	"1.74649E-4"	"-"	"-"	""
"PPA1061"	888	"CDD"	"cd01580"	"AcnA_IRP_Swivel"	661	833	"1.59306E-110"	"IPR044137"	"Aconitase A, swivel domain"	"-"
"PPA1061"	888	"CDD"	"cd01586"	"AcnA_IRP"	80	557	"0.0"	"-"	"-"	""
"PPA1062"	634	"CDD"	"cd02007"	"TPP_DXS"	50	295	"7.07221E-94"	"IPR005477"	"Deoxyxylulose-5-phosphate synthase"	"GO:0008661|GO:0016114"
"PPA1062"	634	"CDD"	"cd07033"	"TPP_PYR_DXS_TK_like"	330	485	"4.3113E-53"	"-"	"-"	""
"PPA1063"	412	"CDD"	"cd06142"	"RNaseD_exo"	23	201	"4.81156E-60"	"-"	"-"	""
"PPA1072"	353	"CDD"	"cd05283"	"CAD1"	7	343	"0.0"	"-"	"-"	""
"PPA1073"	446	"CDD"	"cd16917"	"HATPase_UhpB-NarQ-NarX-like"	342	429	"5.57956E-21"	"-"	"-"	""
"PPA1076"	684	"CDD"	"cd01667"	"TGS_ThrRS"	3	65	"1.10225E-9"	"-"	"-"	""
"PPA1076"	684	"CDD"	"cd00771"	"ThrRS_core"	256	572	"0.0"	"IPR033728"	"Threonine-tRNA ligase catalytic core domain"	"-"
"PPA1076"	684	"CDD"	"cd00860"	"ThrRS_anticodon"	572	661	"2.61024E-28"	"-"	"-"	""
"PPA1077"	405	"CDD"	"cd01275"	"FHIT"	266	392	"1.34733E-53"	"IPR039383"	"FHIT family"	"-"
"PPA1083"	134	"CDD"	"cd06848"	"GCS_H"	15	107	"2.52755E-27"	"IPR033753"	"Glycine cleavage system H-protein/Simiate"	"-"
"PPA1084"	192	"CDD"	"cd00060"	"FHA"	88	178	"1.05835E-18"	"IPR000253"	"Forkhead-associated (FHA) domain"	"GO:0005515"
"PPA1085"	237	"CDD"	"cd00592"	"HTH_MerR-like"	7	91	"6.19842E-22"	"-"	"-"	""
"PPA1093"	233	"CDD"	"cd09008"	"MTAN"	2	225	"1.00743E-85"	"-"	"-"	""
"PPA1100"	258	"CDD"	"cd00317"	"cyclophilin"	107	252	"2.3508E-29"	"-"	"-"	""
"PPA1104"	152	"CDD"	"cd07249"	"MMCE"	12	142	"5.70073E-43"	"IPR017515"	"Methylmalonyl-CoA epimerase"	"-"
"PPA1105"	543	"CDD"	"cd05801"	"PGM_like3"	19	537	"0.0"	"IPR005852"	"Phosphoglucomutase, alpha-D-glucose specific"	"GO:0004614|GO:0005975"
"PPA1106"	313	"CDD"	"cd02956"	"ybbN"	52	147	"1.63386E-34"	"-"	"-"	""
"PPA1109"	681	"CDD"	"cd00212"	"PTS_IIB_glc"	5	78	"1.77675E-27"	"IPR018113"	"Phosphotransferase system EIIB, cysteine phosphorylation site"	"GO:0008982"
"PPA1110"	264	"CDD"	"cd02883"	"Nudix_Hydrolase"	124	245	"3.29317E-19"	"-"	"-"	""
"PPA1111"	644	"CDD"	"cd11322"	"AmyAc_Glg_BE"	121	514	"0.0"	"-"	"-"	""
"PPA1111"	644	"CDD"	"cd02855"	"E_set_GBE_prok_N"	24	129	"9.01668E-42"	"IPR044143"	"Glycogen branching enzyme GlgB, N-terminal Early set domain"	"-"
"PPA1113"	615	"CDD"	"cd11334"	"AmyAc_TreS"	74	519	"0.0"	"-"	"-"	""
"PPA1114"	708	"CDD"	"cd11344"	"AmyAc_GlgE_like"	254	610	"0.0"	"-"	"-"	""
"PPA1115"	706	"CDD"	"cd02856"	"E_set_GDE_Isoamylase_N"	14	139	"1.57873E-45"	"IPR044505"	"Glycogen debranching enzyme GlgX/isoamylase, N-terminal Early set domain"	"-"
"PPA1115"	706	"CDD"	"cd11326"	"AmyAc_Glg_debranch"	139	569	"0.0"	"-"	"-"	""
"PPA1117"	366	"CDD"	"cd01998"	"tRNA_Me_trans"	2	352	"0.0"	"IPR004506"	"tRNA-specific 2-thiouridylase"	"GO:0008033|GO:0016740"
"PPA1118"	328	"CDD"	"cd03310"	"CIMS_like"	2	318	"4.88039E-70"	"-"	"-"	""
"PPA1121"	249	"CDD"	"cd04887"	"ACT_MalLac-Enz"	47	120	"6.10974E-33"	"-"	"-"	""
"PPA1130"	266	"CDD"	"cd00331"	"IGPS"	52	261	"3.12436E-104"	"IPR013798"	"Indole-3-glycerol phosphate synthase domain"	"GO:0004425"
"PPA1131"	418	"CDD"	"cd06446"	"Trp-synth_B"	28	399	"0.0"	"IPR006654"	"Tryptophan synthase, beta chain"	"GO:0004834|GO:0006568"
"PPA1134"	1505	"CDD"	"cd00982"	"gltB_C"	1229	1475	"2.30276E-119"	"IPR002489"	"Glutamate synthase, alpha subunit, C-terminal"	"GO:0016491"
"PPA1134"	1505	"CDD"	"cd02808"	"GltS_FMN"	810	1176	"0.0"	"IPR002932"	"Glutamate synthase domain"	"GO:0006537|GO:0015930|GO:0016638"
"PPA1134"	1505	"CDD"	"cd00713"	"GltS"	21	425	"0.0"	"-"	"-"	""
"PPA1140"	290	"CDD"	"cd05013"	"SIS_RpiR"	124	261	"1.85802E-42"	"IPR035472"	"RpiR-like, SIS domain"	"-"
"PPA1141"	304	"CDD"	"cd05007"	"SIS_Etherase"	16	272	"8.55243E-130"	"IPR005488"	"N-acetylmuramic acid 6-phosphate etherase MurQ"	"GO:0016835|GO:0046348"
"PPA1142"	519	"CDD"	"cd00212"	"PTS_IIB_glc"	20	94	"4.2267E-23"	"IPR018113"	"Phosphotransferase system EIIB, cysteine phosphorylation site"	"GO:0008982"
"PPA1147"	103	"CDD"	"cd05564"	"PTS_IIB_chitobiose_lichenan"	3	100	"5.6686E-37"	"-"	"-"	""
"PPA1149"	106	"CDD"	"cd00215"	"PTS_IIA_lac"	4	96	"8.40709E-29"	"IPR003188"	"Phosphotransferase system, lactose/cellobiose-type IIA subunit"	"GO:0009401"
"PPA1150"	1220	"CDD"	"cd12113"	"PHP_PolIIIA_DnaE3"	35	330	"0.0"	"-"	"-"	""
"PPA1150"	1220	"CDD"	"cd04485"	"DnaE_OBF"	1059	1144	"6.93418E-24"	"-"	"-"	""
"PPA1152"	439	"CDD"	"cd06572"	"Histidinol_dh"	29	429	"0.0"	"IPR012131"	"Histidinol dehydrogenase"	"GO:0016616|GO:0046872|GO:0051287"
"PPA1153"	388	"CDD"	"cd00609"	"AAT_like"	47	362	"4.89424E-47"	"-"	"-"	""
"PPA1154"	206	"CDD"	"cd07914"	"IGPD"	6	204	"5.50222E-99"	"IPR000807"	"Imidazoleglycerol-phosphate dehydratase"	"GO:0000105|GO:0004424"
"PPA1155"	217	"CDD"	"cd01748"	"GATase1_IGP_Synthase"	19	213	"1.06478E-93"	"IPR010139"	"Imidazole glycerol phosphate synthase, subunit H"	"GO:0000105|GO:0016763"
"PPA1156"	255	"CDD"	"cd04732"	"HisA"	7	237	"1.87286E-97"	"IPR023016"	"HisA/PriA, bacterial-type"	"GO:0000105|GO:0003949"
"PPA1158"	196	"CDD"	"cd16962"	"RuvC"	15	167	"2.17602E-35"	"IPR002176"	"Crossover junction endodeoxyribonuclease RuvC"	"GO:0004520|GO:0006281|GO:0006310"
"PPA1159"	201	"CDD"	"cd14332"	"UBA_RuvA_C"	150	197	"1.6101E-7"	"IPR011114"	"Holliday junction DNA helicase RuvA, C-terminal"	"GO:0005524|GO:0006281|GO:0006310|GO:0009378|GO:0009379"
"PPA1160"	342	"CDD"	"cd00009"	"AAA"	32	183	"4.7733E-14"	"-"	"-"	""
"PPA1164"	177	"CDD"	"cd06223"	"PRTases_typeI"	39	162	"1.47983E-23"	"IPR000836"	"Phosphoribosyltransferase domain"	"-"
"PPA1166"	774	"CDD"	"cd00077"	"HDc"	92	213	"1.72416E-10"	"IPR003607"	"HD/PDEase domain"	"-"
"PPA1166"	774	"CDD"	"cd05399"	"NT_Rel-Spo_like"	261	380	"5.76423E-42"	"IPR007685"	"RelA/SpoT"	"GO:0015969"
"PPA1166"	774	"CDD"	"cd01668"	"TGS_RSH"	439	497	"2.51225E-35"	"IPR033655"	"RelA/SpoT, TGS domain"	"-"
"PPA1166"	774	"CDD"	"cd04876"	"ACT_RelA-SpoT"	701	771	"8.18844E-20"	"-"	"-"	""
"PPA1168"	223	"CDD"	"cd06262"	"metallo-hydrolase-like_MBL-fold"	5	204	"5.21897E-56"	"-"	"-"	""
"PPA1169"	454	"CDD"	"cd00773"	"HisRS-like_core"	18	340	"1.76093E-68"	"IPR041715"	"Class II Histidinyl-tRNA synthetase (HisRS)-like catalytic core domain"	"-"
"PPA1175"	606	"CDD"	"cd04317"	"EcAspRS_like_N"	3	134	"4.03101E-73"	"-"	"-"	""
"PPA1175"	606	"CDD"	"cd00777"	"AspRS_core"	140	562	"0.0"	"-"	"-"	""
"PPA1176"	461	"CDD"	"cd18139"	"HLD_clamp_RarA"	180	256	"4.4102E-10"	"-"	"-"	""
"PPA1176"	461	"CDD"	"cd00009"	"AAA"	44	165	"3.08883E-12"	"-"	"-"	""
"PPA1178"	892	"CDD"	"cd00673"	"AlaRS_core"	3	252	"2.57739E-103"	"-"	"-"	""
"PPA1179"	160	"CDD"	"cd16964"	"YqgF"	16	145	"3.84829E-45"	"IPR005227"	"Putative pre-16S rRNA nuclease"	"GO:0006364"
"PPA1180"	369	"CDD"	"cd08010"	"MltG_like"	106	355	"1.29813E-87"	"IPR003770"	"Endolytic murein transglycosylase"	"-"
"PPA1181"	268	"CDD"	"cd01065"	"NAD_bind_Shikimate_DH"	97	246	"2.61307E-36"	"-"	"-"	""
"PPA1182"	398	"CDD"	"cd07304"	"Chorismate_synthase"	2	365	"0.0"	"IPR000453"	"Chorismate synthase"	"GO:0004107|GO:0009073"
"PPA1183"	167	"CDD"	"cd00464"	"SK"	2	153	"2.77529E-54"	"IPR000623"	"Shikimate kinase/Threonine synthase-like 1"	"-"
"PPA1184"	361	"CDD"	"cd08195"	"DHQS"	11	355	"0.0"	"-"	"-"	""
"PPA1185"	413	"CDD"	"cd07381"	"MPP_CapA"	86	325	"2.8547E-54"	"IPR019079"	"Capsule synthesis protein, CapA"	"-"
"PPA1187"	244	"CDD"	"cd05794"	"S1_EF-P_repeat_2"	185	240	"2.36491E-27"	"IPR015365"	"Elongation factor P, C-terminal"	"GO:0005737|GO:0043043"
"PPA1187"	244	"CDD"	"cd04470"	"S1_EF-P_repeat_1"	122	182	"5.9071E-29"	"IPR001059"	"Translation elongation factor P/YeiP, central"	"GO:0003746|GO:0006414"
"PPA1190"	199	"CDD"	"cd00071"	"GMPK"	23	193	"3.64073E-53"	"-"	"-"	""
"PPA1193"	397	"CDD"	"cd18079"	"S-AdoMet_synt"	5	386	"0.0"	"-"	"-"	""
"PPA1195"	315	"CDD"	"cd08646"	"FMT_core_Met-tRNA-FMT_N"	1	204	"2.52331E-93"	"IPR041711"	"Methionyl-tRNA formyltransferase, N-terminal domain"	"GO:0004479"
"PPA1195"	315	"CDD"	"cd08704"	"Met_tRNA_FMT_C"	217	299	"2.78136E-21"	"IPR044135"	"Methionyl-tRNA formyltransferase, C-terminal domain"	"-"
"PPA1196"	458	"CDD"	"cd02440"	"AdoMet_MTases"	264	383	"2.81066E-5"	"-"	"-"	""
"PPA1199"	223	"CDD"	"cd00429"	"RPE"	5	212	"4.0966E-106"	"IPR000056"	"Ribulose-phosphate 3-epimerase-like"	"GO:0005975|GO:0016857"
"PPA1201"	669	"CDD"	"cd02440"	"AdoMet_MTases"	468	566	"5.93037E-4"	"-"	"-"	""
"PPA1201"	669	"CDD"	"cd07505"	"HAD_BPGM-like"	140	310	"6.26861E-33"	"-"	"-"	""
"PPA1206"	278	"CDD"	"cd01906"	"proteasome_protease_HslV"	52	227	"1.30324E-25"	"-"	"-"	""
"PPA1208"	423	"CDD"	"cd02116"	"ACT"	357	415	"1.0673E-5"	"-"	"-"	""
"PPA1209"	223	"CDD"	"cd02020"	"CMPK"	7	203	"1.92059E-42"	"IPR011994"	"Cytidylate kinase domain"	"GO:0004127|GO:0005524|GO:0006139"
"PPA1210"	456	"CDD"	"cd01894"	"EngA1"	25	181	"1.59342E-81"	"-"	"-"	""
"PPA1210"	456	"CDD"	"cd01895"	"EngA2"	193	363	"2.76492E-79"	"-"	"-"	""
"PPA1211"	304	"CDD"	"cd01174"	"ribokinase"	2	291	"0.0"	"IPR011877"	"Ribokinase"	"GO:0004747|GO:0006014"
"PPA1212"	357	"CDD"	"cd09269"	"deoxyribose_mutarotase"	50	344	"0.0"	"-"	"-"	""
"PPA1213"	477	"CDD"	"cd17394"	"MFS_FucP_like"	46	452	"7.7466E-104"	"-"	"-"	""
"PPA1214"	217	"CDD"	"cd00959"	"DeoC"	3	205	"2.14889E-95"	"IPR011343"	"Deoxyribose-phosphate aldolase"	"GO:0004139|GO:0005737|GO:0009264"
"PPA1218"	419	"CDD"	"cd02440"	"AdoMet_MTases"	229	294	"1.79104E-5"	"-"	"-"	""
"PPA1220"	163	"CDD"	"cd00090"	"HTH_ARSR"	19	65	"1.05184E-6"	"IPR011991"	"ArsR-like helix-turn-helix domain"	"-"
"PPA1221"	529	"CDD"	"cd07571"	"ALP_N-acyl_transferase"	215	496	"6.98627E-62"	"IPR004563"	"Apolipoprotein N-acyltransferase"	"GO:0016021|GO:0016410|GO:0042158"
"PPA1222"	272	"CDD"	"cd06442"	"DPM1_like"	15	233	"2.30806E-94"	"IPR039528"	"DPM1-like"	"GO:0004582"
"PPA1224"	241	"CDD"	"cd08561"	"GDPD_cytoplasmic_ScUgpQ2_like"	8	226	"3.17151E-79"	"-"	"-"	""
"PPA1225"	292	"CDD"	"cd01173"	"pyridoxal_pyridoxamine_kinase"	4	255	"3.59998E-94"	"IPR004625"	"Pyridoxine kinase"	"GO:0008478|GO:0009443"
"PPA1226"	548	"CDD"	"cd00093"	"HTH_XRE"	50	104	"2.35937E-13"	"IPR001387"	"Cro/C1-type helix-turn-helix domain"	"-"
"PPA1229"	139	"CDD"	"cd00090"	"HTH_ARSR"	23	95	"2.70263E-16"	"IPR011991"	"ArsR-like helix-turn-helix domain"	"-"
"PPA1233"	398	"CDD"	"cd17474"	"MFS_YfmO_like"	10	382	"1.93107E-77"	"-"	"-"	""
"PPA1235"	278	"CDD"	"cd10031"	"UDG-F5_TTUDGB_like"	61	274	"4.11477E-117"	"IPR044147"	"Uracil DNA glycosylase family 5"	"GO:0004844|GO:0006284|GO:0033958|GO:0051536"
"PPA1238"	146	"CDD"	"cd12152"	"F1-ATPase_delta"	6	124	"2.5402E-26"	"IPR001469"	"ATP synthase, F1 complex, delta/epsilon subunit"	"GO:0015986|GO:0045261|GO:0046933"
"PPA1239"	484	"CDD"	"cd18115"	"ATP-synt_F1_beta_N"	24	94	"1.33748E-29"	"-"	"-"	""
"PPA1239"	484	"CDD"	"cd01133"	"F1-ATPase_beta"	93	367	"0.0"	"-"	"-"	""
"PPA1239"	484	"CDD"	"cd18110"	"ATP-synt_F1_beta_C"	370	475	"3.83288E-60"	"-"	"-"	""
"PPA1240"	314	"CDD"	"cd12151"	"F1-ATPase_gamma"	4	304	"2.96913E-105"	"IPR000131"	"ATP synthase, F1 complex, gamma subunit"	"GO:0015986|GO:0045261|GO:0046933"
"PPA1241"	545	"CDD"	"cd18116"	"ATP-synt_F1_alpha_N"	31	96	"5.79314E-27"	"-"	"-"	""
"PPA1241"	545	"CDD"	"cd01132"	"F1_ATPase_alpha"	98	380	"0.0"	"IPR033732"	"ATP synthase, F1 complex, alpha subunit nucleotide-binding domain"	"GO:0032559"
"PPA1241"	545	"CDD"	"cd18113"	"ATP-synt_F1_alpha_C"	388	492	"1.01188E-53"	"IPR000793"	"ATP synthase, alpha subunit, C-terminal"	"GO:0015986"
"PPA1243"	184	"CDD"	"cd06503"	"ATP-synt_Fo_b"	19	149	"2.06906E-32"	"-"	"-"	""
"PPA1244"	73	"CDD"	"cd18121"	"ATP-synt_Fo_c"	13	71	"4.33501E-13"	"-"	"-"	""
"PPA1245"	258	"CDD"	"cd00310"	"ATP-synt_Fo_a_6"	85	251	"3.19202E-41"	"-"	"-"	""
"PPA1248"	367	"CDD"	"cd06853"	"GT_WecA_like"	38	310	"8.99873E-69"	"-"	"-"	""
"PPA1250"	291	"CDD"	"cd02440"	"AdoMet_MTases"	121	192	"1.75673E-10"	"-"	"-"	""
"PPA1254"	633	"CDD"	"cd01128"	"rho_factor"	365	613	"0.0"	"IPR041703"	"Transcription termination factor Rho, ATP binding domain"	"-"
"PPA1257"	356	"CDD"	"cd01563"	"Thr-synth_1"	11	326	"0.0"	"-"	"-"	""
"PPA1258"	441	"CDD"	"cd04881"	"ACT_HSDH-Hom"	356	439	"4.68868E-24"	"-"	"-"	""
"PPA1259"	476	"CDD"	"cd06828"	"PLPDE_III_DapDC"	62	443	"0.0"	"IPR002986"	"Diaminopimelate decarboxylase, LysA"	"GO:0008836|GO:0009089"
"PPA1261"	1236	"CDD"	"cd02016"	"TPP_E1_OGDC_like"	512	775	"0.0"	"-"	"-"	""
"PPA1266"	225	"CDD"	"cd06171"	"Sigma70_r4"	135	188	"8.14406E-15"	"-"	"-"	""
"PPA1268"	429	"CDD"	"cd01556"	"EPSP_synthase"	17	425	"2.65953E-125"	"IPR006264"	"3-phosphoshikimate 1-carboxyvinyltransferase"	"GO:0003866|GO:0009073"
"PPA1269"	333	"CDD"	"cd01854"	"YjeQ_EngC"	123	327	"1.04661E-93"	"IPR004881"	"Ribosome biogenesis GTPase RsgA"	"GO:0003924|GO:0005525"
"PPA1272"	417	"CDD"	"cd12176"	"PGDH_3"	22	326	"0.0"	"-"	"-"	""
"PPA1272"	417	"CDD"	"cd04901"	"ACT_3PGDH"	350	417	"1.68706E-22"	"-"	"-"	""
"PPA1273"	261	"CDD"	"cd03257"	"ABC_NikE_OppD_transporters"	5	230	"1.55526E-107"	"-"	"-"	""
"PPA1274"	269	"CDD"	"cd03257"	"ABC_NikE_OppD_transporters"	3	233	"4.83622E-102"	"-"	"-"	""
"PPA1275"	270	"CDD"	"cd06261"	"TM_PBP2"	70	245	"4.68538E-11"	"IPR000515"	"ABC transporter type 1, transmembrane domain MetI-like"	"GO:0016020|GO:0055085"
"PPA1276"	325	"CDD"	"cd06261"	"TM_PBP2"	97	277	"1.28263E-10"	"IPR000515"	"ABC transporter type 1, transmembrane domain MetI-like"	"GO:0016020|GO:0055085"
"PPA1277"	495	"CDD"	"cd08494"	"PBP2_NikA_DppA_OppA_like_6"	31	477	"0.0"	"-"	"-"	""
"PPA1280"	221	"CDD"	"cd02042"	"ParAB_family"	30	174	"1.12852E-31"	"-"	"-"	""
"PPA1288"	1098	"CDD"	"cd05930"	"A_NRPS"	48	539	"0.0"	"-"	"-"	""
"PPA1290"	333	"CDD"	"cd01561"	"CBS_like"	16	299	"4.97646E-92"	"-"	"-"	""
"PPA1308"	196	"CDD"	"cd00293"	"USP_Like"	41	183	"7.01105E-9"	"-"	"-"	""
"PPA1310"	392	"CDD"	"cd00987"	"PDZ_serine_protease"	180	250	"2.05405E-11"	"-"	"-"	""
"PPA1312"	222	"CDD"	"cd07344"	"M48_yhfN_like"	107	195	"4.62074E-25"	"-"	"-"	""
"PPA1314"	706	"CDD"	"cd17932"	"DEXQc_UvrD"	26	301	"2.80768E-55"	"-"	"-"	""
"PPA1314"	706	"CDD"	"cd18807"	"SF1_C_UvrD"	303	562	"1.72433E-21"	"-"	"-"	""
"PPA1316"	1078	"CDD"	"cd17932"	"DEXQc_UvrD"	14	319	"7.72385E-33"	"-"	"-"	""
"PPA1317"	628	"CDD"	"cd17933"	"DEXSc_RecD-like"	212	360	"1.43201E-30"	"-"	"-"	""
"PPA1317"	628	"CDD"	"cd18809"	"SF1_C_RecD"	553	599	"9.29746E-19"	"-"	"-"	""
"PPA1318"	250	"CDD"	"cd03429"	"NADH_pyrophosphatase"	104	234	"2.0493E-59"	"-"	"-"	""
"PPA1319"	1072	"CDD"	"cd17932"	"DEXQc_UvrD"	24	348	"6.02735E-46"	"-"	"-"	""
"PPA1322"	258	"CDD"	"cd00143"	"PP2Cc"	32	227	"4.51238E-23"	"IPR001932"	"PPM-type phosphatase domain"	"GO:0004722"
"PPA1325"	561	"CDD"	"cd00268"	"DEADc"	64	265	"2.6983E-93"	"-"	"-"	""
"PPA1325"	561	"CDD"	"cd18787"	"SF2_C_DEAD"	279	407	"3.90665E-57"	"-"	"-"	""
"PPA1327"	363	"CDD"	"cd00806"	"TrpRS_core"	37	313	"3.21178E-90"	"IPR002306"	"Tryptophan-tRNA ligase"	"GO:0000166|GO:0004830|GO:0005524|GO:0006436"
"PPA1328"	286	"CDD"	"cd07438"	"PHP_HisPPase_AMP"	3	251	"1.48402E-53"	"-"	"-"	""
"PPA1333"	901	"CDD"	"cd18803"	"SF2_C_secA"	400	584	"1.45958E-78"	"IPR044722"	"SecA,  C-terminal helicase domain"	"-"
"PPA1333"	901	"CDD"	"cd17928"	"DEXDc_SecA"	40	394	"1.58102E-126"	"-"	"-"	""
"PPA1334"	222	"CDD"	"cd00552"	"RaiA"	21	115	"1.86073E-22"	"IPR003489"	"Ribosome hibernation promoting factor/RaiA"	"GO:0044238"
"PPA1335"	215	"CDD"	"cd06223"	"PRTases_typeI"	171	208	"1.90181E-5"	"IPR000836"	"Phosphoribosyltransferase domain"	"-"
"PPA1337"	582	"CDD"	"cd06225"	"HAMP"	281	323	"1.50003E-8"	"-"	"-"	""
"PPA1337"	582	"CDD"	"cd00075"	"HATPase"	451	551	"6.10276E-26"	"-"	"-"	""
"PPA1337"	582	"CDD"	"cd00082"	"HisKA"	336	381	"9.06479E-9"	"IPR003661"	"Signal transduction histidine kinase, dimerisation/phosphoacceptor domain"	"GO:0000155|GO:0007165"
"PPA1338"	236	"CDD"	"cd00383"	"trans_reg_C"	140	229	"4.25083E-34"	"IPR001867"	"OmpR/PhoB-type DNA-binding domain"	"GO:0000160|GO:0003677|GO:0006355"
"PPA1338"	236	"CDD"	"cd17626"	"REC_OmpR_MtrA-like"	10	122	"5.70355E-53"	"-"	"-"	""
"PPA1346"	486	"CDD"	"cd01359"	"Argininosuccinate_lyase"	40	474	"0.0"	"IPR009049"	"Argininosuccinate lyase"	"GO:0004056|GO:0042450"
"PPA1347"	398	"CDD"	"cd00610"	"OAT_like"	27	389	"0.0"	"IPR005814"	"Aminotransferase class-III"	"GO:0008483|GO:0030170"
"PPA1348"	310	"CDD"	"cd04250"	"AAK_NAGK-C"	22	303	"0.0"	"IPR041727"	"N-Acetyl-L-glutamate kinase, cyclic"	"-"
"PPA1351"	160	"CDD"	"cd09294"	"SmpB"	13	129	"2.06939E-65"	"IPR000037"	"SsrA-binding protein"	"GO:0003723"
"PPA1357"	320	"CDD"	"cd02194"	"ThiL"	11	291	"1.0372E-92"	"IPR006283"	"Thiamine-monophosphate kinase"	"GO:0009030|GO:0009228"
"PPA1360"	258	"CDD"	"cd07989"	"LPLAT_AGPAT-like"	27	219	"1.54873E-46"	"-"	"-"	""
"PPA1368"	363	"CDD"	"cd01557"	"BCAT_beta_family"	60	350	"3.30213E-118"	"IPR033939"	"Branched-chain aminotransferase"	"GO:0004084|GO:0009081"
"PPA1376"	251	"CDD"	"cd04731"	"HisF"	3	244	"1.51348E-125"	"IPR004651"	"Histidine biosynthesis, HisF"	"GO:0000105|GO:0000107"
"PPA1377"	917	"CDD"	"cd18795"	"SF2_C_Ski2"	274	446	"1.08652E-41"	"-"	"-"	""
"PPA1385"	245	"CDD"	"cd02870"	"PseudoU_synth_RsuA_like"	69	215	"3.41203E-67"	"-"	"-"	""
"PPA1385"	245	"CDD"	"cd00165"	"S4"	7	73	"1.30048E-10"	"-"	"-"	""
"PPA1387"	315	"CDD"	"cd02042"	"ParAB_family"	62	259	"4.85929E-50"	"-"	"-"	""
"PPA1388"	306	"CDD"	"cd00798"	"INT_XerDC_C"	118	294	"1.06081E-81"	"-"	"-"	""
"PPA1389"	219	"CDD"	"cd03424"	"ADPRase_NUDT5"	48	188	"3.29013E-40"	"-"	"-"	""
"PPA1390"	562	"CDD"	"cd03113"	"CTPS_N"	9	267	"0.0"	"IPR017456"	"CTP synthase, N-terminal"	"GO:0003883|GO:0006221"
"PPA1390"	562	"CDD"	"cd01746"	"GATase1_CTP_Synthase"	296	537	"0.0"	"IPR033828"	"CTP synthase GATase domain"	"GO:0003883|GO:0006241"
"PPA1394"	559	"CDD"	"cd03241"	"ABC_RecN"	408	537	"3.33048E-51"	"-"	"-"	""
"PPA1396"	258	"CDD"	"cd00165"	"S4"	14	61	"2.93448E-4"	"-"	"-"	""
"PPA1396"	258	"CDD"	"cd02440"	"AdoMet_MTases"	90	189	"2.20469E-5"	"-"	"-"	""
"PPA1399"	316	"CDD"	"cd03225"	"ABC_cobalt_CbiO_domain1"	69	280	"1.86915E-58"	"IPR015856"	"ABC transporter, CbiO/EcfA subunit"	"GO:0005524|GO:0016020|GO:0055085"
"PPA1404"	418	"CDD"	"cd00805"	"TyrRS_core"	32	303	"1.84577E-106"	"IPR002307"	"Tyrosine-tRNA ligase"	"GO:0000166|GO:0004831|GO:0005524|GO:0006437"
"PPA1407"	388	"CDD"	"cd01335"	"Radical_SAM"	89	269	"1.18144E-12"	"-"	"-"	""
"PPA1408"	839	"CDD"	"cd00769"	"PheRS_beta_core"	510	731	"1.349E-49"	"IPR041616"	"Phenylalanyl tRNA synthetase beta chain, core domain"	"-"
"PPA1408"	839	"CDD"	"cd02796"	"tRNA_bind_bactPheRS"	48	171	"3.53125E-35"	"IPR033714"	"Phenylalanly tRNA synthetase, tRNA-binding-domain"	"GO:0000049"
"PPA1409"	369	"CDD"	"cd00496"	"PheRS_alpha_core"	124	359	"3.29346E-115"	"-"	"-"	""
"PPA1410"	273	"CDD"	"cd18095"	"SpoU-like_rRNA-MTase"	122	265	"1.79495E-57"	"-"	"-"	""
"PPA1412"	123	"CDD"	"cd07026"	"Ribosomal_L20"	6	111	"2.16845E-46"	"IPR005813"	"Ribosomal protein L20"	"GO:0003735|GO:0005840|GO:0006412|GO:0019843"
"PPA1417"	284	"CDD"	"cd13591"	"PBP2_HisGL1"	4	206	"7.22076E-99"	"-"	"-"	""
"PPA1418"	88	"CDD"	"cd11547"	"NTP-PPase_HisE"	3	88	"5.35725E-44"	"-"	"-"	""
"PPA1423"	436	"CDD"	"cd06114"	"EcCS_like"	26	424	"0.0"	"IPR010953"	"Citrate synthase, type I"	"GO:0004108|GO:0005737"
"PPA1428"	175	"CDD"	"cd06445"	"ATase"	89	166	"3.83173E-39"	"IPR014048"	"Methylated-DNA-[protein]-cysteine S-methyltransferase, DNA binding"	"GO:0003824|GO:0006281"
"PPA1430"	490	"CDD"	"cd00009"	"AAA"	180	375	"1.95339E-7"	"-"	"-"	""
"PPA1433"	204	"CDD"	"cd07182"	"RNase_HII_bacteria_HII_like"	16	193	"6.03018E-84"	"IPR022898"	"Ribonuclease HII"	"GO:0004523"
"PPA1434"	274	"CDD"	"cd06530"	"S26_SPase_I"	61	230	"6.38366E-14"	"IPR019533"	"Peptidase S26"	"GO:0004252|GO:0006465"
"PPA1439"	244	"CDD"	"cd03498"	"SQR_TypeB_2_TM"	26	242	"1.78818E-60"	"-"	"-"	""
"PPA1440"	239	"CDD"	"cd18080"	"TrmD-like"	2	228	"4.52773E-130"	"IPR002649"	"tRNA (guanine-N1-)-methyltransferase, bacteria"	"GO:0008033|GO:0052906"
"PPA1442"	92	"CDD"	"cd02409"	"KH-II"	15	72	"0.00696568"	"-"	"-"	""
"PPA1445"	528	"CDD"	"cd18539"	"SRP_G"	101	296	"2.87749E-98"	"-"	"-"	""
"PPA1447"	396	"CDD"	"cd17874"	"FtsY"	192	388	"3.2059E-105"	"-"	"-"	""
"PPA1451"	256	"CDD"	"cd08966"	"EcFpg-like_N"	2	125	"2.17527E-41"	"-"	"-"	""
"PPA1452"	366	"CDD"	"cd10845"	"DSRM_RNAse_III_family"	291	358	"4.35009E-23"	"-"	"-"	""
"PPA1452"	366	"CDD"	"cd00593"	"RIBOc"	153	285	"6.7835E-55"	"IPR000999"	"Ribonuclease III domain"	"GO:0004525|GO:0006396"
"PPA1454"	511	"CDD"	"cd13585"	"PBP2_TMBP_like"	132	504	"5.63723E-58"	"-"	"-"	""
"PPA1455"	318	"CDD"	"cd06261"	"TM_PBP2"	91	276	"7.935E-7"	"IPR000515"	"ABC transporter type 1, transmembrane domain MetI-like"	"GO:0016020|GO:0055085"
"PPA1456"	298	"CDD"	"cd06261"	"TM_PBP2"	94	261	"2.29245E-16"	"IPR000515"	"ABC transporter type 1, transmembrane domain MetI-like"	"GO:0016020|GO:0055085"
"PPA1457"	336	"CDD"	"cd06267"	"PBP1_LacI_sugar_binding-like"	64	327	"1.06266E-54"	"-"	"-"	""
"PPA1457"	336	"CDD"	"cd01392"	"HTH_LacI"	7	58	"7.5194E-19"	"IPR000843"	"LacI-type HTH domain"	"GO:0003677|GO:0006355"
"PPA1459"	1027	"CDD"	"cd10789"	"GH38N_AMII_ER_cytosolic"	267	518	"1.1509E-125"	"-"	"-"	""
"PPA1463"	157	"CDD"	"cd02163"	"PPAT"	2	153	"3.28359E-80"	"IPR001980"	"Phosphopantetheine adenylyltransferase"	"GO:0004595|GO:0015937"
"PPA1464"	202	"CDD"	"cd02440"	"AdoMet_MTases"	56	159	"4.74759E-12"	"-"	"-"	""
"PPA1466"	749	"CDD"	"cd04488"	"RecG_wedge_OBF"	77	161	"1.01888E-13"	"-"	"-"	""
"PPA1467"	557	"CDD"	"cd07714"	"RNaseJ_MBL-fold"	14	429	"7.0183E-97"	"-"	"-"	""
"PPA1468"	579	"CDD"	"cd07039"	"TPP_PYR_POX"	2	170	"3.32486E-75"	"-"	"-"	""
"PPA1468"	579	"CDD"	"cd02014"	"TPP_POX"	359	536	"1.03103E-91"	"-"	"-"	""
"PPA1471"	733	"CDD"	"cd02393"	"PNPase_KH"	582	642	"6.86028E-25"	"-"	"-"	""
"PPA1471"	733	"CDD"	"cd11364"	"RNase_PH_PNPase_2"	348	574	"3.34761E-127"	"-"	"-"	""
"PPA1471"	733	"CDD"	"cd04472"	"S1_PNPase"	653	722	"3.99756E-29"	"-"	"-"	""
"PPA1472"	87	"CDD"	"cd00353"	"Ribosomal_S15p_S13e"	5	84	"2.00042E-31"	"IPR000589"	"Ribosomal protein S15"	"GO:0003735|GO:0005840|GO:0006412"
"PPA1474"	380	"CDD"	"cd02064"	"FAD_synthetase_N"	90	264	"1.08781E-69"	"IPR015864"	"FAD synthetase"	"GO:0003919|GO:0009231"
"PPA1475"	339	"CDD"	"cd13639"	"PBP2_OpuAC_like"	74	331	"6.70526E-114"	"-"	"-"	""
"PPA1476"	288	"CDD"	"cd06261"	"TM_PBP2"	94	268	"1.26633E-13"	"IPR000515"	"ABC transporter type 1, transmembrane domain MetI-like"	"GO:0016020|GO:0055085"
"PPA1477"	435	"CDD"	"cd03294"	"ABC_Pro_Gly_Betaine"	4	271	"0.0"	"-"	"-"	""
"PPA1478"	295	"CDD"	"cd02573"	"PseudoU_synth_EcTruB"	7	212	"4.36026E-108"	"IPR014780"	"tRNA pseudouridine synthase II, TruB"	"GO:0001522|GO:0003723|GO:0009451|GO:0009982"
"PPA1479"	108	"CDD"	"cd02230"	"cupin_HP0902-like"	25	107	"9.32241E-34"	"-"	"-"	""
"PPA1487"	99	"CDD"	"cd00367"	"PTS-HPr_like"	5	81	"3.50101E-18"	"IPR000032"	"Phosphocarrier protein HPr-like"	"-"
"PPA1488"	457	"CDD"	"cd08175"	"G1PDH"	16	441	"0.0"	"-"	"-"	""
"PPA1492"	260	"CDD"	"cd03264"	"ABC_drug_resistance_like"	6	218	"1.85852E-107"	"-"	"-"	""
"PPA1493"	964	"CDD"	"cd03702"	"IF2_mtIF2_II"	639	732	"1.97744E-48"	"IPR044145"	"Translation initiation factor IF-2, domain II"	"-"
"PPA1493"	964	"CDD"	"cd03692"	"mtIF2_IVc"	872	955	"2.51724E-39"	"-"	"-"	""
"PPA1493"	964	"CDD"	"cd01887"	"IF2_eIF5B"	461	626	"4.01801E-100"	"-"	"-"	""
"PPA1494"	323	"CDD"	"cd02134"	"NusA_KH"	258	317	"3.69184E-19"	"-"	"-"	""
"PPA1494"	323	"CDD"	"cd04455"	"S1_NusA"	111	177	"2.12437E-25"	"-"	"-"	""
"PPA1494"	323	"CDD"	"cd02134"	"NusA_KH"	179	252	"0.00149384"	"-"	"-"	""
"PPA1495"	178	"CDD"	"cd01734"	"YlxS_C"	88	166	"3.77355E-11"	"IPR028998"	"Ribosome maturation factor RimP, C-terminal"	"-"
"PPA1499"	585	"CDD"	"cd00779"	"ProRS_core_prok"	19	217	"1.13003E-112"	"IPR033730"	"Prokaryote proline-tRNA ligase core domain"	"-"
"PPA1499"	585	"CDD"	"cd00861"	"ProRS_anticodon_short"	489	576	"3.84195E-24"	"IPR044140"	"Proline--tRNA ligase, anticodon binding domain"	"-"
"PPA1503"	228	"CDD"	"cd03235"	"ABC_Metallic_Cations"	1	194	"1.70787E-94"	"-"	"-"	""
"PPA1504"	312	"CDD"	"cd06550"	"TM_ABC_iron-siderophores_like"	22	268	"6.93642E-33"	"-"	"-"	""
"PPA1507"	239	"CDD"	"cd19358"	"TenA_E_Spr0628-like"	24	233	"6.99124E-75"	"-"	"-"	""
"PPA1509"	426	"CDD"	"cd06163"	"S2P-M50_PDZ_RseP-like"	11	128	"4.49116E-40"	"-"	"-"	""
"PPA1509"	426	"CDD"	"cd00989"	"PDZ_metalloprotease"	180	233	"4.19266E-15"	"-"	"-"	""
"PPA1513"	445	"CDD"	"cd05313"	"NAD_bind_2_Glu_DH"	194	444	"0.0"	"IPR033922"	"NAD(P) binding domain of glutamate dehydrogenase"	"GO:0016639"
"PPA1514"	405	"CDD"	"cd01335"	"Radical_SAM"	155	372	"3.06771E-11"	"-"	"-"	""
"PPA1518"	184	"CDD"	"cd00520"	"RRF"	4	182	"2.62758E-75"	"IPR002661"	"Ribosome recycling factor"	"GO:0006412"
"PPA1519"	237	"CDD"	"cd04254"	"AAK_UMPK-PyrH-Ec"	7	236	"3.77333E-114"	"IPR015963"	"Uridylate kinase, bacteria"	"GO:0005737|GO:0006221|GO:0033862"
"PPA1520"	270	"CDD"	"cd14275"	"UBA_EF-Ts"	6	41	"2.37864E-14"	"-"	"-"	""
"PPA1521"	283	"CDD"	"cd01425"	"RPS2"	9	224	"1.84927E-109"	"IPR001865"	"Ribosomal protein S2"	"GO:0003735|GO:0005840|GO:0006412"
"PPA1522"	315	"CDD"	"cd00798"	"INT_XerDC_C"	129	304	"7.71364E-78"	"-"	"-"	""
"PPA1525"	200	"CDD"	"cd00487"	"Pep_deformylase"	24	167	"2.06493E-63"	"IPR023635"	"Peptide deformylase"	"GO:0042586"
"PPA1526"	269	"CDD"	"cd18095"	"SpoU-like_rRNA-MTase"	119	255	"1.97248E-39"	"-"	"-"	""
"PPA1528"	322	"CDD"	"cd08829"	"SPFH_paraslipin"	4	102	"6.62836E-52"	"-"	"-"	""
"PPA1530"	261	"CDD"	"cd03225"	"ABC_cobalt_CbiO_domain1"	14	222	"1.95016E-44"	"IPR015856"	"ABC transporter, CbiO/EcfA subunit"	"GO:0005524|GO:0016020|GO:0055085"
"PPA1535"	268	"CDD"	"cd06662"	"SURF1"	14	217	"1.71863E-45"	"IPR002994"	"Surfeit locus 1/Shy1"	"GO:0016020"
"PPA1538"	532	"CDD"	"cd03221"	"ABCF_EF-3"	326	498	"1.07596E-45"	"-"	"-"	""
"PPA1538"	532	"CDD"	"cd03221"	"ABCF_EF-3"	2	232	"4.96073E-45"	"-"	"-"	""
"PPA1539"	165	"CDD"	"cd04301"	"NAT_SF"	70	130	"2.76482E-8"	"-"	"-"	""
"PPA1544"	161	"CDD"	"cd06664"	"IscU_like"	6	137	"1.53458E-48"	"IPR002871"	"NIF system FeS cluster assembly, NifU, N-terminal"	"GO:0005506|GO:0016226|GO:0051536"
"PPA1545"	413	"CDD"	"cd06453"	"SufS_like"	25	401	"0.0"	"IPR010970"	"Cysteine desulfurase, SufS"	"GO:0006534|GO:0030170|GO:0031071"
"PPA1546"	255	"CDD"	"cd03217"	"ABC_FeS_Assembly"	4	233	"6.71609E-105"	"IPR010230"	"FeS cluster assembly SUF system, ATPase SufC"	"GO:0005524"
"PPA1547"	107	"CDD"	"cd03528"	"Rieske_RO_ferredoxin"	4	98	"5.06748E-38"	"-"	"-"	""
"PPA1550"	254	"CDD"	"cd00090"	"HTH_ARSR"	23	100	"7.59144E-10"	"IPR011991"	"ArsR-like helix-turn-helix domain"	"-"
"PPA1552"	421	"CDD"	"cd13586"	"PBP2_Maltose_binding_like"	52	414	"1.53257E-103"	"-"	"-"	""
"PPA1553"	534	"CDD"	"cd06261"	"TM_PBP2"	333	471	"1.68336E-17"	"IPR000515"	"ABC transporter type 1, transmembrane domain MetI-like"	"GO:0016020|GO:0055085"
"PPA1554"	301	"CDD"	"cd06261"	"TM_PBP2"	88	279	"1.02346E-16"	"IPR000515"	"ABC transporter type 1, transmembrane domain MetI-like"	"GO:0016020|GO:0055085"
"PPA1555"	361	"CDD"	"cd06267"	"PBP1_LacI_sugar_binding-like"	60	326	"1.9586E-72"	"-"	"-"	""
"PPA1555"	361	"CDD"	"cd01392"	"HTH_LacI"	7	49	"4.05358E-13"	"IPR000843"	"LacI-type HTH domain"	"GO:0003677|GO:0006355"
"PPA1557"	249	"CDD"	"cd03230"	"ABC_DR_subfamily_A"	19	218	"1.20839E-61"	"-"	"-"	""
"PPA1560"	502	"CDD"	"cd15482"	"Sialidase_non-viral"	107	449	"1.45236E-86"	"-"	"-"	""
"PPA1561"	369	"CDD"	"cd13957"	"PT_UbiA_Cox10"	84	360	"7.91694E-94"	"IPR006369"	"Protohaem IX farnesyltransferase"	"GO:0006783|GO:0008495|GO:0016021"
"PPA1565"	244	"CDD"	"cd01400"	"6PGL"	13	229	"1.27114E-70"	"IPR005900"	"6-phosphogluconolactonase, DevB-type"	"GO:0005975|GO:0006098|GO:0017057"
"PPA1568"	870	"CDD"	"cd07962"	"Anticodon_Ia_Val"	633	764	"3.23132E-40"	"IPR033705"	"Valyl tRNA synthetase, anticodon-binding domain"	"-"
"PPA1569"	1321	"CDD"	"cd14244"	"GH_101_like"	491	774	"9.34701E-128"	"IPR025706"	"Endo-alpha-N-acetylgalactosaminidase"	"GO:0033926"
"PPA1570"	1111	"CDD"	"cd07562"	"Peptidase_S41_TRI"	717	1090	"1.59731E-97"	"-"	"-"	""
"PPA1571"	429	"CDD"	"cd00009"	"AAA"	77	201	"8.15769E-15"	"-"	"-"	""
"PPA1572"	253	"CDD"	"cd07017"	"S14_ClpP_2"	77	249	"3.51406E-79"	"IPR001907"	"ATP-dependent Clp protease proteolytic subunit"	"GO:0004176|GO:0004252|GO:0006508"
"PPA1573"	212	"CDD"	"cd07017"	"S14_ClpP_2"	28	198	"3.18775E-99"	"IPR001907"	"ATP-dependent Clp protease proteolytic subunit"	"GO:0004176|GO:0004252|GO:0006508"
"PPA1577"	958	"CDD"	"cd18011"	"DEXDc_RapA"	109	314	"3.19159E-56"	"-"	"-"	""
"PPA1577"	958	"CDD"	"cd18793"	"SF2_C_SNF"	419	556	"5.66093E-30"	"-"	"-"	""
"PPA1586"	416	"CDD"	"cd16401"	"ParB_N_like_MT"	13	97	"1.51665E-50"	"-"	"-"	""
"PPA1587"	396	"CDD"	"cd18079"	"S-AdoMet_synt"	4	374	"0.0"	"-"	"-"	""
"PPA1591"	813	"CDD"	"cd06418"	"GH25_BacA-like"	277	487	"1.32599E-74"	"-"	"-"	""
"PPA1592"	125	"CDD"	"cd00085"	"HNHc"	52	107	"9.24551E-11"	"IPR003615"	"HNH nuclease"	"-"
"PPA1594"	458	"CDD"	"cd18013"	"DEXQc_bact_SNF2"	5	223	"4.3834E-123"	"-"	"-"	""
"PPA1610"	78	"CDD"	"cd00093"	"HTH_XRE"	12	65	"4.94023E-8"	"IPR001387"	"Cro/C1-type helix-turn-helix domain"	"-"
"PPA1621"	1120	"CDD"	"cd04322"	"LysRS_N"	678	785	"2.86612E-37"	"IPR044136"	"Lysine-tRNA ligase, class II, N-terminal"	"GO:0000166"
"PPA1623"	299	"CDD"	"cd08970"	"AcNei1_N"	28	138	"1.32806E-54"	"-"	"-"	""
"PPA1626"	772	"CDD"	"cd17748"	"BRCT_DNA_ligase_like"	690	757	"1.42688E-26"	"-"	"-"	""
"PPA1626"	772	"CDD"	"cd00114"	"LIGANc"	55	363	"0.0"	"IPR013839"	"NAD-dependent DNA ligase, adenylation"	"GO:0003911"
"PPA1627"	864	"CDD"	"cd09602"	"M1_APN"	6	459	"0.0"	"-"	"-"	""
"PPA1630"	557	"CDD"	"cd11332"	"AmyAc_OligoGlu_TS"	9	495	"0.0"	"-"	"-"	""
"PPA1631"	281	"CDD"	"cd00586"	"4HBT"	152	257	"1.21338E-19"	"-"	"-"	""
"PPA1631"	281	"CDD"	"cd00586"	"4HBT"	6	110	"6.21211E-15"	"-"	"-"	""
"PPA1632"	635	"CDD"	"cd05907"	"VL_LC_FACS_like"	54	607	"0.0"	"-"	"-"	""
"PPA1636"	561	"CDD"	"cd03221"	"ABCF_EF-3"	324	512	"7.43716E-54"	"-"	"-"	""
"PPA1636"	561	"CDD"	"cd03221"	"ABCF_EF-3"	7	235	"1.3663E-51"	"-"	"-"	""
"PPA1637"	153	"CDD"	"cd04496"	"SSB_OBF"	5	103	"1.20981E-27"	"IPR000424"	"Primosome PriB/single-strand DNA-binding"	"GO:0003697"
"PPA1638"	536	"CDD"	"cd11383"	"YfjP"	55	239	"1.4932E-45"	"-"	"-"	""
"PPA1641"	403	"CDD"	"cd17325"	"MFS_MdtG_SLC18_like"	24	398	"1.68251E-38"	"-"	"-"	""
"PPA1642"	202	"CDD"	"cd06135"	"Orn"	2	174	"1.98595E-97"	"IPR022894"	"Oligoribonuclease"	"GO:0000175"
"PPA1644"	477	"CDD"	"cd14014"	"STKc_PknB_like"	18	272	"9.79223E-89"	"-"	"-"	""
"PPA1650"	1134	"CDD"	"cd04485"	"DnaE_OBF"	1048	1123	"1.50912E-17"	"-"	"-"	""
"PPA1651"	530	"CDD"	"cd03468"	"PolY_like"	14	336	"1.07616E-50"	"-"	"-"	""
"PPA1654"	242	"CDD"	"cd01750"	"GATase1_CobQ"	15	210	"5.13646E-45"	"IPR033949"	"Cobyric acid synthase, glutamine amidotransferase type 1"	"GO:0009236"
"PPA1657"	340	"CDD"	"cd06261"	"TM_PBP2"	84	280	"7.64675E-20"	"IPR000515"	"ABC transporter type 1, transmembrane domain MetI-like"	"GO:0016020|GO:0055085"
"PPA1658"	268	"CDD"	"cd06261"	"TM_PBP2"	86	245	"7.71682E-20"	"IPR000515"	"ABC transporter type 1, transmembrane domain MetI-like"	"GO:0016020|GO:0055085"
"PPA1661"	179	"CDD"	"cd03017"	"PRX_BCP"	28	173	"1.82158E-67"	"-"	"-"	""
"PPA1662"	292	"CDD"	"cd06412"	"GH25_CH-type"	81	279	"3.97271E-116"	"-"	"-"	""
"PPA1664"	147	"CDD"	"cd00146"	"PKD"	20	86	"0.00114115"	"-"	"-"	""
"PPA1665"	483	"CDD"	"cd01823"	"SEST_like"	216	443	"1.91967E-41"	"IPR037460"	"Streptomyces scabies esterase-like"	"GO:0016788"
"PPA1668"	296	"CDD"	"cd05013"	"SIS_RpiR"	132	267	"4.15321E-13"	"IPR035472"	"RpiR-like, SIS domain"	"-"
"PPA1670"	465	"CDD"	"cd03586"	"PolY_Pol_IV_kappa"	8	351	"0.0"	"IPR022880"	"DNA polymerase IV"	"GO:0003887"
"PPA1671"	156	"CDD"	"cd00209"	"DHFR"	3	153	"6.98625E-55"	"IPR001796"	"Dihydrofolate reductase domain"	"GO:0004146|GO:0046654"
"PPA1672"	269	"CDD"	"cd00351"	"TS_Pyrimidine_HMase"	3	221	"7.57409E-120"	"IPR023451"	"Thymidylate synthase/dCMP hydroxymethylase domain"	"-"
"PPA1673"	204	"CDD"	"cd00515"	"HAM1"	4	196	"2.20483E-76"	"IPR002637"	"Ham1-like protein"	"GO:0009143|GO:0047429"
"PPA1674"	254	"CDD"	"cd11362"	"RNase_PH_bact"	24	250	"0.0"	"IPR002381"	"Ribonuclease PH, bacterial-type"	"GO:0000049|GO:0008033|GO:0009022"
"PPA1677"	654	"CDD"	"cd01879"	"FeoB"	25	186	"1.60052E-58"	"IPR030389"	"FeoB-type guanine nucleotide-binding (G) domain"	"GO:0005525"
"PPA1681"	446	"CDD"	"cd01570"	"NAPRTase_A"	4	320	"0.0"	"-"	"-"	""
"PPA1682"	91	"CDD"	"cd14435"	"SPO1_TF1_like"	2	88	"4.31406E-37"	"-"	"-"	""
"PPA1686"	143	"CDD"	"cd00466"	"DHQase_II"	5	141	"1.61427E-80"	"IPR001874"	"Dehydroquinase, class II"	"GO:0003855"
"PPA1691"	161	"CDD"	"cd12954"	"MMP_TTHA0227_like_1"	54	149	"2.78645E-30"	"-"	"-"	""
"PPA1696"	358	"CDD"	"cd02509"	"GDP-M1P_Guanylyltransferase"	3	278	"2.04565E-126"	"-"	"-"	""
"PPA1698"	340	"CDD"	"cd02525"	"Succinoglycan_BP_ExoA"	9	255	"3.92241E-117"	"-"	"-"	""
"PPA1704"	224	"CDD"	"cd03146"	"GAT1_Peptidase_E"	9	202	"7.43998E-42"	"IPR005320"	"Peptidase S51"	"GO:0006508|GO:0008236"
"PPA1705"	279	"CDD"	"cd16442"	"BPL"	29	207	"3.87845E-50"	"IPR004408"	"Biotin--acetyl-CoA-carboxylase ligase"	"GO:0004077"
"PPA1709"	221	"CDD"	"cd00555"	"Maf"	13	201	"6.94351E-71"	"IPR003697"	"Nucleoside triphosphate pyrophosphatase Maf-like protein"	"GO:0047429"
"PPA1711"	244	"CDD"	"cd05233"	"SDR_c"	19	194	"4.84935E-44"	"-"	"-"	""
"PPA1712"	301	"CDD"	"cd01169"	"HMPP_kinase"	38	283	"2.15891E-89"	"IPR004399"	"Hydroxymethylpyrimidine kinase/phosphomethylpyrimidine kinase domain"	"GO:0008972|GO:0009228"
"PPA1716"	332	"CDD"	"cd12822"	"TmCorA-like"	38	332	"1.11016E-102"	"-"	"-"	""
"PPA1717"	133	"CDD"	"cd04676"	"Nudix_Hydrolase_17"	2	110	"2.22924E-40"	"-"	"-"	""
"PPA1719"	589	"CDD"	"cd06850"	"biotinyl_domain"	521	586	"2.2263E-21"	"-"	"-"	""
"PPA1722"	270	"CDD"	"cd09009"	"PNP-EcPNPII_like"	13	266	"3.08622E-108"	"IPR011268"	"Purine nucleoside phosphorylase"	"GO:0004731|GO:0006139"
"PPA1723"	558	"CDD"	"cd05799"	"PGM2"	58	533	"0.0"	"-"	"-"	""
"PPA1726"	550	"CDD"	"cd17321"	"MFS_MMR_MDR_like"	24	460	"4.84499E-60"	"-"	"-"	""
"PPA1727"	236	"CDD"	"cd06130"	"DNA_pol_III_epsilon_like"	69	228	"6.96752E-71"	"-"	"-"	""
"PPA1728"	601	"CDD"	"cd07957"	"Anticodon_Ia_Met"	406	531	"5.48635E-42"	"IPR041872"	"Methionyl-tRNA synthetase, anticodon-binding domain"	"-"
"PPA1728"	601	"CDD"	"cd00814"	"MetRS_core"	13	397	"2.40195E-129"	"IPR033911"	"Methioninyl-tRNA synthetase core domain"	"GO:0004825|GO:0006431"
"PPA1729"	300	"CDD"	"cd09278"	"RNase_HI_prokaryote_like"	1	126	"1.20541E-58"	"IPR022892"	"Ribonuclease HI"	"GO:0004523"
"PPA1730"	146	"CDD"	"cd01283"	"cytidine_deaminase"	20	126	"1.92922E-32"	"-"	"-"	""
"PPA1731"	452	"CDD"	"cd06580"	"TM_PBP1_transp_TpRbsC_like"	161	431	"3.843E-49"	"-"	"-"	""
"PPA1732"	423	"CDD"	"cd06580"	"TM_PBP1_transp_TpRbsC_like"	109	384	"3.54297E-53"	"-"	"-"	""
"PPA1733"	529	"CDD"	"cd03215"	"ABC_Carb_Monos_II"	270	491	"1.59795E-79"	"-"	"-"	""
"PPA1733"	529	"CDD"	"cd03216"	"ABC_Carb_Monos_I"	20	235	"6.85711E-75"	"-"	"-"	""
"PPA1734"	419	"CDD"	"cd06354"	"PBP1_PrnA-like"	99	382	"2.89624E-97"	"-"	"-"	""
"PPA1736"	468	"CDD"	"cd04590"	"CBS_pair_CorC_HlyC_assoc"	213	330	"9.67782E-40"	"IPR044751"	"Ion transporter-like, CBS domain"	"-"
"PPA1739"	283	"CDD"	"cd04875"	"ACT_F4HF-DF"	8	78	"1.6603E-20"	"IPR044074"	"Formyltetrahydrofolate deformylase,  ACT domain"	"-"
"PPA1740"	327	"CDD"	"cd01338"	"MDH_choloroplast_like"	5	323	"0.0"	"-"	"-"	""
"PPA1741"	447	"CDD"	"cd07121"	"ALDH_EutE"	31	431	"0.0"	"IPR012408"	"Acetaldehyde/propionaldehyde dehydrogenase, EutE/PduP-related"	"GO:0008774"
"PPA1743"	287	"CDD"	"cd01080"	"NAD_bind_m-THF_DH_Cyclohyd"	115	280	"1.56549E-74"	"IPR020631"	"Tetrahydrofolate dehydrogenase/cyclohydrolase, NAD(P)-binding domain"	"GO:0004488"
"PPA1747"	516	"CDD"	"cd01421"	"IMPCH"	8	193	"3.89894E-86"	"-"	"-"	""
"PPA1748"	207	"CDD"	"cd08645"	"FMT_core_GART"	4	187	"1.14903E-81"	"IPR004607"	"Phosphoribosylglycinamide formyltransferase"	"GO:0004644|GO:0006189"
"PPA1749"	166	"CDD"	"cd09209"	"Lumazine_synthase-I"	24	154	"3.7925E-57"	"IPR034964"	"Lumazine synthase"	"GO:0000906|GO:0009231"
"PPA1750"	438	"CDD"	"cd00641"	"GTP_cyclohydro2"	211	405	"8.52573E-93"	"IPR000926"	"GTP cyclohydrolase II, RibA"	"GO:0003935|GO:0009231"
"PPA1751"	199	"CDD"	"cd00402"	"Riboflavin_synthase_like"	1	185	"1.40473E-101"	"IPR001783"	"Lumazine-binding protein"	"-"
"PPA1752"	331	"CDD"	"cd01284"	"Riboflavin_deaminase-reductase"	23	119	"7.71273E-43"	"-"	"-"	""
"PPA1756"	810	"CDD"	"cd18807"	"SF1_C_UvrD"	334	427	"9.85236E-22"	"-"	"-"	""
"PPA1756"	810	"CDD"	"cd17932"	"DEXQc_UvrD"	46	332	"9.48095E-78"	"-"	"-"	""
"PPA1756"	810	"CDD"	"cd18807"	"SF1_C_UvrD"	622	681	"2.99663E-24"	"-"	"-"	""
"PPA1759"	365	"CDD"	"cd03258"	"ABC_MetN_methionine_transporter"	17	248	"0.0"	"IPR041701"	"Methionine import ATP-binding protein MetN, ATP-binding domain"	"-"
"PPA1760"	217	"CDD"	"cd06261"	"TM_PBP2"	13	163	"8.17585E-6"	"IPR000515"	"ABC transporter type 1, transmembrane domain MetI-like"	"GO:0016020|GO:0055085"
"PPA1761"	422	"CDD"	"cd09112"	"PLDc_CLS_2"	258	417	"2.2566E-61"	"-"	"-"	""
"PPA1761"	422	"CDD"	"cd09110"	"PLDc_CLS_1"	72	216	"1.86622E-54"	"-"	"-"	""
"PPA1764"	530	"CDD"	"cd01997"	"GMP_synthase_C"	232	529	"0.0"	"IPR001674"	"GMP synthase, C-terminal"	"GO:0003922|GO:0005524|GO:0006164|GO:0006177"
"PPA1764"	530	"CDD"	"cd01742"	"GATase1_GMP_Synthase"	21	201	"2.64189E-93"	"IPR004739"	"GMP synthase, glutamine amidotransferase"	"GO:0003922|GO:0005524|GO:0006177"
"PPA1765"	190	"CDD"	"cd03354"	"LbH_SAT"	80	180	"2.18797E-55"	"IPR045304"	"Serine acetyltransferase, LbH domain"	"-"
"PPA1767"	367	"CDD"	"cd00381"	"IMPDH"	13	367	"5.05935E-93"	"IPR001093"	"IMP dehydrogenase/GMP reductase"	"GO:0003824"
"PPA1768"	504	"CDD"	"cd04601"	"CBS_pair_IMPDH"	103	211	"1.45726E-48"	"-"	"-"	""
"PPA1768"	504	"CDD"	"cd00381"	"IMPDH"	17	479	"0.0"	"IPR001093"	"IMP dehydrogenase/GMP reductase"	"GO:0003824"
"PPA1772"	531	"CDD"	"cd03344"	"GroEL"	4	522	"0.0"	"IPR001844"	"Chaperonin Cpn60/GroEL"	"GO:0042026|GO:0140662"
"PPA1773"	98	"CDD"	"cd00320"	"cpn10"	4	96	"7.03456E-45"	"IPR020818"	"GroES chaperonin family"	"GO:0005524|GO:0006457|GO:0140662"
"PPA1776"	399	"CDD"	"cd02440"	"AdoMet_MTases"	100	180	"0.00567582"	"-"	"-"	""
"PPA1778"	250	"CDD"	"cd03214"	"ABC_Iron-Siderophores_B12_Hemin"	4	214	"1.27972E-75"	"-"	"-"	""
"PPA1779"	364	"CDD"	"cd06550"	"TM_ABC_iron-siderophores_like"	89	350	"1.13862E-36"	"-"	"-"	""
"PPA1781"	163	"CDD"	"cd03427"	"MTH1"	5	152	"1.59957E-50"	"-"	"-"	""
"PPA1783"	155	"CDD"	"cd04301"	"NAT_SF"	43	101	"3.25245E-8"	"-"	"-"	""
"PPA1787"	700	"CDD"	"cd18787"	"SF2_C_DEAD"	446	572	"9.3912E-47"	"-"	"-"	""
"PPA1787"	700	"CDD"	"cd00268"	"DEADc"	240	434	"1.83022E-87"	"-"	"-"	""
"PPA1790"	246	"CDD"	"cd03255"	"ABC_MJ0796_LolCDE_FtsE"	25	242	"2.36442E-100"	"IPR017911"	"MacB, ATP-binding domain"	"-"
"PPA1791"	363	"CDD"	"cd03814"	"GT4-like"	1	346	"2.90352E-112"	"-"	"-"	""
"PPA1792"	481	"CDD"	"cd01171"	"YXKO-related"	243	455	"3.15004E-61"	"IPR000631"	"ATP-dependent (S)-NAD(P)H-hydrate dehydratase"	"GO:0052855"
"PPA1794"	637	"CDD"	"cd00714"	"GFAT"	24	239	"1.03458E-117"	"-"	"-"	""
"PPA1794"	637	"CDD"	"cd05009"	"SIS_GlmS_GlmD_2"	474	635	"1.02842E-61"	"IPR035490"	"GlmS/FrlB, SIS domain 2"	"-"
"PPA1794"	637	"CDD"	"cd05008"	"SIS_GlmS_GlmD_1"	319	444	"1.0397E-60"	"IPR035466"	"GlmS/AgaS, SIS domain 1"	"-"
"PPA1799"	327	"CDD"	"cd02025"	"PanK"	100	319	"1.54661E-122"	"IPR004566"	"Pantothenate kinase"	"GO:0004594|GO:0015937"
"PPA1801"	450	"CDD"	"cd05802"	"GlmM"	4	441	"0.0"	"IPR006352"	"Phosphoglucosamine mutase, bacterial type"	"GO:0000287|GO:0005975|GO:0008966"
"PPA1803"	147	"CDD"	"cd00392"	"Ribosomal_L13"	15	128	"5.91603E-60"	"IPR005822"	"Ribosomal protein L13"	"GO:0003735|GO:0005840|GO:0006412"
"PPA1808"	314	"CDD"	"cd02440"	"AdoMet_MTases"	140	246	"1.31691E-4"	"-"	"-"	""
"PPA1809"	279	"CDD"	"cd02570"	"PseudoU_synth_EcTruA"	6	249	"1.14444E-106"	"IPR001406"	"Pseudouridine synthase I, TruA"	"GO:0001522|GO:0003723|GO:0009451|GO:0009982"
"PPA1810"	206	"CDD"	"cd02440"	"AdoMet_MTases"	69	170	"3.72637E-12"	"-"	"-"	""
"PPA1813"	551	"CDD"	"cd03225"	"ABC_cobalt_CbiO_domain1"	7	213	"1.12227E-78"	"IPR015856"	"ABC transporter, CbiO/EcfA subunit"	"GO:0005524|GO:0016020|GO:0055085"
"PPA1815"	253	"CDD"	"cd05233"	"SDR_c"	10	238	"9.58416E-65"	"-"	"-"	""
"PPA1817"	277	"CDD"	"cd03230"	"ABC_DR_subfamily_A"	32	238	"8.34153E-73"	"-"	"-"	""
"PPA1822"	457	"CDD"	"cd17316"	"MFS_SV2_like"	52	434	"5.9761E-48"	"-"	"-"	""
"PPA1826"	338	"CDD"	"cd06928"	"RNAP_alpha_NTD"	11	219	"5.05816E-108"	"-"	"-"	""
"PPA1827"	201	"CDD"	"cd00165"	"S4"	92	145	"4.3885E-20"	"-"	"-"	""
"PPA1832"	73	"CDD"	"cd04451"	"S1_IF1"	8	71	"1.5895E-36"	"IPR004368"	"Translation initiation factor IF-1"	"GO:0003743|GO:0006413"
"PPA1833"	279	"CDD"	"cd01086"	"MetAP1"	15	260	"1.87325E-116"	"IPR002467"	"Peptidase M24A, methionine aminopeptidase, subfamily 1"	"GO:0006508|GO:0070006"
"PPA1834"	189	"CDD"	"cd01428"	"ADK"	2	177	"7.10452E-83"	"IPR000850"	"Adenylate kinase/UMP-CMP kinase"	"GO:0005524|GO:0006139|GO:0019205"
"PPA1837"	402	"CDD"	"cd06174"	"MFS"	3	363	"1.39841E-8"	"-"	"-"	""
"PPA1839"	248	"CDD"	"cd08562"	"GDPD_EcUgpQ_like"	6	238	"2.84249E-102"	"-"	"-"	""
"PPA1840"	567	"CDD"	"cd08501"	"PBP2_Lpqw"	59	550	"0.0"	"-"	"-"	""
"PPA1843"	60	"CDD"	"cd01658"	"Ribosomal_L30"	4	57	"2.20639E-21"	"IPR005996"	"Ribosomal protein L30, bacterial-type"	"GO:0003735|GO:0006412|GO:0015934"
"PPA1845"	127	"CDD"	"cd00432"	"Ribosomal_L18_L5e"	27	114	"5.94121E-30"	"-"	"-"	""
"PPA1851"	122	"CDD"	"cd06089"	"KOW_RPL26"	9	77	"1.27798E-22"	"IPR041988"	"Ribosomal protein L26/L24, KOW domain"	"GO:0003723"
"PPA1855"	77	"CDD"	"cd00427"	"Ribosomal_L29_HIP"	7	63	"1.25897E-22"	"-"	"-"	""
"PPA1856"	139	"CDD"	"cd01433"	"Ribosomal_L16_L10e"	24	132	"5.20129E-51"	"IPR016180"	"Ribosomal protein L10e/L16"	"GO:0003735|GO:0005840|GO:0006412"
"PPA1857"	269	"CDD"	"cd02412"	"30S_S3_KH"	2	108	"1.38214E-53"	"-"	"-"	""
"PPA1858"	153	"CDD"	"cd00336"	"Ribosomal_L22"	21	124	"9.60727E-38"	"IPR001063"	"Ribosomal protein L22/L17"	"GO:0003735|GO:0005840|GO:0006412"
"PPA1869"	497	"CDD"	"cd00808"	"GluRS_core"	8	332	"8.3805E-119"	"IPR033910"	"Glutamyl-tRNA synthetase"	"GO:0006424|GO:0008270"
"PPA1873"	397	"CDD"	"cd03707"	"EFTU_III"	303	392	"1.09573E-59"	"-"	"-"	""
"PPA1873"	397	"CDD"	"cd01884"	"EF_Tu"	11	205	"0.0"	"IPR041709"	"Elongation factor Tu (EF-Tu), GTP-binding domain"	"-"
"PPA1873"	397	"CDD"	"cd03697"	"EFTU_II"	213	300	"6.46751E-51"	"IPR033720"	"Elongation factor Tu, domain 2"	"-"
"PPA1875"	697	"CDD"	"cd04088"	"EFG_mtEFG_II"	311	393	"6.75474E-45"	"-"	"-"	""
"PPA1875"	697	"CDD"	"cd01886"	"EF-G"	11	283	"0.0"	"-"	"-"	""
"PPA1875"	697	"CDD"	"cd01434"	"EFG_mtEFG1_IV"	484	600	"8.98585E-72"	"IPR005517"	"Translation elongation factor EFG/EF2, domain IV"	"GO:0005525"
"PPA1875"	697	"CDD"	"cd16262"	"EFG_III"	406	481	"7.82559E-42"	"IPR009022"	"Elongation factor G, domain III"	"-"
"PPA1875"	697	"CDD"	"cd03713"	"EFG_mtEFG_C"	605	682	"5.49142E-40"	"IPR035649"	"EFG, domain V"	"-"
"PPA1876"	156	"CDD"	"cd14869"	"uS7_Bacteria"	15	149	"4.60616E-81"	"-"	"-"	""
"PPA1878"	140	"CDD"	"cd03368"	"Ribosomal_S12"	20	127	"1.24596E-65"	"IPR005679"	"Ribosomal protein S12, bacterial-type"	"GO:0003735|GO:0006412|GO:0015935"
"PPA1883"	1293	"CDD"	"cd02655"	"RNAP_beta'_C"	969	1244	"2.74301E-107"	"-"	"-"	""
"PPA1883"	1293	"CDD"	"cd01609"	"RNAP_beta'_N"	5	872	"0.0"	"-"	"-"	""
"PPA1884"	1159	"CDD"	"cd00653"	"RNA_pol_B_RPB2"	35	1122	"0.0"	"IPR015712"	"DNA-directed RNA polymerase, subunit 2"	"GO:0003899|GO:0006351|GO:0032549"
"PPA1885"	130	"CDD"	"cd00387"	"Ribosomal_L7_L12"	4	129	"5.28973E-34"	"IPR000206"	"Ribosomal protein L7/L12"	"GO:0003735|GO:0005840|GO:0006412"
"PPA1887"	243	"CDD"	"cd05797"	"Ribosomal_L10"	42	196	"2.79009E-60"	"IPR001790"	"Ribosomal protein L10P"	"-"
"PPA1889"	232	"CDD"	"cd00403"	"Ribosomal_L1"	23	223	"1.89409E-79"	"IPR028364"	"Ribosomal protein L1/ribosomal biogenesis protein"	"-"
"PPA1890"	143	"CDD"	"cd00349"	"Ribosomal_L11"	17	141	"4.01352E-67"	"IPR000911"	"Ribosomal protein L11/L12"	"GO:0003735|GO:0005840|GO:0006412"
"PPA1891"	303	"CDD"	"cd09891"	"NGN_Bact_1"	118	220	"6.56038E-55"	"-"	"-"	""
"PPA1891"	303	"CDD"	"cd06091"	"KOW_NusG"	247	302	"6.45617E-21"	"-"	"-"	""
"PPA1893"	421	"CDD"	"cd00609"	"AAT_like"	42	404	"5.51827E-24"	"-"	"-"	""
"PPA1895"	138	"CDD"	"cd03453"	"SAV4209_like"	7	132	"4.47464E-53"	"-"	"-"	""
"PPA1896"	142	"CDD"	"cd03441"	"R_hydratase_like"	13	133	"8.488E-8"	"-"	"-"	""
"PPA1898"	297	"CDD"	"cd10281"	"Nape_like_AP-endo"	1	295	"1.28805E-125"	"-"	"-"	""
"PPA1899"	308	"CDD"	"cd06558"	"crotonase-like"	10	192	"1.39574E-22"	"-"	"-"	""
"PPA1904"	640	"CDD"	"cd07034"	"TPP_PYR_PFOR_IOR-alpha_like"	249	415	"2.82553E-55"	"IPR002880"	"Pyruvate flavodoxin/ferredoxin oxidoreductase, pyrimidine binding domain"	"GO:0016491"
"PPA1905"	361	"CDD"	"cd03375"	"TPP_OGFOR"	36	223	"1.59091E-118"	"-"	"-"	""
"PPA1906"	687	"CDD"	"cd01823"	"SEST_like"	254	533	"5.57957E-49"	"IPR037460"	"Streptomyces scabies esterase-like"	"GO:0016788"
"PPA1909"	660	"CDD"	"cd08662"	"M13"	12	658	"0.0"	"IPR000718"	"Peptidase M13"	"GO:0004222|GO:0006508"
"PPA1915"	273	"CDD"	"cd03230"	"ABC_DR_subfamily_A"	36	246	"1.24173E-41"	"-"	"-"	""
"PPA1920"	260	"CDD"	"cd11643"	"Precorrin-6A-synthase"	7	259	"2.85935E-116"	"IPR012797"	"Precorrin-6A synthase [deacetylating]"	"GO:0009236|GO:0043819"
"PPA1921"	324	"CDD"	"cd00685"	"Trans_IPPS_HT"	30	322	"3.17474E-83"	"IPR000092"	"Polyprenyl synthetase"	"GO:0008299"
"PPA1930"	812	"CDD"	"cd02788"	"MopB_CT_NDH-1_NuoG2-N7"	699	788	"2.35612E-21"	"-"	"-"	""
"PPA1930"	812	"CDD"	"cd00207"	"fer2"	15	87	"1.33949E-6"	"IPR001041"	"2Fe-2S ferredoxin-type iron-sulfur binding domain"	"GO:0051536"
"PPA1930"	812	"CDD"	"cd02771"	"MopB_NDH-1_NuoG2-N7"	237	689	"0.0"	"-"	"-"	""
"PPA1932"	261	"CDD"	"cd03064"	"TRX_Fd_NuoE"	109	187	"3.62218E-38"	"IPR042128"	"NuoE domain"	"-"
"PPA1942"	214	"CDD"	"cd03230"	"ABC_DR_subfamily_A"	8	202	"1.78335E-50"	"-"	"-"	""
"PPA1943"	340	"CDD"	"cd02440"	"AdoMet_MTases"	144	238	"2.65129E-14"	"-"	"-"	""
"PPA1945"	292	"CDD"	"cd13962"	"PT_UbiA_UBIAD1"	8	288	"1.35494E-79"	"IPR026046"	"UbiA prenyltransferase domain containing protein 1"	"GO:0004659"
"PPA1946"	428	"CDD"	"cd06173"	"MFS_MefA_like"	13	389	"3.33564E-61"	"-"	"-"	""
"PPA1952"	321	"CDD"	"cd05290"	"LDH_3"	7	318	"0.0"	"-"	"-"	""
"PPA1954"	272	"CDD"	"cd07530"	"HAD_Pase_UmpH-like"	21	267	"2.62787E-123"	"-"	"-"	""
"PPA1959"	311	"CDD"	"cd06261"	"TM_PBP2"	91	292	"2.66602E-11"	"IPR000515"	"ABC transporter type 1, transmembrane domain MetI-like"	"GO:0016020|GO:0055085"
"PPA1960"	308	"CDD"	"cd06261"	"TM_PBP2"	101	284	"9.42883E-16"	"IPR000515"	"ABC transporter type 1, transmembrane domain MetI-like"	"GO:0016020|GO:0055085"
"PPA1964"	308	"CDD"	"cd06261"	"TM_PBP2"	99	285	"1.17443E-15"	"IPR000515"	"ABC transporter type 1, transmembrane domain MetI-like"	"GO:0016020|GO:0055085"
"PPA1965"	298	"CDD"	"cd06261"	"TM_PBP2"	69	270	"8.99106E-12"	"IPR000515"	"ABC transporter type 1, transmembrane domain MetI-like"	"GO:0016020|GO:0055085"
"PPA1969"	355	"CDD"	"cd02196"	"PurM"	52	335	"0.0"	"IPR004733"	"Phosphoribosylformylglycinamidine cyclo-ligase"	"GO:0004641|GO:0006189"
"PPA1970"	495	"CDD"	"cd00715"	"GPATase_N"	23	279	"1.40359E-120"	"IPR035584"	"Amidophosphoribosyltransferase, N-terminal"	"-"
"PPA1970"	495	"CDD"	"cd06223"	"PRTases_typeI"	291	417	"8.48583E-21"	"IPR000836"	"Phosphoribosyltransferase domain"	"-"
"PPA1973"	255	"CDD"	"cd08826"	"SPFH_eoslipins_u1"	55	232	"5.56683E-90"	"-"	"-"	""
"PPA1976"	695	"CDD"	"cd01743"	"GATase1_Anthranilate_Synthase"	2	189	"1.66616E-77"	"IPR006221"	"Anthranilate synthase/para-aminobenzoate synthase like domain"	"-"
"PPA1977"	750	"CDD"	"cd02204"	"PurL_repeat2"	455	717	"3.28098E-102"	"-"	"-"	""
"PPA1977"	750	"CDD"	"cd02203"	"PurL_repeat1"	43	375	"0.0"	"-"	"-"	""
"PPA1978"	415	"CDD"	"cd06174"	"MFS"	1	348	"3.68168E-26"	"-"	"-"	""
"PPA1979"	844	"CDD"	"cd09602"	"M1_APN"	3	448	"0.0"	"-"	"-"	""
"PPA1982"	491	"CDD"	"cd03397"	"PAP2_acid_phosphatase"	7	329	"1.97323E-48"	"IPR001011"	"Acid phosphatase, class A, bacterial"	"GO:0003993|GO:0030288"
"PPA1983"	687	"CDD"	"cd01823"	"SEST_like"	254	533	"5.57957E-49"	"IPR037460"	"Streptomyces scabies esterase-like"	"GO:0016788"
"PPA1987"	224	"CDD"	"cd01740"	"GATase1_FGAR_AT"	4	216	"3.78453E-92"	"-"	"-"	""
"PPA1988"	421	"CDD"	"cd01414"	"SAICAR_synt_Sc"	10	285	"0.0"	"-"	"-"	""
"PPA1989"	187	"CDD"	"cd03015"	"PRX_Typ2cys"	4	173	"2.11303E-88"	"-"	"-"	""
"PPA1990"	568	"CDD"	"cd03026"	"AhpF_NTD_C"	155	243	"2.8864E-48"	"IPR044141"	"AhpF, N-terminal domain, C-terminal TRX-fold subdomain"	"-"
"PPA1990"	568	"CDD"	"cd02974"	"AhpF_NTD_N"	45	144	"1.32029E-42"	"IPR044142"	"AhpF, N-terminal domain, N-terminal TRX-fold subdomain"	"-"
"PPA1991"	314	"CDD"	"cd08411"	"PBP2_OxyR"	93	291	"6.81343E-75"	"-"	"-"	""
"PPA1994"	428	"CDD"	"cd03108"	"AdSS"	2	422	"0.0"	"IPR001114"	"Adenylosuccinate synthetase"	"GO:0000166|GO:0004019|GO:0006164"
"PPA1995"	325	"CDD"	"cd04301"	"NAT_SF"	61	110	"9.86836E-5"	"-"	"-"	""
"PPA1996"	244	"CDD"	"cd07377"	"WHTH_GntR"	22	81	"7.47373E-19"	"IPR000524"	"Transcription regulator HTH, GntR"	"GO:0003700|GO:0006355"
"PPA1997"	229	"CDD"	"cd04729"	"NanE"	6	224	"1.52506E-104"	"IPR007260"	"Putative N-acetylmannosamine-6-phosphate epimerase"	"GO:0006051|GO:0047465"
"PPA1998"	306	"CDD"	"cd00408"	"DHDPS-like"	8	299	"4.59313E-79"	"-"	"-"	""
"PPA2000"	534	"CDD"	"cd17316"	"MFS_SV2_like"	25	494	"1.84116E-54"	"-"	"-"	""
"PPA2003"	620	"CDD"	"cd03691"	"BipA_TypA_II"	219	312	"2.65975E-33"	"-"	"-"	""
"PPA2003"	620	"CDD"	"cd01891"	"TypA_BipA"	6	211	"2.75978E-117"	"-"	"-"	""
"PPA2003"	620	"CDD"	"cd03710"	"BipA_TypA_C"	412	489	"1.59699E-41"	"IPR035651"	"BipA, domain V"	"-"
"PPA2004"	178	"CDD"	"cd16913"	"YkuD_like"	66	177	"3.66207E-25"	"IPR005490"	"L,D-transpeptidase catalytic domain"	"GO:0016740"
"PPA2005"	120	"CDD"	"cd06850"	"biotinyl_domain"	54	119	"4.29272E-26"	"-"	"-"	""
"PPA2008"	497	"CDD"	"cd07937"	"DRE_TIM_PC_TC_5S"	8	283	"0.0"	"-"	"-"	""
"PPA2017"	347	"CDD"	"cd13639"	"PBP2_OpuAC_like"	82	341	"1.39697E-106"	"-"	"-"	""
"PPA2020"	503	"CDD"	"cd17316"	"MFS_SV2_like"	32	471	"5.09077E-48"	"-"	"-"	""
"PPA2021"	857	"CDD"	"cd00009"	"AAA"	572	764	"1.0929E-20"	"-"	"-"	""
"PPA2021"	857	"CDD"	"cd00009"	"AAA"	181	342	"5.39991E-22"	"-"	"-"	""
"PPA2027"	425	"CDD"	"cd16917"	"HATPase_UhpB-NarQ-NarX-like"	334	423	"2.99817E-32"	"-"	"-"	""
"PPA2028"	224	"CDD"	"cd17535"	"REC_NarL-like"	8	121	"1.38811E-47"	"-"	"-"	""
"PPA2028"	224	"CDD"	"cd06170"	"LuxR_C_like"	160	214	"7.24132E-18"	"IPR000792"	"Transcription regulator LuxR, C-terminal"	"GO:0006355"
"PPA2030"	244	"CDD"	"cd03255"	"ABC_MJ0796_LolCDE_FtsE"	23	214	"2.63349E-94"	"IPR017911"	"MacB, ATP-binding domain"	"-"
"PPA2032"	157	"CDD"	"cd04690"	"Nudix_Hydrolase_31"	23	145	"5.03613E-52"	"-"	"-"	""
"PPA2035"	347	"CDD"	"cd08254"	"hydroxyacyl_CoA_DH"	5	347	"1.18433E-94"	"-"	"-"	""
"PPA2036"	285	"CDD"	"cd00229"	"SGNH_hydrolase"	70	283	"5.11851E-23"	"-"	"-"	""
"PPA2037"	153	"CDD"	"cd04766"	"HTH_HspR"	23	113	"1.27295E-41"	"-"	"-"	""
"PPA2038"	380	"CDD"	"cd06257"	"DnaJ"	10	64	"3.71285E-21"	"IPR001623"	"DnaJ domain"	"-"
"PPA2038"	380	"CDD"	"cd10747"	"DnaJ_C"	226	354	"9.26363E-55"	"-"	"-"	""
"PPA2038"	380	"CDD"	"cd10719"	"DnaJ_zf"	164	225	"4.12474E-22"	"IPR001305"	"Heat shock protein DnaJ, cysteine-rich domain"	"GO:0031072|GO:0051082"
"PPA2039"	221	"CDD"	"cd00446"	"GrpE"	60	188	"3.78706E-50"	"IPR000740"	"GrpE nucleotide exchange factor"	"GO:0000774|GO:0006457|GO:0042803|GO:0051087"
"PPA2040"	617	"CDD"	"cd10234"	"HSPA9-Ssq1-like_NBD"	1	354	"0.0"	"-"	"-"	""
"PPA2043"	243	"CDD"	"cd00383"	"trans_reg_C"	152	239	"2.46541E-37"	"IPR001867"	"OmpR/PhoB-type DNA-binding domain"	"GO:0000160|GO:0003677|GO:0006355"
"PPA2045"	224	"CDD"	"cd00959"	"DeoC"	11	212	"5.38341E-77"	"IPR011343"	"Deoxyribose-phosphate aldolase"	"GO:0004139|GO:0005737|GO:0009264"
"PPA2046"	242	"CDD"	"cd01653"	"GATase1"	15	128	"9.03471E-5"	"-"	"-"	""
"PPA2047"	391	"CDD"	"cd00060"	"FHA"	299	387	"1.4406E-6"	"IPR000253"	"Forkhead-associated (FHA) domain"	"GO:0005515"
"PPA2050"	334	"CDD"	"cd02440"	"AdoMet_MTases"	197	300	"8.13257E-11"	"-"	"-"	""
"PPA2052"	269	"CDD"	"cd09020"	"D-hex-6-P-epi_like"	12	265	"2.92413E-79"	"IPR025532"	"Glucose-6-phosphate 1-epimerase"	"-"
"PPA2055"	333	"CDD"	"cd01392"	"HTH_LacI"	12	55	"2.34318E-7"	"IPR000843"	"LacI-type HTH domain"	"GO:0003677|GO:0006355"
"PPA2056"	445	"CDD"	"cd00413"	"Glyco_hydrolase_16"	47	267	"4.29159E-22"	"-"	"-"	""
"PPA2057"	603	"CDD"	"cd14791"	"GH36"	192	486	"1.11003E-81"	"IPR002252"	"Glycoside hydrolase family 36"	"GO:0004557|GO:0016052"
"PPA2059"	300	"CDD"	"cd06261"	"TM_PBP2"	76	282	"3.19996E-9"	"IPR000515"	"ABC transporter type 1, transmembrane domain MetI-like"	"GO:0016020|GO:0055085"
"PPA2060"	271	"CDD"	"cd06261"	"TM_PBP2"	67	251	"1.89966E-9"	"IPR000515"	"ABC transporter type 1, transmembrane domain MetI-like"	"GO:0016020|GO:0055085"
"PPA2062"	397	"CDD"	"cd00012"	"NBD_sugar-kinase_HSP70_actin"	97	255	"2.53248E-8"	"-"	"-"	""
"PPA2062"	397	"CDD"	"cd00093"	"HTH_XRE"	27	57	"0.00381772"	"IPR001387"	"Cro/C1-type helix-turn-helix domain"	"-"
"PPA2063"	598	"CDD"	"cd08513"	"PBP2_thermophilic_Hb8_like"	49	581	"0.0"	"-"	"-"	""
"PPA2064"	319	"CDD"	"cd06261"	"TM_PBP2"	95	296	"1.02083E-18"	"IPR000515"	"ABC transporter type 1, transmembrane domain MetI-like"	"GO:0016020|GO:0055085"
"PPA2065"	313	"CDD"	"cd06261"	"TM_PBP2"	112	291	"3.95038E-14"	"IPR000515"	"ABC transporter type 1, transmembrane domain MetI-like"	"GO:0016020|GO:0055085"
"PPA2066"	684	"CDD"	"cd03257"	"ABC_NikE_OppD_transporters"	10	243	"1.12031E-114"	"-"	"-"	""
"PPA2066"	684	"CDD"	"cd03257"	"ABC_NikE_OppD_transporters"	362	594	"1.26823E-110"	"-"	"-"	""
"PPA2073"	129	"CDD"	"cd09873"	"PIN_Pae0151-like"	4	116	"2.89442E-28"	"IPR044153"	"Pae0151-like, PIN domain"	"-"
"PPA2076"	321	"CDD"	"cd02653"	"nuc_hydro_3"	9	316	"0.0"	"-"	"-"	""
"PPA2082"	621	"CDD"	"cd07346"	"ABC_6TM_exporters"	60	354	"1.09681E-21"	"-"	"-"	""
"PPA2084"	510	"CDD"	"cd03226"	"ABC_cobalt_CbiO_domain2"	305	509	"3.10047E-96"	"-"	"-"	""
"PPA2084"	510	"CDD"	"cd03225"	"ABC_cobalt_CbiO_domain1"	5	236	"2.23448E-79"	"IPR015856"	"ABC transporter, CbiO/EcfA subunit"	"GO:0005524|GO:0016020|GO:0055085"
"PPA2091"	244	"CDD"	"cd03264"	"ABC_drug_resistance_like"	2	212	"9.11571E-110"	"-"	"-"	""
"PPA2092"	469	"CDD"	"cd06849"	"lipoyl_domain"	6	75	"9.97641E-28"	"-"	"-"	""
"PPA2093"	334	"CDD"	"cd07036"	"TPP_PYR_E1-PDHc-beta_like"	19	185	"1.40763E-90"	"-"	"-"	""
"PPA2094"	381	"CDD"	"cd02000"	"TPP_E1_PDC_ADC_BCADC"	59	346	"1.71414E-104"	"-"	"-"	""
"PPA2096"	426	"CDD"	"cd01335"	"Radical_SAM"	51	251	"1.28362E-26"	"-"	"-"	""
"PPA2097"	703	"CDD"	"cd00845"	"MPP_UshA_N_like"	50	311	"5.88368E-49"	"-"	"-"	""
"PPA2110"	158	"CDD"	"cd16343"	"LMWPTP"	8	152	"5.50337E-58"	"-"	"-"	""
"PPA2111"	364	"CDD"	"cd03145"	"GAT1_cyanophycinase"	2	241	"8.39896E-40"	"-"	"-"	""
"PPA2112"	232	"CDD"	"cd00383"	"trans_reg_C"	139	227	"7.91055E-34"	"IPR001867"	"OmpR/PhoB-type DNA-binding domain"	"GO:0000160|GO:0003677|GO:0006355"
"PPA2112"	232	"CDD"	"cd17627"	"REC_OmpR_PrrA-like"	5	120	"1.43101E-59"	"-"	"-"	""
"PPA2113"	476	"CDD"	"cd00082"	"HisKA"	249	316	"5.21988E-13"	"IPR003661"	"Signal transduction histidine kinase, dimerisation/phosphoacceptor domain"	"GO:0000155|GO:0007165"
"PPA2113"	476	"CDD"	"cd06225"	"HAMP"	200	244	"3.33346E-9"	"-"	"-"	""
"PPA2113"	476	"CDD"	"cd00075"	"HATPase"	365	462	"7.28914E-36"	"-"	"-"	""
"PPA2115"	199	"CDD"	"cd02885"	"IPP_Isomerase"	18	188	"5.15871E-79"	"IPR011876"	"Isopentenyl-diphosphate delta-isomerase, type 1"	"GO:0004452|GO:0008299"
"PPA2118"	366	"CDD"	"cd02932"	"OYE_YqiM_FMN"	6	346	"0.0"	"IPR044152"	"NADPH dehydrogenase YqjM-like"	"GO:0003959|GO:0010181|GO:0050661"
"PPA2121"	856	"CDD"	"cd01679"	"RNR_I"	185	776	"0.0"	"-"	"-"	""
"PPA2122"	328	"CDD"	"cd01049"	"RNRR2"	13	298	"1.57715E-86"	"IPR033909"	"Ribonucleotide reductase small subunit"	"GO:0009263"
"PPA2125"	360	"CDD"	"cd00012"	"NBD_sugar-kinase_HSP70_actin"	94	236	"1.97551E-9"	"-"	"-"	""
"PPA2128"	556	"CDD"	"cd00671"	"ArgRS_core"	109	373	"2.96318E-72"	"IPR035684"	"Arginyl-tRNA synthetase, catalytic core domain"	"-"
"PPA2128"	556	"CDD"	"cd07956"	"Anticodon_Ia_Arg"	393	556	"1.06014E-69"	"-"	"-"	""
"PPA2130"	228	"CDD"	"cd06259"	"YdcF-like"	58	197	"7.84986E-36"	"IPR003848"	"Domain of unknown function DUF218"	"-"
"PPA2131"	560	"CDD"	"cd05016"	"SIS_PGI_2"	346	530	"4.99246E-80"	"IPR035482"	"Phosphoglucose isomerase, SIS domain 2"	"-"
"PPA2131"	560	"CDD"	"cd05015"	"SIS_PGI_1"	123	298	"2.49302E-68"	"IPR035476"	"Phosphoglucose isomerase, SIS domain 1"	"-"
"PPA2133"	221	"CDD"	"cd00452"	"KDPG_aldolase"	21	208	"6.22044E-43"	"IPR000887"	"KDPG/KHG aldolase"	"GO:0016829"
"PPA2134"	176	"CDD"	"cd01043"	"DPS"	33	168	"2.76856E-47"	"IPR002177"	"DNA-binding protein Dps"	"-"
"PPA2135"	892	"CDD"	"cd18795"	"SF2_C_Ski2"	339	425	"5.48666E-33"	"-"	"-"	""
"PPA2135"	892	"CDD"	"cd17921"	"DEXHc_Ski2"	84	237	"2.18604E-41"	"-"	"-"	""
"PPA2137"	780	"CDD"	"cd01675"	"RNR_III"	138	760	"0.0"	"IPR012833"	"Ribonucleoside-triphosphate reductase, anaerobic"	"GO:0006260|GO:0008998|GO:0016491"
"PPA2138"	153	"CDD"	"cd00865"	"PEBP_bact_arch"	2	150	"1.63258E-58"	"IPR005247"	"YbhB/YbcL"	"-"
"PPA2143"	497	"CDD"	"cd10917"	"CE4_NodB_like_6s_7s"	288	456	"1.66217E-60"	"-"	"-"	""
"PPA2146"	461	"CDD"	"cd10917"	"CE4_NodB_like_6s_7s"	250	421	"1.15137E-51"	"-"	"-"	""
"PPA2147"	643	"CDD"	"cd13123"	"MATE_MurJ_like"	123	555	"1.17833E-97"	"IPR004268"	"Peptidoglycan biosynthesis protein MurJ"	"-"
"PPA2148"	424	"CDD"	"cd04923"	"ACT_AK-LysC-DapG-like_2"	348	410	"3.65888E-27"	"-"	"-"	""
"PPA2148"	424	"CDD"	"cd04913"	"ACT_AKii-LysC-BS-like_1"	267	343	"2.04661E-23"	"-"	"-"	""
"PPA2148"	424	"CDD"	"cd04261"	"AAK_AKii-LysC-BS"	3	242	"0.0"	"IPR041740"	"Aspartokinase catalytic domain"	"-"
"PPA2149"	847	"CDD"	"cd06577"	"PASTA_pknB"	709	766	"1.505E-4"	"-"	"-"	""
"PPA2151"	222	"CDD"	"cd03134"	"GATase1_PfpI_like"	47	220	"1.80134E-80"	"-"	"-"	""
"PPA2152"	555	"CDD"	"cd00995"	"PBP2_NikA_DppA_OppA_like"	53	539	"1.80121E-106"	"-"	"-"	""
"PPA2153"	307	"CDD"	"cd06261"	"TM_PBP2"	95	285	"2.4573E-19"	"IPR000515"	"ABC transporter type 1, transmembrane domain MetI-like"	"GO:0016020|GO:0055085"
"PPA2154"	323	"CDD"	"cd06261"	"TM_PBP2"	112	286	"1.16817E-24"	"IPR000515"	"ABC transporter type 1, transmembrane domain MetI-like"	"GO:0016020|GO:0055085"
"PPA2155"	345	"CDD"	"cd03257"	"ABC_NikE_OppD_transporters"	20	254	"5.7254E-117"	"-"	"-"	""
"PPA2156"	353	"CDD"	"cd03257"	"ABC_NikE_OppD_transporters"	13	247	"0.0"	"-"	"-"	""
"PPA2170"	511	"CDD"	"cd00332"	"PAL-HAL"	11	456	"0.0"	"IPR001106"	"Aromatic amino acid lyase"	"-"
"PPA2172"	244	"CDD"	"cd01407"	"SIR2-fam"	17	229	"1.55068E-95"	"-"	"-"	""
"PPA2182"	149	"CDD"	"cd01285"	"nucleoside_deaminase"	1	109	"1.21821E-46"	"-"	"-"	""
"PPA2184"	213	"CDD"	"cd06223"	"PRTases_typeI"	71	178	"1.03465E-13"	"IPR000836"	"Phosphoribosyltransferase domain"	"-"
"PPA2185"	247	"CDD"	"cd03441"	"R_hydratase_like"	148	241	"8.87568E-15"	"-"	"-"	""
"PPA2186"	173	"CDD"	"cd04939"	"PA2301"	30	168	"4.87373E-78"	"-"	"-"	""
"PPA2188"	233	"CDD"	"cd01741"	"GATase1_1"	2	182	"1.05159E-51"	"IPR044992"	"Glutamine amidotransferase domain containing protein ChyE-like"	"-"
"PPA2191"	336	"CDD"	"cd01574"	"PBP1_LacI"	72	330	"7.34603E-83"	"-"	"-"	""
"PPA2191"	336	"CDD"	"cd01392"	"HTH_LacI"	16	66	"3.90684E-17"	"IPR000843"	"LacI-type HTH domain"	"GO:0003677|GO:0006355"
"PPA2193"	649	"CDD"	"cd11478"	"SLC5sbd_u2"	92	607	"0.0"	"-"	"-"	""
"PPA2200"	333	"CDD"	"cd05276"	"p53_inducible_oxidoreductase"	1	331	"0.0"	"IPR014189"	"Quinone oxidoreductase PIG3"	"-"
"PPA2208"	288	"CDD"	"cd02209"	"cupin_XRE_C"	195	275	"1.0636E-14"	"-"	"-"	""
"PPA2208"	288	"CDD"	"cd00093"	"HTH_XRE"	107	164	"1.13132E-11"	"IPR001387"	"Cro/C1-type helix-turn-helix domain"	"-"
"PPA2211"	495	"CDD"	"cd11484"	"SLC-NCS1sbd_CobB-like"	37	473	"1.45559E-75"	"-"	"-"	""
"PPA2214"	253	"CDD"	"cd01714"	"ETF_beta"	3	205	"1.42567E-53"	"IPR033948"	"Electron transfer flavoprotein, beta subunit, N-terminal"	"-"
"PPA2219"	424	"CDD"	"cd00770"	"SerRS_core"	119	414	"0.0"	"IPR033729"	"Serine-tRNA ligase catalytic core domain"	"-"
"PPA2225"	172	"CDD"	"cd01055"	"Nonheme_Ferritin"	4	160	"2.55338E-64"	"IPR041719"	"Ferritin, prokaryotic-type"	"-"
"PPA2229"	184	"CDD"	"cd04496"	"SSB_OBF"	7	108	"2.01153E-36"	"IPR000424"	"Primosome PriB/single-strand DNA-binding"	"GO:0003697"
"PPA2230"	96	"CDD"	"cd00473"	"bS6"	3	92	"3.56734E-36"	"IPR020814"	"Ribosomal protein S6, plastid/chloroplast"	"GO:0003735|GO:0005840|GO:0006412|GO:0019843"
"PPA2231"	120	"CDD"	"cd00158"	"RHOD"	21	106	"3.68605E-14"	"-"	"-"	""
"PPA2232"	153	"CDD"	"cd00211"	"PTS_IIA_fru"	8	148	"7.04042E-41"	"IPR002178"	"PTS EIIA type-2 domain"	"-"
"PPA2233"	519	"CDD"	"cd05569"	"PTS_IIB_fructose"	29	123	"1.76885E-44"	"IPR003353"	"Phosphotransferase system, fructose-specific IIB subunit"	"GO:0009401|GO:0022877"
"PPA2234"	644	"CDD"	"cd05907"	"VL_LC_FACS_like"	57	616	"0.0"	"-"	"-"	""
"PPA2236"	269	"CDD"	"cd05233"	"SDR_c"	6	213	"8.87716E-45"	"-"	"-"	""
"PPA2237"	283	"CDD"	"cd07989"	"LPLAT_AGPAT-like"	33	226	"1.25123E-45"	"-"	"-"	""
"PPA2240"	752	"CDD"	"cd00371"	"HMA"	24	84	"7.49325E-14"	"IPR006121"	"Heavy metal-associated domain, HMA"	"GO:0046872"
"PPA2240"	752	"CDD"	"cd02094"	"P-type_ATPase_Cu-like"	102	741	"0.0"	"-"	"-"	""
"PPA2242"	130	"CDD"	"cd00371"	"HMA"	4	62	"1.9343E-11"	"IPR006121"	"Heavy metal-associated domain, HMA"	"GO:0046872"
"PPA2243"	132	"CDD"	"cd10148"	"CsoR-like_DUF156"	47	128	"1.14952E-34"	"-"	"-"	""
"PPA2244"	448	"CDD"	"cd00984"	"DnaB_C"	197	438	"0.0"	"IPR007694"	"DNA helicase, DnaB-like, C-terminal"	"GO:0003678|GO:0005524|GO:0006260"
"PPA2245"	333	"CDD"	"cd08252"	"AL_MDR"	1	332	"0.0"	"IPR014182"	"Alcohol dehydrogenase, zinc-binding type 1"	"GO:0008270"
"PPA2247"	191	"CDD"	"cd00540"	"AAG"	4	187	"6.11791E-75"	"IPR003180"	"Methylpurine-DNA glycosylase"	"GO:0003677|GO:0003905|GO:0006284"
"PPA2250"	544	"CDD"	"cd19946"	"GlpA-like_Fer2_BFD-like"	429	483	"1.01415E-13"	"-"	"-"	""
"PPA2251"	321	"CDD"	"cd05301"	"GDH"	3	313	"0.0"	"-"	"-"	""
"PPA2253"	575	"CDD"	"cd00400"	"Voltage_gated_ClC"	48	448	"1.59723E-78"	"-"	"-"	""
"PPA2257"	394	"CDD"	"cd00840"	"MPP_Mre11_N"	3	232	"2.11536E-29"	"IPR041796"	"Mre11 nuclease, N-terminal metallophosphatase domain"	"-"
"PPA2259"	448	"CDD"	"cd13136"	"MATE_DinF_like"	16	439	"6.31046E-103"	"IPR044644"	"Multi antimicrobial extrusion protein DinF-like"	"-"
"PPA2262"	162	"CDD"	"cd00002"	"YbaK_deacylase"	19	160	"3.04578E-74"	"IPR004369"	"Prolyl-tRNA editing protein, YbaK/EbsC"	"-"
"PPA2265"	206	"CDD"	"cd16913"	"YkuD_like"	84	206	"1.22481E-18"	"IPR005490"	"L,D-transpeptidase catalytic domain"	"GO:0016740"
"PPA2266"	689	"CDD"	"cd07570"	"GAT_Gln-NAD-synth"	15	302	"5.29473E-100"	"-"	"-"	""
"PPA2266"	689	"CDD"	"cd00553"	"NAD_synthase"	347	645	"5.11222E-72"	"IPR003694"	"NAD(+) synthetase"	"GO:0003952|GO:0004359|GO:0005737|GO:0009435"
"PPA2268"	370	"CDD"	"cd05305"	"L-AlaDH"	1	359	"0.0"	"IPR008141"	"Alanine dehydrogenase"	"GO:0000286|GO:0042853"
"PPA2270"	427	"CDD"	"cd13432"	"LDT_IgD_like_2"	174	269	"1.7986E-35"	"-"	"-"	""
"PPA2270"	427	"CDD"	"cd16913"	"YkuD_like"	274	397	"3.41304E-25"	"IPR005490"	"L,D-transpeptidase catalytic domain"	"GO:0016740"
"PPA2272"	428	"CDD"	"cd06114"	"EcCS_like"	16	415	"0.0"	"IPR010953"	"Citrate synthase, type I"	"GO:0004108|GO:0005737"
"PPA2274"	370	"CDD"	"cd05305"	"L-AlaDH"	1	359	"0.0"	"IPR008141"	"Alanine dehydrogenase"	"GO:0000286|GO:0042853"
"PPA2278"	473	"CDD"	"cd00640"	"Trp-synth-beta_II"	62	364	"2.03983E-30"	"-"	"-"	""
"PPA2282"	362	"CDD"	"cd06815"	"PLPDE_III_AR_like_1"	6	355	"0.0"	"-"	"-"	""
"PPA2285"	375	"CDD"	"cd00430"	"PLPDE_III_AR"	7	373	"0.0"	"-"	"-"	""
"PPA2286"	474	"CDD"	"cd05800"	"PGM_like2"	5	470	"0.0"	"-"	"-"	""
"PPA2288"	278	"CDD"	"cd04181"	"NTP_transferase"	14	258	"1.57138E-57"	"-"	"-"	""
"PPA2292"	468	"CDD"	"cd01362"	"Fumarase_classII"	5	461	"0.0"	"IPR005677"	"Fumarate hydratase, class II"	"GO:0004333|GO:0006106|GO:0045239"
"PPA2293"	303	"CDD"	"cd06261"	"TM_PBP2"	99	286	"5.49507E-13"	"IPR000515"	"ABC transporter type 1, transmembrane domain MetI-like"	"GO:0016020|GO:0055085"
"PPA2294"	302	"CDD"	"cd06261"	"TM_PBP2"	88	265	"2.57374E-8"	"IPR000515"	"ABC transporter type 1, transmembrane domain MetI-like"	"GO:0016020|GO:0055085"
"PPA2296"	335	"CDD"	"cd01392"	"HTH_LacI"	11	61	"2.06683E-17"	"IPR000843"	"LacI-type HTH domain"	"GO:0003677|GO:0006355"
"PPA2296"	335	"CDD"	"cd06267"	"PBP1_LacI_sugar_binding-like"	67	330	"6.03849E-62"	"-"	"-"	""
"PPA2301"	507	"CDD"	"cd00077"	"HDc"	292	383	"4.11347E-10"	"IPR003607"	"HD/PDEase domain"	"-"
"PPA2301"	507	"CDD"	"cd05398"	"NT_ClassII-CCAase"	53	185	"2.33971E-33"	"IPR002646"	"Poly A polymerase, head domain"	"GO:0003723|GO:0006396|GO:0016779"
"PPA2303"	603	"CDD"	"cd13973"	"PK_MviN-like"	38	295	"2.0915E-53"	"-"	"-"	""
"PPA2304"	515	"CDD"	"cd07789"	"FGGY_CsGK_like"	14	508	"0.0"	"-"	"-"	""
"PPA2307"	479	"CDD"	"cd00987"	"PDZ_serine_protease"	387	472	"3.35864E-17"	"-"	"-"	""
"PPA2310"	295	"CDD"	"cd02558"	"PSRA_1"	38	291	"0.0"	"-"	"-"	""
"PPA2311"	415	"CDD"	"cd06174"	"MFS"	59	406	"3.38692E-21"	"-"	"-"	""
"PPA2314"	159	"CDD"	"cd02947"	"TRX_family"	61	155	"4.35951E-31"	"-"	"-"	""
"PPA2318"	687	"CDD"	"cd07033"	"TPP_PYR_DXS_TK_like"	370	541	"4.06846E-59"	"-"	"-"	""
"PPA2318"	687	"CDD"	"cd02012"	"TPP_TK"	16	291	"1.34895E-114"	"IPR005474"	"Transketolase, N-terminal"	"-"
"PPA2319"	587	"CDD"	"cd07781"	"FGGY_RBK"	23	518	"0.0"	"IPR005929"	"Ribulokinase"	"GO:0005524|GO:0008741|GO:0019569"
"PPA2320"	454	"CDD"	"cd08175"	"G1PDH"	15	430	"0.0"	"-"	"-"	""
"PPA2321"	534	"CDD"	"cd07783"	"FGGY_CarbK-RPE_like"	6	498	"0.0"	"-"	"-"	""
"PPA2330"	335	"CDD"	"cd06267"	"PBP1_LacI_sugar_binding-like"	70	318	"3.92507E-51"	"-"	"-"	""
"PPA2330"	335	"CDD"	"cd01392"	"HTH_LacI"	15	61	"1.73939E-14"	"IPR000843"	"LacI-type HTH domain"	"GO:0003677|GO:0006355"
"PPA2331"	474	"CDD"	"cd17332"	"MFS_MelB_like"	24	452	"1.60441E-87"	"-"	"-"	""
"PPA2332"	830	"CDD"	"cd14752"	"GH31_N"	189	300	"1.71007E-25"	"-"	"-"	""
"PPA2332"	830	"CDD"	"cd06599"	"GH31_glycosidase_Aec37"	300	618	"0.0"	"-"	"-"	""
"PPA2337"	465	"CDD"	"cd00609"	"AAT_like"	74	433	"7.19894E-76"	"-"	"-"	""
"PPA2339"	244	"CDD"	"cd06662"	"SURF1"	38	231	"3.83798E-27"	"IPR002994"	"Surfeit locus 1/Shy1"	"GO:0016020"
"PPA2342"	328	"CDD"	"cd02042"	"ParAB_family"	52	253	"7.75495E-47"	"-"	"-"	""
"PPA2344"	208	"CDD"	"cd02440"	"AdoMet_MTases"	66	138	"0.00762981"	"-"	"-"	""
"PPA2349"	203	"CDD"	"cd02414"	"jag_KH"	64	138	"3.68248E-18"	"IPR038008"	"Jag, KH domain"	"GO:0003723"
"PPA2349"	203	"CDD"	"cd02644"	"R3H_jag"	137	200	"4.13928E-25"	"IPR034079"	"RNA-binding protein KhpB, R3H domain"	"GO:0003676"
"PPA2359"	312	"CDD"	"cd00012"	"NBD_sugar-kinase_HSP70_actin"	11	164	"3.29551E-9"	"-"	"-"	""
"PPA2401"	165	"CDD"	"cd04301"	"NAT_SF"	55	125	"1.75786E-5"	"-"	"-"	""
