"protein_accession"	"sequence_length"	"analysis"	"signature_accession"	"signature_description"	"start_location"	"stop_location"	"e_value"	"interpro_annotations_accession"	"interpro_annotation_description"	"GO-annotation"
"PPA0001"	500	"MobiDBLite"	"mobidb-lite"	"consensus disorder prediction"	1	37	"-"	"-"	"-"	""
"PPA0002"	503	"MobiDBLite"	"mobidb-lite"	"consensus disorder prediction"	1	22	"-"	"-"	"-"	""
"PPA0002"	503	"MobiDBLite"	"mobidb-lite"	"consensus disorder prediction"	1	49	"-"	"-"	"-"	""
"PPA0002"	503	"MobiDBLite"	"mobidb-lite"	"consensus disorder prediction"	30	49	"-"	"-"	"-"	""
"PPA0005"	202	"MobiDBLite"	"mobidb-lite"	"consensus disorder prediction"	12	32	"-"	"-"	"-"	""
"PPA0005"	202	"MobiDBLite"	"mobidb-lite"	"consensus disorder prediction"	1	89	"-"	"-"	"-"	""
"PPA0005"	202	"MobiDBLite"	"mobidb-lite"	"consensus disorder prediction"	44	58	"-"	"-"	"-"	""
"PPA0005"	202	"MobiDBLite"	"mobidb-lite"	"consensus disorder prediction"	179	202	"-"	"-"	"-"	""
"PPA0009"	690	"MobiDBLite"	"mobidb-lite"	"consensus disorder prediction"	1	42	"-"	"-"	"-"	""
"PPA0010"	891	"MobiDBLite"	"mobidb-lite"	"consensus disorder prediction"	845	891	"-"	"-"	"-"	""
"PPA0010"	891	"MobiDBLite"	"mobidb-lite"	"consensus disorder prediction"	867	891	"-"	"-"	"-"	""
"PPA0011"	210	"MobiDBLite"	"mobidb-lite"	"consensus disorder prediction"	54	77	"-"	"-"	"-"	""
"PPA0011"	210	"MobiDBLite"	"mobidb-lite"	"consensus disorder prediction"	1	53	"-"	"-"	"-"	""
"PPA0011"	210	"MobiDBLite"	"mobidb-lite"	"consensus disorder prediction"	1	92	"-"	"-"	"-"	""
"PPA0033"	179	"MobiDBLite"	"mobidb-lite"	"consensus disorder prediction"	27	58	"-"	"-"	"-"	""
"PPA0041"	492	"MobiDBLite"	"mobidb-lite"	"consensus disorder prediction"	31	50	"-"	"-"	"-"	""
"PPA0044"	220	"MobiDBLite"	"mobidb-lite"	"consensus disorder prediction"	17	77	"-"	"-"	"-"	""
"PPA0044"	220	"MobiDBLite"	"mobidb-lite"	"consensus disorder prediction"	27	65	"-"	"-"	"-"	""
"PPA0047"	920	"MobiDBLite"	"mobidb-lite"	"consensus disorder prediction"	290	337	"-"	"-"	"-"	""
"PPA0047"	920	"MobiDBLite"	"mobidb-lite"	"consensus disorder prediction"	612	635	"-"	"-"	"-"	""
"PPA0047"	920	"MobiDBLite"	"mobidb-lite"	"consensus disorder prediction"	307	324	"-"	"-"	"-"	""
"PPA0047"	920	"MobiDBLite"	"mobidb-lite"	"consensus disorder prediction"	619	635	"-"	"-"	"-"	""
"PPA0054"	344	"MobiDBLite"	"mobidb-lite"	"consensus disorder prediction"	1	85	"-"	"-"	"-"	""
"PPA0054"	344	"MobiDBLite"	"mobidb-lite"	"consensus disorder prediction"	1	22	"-"	"-"	"-"	""
"PPA0068"	456	"MobiDBLite"	"mobidb-lite"	"consensus disorder prediction"	1	18	"-"	"-"	"-"	""
"PPA0068"	456	"MobiDBLite"	"mobidb-lite"	"consensus disorder prediction"	1	28	"-"	"-"	"-"	""
"PPA0070"	271	"MobiDBLite"	"mobidb-lite"	"consensus disorder prediction"	1	27	"-"	"-"	"-"	""
"PPA0092"	913	"MobiDBLite"	"mobidb-lite"	"consensus disorder prediction"	1	21	"-"	"-"	"-"	""
"PPA0092"	913	"MobiDBLite"	"mobidb-lite"	"consensus disorder prediction"	415	466	"-"	"-"	"-"	""
"PPA0092"	913	"MobiDBLite"	"mobidb-lite"	"consensus disorder prediction"	415	429	"-"	"-"	"-"	""
"PPA0094"	490	"MobiDBLite"	"mobidb-lite"	"consensus disorder prediction"	466	490	"-"	"-"	"-"	""
"PPA0094"	490	"MobiDBLite"	"mobidb-lite"	"consensus disorder prediction"	474	490	"-"	"-"	"-"	""
"PPA0097"	483	"MobiDBLite"	"mobidb-lite"	"consensus disorder prediction"	1	23	"-"	"-"	"-"	""
"PPA0097"	483	"MobiDBLite"	"mobidb-lite"	"consensus disorder prediction"	1	20	"-"	"-"	"-"	""
"PPA0101"	654	"MobiDBLite"	"mobidb-lite"	"consensus disorder prediction"	293	315	"-"	"-"	"-"	""
"PPA0101"	654	"MobiDBLite"	"mobidb-lite"	"consensus disorder prediction"	321	337	"-"	"-"	"-"	""
"PPA0101"	654	"MobiDBLite"	"mobidb-lite"	"consensus disorder prediction"	276	409	"-"	"-"	"-"	""
"PPA0101"	654	"MobiDBLite"	"mobidb-lite"	"consensus disorder prediction"	338	353	"-"	"-"	"-"	""
"PPA0102"	1340	"MobiDBLite"	"mobidb-lite"	"consensus disorder prediction"	1318	1340	"-"	"-"	"-"	""
"PPA0102"	1340	"MobiDBLite"	"mobidb-lite"	"consensus disorder prediction"	1	35	"-"	"-"	"-"	""
"PPA0105"	379	"MobiDBLite"	"mobidb-lite"	"consensus disorder prediction"	1	32	"-"	"-"	"-"	""
"PPA0105"	379	"MobiDBLite"	"mobidb-lite"	"consensus disorder prediction"	1	30	"-"	"-"	"-"	""
"PPA0106"	414	"MobiDBLite"	"mobidb-lite"	"consensus disorder prediction"	24	44	"-"	"-"	"-"	""
"PPA0114"	75	"MobiDBLite"	"mobidb-lite"	"consensus disorder prediction"	1	20	"-"	"-"	"-"	""
"PPA0117"	201	"MobiDBLite"	"mobidb-lite"	"consensus disorder prediction"	66	105	"-"	"-"	"-"	""
"PPA0125"	173	"MobiDBLite"	"mobidb-lite"	"consensus disorder prediction"	1	25	"-"	"-"	"-"	""
"PPA0126"	781	"MobiDBLite"	"mobidb-lite"	"consensus disorder prediction"	667	781	"-"	"-"	"-"	""
"PPA0126"	781	"MobiDBLite"	"mobidb-lite"	"consensus disorder prediction"	1	33	"-"	"-"	"-"	""
"PPA0126"	781	"MobiDBLite"	"mobidb-lite"	"consensus disorder prediction"	678	692	"-"	"-"	"-"	""
"PPA0126"	781	"MobiDBLite"	"mobidb-lite"	"consensus disorder prediction"	693	781	"-"	"-"	"-"	""
"PPA0127"	515	"MobiDBLite"	"mobidb-lite"	"consensus disorder prediction"	494	515	"-"	"-"	"-"	""
"PPA0132"	440	"MobiDBLite"	"mobidb-lite"	"consensus disorder prediction"	416	430	"-"	"-"	"-"	""
"PPA0132"	440	"MobiDBLite"	"mobidb-lite"	"consensus disorder prediction"	416	440	"-"	"-"	"-"	""
"PPA0133"	258	"MobiDBLite"	"mobidb-lite"	"consensus disorder prediction"	1	31	"-"	"-"	"-"	""
"PPA0133"	258	"MobiDBLite"	"mobidb-lite"	"consensus disorder prediction"	1	39	"-"	"-"	"-"	""
"PPA0142"	670	"MobiDBLite"	"mobidb-lite"	"consensus disorder prediction"	278	297	"-"	"-"	"-"	""
"PPA0151"	98	"MobiDBLite"	"mobidb-lite"	"consensus disorder prediction"	37	98	"-"	"-"	"-"	""
"PPA0152"	460	"MobiDBLite"	"mobidb-lite"	"consensus disorder prediction"	438	460	"-"	"-"	"-"	""
"PPA0154"	215	"MobiDBLite"	"mobidb-lite"	"consensus disorder prediction"	189	215	"-"	"-"	"-"	""
"PPA0155"	838	"MobiDBLite"	"mobidb-lite"	"consensus disorder prediction"	812	838	"-"	"-"	"-"	""
"PPA0163"	595	"MobiDBLite"	"mobidb-lite"	"consensus disorder prediction"	557	595	"-"	"-"	"-"	""
"PPA0163"	595	"MobiDBLite"	"mobidb-lite"	"consensus disorder prediction"	1	18	"-"	"-"	"-"	""
"PPA0163"	595	"MobiDBLite"	"mobidb-lite"	"consensus disorder prediction"	1	28	"-"	"-"	"-"	""
"PPA0165"	273	"MobiDBLite"	"mobidb-lite"	"consensus disorder prediction"	1	46	"-"	"-"	"-"	""
"PPA0178"	666	"MobiDBLite"	"mobidb-lite"	"consensus disorder prediction"	1	37	"-"	"-"	"-"	""
"PPA0182"	93	"MobiDBLite"	"mobidb-lite"	"consensus disorder prediction"	1	31	"-"	"-"	"-"	""
"PPA0183"	276	"MobiDBLite"	"mobidb-lite"	"consensus disorder prediction"	1	27	"-"	"-"	"-"	""
"PPA0183"	276	"MobiDBLite"	"mobidb-lite"	"consensus disorder prediction"	1	41	"-"	"-"	"-"	""
"PPA0184"	632	"MobiDBLite"	"mobidb-lite"	"consensus disorder prediction"	311	337	"-"	"-"	"-"	""
"PPA0184"	632	"MobiDBLite"	"mobidb-lite"	"consensus disorder prediction"	585	632	"-"	"-"	"-"	""
"PPA0187"	495	"MobiDBLite"	"mobidb-lite"	"consensus disorder prediction"	427	495	"-"	"-"	"-"	""
"PPA0187"	495	"MobiDBLite"	"mobidb-lite"	"consensus disorder prediction"	430	445	"-"	"-"	"-"	""
"PPA0188"	162	"MobiDBLite"	"mobidb-lite"	"consensus disorder prediction"	43	66	"-"	"-"	"-"	""
"PPA0192"	233	"MobiDBLite"	"mobidb-lite"	"consensus disorder prediction"	1	20	"-"	"-"	"-"	""
"PPA0194"	276	"MobiDBLite"	"mobidb-lite"	"consensus disorder prediction"	1	21	"-"	"-"	"-"	""
"PPA0195"	421	"MobiDBLite"	"mobidb-lite"	"consensus disorder prediction"	265	293	"-"	"-"	"-"	""
"PPA0195"	421	"MobiDBLite"	"mobidb-lite"	"consensus disorder prediction"	270	293	"-"	"-"	"-"	""
"PPA0198"	287	"MobiDBLite"	"mobidb-lite"	"consensus disorder prediction"	268	287	"-"	"-"	"-"	""
"PPA0198"	287	"MobiDBLite"	"mobidb-lite"	"consensus disorder prediction"	224	259	"-"	"-"	"-"	""
"PPA0198"	287	"MobiDBLite"	"mobidb-lite"	"consensus disorder prediction"	212	287	"-"	"-"	"-"	""
"PPA0200"	930	"MobiDBLite"	"mobidb-lite"	"consensus disorder prediction"	124	164	"-"	"-"	"-"	""
"PPA0202"	121	"MobiDBLite"	"mobidb-lite"	"consensus disorder prediction"	89	121	"-"	"-"	"-"	""
"PPA0202"	121	"MobiDBLite"	"mobidb-lite"	"consensus disorder prediction"	98	121	"-"	"-"	"-"	""
"PPA0204"	957	"MobiDBLite"	"mobidb-lite"	"consensus disorder prediction"	570	606	"-"	"-"	"-"	""
"PPA0204"	957	"MobiDBLite"	"mobidb-lite"	"consensus disorder prediction"	496	635	"-"	"-"	"-"	""
"PPA0204"	957	"MobiDBLite"	"mobidb-lite"	"consensus disorder prediction"	1	79	"-"	"-"	"-"	""
"PPA0204"	957	"MobiDBLite"	"mobidb-lite"	"consensus disorder prediction"	725	926	"-"	"-"	"-"	""
"PPA0204"	957	"MobiDBLite"	"mobidb-lite"	"consensus disorder prediction"	65	79	"-"	"-"	"-"	""
"PPA0204"	957	"MobiDBLite"	"mobidb-lite"	"consensus disorder prediction"	512	529	"-"	"-"	"-"	""
"PPA0204"	957	"MobiDBLite"	"mobidb-lite"	"consensus disorder prediction"	774	788	"-"	"-"	"-"	""
"PPA0204"	957	"MobiDBLite"	"mobidb-lite"	"consensus disorder prediction"	615	629	"-"	"-"	"-"	""
"PPA0204"	957	"MobiDBLite"	"mobidb-lite"	"consensus disorder prediction"	748	763	"-"	"-"	"-"	""
"PPA0207"	191	"MobiDBLite"	"mobidb-lite"	"consensus disorder prediction"	169	191	"-"	"-"	"-"	""
"PPA0210"	611	"MobiDBLite"	"mobidb-lite"	"consensus disorder prediction"	1	112	"-"	"-"	"-"	""
"PPA0210"	611	"MobiDBLite"	"mobidb-lite"	"consensus disorder prediction"	575	611	"-"	"-"	"-"	""
"PPA0210"	611	"MobiDBLite"	"mobidb-lite"	"consensus disorder prediction"	597	611	"-"	"-"	"-"	""
"PPA0210"	611	"MobiDBLite"	"mobidb-lite"	"consensus disorder prediction"	79	96	"-"	"-"	"-"	""
"PPA0213"	299	"MobiDBLite"	"mobidb-lite"	"consensus disorder prediction"	1	32	"-"	"-"	"-"	""
"PPA0224"	195	"MobiDBLite"	"mobidb-lite"	"consensus disorder prediction"	36	57	"-"	"-"	"-"	""
"PPA0226"	178	"MobiDBLite"	"mobidb-lite"	"consensus disorder prediction"	142	178	"-"	"-"	"-"	""
"PPA0234"	104	"MobiDBLite"	"mobidb-lite"	"consensus disorder prediction"	49	67	"-"	"-"	"-"	""
"PPA0234"	104	"MobiDBLite"	"mobidb-lite"	"consensus disorder prediction"	45	67	"-"	"-"	"-"	""
"PPA0240"	95	"MobiDBLite"	"mobidb-lite"	"consensus disorder prediction"	1	21	"-"	"-"	"-"	""
"PPA0241"	929	"MobiDBLite"	"mobidb-lite"	"consensus disorder prediction"	859	929	"-"	"-"	"-"	""
"PPA0241"	929	"MobiDBLite"	"mobidb-lite"	"consensus disorder prediction"	901	929	"-"	"-"	"-"	""
"PPA0241"	929	"MobiDBLite"	"mobidb-lite"	"consensus disorder prediction"	479	493	"-"	"-"	"-"	""
"PPA0241"	929	"MobiDBLite"	"mobidb-lite"	"consensus disorder prediction"	813	847	"-"	"-"	"-"	""
"PPA0241"	929	"MobiDBLite"	"mobidb-lite"	"consensus disorder prediction"	885	900	"-"	"-"	"-"	""
"PPA0241"	929	"MobiDBLite"	"mobidb-lite"	"consensus disorder prediction"	859	884	"-"	"-"	"-"	""
"PPA0241"	929	"MobiDBLite"	"mobidb-lite"	"consensus disorder prediction"	461	495	"-"	"-"	"-"	""
"PPA0242"	495	"MobiDBLite"	"mobidb-lite"	"consensus disorder prediction"	250	274	"-"	"-"	"-"	""
"PPA0245"	268	"MobiDBLite"	"mobidb-lite"	"consensus disorder prediction"	41	118	"-"	"-"	"-"	""
"PPA0245"	268	"MobiDBLite"	"mobidb-lite"	"consensus disorder prediction"	1	120	"-"	"-"	"-"	""
"PPA0247"	560	"MobiDBLite"	"mobidb-lite"	"consensus disorder prediction"	28	110	"-"	"-"	"-"	""
"PPA0247"	560	"MobiDBLite"	"mobidb-lite"	"consensus disorder prediction"	28	62	"-"	"-"	"-"	""
"PPA0251"	342	"MobiDBLite"	"mobidb-lite"	"consensus disorder prediction"	33	117	"-"	"-"	"-"	""
"PPA0251"	342	"MobiDBLite"	"mobidb-lite"	"consensus disorder prediction"	197	235	"-"	"-"	"-"	""
"PPA0251"	342	"MobiDBLite"	"mobidb-lite"	"consensus disorder prediction"	236	250	"-"	"-"	"-"	""
"PPA0251"	342	"MobiDBLite"	"mobidb-lite"	"consensus disorder prediction"	135	159	"-"	"-"	"-"	""
"PPA0251"	342	"MobiDBLite"	"mobidb-lite"	"consensus disorder prediction"	133	159	"-"	"-"	"-"	""
"PPA0251"	342	"MobiDBLite"	"mobidb-lite"	"consensus disorder prediction"	65	108	"-"	"-"	"-"	""
"PPA0251"	342	"MobiDBLite"	"mobidb-lite"	"consensus disorder prediction"	192	264	"-"	"-"	"-"	""
"PPA0252"	155	"MobiDBLite"	"mobidb-lite"	"consensus disorder prediction"	1	22	"-"	"-"	"-"	""
"PPA0260"	717	"MobiDBLite"	"mobidb-lite"	"consensus disorder prediction"	617	717	"-"	"-"	"-"	""
"PPA0260"	717	"MobiDBLite"	"mobidb-lite"	"consensus disorder prediction"	687	717	"-"	"-"	"-"	""
"PPA0268"	324	"MobiDBLite"	"mobidb-lite"	"consensus disorder prediction"	270	291	"-"	"-"	"-"	""
"PPA0270"	225	"MobiDBLite"	"mobidb-lite"	"consensus disorder prediction"	88	109	"-"	"-"	"-"	""
"PPA0270"	225	"MobiDBLite"	"mobidb-lite"	"consensus disorder prediction"	64	78	"-"	"-"	"-"	""
"PPA0270"	225	"MobiDBLite"	"mobidb-lite"	"consensus disorder prediction"	48	62	"-"	"-"	"-"	""
"PPA0270"	225	"MobiDBLite"	"mobidb-lite"	"consensus disorder prediction"	21	116	"-"	"-"	"-"	""
"PPA0274"	178	"MobiDBLite"	"mobidb-lite"	"consensus disorder prediction"	1	22	"-"	"-"	"-"	""
"PPA0274"	178	"MobiDBLite"	"mobidb-lite"	"consensus disorder prediction"	1	15	"-"	"-"	"-"	""
"PPA0277"	105	"MobiDBLite"	"mobidb-lite"	"consensus disorder prediction"	57	105	"-"	"-"	"-"	""
"PPA0277"	105	"MobiDBLite"	"mobidb-lite"	"consensus disorder prediction"	91	105	"-"	"-"	"-"	""
"PPA0278"	844	"MobiDBLite"	"mobidb-lite"	"consensus disorder prediction"	810	844	"-"	"-"	"-"	""
"PPA0281"	254	"MobiDBLite"	"mobidb-lite"	"consensus disorder prediction"	228	254	"-"	"-"	"-"	""
"PPA0287"	302	"MobiDBLite"	"mobidb-lite"	"consensus disorder prediction"	1	77	"-"	"-"	"-"	""
"PPA0291"	206	"MobiDBLite"	"mobidb-lite"	"consensus disorder prediction"	1	37	"-"	"-"	"-"	""
"PPA0291"	206	"MobiDBLite"	"mobidb-lite"	"consensus disorder prediction"	96	113	"-"	"-"	"-"	""
"PPA0291"	206	"MobiDBLite"	"mobidb-lite"	"consensus disorder prediction"	16	32	"-"	"-"	"-"	""
"PPA0291"	206	"MobiDBLite"	"mobidb-lite"	"consensus disorder prediction"	69	113	"-"	"-"	"-"	""
"PPA0294"	559	"MobiDBLite"	"mobidb-lite"	"consensus disorder prediction"	1	18	"-"	"-"	"-"	""
"PPA0294"	559	"MobiDBLite"	"mobidb-lite"	"consensus disorder prediction"	458	477	"-"	"-"	"-"	""
"PPA0294"	559	"MobiDBLite"	"mobidb-lite"	"consensus disorder prediction"	1	44	"-"	"-"	"-"	""
"PPA0294"	559	"MobiDBLite"	"mobidb-lite"	"consensus disorder prediction"	28	43	"-"	"-"	"-"	""
"PPA0299"	309	"MobiDBLite"	"mobidb-lite"	"consensus disorder prediction"	29	46	"-"	"-"	"-"	""
"PPA0299"	309	"MobiDBLite"	"mobidb-lite"	"consensus disorder prediction"	25	49	"-"	"-"	"-"	""
"PPA0302"	348	"MobiDBLite"	"mobidb-lite"	"consensus disorder prediction"	1	35	"-"	"-"	"-"	""
"PPA0308"	683	"MobiDBLite"	"mobidb-lite"	"consensus disorder prediction"	382	456	"-"	"-"	"-"	""
"PPA0310"	210	"MobiDBLite"	"mobidb-lite"	"consensus disorder prediction"	28	105	"-"	"-"	"-"	""
"PPA0310"	210	"MobiDBLite"	"mobidb-lite"	"consensus disorder prediction"	29	96	"-"	"-"	"-"	""
"PPA0317"	278	"MobiDBLite"	"mobidb-lite"	"consensus disorder prediction"	1	20	"-"	"-"	"-"	""
"PPA0318"	437	"MobiDBLite"	"mobidb-lite"	"consensus disorder prediction"	1	28	"-"	"-"	"-"	""
"PPA0320"	33	"MobiDBLite"	"mobidb-lite"	"consensus disorder prediction"	1	33	"-"	"-"	"-"	""
"PPA0323"	571	"MobiDBLite"	"mobidb-lite"	"consensus disorder prediction"	1	20	"-"	"-"	"-"	""
"PPA0323"	571	"MobiDBLite"	"mobidb-lite"	"consensus disorder prediction"	552	571	"-"	"-"	"-"	""
"PPA0339"	308	"MobiDBLite"	"mobidb-lite"	"consensus disorder prediction"	1	26	"-"	"-"	"-"	""
"PPA0339"	308	"MobiDBLite"	"mobidb-lite"	"consensus disorder prediction"	1	23	"-"	"-"	"-"	""
"PPA0341"	383	"MobiDBLite"	"mobidb-lite"	"consensus disorder prediction"	24	53	"-"	"-"	"-"	""
"PPA0341"	383	"MobiDBLite"	"mobidb-lite"	"consensus disorder prediction"	24	55	"-"	"-"	"-"	""
"PPA0342"	313	"MobiDBLite"	"mobidb-lite"	"consensus disorder prediction"	165	185	"-"	"-"	"-"	""
"PPA0343"	701	"MobiDBLite"	"mobidb-lite"	"consensus disorder prediction"	1	20	"-"	"-"	"-"	""
"PPA0345"	294	"MobiDBLite"	"mobidb-lite"	"consensus disorder prediction"	39	57	"-"	"-"	"-"	""
"PPA0345"	294	"MobiDBLite"	"mobidb-lite"	"consensus disorder prediction"	1	59	"-"	"-"	"-"	""
"PPA0351"	572	"MobiDBLite"	"mobidb-lite"	"consensus disorder prediction"	1	21	"-"	"-"	"-"	""
"PPA0363"	356	"MobiDBLite"	"mobidb-lite"	"consensus disorder prediction"	28	71	"-"	"-"	"-"	""
"PPA0363"	356	"MobiDBLite"	"mobidb-lite"	"consensus disorder prediction"	30	64	"-"	"-"	"-"	""
"PPA0378"	274	"MobiDBLite"	"mobidb-lite"	"consensus disorder prediction"	203	231	"-"	"-"	"-"	""
"PPA0378"	274	"MobiDBLite"	"mobidb-lite"	"consensus disorder prediction"	248	274	"-"	"-"	"-"	""
"PPA0378"	274	"MobiDBLite"	"mobidb-lite"	"consensus disorder prediction"	213	231	"-"	"-"	"-"	""
"PPA0383"	318	"MobiDBLite"	"mobidb-lite"	"consensus disorder prediction"	32	59	"-"	"-"	"-"	""
"PPA0383"	318	"MobiDBLite"	"mobidb-lite"	"consensus disorder prediction"	1	70	"-"	"-"	"-"	""
"PPA0384"	490	"MobiDBLite"	"mobidb-lite"	"consensus disorder prediction"	177	204	"-"	"-"	"-"	""
"PPA0384"	490	"MobiDBLite"	"mobidb-lite"	"consensus disorder prediction"	178	204	"-"	"-"	"-"	""
"PPA0385"	72	"MobiDBLite"	"mobidb-lite"	"consensus disorder prediction"	22	55	"-"	"-"	"-"	""
"PPA0387"	172	"MobiDBLite"	"mobidb-lite"	"consensus disorder prediction"	1	34	"-"	"-"	"-"	""
"PPA0387"	172	"MobiDBLite"	"mobidb-lite"	"consensus disorder prediction"	1	37	"-"	"-"	"-"	""
"PPA0387"	172	"MobiDBLite"	"mobidb-lite"	"consensus disorder prediction"	151	172	"-"	"-"	"-"	""
"PPA0391"	238	"MobiDBLite"	"mobidb-lite"	"consensus disorder prediction"	197	238	"-"	"-"	"-"	""
"PPA0391"	238	"MobiDBLite"	"mobidb-lite"	"consensus disorder prediction"	221	238	"-"	"-"	"-"	""
"PPA0395"	439	"MobiDBLite"	"mobidb-lite"	"consensus disorder prediction"	1	18	"-"	"-"	"-"	""
"PPA0395"	439	"MobiDBLite"	"mobidb-lite"	"consensus disorder prediction"	1	20	"-"	"-"	"-"	""
"PPA0399"	318	"MobiDBLite"	"mobidb-lite"	"consensus disorder prediction"	1	29	"-"	"-"	"-"	""
"PPA0411"	338	"MobiDBLite"	"mobidb-lite"	"consensus disorder prediction"	1	23	"-"	"-"	"-"	""
"PPA0414"	99	"MobiDBLite"	"mobidb-lite"	"consensus disorder prediction"	50	88	"-"	"-"	"-"	""
"PPA0414"	99	"MobiDBLite"	"mobidb-lite"	"consensus disorder prediction"	50	99	"-"	"-"	"-"	""
"PPA0417"	235	"MobiDBLite"	"mobidb-lite"	"consensus disorder prediction"	1	20	"-"	"-"	"-"	""
"PPA0417"	235	"MobiDBLite"	"mobidb-lite"	"consensus disorder prediction"	1	18	"-"	"-"	"-"	""
"PPA0421"	323	"MobiDBLite"	"mobidb-lite"	"consensus disorder prediction"	1	36	"-"	"-"	"-"	""
"PPA0421"	323	"MobiDBLite"	"mobidb-lite"	"consensus disorder prediction"	13	29	"-"	"-"	"-"	""
"PPA0422"	856	"MobiDBLite"	"mobidb-lite"	"consensus disorder prediction"	212	239	"-"	"-"	"-"	""
"PPA0422"	856	"MobiDBLite"	"mobidb-lite"	"consensus disorder prediction"	824	856	"-"	"-"	"-"	""
"PPA0432"	144	"MobiDBLite"	"mobidb-lite"	"consensus disorder prediction"	127	144	"-"	"-"	"-"	""
"PPA0432"	144	"MobiDBLite"	"mobidb-lite"	"consensus disorder prediction"	109	144	"-"	"-"	"-"	""
"PPA0437"	204	"MobiDBLite"	"mobidb-lite"	"consensus disorder prediction"	1	21	"-"	"-"	"-"	""
"PPA0437"	204	"MobiDBLite"	"mobidb-lite"	"consensus disorder prediction"	1	18	"-"	"-"	"-"	""
"PPA0440"	346	"MobiDBLite"	"mobidb-lite"	"consensus disorder prediction"	46	77	"-"	"-"	"-"	""
"PPA0442"	295	"MobiDBLite"	"mobidb-lite"	"consensus disorder prediction"	1	22	"-"	"-"	"-"	""
"PPA0446"	529	"MobiDBLite"	"mobidb-lite"	"consensus disorder prediction"	488	529	"-"	"-"	"-"	""
"PPA0447"	309	"MobiDBLite"	"mobidb-lite"	"consensus disorder prediction"	1	31	"-"	"-"	"-"	""
"PPA0453"	544	"MobiDBLite"	"mobidb-lite"	"consensus disorder prediction"	523	544	"-"	"-"	"-"	""
"PPA0457"	346	"MobiDBLite"	"mobidb-lite"	"consensus disorder prediction"	1	50	"-"	"-"	"-"	""
"PPA0457"	346	"MobiDBLite"	"mobidb-lite"	"consensus disorder prediction"	1	43	"-"	"-"	"-"	""
"PPA0470"	360	"MobiDBLite"	"mobidb-lite"	"consensus disorder prediction"	33	65	"-"	"-"	"-"	""
"PPA0472"	334	"MobiDBLite"	"mobidb-lite"	"consensus disorder prediction"	287	321	"-"	"-"	"-"	""
"PPA0472"	334	"MobiDBLite"	"mobidb-lite"	"consensus disorder prediction"	33	55	"-"	"-"	"-"	""
"PPA0472"	334	"MobiDBLite"	"mobidb-lite"	"consensus disorder prediction"	289	309	"-"	"-"	"-"	""
"PPA0475"	251	"MobiDBLite"	"mobidb-lite"	"consensus disorder prediction"	53	67	"-"	"-"	"-"	""
"PPA0475"	251	"MobiDBLite"	"mobidb-lite"	"consensus disorder prediction"	1	141	"-"	"-"	"-"	""
"PPA0475"	251	"MobiDBLite"	"mobidb-lite"	"consensus disorder prediction"	98	113	"-"	"-"	"-"	""
"PPA0478"	266	"MobiDBLite"	"mobidb-lite"	"consensus disorder prediction"	171	191	"-"	"-"	"-"	""
"PPA0492"	219	"MobiDBLite"	"mobidb-lite"	"consensus disorder prediction"	1	23	"-"	"-"	"-"	""
"PPA0492"	219	"MobiDBLite"	"mobidb-lite"	"consensus disorder prediction"	1	16	"-"	"-"	"-"	""
"PPA0494"	435	"MobiDBLite"	"mobidb-lite"	"consensus disorder prediction"	1	36	"-"	"-"	"-"	""
"PPA0496"	267	"MobiDBLite"	"mobidb-lite"	"consensus disorder prediction"	246	267	"-"	"-"	"-"	""
"PPA0501"	79	"MobiDBLite"	"mobidb-lite"	"consensus disorder prediction"	1	22	"-"	"-"	"-"	""
"PPA0518"	281	"MobiDBLite"	"mobidb-lite"	"consensus disorder prediction"	1	23	"-"	"-"	"-"	""
"PPA0520"	415	"MobiDBLite"	"mobidb-lite"	"consensus disorder prediction"	1	40	"-"	"-"	"-"	""
"PPA0527"	323	"MobiDBLite"	"mobidb-lite"	"consensus disorder prediction"	302	323	"-"	"-"	"-"	""
"PPA0529"	227	"MobiDBLite"	"mobidb-lite"	"consensus disorder prediction"	1	23	"-"	"-"	"-"	""
"PPA0532"	425	"MobiDBLite"	"mobidb-lite"	"consensus disorder prediction"	231	257	"-"	"-"	"-"	""
"PPA0535"	229	"MobiDBLite"	"mobidb-lite"	"consensus disorder prediction"	202	229	"-"	"-"	"-"	""
"PPA0541"	1222	"MobiDBLite"	"mobidb-lite"	"consensus disorder prediction"	508	531	"-"	"-"	"-"	""
"PPA0544"	176	"MobiDBLite"	"mobidb-lite"	"consensus disorder prediction"	27	72	"-"	"-"	"-"	""
"PPA0544"	176	"MobiDBLite"	"mobidb-lite"	"consensus disorder prediction"	37	68	"-"	"-"	"-"	""
"PPA0546"	217	"MobiDBLite"	"mobidb-lite"	"consensus disorder prediction"	203	217	"-"	"-"	"-"	""
"PPA0546"	217	"MobiDBLite"	"mobidb-lite"	"consensus disorder prediction"	1	60	"-"	"-"	"-"	""
"PPA0546"	217	"MobiDBLite"	"mobidb-lite"	"consensus disorder prediction"	1	47	"-"	"-"	"-"	""
"PPA0546"	217	"MobiDBLite"	"mobidb-lite"	"consensus disorder prediction"	156	217	"-"	"-"	"-"	""
"PPA0550"	231	"MobiDBLite"	"mobidb-lite"	"consensus disorder prediction"	55	69	"-"	"-"	"-"	""
"PPA0550"	231	"MobiDBLite"	"mobidb-lite"	"consensus disorder prediction"	55	83	"-"	"-"	"-"	""
"PPA0557"	539	"MobiDBLite"	"mobidb-lite"	"consensus disorder prediction"	1	24	"-"	"-"	"-"	""
"PPA0559"	408	"MobiDBLite"	"mobidb-lite"	"consensus disorder prediction"	6	25	"-"	"-"	"-"	""
"PPA0559"	408	"MobiDBLite"	"mobidb-lite"	"consensus disorder prediction"	1	25	"-"	"-"	"-"	""
"PPA0560"	327	"MobiDBLite"	"mobidb-lite"	"consensus disorder prediction"	96	117	"-"	"-"	"-"	""
"PPA0560"	327	"MobiDBLite"	"mobidb-lite"	"consensus disorder prediction"	96	116	"-"	"-"	"-"	""
"PPA0560"	327	"MobiDBLite"	"mobidb-lite"	"consensus disorder prediction"	24	71	"-"	"-"	"-"	""
"PPA0561"	168	"MobiDBLite"	"mobidb-lite"	"consensus disorder prediction"	41	61	"-"	"-"	"-"	""
"PPA0570"	508	"MobiDBLite"	"mobidb-lite"	"consensus disorder prediction"	406	508	"-"	"-"	"-"	""
"PPA0570"	508	"MobiDBLite"	"mobidb-lite"	"consensus disorder prediction"	1	20	"-"	"-"	"-"	""
"PPA0570"	508	"MobiDBLite"	"mobidb-lite"	"consensus disorder prediction"	354	383	"-"	"-"	"-"	""
"PPA0570"	508	"MobiDBLite"	"mobidb-lite"	"consensus disorder prediction"	426	445	"-"	"-"	"-"	""
"PPA0571"	423	"MobiDBLite"	"mobidb-lite"	"consensus disorder prediction"	374	404	"-"	"-"	"-"	""
"PPA0573"	406	"MobiDBLite"	"mobidb-lite"	"consensus disorder prediction"	386	406	"-"	"-"	"-"	""
"PPA0595"	636	"MobiDBLite"	"mobidb-lite"	"consensus disorder prediction"	1	27	"-"	"-"	"-"	""
"PPA0598"	490	"MobiDBLite"	"mobidb-lite"	"consensus disorder prediction"	219	239	"-"	"-"	"-"	""
"PPA0598"	490	"MobiDBLite"	"mobidb-lite"	"consensus disorder prediction"	222	239	"-"	"-"	"-"	""
"PPA0604"	406	"MobiDBLite"	"mobidb-lite"	"consensus disorder prediction"	320	378	"-"	"-"	"-"	""
"PPA0609"	351	"MobiDBLite"	"mobidb-lite"	"consensus disorder prediction"	1	21	"-"	"-"	"-"	""
"PPA0609"	351	"MobiDBLite"	"mobidb-lite"	"consensus disorder prediction"	328	351	"-"	"-"	"-"	""
"PPA0620"	1152	"MobiDBLite"	"mobidb-lite"	"consensus disorder prediction"	464	489	"-"	"-"	"-"	""
"PPA0627"	106	"MobiDBLite"	"mobidb-lite"	"consensus disorder prediction"	82	106	"-"	"-"	"-"	""
"PPA0629"	312	"MobiDBLite"	"mobidb-lite"	"consensus disorder prediction"	289	312	"-"	"-"	"-"	""
"PPA0629"	312	"MobiDBLite"	"mobidb-lite"	"consensus disorder prediction"	10	24	"-"	"-"	"-"	""
"PPA0629"	312	"MobiDBLite"	"mobidb-lite"	"consensus disorder prediction"	298	312	"-"	"-"	"-"	""
"PPA0629"	312	"MobiDBLite"	"mobidb-lite"	"consensus disorder prediction"	1	24	"-"	"-"	"-"	""
"PPA0637"	101	"MobiDBLite"	"mobidb-lite"	"consensus disorder prediction"	75	101	"-"	"-"	"-"	""
"PPA0650"	498	"MobiDBLite"	"mobidb-lite"	"consensus disorder prediction"	1	23	"-"	"-"	"-"	""
"PPA0656"	404	"MobiDBLite"	"mobidb-lite"	"consensus disorder prediction"	1	66	"-"	"-"	"-"	""
"PPA0663"	289	"MobiDBLite"	"mobidb-lite"	"consensus disorder prediction"	81	139	"-"	"-"	"-"	""
"PPA0663"	289	"MobiDBLite"	"mobidb-lite"	"consensus disorder prediction"	14	31	"-"	"-"	"-"	""
"PPA0663"	289	"MobiDBLite"	"mobidb-lite"	"consensus disorder prediction"	81	128	"-"	"-"	"-"	""
"PPA0663"	289	"MobiDBLite"	"mobidb-lite"	"consensus disorder prediction"	1	51	"-"	"-"	"-"	""
"PPA0670"	211	"MobiDBLite"	"mobidb-lite"	"consensus disorder prediction"	30	51	"-"	"-"	"-"	""
"PPA0670"	211	"MobiDBLite"	"mobidb-lite"	"consensus disorder prediction"	188	211	"-"	"-"	"-"	""
"PPA0681"	400	"MobiDBLite"	"mobidb-lite"	"consensus disorder prediction"	1	22	"-"	"-"	"-"	""
"PPA0682"	601	"MobiDBLite"	"mobidb-lite"	"consensus disorder prediction"	502	529	"-"	"-"	"-"	""
"PPA0683"	256	"MobiDBLite"	"mobidb-lite"	"consensus disorder prediction"	233	256	"-"	"-"	"-"	""
"PPA0683"	256	"MobiDBLite"	"mobidb-lite"	"consensus disorder prediction"	1	36	"-"	"-"	"-"	""
"PPA0683"	256	"MobiDBLite"	"mobidb-lite"	"consensus disorder prediction"	14	33	"-"	"-"	"-"	""
"PPA0692"	272	"MobiDBLite"	"mobidb-lite"	"consensus disorder prediction"	1	20	"-"	"-"	"-"	""
"PPA0693"	457	"MobiDBLite"	"mobidb-lite"	"consensus disorder prediction"	176	223	"-"	"-"	"-"	""
"PPA0693"	457	"MobiDBLite"	"mobidb-lite"	"consensus disorder prediction"	73	138	"-"	"-"	"-"	""
"PPA0697"	251	"MobiDBLite"	"mobidb-lite"	"consensus disorder prediction"	11	52	"-"	"-"	"-"	""
"PPA0697"	251	"MobiDBLite"	"mobidb-lite"	"consensus disorder prediction"	53	68	"-"	"-"	"-"	""
"PPA0697"	251	"MobiDBLite"	"mobidb-lite"	"consensus disorder prediction"	1	133	"-"	"-"	"-"	""
"PPA0697"	251	"MobiDBLite"	"mobidb-lite"	"consensus disorder prediction"	89	133	"-"	"-"	"-"	""
"PPA0698"	267	"MobiDBLite"	"mobidb-lite"	"consensus disorder prediction"	232	267	"-"	"-"	"-"	""
"PPA0701"	302	"MobiDBLite"	"mobidb-lite"	"consensus disorder prediction"	1	16	"-"	"-"	"-"	""
"PPA0701"	302	"MobiDBLite"	"mobidb-lite"	"consensus disorder prediction"	1	22	"-"	"-"	"-"	""
"PPA0702"	572	"MobiDBLite"	"mobidb-lite"	"consensus disorder prediction"	549	572	"-"	"-"	"-"	""
"PPA0710"	559	"MobiDBLite"	"mobidb-lite"	"consensus disorder prediction"	1	26	"-"	"-"	"-"	""
"PPA0711"	350	"MobiDBLite"	"mobidb-lite"	"consensus disorder prediction"	1	26	"-"	"-"	"-"	""
"PPA0717"	371	"MobiDBLite"	"mobidb-lite"	"consensus disorder prediction"	189	330	"-"	"-"	"-"	""
"PPA0717"	371	"MobiDBLite"	"mobidb-lite"	"consensus disorder prediction"	9	24	"-"	"-"	"-"	""
"PPA0717"	371	"MobiDBLite"	"mobidb-lite"	"consensus disorder prediction"	276	290	"-"	"-"	"-"	""
"PPA0717"	371	"MobiDBLite"	"mobidb-lite"	"consensus disorder prediction"	216	233	"-"	"-"	"-"	""
"PPA0717"	371	"MobiDBLite"	"mobidb-lite"	"consensus disorder prediction"	241	257	"-"	"-"	"-"	""
"PPA0717"	371	"MobiDBLite"	"mobidb-lite"	"consensus disorder prediction"	1	24	"-"	"-"	"-"	""
"PPA0720"	633	"MobiDBLite"	"mobidb-lite"	"consensus disorder prediction"	612	633	"-"	"-"	"-"	""
"PPA0721"	385	"MobiDBLite"	"mobidb-lite"	"consensus disorder prediction"	212	270	"-"	"-"	"-"	""
"PPA0721"	385	"MobiDBLite"	"mobidb-lite"	"consensus disorder prediction"	163	182	"-"	"-"	"-"	""
"PPA0721"	385	"MobiDBLite"	"mobidb-lite"	"consensus disorder prediction"	232	270	"-"	"-"	"-"	""
"PPA0723"	135	"MobiDBLite"	"mobidb-lite"	"consensus disorder prediction"	23	69	"-"	"-"	"-"	""
"PPA0724"	251	"MobiDBLite"	"mobidb-lite"	"consensus disorder prediction"	229	251	"-"	"-"	"-"	""
"PPA0725"	185	"MobiDBLite"	"mobidb-lite"	"consensus disorder prediction"	130	167	"-"	"-"	"-"	""
"PPA0725"	185	"MobiDBLite"	"mobidb-lite"	"consensus disorder prediction"	132	158	"-"	"-"	"-"	""
"PPA0729"	470	"MobiDBLite"	"mobidb-lite"	"consensus disorder prediction"	316	407	"-"	"-"	"-"	""
"PPA0729"	470	"MobiDBLite"	"mobidb-lite"	"consensus disorder prediction"	348	374	"-"	"-"	"-"	""
"PPA0734"	419	"MobiDBLite"	"mobidb-lite"	"consensus disorder prediction"	390	419	"-"	"-"	"-"	""
"PPA0734"	419	"MobiDBLite"	"mobidb-lite"	"consensus disorder prediction"	259	287	"-"	"-"	"-"	""
"PPA0734"	419	"MobiDBLite"	"mobidb-lite"	"consensus disorder prediction"	404	419	"-"	"-"	"-"	""
"PPA0734"	419	"MobiDBLite"	"mobidb-lite"	"consensus disorder prediction"	273	287	"-"	"-"	"-"	""
"PPA0737"	152	"MobiDBLite"	"mobidb-lite"	"consensus disorder prediction"	130	152	"-"	"-"	"-"	""
"PPA0737"	152	"MobiDBLite"	"mobidb-lite"	"consensus disorder prediction"	134	152	"-"	"-"	"-"	""
"PPA0739"	159	"MobiDBLite"	"mobidb-lite"	"consensus disorder prediction"	141	159	"-"	"-"	"-"	""
"PPA0739"	159	"MobiDBLite"	"mobidb-lite"	"consensus disorder prediction"	138	159	"-"	"-"	"-"	""
"PPA0742"	994	"MobiDBLite"	"mobidb-lite"	"consensus disorder prediction"	1	20	"-"	"-"	"-"	""
"PPA0745"	73	"MobiDBLite"	"mobidb-lite"	"consensus disorder prediction"	1	73	"-"	"-"	"-"	""
"PPA0745"	73	"MobiDBLite"	"mobidb-lite"	"consensus disorder prediction"	53	73	"-"	"-"	"-"	""
"PPA0745"	73	"MobiDBLite"	"mobidb-lite"	"consensus disorder prediction"	25	52	"-"	"-"	"-"	""
"PPA0746"	737	"MobiDBLite"	"mobidb-lite"	"consensus disorder prediction"	553	597	"-"	"-"	"-"	""
"PPA0746"	737	"MobiDBLite"	"mobidb-lite"	"consensus disorder prediction"	550	597	"-"	"-"	"-"	""
"PPA0751"	154	"MobiDBLite"	"mobidb-lite"	"consensus disorder prediction"	1	21	"-"	"-"	"-"	""
"PPA0752"	641	"MobiDBLite"	"mobidb-lite"	"consensus disorder prediction"	1	17	"-"	"-"	"-"	""
"PPA0752"	641	"MobiDBLite"	"mobidb-lite"	"consensus disorder prediction"	30	44	"-"	"-"	"-"	""
"PPA0752"	641	"MobiDBLite"	"mobidb-lite"	"consensus disorder prediction"	1	46	"-"	"-"	"-"	""
"PPA0757"	440	"MobiDBLite"	"mobidb-lite"	"consensus disorder prediction"	416	440	"-"	"-"	"-"	""
"PPA0757"	440	"MobiDBLite"	"mobidb-lite"	"consensus disorder prediction"	1	24	"-"	"-"	"-"	""
"PPA0761"	417	"MobiDBLite"	"mobidb-lite"	"consensus disorder prediction"	318	398	"-"	"-"	"-"	""
"PPA0761"	417	"MobiDBLite"	"mobidb-lite"	"consensus disorder prediction"	318	417	"-"	"-"	"-"	""
"PPA0763"	172	"MobiDBLite"	"mobidb-lite"	"consensus disorder prediction"	21	35	"-"	"-"	"-"	""
"PPA0763"	172	"MobiDBLite"	"mobidb-lite"	"consensus disorder prediction"	44	73	"-"	"-"	"-"	""
"PPA0763"	172	"MobiDBLite"	"mobidb-lite"	"consensus disorder prediction"	18	73	"-"	"-"	"-"	""
"PPA0765"	361	"MobiDBLite"	"mobidb-lite"	"consensus disorder prediction"	249	271	"-"	"-"	"-"	""
"PPA0765"	361	"MobiDBLite"	"mobidb-lite"	"consensus disorder prediction"	335	361	"-"	"-"	"-"	""
"PPA0765"	361	"MobiDBLite"	"mobidb-lite"	"consensus disorder prediction"	253	269	"-"	"-"	"-"	""
"PPA0765"	361	"MobiDBLite"	"mobidb-lite"	"consensus disorder prediction"	84	116	"-"	"-"	"-"	""
"PPA0765"	361	"MobiDBLite"	"mobidb-lite"	"consensus disorder prediction"	102	116	"-"	"-"	"-"	""
"PPA0772"	210	"MobiDBLite"	"mobidb-lite"	"consensus disorder prediction"	1	20	"-"	"-"	"-"	""
"PPA0775"	809	"MobiDBLite"	"mobidb-lite"	"consensus disorder prediction"	546	568	"-"	"-"	"-"	""
"PPA0777"	258	"MobiDBLite"	"mobidb-lite"	"consensus disorder prediction"	63	98	"-"	"-"	"-"	""
"PPA0777"	258	"MobiDBLite"	"mobidb-lite"	"consensus disorder prediction"	7	28	"-"	"-"	"-"	""
"PPA0777"	258	"MobiDBLite"	"mobidb-lite"	"consensus disorder prediction"	1	32	"-"	"-"	"-"	""
"PPA0777"	258	"MobiDBLite"	"mobidb-lite"	"consensus disorder prediction"	63	86	"-"	"-"	"-"	""
"PPA0778"	498	"MobiDBLite"	"mobidb-lite"	"consensus disorder prediction"	464	479	"-"	"-"	"-"	""
"PPA0778"	498	"MobiDBLite"	"mobidb-lite"	"consensus disorder prediction"	461	498	"-"	"-"	"-"	""
"PPA0778"	498	"MobiDBLite"	"mobidb-lite"	"consensus disorder prediction"	1	20	"-"	"-"	"-"	""
"PPA0779"	467	"MobiDBLite"	"mobidb-lite"	"consensus disorder prediction"	178	228	"-"	"-"	"-"	""
"PPA0779"	467	"MobiDBLite"	"mobidb-lite"	"consensus disorder prediction"	147	228	"-"	"-"	"-"	""
"PPA0780"	439	"MobiDBLite"	"mobidb-lite"	"consensus disorder prediction"	94	123	"-"	"-"	"-"	""
"PPA0780"	439	"MobiDBLite"	"mobidb-lite"	"consensus disorder prediction"	1	20	"-"	"-"	"-"	""
"PPA0780"	439	"MobiDBLite"	"mobidb-lite"	"consensus disorder prediction"	94	159	"-"	"-"	"-"	""
"PPA0786"	399	"MobiDBLite"	"mobidb-lite"	"consensus disorder prediction"	114	134	"-"	"-"	"-"	""
"PPA0786"	399	"MobiDBLite"	"mobidb-lite"	"consensus disorder prediction"	100	164	"-"	"-"	"-"	""
"PPA0788"	600	"MobiDBLite"	"mobidb-lite"	"consensus disorder prediction"	262	314	"-"	"-"	"-"	""
"PPA0788"	600	"MobiDBLite"	"mobidb-lite"	"consensus disorder prediction"	262	287	"-"	"-"	"-"	""
"PPA0789"	138	"MobiDBLite"	"mobidb-lite"	"consensus disorder prediction"	22	46	"-"	"-"	"-"	""
"PPA0791"	857	"MobiDBLite"	"mobidb-lite"	"consensus disorder prediction"	795	821	"-"	"-"	"-"	""
"PPA0791"	857	"MobiDBLite"	"mobidb-lite"	"consensus disorder prediction"	795	813	"-"	"-"	"-"	""
"PPA0800"	253	"MobiDBLite"	"mobidb-lite"	"consensus disorder prediction"	188	205	"-"	"-"	"-"	""
"PPA0800"	253	"MobiDBLite"	"mobidb-lite"	"consensus disorder prediction"	185	221	"-"	"-"	"-"	""
"PPA0807"	989	"MobiDBLite"	"mobidb-lite"	"consensus disorder prediction"	972	989	"-"	"-"	"-"	""
"PPA0807"	989	"MobiDBLite"	"mobidb-lite"	"consensus disorder prediction"	959	989	"-"	"-"	"-"	""
"PPA0815"	329	"MobiDBLite"	"mobidb-lite"	"consensus disorder prediction"	308	329	"-"	"-"	"-"	""
"PPA0820"	118	"MobiDBLite"	"mobidb-lite"	"consensus disorder prediction"	1	22	"-"	"-"	"-"	""
"PPA0821"	481	"MobiDBLite"	"mobidb-lite"	"consensus disorder prediction"	461	481	"-"	"-"	"-"	""
"PPA0826"	874	"MobiDBLite"	"mobidb-lite"	"consensus disorder prediction"	837	874	"-"	"-"	"-"	""
"PPA0826"	874	"MobiDBLite"	"mobidb-lite"	"consensus disorder prediction"	1	410	"-"	"-"	"-"	""
"PPA0826"	874	"MobiDBLite"	"mobidb-lite"	"consensus disorder prediction"	355	380	"-"	"-"	"-"	""
"PPA0826"	874	"MobiDBLite"	"mobidb-lite"	"consensus disorder prediction"	101	121	"-"	"-"	"-"	""
"PPA0826"	874	"MobiDBLite"	"mobidb-lite"	"consensus disorder prediction"	1	16	"-"	"-"	"-"	""
"PPA0826"	874	"MobiDBLite"	"mobidb-lite"	"consensus disorder prediction"	68	84	"-"	"-"	"-"	""
"PPA0826"	874	"MobiDBLite"	"mobidb-lite"	"consensus disorder prediction"	316	331	"-"	"-"	"-"	""
"PPA0826"	874	"MobiDBLite"	"mobidb-lite"	"consensus disorder prediction"	390	410	"-"	"-"	"-"	""
"PPA0826"	874	"MobiDBLite"	"mobidb-lite"	"consensus disorder prediction"	251	281	"-"	"-"	"-"	""
"PPA0829"	89	"MobiDBLite"	"mobidb-lite"	"consensus disorder prediction"	1	22	"-"	"-"	"-"	""
"PPA0830"	199	"MobiDBLite"	"mobidb-lite"	"consensus disorder prediction"	1	64	"-"	"-"	"-"	""
"PPA0830"	199	"MobiDBLite"	"mobidb-lite"	"consensus disorder prediction"	1	15	"-"	"-"	"-"	""
"PPA0832"	587	"MobiDBLite"	"mobidb-lite"	"consensus disorder prediction"	522	587	"-"	"-"	"-"	""
"PPA0833"	505	"MobiDBLite"	"mobidb-lite"	"consensus disorder prediction"	447	472	"-"	"-"	"-"	""
"PPA0833"	505	"MobiDBLite"	"mobidb-lite"	"consensus disorder prediction"	29	48	"-"	"-"	"-"	""
"PPA0834"	411	"MobiDBLite"	"mobidb-lite"	"consensus disorder prediction"	390	411	"-"	"-"	"-"	""
"PPA0839"	494	"MobiDBLite"	"mobidb-lite"	"consensus disorder prediction"	454	494	"-"	"-"	"-"	""
"PPA0839"	494	"MobiDBLite"	"mobidb-lite"	"consensus disorder prediction"	454	475	"-"	"-"	"-"	""
"PPA0843"	131	"MobiDBLite"	"mobidb-lite"	"consensus disorder prediction"	73	91	"-"	"-"	"-"	""
"PPA0843"	131	"MobiDBLite"	"mobidb-lite"	"consensus disorder prediction"	43	111	"-"	"-"	"-"	""
"PPA0844"	199	"MobiDBLite"	"mobidb-lite"	"consensus disorder prediction"	1	21	"-"	"-"	"-"	""
"PPA0844"	199	"MobiDBLite"	"mobidb-lite"	"consensus disorder prediction"	175	199	"-"	"-"	"-"	""
"PPA0844"	199	"MobiDBLite"	"mobidb-lite"	"consensus disorder prediction"	1	19	"-"	"-"	"-"	""
"PPA0849"	563	"MobiDBLite"	"mobidb-lite"	"consensus disorder prediction"	469	490	"-"	"-"	"-"	""
"PPA0849"	563	"MobiDBLite"	"mobidb-lite"	"consensus disorder prediction"	436	452	"-"	"-"	"-"	""
"PPA0849"	563	"MobiDBLite"	"mobidb-lite"	"consensus disorder prediction"	436	457	"-"	"-"	"-"	""
"PPA0855"	66	"MobiDBLite"	"mobidb-lite"	"consensus disorder prediction"	1	30	"-"	"-"	"-"	""
"PPA0855"	66	"MobiDBLite"	"mobidb-lite"	"consensus disorder prediction"	1	17	"-"	"-"	"-"	""
"PPA0858"	174	"MobiDBLite"	"mobidb-lite"	"consensus disorder prediction"	118	154	"-"	"-"	"-"	""
"PPA0858"	174	"MobiDBLite"	"mobidb-lite"	"consensus disorder prediction"	117	174	"-"	"-"	"-"	""
"PPA0889"	184	"MobiDBLite"	"mobidb-lite"	"consensus disorder prediction"	43	85	"-"	"-"	"-"	""
"PPA0889"	184	"MobiDBLite"	"mobidb-lite"	"consensus disorder prediction"	51	80	"-"	"-"	"-"	""
"PPA0892"	352	"MobiDBLite"	"mobidb-lite"	"consensus disorder prediction"	109	131	"-"	"-"	"-"	""
"PPA0894"	283	"MobiDBLite"	"mobidb-lite"	"consensus disorder prediction"	91	112	"-"	"-"	"-"	""
"PPA0894"	283	"MobiDBLite"	"mobidb-lite"	"consensus disorder prediction"	88	112	"-"	"-"	"-"	""
"PPA0894"	283	"MobiDBLite"	"mobidb-lite"	"consensus disorder prediction"	192	206	"-"	"-"	"-"	""
"PPA0894"	283	"MobiDBLite"	"mobidb-lite"	"consensus disorder prediction"	188	225	"-"	"-"	"-"	""
"PPA0894"	283	"MobiDBLite"	"mobidb-lite"	"consensus disorder prediction"	1	46	"-"	"-"	"-"	""
"PPA0896"	569	"MobiDBLite"	"mobidb-lite"	"consensus disorder prediction"	474	500	"-"	"-"	"-"	""
"PPA0896"	569	"MobiDBLite"	"mobidb-lite"	"consensus disorder prediction"	474	499	"-"	"-"	"-"	""
"PPA0898"	88	"MobiDBLite"	"mobidb-lite"	"consensus disorder prediction"	73	88	"-"	"-"	"-"	""
"PPA0898"	88	"MobiDBLite"	"mobidb-lite"	"consensus disorder prediction"	1	25	"-"	"-"	"-"	""
"PPA0898"	88	"MobiDBLite"	"mobidb-lite"	"consensus disorder prediction"	68	88	"-"	"-"	"-"	""
"PPA0916"	392	"MobiDBLite"	"mobidb-lite"	"consensus disorder prediction"	367	392	"-"	"-"	"-"	""
"PPA0919"	635	"MobiDBLite"	"mobidb-lite"	"consensus disorder prediction"	468	489	"-"	"-"	"-"	""
"PPA0930"	71	"MobiDBLite"	"mobidb-lite"	"consensus disorder prediction"	38	71	"-"	"-"	"-"	""
"PPA0931"	272	"MobiDBLite"	"mobidb-lite"	"consensus disorder prediction"	1	20	"-"	"-"	"-"	""
"PPA0937"	155	"MobiDBLite"	"mobidb-lite"	"consensus disorder prediction"	64	84	"-"	"-"	"-"	""
"PPA0942"	268	"MobiDBLite"	"mobidb-lite"	"consensus disorder prediction"	1	27	"-"	"-"	"-"	""
"PPA0942"	268	"MobiDBLite"	"mobidb-lite"	"consensus disorder prediction"	8	27	"-"	"-"	"-"	""
"PPA0951"	710	"MobiDBLite"	"mobidb-lite"	"consensus disorder prediction"	16	64	"-"	"-"	"-"	""
"PPA0953"	588	"MobiDBLite"	"mobidb-lite"	"consensus disorder prediction"	1	37	"-"	"-"	"-"	""
"PPA0953"	588	"MobiDBLite"	"mobidb-lite"	"consensus disorder prediction"	22	37	"-"	"-"	"-"	""
"PPA0955"	369	"MobiDBLite"	"mobidb-lite"	"consensus disorder prediction"	54	73	"-"	"-"	"-"	""
"PPA0957"	623	"MobiDBLite"	"mobidb-lite"	"consensus disorder prediction"	440	465	"-"	"-"	"-"	""
"PPA0970"	65	"MobiDBLite"	"mobidb-lite"	"consensus disorder prediction"	51	65	"-"	"-"	"-"	""
"PPA0970"	65	"MobiDBLite"	"mobidb-lite"	"consensus disorder prediction"	35	65	"-"	"-"	"-"	""
"PPA0974"	372	"MobiDBLite"	"mobidb-lite"	"consensus disorder prediction"	1	21	"-"	"-"	"-"	""
"PPA0987"	481	"MobiDBLite"	"mobidb-lite"	"consensus disorder prediction"	1	23	"-"	"-"	"-"	""
"PPA0988"	413	"MobiDBLite"	"mobidb-lite"	"consensus disorder prediction"	1	29	"-"	"-"	"-"	""
"PPA1006"	481	"MobiDBLite"	"mobidb-lite"	"consensus disorder prediction"	148	188	"-"	"-"	"-"	""
"PPA1014"	542	"MobiDBLite"	"mobidb-lite"	"consensus disorder prediction"	53	92	"-"	"-"	"-"	""
"PPA1014"	542	"MobiDBLite"	"mobidb-lite"	"consensus disorder prediction"	52	92	"-"	"-"	"-"	""
"PPA1018"	66	"MobiDBLite"	"mobidb-lite"	"consensus disorder prediction"	1	66	"-"	"-"	"-"	""
"PPA1018"	66	"MobiDBLite"	"mobidb-lite"	"consensus disorder prediction"	36	66	"-"	"-"	"-"	""
"PPA1018"	66	"MobiDBLite"	"mobidb-lite"	"consensus disorder prediction"	1	23	"-"	"-"	"-"	""
"PPA1021"	483	"MobiDBLite"	"mobidb-lite"	"consensus disorder prediction"	1	18	"-"	"-"	"-"	""
"PPA1021"	483	"MobiDBLite"	"mobidb-lite"	"consensus disorder prediction"	201	224	"-"	"-"	"-"	""
"PPA1021"	483	"MobiDBLite"	"mobidb-lite"	"consensus disorder prediction"	1	29	"-"	"-"	"-"	""
"PPA1023"	224	"MobiDBLite"	"mobidb-lite"	"consensus disorder prediction"	1	31	"-"	"-"	"-"	""
"PPA1023"	224	"MobiDBLite"	"mobidb-lite"	"consensus disorder prediction"	1	25	"-"	"-"	"-"	""
"PPA1024"	157	"MobiDBLite"	"mobidb-lite"	"consensus disorder prediction"	1	40	"-"	"-"	"-"	""
"PPA1025"	169	"MobiDBLite"	"mobidb-lite"	"consensus disorder prediction"	146	169	"-"	"-"	"-"	""
"PPA1029"	1361	"MobiDBLite"	"mobidb-lite"	"consensus disorder prediction"	1024	1050	"-"	"-"	"-"	""
"PPA1029"	1361	"MobiDBLite"	"mobidb-lite"	"consensus disorder prediction"	552	584	"-"	"-"	"-"	""
"PPA1029"	1361	"MobiDBLite"	"mobidb-lite"	"consensus disorder prediction"	203	239	"-"	"-"	"-"	""
"PPA1032"	506	"MobiDBLite"	"mobidb-lite"	"consensus disorder prediction"	1	131	"-"	"-"	"-"	""
"PPA1032"	506	"MobiDBLite"	"mobidb-lite"	"consensus disorder prediction"	23	112	"-"	"-"	"-"	""
"PPA1032"	506	"MobiDBLite"	"mobidb-lite"	"consensus disorder prediction"	153	193	"-"	"-"	"-"	""
"PPA1032"	506	"MobiDBLite"	"mobidb-lite"	"consensus disorder prediction"	153	179	"-"	"-"	"-"	""
"PPA1038"	97	"MobiDBLite"	"mobidb-lite"	"consensus disorder prediction"	33	97	"-"	"-"	"-"	""
"PPA1038"	97	"MobiDBLite"	"mobidb-lite"	"consensus disorder prediction"	70	97	"-"	"-"	"-"	""
"PPA1040"	193	"MobiDBLite"	"mobidb-lite"	"consensus disorder prediction"	1	20	"-"	"-"	"-"	""
"PPA1042"	698	"MobiDBLite"	"mobidb-lite"	"consensus disorder prediction"	440	465	"-"	"-"	"-"	""
"PPA1045"	844	"MobiDBLite"	"mobidb-lite"	"consensus disorder prediction"	809	844	"-"	"-"	"-"	""
"PPA1045"	844	"MobiDBLite"	"mobidb-lite"	"consensus disorder prediction"	783	844	"-"	"-"	"-"	""
"PPA1050"	359	"MobiDBLite"	"mobidb-lite"	"consensus disorder prediction"	238	359	"-"	"-"	"-"	""
"PPA1050"	359	"MobiDBLite"	"mobidb-lite"	"consensus disorder prediction"	123	161	"-"	"-"	"-"	""
"PPA1050"	359	"MobiDBLite"	"mobidb-lite"	"consensus disorder prediction"	279	317	"-"	"-"	"-"	""
"PPA1051"	98	"MobiDBLite"	"mobidb-lite"	"consensus disorder prediction"	1	38	"-"	"-"	"-"	""
"PPA1054"	152	"MobiDBLite"	"mobidb-lite"	"consensus disorder prediction"	129	152	"-"	"-"	"-"	""
"PPA1055"	244	"MobiDBLite"	"mobidb-lite"	"consensus disorder prediction"	1	50	"-"	"-"	"-"	""
"PPA1055"	244	"MobiDBLite"	"mobidb-lite"	"consensus disorder prediction"	13	46	"-"	"-"	"-"	""
"PPA1063"	412	"MobiDBLite"	"mobidb-lite"	"consensus disorder prediction"	310	330	"-"	"-"	"-"	""
"PPA1085"	237	"MobiDBLite"	"mobidb-lite"	"consensus disorder prediction"	83	117	"-"	"-"	"-"	""
"PPA1085"	237	"MobiDBLite"	"mobidb-lite"	"consensus disorder prediction"	88	102	"-"	"-"	"-"	""
"PPA1099"	338	"MobiDBLite"	"mobidb-lite"	"consensus disorder prediction"	292	338	"-"	"-"	"-"	""
"PPA1099"	338	"MobiDBLite"	"mobidb-lite"	"consensus disorder prediction"	316	338	"-"	"-"	"-"	""
"PPA1103"	445	"MobiDBLite"	"mobidb-lite"	"consensus disorder prediction"	368	390	"-"	"-"	"-"	""
"PPA1103"	445	"MobiDBLite"	"mobidb-lite"	"consensus disorder prediction"	368	445	"-"	"-"	"-"	""
"PPA1103"	445	"MobiDBLite"	"mobidb-lite"	"consensus disorder prediction"	243	262	"-"	"-"	"-"	""
"PPA1109"	681	"MobiDBLite"	"mobidb-lite"	"consensus disorder prediction"	484	508	"-"	"-"	"-"	""
"PPA1109"	681	"MobiDBLite"	"mobidb-lite"	"consensus disorder prediction"	84	104	"-"	"-"	"-"	""
"PPA1114"	708	"MobiDBLite"	"mobidb-lite"	"consensus disorder prediction"	1	28	"-"	"-"	"-"	""
"PPA1114"	708	"MobiDBLite"	"mobidb-lite"	"consensus disorder prediction"	313	336	"-"	"-"	"-"	""
"PPA1114"	708	"MobiDBLite"	"mobidb-lite"	"consensus disorder prediction"	9	27	"-"	"-"	"-"	""
"PPA1121"	249	"MobiDBLite"	"mobidb-lite"	"consensus disorder prediction"	1	24	"-"	"-"	"-"	""
"PPA1128"	229	"MobiDBLite"	"mobidb-lite"	"consensus disorder prediction"	193	229	"-"	"-"	"-"	""
"PPA1128"	229	"MobiDBLite"	"mobidb-lite"	"consensus disorder prediction"	149	229	"-"	"-"	"-"	""
"PPA1133"	296	"MobiDBLite"	"mobidb-lite"	"consensus disorder prediction"	1	21	"-"	"-"	"-"	""
"PPA1142"	519	"MobiDBLite"	"mobidb-lite"	"consensus disorder prediction"	97	118	"-"	"-"	"-"	""
"PPA1142"	519	"MobiDBLite"	"mobidb-lite"	"consensus disorder prediction"	98	116	"-"	"-"	"-"	""
"PPA1153"	388	"MobiDBLite"	"mobidb-lite"	"consensus disorder prediction"	1	21	"-"	"-"	"-"	""
"PPA1153"	388	"MobiDBLite"	"mobidb-lite"	"consensus disorder prediction"	1	15	"-"	"-"	"-"	""
"PPA1160"	342	"MobiDBLite"	"mobidb-lite"	"consensus disorder prediction"	1	21	"-"	"-"	"-"	""
"PPA1161"	155	"MobiDBLite"	"mobidb-lite"	"consensus disorder prediction"	116	155	"-"	"-"	"-"	""
"PPA1161"	155	"MobiDBLite"	"mobidb-lite"	"consensus disorder prediction"	122	155	"-"	"-"	"-"	""
"PPA1162"	566	"MobiDBLite"	"mobidb-lite"	"consensus disorder prediction"	126	198	"-"	"-"	"-"	""
"PPA1162"	566	"MobiDBLite"	"mobidb-lite"	"consensus disorder prediction"	146	180	"-"	"-"	"-"	""
"PPA1163"	391	"MobiDBLite"	"mobidb-lite"	"consensus disorder prediction"	347	391	"-"	"-"	"-"	""
"PPA1163"	391	"MobiDBLite"	"mobidb-lite"	"consensus disorder prediction"	1	17	"-"	"-"	"-"	""
"PPA1163"	391	"MobiDBLite"	"mobidb-lite"	"consensus disorder prediction"	1	27	"-"	"-"	"-"	""
"PPA1166"	774	"MobiDBLite"	"mobidb-lite"	"consensus disorder prediction"	1	31	"-"	"-"	"-"	""
"PPA1167"	427	"MobiDBLite"	"mobidb-lite"	"consensus disorder prediction"	1	32	"-"	"-"	"-"	""
"PPA1168"	223	"MobiDBLite"	"mobidb-lite"	"consensus disorder prediction"	202	223	"-"	"-"	"-"	""
"PPA1169"	454	"MobiDBLite"	"mobidb-lite"	"consensus disorder prediction"	434	454	"-"	"-"	"-"	""
"PPA1172"	1477	"MobiDBLite"	"mobidb-lite"	"consensus disorder prediction"	1434	1467	"-"	"-"	"-"	""
"PPA1175"	606	"MobiDBLite"	"mobidb-lite"	"consensus disorder prediction"	568	606	"-"	"-"	"-"	""
"PPA1175"	606	"MobiDBLite"	"mobidb-lite"	"consensus disorder prediction"	591	606	"-"	"-"	"-"	""
"PPA1176"	461	"MobiDBLite"	"mobidb-lite"	"consensus disorder prediction"	1	29	"-"	"-"	"-"	""
"PPA1176"	461	"MobiDBLite"	"mobidb-lite"	"consensus disorder prediction"	1	24	"-"	"-"	"-"	""
"PPA1177"	153	"MobiDBLite"	"mobidb-lite"	"consensus disorder prediction"	121	153	"-"	"-"	"-"	""
"PPA1177"	153	"MobiDBLite"	"mobidb-lite"	"consensus disorder prediction"	128	142	"-"	"-"	"-"	""
"PPA1182"	398	"MobiDBLite"	"mobidb-lite"	"consensus disorder prediction"	279	300	"-"	"-"	"-"	""
"PPA1185"	413	"MobiDBLite"	"mobidb-lite"	"consensus disorder prediction"	25	67	"-"	"-"	"-"	""
"PPA1185"	413	"MobiDBLite"	"mobidb-lite"	"consensus disorder prediction"	36	67	"-"	"-"	"-"	""
"PPA1186"	316	"MobiDBLite"	"mobidb-lite"	"consensus disorder prediction"	1	20	"-"	"-"	"-"	""
"PPA1186"	316	"MobiDBLite"	"mobidb-lite"	"consensus disorder prediction"	1	18	"-"	"-"	"-"	""
"PPA1188"	261	"MobiDBLite"	"mobidb-lite"	"consensus disorder prediction"	234	261	"-"	"-"	"-"	""
"PPA1188"	261	"MobiDBLite"	"mobidb-lite"	"consensus disorder prediction"	199	230	"-"	"-"	"-"	""
"PPA1188"	261	"MobiDBLite"	"mobidb-lite"	"consensus disorder prediction"	168	261	"-"	"-"	"-"	""
"PPA1196"	458	"MobiDBLite"	"mobidb-lite"	"consensus disorder prediction"	198	217	"-"	"-"	"-"	""
"PPA1197"	256	"MobiDBLite"	"mobidb-lite"	"consensus disorder prediction"	30	54	"-"	"-"	"-"	""
"PPA1197"	256	"MobiDBLite"	"mobidb-lite"	"consensus disorder prediction"	30	64	"-"	"-"	"-"	""
"PPA1198"	281	"MobiDBLite"	"mobidb-lite"	"consensus disorder prediction"	256	281	"-"	"-"	"-"	""
"PPA1201"	669	"MobiDBLite"	"mobidb-lite"	"consensus disorder prediction"	632	669	"-"	"-"	"-"	""
"PPA1201"	669	"MobiDBLite"	"mobidb-lite"	"consensus disorder prediction"	77	96	"-"	"-"	"-"	""
"PPA1201"	669	"MobiDBLite"	"mobidb-lite"	"consensus disorder prediction"	652	669	"-"	"-"	"-"	""
"PPA1204"	301	"MobiDBLite"	"mobidb-lite"	"consensus disorder prediction"	258	278	"-"	"-"	"-"	""
"PPA1204"	301	"MobiDBLite"	"mobidb-lite"	"consensus disorder prediction"	241	301	"-"	"-"	"-"	""
"PPA1209"	223	"MobiDBLite"	"mobidb-lite"	"consensus disorder prediction"	1	23	"-"	"-"	"-"	""
"PPA1218"	419	"MobiDBLite"	"mobidb-lite"	"consensus disorder prediction"	1	28	"-"	"-"	"-"	""
"PPA1221"	529	"MobiDBLite"	"mobidb-lite"	"consensus disorder prediction"	307	324	"-"	"-"	"-"	""
"PPA1221"	529	"MobiDBLite"	"mobidb-lite"	"consensus disorder prediction"	305	324	"-"	"-"	"-"	""
"PPA1223"	110	"MobiDBLite"	"mobidb-lite"	"consensus disorder prediction"	67	88	"-"	"-"	"-"	""
"PPA1223"	110	"MobiDBLite"	"mobidb-lite"	"consensus disorder prediction"	62	88	"-"	"-"	"-"	""
"PPA1223"	110	"MobiDBLite"	"mobidb-lite"	"consensus disorder prediction"	1	23	"-"	"-"	"-"	""
"PPA1232"	141	"MobiDBLite"	"mobidb-lite"	"consensus disorder prediction"	104	141	"-"	"-"	"-"	""
"PPA1232"	141	"MobiDBLite"	"mobidb-lite"	"consensus disorder prediction"	107	134	"-"	"-"	"-"	""
"PPA1234"	189	"MobiDBLite"	"mobidb-lite"	"consensus disorder prediction"	154	189	"-"	"-"	"-"	""
"PPA1234"	189	"MobiDBLite"	"mobidb-lite"	"consensus disorder prediction"	155	189	"-"	"-"	"-"	""
"PPA1235"	278	"MobiDBLite"	"mobidb-lite"	"consensus disorder prediction"	15	34	"-"	"-"	"-"	""
"PPA1236"	221	"MobiDBLite"	"mobidb-lite"	"consensus disorder prediction"	193	221	"-"	"-"	"-"	""
"PPA1238"	146	"MobiDBLite"	"mobidb-lite"	"consensus disorder prediction"	92	120	"-"	"-"	"-"	""
"PPA1246"	84	"MobiDBLite"	"mobidb-lite"	"consensus disorder prediction"	1	21	"-"	"-"	"-"	""
"PPA1246"	84	"MobiDBLite"	"mobidb-lite"	"consensus disorder prediction"	1	19	"-"	"-"	"-"	""
"PPA1249"	307	"MobiDBLite"	"mobidb-lite"	"consensus disorder prediction"	276	307	"-"	"-"	"-"	""
"PPA1249"	307	"MobiDBLite"	"mobidb-lite"	"consensus disorder prediction"	284	307	"-"	"-"	"-"	""
"PPA1254"	633	"MobiDBLite"	"mobidb-lite"	"consensus disorder prediction"	47	253	"-"	"-"	"-"	""
"PPA1254"	633	"MobiDBLite"	"mobidb-lite"	"consensus disorder prediction"	115	160	"-"	"-"	"-"	""
"PPA1254"	633	"MobiDBLite"	"mobidb-lite"	"consensus disorder prediction"	185	226	"-"	"-"	"-"	""
"PPA1254"	633	"MobiDBLite"	"mobidb-lite"	"consensus disorder prediction"	74	95	"-"	"-"	"-"	""
"PPA1261"	1236	"MobiDBLite"	"mobidb-lite"	"consensus disorder prediction"	1	109	"-"	"-"	"-"	""
"PPA1261"	1236	"MobiDBLite"	"mobidb-lite"	"consensus disorder prediction"	71	103	"-"	"-"	"-"	""
"PPA1261"	1236	"MobiDBLite"	"mobidb-lite"	"consensus disorder prediction"	1	17	"-"	"-"	"-"	""
"PPA1266"	225	"MobiDBLite"	"mobidb-lite"	"consensus disorder prediction"	204	225	"-"	"-"	"-"	""
"PPA1266"	225	"MobiDBLite"	"mobidb-lite"	"consensus disorder prediction"	200	225	"-"	"-"	"-"	""
"PPA1267"	273	"MobiDBLite"	"mobidb-lite"	"consensus disorder prediction"	245	266	"-"	"-"	"-"	""
"PPA1267"	273	"MobiDBLite"	"mobidb-lite"	"consensus disorder prediction"	220	239	"-"	"-"	"-"	""
"PPA1267"	273	"MobiDBLite"	"mobidb-lite"	"consensus disorder prediction"	220	273	"-"	"-"	"-"	""
"PPA1269"	333	"MobiDBLite"	"mobidb-lite"	"consensus disorder prediction"	1	37	"-"	"-"	"-"	""
"PPA1279"	85	"MobiDBLite"	"mobidb-lite"	"consensus disorder prediction"	1	31	"-"	"-"	"-"	""
"PPA1293"	265	"MobiDBLite"	"mobidb-lite"	"consensus disorder prediction"	69	84	"-"	"-"	"-"	""
"PPA1293"	265	"MobiDBLite"	"mobidb-lite"	"consensus disorder prediction"	59	140	"-"	"-"	"-"	""
"PPA1293"	265	"MobiDBLite"	"mobidb-lite"	"consensus disorder prediction"	85	126	"-"	"-"	"-"	""
"PPA1294"	568	"MobiDBLite"	"mobidb-lite"	"consensus disorder prediction"	519	568	"-"	"-"	"-"	""
"PPA1294"	568	"MobiDBLite"	"mobidb-lite"	"consensus disorder prediction"	1	20	"-"	"-"	"-"	""
"PPA1294"	568	"MobiDBLite"	"mobidb-lite"	"consensus disorder prediction"	1	15	"-"	"-"	"-"	""
"PPA1297"	261	"MobiDBLite"	"mobidb-lite"	"consensus disorder prediction"	29	70	"-"	"-"	"-"	""
"PPA1299"	193	"MobiDBLite"	"mobidb-lite"	"consensus disorder prediction"	153	181	"-"	"-"	"-"	""
"PPA1299"	193	"MobiDBLite"	"mobidb-lite"	"consensus disorder prediction"	160	177	"-"	"-"	"-"	""
"PPA1300"	165	"MobiDBLite"	"mobidb-lite"	"consensus disorder prediction"	138	153	"-"	"-"	"-"	""
"PPA1300"	165	"MobiDBLite"	"mobidb-lite"	"consensus disorder prediction"	138	165	"-"	"-"	"-"	""
"PPA1301"	192	"MobiDBLite"	"mobidb-lite"	"consensus disorder prediction"	1	23	"-"	"-"	"-"	""
"PPA1308"	196	"MobiDBLite"	"mobidb-lite"	"consensus disorder prediction"	1	33	"-"	"-"	"-"	""
"PPA1308"	196	"MobiDBLite"	"mobidb-lite"	"consensus disorder prediction"	1	25	"-"	"-"	"-"	""
"PPA1311"	453	"MobiDBLite"	"mobidb-lite"	"consensus disorder prediction"	416	437	"-"	"-"	"-"	""
"PPA1325"	561	"MobiDBLite"	"mobidb-lite"	"consensus disorder prediction"	460	561	"-"	"-"	"-"	""
"PPA1325"	561	"MobiDBLite"	"mobidb-lite"	"consensus disorder prediction"	478	494	"-"	"-"	"-"	""
"PPA1325"	561	"MobiDBLite"	"mobidb-lite"	"consensus disorder prediction"	524	542	"-"	"-"	"-"	""
"PPA1325"	561	"MobiDBLite"	"mobidb-lite"	"consensus disorder prediction"	543	561	"-"	"-"	"-"	""
"PPA1325"	561	"MobiDBLite"	"mobidb-lite"	"consensus disorder prediction"	463	477	"-"	"-"	"-"	""
"PPA1326"	502	"MobiDBLite"	"mobidb-lite"	"consensus disorder prediction"	1	25	"-"	"-"	"-"	""
"PPA1333"	901	"MobiDBLite"	"mobidb-lite"	"consensus disorder prediction"	886	901	"-"	"-"	"-"	""
"PPA1333"	901	"MobiDBLite"	"mobidb-lite"	"consensus disorder prediction"	828	901	"-"	"-"	"-"	""
"PPA1333"	901	"MobiDBLite"	"mobidb-lite"	"consensus disorder prediction"	867	885	"-"	"-"	"-"	""
"PPA1337"	582	"MobiDBLite"	"mobidb-lite"	"consensus disorder prediction"	560	582	"-"	"-"	"-"	""
"PPA1341"	70	"MobiDBLite"	"mobidb-lite"	"consensus disorder prediction"	1	35	"-"	"-"	"-"	""
"PPA1351"	160	"MobiDBLite"	"mobidb-lite"	"consensus disorder prediction"	139	153	"-"	"-"	"-"	""
"PPA1351"	160	"MobiDBLite"	"mobidb-lite"	"consensus disorder prediction"	139	160	"-"	"-"	"-"	""
"PPA1355"	236	"MobiDBLite"	"mobidb-lite"	"consensus disorder prediction"	1	32	"-"	"-"	"-"	""
"PPA1356"	866	"MobiDBLite"	"mobidb-lite"	"consensus disorder prediction"	27	60	"-"	"-"	"-"	""
"PPA1356"	866	"MobiDBLite"	"mobidb-lite"	"consensus disorder prediction"	1	60	"-"	"-"	"-"	""
"PPA1356"	866	"MobiDBLite"	"mobidb-lite"	"consensus disorder prediction"	269	336	"-"	"-"	"-"	""
"PPA1356"	866	"MobiDBLite"	"mobidb-lite"	"consensus disorder prediction"	271	303	"-"	"-"	"-"	""
"PPA1374"	75	"MobiDBLite"	"mobidb-lite"	"consensus disorder prediction"	49	75	"-"	"-"	"-"	""
"PPA1377"	917	"MobiDBLite"	"mobidb-lite"	"consensus disorder prediction"	217	279	"-"	"-"	"-"	""
"PPA1377"	917	"MobiDBLite"	"mobidb-lite"	"consensus disorder prediction"	224	239	"-"	"-"	"-"	""
"PPA1379"	87	"MobiDBLite"	"mobidb-lite"	"consensus disorder prediction"	58	87	"-"	"-"	"-"	""
"PPA1386"	121	"MobiDBLite"	"mobidb-lite"	"consensus disorder prediction"	32	56	"-"	"-"	"-"	""
"PPA1386"	121	"MobiDBLite"	"mobidb-lite"	"consensus disorder prediction"	1	56	"-"	"-"	"-"	""
"PPA1387"	315	"MobiDBLite"	"mobidb-lite"	"consensus disorder prediction"	1	56	"-"	"-"	"-"	""
"PPA1402"	392	"MobiDBLite"	"mobidb-lite"	"consensus disorder prediction"	34	136	"-"	"-"	"-"	""
"PPA1402"	392	"MobiDBLite"	"mobidb-lite"	"consensus disorder prediction"	1	155	"-"	"-"	"-"	""
"PPA1402"	392	"MobiDBLite"	"mobidb-lite"	"consensus disorder prediction"	365	392	"-"	"-"	"-"	""
"PPA1402"	392	"MobiDBLite"	"mobidb-lite"	"consensus disorder prediction"	376	392	"-"	"-"	"-"	""
"PPA1412"	123	"MobiDBLite"	"mobidb-lite"	"consensus disorder prediction"	1	23	"-"	"-"	"-"	""
"PPA1413"	68	"MobiDBLite"	"mobidb-lite"	"consensus disorder prediction"	1	38	"-"	"-"	"-"	""
"PPA1414"	268	"MobiDBLite"	"mobidb-lite"	"consensus disorder prediction"	206	268	"-"	"-"	"-"	""
"PPA1414"	268	"MobiDBLite"	"mobidb-lite"	"consensus disorder prediction"	212	238	"-"	"-"	"-"	""
"PPA1414"	268	"MobiDBLite"	"mobidb-lite"	"consensus disorder prediction"	253	268	"-"	"-"	"-"	""
"PPA1416"	205	"MobiDBLite"	"mobidb-lite"	"consensus disorder prediction"	108	193	"-"	"-"	"-"	""
"PPA1416"	205	"MobiDBLite"	"mobidb-lite"	"consensus disorder prediction"	108	128	"-"	"-"	"-"	""
"PPA1416"	205	"MobiDBLite"	"mobidb-lite"	"consensus disorder prediction"	129	184	"-"	"-"	"-"	""
"PPA1427"	71	"MobiDBLite"	"mobidb-lite"	"consensus disorder prediction"	20	46	"-"	"-"	"-"	""
"PPA1434"	274	"MobiDBLite"	"mobidb-lite"	"consensus disorder prediction"	1	27	"-"	"-"	"-"	""
"PPA1434"	274	"MobiDBLite"	"mobidb-lite"	"consensus disorder prediction"	1	23	"-"	"-"	"-"	""
"PPA1443"	147	"MobiDBLite"	"mobidb-lite"	"consensus disorder prediction"	115	129	"-"	"-"	"-"	""
"PPA1443"	147	"MobiDBLite"	"mobidb-lite"	"consensus disorder prediction"	81	147	"-"	"-"	"-"	""
"PPA1445"	528	"MobiDBLite"	"mobidb-lite"	"consensus disorder prediction"	514	528	"-"	"-"	"-"	""
"PPA1445"	528	"MobiDBLite"	"mobidb-lite"	"consensus disorder prediction"	436	528	"-"	"-"	"-"	""
"PPA1445"	528	"MobiDBLite"	"mobidb-lite"	"consensus disorder prediction"	451	465	"-"	"-"	"-"	""
"PPA1445"	528	"MobiDBLite"	"mobidb-lite"	"consensus disorder prediction"	488	504	"-"	"-"	"-"	""
"PPA1447"	396	"MobiDBLite"	"mobidb-lite"	"consensus disorder prediction"	30	89	"-"	"-"	"-"	""
"PPA1452"	366	"MobiDBLite"	"mobidb-lite"	"consensus disorder prediction"	1	97	"-"	"-"	"-"	""
"PPA1452"	366	"MobiDBLite"	"mobidb-lite"	"consensus disorder prediction"	74	88	"-"	"-"	"-"	""
"PPA1452"	366	"MobiDBLite"	"mobidb-lite"	"consensus disorder prediction"	29	47	"-"	"-"	"-"	""
"PPA1453"	186	"MobiDBLite"	"mobidb-lite"	"consensus disorder prediction"	155	186	"-"	"-"	"-"	""
"PPA1453"	186	"MobiDBLite"	"mobidb-lite"	"consensus disorder prediction"	155	170	"-"	"-"	"-"	""
"PPA1455"	318	"MobiDBLite"	"mobidb-lite"	"consensus disorder prediction"	293	318	"-"	"-"	"-"	""
"PPA1456"	298	"MobiDBLite"	"mobidb-lite"	"consensus disorder prediction"	1	21	"-"	"-"	"-"	""
"PPA1464"	202	"MobiDBLite"	"mobidb-lite"	"consensus disorder prediction"	1	24	"-"	"-"	"-"	""
"PPA1469"	279	"MobiDBLite"	"mobidb-lite"	"consensus disorder prediction"	1	26	"-"	"-"	"-"	""
"PPA1469"	279	"MobiDBLite"	"mobidb-lite"	"consensus disorder prediction"	1	22	"-"	"-"	"-"	""
"PPA1471"	733	"MobiDBLite"	"mobidb-lite"	"consensus disorder prediction"	404	424	"-"	"-"	"-"	""
"PPA1474"	380	"MobiDBLite"	"mobidb-lite"	"consensus disorder prediction"	11	34	"-"	"-"	"-"	""
"PPA1474"	380	"MobiDBLite"	"mobidb-lite"	"consensus disorder prediction"	1	40	"-"	"-"	"-"	""
"PPA1489"	143	"MobiDBLite"	"mobidb-lite"	"consensus disorder prediction"	117	143	"-"	"-"	"-"	""
"PPA1493"	964	"MobiDBLite"	"mobidb-lite"	"consensus disorder prediction"	49	357	"-"	"-"	"-"	""
"PPA1493"	964	"MobiDBLite"	"mobidb-lite"	"consensus disorder prediction"	66	83	"-"	"-"	"-"	""
"PPA1493"	964	"MobiDBLite"	"mobidb-lite"	"consensus disorder prediction"	108	142	"-"	"-"	"-"	""
"PPA1493"	964	"MobiDBLite"	"mobidb-lite"	"consensus disorder prediction"	86	106	"-"	"-"	"-"	""
"PPA1493"	964	"MobiDBLite"	"mobidb-lite"	"consensus disorder prediction"	213	241	"-"	"-"	"-"	""
"PPA1493"	964	"MobiDBLite"	"mobidb-lite"	"consensus disorder prediction"	143	182	"-"	"-"	"-"	""
"PPA1493"	964	"MobiDBLite"	"mobidb-lite"	"consensus disorder prediction"	50	64	"-"	"-"	"-"	""
"PPA1496"	320	"MobiDBLite"	"mobidb-lite"	"consensus disorder prediction"	23	50	"-"	"-"	"-"	""
"PPA1496"	320	"MobiDBLite"	"mobidb-lite"	"consensus disorder prediction"	93	121	"-"	"-"	"-"	""
"PPA1496"	320	"MobiDBLite"	"mobidb-lite"	"consensus disorder prediction"	93	120	"-"	"-"	"-"	""
"PPA1500"	880	"MobiDBLite"	"mobidb-lite"	"consensus disorder prediction"	520	539	"-"	"-"	"-"	""
"PPA1500"	880	"MobiDBLite"	"mobidb-lite"	"consensus disorder prediction"	267	322	"-"	"-"	"-"	""
"PPA1500"	880	"MobiDBLite"	"mobidb-lite"	"consensus disorder prediction"	50	79	"-"	"-"	"-"	""
"PPA1500"	880	"MobiDBLite"	"mobidb-lite"	"consensus disorder prediction"	269	297	"-"	"-"	"-"	""
"PPA1500"	880	"MobiDBLite"	"mobidb-lite"	"consensus disorder prediction"	559	577	"-"	"-"	"-"	""
"PPA1500"	880	"MobiDBLite"	"mobidb-lite"	"consensus disorder prediction"	559	578	"-"	"-"	"-"	""
"PPA1500"	880	"MobiDBLite"	"mobidb-lite"	"consensus disorder prediction"	48	85	"-"	"-"	"-"	""
"PPA1500"	880	"MobiDBLite"	"mobidb-lite"	"consensus disorder prediction"	520	553	"-"	"-"	"-"	""
"PPA1502"	336	"MobiDBLite"	"mobidb-lite"	"consensus disorder prediction"	317	336	"-"	"-"	"-"	""
"PPA1502"	336	"MobiDBLite"	"mobidb-lite"	"consensus disorder prediction"	251	278	"-"	"-"	"-"	""
"PPA1502"	336	"MobiDBLite"	"mobidb-lite"	"consensus disorder prediction"	240	278	"-"	"-"	"-"	""
"PPA1514"	405	"MobiDBLite"	"mobidb-lite"	"consensus disorder prediction"	1	16	"-"	"-"	"-"	""
"PPA1514"	405	"MobiDBLite"	"mobidb-lite"	"consensus disorder prediction"	1	34	"-"	"-"	"-"	""
"PPA1521"	283	"MobiDBLite"	"mobidb-lite"	"consensus disorder prediction"	229	283	"-"	"-"	"-"	""
"PPA1521"	283	"MobiDBLite"	"mobidb-lite"	"consensus disorder prediction"	242	283	"-"	"-"	"-"	""
"PPA1523"	252	"MobiDBLite"	"mobidb-lite"	"consensus disorder prediction"	171	203	"-"	"-"	"-"	""
"PPA1524"	360	"MobiDBLite"	"mobidb-lite"	"consensus disorder prediction"	241	260	"-"	"-"	"-"	""
"PPA1528"	322	"MobiDBLite"	"mobidb-lite"	"consensus disorder prediction"	267	322	"-"	"-"	"-"	""
"PPA1528"	322	"MobiDBLite"	"mobidb-lite"	"consensus disorder prediction"	304	322	"-"	"-"	"-"	""
"PPA1534"	114	"MobiDBLite"	"mobidb-lite"	"consensus disorder prediction"	84	102	"-"	"-"	"-"	""
"PPA1534"	114	"MobiDBLite"	"mobidb-lite"	"consensus disorder prediction"	83	114	"-"	"-"	"-"	""
"PPA1534"	114	"MobiDBLite"	"mobidb-lite"	"consensus disorder prediction"	1	27	"-"	"-"	"-"	""
"PPA1535"	268	"MobiDBLite"	"mobidb-lite"	"consensus disorder prediction"	233	268	"-"	"-"	"-"	""
"PPA1537"	184	"MobiDBLite"	"mobidb-lite"	"consensus disorder prediction"	118	184	"-"	"-"	"-"	""
"PPA1537"	184	"MobiDBLite"	"mobidb-lite"	"consensus disorder prediction"	54	83	"-"	"-"	"-"	""
"PPA1537"	184	"MobiDBLite"	"mobidb-lite"	"consensus disorder prediction"	128	171	"-"	"-"	"-"	""
"PPA1537"	184	"MobiDBLite"	"mobidb-lite"	"consensus disorder prediction"	54	105	"-"	"-"	"-"	""
"PPA1537"	184	"MobiDBLite"	"mobidb-lite"	"consensus disorder prediction"	84	98	"-"	"-"	"-"	""
"PPA1548"	424	"MobiDBLite"	"mobidb-lite"	"consensus disorder prediction"	1	19	"-"	"-"	"-"	""
"PPA1548"	424	"MobiDBLite"	"mobidb-lite"	"consensus disorder prediction"	1	35	"-"	"-"	"-"	""
"PPA1550"	254	"MobiDBLite"	"mobidb-lite"	"consensus disorder prediction"	13	28	"-"	"-"	"-"	""
"PPA1550"	254	"MobiDBLite"	"mobidb-lite"	"consensus disorder prediction"	1	28	"-"	"-"	"-"	""
"PPA1560"	502	"MobiDBLite"	"mobidb-lite"	"consensus disorder prediction"	465	502	"-"	"-"	"-"	""
"PPA1560"	502	"MobiDBLite"	"mobidb-lite"	"consensus disorder prediction"	461	502	"-"	"-"	"-"	""
"PPA1560"	502	"MobiDBLite"	"mobidb-lite"	"consensus disorder prediction"	141	167	"-"	"-"	"-"	""
"PPA1561"	369	"MobiDBLite"	"mobidb-lite"	"consensus disorder prediction"	46	72	"-"	"-"	"-"	""
"PPA1563"	524	"MobiDBLite"	"mobidb-lite"	"consensus disorder prediction"	1	31	"-"	"-"	"-"	""
"PPA1567"	265	"MobiDBLite"	"mobidb-lite"	"consensus disorder prediction"	1	23	"-"	"-"	"-"	""
"PPA1568"	870	"MobiDBLite"	"mobidb-lite"	"consensus disorder prediction"	1	21	"-"	"-"	"-"	""
"PPA1568"	870	"MobiDBLite"	"mobidb-lite"	"consensus disorder prediction"	479	505	"-"	"-"	"-"	""
"PPA1568"	870	"MobiDBLite"	"mobidb-lite"	"consensus disorder prediction"	1	15	"-"	"-"	"-"	""
"PPA1569"	1321	"MobiDBLite"	"mobidb-lite"	"consensus disorder prediction"	188	215	"-"	"-"	"-"	""
"PPA1569"	1321	"MobiDBLite"	"mobidb-lite"	"consensus disorder prediction"	1250	1321	"-"	"-"	"-"	""
"PPA1569"	1321	"MobiDBLite"	"mobidb-lite"	"consensus disorder prediction"	1265	1282	"-"	"-"	"-"	""
"PPA1569"	1321	"MobiDBLite"	"mobidb-lite"	"consensus disorder prediction"	1304	1321	"-"	"-"	"-"	""
"PPA1573"	212	"MobiDBLite"	"mobidb-lite"	"consensus disorder prediction"	1	20	"-"	"-"	"-"	""
"PPA1574"	433	"MobiDBLite"	"mobidb-lite"	"consensus disorder prediction"	41	80	"-"	"-"	"-"	""
"PPA1574"	433	"MobiDBLite"	"mobidb-lite"	"consensus disorder prediction"	1	29	"-"	"-"	"-"	""
"PPA1574"	433	"MobiDBLite"	"mobidb-lite"	"consensus disorder prediction"	41	57	"-"	"-"	"-"	""
"PPA1575"	530	"MobiDBLite"	"mobidb-lite"	"consensus disorder prediction"	441	482	"-"	"-"	"-"	""
"PPA1575"	530	"MobiDBLite"	"mobidb-lite"	"consensus disorder prediction"	432	530	"-"	"-"	"-"	""
"PPA1575"	530	"MobiDBLite"	"mobidb-lite"	"consensus disorder prediction"	501	530	"-"	"-"	"-"	""
"PPA1586"	416	"MobiDBLite"	"mobidb-lite"	"consensus disorder prediction"	1	27	"-"	"-"	"-"	""
"PPA1589"	190	"MobiDBLite"	"mobidb-lite"	"consensus disorder prediction"	1	40	"-"	"-"	"-"	""
"PPA1606"	197	"MobiDBLite"	"mobidb-lite"	"consensus disorder prediction"	94	114	"-"	"-"	"-"	""
"PPA1611"	663	"MobiDBLite"	"mobidb-lite"	"consensus disorder prediction"	459	485	"-"	"-"	"-"	""
"PPA1612"	862	"MobiDBLite"	"mobidb-lite"	"consensus disorder prediction"	460	483	"-"	"-"	"-"	""
"PPA1612"	862	"MobiDBLite"	"mobidb-lite"	"consensus disorder prediction"	455	515	"-"	"-"	"-"	""
"PPA1614"	929	"MobiDBLite"	"mobidb-lite"	"consensus disorder prediction"	1	32	"-"	"-"	"-"	""
"PPA1614"	929	"MobiDBLite"	"mobidb-lite"	"consensus disorder prediction"	44	69	"-"	"-"	"-"	""
"PPA1614"	929	"MobiDBLite"	"mobidb-lite"	"consensus disorder prediction"	1	27	"-"	"-"	"-"	""
"PPA1615"	2117	"MobiDBLite"	"mobidb-lite"	"consensus disorder prediction"	267	312	"-"	"-"	"-"	""
"PPA1615"	2117	"MobiDBLite"	"mobidb-lite"	"consensus disorder prediction"	288	312	"-"	"-"	"-"	""
"PPA1616"	751	"MobiDBLite"	"mobidb-lite"	"consensus disorder prediction"	201	228	"-"	"-"	"-"	""
"PPA1616"	751	"MobiDBLite"	"mobidb-lite"	"consensus disorder prediction"	200	228	"-"	"-"	"-"	""
"PPA1616"	751	"MobiDBLite"	"mobidb-lite"	"consensus disorder prediction"	109	136	"-"	"-"	"-"	""
"PPA1617"	214	"MobiDBLite"	"mobidb-lite"	"consensus disorder prediction"	195	214	"-"	"-"	"-"	""
"PPA1621"	1120	"MobiDBLite"	"mobidb-lite"	"consensus disorder prediction"	1	29	"-"	"-"	"-"	""
"PPA1627"	864	"MobiDBLite"	"mobidb-lite"	"consensus disorder prediction"	728	754	"-"	"-"	"-"	""
"PPA1630"	557	"MobiDBLite"	"mobidb-lite"	"consensus disorder prediction"	410	428	"-"	"-"	"-"	""
"PPA1630"	557	"MobiDBLite"	"mobidb-lite"	"consensus disorder prediction"	408	432	"-"	"-"	"-"	""
"PPA1633"	178	"MobiDBLite"	"mobidb-lite"	"consensus disorder prediction"	1	24	"-"	"-"	"-"	""
"PPA1634"	957	"MobiDBLite"	"mobidb-lite"	"consensus disorder prediction"	681	717	"-"	"-"	"-"	""
"PPA1637"	153	"MobiDBLite"	"mobidb-lite"	"consensus disorder prediction"	138	153	"-"	"-"	"-"	""
"PPA1637"	153	"MobiDBLite"	"mobidb-lite"	"consensus disorder prediction"	115	153	"-"	"-"	"-"	""
"PPA1637"	153	"MobiDBLite"	"mobidb-lite"	"consensus disorder prediction"	115	137	"-"	"-"	"-"	""
"PPA1644"	477	"MobiDBLite"	"mobidb-lite"	"consensus disorder prediction"	360	378	"-"	"-"	"-"	""
"PPA1644"	477	"MobiDBLite"	"mobidb-lite"	"consensus disorder prediction"	357	378	"-"	"-"	"-"	""
"PPA1644"	477	"MobiDBLite"	"mobidb-lite"	"consensus disorder prediction"	282	323	"-"	"-"	"-"	""
"PPA1645"	412	"MobiDBLite"	"mobidb-lite"	"consensus disorder prediction"	16	66	"-"	"-"	"-"	""
"PPA1645"	412	"MobiDBLite"	"mobidb-lite"	"consensus disorder prediction"	15	69	"-"	"-"	"-"	""
"PPA1650"	1134	"MobiDBLite"	"mobidb-lite"	"consensus disorder prediction"	1	33	"-"	"-"	"-"	""
"PPA1650"	1134	"MobiDBLite"	"mobidb-lite"	"consensus disorder prediction"	17	33	"-"	"-"	"-"	""
"PPA1653"	439	"MobiDBLite"	"mobidb-lite"	"consensus disorder prediction"	1	22	"-"	"-"	"-"	""
"PPA1657"	340	"MobiDBLite"	"mobidb-lite"	"consensus disorder prediction"	313	340	"-"	"-"	"-"	""
"PPA1660"	188	"MobiDBLite"	"mobidb-lite"	"consensus disorder prediction"	118	157	"-"	"-"	"-"	""
"PPA1660"	188	"MobiDBLite"	"mobidb-lite"	"consensus disorder prediction"	118	140	"-"	"-"	"-"	""
"PPA1662"	292	"MobiDBLite"	"mobidb-lite"	"consensus disorder prediction"	34	68	"-"	"-"	"-"	""
"PPA1662"	292	"MobiDBLite"	"mobidb-lite"	"consensus disorder prediction"	36	55	"-"	"-"	"-"	""
"PPA1664"	147	"MobiDBLite"	"mobidb-lite"	"consensus disorder prediction"	121	147	"-"	"-"	"-"	""
"PPA1669"	637	"MobiDBLite"	"mobidb-lite"	"consensus disorder prediction"	171	194	"-"	"-"	"-"	""
"PPA1670"	465	"MobiDBLite"	"mobidb-lite"	"consensus disorder prediction"	438	465	"-"	"-"	"-"	""
"PPA1677"	654	"MobiDBLite"	"mobidb-lite"	"consensus disorder prediction"	1	23	"-"	"-"	"-"	""
"PPA1684"	273	"MobiDBLite"	"mobidb-lite"	"consensus disorder prediction"	62	86	"-"	"-"	"-"	""
"PPA1684"	273	"MobiDBLite"	"mobidb-lite"	"consensus disorder prediction"	1	87	"-"	"-"	"-"	""
"PPA1685"	98	"MobiDBLite"	"mobidb-lite"	"consensus disorder prediction"	25	44	"-"	"-"	"-"	""
"PPA1687"	343	"MobiDBLite"	"mobidb-lite"	"consensus disorder prediction"	1	21	"-"	"-"	"-"	""
"PPA1689"	92	"MobiDBLite"	"mobidb-lite"	"consensus disorder prediction"	65	92	"-"	"-"	"-"	""
"PPA1691"	161	"MobiDBLite"	"mobidb-lite"	"consensus disorder prediction"	20	45	"-"	"-"	"-"	""
"PPA1692"	500	"MobiDBLite"	"mobidb-lite"	"consensus disorder prediction"	1	67	"-"	"-"	"-"	""
"PPA1693"	1109	"MobiDBLite"	"mobidb-lite"	"consensus disorder prediction"	1089	1109	"-"	"-"	"-"	""
"PPA1693"	1109	"MobiDBLite"	"mobidb-lite"	"consensus disorder prediction"	1	31	"-"	"-"	"-"	""
"PPA1695"	231	"MobiDBLite"	"mobidb-lite"	"consensus disorder prediction"	199	231	"-"	"-"	"-"	""
"PPA1695"	231	"MobiDBLite"	"mobidb-lite"	"consensus disorder prediction"	145	185	"-"	"-"	"-"	""
"PPA1699"	427	"MobiDBLite"	"mobidb-lite"	"consensus disorder prediction"	1	112	"-"	"-"	"-"	""
"PPA1699"	427	"MobiDBLite"	"mobidb-lite"	"consensus disorder prediction"	1	18	"-"	"-"	"-"	""
"PPA1699"	427	"MobiDBLite"	"mobidb-lite"	"consensus disorder prediction"	46	60	"-"	"-"	"-"	""
"PPA1701"	196	"MobiDBLite"	"mobidb-lite"	"consensus disorder prediction"	1	20	"-"	"-"	"-"	""
"PPA1701"	196	"MobiDBLite"	"mobidb-lite"	"consensus disorder prediction"	1	23	"-"	"-"	"-"	""
"PPA1715"	466	"MobiDBLite"	"mobidb-lite"	"consensus disorder prediction"	286	327	"-"	"-"	"-"	""
"PPA1715"	466	"MobiDBLite"	"mobidb-lite"	"consensus disorder prediction"	287	323	"-"	"-"	"-"	""
"PPA1715"	466	"MobiDBLite"	"mobidb-lite"	"consensus disorder prediction"	446	466	"-"	"-"	"-"	""
"PPA1718"	85	"MobiDBLite"	"mobidb-lite"	"consensus disorder prediction"	21	51	"-"	"-"	"-"	""
"PPA1718"	85	"MobiDBLite"	"mobidb-lite"	"consensus disorder prediction"	32	51	"-"	"-"	"-"	""
"PPA1719"	589	"MobiDBLite"	"mobidb-lite"	"consensus disorder prediction"	491	518	"-"	"-"	"-"	""
"PPA1729"	300	"MobiDBLite"	"mobidb-lite"	"consensus disorder prediction"	132	175	"-"	"-"	"-"	""
"PPA1729"	300	"MobiDBLite"	"mobidb-lite"	"consensus disorder prediction"	159	175	"-"	"-"	"-"	""
"PPA1732"	423	"MobiDBLite"	"mobidb-lite"	"consensus disorder prediction"	1	26	"-"	"-"	"-"	""
"PPA1732"	423	"MobiDBLite"	"mobidb-lite"	"consensus disorder prediction"	402	423	"-"	"-"	"-"	""
"PPA1736"	468	"MobiDBLite"	"mobidb-lite"	"consensus disorder prediction"	448	468	"-"	"-"	"-"	""
"PPA1742"	112	"MobiDBLite"	"mobidb-lite"	"consensus disorder prediction"	1	21	"-"	"-"	"-"	""
"PPA1745"	851	"MobiDBLite"	"mobidb-lite"	"consensus disorder prediction"	1	26	"-"	"-"	"-"	""
"PPA1745"	851	"MobiDBLite"	"mobidb-lite"	"consensus disorder prediction"	8	26	"-"	"-"	"-"	""
"PPA1745"	851	"MobiDBLite"	"mobidb-lite"	"consensus disorder prediction"	250	273	"-"	"-"	"-"	""
"PPA1745"	851	"MobiDBLite"	"mobidb-lite"	"consensus disorder prediction"	770	791	"-"	"-"	"-"	""
"PPA1745"	851	"MobiDBLite"	"mobidb-lite"	"consensus disorder prediction"	770	828	"-"	"-"	"-"	""
"PPA1746"	208	"MobiDBLite"	"mobidb-lite"	"consensus disorder prediction"	42	83	"-"	"-"	"-"	""
"PPA1750"	438	"MobiDBLite"	"mobidb-lite"	"consensus disorder prediction"	409	432	"-"	"-"	"-"	""
"PPA1750"	438	"MobiDBLite"	"mobidb-lite"	"consensus disorder prediction"	405	438	"-"	"-"	"-"	""
"PPA1753"	497	"MobiDBLite"	"mobidb-lite"	"consensus disorder prediction"	468	497	"-"	"-"	"-"	""
"PPA1753"	497	"MobiDBLite"	"mobidb-lite"	"consensus disorder prediction"	404	497	"-"	"-"	"-"	""
"PPA1753"	497	"MobiDBLite"	"mobidb-lite"	"consensus disorder prediction"	420	437	"-"	"-"	"-"	""
"PPA1753"	497	"MobiDBLite"	"mobidb-lite"	"consensus disorder prediction"	438	459	"-"	"-"	"-"	""
"PPA1753"	497	"MobiDBLite"	"mobidb-lite"	"consensus disorder prediction"	404	419	"-"	"-"	"-"	""
"PPA1756"	810	"MobiDBLite"	"mobidb-lite"	"consensus disorder prediction"	722	750	"-"	"-"	"-"	""
"PPA1757"	103	"MobiDBLite"	"mobidb-lite"	"consensus disorder prediction"	1	60	"-"	"-"	"-"	""
"PPA1759"	365	"MobiDBLite"	"mobidb-lite"	"consensus disorder prediction"	346	365	"-"	"-"	"-"	""
"PPA1763"	94	"MobiDBLite"	"mobidb-lite"	"consensus disorder prediction"	60	94	"-"	"-"	"-"	""
"PPA1766"	115	"MobiDBLite"	"mobidb-lite"	"consensus disorder prediction"	92	115	"-"	"-"	"-"	""
"PPA1771"	229	"MobiDBLite"	"mobidb-lite"	"consensus disorder prediction"	1	21	"-"	"-"	"-"	""
"PPA1771"	229	"MobiDBLite"	"mobidb-lite"	"consensus disorder prediction"	208	229	"-"	"-"	"-"	""
"PPA1773"	98	"MobiDBLite"	"mobidb-lite"	"consensus disorder prediction"	35	57	"-"	"-"	"-"	""
"PPA1774"	334	"MobiDBLite"	"mobidb-lite"	"consensus disorder prediction"	293	321	"-"	"-"	"-"	""
"PPA1774"	334	"MobiDBLite"	"mobidb-lite"	"consensus disorder prediction"	243	260	"-"	"-"	"-"	""
"PPA1774"	334	"MobiDBLite"	"mobidb-lite"	"consensus disorder prediction"	272	286	"-"	"-"	"-"	""
"PPA1774"	334	"MobiDBLite"	"mobidb-lite"	"consensus disorder prediction"	223	334	"-"	"-"	"-"	""
"PPA1777"	215	"MobiDBLite"	"mobidb-lite"	"consensus disorder prediction"	35	55	"-"	"-"	"-"	""
"PPA1777"	215	"MobiDBLite"	"mobidb-lite"	"consensus disorder prediction"	35	54	"-"	"-"	"-"	""
"PPA1787"	700	"MobiDBLite"	"mobidb-lite"	"consensus disorder prediction"	122	140	"-"	"-"	"-"	""
"PPA1787"	700	"MobiDBLite"	"mobidb-lite"	"consensus disorder prediction"	625	700	"-"	"-"	"-"	""
"PPA1787"	700	"MobiDBLite"	"mobidb-lite"	"consensus disorder prediction"	7	114	"-"	"-"	"-"	""
"PPA1787"	700	"MobiDBLite"	"mobidb-lite"	"consensus disorder prediction"	649	693	"-"	"-"	"-"	""
"PPA1787"	700	"MobiDBLite"	"mobidb-lite"	"consensus disorder prediction"	182	208	"-"	"-"	"-"	""
"PPA1787"	700	"MobiDBLite"	"mobidb-lite"	"consensus disorder prediction"	1	140	"-"	"-"	"-"	""
"PPA1788"	54	"MobiDBLite"	"mobidb-lite"	"consensus disorder prediction"	1	37	"-"	"-"	"-"	""
"PPA1802"	173	"MobiDBLite"	"mobidb-lite"	"consensus disorder prediction"	1	26	"-"	"-"	"-"	""
"PPA1802"	173	"MobiDBLite"	"mobidb-lite"	"consensus disorder prediction"	135	173	"-"	"-"	"-"	""
"PPA1802"	173	"MobiDBLite"	"mobidb-lite"	"consensus disorder prediction"	1	15	"-"	"-"	"-"	""
"PPA1802"	173	"MobiDBLite"	"mobidb-lite"	"consensus disorder prediction"	158	173	"-"	"-"	"-"	""
"PPA1803"	147	"MobiDBLite"	"mobidb-lite"	"consensus disorder prediction"	126	147	"-"	"-"	"-"	""
"PPA1805"	1082	"MobiDBLite"	"mobidb-lite"	"consensus disorder prediction"	1037	1075	"-"	"-"	"-"	""
"PPA1805"	1082	"MobiDBLite"	"mobidb-lite"	"consensus disorder prediction"	396	416	"-"	"-"	"-"	""
"PPA1805"	1082	"MobiDBLite"	"mobidb-lite"	"consensus disorder prediction"	1035	1082	"-"	"-"	"-"	""
"PPA1808"	314	"MobiDBLite"	"mobidb-lite"	"consensus disorder prediction"	31	61	"-"	"-"	"-"	""
"PPA1810"	206	"MobiDBLite"	"mobidb-lite"	"consensus disorder prediction"	1	21	"-"	"-"	"-"	""
"PPA1812"	420	"MobiDBLite"	"mobidb-lite"	"consensus disorder prediction"	396	420	"-"	"-"	"-"	""
"PPA1813"	551	"MobiDBLite"	"mobidb-lite"	"consensus disorder prediction"	265	284	"-"	"-"	"-"	""
"PPA1817"	277	"MobiDBLite"	"mobidb-lite"	"consensus disorder prediction"	1	15	"-"	"-"	"-"	""
"PPA1817"	277	"MobiDBLite"	"mobidb-lite"	"consensus disorder prediction"	1	27	"-"	"-"	"-"	""
"PPA1819"	174	"MobiDBLite"	"mobidb-lite"	"consensus disorder prediction"	36	54	"-"	"-"	"-"	""
"PPA1819"	174	"MobiDBLite"	"mobidb-lite"	"consensus disorder prediction"	36	56	"-"	"-"	"-"	""
"PPA1820"	1418	"MobiDBLite"	"mobidb-lite"	"consensus disorder prediction"	427	448	"-"	"-"	"-"	""
"PPA1821"	469	"MobiDBLite"	"mobidb-lite"	"consensus disorder prediction"	427	469	"-"	"-"	"-"	""
"PPA1821"	469	"MobiDBLite"	"mobidb-lite"	"consensus disorder prediction"	53	73	"-"	"-"	"-"	""
"PPA1821"	469	"MobiDBLite"	"mobidb-lite"	"consensus disorder prediction"	49	73	"-"	"-"	"-"	""
"PPA1821"	469	"MobiDBLite"	"mobidb-lite"	"consensus disorder prediction"	400	469	"-"	"-"	"-"	""
"PPA1825"	178	"MobiDBLite"	"mobidb-lite"	"consensus disorder prediction"	123	178	"-"	"-"	"-"	""
"PPA1825"	178	"MobiDBLite"	"mobidb-lite"	"consensus disorder prediction"	163	178	"-"	"-"	"-"	""
"PPA1826"	338	"MobiDBLite"	"mobidb-lite"	"consensus disorder prediction"	323	338	"-"	"-"	"-"	""
"PPA1826"	338	"MobiDBLite"	"mobidb-lite"	"consensus disorder prediction"	319	338	"-"	"-"	"-"	""
"PPA1827"	201	"MobiDBLite"	"mobidb-lite"	"consensus disorder prediction"	16	45	"-"	"-"	"-"	""
"PPA1827"	201	"MobiDBLite"	"mobidb-lite"	"consensus disorder prediction"	1	45	"-"	"-"	"-"	""
"PPA1829"	123	"MobiDBLite"	"mobidb-lite"	"consensus disorder prediction"	89	123	"-"	"-"	"-"	""
"PPA1829"	123	"MobiDBLite"	"mobidb-lite"	"consensus disorder prediction"	104	123	"-"	"-"	"-"	""
"PPA1842"	146	"MobiDBLite"	"mobidb-lite"	"consensus disorder prediction"	1	27	"-"	"-"	"-"	""
"PPA1842"	146	"MobiDBLite"	"mobidb-lite"	"consensus disorder prediction"	1	46	"-"	"-"	"-"	""
"PPA1844"	215	"MobiDBLite"	"mobidb-lite"	"consensus disorder prediction"	1	31	"-"	"-"	"-"	""
"PPA1844"	215	"MobiDBLite"	"mobidb-lite"	"consensus disorder prediction"	11	31	"-"	"-"	"-"	""
"PPA1845"	127	"MobiDBLite"	"mobidb-lite"	"consensus disorder prediction"	1	26	"-"	"-"	"-"	""
"PPA1850"	210	"MobiDBLite"	"mobidb-lite"	"consensus disorder prediction"	188	210	"-"	"-"	"-"	""
"PPA1851"	122	"MobiDBLite"	"mobidb-lite"	"consensus disorder prediction"	43	64	"-"	"-"	"-"	""
"PPA1856"	139	"MobiDBLite"	"mobidb-lite"	"consensus disorder prediction"	1	18	"-"	"-"	"-"	""
"PPA1856"	139	"MobiDBLite"	"mobidb-lite"	"consensus disorder prediction"	1	23	"-"	"-"	"-"	""
"PPA1857"	269	"MobiDBLite"	"mobidb-lite"	"consensus disorder prediction"	232	254	"-"	"-"	"-"	""
"PPA1857"	269	"MobiDBLite"	"mobidb-lite"	"consensus disorder prediction"	215	269	"-"	"-"	"-"	""
"PPA1858"	153	"MobiDBLite"	"mobidb-lite"	"consensus disorder prediction"	125	153	"-"	"-"	"-"	""
"PPA1860"	278	"MobiDBLite"	"mobidb-lite"	"consensus disorder prediction"	262	278	"-"	"-"	"-"	""
"PPA1860"	278	"MobiDBLite"	"mobidb-lite"	"consensus disorder prediction"	1	20	"-"	"-"	"-"	""
"PPA1860"	278	"MobiDBLite"	"mobidb-lite"	"consensus disorder prediction"	225	278	"-"	"-"	"-"	""
"PPA1862"	301	"MobiDBLite"	"mobidb-lite"	"consensus disorder prediction"	49	105	"-"	"-"	"-"	""
"PPA1871"	648	"MobiDBLite"	"mobidb-lite"	"consensus disorder prediction"	612	648	"-"	"-"	"-"	""
"PPA1872"	621	"MobiDBLite"	"mobidb-lite"	"consensus disorder prediction"	1	25	"-"	"-"	"-"	""
"PPA1872"	621	"MobiDBLite"	"mobidb-lite"	"consensus disorder prediction"	262	282	"-"	"-"	"-"	""
"PPA1874"	1100	"MobiDBLite"	"mobidb-lite"	"consensus disorder prediction"	15	35	"-"	"-"	"-"	""
"PPA1874"	1100	"MobiDBLite"	"mobidb-lite"	"consensus disorder prediction"	1071	1085	"-"	"-"	"-"	""
"PPA1874"	1100	"MobiDBLite"	"mobidb-lite"	"consensus disorder prediction"	1045	1100	"-"	"-"	"-"	""
"PPA1874"	1100	"MobiDBLite"	"mobidb-lite"	"consensus disorder prediction"	1047	1070	"-"	"-"	"-"	""
"PPA1874"	1100	"MobiDBLite"	"mobidb-lite"	"consensus disorder prediction"	152	167	"-"	"-"	"-"	""
"PPA1874"	1100	"MobiDBLite"	"mobidb-lite"	"consensus disorder prediction"	1	219	"-"	"-"	"-"	""
"PPA1874"	1100	"MobiDBLite"	"mobidb-lite"	"consensus disorder prediction"	196	213	"-"	"-"	"-"	""
"PPA1874"	1100	"MobiDBLite"	"mobidb-lite"	"consensus disorder prediction"	102	116	"-"	"-"	"-"	""
"PPA1878"	140	"MobiDBLite"	"mobidb-lite"	"consensus disorder prediction"	1	49	"-"	"-"	"-"	""
"PPA1878"	140	"MobiDBLite"	"mobidb-lite"	"consensus disorder prediction"	120	140	"-"	"-"	"-"	""
"PPA1879"	176	"MobiDBLite"	"mobidb-lite"	"consensus disorder prediction"	29	59	"-"	"-"	"-"	""
"PPA1879"	176	"MobiDBLite"	"mobidb-lite"	"consensus disorder prediction"	41	55	"-"	"-"	"-"	""
"PPA1880"	299	"MobiDBLite"	"mobidb-lite"	"consensus disorder prediction"	220	264	"-"	"-"	"-"	""
"PPA1880"	299	"MobiDBLite"	"mobidb-lite"	"consensus disorder prediction"	229	253	"-"	"-"	"-"	""
"PPA1881"	137	"MobiDBLite"	"mobidb-lite"	"consensus disorder prediction"	117	137	"-"	"-"	"-"	""
"PPA1881"	137	"MobiDBLite"	"mobidb-lite"	"consensus disorder prediction"	99	137	"-"	"-"	"-"	""
"PPA1882"	348	"MobiDBLite"	"mobidb-lite"	"consensus disorder prediction"	234	265	"-"	"-"	"-"	""
"PPA1882"	348	"MobiDBLite"	"mobidb-lite"	"consensus disorder prediction"	234	275	"-"	"-"	"-"	""
"PPA1884"	1159	"MobiDBLite"	"mobidb-lite"	"consensus disorder prediction"	1132	1159	"-"	"-"	"-"	""
"PPA1887"	243	"MobiDBLite"	"mobidb-lite"	"consensus disorder prediction"	224	243	"-"	"-"	"-"	""
"PPA1887"	243	"MobiDBLite"	"mobidb-lite"	"consensus disorder prediction"	209	243	"-"	"-"	"-"	""
"PPA1891"	303	"MobiDBLite"	"mobidb-lite"	"consensus disorder prediction"	24	63	"-"	"-"	"-"	""
"PPA1891"	303	"MobiDBLite"	"mobidb-lite"	"consensus disorder prediction"	1	17	"-"	"-"	"-"	""
"PPA1891"	303	"MobiDBLite"	"mobidb-lite"	"consensus disorder prediction"	1	98	"-"	"-"	"-"	""
"PPA1891"	303	"MobiDBLite"	"mobidb-lite"	"consensus disorder prediction"	78	94	"-"	"-"	"-"	""
"PPA1892"	216	"MobiDBLite"	"mobidb-lite"	"consensus disorder prediction"	1	20	"-"	"-"	"-"	""
"PPA1892"	216	"MobiDBLite"	"mobidb-lite"	"consensus disorder prediction"	86	115	"-"	"-"	"-"	""
"PPA1892"	216	"MobiDBLite"	"mobidb-lite"	"consensus disorder prediction"	1	159	"-"	"-"	"-"	""
"PPA1892"	216	"MobiDBLite"	"mobidb-lite"	"consensus disorder prediction"	50	65	"-"	"-"	"-"	""
"PPA1902"	194	"MobiDBLite"	"mobidb-lite"	"consensus disorder prediction"	174	194	"-"	"-"	"-"	""
"PPA1902"	194	"MobiDBLite"	"mobidb-lite"	"consensus disorder prediction"	131	162	"-"	"-"	"-"	""
"PPA1906"	687	"MobiDBLite"	"mobidb-lite"	"consensus disorder prediction"	661	687	"-"	"-"	"-"	""
"PPA1915"	273	"MobiDBLite"	"mobidb-lite"	"consensus disorder prediction"	1	21	"-"	"-"	"-"	""
"PPA1928"	198	"MobiDBLite"	"mobidb-lite"	"consensus disorder prediction"	137	198	"-"	"-"	"-"	""
"PPA1928"	198	"MobiDBLite"	"mobidb-lite"	"consensus disorder prediction"	182	198	"-"	"-"	"-"	""
"PPA1928"	198	"MobiDBLite"	"mobidb-lite"	"consensus disorder prediction"	137	158	"-"	"-"	"-"	""
"PPA1932"	261	"MobiDBLite"	"mobidb-lite"	"consensus disorder prediction"	214	261	"-"	"-"	"-"	""
"PPA1934"	274	"MobiDBLite"	"mobidb-lite"	"consensus disorder prediction"	1	64	"-"	"-"	"-"	""
"PPA1934"	274	"MobiDBLite"	"mobidb-lite"	"consensus disorder prediction"	35	53	"-"	"-"	"-"	""
"PPA1941"	578	"MobiDBLite"	"mobidb-lite"	"consensus disorder prediction"	550	570	"-"	"-"	"-"	""
"PPA1941"	578	"MobiDBLite"	"mobidb-lite"	"consensus disorder prediction"	550	578	"-"	"-"	"-"	""
"PPA1941"	578	"MobiDBLite"	"mobidb-lite"	"consensus disorder prediction"	1	27	"-"	"-"	"-"	""
"PPA1943"	340	"MobiDBLite"	"mobidb-lite"	"consensus disorder prediction"	19	55	"-"	"-"	"-"	""
"PPA1943"	340	"MobiDBLite"	"mobidb-lite"	"consensus disorder prediction"	1	87	"-"	"-"	"-"	""
"PPA1944"	607	"MobiDBLite"	"mobidb-lite"	"consensus disorder prediction"	587	607	"-"	"-"	"-"	""
"PPA1953"	500	"MobiDBLite"	"mobidb-lite"	"consensus disorder prediction"	132	157	"-"	"-"	"-"	""
"PPA1960"	308	"MobiDBLite"	"mobidb-lite"	"consensus disorder prediction"	1	29	"-"	"-"	"-"	""
"PPA1962"	415	"MobiDBLite"	"mobidb-lite"	"consensus disorder prediction"	1	21	"-"	"-"	"-"	""
"PPA1962"	415	"MobiDBLite"	"mobidb-lite"	"consensus disorder prediction"	277	298	"-"	"-"	"-"	""
"PPA1964"	308	"MobiDBLite"	"mobidb-lite"	"consensus disorder prediction"	1	29	"-"	"-"	"-"	""
"PPA1966"	435	"MobiDBLite"	"mobidb-lite"	"consensus disorder prediction"	23	42	"-"	"-"	"-"	""
"PPA1966"	435	"MobiDBLite"	"mobidb-lite"	"consensus disorder prediction"	23	45	"-"	"-"	"-"	""
"PPA1968"	84	"MobiDBLite"	"mobidb-lite"	"consensus disorder prediction"	45	68	"-"	"-"	"-"	""
"PPA1968"	84	"MobiDBLite"	"mobidb-lite"	"consensus disorder prediction"	1	31	"-"	"-"	"-"	""
"PPA1968"	84	"MobiDBLite"	"mobidb-lite"	"consensus disorder prediction"	45	62	"-"	"-"	"-"	""
"PPA1983"	687	"MobiDBLite"	"mobidb-lite"	"consensus disorder prediction"	661	687	"-"	"-"	"-"	""
"PPA1986"	359	"MobiDBLite"	"mobidb-lite"	"consensus disorder prediction"	340	359	"-"	"-"	"-"	""
"PPA1988"	421	"MobiDBLite"	"mobidb-lite"	"consensus disorder prediction"	311	334	"-"	"-"	"-"	""
"PPA1988"	421	"MobiDBLite"	"mobidb-lite"	"consensus disorder prediction"	288	305	"-"	"-"	"-"	""
"PPA1988"	421	"MobiDBLite"	"mobidb-lite"	"consensus disorder prediction"	286	305	"-"	"-"	"-"	""
"PPA1990"	568	"MobiDBLite"	"mobidb-lite"	"consensus disorder prediction"	1	36	"-"	"-"	"-"	""
"PPA1993"	439	"MobiDBLite"	"mobidb-lite"	"consensus disorder prediction"	424	439	"-"	"-"	"-"	""
"PPA1993"	439	"MobiDBLite"	"mobidb-lite"	"consensus disorder prediction"	417	439	"-"	"-"	"-"	""
"PPA1995"	325	"MobiDBLite"	"mobidb-lite"	"consensus disorder prediction"	1	24	"-"	"-"	"-"	""
"PPA2002"	175	"MobiDBLite"	"mobidb-lite"	"consensus disorder prediction"	155	169	"-"	"-"	"-"	""
"PPA2002"	175	"MobiDBLite"	"mobidb-lite"	"consensus disorder prediction"	146	175	"-"	"-"	"-"	""
"PPA2002"	175	"MobiDBLite"	"mobidb-lite"	"consensus disorder prediction"	1	24	"-"	"-"	"-"	""
"PPA2004"	178	"MobiDBLite"	"mobidb-lite"	"consensus disorder prediction"	31	50	"-"	"-"	"-"	""
"PPA2004"	178	"MobiDBLite"	"mobidb-lite"	"consensus disorder prediction"	27	50	"-"	"-"	"-"	""
"PPA2007"	524	"MobiDBLite"	"mobidb-lite"	"consensus disorder prediction"	26	45	"-"	"-"	"-"	""
"PPA2017"	347	"MobiDBLite"	"mobidb-lite"	"consensus disorder prediction"	35	69	"-"	"-"	"-"	""
"PPA2025"	222	"MobiDBLite"	"mobidb-lite"	"consensus disorder prediction"	1	30	"-"	"-"	"-"	""
"PPA2038"	380	"MobiDBLite"	"mobidb-lite"	"consensus disorder prediction"	32	63	"-"	"-"	"-"	""
"PPA2039"	221	"MobiDBLite"	"mobidb-lite"	"consensus disorder prediction"	180	221	"-"	"-"	"-"	""
"PPA2039"	221	"MobiDBLite"	"mobidb-lite"	"consensus disorder prediction"	1	53	"-"	"-"	"-"	""
"PPA2040"	617	"MobiDBLite"	"mobidb-lite"	"consensus disorder prediction"	579	601	"-"	"-"	"-"	""
"PPA2040"	617	"MobiDBLite"	"mobidb-lite"	"consensus disorder prediction"	578	617	"-"	"-"	"-"	""
"PPA2047"	391	"MobiDBLite"	"mobidb-lite"	"consensus disorder prediction"	167	192	"-"	"-"	"-"	""
"PPA2047"	391	"MobiDBLite"	"mobidb-lite"	"consensus disorder prediction"	167	257	"-"	"-"	"-"	""
"PPA2047"	391	"MobiDBLite"	"mobidb-lite"	"consensus disorder prediction"	240	257	"-"	"-"	"-"	""
"PPA2056"	445	"MobiDBLite"	"mobidb-lite"	"consensus disorder prediction"	399	445	"-"	"-"	"-"	""
"PPA2062"	397	"MobiDBLite"	"mobidb-lite"	"consensus disorder prediction"	1	25	"-"	"-"	"-"	""
"PPA2062"	397	"MobiDBLite"	"mobidb-lite"	"consensus disorder prediction"	1	22	"-"	"-"	"-"	""
"PPA2065"	313	"MobiDBLite"	"mobidb-lite"	"consensus disorder prediction"	1	32	"-"	"-"	"-"	""
"PPA2070"	436	"MobiDBLite"	"mobidb-lite"	"consensus disorder prediction"	1	20	"-"	"-"	"-"	""
"PPA2071"	203	"MobiDBLite"	"mobidb-lite"	"consensus disorder prediction"	1	18	"-"	"-"	"-"	""
"PPA2071"	203	"MobiDBLite"	"mobidb-lite"	"consensus disorder prediction"	1	27	"-"	"-"	"-"	""
"PPA2082"	621	"MobiDBLite"	"mobidb-lite"	"consensus disorder prediction"	1	30	"-"	"-"	"-"	""
"PPA2087"	104	"MobiDBLite"	"mobidb-lite"	"consensus disorder prediction"	1	34	"-"	"-"	"-"	""
"PPA2092"	469	"MobiDBLite"	"mobidb-lite"	"consensus disorder prediction"	106	151	"-"	"-"	"-"	""
"PPA2092"	469	"MobiDBLite"	"mobidb-lite"	"consensus disorder prediction"	76	151	"-"	"-"	"-"	""
"PPA2096"	426	"MobiDBLite"	"mobidb-lite"	"consensus disorder prediction"	1	35	"-"	"-"	"-"	""
"PPA2097"	703	"MobiDBLite"	"mobidb-lite"	"consensus disorder prediction"	653	703	"-"	"-"	"-"	""
"PPA2097"	703	"MobiDBLite"	"mobidb-lite"	"consensus disorder prediction"	677	691	"-"	"-"	"-"	""
"PPA2098"	81	"MobiDBLite"	"mobidb-lite"	"consensus disorder prediction"	60	81	"-"	"-"	"-"	""
"PPA2098"	81	"MobiDBLite"	"mobidb-lite"	"consensus disorder prediction"	54	81	"-"	"-"	"-"	""
"PPA2109"	258	"MobiDBLite"	"mobidb-lite"	"consensus disorder prediction"	81	110	"-"	"-"	"-"	""
"PPA2109"	258	"MobiDBLite"	"mobidb-lite"	"consensus disorder prediction"	83	100	"-"	"-"	"-"	""
"PPA2111"	364	"MobiDBLite"	"mobidb-lite"	"consensus disorder prediction"	252	364	"-"	"-"	"-"	""
"PPA2111"	364	"MobiDBLite"	"mobidb-lite"	"consensus disorder prediction"	279	317	"-"	"-"	"-"	""
"PPA2111"	364	"MobiDBLite"	"mobidb-lite"	"consensus disorder prediction"	338	352	"-"	"-"	"-"	""
"PPA2116"	397	"MobiDBLite"	"mobidb-lite"	"consensus disorder prediction"	174	194	"-"	"-"	"-"	""
"PPA2119"	81	"MobiDBLite"	"mobidb-lite"	"consensus disorder prediction"	36	60	"-"	"-"	"-"	""
"PPA2127"	405	"MobiDBLite"	"mobidb-lite"	"consensus disorder prediction"	360	380	"-"	"-"	"-"	""
"PPA2127"	405	"MobiDBLite"	"mobidb-lite"	"consensus disorder prediction"	321	405	"-"	"-"	"-"	""
"PPA2127"	405	"MobiDBLite"	"mobidb-lite"	"consensus disorder prediction"	323	359	"-"	"-"	"-"	""
"PPA2127"	405	"MobiDBLite"	"mobidb-lite"	"consensus disorder prediction"	11	35	"-"	"-"	"-"	""
"PPA2132"	324	"MobiDBLite"	"mobidb-lite"	"consensus disorder prediction"	241	268	"-"	"-"	"-"	""
"PPA2135"	892	"MobiDBLite"	"mobidb-lite"	"consensus disorder prediction"	1	26	"-"	"-"	"-"	""
"PPA2135"	892	"MobiDBLite"	"mobidb-lite"	"consensus disorder prediction"	43	63	"-"	"-"	"-"	""
"PPA2143"	497	"MobiDBLite"	"mobidb-lite"	"consensus disorder prediction"	243	272	"-"	"-"	"-"	""
"PPA2143"	497	"MobiDBLite"	"mobidb-lite"	"consensus disorder prediction"	243	278	"-"	"-"	"-"	""
"PPA2144"	286	"MobiDBLite"	"mobidb-lite"	"consensus disorder prediction"	142	166	"-"	"-"	"-"	""
"PPA2146"	461	"MobiDBLite"	"mobidb-lite"	"consensus disorder prediction"	208	239	"-"	"-"	"-"	""
"PPA2146"	461	"MobiDBLite"	"mobidb-lite"	"consensus disorder prediction"	224	239	"-"	"-"	"-"	""
"PPA2149"	847	"MobiDBLite"	"mobidb-lite"	"consensus disorder prediction"	772	789	"-"	"-"	"-"	""
"PPA2149"	847	"MobiDBLite"	"mobidb-lite"	"consensus disorder prediction"	790	847	"-"	"-"	"-"	""
"PPA2149"	847	"MobiDBLite"	"mobidb-lite"	"consensus disorder prediction"	765	847	"-"	"-"	"-"	""
"PPA2152"	555	"MobiDBLite"	"mobidb-lite"	"consensus disorder prediction"	35	54	"-"	"-"	"-"	""
"PPA2152"	555	"MobiDBLite"	"mobidb-lite"	"consensus disorder prediction"	30	54	"-"	"-"	"-"	""
"PPA2154"	323	"MobiDBLite"	"mobidb-lite"	"consensus disorder prediction"	1	33	"-"	"-"	"-"	""
"PPA2158"	78	"MobiDBLite"	"mobidb-lite"	"consensus disorder prediction"	1	28	"-"	"-"	"-"	""
"PPA2161"	101	"MobiDBLite"	"mobidb-lite"	"consensus disorder prediction"	44	70	"-"	"-"	"-"	""
"PPA2161"	101	"MobiDBLite"	"mobidb-lite"	"consensus disorder prediction"	44	74	"-"	"-"	"-"	""
"PPA2162"	56	"MobiDBLite"	"mobidb-lite"	"consensus disorder prediction"	1	22	"-"	"-"	"-"	""
"PPA2162"	56	"MobiDBLite"	"mobidb-lite"	"consensus disorder prediction"	1	17	"-"	"-"	"-"	""
"PPA2168"	446	"MobiDBLite"	"mobidb-lite"	"consensus disorder prediction"	361	382	"-"	"-"	"-"	""
"PPA2173"	239	"MobiDBLite"	"mobidb-lite"	"consensus disorder prediction"	1	32	"-"	"-"	"-"	""
"PPA2175"	343	"MobiDBLite"	"mobidb-lite"	"consensus disorder prediction"	232	251	"-"	"-"	"-"	""
"PPA2175"	343	"MobiDBLite"	"mobidb-lite"	"consensus disorder prediction"	212	251	"-"	"-"	"-"	""
"PPA2175"	343	"MobiDBLite"	"mobidb-lite"	"consensus disorder prediction"	216	231	"-"	"-"	"-"	""
"PPA2176"	271	"MobiDBLite"	"mobidb-lite"	"consensus disorder prediction"	163	198	"-"	"-"	"-"	""
"PPA2176"	271	"MobiDBLite"	"mobidb-lite"	"consensus disorder prediction"	175	193	"-"	"-"	"-"	""
"PPA2178"	187	"MobiDBLite"	"mobidb-lite"	"consensus disorder prediction"	155	174	"-"	"-"	"-"	""
"PPA2178"	187	"MobiDBLite"	"mobidb-lite"	"consensus disorder prediction"	155	187	"-"	"-"	"-"	""
"PPA2181"	455	"MobiDBLite"	"mobidb-lite"	"consensus disorder prediction"	1	23	"-"	"-"	"-"	""
"PPA2183"	243	"MobiDBLite"	"mobidb-lite"	"consensus disorder prediction"	43	85	"-"	"-"	"-"	""
"PPA2183"	243	"MobiDBLite"	"mobidb-lite"	"consensus disorder prediction"	35	85	"-"	"-"	"-"	""
"PPA2190"	617	"MobiDBLite"	"mobidb-lite"	"consensus disorder prediction"	1	101	"-"	"-"	"-"	""
"PPA2190"	617	"MobiDBLite"	"mobidb-lite"	"consensus disorder prediction"	596	617	"-"	"-"	"-"	""
"PPA2190"	617	"MobiDBLite"	"mobidb-lite"	"consensus disorder prediction"	57	71	"-"	"-"	"-"	""
"PPA2190"	617	"MobiDBLite"	"mobidb-lite"	"consensus disorder prediction"	25	42	"-"	"-"	"-"	""
"PPA2190"	617	"MobiDBLite"	"mobidb-lite"	"consensus disorder prediction"	553	617	"-"	"-"	"-"	""
"PPA2190"	617	"MobiDBLite"	"mobidb-lite"	"consensus disorder prediction"	557	589	"-"	"-"	"-"	""
"PPA2191"	336	"MobiDBLite"	"mobidb-lite"	"consensus disorder prediction"	1	22	"-"	"-"	"-"	""
"PPA2198"	304	"MobiDBLite"	"mobidb-lite"	"consensus disorder prediction"	229	248	"-"	"-"	"-"	""
"PPA2198"	304	"MobiDBLite"	"mobidb-lite"	"consensus disorder prediction"	43	65	"-"	"-"	"-"	""
"PPA2198"	304	"MobiDBLite"	"mobidb-lite"	"consensus disorder prediction"	43	97	"-"	"-"	"-"	""
"PPA2198"	304	"MobiDBLite"	"mobidb-lite"	"consensus disorder prediction"	128	147	"-"	"-"	"-"	""
"PPA2200"	333	"MobiDBLite"	"mobidb-lite"	"consensus disorder prediction"	1	21	"-"	"-"	"-"	""
"PPA2203"	719	"MobiDBLite"	"mobidb-lite"	"consensus disorder prediction"	640	656	"-"	"-"	"-"	""
"PPA2203"	719	"MobiDBLite"	"mobidb-lite"	"consensus disorder prediction"	619	719	"-"	"-"	"-"	""
"PPA2206"	118	"MobiDBLite"	"mobidb-lite"	"consensus disorder prediction"	98	118	"-"	"-"	"-"	""
"PPA2208"	288	"MobiDBLite"	"mobidb-lite"	"consensus disorder prediction"	26	54	"-"	"-"	"-"	""
"PPA2208"	288	"MobiDBLite"	"mobidb-lite"	"consensus disorder prediction"	26	67	"-"	"-"	"-"	""
"PPA2210"	463	"MobiDBLite"	"mobidb-lite"	"consensus disorder prediction"	419	434	"-"	"-"	"-"	""
"PPA2210"	463	"MobiDBLite"	"mobidb-lite"	"consensus disorder prediction"	366	418	"-"	"-"	"-"	""
"PPA2210"	463	"MobiDBLite"	"mobidb-lite"	"consensus disorder prediction"	360	436	"-"	"-"	"-"	""
"PPA2211"	495	"MobiDBLite"	"mobidb-lite"	"consensus disorder prediction"	1	16	"-"	"-"	"-"	""
"PPA2211"	495	"MobiDBLite"	"mobidb-lite"	"consensus disorder prediction"	1	30	"-"	"-"	"-"	""
"PPA2215"	388	"MobiDBLite"	"mobidb-lite"	"consensus disorder prediction"	360	388	"-"	"-"	"-"	""
"PPA2219"	424	"MobiDBLite"	"mobidb-lite"	"consensus disorder prediction"	1	23	"-"	"-"	"-"	""
"PPA2219"	424	"MobiDBLite"	"mobidb-lite"	"consensus disorder prediction"	1	27	"-"	"-"	"-"	""
"PPA2220"	272	"MobiDBLite"	"mobidb-lite"	"consensus disorder prediction"	113	155	"-"	"-"	"-"	""
"PPA2220"	272	"MobiDBLite"	"mobidb-lite"	"consensus disorder prediction"	113	149	"-"	"-"	"-"	""
"PPA2229"	184	"MobiDBLite"	"mobidb-lite"	"consensus disorder prediction"	117	164	"-"	"-"	"-"	""
"PPA2229"	184	"MobiDBLite"	"mobidb-lite"	"consensus disorder prediction"	117	184	"-"	"-"	"-"	""
"PPA2233"	519	"MobiDBLite"	"mobidb-lite"	"consensus disorder prediction"	1	21	"-"	"-"	"-"	""
"PPA2233"	519	"MobiDBLite"	"mobidb-lite"	"consensus disorder prediction"	1	15	"-"	"-"	"-"	""
"PPA2233"	519	"MobiDBLite"	"mobidb-lite"	"consensus disorder prediction"	126	153	"-"	"-"	"-"	""
"PPA2236"	269	"MobiDBLite"	"mobidb-lite"	"consensus disorder prediction"	251	269	"-"	"-"	"-"	""
"PPA2236"	269	"MobiDBLite"	"mobidb-lite"	"consensus disorder prediction"	250	269	"-"	"-"	"-"	""
"PPA2237"	283	"MobiDBLite"	"mobidb-lite"	"consensus disorder prediction"	251	283	"-"	"-"	"-"	""
"PPA2237"	283	"MobiDBLite"	"mobidb-lite"	"consensus disorder prediction"	253	273	"-"	"-"	"-"	""
"PPA2239"	397	"MobiDBLite"	"mobidb-lite"	"consensus disorder prediction"	273	332	"-"	"-"	"-"	""
"PPA2239"	397	"MobiDBLite"	"mobidb-lite"	"consensus disorder prediction"	273	313	"-"	"-"	"-"	""
"PPA2242"	130	"MobiDBLite"	"mobidb-lite"	"consensus disorder prediction"	85	106	"-"	"-"	"-"	""
"PPA2244"	448	"MobiDBLite"	"mobidb-lite"	"consensus disorder prediction"	372	390	"-"	"-"	"-"	""
"PPA2244"	448	"MobiDBLite"	"mobidb-lite"	"consensus disorder prediction"	371	390	"-"	"-"	"-"	""
"PPA2244"	448	"MobiDBLite"	"mobidb-lite"	"consensus disorder prediction"	1	20	"-"	"-"	"-"	""
"PPA2253"	575	"MobiDBLite"	"mobidb-lite"	"consensus disorder prediction"	544	563	"-"	"-"	"-"	""
"PPA2253"	575	"MobiDBLite"	"mobidb-lite"	"consensus disorder prediction"	475	575	"-"	"-"	"-"	""
"PPA2253"	575	"MobiDBLite"	"mobidb-lite"	"consensus disorder prediction"	475	493	"-"	"-"	"-"	""
"PPA2258"	868	"MobiDBLite"	"mobidb-lite"	"consensus disorder prediction"	641	663	"-"	"-"	"-"	""
"PPA2265"	206	"MobiDBLite"	"mobidb-lite"	"consensus disorder prediction"	1	70	"-"	"-"	"-"	""
"PPA2269"	499	"MobiDBLite"	"mobidb-lite"	"consensus disorder prediction"	1	23	"-"	"-"	"-"	""
"PPA2269"	499	"MobiDBLite"	"mobidb-lite"	"consensus disorder prediction"	1	19	"-"	"-"	"-"	""
"PPA2271"	498	"MobiDBLite"	"mobidb-lite"	"consensus disorder prediction"	364	404	"-"	"-"	"-"	""
"PPA2271"	498	"MobiDBLite"	"mobidb-lite"	"consensus disorder prediction"	374	395	"-"	"-"	"-"	""
"PPA2271"	498	"MobiDBLite"	"mobidb-lite"	"consensus disorder prediction"	203	230	"-"	"-"	"-"	""
"PPA2271"	498	"MobiDBLite"	"mobidb-lite"	"consensus disorder prediction"	280	315	"-"	"-"	"-"	""
"PPA2271"	498	"MobiDBLite"	"mobidb-lite"	"consensus disorder prediction"	186	230	"-"	"-"	"-"	""
"PPA2279"	140	"MobiDBLite"	"mobidb-lite"	"consensus disorder prediction"	112	140	"-"	"-"	"-"	""
"PPA2280"	772	"MobiDBLite"	"mobidb-lite"	"consensus disorder prediction"	1	45	"-"	"-"	"-"	""
"PPA2281"	476	"MobiDBLite"	"mobidb-lite"	"consensus disorder prediction"	446	476	"-"	"-"	"-"	""
"PPA2283"	491	"MobiDBLite"	"mobidb-lite"	"consensus disorder prediction"	1	35	"-"	"-"	"-"	""
"PPA2284"	504	"MobiDBLite"	"mobidb-lite"	"consensus disorder prediction"	23	42	"-"	"-"	"-"	""
"PPA2289"	275	"MobiDBLite"	"mobidb-lite"	"consensus disorder prediction"	126	255	"-"	"-"	"-"	""
"PPA2289"	275	"MobiDBLite"	"mobidb-lite"	"consensus disorder prediction"	63	111	"-"	"-"	"-"	""
"PPA2292"	468	"MobiDBLite"	"mobidb-lite"	"consensus disorder prediction"	123	143	"-"	"-"	"-"	""
"PPA2297"	230	"MobiDBLite"	"mobidb-lite"	"consensus disorder prediction"	1	45	"-"	"-"	"-"	""
"PPA2297"	230	"MobiDBLite"	"mobidb-lite"	"consensus disorder prediction"	15	29	"-"	"-"	"-"	""
"PPA2302"	713	"MobiDBLite"	"mobidb-lite"	"consensus disorder prediction"	656	713	"-"	"-"	"-"	""
"PPA2302"	713	"MobiDBLite"	"mobidb-lite"	"consensus disorder prediction"	676	697	"-"	"-"	"-"	""
"PPA2303"	603	"MobiDBLite"	"mobidb-lite"	"consensus disorder prediction"	319	333	"-"	"-"	"-"	""
"PPA2303"	603	"MobiDBLite"	"mobidb-lite"	"consensus disorder prediction"	338	352	"-"	"-"	"-"	""
"PPA2303"	603	"MobiDBLite"	"mobidb-lite"	"consensus disorder prediction"	310	397	"-"	"-"	"-"	""
"PPA2307"	479	"MobiDBLite"	"mobidb-lite"	"consensus disorder prediction"	40	101	"-"	"-"	"-"	""
"PPA2307"	479	"MobiDBLite"	"mobidb-lite"	"consensus disorder prediction"	1	20	"-"	"-"	"-"	""
"PPA2307"	479	"MobiDBLite"	"mobidb-lite"	"consensus disorder prediction"	1	103	"-"	"-"	"-"	""
"PPA2323"	381	"MobiDBLite"	"mobidb-lite"	"consensus disorder prediction"	1	18	"-"	"-"	"-"	""
"PPA2323"	381	"MobiDBLite"	"mobidb-lite"	"consensus disorder prediction"	1	20	"-"	"-"	"-"	""
"PPA2332"	830	"MobiDBLite"	"mobidb-lite"	"consensus disorder prediction"	58	86	"-"	"-"	"-"	""
"PPA2340"	190	"MobiDBLite"	"mobidb-lite"	"consensus disorder prediction"	41	63	"-"	"-"	"-"	""
"PPA2340"	190	"MobiDBLite"	"mobidb-lite"	"consensus disorder prediction"	41	67	"-"	"-"	"-"	""
"PPA2341"	306	"MobiDBLite"	"mobidb-lite"	"consensus disorder prediction"	14	40	"-"	"-"	"-"	""
"PPA2342"	328	"MobiDBLite"	"mobidb-lite"	"consensus disorder prediction"	27	46	"-"	"-"	"-"	""
"PPA2342"	328	"MobiDBLite"	"mobidb-lite"	"consensus disorder prediction"	306	328	"-"	"-"	"-"	""
"PPA2345"	66	"MobiDBLite"	"mobidb-lite"	"consensus disorder prediction"	1	28	"-"	"-"	"-"	""
"PPA2349"	203	"MobiDBLite"	"mobidb-lite"	"consensus disorder prediction"	1	57	"-"	"-"	"-"	""
"PPA2349"	203	"MobiDBLite"	"mobidb-lite"	"consensus disorder prediction"	10	57	"-"	"-"	"-"	""
"PPA2350"	359	"MobiDBLite"	"mobidb-lite"	"consensus disorder prediction"	296	359	"-"	"-"	"-"	""
"PPA2351"	167	"MobiDBLite"	"mobidb-lite"	"consensus disorder prediction"	150	167	"-"	"-"	"-"	""
"PPA2351"	167	"MobiDBLite"	"mobidb-lite"	"consensus disorder prediction"	117	167	"-"	"-"	"-"	""
"PPA2351"	167	"MobiDBLite"	"mobidb-lite"	"consensus disorder prediction"	117	144	"-"	"-"	"-"	""
"PPA2353"	44	"MobiDBLite"	"mobidb-lite"	"consensus disorder prediction"	1	21	"-"	"-"	"-"	""
"PPA2353"	44	"MobiDBLite"	"mobidb-lite"	"consensus disorder prediction"	1	44	"-"	"-"	"-"	""
"PPA2356"	608	"MobiDBLite"	"mobidb-lite"	"consensus disorder prediction"	1	170	"-"	"-"	"-"	""
"PPA2356"	608	"MobiDBLite"	"mobidb-lite"	"consensus disorder prediction"	306	354	"-"	"-"	"-"	""
"PPA2356"	608	"MobiDBLite"	"mobidb-lite"	"consensus disorder prediction"	47	153	"-"	"-"	"-"	""
"PPA2356"	608	"MobiDBLite"	"mobidb-lite"	"consensus disorder prediction"	21	40	"-"	"-"	"-"	""
"PPA2356"	608	"MobiDBLite"	"mobidb-lite"	"consensus disorder prediction"	302	354	"-"	"-"	"-"	""
"PPA2356"	608	"MobiDBLite"	"mobidb-lite"	"consensus disorder prediction"	1	17	"-"	"-"	"-"	""
"PPA2360"	182	"MobiDBLite"	"mobidb-lite"	"consensus disorder prediction"	116	142	"-"	"-"	"-"	""
"PPA2361"	131	"MobiDBLite"	"mobidb-lite"	"consensus disorder prediction"	112	131	"-"	"-"	"-"	""
"PPA2364"	164	"MobiDBLite"	"mobidb-lite"	"consensus disorder prediction"	138	164	"-"	"-"	"-"	""
"PPA2364"	164	"MobiDBLite"	"mobidb-lite"	"consensus disorder prediction"	11	26	"-"	"-"	"-"	""
"PPA2364"	164	"MobiDBLite"	"mobidb-lite"	"consensus disorder prediction"	1	27	"-"	"-"	"-"	""
"PPA2365"	94	"MobiDBLite"	"mobidb-lite"	"consensus disorder prediction"	71	94	"-"	"-"	"-"	""
"PPA2373"	128	"MobiDBLite"	"mobidb-lite"	"consensus disorder prediction"	1	34	"-"	"-"	"-"	""
"PPA2374"	67	"MobiDBLite"	"mobidb-lite"	"consensus disorder prediction"	1	67	"-"	"-"	"-"	""
"PPA2377"	91	"MobiDBLite"	"mobidb-lite"	"consensus disorder prediction"	1	28	"-"	"-"	"-"	""
"PPA2378"	310	"MobiDBLite"	"mobidb-lite"	"consensus disorder prediction"	210	310	"-"	"-"	"-"	""
"PPA2378"	310	"MobiDBLite"	"mobidb-lite"	"consensus disorder prediction"	220	310	"-"	"-"	"-"	""
"PPA2379"	116	"MobiDBLite"	"mobidb-lite"	"consensus disorder prediction"	30	56	"-"	"-"	"-"	""
"PPA2381"	103	"MobiDBLite"	"mobidb-lite"	"consensus disorder prediction"	53	103	"-"	"-"	"-"	""
"PPA2387"	93	"MobiDBLite"	"mobidb-lite"	"consensus disorder prediction"	1	25	"-"	"-"	"-"	""
"PPA2387"	93	"MobiDBLite"	"mobidb-lite"	"consensus disorder prediction"	26	40	"-"	"-"	"-"	""
"PPA2387"	93	"MobiDBLite"	"mobidb-lite"	"consensus disorder prediction"	1	40	"-"	"-"	"-"	""
"PPA2389"	169	"MobiDBLite"	"mobidb-lite"	"consensus disorder prediction"	1	78	"-"	"-"	"-"	""
"PPA2389"	169	"MobiDBLite"	"mobidb-lite"	"consensus disorder prediction"	51	65	"-"	"-"	"-"	""
"PPA2389"	169	"MobiDBLite"	"mobidb-lite"	"consensus disorder prediction"	1	27	"-"	"-"	"-"	""
"PPA2390"	121	"MobiDBLite"	"mobidb-lite"	"consensus disorder prediction"	54	69	"-"	"-"	"-"	""
"PPA2390"	121	"MobiDBLite"	"mobidb-lite"	"consensus disorder prediction"	106	121	"-"	"-"	"-"	""
"PPA2390"	121	"MobiDBLite"	"mobidb-lite"	"consensus disorder prediction"	52	121	"-"	"-"	"-"	""
"PPA2390"	121	"MobiDBLite"	"mobidb-lite"	"consensus disorder prediction"	70	91	"-"	"-"	"-"	""
"PPA2392"	140	"MobiDBLite"	"mobidb-lite"	"consensus disorder prediction"	14	55	"-"	"-"	"-"	""
"PPA2392"	140	"MobiDBLite"	"mobidb-lite"	"consensus disorder prediction"	1	55	"-"	"-"	"-"	""
"PPA2396"	135	"MobiDBLite"	"mobidb-lite"	"consensus disorder prediction"	72	135	"-"	"-"	"-"	""
"PPA2396"	135	"MobiDBLite"	"mobidb-lite"	"consensus disorder prediction"	109	123	"-"	"-"	"-"	""
"PPA2398"	135	"MobiDBLite"	"mobidb-lite"	"consensus disorder prediction"	75	94	"-"	"-"	"-"	""
"PPA2398"	135	"MobiDBLite"	"mobidb-lite"	"consensus disorder prediction"	70	94	"-"	"-"	"-"	""
"PPA2398"	135	"MobiDBLite"	"mobidb-lite"	"consensus disorder prediction"	116	135	"-"	"-"	"-"	""
"PPA2400"	94	"MobiDBLite"	"mobidb-lite"	"consensus disorder prediction"	48	94	"-"	"-"	"-"	""
"PPA2402"	45	"MobiDBLite"	"mobidb-lite"	"consensus disorder prediction"	1	22	"-"	"-"	"-"	""
"PPA2402"	45	"MobiDBLite"	"mobidb-lite"	"consensus disorder prediction"	1	27	"-"	"-"	"-"	""
"PPA2403"	107	"MobiDBLite"	"mobidb-lite"	"consensus disorder prediction"	1	33	"-"	"-"	"-"	""
"PPA2403"	107	"MobiDBLite"	"mobidb-lite"	"consensus disorder prediction"	12	31	"-"	"-"	"-"	""
"PPA2407"	100	"MobiDBLite"	"mobidb-lite"	"consensus disorder prediction"	52	100	"-"	"-"	"-"	""
