"protein_accession"	"sequence_length"	"analysis"	"signature_accession"	"signature_description"	"start_location"	"stop_location"	"e_value"	"interpro_annotations_accession"	"interpro_annotation_description"	"GO-annotation"
"PPA0001"	500	"SUPERFAMILY"	"SSF52540"	"P-loop containing nucleoside triphosphate hydrolases"	162	374	"6.95E-47"	"IPR027417"	"P-loop containing nucleoside triphosphate hydrolase"	"-"
"PPA0001"	500	"SUPERFAMILY"	"SSF48295"	"TrpR-like"	394	499	"2.46E-35"	"IPR010921"	"Trp repressor/replication initiator"	"GO:0043565"
"PPA0002"	503	"SUPERFAMILY"	"SSF55979"	"DNA clamp"	377	501	"7.42E-19"	"-"	"-"	""
"PPA0002"	503	"SUPERFAMILY"	"SSF55979"	"DNA clamp"	243	370	"6.28E-17"	"-"	"-"	""
"PPA0002"	503	"SUPERFAMILY"	"SSF55979"	"DNA clamp"	119	236	"6.77E-22"	"-"	"-"	""
"PPA0004"	394	"SUPERFAMILY"	"SSF52540"	"P-loop containing nucleoside triphosphate hydrolases"	1	356	"1.24E-32"	"IPR027417"	"P-loop containing nucleoside triphosphate hydrolase"	"-"
"PPA0008"	395	"SUPERFAMILY"	"SSF51182"	"RmlC-like cupins"	3	385	"9.64E-86"	"IPR011051"	"RmlC-like cupin domain superfamily"	"-"
"PPA0009"	690	"SUPERFAMILY"	"SSF55874"	"ATPase domain of HSP90 chaperone/DNA topoisomerase II/histidine kinase"	43	251	"1.31E-65"	"IPR036890"	"Histidine kinase/HSP90-like ATPase superfamily"	"-"
"PPA0009"	690	"SUPERFAMILY"	"SSF54211"	"Ribosomal protein S5 domain 2-like"	268	440	"2.09E-53"	"IPR020568"	"Ribosomal protein S5 domain 2-type fold"	"-"
"PPA0009"	690	"SUPERFAMILY"	"SSF56719"	"Type II DNA topoisomerase"	444	685	"7.32E-80"	"IPR013760"	"DNA topoisomerase, type IIA-like domain superfamily"	"GO:0003918|GO:0005524"
"PPA0010"	891	"SUPERFAMILY"	"SSF56719"	"Type II DNA topoisomerase"	48	510	"0.0"	"IPR013760"	"DNA topoisomerase, type IIA-like domain superfamily"	"GO:0003918|GO:0005524"
"PPA0010"	891	"SUPERFAMILY"	"SSF101904"	"GyrA/ParC C-terminal domain-like"	521	848	"1.83E-90"	"IPR035516"	"DNA gyrase/topoisomerase IV, subunit A, C-terminal"	"-"
"PPA0012"	322	"SUPERFAMILY"	"SSF56327"	"LDH C-terminal domain-like"	152	319	"8.07E-45"	"IPR015955"	"Lactate dehydrogenase/glycoside hydrolase, family 4, C-terminal"	"GO:0003824|GO:0016616"
"PPA0012"	322	"SUPERFAMILY"	"SSF51735"	"NAD(P)-binding Rossmann-fold domains"	7	152	"2.7E-27"	"IPR036291"	"NAD(P)-binding domain superfamily"	"-"
"PPA0014"	335	"SUPERFAMILY"	"SSF47413"	"lambda repressor-like DNA-binding domains"	3	62	"5.63E-16"	"IPR010982"	"Lambda repressor-like, DNA-binding domain superfamily"	"GO:0003677"
"PPA0014"	335	"SUPERFAMILY"	"SSF53822"	"Periplasmic binding protein-like I"	64	329	"3.46E-75"	"IPR028082"	"Periplasmic binding protein-like I"	"-"
"PPA0015"	501	"SUPERFAMILY"	"SSF52540"	"P-loop containing nucleoside triphosphate hydrolases"	3	223	"4.15E-55"	"IPR027417"	"P-loop containing nucleoside triphosphate hydrolase"	"-"
"PPA0015"	501	"SUPERFAMILY"	"SSF52540"	"P-loop containing nucleoside triphosphate hydrolases"	263	479	"7.14E-42"	"IPR027417"	"P-loop containing nucleoside triphosphate hydrolase"	"-"
"PPA0017"	313	"SUPERFAMILY"	"SSF53822"	"Periplasmic binding protein-like I"	38	312	"1.77E-83"	"IPR028082"	"Periplasmic binding protein-like I"	"-"
"PPA0018"	309	"SUPERFAMILY"	"SSF53613"	"Ribokinase-like"	7	302	"2.49E-67"	"IPR029056"	"Ribokinase-like"	"-"
"PPA0019"	127	"SUPERFAMILY"	"SSF102546"	"RbsD-like"	1	127	"1.26E-36"	"IPR023750"	"RbsD-like superfamily"	"GO:0005996|GO:0016853|GO:0048029"
"PPA0021"	158	"SUPERFAMILY"	"SSF55804"	"Phoshotransferase/anion transport protein"	4	147	"3.14E-36"	"IPR016152"	"Phosphotransferase/anion transporter"	"-"
"PPA0023"	100	"SUPERFAMILY"	"SSF52794"	"PTS system IIB component-like"	5	91	"6.28E-17"	"IPR036095"	"PTS system IIB component-like superfamily"	"GO:0008982|GO:0009401"
"PPA0025"	127	"SUPERFAMILY"	"SSF50129"	"GroES-like"	3	115	"2.36E-15"	"IPR011032"	"GroES-like superfamily"	"-"
"PPA0030"	192	"SUPERFAMILY"	"SSF56784"	"HAD-like"	7	186	"3.37E-32"	"IPR036412"	"HAD-like superfamily"	"-"
"PPA0031"	252	"SUPERFAMILY"	"SSF46785"	"Winged helix DNA-binding domain"	6	72	"1.05E-12"	"IPR036390"	"Winged helix DNA-binding domain superfamily"	"-"
"PPA0031"	252	"SUPERFAMILY"	"SSF100950"	"NagB/RpiA/CoA transferase-like"	74	232	"1.67E-21"	"IPR037171"	"NagB/RpiA transferase-like"	"-"
"PPA0034"	352	"SUPERFAMILY"	"SSF53383"	"PLP-dependent transferases"	15	349	"1.46E-84"	"IPR015424"	"Pyridoxal phosphate-dependent transferase"	"-"
"PPA0037"	188	"SUPERFAMILY"	"SSF55729"	"Acyl-CoA N-acyltransferases (Nat)"	19	187	"7.52E-25"	"IPR016181"	"Acyl-CoA N-acyltransferase"	"-"
"PPA0040"	272	"SUPERFAMILY"	"SSF52540"	"P-loop containing nucleoside triphosphate hydrolases"	1	250	"2.39E-7"	"IPR027417"	"P-loop containing nucleoside triphosphate hydrolase"	"-"
"PPA0041"	492	"SUPERFAMILY"	"SSF52540"	"P-loop containing nucleoside triphosphate hydrolases"	122	443	"5.68E-32"	"IPR027417"	"P-loop containing nucleoside triphosphate hydrolase"	"-"
"PPA0048"	470	"SUPERFAMILY"	"SSF103473"	"MFS general substrate transporter"	63	449	"1.31E-21"	"IPR036259"	"MFS transporter superfamily"	"-"
"PPA0049"	569	"SUPERFAMILY"	"SSF52540"	"P-loop containing nucleoside triphosphate hydrolases"	10	567	"0.0"	"IPR027417"	"P-loop containing nucleoside triphosphate hydrolase"	"-"
"PPA0054"	344	"SUPERFAMILY"	"SSF52540"	"P-loop containing nucleoside triphosphate hydrolases"	112	326	"2.21E-65"	"IPR027417"	"P-loop containing nucleoside triphosphate hydrolase"	"-"
"PPA0055"	218	"SUPERFAMILY"	"SSF46894"	"C-terminal effector domain of the bipartite response regulators"	140	218	"3.74E-20"	"IPR016032"	"Signal transduction response regulator, C-terminal effector"	"GO:0003677|GO:0006355"
"PPA0055"	218	"SUPERFAMILY"	"SSF52172"	"CheY-like"	4	136	"5.27E-36"	"IPR011006"	"CheY-like superfamily"	"-"
"PPA0057"	276	"SUPERFAMILY"	"SSF161098"	"MetI-like"	7	275	"5.42E-63"	"IPR035906"	"MetI-like superfamily"	"-"
"PPA0058"	298	"SUPERFAMILY"	"SSF161098"	"MetI-like"	48	284	"6.93E-53"	"IPR035906"	"MetI-like superfamily"	"-"
"PPA0059"	434	"SUPERFAMILY"	"SSF53850"	"Periplasmic binding protein-like II"	41	425	"5.67E-52"	"-"	"-"	""
"PPA0060"	228	"SUPERFAMILY"	"SSF46785"	"Winged helix DNA-binding domain"	6	45	"3.53E-5"	"IPR036390"	"Winged helix DNA-binding domain superfamily"	"-"
"PPA0060"	228	"SUPERFAMILY"	"SSF100950"	"NagB/RpiA/CoA transferase-like"	52	207	"1.65E-27"	"IPR037171"	"NagB/RpiA transferase-like"	"-"
"PPA0061"	462	"SUPERFAMILY"	"SSF51735"	"NAD(P)-binding Rossmann-fold domains"	1	163	"1.73E-40"	"IPR036291"	"NAD(P)-binding domain superfamily"	"-"
"PPA0061"	462	"SUPERFAMILY"	"SSF56327"	"LDH C-terminal domain-like"	164	453	"5.18E-64"	"IPR015955"	"Lactate dehydrogenase/glycoside hydrolase, family 4, C-terminal"	"GO:0003824|GO:0016616"
"PPA0062"	1042	"SUPERFAMILY"	"SSF74650"	"Galactose mutarotase-like"	629	1040	"4.08E-52"	"IPR011013"	"Galactose mutarotase-like domain superfamily"	"GO:0003824|GO:0005975|GO:0030246"
"PPA0062"	1042	"SUPERFAMILY"	"SSF88713"	"Glycoside hydrolase/deacetylase"	263	528	"2.8E-80"	"IPR011330"	"Glycoside hydrolase/deacetylase, beta/alpha-barrel"	"GO:0005975"
"PPA0062"	1042	"SUPERFAMILY"	"SSF88688"	"Families 57/38 glycoside transferase middle domain"	529	632	"1.21E-25"	"IPR028995"	"Glycoside hydrolase families 57/38, central domain superfamily"	"-"
"PPA0063"	351	"SUPERFAMILY"	"SSF53649"	"Alkaline phosphatase-like"	66	321	"1.08E-22"	"IPR017850"	"Alkaline-phosphatase-like, core domain superfamily"	"-"
"PPA0064"	214	"SUPERFAMILY"	"SSF56784"	"HAD-like"	10	193	"3.78E-45"	"IPR036412"	"HAD-like superfamily"	"-"
"PPA0065"	431	"SUPERFAMILY"	"SSF48208"	"Six-hairpin glycosidases"	31	424	"0.0"	"IPR008928"	"Six-hairpin glycosidase superfamily"	"GO:0005975"
"PPA0066"	512	"SUPERFAMILY"	"SSF51445"	"(Trans)glycosidases"	139	495	"9.83E-98"	"IPR017853"	"Glycoside hydrolase superfamily"	"-"
"PPA0066"	512	"SUPERFAMILY"	"SSF55545"	"beta-N-acetylhexosaminidase-like domain"	2	136	"2.69E-17"	"IPR029018"	"Beta-hexosaminidase-like, domain 2"	"-"
"PPA0067"	311	"SUPERFAMILY"	"SSF53613"	"Ribokinase-like"	8	295	"1.2E-45"	"IPR029056"	"Ribokinase-like"	"-"
"PPA0068"	456	"SUPERFAMILY"	"SSF55874"	"ATPase domain of HSP90 chaperone/DNA topoisomerase II/histidine kinase"	335	448	"4.88E-18"	"IPR036890"	"Histidine kinase/HSP90-like ATPase superfamily"	"-"
"PPA0069"	329	"SUPERFAMILY"	"SSF51735"	"NAD(P)-binding Rossmann-fold domains"	1	323	"8.39E-84"	"IPR036291"	"NAD(P)-binding domain superfamily"	"-"
"PPA0070"	271	"SUPERFAMILY"	"SSF46689"	"Homeodomain-like"	70	149	"7.18E-17"	"IPR009057"	"Homeobox-like domain superfamily"	"-"
"PPA0070"	271	"SUPERFAMILY"	"SSF48498"	"Tetracyclin repressor-like, C-terminal domain"	155	263	"2.16E-6"	"IPR036271"	"Tetracyclin repressor-like, C-terminal domain superfamily"	"-"
"PPA0071"	909	"SUPERFAMILY"	"SSF82866"	"Multidrug efflux transporter AcrB transmembrane domain"	469	705	"1.96E-27"	"-"	"-"	""
"PPA0071"	909	"SUPERFAMILY"	"SSF82866"	"Multidrug efflux transporter AcrB transmembrane domain"	147	340	"1.31E-30"	"-"	"-"	""
"PPA0074"	253	"SUPERFAMILY"	"SSF52540"	"P-loop containing nucleoside triphosphate hydrolases"	25	245	"9.52E-59"	"IPR027417"	"P-loop containing nucleoside triphosphate hydrolase"	"-"
"PPA0075"	270	"SUPERFAMILY"	"SSF53335"	"S-adenosyl-L-methionine-dependent methyltransferases"	29	169	"5.46E-26"	"IPR029063"	"S-adenosyl-L-methionine-dependent methyltransferase superfamily"	"-"
"PPA0076"	336	"SUPERFAMILY"	"SSF53807"	"Helical backbone metal receptor"	68	335	"4.71E-50"	"-"	"-"	""
"PPA0077"	340	"SUPERFAMILY"	"SSF81345"	"ABC transporter involved in vitamin B12 uptake, BtuC"	3	333	"4.84E-76"	"IPR037294"	"ABC transporter, BtuC-like"	"-"
"PPA0078"	255	"SUPERFAMILY"	"SSF52540"	"P-loop containing nucleoside triphosphate hydrolases"	7	229	"1.74E-53"	"IPR027417"	"P-loop containing nucleoside triphosphate hydrolase"	"-"
"PPA0079"	485	"SUPERFAMILY"	"SSF53720"	"ALDH-like"	10	482	"0.0"	"IPR016161"	"Aldehyde/histidinol dehydrogenase"	"GO:0016491"
"PPA0080"	428	"SUPERFAMILY"	"SSF81340"	"Clc chloride channel"	4	400	"4.45E-56"	"IPR014743"	"Chloride channel, core"	"-"
"PPA0081"	788	"SUPERFAMILY"	"SSF53756"	"UDP-Glycosyltransferase/glycogen phosphorylase"	3	786	"0.0"	"-"	"-"	""
"PPA0082"	211	"SUPERFAMILY"	"SSF88659"	"Sigma3 and sigma4 domains of RNA polymerase sigma factors"	137	188	"1.81E-5"	"IPR013324"	"RNA polymerase sigma factor, region 3/4-like"	"-"
"PPA0083"	738	"SUPERFAMILY"	"SSF52317"	"Class I glutamine amidotransferase-like"	457	667	"6.41E-22"	"IPR029062"	"Class I glutamine amidotransferase-like"	"-"
"PPA0084"	403	"SUPERFAMILY"	"SSF53067"	"Actin-like ATPase domain"	90	391	"1.1E-40"	"IPR043129"	"ATPase, nucleotide binding domain"	"-"
"PPA0084"	403	"SUPERFAMILY"	"SSF46785"	"Winged helix DNA-binding domain"	16	80	"2.49E-13"	"IPR036390"	"Winged helix DNA-binding domain superfamily"	"-"
"PPA0085"	447	"SUPERFAMILY"	"SSF53850"	"Periplasmic binding protein-like II"	40	442	"4.1E-54"	"-"	"-"	""
"PPA0086"	311	"SUPERFAMILY"	"SSF161098"	"MetI-like"	69	298	"2.09E-52"	"IPR035906"	"MetI-like superfamily"	"-"
"PPA0087"	293	"SUPERFAMILY"	"SSF161098"	"MetI-like"	10	293	"3.08E-56"	"IPR035906"	"MetI-like superfamily"	"-"
"PPA0088"	373	"SUPERFAMILY"	"SSF53822"	"Periplasmic binding protein-like I"	93	369	"3.99E-55"	"IPR028082"	"Periplasmic binding protein-like I"	"-"
"PPA0088"	373	"SUPERFAMILY"	"SSF47413"	"lambda repressor-like DNA-binding domains"	33	91	"4.64E-14"	"IPR010982"	"Lambda repressor-like, DNA-binding domain superfamily"	"GO:0003677"
"PPA0089"	729	"SUPERFAMILY"	"SSF48208"	"Six-hairpin glycosidases"	233	708	"2.38E-69"	"IPR008928"	"Six-hairpin glycosidase superfamily"	"GO:0005975"
"PPA0090"	402	"SUPERFAMILY"	"SSF53784"	"Phosphofructokinase"	23	393	"4.19E-108"	"IPR035966"	"Phosphofructokinase superfamily"	"GO:0003872|GO:0006096"
"PPA0091"	193	"SUPERFAMILY"	"SSF46785"	"Winged helix DNA-binding domain"	27	176	"2.82E-16"	"IPR036390"	"Winged helix DNA-binding domain superfamily"	"-"
"PPA0092"	913	"SUPERFAMILY"	"SSF49503"	"Cupredoxins"	764	912	"5.95E-38"	"IPR008972"	"Cupredoxin"	"-"
"PPA0092"	913	"SUPERFAMILY"	"SSF49503"	"Cupredoxins"	512	601	"6.04E-13"	"IPR008972"	"Cupredoxin"	"-"
"PPA0092"	913	"SUPERFAMILY"	"SSF49503"	"Cupredoxins"	638	779	"9.95E-32"	"IPR008972"	"Cupredoxin"	"-"
"PPA0094"	490	"SUPERFAMILY"	"SSF48557"	"L-aspartase-like"	1	456	"0.0"	"IPR008948"	"L-Aspartase-like"	"GO:0003824"
"PPA0096"	96	"SUPERFAMILY"	"SSF55729"	"Acyl-CoA N-acyltransferases (Nat)"	8	91	"8.29E-21"	"IPR016181"	"Acyl-CoA N-acyltransferase"	"-"
"PPA0097"	483	"SUPERFAMILY"	"SSF56634"	"Heme-dependent catalase-like"	6	478	"0.0"	"IPR020835"	"Catalase superfamily"	"GO:0020037"
"PPA0098"	581	"SUPERFAMILY"	"SSF90123"	"ABC transporter transmembrane region"	21	326	"6.67E-48"	"IPR036640"	"ABC transporter type 1, transmembrane domain superfamily"	"GO:0005524|GO:0016021"
"PPA0098"	581	"SUPERFAMILY"	"SSF52540"	"P-loop containing nucleoside triphosphate hydrolases"	341	576	"1.28E-56"	"IPR027417"	"P-loop containing nucleoside triphosphate hydrolase"	"-"
"PPA0099"	588	"SUPERFAMILY"	"SSF90123"	"ABC transporter transmembrane region"	45	352	"1.83E-44"	"IPR036640"	"ABC transporter type 1, transmembrane domain superfamily"	"GO:0005524|GO:0016021"
"PPA0099"	588	"SUPERFAMILY"	"SSF52540"	"P-loop containing nucleoside triphosphate hydrolases"	380	583	"1.55E-33"	"IPR027417"	"P-loop containing nucleoside triphosphate hydrolase"	"-"
"PPA0100"	328	"SUPERFAMILY"	"SSF52540"	"P-loop containing nucleoside triphosphate hydrolases"	5	324	"1.27E-58"	"IPR027417"	"P-loop containing nucleoside triphosphate hydrolase"	"-"
"PPA0101"	654	"SUPERFAMILY"	"SSF53300"	"vWA-like"	459	640	"2.08E-21"	"IPR036465"	"von Willebrand factor A-like domain superfamily"	"-"
"PPA0101"	654	"SUPERFAMILY"	"SSF52540"	"P-loop containing nucleoside triphosphate hydrolases"	3	280	"1.3E-47"	"IPR027417"	"P-loop containing nucleoside triphosphate hydrolase"	"-"
"PPA0103"	364	"SUPERFAMILY"	"SSF102114"	"Radical SAM enzymes"	3	330	"2.35E-38"	"-"	"-"	""
"PPA0104"	333	"SUPERFAMILY"	"SSF52540"	"P-loop containing nucleoside triphosphate hydrolases"	4	236	"1.11E-52"	"IPR027417"	"P-loop containing nucleoside triphosphate hydrolase"	"-"
"PPA0105"	379	"SUPERFAMILY"	"SSF81345"	"ABC transporter involved in vitamin B12 uptake, BtuC"	38	371	"4.45E-69"	"IPR037294"	"ABC transporter, BtuC-like"	"-"
"PPA0106"	414	"SUPERFAMILY"	"SSF53807"	"Helical backbone metal receptor"	117	398	"3.65E-29"	"-"	"-"	""
"PPA0107"	422	"SUPERFAMILY"	"SSF53807"	"Helical backbone metal receptor"	125	373	"7.85E-38"	"-"	"-"	""
"PPA0108"	257	"SUPERFAMILY"	"SSF55326"	"PurM N-terminal domain-like"	25	134	"7.15E-5"	"IPR036921"	"PurM-like, N-terminal domain superfamily"	"-"
"PPA0109"	594	"SUPERFAMILY"	"SSF51905"	"FAD/NAD(P)-binding domain"	34	432	"5.72E-11"	"IPR036188"	"FAD/NAD(P)-binding domain superfamily"	"-"
"PPA0110"	569	"SUPERFAMILY"	"SSF48613"	"Heme oxygenase-like"	361	567	"9.94E-54"	"IPR016084"	"Haem oxygenase-like, multi-helical"	"-"
"PPA0110"	569	"SUPERFAMILY"	"SSF53613"	"Ribokinase-like"	59	321	"1.34E-69"	"IPR029056"	"Ribokinase-like"	"-"
"PPA0112"	217	"SUPERFAMILY"	"SSF51391"	"Thiamin phosphate synthase"	3	212	"2.62E-46"	"IPR036206"	"Thiamin phosphate synthase superfamily"	"-"
"PPA0113"	319	"SUPERFAMILY"	"SSF52980"	"Restriction endonuclease-like"	193	303	"6.97E-5"	"IPR011335"	"Restriction endonuclease  type II-like"	"-"
"PPA0116"	704	"SUPERFAMILY"	"SSF81653"	"Calcium ATPase, transduction domain A"	131	221	"1.44E-18"	"IPR008250"	"P-type ATPase, A domain superfamily"	"-"
"PPA0116"	704	"SUPERFAMILY"	"SSF56784"	"HAD-like"	307	581	"2.47E-37"	"IPR036412"	"HAD-like superfamily"	"-"
"PPA0116"	704	"SUPERFAMILY"	"SSF81665"	"Calcium ATPase, transmembrane domain M"	11	313	"3.27E-10"	"IPR023298"	"P-type ATPase, transmembrane domain superfamily"	"-"
"PPA0118"	830	"SUPERFAMILY"	"SSF55874"	"ATPase domain of HSP90 chaperone/DNA topoisomerase II/histidine kinase"	661	824	"6.16E-36"	"IPR036890"	"Histidine kinase/HSP90-like ATPase superfamily"	"-"
"PPA0118"	830	"SUPERFAMILY"	"SSF47384"	"Homodimeric domain of signal transducing histidine kinase"	590	671	"1.31E-12"	"IPR036097"	"Signal transduction histidine kinase, dimerisation/phosphoacceptor domain superfamily"	"GO:0000155|GO:0007165"
"PPA0118"	830	"SUPERFAMILY"	"SSF52402"	"Adenine nucleotide alpha hydrolases-like"	233	340	"1.05E-9"	"-"	"-"	""
"PPA0119"	227	"SUPERFAMILY"	"SSF52172"	"CheY-like"	1	174	"4.13E-40"	"IPR011006"	"CheY-like superfamily"	"-"
"PPA0122"	457	"SUPERFAMILY"	"SSF63411"	"LuxS/MPP-like metallohydrolase"	243	436	"2.44E-22"	"IPR011249"	"Metalloenzyme, LuxS/M16 peptidase-like"	"GO:0046872"
"PPA0122"	457	"SUPERFAMILY"	"SSF63411"	"LuxS/MPP-like metallohydrolase"	20	221	"1.15E-26"	"IPR011249"	"Metalloenzyme, LuxS/M16 peptidase-like"	"GO:0046872"
"PPA0126"	781	"SUPERFAMILY"	"SSF53955"	"Lysozyme-like"	78	280	"5.06E-62"	"IPR023346"	"Lysozyme-like domain superfamily"	"-"
"PPA0126"	781	"SUPERFAMILY"	"SSF56601"	"beta-lactamase/transpeptidase-like"	250	663	"9.09E-82"	"IPR012338"	"Beta-lactamase/transpeptidase-like"	"-"
"PPA0130"	420	"SUPERFAMILY"	"SSF53756"	"UDP-Glycosyltransferase/glycogen phosphorylase"	133	411	"5.76E-33"	"-"	"-"	""
"PPA0131"	375	"SUPERFAMILY"	"SSF53756"	"UDP-Glycosyltransferase/glycogen phosphorylase"	92	369	"1.13E-16"	"-"	"-"	""
"PPA0134"	205	"SUPERFAMILY"	"SSF51161"	"Trimeric LpxA-like enzymes"	5	163	"1.09E-40"	"IPR011004"	"Trimeric LpxA-like superfamily"	"-"
"PPA0135"	370	"SUPERFAMILY"	"SSF53383"	"PLP-dependent transferases"	5	365	"1.1E-111"	"IPR015424"	"Pyridoxal phosphate-dependent transferase"	"-"
"PPA0136"	330	"SUPERFAMILY"	"SSF55347"	"Glyceraldehyde-3-phosphate dehydrogenase-like, C-terminal domain"	124	293	"1.24E-18"	"-"	"-"	""
"PPA0136"	330	"SUPERFAMILY"	"SSF51735"	"NAD(P)-binding Rossmann-fold domains"	4	145	"5.19E-35"	"IPR036291"	"NAD(P)-binding domain superfamily"	"-"
"PPA0138"	525	"SUPERFAMILY"	"SSF103473"	"MFS general substrate transporter"	41	512	"6.93E-25"	"IPR036259"	"MFS transporter superfamily"	"-"
"PPA0139"	459	"SUPERFAMILY"	"SSF55424"	"FAD/NAD-linked reductases, dimerisation (C-terminal) domain"	384	452	"2.56E-19"	"IPR016156"	"FAD/NAD-linked reductase, dimerisation domain superfamily"	"GO:0016491|GO:0050660"
"PPA0139"	459	"SUPERFAMILY"	"SSF51905"	"FAD/NAD(P)-binding domain"	74	401	"1.04E-36"	"IPR036188"	"FAD/NAD(P)-binding domain superfamily"	"-"
"PPA0140"	266	"SUPERFAMILY"	"SSF51735"	"NAD(P)-binding Rossmann-fold domains"	6	263	"7.75E-73"	"IPR036291"	"NAD(P)-binding domain superfamily"	"-"
"PPA0141"	85	"SUPERFAMILY"	"SSF55594"	"HPr-like"	1	82	"3.53E-18"	"IPR035895"	"HPr-like superfamily"	"-"
"PPA0142"	670	"SUPERFAMILY"	"SSF55804"	"Phoshotransferase/anion transport protein"	3	145	"5.1E-32"	"IPR016152"	"Phosphotransferase/anion transporter"	"-"
"PPA0142"	670	"SUPERFAMILY"	"SSF52794"	"PTS system IIB component-like"	179	275	"2.44E-31"	"IPR036095"	"PTS system IIB component-like superfamily"	"GO:0008982|GO:0009401"
"PPA0143"	316	"SUPERFAMILY"	"SSF53613"	"Ribokinase-like"	1	308	"4.21E-56"	"IPR029056"	"Ribokinase-like"	"-"
"PPA0144"	253	"SUPERFAMILY"	"SSF46785"	"Winged helix DNA-binding domain"	5	60	"1.57E-7"	"IPR036390"	"Winged helix DNA-binding domain superfamily"	"-"
"PPA0144"	253	"SUPERFAMILY"	"SSF100950"	"NagB/RpiA/CoA transferase-like"	77	233	"8.58E-27"	"IPR037171"	"NagB/RpiA transferase-like"	"-"
"PPA0145"	432	"SUPERFAMILY"	"SSF48179"	"6-phosphogluconate dehydrogenase C-terminal domain-like"	214	305	"2.04E-21"	"IPR008927"	"6-phosphogluconate dehydrogenase-like, C-terminal domain superfamily"	"-"
"PPA0145"	432	"SUPERFAMILY"	"SSF52413"	"UDP-glucose/GDP-mannose dehydrogenase C-terminal domain"	310	422	"1.27E-12"	"IPR036220"	"UDP-glucose/GDP-mannose dehydrogenase, C-terminal domain superfamily"	"-"
"PPA0145"	432	"SUPERFAMILY"	"SSF51735"	"NAD(P)-binding Rossmann-fold domains"	1	194	"4.35E-42"	"IPR036291"	"NAD(P)-binding domain superfamily"	"-"
"PPA0147"	371	"SUPERFAMILY"	"SSF53756"	"UDP-Glycosyltransferase/glycogen phosphorylase"	13	358	"2.73E-66"	"-"	"-"	""
"PPA0148"	357	"SUPERFAMILY"	"SSF53756"	"UDP-Glycosyltransferase/glycogen phosphorylase"	1	350	"1.36E-94"	"-"	"-"	""
"PPA0149"	373	"SUPERFAMILY"	"SSF53756"	"UDP-Glycosyltransferase/glycogen phosphorylase"	19	367	"7.33E-42"	"-"	"-"	""
"PPA0150"	341	"SUPERFAMILY"	"SSF52980"	"Restriction endonuclease-like"	218	326	"8.04E-5"	"IPR011335"	"Restriction endonuclease  type II-like"	"-"
"PPA0152"	460	"SUPERFAMILY"	"SSF51905"	"FAD/NAD(P)-binding domain"	23	347	"1.41E-40"	"IPR036188"	"FAD/NAD(P)-binding domain superfamily"	"-"
"PPA0154"	215	"SUPERFAMILY"	"SSF55811"	"Nudix"	34	158	"8.53E-21"	"IPR015797"	"NUDIX hydrolase-like domain superfamily"	"-"
"PPA0155"	838	"SUPERFAMILY"	"SSF52540"	"P-loop containing nucleoside triphosphate hydrolases"	32	357	"1.87E-43"	"IPR027417"	"P-loop containing nucleoside triphosphate hydrolase"	"-"
"PPA0157"	699	"SUPERFAMILY"	"SSF52540"	"P-loop containing nucleoside triphosphate hydrolases"	273	446	"7.43E-42"	"IPR027417"	"P-loop containing nucleoside triphosphate hydrolase"	"-"
"PPA0157"	699	"SUPERFAMILY"	"SSF52540"	"P-loop containing nucleoside triphosphate hydrolases"	36	231	"1.89E-37"	"IPR027417"	"P-loop containing nucleoside triphosphate hydrolase"	"-"
"PPA0158"	391	"SUPERFAMILY"	"SSF53756"	"UDP-Glycosyltransferase/glycogen phosphorylase"	6	386	"1.1E-47"	"-"	"-"	""
"PPA0161"	335	"SUPERFAMILY"	"SSF51395"	"FMN-linked oxidoreductases"	1	296	"6.72E-54"	"-"	"-"	""
"PPA0162"	1204	"SUPERFAMILY"	"SSF52518"	"Thiamin diphosphate-binding fold (THDP-binding)"	802	1200	"1.53E-125"	"IPR029061"	"Thiamin diphosphate-binding fold"	"-"
"PPA0162"	1204	"SUPERFAMILY"	"SSF52922"	"TK C-terminal domain-like"	264	419	"3.14E-40"	"IPR009014"	"Transketolase C-terminal/Pyruvate-ferredoxin oxidoreductase domain II"	"GO:0003824"
"PPA0162"	1204	"SUPERFAMILY"	"SSF53323"	"Pyruvate-ferredoxin oxidoreductase, PFOR, domain III"	426	677	"8.89E-76"	"IPR002869"	"Pyruvate-flavodoxin oxidoreductase, central domain"	"GO:0016491"
"PPA0162"	1204	"SUPERFAMILY"	"SSF52518"	"Thiamin diphosphate-binding fold (THDP-binding)"	12	263	"4.41E-75"	"IPR029061"	"Thiamin diphosphate-binding fold"	"-"
"PPA0162"	1204	"SUPERFAMILY"	"SSF54862"	"4Fe-4S ferredoxins"	674	845	"2.37E-20"	"-"	"-"	""
"PPA0163"	595	"SUPERFAMILY"	"SSF46548"	"alpha-helical ferredoxin"	51	153	"5.75E-21"	"-"	"-"	""
"PPA0163"	595	"SUPERFAMILY"	"SSF51971"	"Nucleotide-binding domain"	142	372	"2.75E-54"	"-"	"-"	""
"PPA0163"	595	"SUPERFAMILY"	"SSF46548"	"alpha-helical ferredoxin"	425	553	"2.3E-19"	"-"	"-"	""
"PPA0164"	124	"SUPERFAMILY"	"SSF89957"	"MTH1187/YkoF-like"	21	122	"1.7E-26"	"IPR029756"	"MTH1187/YkoF-like"	"-"
"PPA0165"	273	"SUPERFAMILY"	"SSF46785"	"Winged helix DNA-binding domain"	50	118	"8.24E-16"	"IPR036390"	"Winged helix DNA-binding domain superfamily"	"-"
"PPA0165"	273	"SUPERFAMILY"	"SSF48008"	"GntR ligand-binding domain-like"	137	269	"4.45E-21"	"IPR008920"	"Transcription regulator FadR/GntR, C-terminal"	"-"
"PPA0168"	511	"SUPERFAMILY"	"SSF54862"	"4Fe-4S ferredoxins"	317	422	"2.05E-16"	"-"	"-"	""
"PPA0168"	511	"SUPERFAMILY"	"SSF100950"	"NagB/RpiA/CoA transferase-like"	89	323	"3.14E-33"	"IPR037171"	"NagB/RpiA transferase-like"	"-"
"PPA0169"	226	"SUPERFAMILY"	"SSF100950"	"NagB/RpiA/CoA transferase-like"	45	224	"9.63E-38"	"IPR037171"	"NagB/RpiA transferase-like"	"-"
"PPA0170"	220	"SUPERFAMILY"	"SSF52540"	"P-loop containing nucleoside triphosphate hydrolases"	9	198	"2.25E-47"	"IPR027417"	"P-loop containing nucleoside triphosphate hydrolase"	"-"
"PPA0173"	534	"SUPERFAMILY"	"SSF52540"	"P-loop containing nucleoside triphosphate hydrolases"	334	532	"1.51E-40"	"IPR027417"	"P-loop containing nucleoside triphosphate hydrolase"	"-"
"PPA0173"	534	"SUPERFAMILY"	"SSF90123"	"ABC transporter transmembrane region"	10	319	"3.53E-35"	"IPR036640"	"ABC transporter type 1, transmembrane domain superfamily"	"GO:0005524|GO:0016021"
"PPA0174"	546	"SUPERFAMILY"	"SSF52540"	"P-loop containing nucleoside triphosphate hydrolases"	330	542	"1.7E-45"	"IPR027417"	"P-loop containing nucleoside triphosphate hydrolase"	"-"
"PPA0174"	546	"SUPERFAMILY"	"SSF90123"	"ABC transporter transmembrane region"	6	318	"1.44E-46"	"IPR036640"	"ABC transporter type 1, transmembrane domain superfamily"	"GO:0005524|GO:0016021"
"PPA0178"	666	"SUPERFAMILY"	"SSF52540"	"P-loop containing nucleoside triphosphate hydrolases"	417	660	"1.36E-90"	"IPR027417"	"P-loop containing nucleoside triphosphate hydrolase"	"-"
"PPA0178"	666	"SUPERFAMILY"	"SSF90123"	"ABC transporter transmembrane region"	41	408	"2.22E-83"	"IPR036640"	"ABC transporter type 1, transmembrane domain superfamily"	"GO:0005524|GO:0016021"
"PPA0179"	578	"SUPERFAMILY"	"SSF52540"	"P-loop containing nucleoside triphosphate hydrolases"	326	571	"1.52E-81"	"IPR027417"	"P-loop containing nucleoside triphosphate hydrolase"	"-"
"PPA0179"	578	"SUPERFAMILY"	"SSF90123"	"ABC transporter transmembrane region"	7	313	"7.85E-66"	"IPR036640"	"ABC transporter type 1, transmembrane domain superfamily"	"GO:0005524|GO:0016021"
"PPA0180"	369	"SUPERFAMILY"	"SSF47413"	"lambda repressor-like DNA-binding domains"	3	71	"2.14E-10"	"IPR010982"	"Lambda repressor-like, DNA-binding domain superfamily"	"GO:0003677"
"PPA0181"	510	"SUPERFAMILY"	"SSF50249"	"Nucleic acid-binding proteins"	12	163	"4.5E-31"	"IPR012340"	"Nucleic acid-binding, OB-fold"	"-"
"PPA0181"	510	"SUPERFAMILY"	"SSF55681"	"Class II aaRS and biotin synthetases"	170	507	"1.11E-96"	"IPR045864"	"Class II Aminoacyl-tRNA synthetase/Biotinyl protein ligase (BPL) and lipoyl protein ligase (LPL)"	"-"
"PPA0184"	632	"SUPERFAMILY"	"SSF56112"	"Protein kinase-like (PK-like)"	6	273	"4.45E-76"	"IPR011009"	"Protein kinase-like domain superfamily"	"-"
"PPA0185"	475	"SUPERFAMILY"	"SSF56601"	"beta-lactamase/transpeptidase-like"	96	473	"1.13E-86"	"IPR012338"	"Beta-lactamase/transpeptidase-like"	"-"
"PPA0187"	495	"SUPERFAMILY"	"SSF81606"	"PP2C-like"	4	244	"3.66E-55"	"IPR036457"	"PPM-type phosphatase domain superfamily"	"-"
"PPA0188"	162	"SUPERFAMILY"	"SSF49879"	"SMAD/FHA domain"	62	159	"6.7E-27"	"IPR008984"	"SMAD/FHA domain superfamily"	"GO:0005515"
"PPA0189"	229	"SUPERFAMILY"	"SSF49879"	"SMAD/FHA domain"	137	224	"2.68E-25"	"IPR008984"	"SMAD/FHA domain superfamily"	"GO:0005515"
"PPA0191"	320	"SUPERFAMILY"	"SSF56112"	"Protein kinase-like (PK-like)"	24	244	"1.09E-20"	"IPR011009"	"Protein kinase-like domain superfamily"	"-"
"PPA0199"	953	"SUPERFAMILY"	"SSF69304"	"Tricorn protease N-terminal domain"	7	193	"9.81E-8"	"-"	"-"	""
"PPA0202"	121	"SUPERFAMILY"	"SSF55174"	"Alpha-L RNA-binding motif"	3	85	"6.54E-24"	"-"	"-"	""
"PPA0204"	957	"SUPERFAMILY"	"SSF52540"	"P-loop containing nucleoside triphosphate hydrolases"	135	326	"5.53E-53"	"IPR027417"	"P-loop containing nucleoside triphosphate hydrolase"	"-"
"PPA0204"	957	"SUPERFAMILY"	"SSF48019"	"post-AAA+ oligomerization domain-like"	352	468	"3.06E-15"	"IPR008921"	"DNA polymerase III, clamp loader complex, gamma/delta/delta subunit, C-terminal"	"GO:0003677|GO:0006260"
"PPA0205"	107	"SUPERFAMILY"	"SSF82607"	"YbaB-like"	14	103	"9.42E-23"	"IPR036894"	"Nucleoid-associated protein YbaB-like domain superfamily"	"-"
"PPA0206"	201	"SUPERFAMILY"	"SSF111304"	"Recombination protein RecR"	1	197	"3.14E-75"	"IPR023627"	"Recombination protein RecR"	"-"
"PPA0207"	191	"SUPERFAMILY"	"SSF46785"	"Winged helix DNA-binding domain"	3	163	"2.22E-33"	"IPR036390"	"Winged helix DNA-binding domain superfamily"	"-"
"PPA0208"	260	"SUPERFAMILY"	"SSF52540"	"P-loop containing nucleoside triphosphate hydrolases"	20	242	"1.39E-63"	"IPR027417"	"P-loop containing nucleoside triphosphate hydrolase"	"-"
"PPA0211"	266	"SUPERFAMILY"	"SSF56784"	"HAD-like"	2	263	"5.17E-50"	"IPR036412"	"HAD-like superfamily"	"-"
"PPA0212"	269	"SUPERFAMILY"	"SSF56784"	"HAD-like"	2	264	"4.07E-57"	"IPR036412"	"HAD-like superfamily"	"-"
"PPA0213"	299	"SUPERFAMILY"	"SSF52540"	"P-loop containing nucleoside triphosphate hydrolases"	60	275	"2.6E-48"	"IPR027417"	"P-loop containing nucleoside triphosphate hydrolase"	"-"
"PPA0216"	1114	"SUPERFAMILY"	"SSF50677"	"ValRS/IleRS/LeuRS editing domain"	213	434	"1.26E-40"	"IPR009008"	"Valyl/Leucyl/Isoleucyl-tRNA synthetase, editing domain"	"GO:0002161|GO:0006418"
"PPA0216"	1114	"SUPERFAMILY"	"SSF47323"	"Anticodon-binding domain of a subclass of class I aminoacyl-tRNA synthetases"	745	960	"2.8E-47"	"IPR009080"	"Aminoacyl-tRNA synthetase, class Ia, anticodon-binding"	"GO:0000166|GO:0004812|GO:0005524|GO:0006418"
"PPA0216"	1114	"SUPERFAMILY"	"SSF52374"	"Nucleotidylyl transferase"	17	689	"9.92E-118"	"-"	"-"	""
"PPA0219"	306	"SUPERFAMILY"	"SSF51735"	"NAD(P)-binding Rossmann-fold domains"	5	163	"4.05E-43"	"IPR036291"	"NAD(P)-binding domain superfamily"	"-"
"PPA0219"	306	"SUPERFAMILY"	"SSF55347"	"Glyceraldehyde-3-phosphate dehydrogenase-like, C-terminal domain"	137	300	"3.43E-37"	"-"	"-"	""
"PPA0221"	151	"SUPERFAMILY"	"SSF55298"	"YjgF-like"	2	151	"3.3E-53"	"IPR035959"	"RutC-like superfamily"	"-"
"PPA0222"	233	"SUPERFAMILY"	"SSF46785"	"Winged helix DNA-binding domain"	152	232	"7.37E-17"	"IPR036390"	"Winged helix DNA-binding domain superfamily"	"-"
"PPA0222"	233	"SUPERFAMILY"	"SSF51206"	"cAMP-binding domain-like"	11	143	"3.01E-25"	"IPR018490"	"Cyclic nucleotide-binding domain superfamily"	"-"
"PPA0223"	308	"SUPERFAMILY"	"SSF48150"	"DNA-glycosylase"	86	294	"6.6E-66"	"IPR011257"	"DNA glycosylase"	"GO:0003824|GO:0006281"
"PPA0224"	195	"SUPERFAMILY"	"SSF52833"	"Thioredoxin-like"	52	192	"5.79E-29"	"IPR036249"	"Thioredoxin-like superfamily"	"-"
"PPA0225"	218	"SUPERFAMILY"	"SSF55811"	"Nudix"	21	177	"4.87E-26"	"IPR015797"	"NUDIX hydrolase-like domain superfamily"	"-"
"PPA0228"	319	"SUPERFAMILY"	"SSF53335"	"S-adenosyl-L-methionine-dependent methyltransferases"	104	242	"5.63E-16"	"IPR029063"	"S-adenosyl-L-methionine-dependent methyltransferase superfamily"	"-"
"PPA0229"	325	"SUPERFAMILY"	"SSF52540"	"P-loop containing nucleoside triphosphate hydrolases"	109	307	"4.06E-14"	"IPR027417"	"P-loop containing nucleoside triphosphate hydrolase"	"-"
"PPA0230"	388	"SUPERFAMILY"	"SSF52540"	"P-loop containing nucleoside triphosphate hydrolases"	44	338	"2.21E-47"	"IPR027417"	"P-loop containing nucleoside triphosphate hydrolase"	"-"
"PPA0237"	754	"SUPERFAMILY"	"SSF52540"	"P-loop containing nucleoside triphosphate hydrolases"	57	398	"9.02E-43"	"IPR027417"	"P-loop containing nucleoside triphosphate hydrolase"	"-"
"PPA0238"	505	"SUPERFAMILY"	"SSF53335"	"S-adenosyl-L-methionine-dependent methyltransferases"	157	316	"2.22E-23"	"IPR029063"	"S-adenosyl-L-methionine-dependent methyltransferase superfamily"	"-"
"PPA0241"	929	"SUPERFAMILY"	"SSF56712"	"Prokaryotic type I DNA topoisomerase"	5	590	"0.0"	"IPR023405"	"DNA topoisomerase, type IA, core domain"	"-"
"PPA0243"	228	"SUPERFAMILY"	"SSF52540"	"P-loop containing nucleoside triphosphate hydrolases"	27	226	"1.31E-45"	"IPR027417"	"P-loop containing nucleoside triphosphate hydrolase"	"-"
"PPA0244"	399	"SUPERFAMILY"	"SSF52540"	"P-loop containing nucleoside triphosphate hydrolases"	6	210	"6.36E-44"	"IPR027417"	"P-loop containing nucleoside triphosphate hydrolase"	"-"
"PPA0247"	560	"SUPERFAMILY"	"SSF53474"	"alpha/beta-Hydrolases"	157	547	"8.9E-25"	"IPR029058"	"Alpha/Beta hydrolase fold"	"-"
"PPA0250"	449	"SUPERFAMILY"	"SSF51905"	"FAD/NAD(P)-binding domain"	2	448	"8.91E-66"	"IPR036188"	"FAD/NAD(P)-binding domain superfamily"	"-"
"PPA0250"	449	"SUPERFAMILY"	"SSF54373"	"FAD-linked reductases, C-terminal domain"	289	394	"1.31E-23"	"-"	"-"	""
"PPA0252"	155	"SUPERFAMILY"	"SSF53254"	"Phosphoglycerate mutase-like"	1	136	"1.7E-18"	"IPR029033"	"Histidine phosphatase superfamily"	"-"
"PPA0255"	348	"SUPERFAMILY"	"SSF53335"	"S-adenosyl-L-methionine-dependent methyltransferases"	148	309	"4.45E-12"	"IPR029063"	"S-adenosyl-L-methionine-dependent methyltransferase superfamily"	"-"
"PPA0256"	210	"SUPERFAMILY"	"SSF50324"	"Inorganic pyrophosphatase"	23	201	"1.22E-55"	"IPR036649"	"Inorganic pyrophosphatase superfamily"	"GO:0000287|GO:0004427|GO:0005737|GO:0006796"
"PPA0257"	476	"SUPERFAMILY"	"SSF56601"	"beta-lactamase/transpeptidase-like"	88	459	"1.98E-61"	"IPR012338"	"Beta-lactamase/transpeptidase-like"	"-"
"PPA0258"	311	"SUPERFAMILY"	"SSF52402"	"Adenine nucleotide alpha hydrolases-like"	18	229	"2.04E-42"	"-"	"-"	""
"PPA0258"	311	"SUPERFAMILY"	"SSF82829"	"MesJ substrate recognition domain-like"	211	302	"2.46E-7"	"-"	"-"	""
"PPA0259"	184	"SUPERFAMILY"	"SSF53271"	"PRTase-like"	5	183	"5.77E-51"	"IPR029057"	"Phosphoribosyltransferase-like"	"-"
"PPA0260"	717	"SUPERFAMILY"	"SSF140990"	"FtsH protease domain-like"	417	615	"1.19E-68"	"IPR037219"	"Peptidase M41-like"	"GO:0004176|GO:0004222|GO:0005524|GO:0006508"
"PPA0260"	717	"SUPERFAMILY"	"SSF52540"	"P-loop containing nucleoside triphosphate hydrolases"	161	407	"9.68E-71"	"IPR027417"	"P-loop containing nucleoside triphosphate hydrolase"	"-"
"PPA0261"	191	"SUPERFAMILY"	"SSF55620"	"Tetrahydrobiopterin biosynthesis enzymes-like"	4	188	"2.15E-74"	"-"	"-"	""
"PPA0263"	368	"SUPERFAMILY"	"SSF103088"	"OmpA-like"	251	365	"1.1E-28"	"IPR036737"	"OmpA-like domain superfamily"	"-"
"PPA0271"	281	"SUPERFAMILY"	"SSF51717"	"Dihydropteroate synthetase-like"	7	279	"2.49E-90"	"IPR011005"	"Dihydropteroate synthase-like"	"GO:0044237"
"PPA0272"	120	"SUPERFAMILY"	"SSF55620"	"Tetrahydrobiopterin biosynthesis enzymes-like"	3	116	"3.38E-30"	"-"	"-"	""
"PPA0273"	185	"SUPERFAMILY"	"SSF55083"	"6-hydroxymethyl-7,8-dihydropterin pyrophosphokinase, HPPK"	3	149	"2.22E-45"	"IPR035907"	"7,8-Dihydro-6-hydroxymethylpterin-pyrophosphokinase HPPK superfamily"	"-"
"PPA0276"	396	"SUPERFAMILY"	"SSF56762"	"HydB/Nqo4-like"	54	395	"1.31E-68"	"IPR029014"	"[NiFe]-hydrogenase, large subunit"	"-"
"PPA0278"	844	"SUPERFAMILY"	"SSF52540"	"P-loop containing nucleoside triphosphate hydrolases"	493	802	"1.48E-74"	"IPR027417"	"P-loop containing nucleoside triphosphate hydrolase"	"-"
"PPA0278"	844	"SUPERFAMILY"	"SSF52540"	"P-loop containing nucleoside triphosphate hydrolases"	169	476	"3.1E-74"	"IPR027417"	"P-loop containing nucleoside triphosphate hydrolase"	"-"
"PPA0278"	844	"SUPERFAMILY"	"SSF81923"	"Double Clp-N motif"	3	146	"1.47E-32"	"IPR036628"	"Clp, N-terminal domain superfamily"	"-"
"PPA0282"	256	"SUPERFAMILY"	"SSF88713"	"Glycoside hydrolase/deacetylase"	3	253	"1.11E-93"	"IPR011330"	"Glycoside hydrolase/deacetylase, beta/alpha-barrel"	"GO:0005975"
"PPA0283"	206	"SUPERFAMILY"	"SSF50891"	"Cyclophilin-like"	82	205	"1.25E-36"	"IPR029000"	"Cyclophilin-like domain superfamily"	"-"
"PPA0283"	206	"SUPERFAMILY"	"SSF160467"	"PH0987 N-terminal domain-like"	2	86	"1.96E-6"	"-"	"-"	""
"PPA0284"	289	"SUPERFAMILY"	"SSF50891"	"Cyclophilin-like"	179	284	"1.78E-13"	"IPR029000"	"Cyclophilin-like domain superfamily"	"-"
"PPA0285"	495	"SUPERFAMILY"	"SSF103473"	"MFS general substrate transporter"	27	489	"2.27E-65"	"IPR036259"	"MFS transporter superfamily"	"-"
"PPA0286"	299	"SUPERFAMILY"	"SSF51735"	"NAD(P)-binding Rossmann-fold domains"	1	250	"1.14E-37"	"IPR036291"	"NAD(P)-binding domain superfamily"	"-"
"PPA0287"	302	"SUPERFAMILY"	"SSF144091"	"Rhomboid-like"	85	266	"6.41E-39"	"IPR035952"	"Rhomboid-like superfamily"	"-"
"PPA0288"	184	"SUPERFAMILY"	"SSF52540"	"P-loop containing nucleoside triphosphate hydrolases"	38	179	"4.99E-14"	"IPR027417"	"P-loop containing nucleoside triphosphate hydrolase"	"-"
"PPA0289"	218	"SUPERFAMILY"	"SSF46894"	"C-terminal effector domain of the bipartite response regulators"	147	216	"9.18E-19"	"IPR016032"	"Signal transduction response regulator, C-terminal effector"	"GO:0003677|GO:0006355"
"PPA0289"	218	"SUPERFAMILY"	"SSF52172"	"CheY-like"	4	133	"7.4E-30"	"IPR011006"	"CheY-like superfamily"	"-"
"PPA0290"	410	"SUPERFAMILY"	"SSF55874"	"ATPase domain of HSP90 chaperone/DNA topoisomerase II/histidine kinase"	301	393	"1.58E-6"	"IPR036890"	"Histidine kinase/HSP90-like ATPase superfamily"	"-"
"PPA0292"	303	"SUPERFAMILY"	"SSF50151"	"SacY-like RNA-binding domain"	23	67	"1.18E-9"	"IPR036650"	"CAT RNA-binding domain superfamily"	"GO:0003723"
"PPA0292"	303	"SUPERFAMILY"	"SSF63520"	"PTS-regulatory domain, PRD"	78	187	"1.31E-19"	"IPR036634"	"PRD domain superfamily"	"GO:0006355"
"PPA0292"	303	"SUPERFAMILY"	"SSF63520"	"PTS-regulatory domain, PRD"	193	293	"4.58E-18"	"IPR036634"	"PRD domain superfamily"	"GO:0006355"
"PPA0293"	157	"SUPERFAMILY"	"SSF51261"	"Duplicated hybrid motif"	5	143	"4.53E-50"	"IPR011055"	"Duplicated hybrid motif"	"-"
"PPA0294"	559	"SUPERFAMILY"	"SSF55604"	"Glucose permease domain IIB"	482	556	"8.37E-19"	"IPR036878"	"Glucose permease domain IIB"	"GO:0008982|GO:0009401"
"PPA0295"	439	"SUPERFAMILY"	"SSF103473"	"MFS general substrate transporter"	11	431	"1.96E-87"	"IPR036259"	"MFS transporter superfamily"	"-"
"PPA0296"	346	"SUPERFAMILY"	"SSF53659"	"Isocitrate/Isopropylmalate dehydrogenase-like"	5	329	"2.72E-97"	"-"	"-"	""
"PPA0298"	423	"SUPERFAMILY"	"SSF142764"	"YgbK-like"	4	411	"6.67E-73"	"-"	"-"	""
"PPA0299"	309	"SUPERFAMILY"	"SSF46785"	"Winged helix DNA-binding domain"	49	104	"5.24E-7"	"IPR036390"	"Winged helix DNA-binding domain superfamily"	"-"
"PPA0299"	309	"SUPERFAMILY"	"SSF100950"	"NagB/RpiA/CoA transferase-like"	123	260	"3.98E-16"	"IPR037171"	"NagB/RpiA transferase-like"	"-"
"PPA0300"	291	"SUPERFAMILY"	"SSF48150"	"DNA-glycosylase"	9	227	"5.65E-62"	"IPR011257"	"DNA glycosylase"	"GO:0003824|GO:0006281"
"PPA0301"	436	"SUPERFAMILY"	"SSF53383"	"PLP-dependent transferases"	2	426	"4.84E-110"	"IPR015424"	"Pyridoxal phosphate-dependent transferase"	"-"
"PPA0302"	348	"SUPERFAMILY"	"SSF51569"	"Aldolase"	24	346	"1.01E-126"	"-"	"-"	""
"PPA0303"	241	"SUPERFAMILY"	"SSF69618"	"HemD-like"	13	238	"1.44E-40"	"IPR036108"	"Tetrapyrrole biosynthesis, uroporphyrinogen III synthase superfamily"	"GO:0004852|GO:0033014"
"PPA0304"	366	"SUPERFAMILY"	"SSF53850"	"Periplasmic binding protein-like II"	35	253	"9.23E-63"	"-"	"-"	""
"PPA0304"	366	"SUPERFAMILY"	"SSF54782"	"Porphobilinogen deaminase (hydroxymethylbilane synthase), C-terminal domain"	260	356	"9.15E-16"	"IPR036803"	"Porphobilinogen deaminase, C-terminal domain superfamily"	"GO:0004418|GO:0033014"
"PPA0305"	482	"SUPERFAMILY"	"SSF54373"	"FAD-linked reductases, C-terminal domain"	320	424	"1.02E-8"	"-"	"-"	""
"PPA0305"	482	"SUPERFAMILY"	"SSF51905"	"FAD/NAD(P)-binding domain"	16	481	"5.4E-32"	"IPR036188"	"FAD/NAD(P)-binding domain superfamily"	"-"
"PPA0306"	426	"SUPERFAMILY"	"SSF51726"	"UROD/MetE-like"	85	425	"5.41E-84"	"IPR038071"	"UROD/MetE-like superfamily"	"-"
"PPA0307"	444	"SUPERFAMILY"	"SSF69075"	"Glutamyl tRNA-reductase dimerization domain"	303	379	"5.75E-5"	"IPR036453"	"Glutamyl tRNA-reductase dimerization domain superfamily"	"GO:0008883|GO:0033014|GO:0050661"
"PPA0307"	444	"SUPERFAMILY"	"SSF51735"	"NAD(P)-binding Rossmann-fold domains"	167	277	"8.06E-12"	"IPR036291"	"NAD(P)-binding domain superfamily"	"-"
"PPA0307"	444	"SUPERFAMILY"	"SSF69742"	"Glutamyl tRNA-reductase catalytic, N-terminal domain"	3	150	"4.45E-27"	"IPR036343"	"Glutamyl-tRNA reductase, N-terminal domain superfamily"	"GO:0008883|GO:0033014|GO:0050661"
"PPA0308"	683	"SUPERFAMILY"	"SSF54909"	"Dimeric alpha+beta barrel"	460	673	"2.06E-62"	"IPR011008"	"Dimeric alpha-beta barrel"	"-"
"PPA0308"	683	"SUPERFAMILY"	"SSF53800"	"Chelatase"	16	356	"1.13E-73"	"-"	"-"	""
"PPA0311"	344	"SUPERFAMILY"	"SSF47781"	"RuvA domain 2-like"	271	332	"2.26E-8"	"IPR010994"	"RuvA domain 2-like"	"-"
"PPA0311"	344	"SUPERFAMILY"	"SSF143597"	"YojJ-like"	6	128	"1.14E-27"	"IPR036888"	"DNA integrity scanning protein, DisA, N-terminal domain superfamily"	"-"
"PPA0312"	465	"SUPERFAMILY"	"SSF54211"	"Ribosomal protein S5 domain 2-like"	289	455	"8.72E-34"	"IPR020568"	"Ribosomal protein S5 domain 2-type fold"	"-"
"PPA0312"	465	"SUPERFAMILY"	"SSF52540"	"P-loop containing nucleoside triphosphate hydrolases"	68	286	"5.82E-46"	"IPR027417"	"P-loop containing nucleoside triphosphate hydrolase"	"-"
"PPA0313"	548	"SUPERFAMILY"	"SSF51735"	"NAD(P)-binding Rossmann-fold domains"	261	546	"1.29E-84"	"IPR036291"	"NAD(P)-binding domain superfamily"	"-"
"PPA0313"	548	"SUPERFAMILY"	"SSF53223"	"Aminoacid dehydrogenase-like, N-terminal domain"	5	259	"4.46E-88"	"IPR046346"	"Aminoacid dehydrogenase-like, N-terminal domain superfamily"	"-"
"PPA0314"	212	"SUPERFAMILY"	"SSF54593"	"Glyoxalase/Bleomycin resistance protein/Dihydroxybiphenyl dioxygenase"	2	188	"2.18E-6"	"IPR029068"	"Glyoxalase/Bleomycin resistance protein/Dihydroxybiphenyl dioxygenase"	"-"
"PPA0315"	295	"SUPERFAMILY"	"SSF51658"	"Xylose isomerase-like"	20	260	"3.14E-40"	"IPR036237"	"Xylose isomerase-like superfamily"	"-"
"PPA0316"	298	"SUPERFAMILY"	"SSF51730"	"FAD-linked oxidoreductase"	29	294	"1.53E-49"	"IPR029041"	"FAD-linked oxidoreductase-like"	"-"
"PPA0318"	437	"SUPERFAMILY"	"SSF55347"	"Glyceraldehyde-3-phosphate dehydrogenase-like, C-terminal domain"	223	422	"8.54E-55"	"-"	"-"	""
"PPA0318"	437	"SUPERFAMILY"	"SSF51735"	"NAD(P)-binding Rossmann-fold domains"	94	250	"6.35E-48"	"IPR036291"	"NAD(P)-binding domain superfamily"	"-"
"PPA0319"	263	"SUPERFAMILY"	"SSF51735"	"NAD(P)-binding Rossmann-fold domains"	4	157	"8.6E-31"	"IPR036291"	"NAD(P)-binding domain superfamily"	"-"
"PPA0319"	263	"SUPERFAMILY"	"SSF48179"	"6-phosphogluconate dehydrogenase C-terminal domain-like"	158	262	"2.21E-32"	"IPR008927"	"6-phosphogluconate dehydrogenase-like, C-terminal domain superfamily"	"-"
"PPA0321"	113	"SUPERFAMILY"	"SSF52833"	"Thioredoxin-like"	26	104	"2.82E-14"	"IPR036249"	"Thioredoxin-like superfamily"	"-"
"PPA0323"	571	"SUPERFAMILY"	"SSF69618"	"HemD-like"	291	542	"8.76E-60"	"IPR036108"	"Tetrapyrrole biosynthesis, uroporphyrinogen III synthase superfamily"	"GO:0004852|GO:0033014"
"PPA0323"	571	"SUPERFAMILY"	"SSF53790"	"Tetrapyrrole methylase"	24	302	"5.76E-34"	"IPR035996"	"Tetrapyrrole methylase superfamily"	"GO:0008168"
"PPA0324"	222	"SUPERFAMILY"	"SSF53254"	"Phosphoglycerate mutase-like"	4	197	"5.78E-34"	"IPR029033"	"Histidine phosphatase superfamily"	"-"
"PPA0325"	189	"SUPERFAMILY"	"SSF52833"	"Thioredoxin-like"	4	182	"7.12E-32"	"IPR036249"	"Thioredoxin-like superfamily"	"-"
"PPA0329"	487	"SUPERFAMILY"	"SSF88946"	"Sigma2 domain of RNA polymerase sigma factors"	13	81	"3.14E-5"	"IPR013325"	"RNA polymerase sigma factor, region 2"	"GO:0003700|GO:0006352|GO:0006355"
"PPA0329"	487	"SUPERFAMILY"	"SSF88659"	"Sigma3 and sigma4 domains of RNA polymerase sigma factors"	100	156	"4.86E-6"	"IPR013324"	"RNA polymerase sigma factor, region 3/4-like"	"-"
"PPA0330"	264	"SUPERFAMILY"	"SSF51735"	"NAD(P)-binding Rossmann-fold domains"	11	257	"1.02E-58"	"IPR036291"	"NAD(P)-binding domain superfamily"	"-"
"PPA0333"	466	"SUPERFAMILY"	"SSF51905"	"FAD/NAD(P)-binding domain"	1	363	"3.31E-43"	"IPR036188"	"FAD/NAD(P)-binding domain superfamily"	"-"
"PPA0333"	466	"SUPERFAMILY"	"SSF55424"	"FAD/NAD-linked reductases, dimerisation (C-terminal) domain"	343	456	"2.41E-26"	"IPR016156"	"FAD/NAD-linked reductase, dimerisation domain superfamily"	"GO:0016491|GO:0050660"
"PPA0334"	338	"SUPERFAMILY"	"SSF53807"	"Helical backbone metal receptor"	41	333	"8.24E-35"	"-"	"-"	""
"PPA0335"	252	"SUPERFAMILY"	"SSF52540"	"P-loop containing nucleoside triphosphate hydrolases"	2	223	"3.51E-57"	"IPR027417"	"P-loop containing nucleoside triphosphate hydrolase"	"-"
"PPA0336"	341	"SUPERFAMILY"	"SSF81345"	"ABC transporter involved in vitamin B12 uptake, BtuC"	3	337	"6.54E-78"	"IPR037294"	"ABC transporter, BtuC-like"	"-"
"PPA0338"	258	"SUPERFAMILY"	"SSF52540"	"P-loop containing nucleoside triphosphate hydrolases"	5	245	"7.99E-56"	"IPR027417"	"P-loop containing nucleoside triphosphate hydrolase"	"-"
"PPA0339"	308	"SUPERFAMILY"	"SSF161098"	"MetI-like"	31	299	"8.78E-40"	"IPR035906"	"MetI-like superfamily"	"-"
"PPA0340"	334	"SUPERFAMILY"	"SSF161098"	"MetI-like"	37	323	"4.97E-32"	"IPR035906"	"MetI-like superfamily"	"-"
"PPA0341"	383	"SUPERFAMILY"	"SSF53850"	"Periplasmic binding protein-like II"	66	383	"2.72E-81"	"-"	"-"	""
"PPA0342"	313	"SUPERFAMILY"	"SSF53254"	"Phosphoglycerate mutase-like"	151	303	"4.93E-21"	"IPR029033"	"Histidine phosphatase superfamily"	"-"
"PPA0342"	313	"SUPERFAMILY"	"SSF55811"	"Nudix"	4	146	"1.76E-27"	"IPR015797"	"NUDIX hydrolase-like domain superfamily"	"-"
"PPA0343"	701	"SUPERFAMILY"	"SSF56024"	"Phospholipase D/nuclease"	337	511	"2.0E-56"	"-"	"-"	""
"PPA0343"	701	"SUPERFAMILY"	"SSF56024"	"Phospholipase D/nuclease"	516	697	"1.46E-61"	"-"	"-"	""
"PPA0343"	701	"SUPERFAMILY"	"SSF143724"	"PHP14-like"	126	323	"3.53E-59"	"-"	"-"	""
"PPA0343"	701	"SUPERFAMILY"	"SSF140356"	"PPK N-terminal domain-like"	19	121	"1.83E-34"	"IPR036832"	"Polyphosphate kinase N-terminal domain superfamily"	"-"
"PPA0344"	237	"SUPERFAMILY"	"SSF46894"	"C-terminal effector domain of the bipartite response regulators"	139	234	"5.95E-29"	"IPR016032"	"Signal transduction response regulator, C-terminal effector"	"GO:0003677|GO:0006355"
"PPA0345"	294	"SUPERFAMILY"	"SSF49785"	"Galactose-binding domain-like"	162	209	"1.45E-5"	"IPR008979"	"Galactose-binding-like domain superfamily"	"-"
"PPA0346"	145	"SUPERFAMILY"	"SSF69500"	"DTD-like"	1	141	"1.12E-45"	"IPR023509"	"D-aminoacyl-tRNA deacylase-like superfamily"	"-"
"PPA0347"	166	"SUPERFAMILY"	"SSF50814"	"Lipocalins"	8	165	"3.02E-41"	"IPR012674"	"Calycin"	"-"
"PPA0348"	313	"SUPERFAMILY"	"SSF103025"	"Folate-binding domain"	17	226	"2.98E-44"	"-"	"-"	""
"PPA0350"	245	"SUPERFAMILY"	"SSF51735"	"NAD(P)-binding Rossmann-fold domains"	2	216	"5.52E-52"	"IPR036291"	"NAD(P)-binding domain superfamily"	"-"
"PPA0351"	572	"SUPERFAMILY"	"SSF51621"	"Phosphoenolpyruvate/pyruvate domain"	257	543	"1.23E-79"	"IPR015813"	"Pyruvate/Phosphoenolpyruvate kinase-like domain superfamily"	"GO:0003824"
"PPA0351"	572	"SUPERFAMILY"	"SSF52009"	"Phosphohistidine domain"	134	253	"4.84E-30"	"IPR036637"	"Phosphohistidine domain superfamily"	"GO:0016310|GO:0016772"
"PPA0351"	572	"SUPERFAMILY"	"SSF47831"	"Enzyme I of the PEP:sugar phosphotransferase system HPr-binding (sub)domain"	50	152	"1.7E-16"	"IPR036618"	"PtsI, HPr-binding domain superfamily"	"GO:0009401"
"PPA0352"	88	"SUPERFAMILY"	"SSF55594"	"HPr-like"	1	84	"3.53E-23"	"IPR035895"	"HPr-like superfamily"	"-"
"PPA0353"	270	"SUPERFAMILY"	"SSF53448"	"Nucleotide-diphospho-sugar transferases"	12	233	"7.43E-48"	"IPR029044"	"Nucleotide-diphospho-sugar transferases"	"-"
"PPA0354"	168	"SUPERFAMILY"	"SSF69765"	"IpsF-like"	3	157	"1.1E-49"	"IPR036571"	"2-C-methyl-D-erythritol 2,4-cyclodiphosphate synthase superfamily"	"GO:0008685|GO:0016114"
"PPA0355"	134	"SUPERFAMILY"	"SSF141530"	"PTSIIA/GutA-like"	8	127	"1.57E-29"	"IPR036665"	"Phosphotransferase system, glucitol/sorbitol-specific IIA component superfamily"	"GO:0005737|GO:0008982|GO:0009401"
"PPA0356"	97	"SUPERFAMILY"	"SSF52794"	"PTS system IIB component-like"	4	95	"3.35E-18"	"IPR036095"	"PTS system IIB component-like superfamily"	"GO:0008982|GO:0009401"
"PPA0357"	161	"SUPERFAMILY"	"SSF141259"	"CarD-like"	2	68	"6.67E-15"	"IPR036101"	"CarD-like/TRCF domain superfamily"	"-"
"PPA0359"	226	"SUPERFAMILY"	"SSF52172"	"CheY-like"	1	123	"3.27E-41"	"IPR011006"	"CheY-like superfamily"	"-"
"PPA0359"	226	"SUPERFAMILY"	"SSF46894"	"C-terminal effector domain of the bipartite response regulators"	125	224	"1.22E-30"	"IPR016032"	"Signal transduction response regulator, C-terminal effector"	"GO:0003677|GO:0006355"
"PPA0360"	393	"SUPERFAMILY"	"SSF47384"	"Homodimeric domain of signal transducing histidine kinase"	146	220	"6.47E-15"	"IPR036097"	"Signal transduction histidine kinase, dimerisation/phosphoacceptor domain superfamily"	"GO:0000155|GO:0007165"
"PPA0360"	393	"SUPERFAMILY"	"SSF55874"	"ATPase domain of HSP90 chaperone/DNA topoisomerase II/histidine kinase"	210	383	"1.44E-46"	"IPR036890"	"Histidine kinase/HSP90-like ATPase superfamily"	"-"
"PPA0361"	248	"SUPERFAMILY"	"SSF109755"	"PhoU-like"	28	238	"2.83E-55"	"-"	"-"	""
"PPA0363"	356	"SUPERFAMILY"	"SSF88713"	"Glycoside hydrolase/deacetylase"	132	352	"1.67E-33"	"IPR011330"	"Glycoside hydrolase/deacetylase, beta/alpha-barrel"	"GO:0005975"
"PPA0364"	249	"SUPERFAMILY"	"SSF53254"	"Phosphoglycerate mutase-like"	1	224	"1.95E-72"	"IPR029033"	"Histidine phosphatase superfamily"	"-"
"PPA0365"	152	"SUPERFAMILY"	"SSF55804"	"Phoshotransferase/anion transport protein"	4	141	"7.19E-25"	"IPR016152"	"Phosphotransferase/anion transporter"	"-"
"PPA0366"	97	"SUPERFAMILY"	"SSF52794"	"PTS system IIB component-like"	3	94	"1.15E-16"	"IPR036095"	"PTS system IIB component-like superfamily"	"GO:0008982|GO:0009401"
"PPA0367"	331	"SUPERFAMILY"	"SSF53774"	"Glutaminase/Asparaginase"	5	330	"4.84E-84"	"IPR036152"	"Asparaginase/glutaminase-like superfamily"	"-"
"PPA0369"	491	"SUPERFAMILY"	"SSF53383"	"PLP-dependent transferases"	19	487	"0.0"	"IPR015424"	"Pyridoxal phosphate-dependent transferase"	"-"
"PPA0370"	366	"SUPERFAMILY"	"SSF53613"	"Ribokinase-like"	12	355	"4.99E-56"	"IPR029056"	"Ribokinase-like"	"-"
"PPA0371"	215	"SUPERFAMILY"	"SSF51569"	"Aldolase"	8	204	"1.83E-58"	"-"	"-"	""
"PPA0372"	258	"SUPERFAMILY"	"SSF51735"	"NAD(P)-binding Rossmann-fold domains"	3	255	"3.48E-64"	"IPR036291"	"NAD(P)-binding domain superfamily"	"-"
"PPA0373"	131	"SUPERFAMILY"	"SSF51905"	"FAD/NAD(P)-binding domain"	31	70	"9.32E-5"	"IPR036188"	"FAD/NAD(P)-binding domain superfamily"	"-"
"PPA0376"	218	"SUPERFAMILY"	"SSF52317"	"Class I glutamine amidotransferase-like"	17	217	"5.26E-21"	"IPR029062"	"Class I glutamine amidotransferase-like"	"-"
"PPA0377"	235	"SUPERFAMILY"	"SSF51658"	"Xylose isomerase-like"	1	233	"1.96E-45"	"IPR036237"	"Xylose isomerase-like superfamily"	"-"
"PPA0378"	274	"SUPERFAMILY"	"SSF55347"	"Glyceraldehyde-3-phosphate dehydrogenase-like, C-terminal domain"	22	172	"7.19E-20"	"-"	"-"	""
"PPA0379"	101	"SUPERFAMILY"	"SSF51735"	"NAD(P)-binding Rossmann-fold domains"	1	62	"1.08E-16"	"IPR036291"	"NAD(P)-binding domain superfamily"	"-"
"PPA0380"	813	"SUPERFAMILY"	"SSF49863"	"Hyaluronate lyase-like, C-terminal domain"	681	798	"4.71E-29"	"IPR011071"	"Polysaccharide lyase family 8-like, C-terminal"	"GO:0005975"
"PPA0380"	813	"SUPERFAMILY"	"SSF48230"	"Chondroitin AC/alginate lyase"	35	400	"2.44E-105"	"IPR008929"	"Chondroitin AC/alginate lyase"	"-"
"PPA0380"	813	"SUPERFAMILY"	"SSF74650"	"Galactose mutarotase-like"	412	687	"2.88E-65"	"IPR011013"	"Galactose mutarotase-like domain superfamily"	"GO:0003824|GO:0005975|GO:0030246"
"PPA0383"	318	"SUPERFAMILY"	"SSF75217"	"alpha/beta knot"	136	312	"2.03E-40"	"IPR029028"	"Alpha/beta knot methyltransferases"	"-"
"PPA0383"	318	"SUPERFAMILY"	"SSF55315"	"L30e-like"	68	144	"6.47E-16"	"IPR029064"	"50S ribosomal protein L30e-like"	"-"
"PPA0384"	490	"SUPERFAMILY"	"SSF47323"	"Anticodon-binding domain of a subclass of class I aminoacyl-tRNA synthetases"	346	488	"9.94E-32"	"IPR009080"	"Aminoacyl-tRNA synthetase, class Ia, anticodon-binding"	"GO:0000166|GO:0004812|GO:0005524|GO:0006418"
"PPA0384"	490	"SUPERFAMILY"	"SSF52374"	"Nucleotidylyl transferase"	18	325	"1.13E-84"	"-"	"-"	""
"PPA0386"	472	"SUPERFAMILY"	"SSF56112"	"Protein kinase-like (PK-like)"	35	205	"2.18E-6"	"IPR011009"	"Protein kinase-like domain superfamily"	"-"
"PPA0392"	191	"SUPERFAMILY"	"SSF88946"	"Sigma2 domain of RNA polymerase sigma factors"	17	111	"2.86E-24"	"IPR013325"	"RNA polymerase sigma factor, region 2"	"GO:0003700|GO:0006352|GO:0006355"
"PPA0392"	191	"SUPERFAMILY"	"SSF88659"	"Sigma3 and sigma4 domains of RNA polymerase sigma factors"	127	188	"5.23E-13"	"IPR013324"	"RNA polymerase sigma factor, region 3/4-like"	"-"
"PPA0395"	439	"SUPERFAMILY"	"SSF52540"	"P-loop containing nucleoside triphosphate hydrolases"	79	317	"9.86E-85"	"IPR027417"	"P-loop containing nucleoside triphosphate hydrolase"	"-"
"PPA0395"	439	"SUPERFAMILY"	"SSF50331"	"MOP-like"	311	438	"1.07E-23"	"IPR008995"	"Molybdate/tungstate binding, C-terminal"	"-"
"PPA0396"	478	"SUPERFAMILY"	"SSF143548"	"Serine metabolism enzymes domain"	19	162	"7.32E-44"	"IPR029009"	"Allosteric substrate binding domain superfamily"	"-"
"PPA0397"	769	"SUPERFAMILY"	"SSF55347"	"Glyceraldehyde-3-phosphate dehydrogenase-like, C-terminal domain"	510	692	"3.92E-26"	"-"	"-"	""
"PPA0397"	769	"SUPERFAMILY"	"SSF51735"	"NAD(P)-binding Rossmann-fold domains"	379	531	"7.39E-36"	"IPR036291"	"NAD(P)-binding domain superfamily"	"-"
"PPA0397"	769	"SUPERFAMILY"	"SSF46785"	"Winged helix DNA-binding domain"	16	82	"1.81E-8"	"IPR036390"	"Winged helix DNA-binding domain superfamily"	"-"
"PPA0397"	769	"SUPERFAMILY"	"SSF53067"	"Actin-like ATPase domain"	80	334	"1.56E-18"	"IPR043129"	"ATPase, nucleotide binding domain"	"-"
"PPA0398"	430	"SUPERFAMILY"	"SSF53850"	"Periplasmic binding protein-like II"	43	419	"2.12E-81"	"-"	"-"	""
"PPA0399"	318	"SUPERFAMILY"	"SSF161098"	"MetI-like"	76	305	"2.75E-56"	"IPR035906"	"MetI-like superfamily"	"-"
"PPA0400"	293	"SUPERFAMILY"	"SSF161098"	"MetI-like"	25	293	"4.45E-72"	"IPR035906"	"MetI-like superfamily"	"-"
"PPA0402"	345	"SUPERFAMILY"	"SSF50129"	"GroES-like"	1	174	"4.25E-47"	"IPR011032"	"GroES-like superfamily"	"-"
"PPA0402"	345	"SUPERFAMILY"	"SSF51735"	"NAD(P)-binding Rossmann-fold domains"	143	306	"1.07E-29"	"IPR036291"	"NAD(P)-binding domain superfamily"	"-"
"PPA0403"	398	"SUPERFAMILY"	"SSF53383"	"PLP-dependent transferases"	7	397	"1.33E-115"	"IPR015424"	"Pyridoxal phosphate-dependent transferase"	"-"
"PPA0404"	307	"SUPERFAMILY"	"SSF53850"	"Periplasmic binding protein-like II"	40	304	"8.68E-43"	"-"	"-"	""
"PPA0405"	231	"SUPERFAMILY"	"SSF161098"	"MetI-like"	23	207	"1.03E-29"	"IPR035906"	"MetI-like superfamily"	"-"
"PPA0406"	215	"SUPERFAMILY"	"SSF161098"	"MetI-like"	10	197	"1.7E-28"	"IPR035906"	"MetI-like superfamily"	"-"
"PPA0407"	278	"SUPERFAMILY"	"SSF52540"	"P-loop containing nucleoside triphosphate hydrolases"	1	240	"8.12E-71"	"IPR027417"	"P-loop containing nucleoside triphosphate hydrolase"	"-"
"PPA0410"	223	"SUPERFAMILY"	"SSF52949"	"Macro domain-like"	56	220	"2.69E-54"	"IPR043472"	"Macro domain-like"	"-"
"PPA0411"	338	"SUPERFAMILY"	"SSF51735"	"NAD(P)-binding Rossmann-fold domains"	127	300	"8.7E-46"	"IPR036291"	"NAD(P)-binding domain superfamily"	"-"
"PPA0411"	338	"SUPERFAMILY"	"SSF50129"	"GroES-like"	7	144	"1.44E-34"	"IPR011032"	"GroES-like superfamily"	"-"
"PPA0412"	337	"SUPERFAMILY"	"SSF52540"	"P-loop containing nucleoside triphosphate hydrolases"	26	247	"4.14E-56"	"IPR027417"	"P-loop containing nucleoside triphosphate hydrolase"	"-"
"PPA0415"	388	"SUPERFAMILY"	"SSF103473"	"MFS general substrate transporter"	30	184	"4.71E-5"	"IPR036259"	"MFS transporter superfamily"	"-"
"PPA0415"	388	"SUPERFAMILY"	"SSF55874"	"ATPase domain of HSP90 chaperone/DNA topoisomerase II/histidine kinase"	312	387	"7.83E-10"	"IPR036890"	"Histidine kinase/HSP90-like ATPase superfamily"	"-"
"PPA0416"	206	"SUPERFAMILY"	"SSF52172"	"CheY-like"	6	133	"2.13E-28"	"IPR011006"	"CheY-like superfamily"	"-"
"PPA0416"	206	"SUPERFAMILY"	"SSF46894"	"C-terminal effector domain of the bipartite response regulators"	133	206	"2.41E-18"	"IPR016032"	"Signal transduction response regulator, C-terminal effector"	"GO:0003677|GO:0006355"
"PPA0417"	235	"SUPERFAMILY"	"SSF53254"	"Phosphoglycerate mutase-like"	49	232	"2.67E-44"	"IPR029033"	"Histidine phosphatase superfamily"	"-"
"PPA0419"	484	"SUPERFAMILY"	"SSF52317"	"Class I glutamine amidotransferase-like"	191	427	"1.2E-34"	"IPR029062"	"Class I glutamine amidotransferase-like"	"-"
"PPA0419"	484	"SUPERFAMILY"	"SSF52540"	"P-loop containing nucleoside triphosphate hydrolases"	1	235	"1.72E-53"	"IPR027417"	"P-loop containing nucleoside triphosphate hydrolase"	"-"
"PPA0420"	251	"SUPERFAMILY"	"SSF53790"	"Tetrapyrrole methylase"	3	241	"2.09E-37"	"IPR035996"	"Tetrapyrrole methylase superfamily"	"GO:0008168"
"PPA0421"	323	"SUPERFAMILY"	"SSF53790"	"Tetrapyrrole methylase"	40	290	"4.97E-61"	"IPR035996"	"Tetrapyrrole methylase superfamily"	"GO:0008168"
"PPA0422"	856	"SUPERFAMILY"	"SSF159672"	"CbiG N-terminal domain-like"	245	450	"1.06E-43"	"IPR038029"	"GbiG N-terminal domain superfamily"	"-"
"PPA0422"	856	"SUPERFAMILY"	"SSF53790"	"Tetrapyrrole methylase"	563	791	"2.09E-54"	"IPR035996"	"Tetrapyrrole methylase superfamily"	"GO:0008168"
"PPA0422"	856	"SUPERFAMILY"	"SSF159664"	"CobE/GbiG C-terminal domain-like"	436	561	"1.44E-33"	"IPR036518"	"CobE/GbiG C-terminal domain superfamily"	"GO:0009236"
"PPA0422"	856	"SUPERFAMILY"	"SSF53790"	"Tetrapyrrole methylase"	9	196	"1.44E-22"	"IPR035996"	"Tetrapyrrole methylase superfamily"	"GO:0008168"
"PPA0423"	422	"SUPERFAMILY"	"SSF51735"	"NAD(P)-binding Rossmann-fold domains"	281	379	"1.38E-18"	"IPR036291"	"NAD(P)-binding domain superfamily"	"-"
"PPA0423"	422	"SUPERFAMILY"	"SSF53800"	"Chelatase"	148	264	"9.59E-23"	"-"	"-"	""
"PPA0423"	422	"SUPERFAMILY"	"SSF53800"	"Chelatase"	9	178	"1.23E-23"	"-"	"-"	""
"PPA0424"	288	"SUPERFAMILY"	"SSF54593"	"Glyoxalase/Bleomycin resistance protein/Dihydroxybiphenyl dioxygenase"	9	124	"7.74E-6"	"IPR029068"	"Glyoxalase/Bleomycin resistance protein/Dihydroxybiphenyl dioxygenase"	"-"
"PPA0425"	354	"SUPERFAMILY"	"SSF81345"	"ABC transporter involved in vitamin B12 uptake, BtuC"	11	345	"9.81E-82"	"IPR037294"	"ABC transporter, BtuC-like"	"-"
"PPA0426"	263	"SUPERFAMILY"	"SSF52540"	"P-loop containing nucleoside triphosphate hydrolases"	4	233	"1.38E-61"	"IPR027417"	"P-loop containing nucleoside triphosphate hydrolase"	"-"
"PPA0427"	356	"SUPERFAMILY"	"SSF53807"	"Helical backbone metal receptor"	39	326	"1.06E-36"	"-"	"-"	""
"PPA0428"	408	"SUPERFAMILY"	"SSF52980"	"Restriction endonuclease-like"	262	389	"7.94E-5"	"IPR011335"	"Restriction endonuclease  type II-like"	"-"
"PPA0428"	408	"SUPERFAMILY"	"SSF52540"	"P-loop containing nucleoside triphosphate hydrolases"	7	175	"1.13E-11"	"IPR027417"	"P-loop containing nucleoside triphosphate hydrolase"	"-"
"PPA0429"	217	"SUPERFAMILY"	"SSF63965"	"Precorrin-8X methylmutase CbiC/CobH"	2	208	"3.14E-70"	"IPR036588"	"Precorrin-8X methylmutase CobH/CbiC superfamily"	"GO:0009236|GO:0016993"
"PPA0434"	278	"SUPERFAMILY"	"SSF52540"	"P-loop containing nucleoside triphosphate hydrolases"	4	238	"6.27E-51"	"IPR027417"	"P-loop containing nucleoside triphosphate hydrolase"	"-"
"PPA0436"	198	"SUPERFAMILY"	"SSF53335"	"S-adenosyl-L-methionine-dependent methyltransferases"	8	168	"2.24E-25"	"IPR029063"	"S-adenosyl-L-methionine-dependent methyltransferase superfamily"	"-"
"PPA0437"	204	"SUPERFAMILY"	"SSF52540"	"P-loop containing nucleoside triphosphate hydrolases"	14	204	"2.04E-58"	"IPR027417"	"P-loop containing nucleoside triphosphate hydrolase"	"-"
"PPA0438"	807	"SUPERFAMILY"	"SSF52317"	"Class I glutamine amidotransferase-like"	268	455	"2.13E-24"	"IPR029062"	"Class I glutamine amidotransferase-like"	"-"
"PPA0438"	807	"SUPERFAMILY"	"SSF53383"	"PLP-dependent transferases"	481	799	"3.24E-58"	"IPR015424"	"Pyridoxal phosphate-dependent transferase"	"-"
"PPA0438"	807	"SUPERFAMILY"	"SSF52540"	"P-loop containing nucleoside triphosphate hydrolases"	1	200	"7.41E-40"	"IPR027417"	"P-loop containing nucleoside triphosphate hydrolase"	"-"
"PPA0439"	258	"SUPERFAMILY"	"SSF53790"	"Tetrapyrrole methylase"	3	245	"1.27E-68"	"IPR035996"	"Tetrapyrrole methylase superfamily"	"GO:0008168"
"PPA0441"	555	"SUPERFAMILY"	"SSF52733"	"Nicotinate mononucleotide:5,6-dimethylbenzimidazole phosphoribosyltransferase (CobT)"	17	356	"1.44E-114"	"IPR036087"	"Nicotinate-nucleotide-dimethylbenzimidazole phosphoribosyltransferase-like superfamily"	"GO:0008939"
"PPA0441"	555	"SUPERFAMILY"	"SSF52540"	"P-loop containing nucleoside triphosphate hydrolases"	381	553	"4.69E-44"	"IPR027417"	"P-loop containing nucleoside triphosphate hydrolase"	"-"
"PPA0443"	254	"SUPERFAMILY"	"SSF53807"	"Helical backbone metal receptor"	14	253	"2.59E-27"	"-"	"-"	""
"PPA0447"	309	"SUPERFAMILY"	"SSF52794"	"PTS system IIB component-like"	220	307	"7.32E-8"	"IPR036095"	"PTS system IIB component-like superfamily"	"GO:0008982|GO:0009401"
"PPA0447"	309	"SUPERFAMILY"	"SSF55804"	"Phoshotransferase/anion transport protein"	58	203	"4.32E-34"	"IPR016152"	"Phosphotransferase/anion transporter"	"-"
"PPA0450"	160	"SUPERFAMILY"	"SSF63411"	"LuxS/MPP-like metallohydrolase"	10	158	"1.47E-59"	"IPR011249"	"Metalloenzyme, LuxS/M16 peptidase-like"	"GO:0046872"
"PPA0451"	393	"SUPERFAMILY"	"SSF51182"	"RmlC-like cupins"	1	383	"6.05E-82"	"IPR011051"	"RmlC-like cupin domain superfamily"	"-"
"PPA0453"	544	"SUPERFAMILY"	"SSF52029"	"GroEL apical domain-like"	184	374	"5.23E-82"	"IPR027409"	"GroEL-like apical domain superfamily"	"-"
"PPA0453"	544	"SUPERFAMILY"	"SSF48592"	"GroEL equatorial domain-like"	6	518	"1.08E-72"	"IPR027413"	"GroEL-like equatorial domain superfamily"	"-"
"PPA0453"	544	"SUPERFAMILY"	"SSF54849"	"GroEL-intermediate domain like"	137	202	"9.61E-26"	"IPR027410"	"TCP-1-like chaperonin intermediate domain superfamily"	"-"
"PPA0454"	358	"SUPERFAMILY"	"SSF51569"	"Aldolase"	9	354	"5.02E-58"	"-"	"-"	""
"PPA0455"	247	"SUPERFAMILY"	"SSF64288"	"Chorismate lyase-like"	71	243	"8.01E-46"	"IPR028978"	"Chorismate pyruvate-lyase/UbiC transcription regulator-associated domain superfamily"	"-"
"PPA0455"	247	"SUPERFAMILY"	"SSF46785"	"Winged helix DNA-binding domain"	13	87	"3.97E-20"	"IPR036390"	"Winged helix DNA-binding domain superfamily"	"-"
"PPA0456"	329	"SUPERFAMILY"	"SSF53613"	"Ribokinase-like"	8	315	"2.81E-74"	"IPR029056"	"Ribokinase-like"	"-"
"PPA0457"	346	"SUPERFAMILY"	"SSF51569"	"Aldolase"	79	332	"8.42E-34"	"-"	"-"	""
"PPA0458"	290	"SUPERFAMILY"	"SSF51182"	"RmlC-like cupins"	15	252	"5.78E-56"	"IPR011051"	"RmlC-like cupin domain superfamily"	"-"
"PPA0459"	632	"SUPERFAMILY"	"SSF52518"	"Thiamin diphosphate-binding fold (THDP-binding)"	5	219	"9.77E-31"	"IPR029061"	"Thiamin diphosphate-binding fold"	"-"
"PPA0459"	632	"SUPERFAMILY"	"SSF52467"	"DHS-like NAD/FAD-binding domain"	194	379	"9.43E-44"	"IPR029035"	"DHS-like NAD/FAD-binding domain superfamily"	"-"
"PPA0459"	632	"SUPERFAMILY"	"SSF52518"	"Thiamin diphosphate-binding fold (THDP-binding)"	405	618	"5.33E-47"	"IPR029061"	"Thiamin diphosphate-binding fold"	"-"
"PPA0461"	497	"SUPERFAMILY"	"SSF53720"	"ALDH-like"	2	482	"0.0"	"IPR016161"	"Aldehyde/histidinol dehydrogenase"	"GO:0016491"
"PPA0462"	326	"SUPERFAMILY"	"SSF47413"	"lambda repressor-like DNA-binding domains"	2	61	"2.93E-14"	"IPR010982"	"Lambda repressor-like, DNA-binding domain superfamily"	"GO:0003677"
"PPA0462"	326	"SUPERFAMILY"	"SSF53822"	"Periplasmic binding protein-like I"	61	310	"3.21E-33"	"IPR028082"	"Periplasmic binding protein-like I"	"-"
"PPA0463"	404	"SUPERFAMILY"	"SSF55347"	"Glyceraldehyde-3-phosphate dehydrogenase-like, C-terminal domain"	148	310	"1.24E-28"	"-"	"-"	""
"PPA0463"	404	"SUPERFAMILY"	"SSF51735"	"NAD(P)-binding Rossmann-fold domains"	12	174	"3.65E-43"	"IPR036291"	"NAD(P)-binding domain superfamily"	"-"
"PPA0464"	332	"SUPERFAMILY"	"SSF51658"	"Xylose isomerase-like"	1	328	"1.07E-46"	"IPR036237"	"Xylose isomerase-like superfamily"	"-"
"PPA0465"	288	"SUPERFAMILY"	"SSF51658"	"Xylose isomerase-like"	9	276	"3.04E-47"	"IPR036237"	"Xylose isomerase-like superfamily"	"-"
"PPA0466"	403	"SUPERFAMILY"	"SSF55347"	"Glyceraldehyde-3-phosphate dehydrogenase-like, C-terminal domain"	142	313	"1.8E-33"	"-"	"-"	""
"PPA0466"	403	"SUPERFAMILY"	"SSF51735"	"NAD(P)-binding Rossmann-fold domains"	8	168	"1.65E-44"	"IPR036291"	"NAD(P)-binding domain superfamily"	"-"
"PPA0467"	548	"SUPERFAMILY"	"SSF103473"	"MFS general substrate transporter"	12	540	"2.22E-58"	"IPR036259"	"MFS transporter superfamily"	"-"
"PPA0468"	287	"SUPERFAMILY"	"SSF51658"	"Xylose isomerase-like"	20	285	"3.18E-48"	"IPR036237"	"Xylose isomerase-like superfamily"	"-"
"PPA0469"	355	"SUPERFAMILY"	"SSF51735"	"NAD(P)-binding Rossmann-fold domains"	25	173	"7.24E-44"	"IPR036291"	"NAD(P)-binding domain superfamily"	"-"
"PPA0469"	355	"SUPERFAMILY"	"SSF55347"	"Glyceraldehyde-3-phosphate dehydrogenase-like, C-terminal domain"	152	280	"3.6E-24"	"-"	"-"	""
"PPA0471"	231	"SUPERFAMILY"	"SSF110395"	"CutC-like"	6	228	"7.19E-45"	"IPR036822"	"Copper homeostasis (CutC) domain superfamily"	"-"
"PPA0472"	334	"SUPERFAMILY"	"SSF56601"	"beta-lactamase/transpeptidase-like"	63	286	"9.53E-21"	"IPR012338"	"Beta-lactamase/transpeptidase-like"	"-"
"PPA0473"	694	"SUPERFAMILY"	"SSF52540"	"P-loop containing nucleoside triphosphate hydrolases"	434	652	"1.33E-27"	"IPR027417"	"P-loop containing nucleoside triphosphate hydrolase"	"-"
"PPA0473"	694	"SUPERFAMILY"	"SSF52540"	"P-loop containing nucleoside triphosphate hydrolases"	282	489	"1.3E-32"	"IPR027417"	"P-loop containing nucleoside triphosphate hydrolase"	"-"
"PPA0476"	261	"SUPERFAMILY"	"SSF100950"	"NagB/RpiA/CoA transferase-like"	1	254	"3.3E-86"	"IPR037171"	"NagB/RpiA transferase-like"	"-"
"PPA0477"	127	"SUPERFAMILY"	"SSF50249"	"Nucleic acid-binding proteins"	1	66	"1.15E-14"	"IPR012340"	"Nucleic acid-binding, OB-fold"	"-"
"PPA0482"	340	"SUPERFAMILY"	"SSF50952"	"Soluble quinoprotein glucose dehydrogenase"	49	266	"1.07E-12"	"IPR011041"	"Soluble quinoprotein glucose/sorbosone dehydrogenase"	"-"
"PPA0483"	372	"SUPERFAMILY"	"SSF53383"	"PLP-dependent transferases"	16	369	"7.0E-72"	"IPR015424"	"Pyridoxal phosphate-dependent transferase"	"-"
"PPA0484"	376	"SUPERFAMILY"	"SSF51556"	"Metallo-dependent hydrolases"	50	345	"1.41E-81"	"IPR032466"	"Metal-dependent hydrolase"	"-"
"PPA0484"	376	"SUPERFAMILY"	"SSF51338"	"Composite domain of metallo-dependent hydrolases"	3	376	"6.48E-9"	"IPR011059"	"Metal-dependent hydrolase, composite domain superfamily"	"GO:0016810"
"PPA0485"	232	"SUPERFAMILY"	"SSF50037"	"C-terminal domain of transcriptional repressors"	132	230	"5.49E-16"	"IPR008988"	"Transcriptional repressor, C-terminal"	"-"
"PPA0485"	232	"SUPERFAMILY"	"SSF47979"	"Iron-dependent repressor protein, dimerization domain"	66	137	"2.22E-22"	"IPR036421"	"Iron dependent repressor, metal binding and dimerisation domain superfamily"	"GO:0046914|GO:0046983"
"PPA0485"	232	"SUPERFAMILY"	"SSF46785"	"Winged helix DNA-binding domain"	4	63	"2.24E-12"	"IPR036390"	"Winged helix DNA-binding domain superfamily"	"-"
"PPA0487"	121	"SUPERFAMILY"	"SSF52833"	"Thioredoxin-like"	5	103	"2.16E-30"	"IPR036249"	"Thioredoxin-like superfamily"	"-"
"PPA0488"	538	"SUPERFAMILY"	"SSF103473"	"MFS general substrate transporter"	25	530	"3.53E-58"	"IPR036259"	"MFS transporter superfamily"	"-"
"PPA0489"	465	"SUPERFAMILY"	"SSF53448"	"Nucleotide-diphospho-sugar transferases"	56	443	"1.87E-82"	"IPR029044"	"Nucleotide-diphospho-sugar transferases"	"-"
"PPA0491"	122	"SUPERFAMILY"	"SSF81330"	"Gated mechanosensitive channel"	9	113	"2.22E-19"	"IPR036019"	"Large-conductance mechanosensitive channel MscL"	"-"
"PPA0493"	195	"SUPERFAMILY"	"SSF100950"	"NagB/RpiA/CoA transferase-like"	7	192	"1.4E-36"	"IPR037171"	"NagB/RpiA transferase-like"	"-"
"PPA0494"	435	"SUPERFAMILY"	"SSF63882"	"MoeA N-terminal region -like"	31	200	"5.76E-36"	"IPR036135"	"MoeA, N-terminal and linker domain superfamily"	"GO:0032324"
"PPA0494"	435	"SUPERFAMILY"	"SSF53218"	"Molybdenum cofactor biosynthesis proteins"	233	357	"2.23E-9"	"IPR036425"	"MoaB/Mog-like domain superfamily"	"-"
"PPA0495"	224	"SUPERFAMILY"	"SSF55729"	"Acyl-CoA N-acyltransferases (Nat)"	8	196	"4.33E-32"	"IPR016181"	"Acyl-CoA N-acyltransferase"	"-"
"PPA0497"	225	"SUPERFAMILY"	"SSF89155"	"TorD-like"	15	223	"2.88E-41"	"IPR036411"	"TorD-like superfamily"	"-"
"PPA0498"	161	"SUPERFAMILY"	"SSF55040"	"Molybdenum cofactor biosynthesis protein C, MoaC"	13	155	"6.8E-50"	"IPR036522"	"Molybdopterin cofactor biosynthesis C (MoaC) domain superfamily"	"GO:0006777"
"PPA0499"	444	"SUPERFAMILY"	"SSF53218"	"Molybdenum cofactor biosynthesis proteins"	196	334	"7.46E-32"	"IPR036425"	"MoaB/Mog-like domain superfamily"	"-"
"PPA0499"	444	"SUPERFAMILY"	"SSF63867"	"MoeA C-terminal domain-like"	357	430	"4.58E-9"	"IPR036688"	"MoeA, C-terminal, domain IV superfamily"	"GO:0032324"
"PPA0499"	444	"SUPERFAMILY"	"SSF63882"	"MoeA N-terminal region -like"	16	193	"1.96E-49"	"IPR036135"	"MoeA, N-terminal and linker domain superfamily"	"GO:0032324"
"PPA0500"	140	"SUPERFAMILY"	"SSF54690"	"Molybdopterin synthase subunit MoaE"	4	133	"5.49E-38"	"IPR036563"	"Molybdopterin biosynthesis MoaE subunit superfamily"	"GO:0006777"
"PPA0501"	79	"SUPERFAMILY"	"SSF54285"	"MoaD/ThiS"	1	77	"2.8E-13"	"IPR016155"	"Molybdopterin synthase/thiamin biosynthesis sulphur carrier, beta-grasp"	"-"
"PPA0502"	346	"SUPERFAMILY"	"SSF102114"	"Radical SAM enzymes"	13	294	"2.35E-60"	"-"	"-"	""
"PPA0503"	142	"SUPERFAMILY"	"SSF50331"	"MOP-like"	74	138	"1.07E-13"	"IPR008995"	"Molybdate/tungstate binding, C-terminal"	"-"
"PPA0503"	142	"SUPERFAMILY"	"SSF46955"	"Putative DNA-binding domain"	12	65	"3.48E-7"	"IPR009061"	"Putative DNA-binding domain superfamily"	"-"
"PPA0504"	256	"SUPERFAMILY"	"SSF53850"	"Periplasmic binding protein-like II"	37	254	"1.34E-48"	"-"	"-"	""
"PPA0505"	604	"SUPERFAMILY"	"SSF52540"	"P-loop containing nucleoside triphosphate hydrolases"	368	585	"2.11E-56"	"IPR027417"	"P-loop containing nucleoside triphosphate hydrolase"	"-"
"PPA0505"	604	"SUPERFAMILY"	"SSF161098"	"MetI-like"	15	261	"1.44E-40"	"IPR035906"	"MetI-like superfamily"	"-"
"PPA0506"	206	"SUPERFAMILY"	"SSF46785"	"Winged helix DNA-binding domain"	1	177	"4.55E-11"	"IPR036390"	"Winged helix DNA-binding domain superfamily"	"-"
"PPA0507"	237	"SUPERFAMILY"	"SSF103501"	"Respiratory nitrate reductase 1 gamma chain"	3	225	"5.36E-68"	"IPR036197"	"NarG-like superfamily"	"-"
"PPA0508"	223	"SUPERFAMILY"	"SSF89155"	"TorD-like"	23	184	"5.36E-29"	"IPR036411"	"TorD-like superfamily"	"-"
"PPA0509"	507	"SUPERFAMILY"	"SSF54862"	"4Fe-4S ferredoxins"	1	464	"0.0"	"-"	"-"	""
"PPA0510"	1245	"SUPERFAMILY"	"SSF50692"	"ADC-like"	1099	1239	"1.51E-44"	"IPR009010"	"Aspartate decarboxylase-like domain superfamily"	"-"
"PPA0510"	1245	"SUPERFAMILY"	"SSF53706"	"Formate dehydrogenase/DMSO reductase, domains 1-3"	17	1073	"0.0"	"-"	"-"	""
"PPA0511"	438	"SUPERFAMILY"	"SSF103473"	"MFS general substrate transporter"	13	429	"3.53E-41"	"IPR036259"	"MFS transporter superfamily"	"-"
"PPA0512"	224	"SUPERFAMILY"	"SSF53448"	"Nucleotide-diphospho-sugar transferases"	24	214	"1.22E-16"	"IPR029044"	"Nucleotide-diphospho-sugar transferases"	"-"
"PPA0513"	166	"SUPERFAMILY"	"SSF53218"	"Molybdenum cofactor biosynthesis proteins"	4	161	"4.58E-36"	"IPR036425"	"MoaB/Mog-like domain superfamily"	"-"
"PPA0516"	213	"SUPERFAMILY"	"SSF54862"	"4Fe-4S ferredoxins"	11	193	"2.51E-65"	"-"	"-"	""
"PPA0517"	853	"SUPERFAMILY"	"SSF50692"	"ADC-like"	660	853	"3.84E-39"	"IPR009010"	"Aspartate decarboxylase-like domain superfamily"	"-"
"PPA0517"	853	"SUPERFAMILY"	"SSF53706"	"Formate dehydrogenase/DMSO reductase, domains 1-3"	55	722	"0.0"	"-"	"-"	""
"PPA0518"	281	"SUPERFAMILY"	"SSF69572"	"Activating enzymes of the ubiquitin-like proteins"	28	270	"1.01E-77"	"IPR035985"	"Ubiquitin-activating enzyme"	"GO:0008641"
"PPA0519"	277	"SUPERFAMILY"	"SSF110399"	"ThiG-like"	14	251	"5.1E-77"	"-"	"-"	""
"PPA0520"	415	"SUPERFAMILY"	"SSF54373"	"FAD-linked reductases, C-terminal domain"	261	352	"1.05E-15"	"-"	"-"	""
"PPA0520"	415	"SUPERFAMILY"	"SSF51905"	"FAD/NAD(P)-binding domain"	43	412	"9.45E-36"	"IPR036188"	"FAD/NAD(P)-binding domain superfamily"	"-"
"PPA0521"	104	"SUPERFAMILY"	"SSF143865"	"CorA soluble domain-like"	15	85	"7.98E-12"	"IPR045861"	"CorA, cytoplasmic domain"	"-"
"PPA0524"	286	"SUPERFAMILY"	"SSF53790"	"Tetrapyrrole methylase"	7	226	"1.03E-72"	"IPR035996"	"Tetrapyrrole methylase superfamily"	"GO:0008168"
"PPA0525"	302	"SUPERFAMILY"	"SSF51556"	"Metallo-dependent hydrolases"	25	299	"7.45E-65"	"IPR032466"	"Metal-dependent hydrolase"	"-"
"PPA0526"	298	"SUPERFAMILY"	"SSF53335"	"S-adenosyl-L-methionine-dependent methyltransferases"	20	288	"2.84E-61"	"IPR029063"	"S-adenosyl-L-methionine-dependent methyltransferase superfamily"	"-"
"PPA0527"	323	"SUPERFAMILY"	"SSF54211"	"Ribosomal protein S5 domain 2-like"	14	178	"9.87E-41"	"IPR020568"	"Ribosomal protein S5 domain 2-type fold"	"-"
"PPA0527"	323	"SUPERFAMILY"	"SSF55060"	"GHMP Kinase, C-terminal domain"	185	295	"1.29E-21"	"IPR036554"	"GHMP kinase, C-terminal domain superfamily"	"-"
"PPA0528"	179	"SUPERFAMILY"	"SSF46785"	"Winged helix DNA-binding domain"	26	174	"2.16E-31"	"IPR036390"	"Winged helix DNA-binding domain superfamily"	"-"
"PPA0529"	227	"SUPERFAMILY"	"SSF48498"	"Tetracyclin repressor-like, C-terminal domain"	96	206	"2.09E-5"	"IPR036271"	"Tetracyclin repressor-like, C-terminal domain superfamily"	"-"
"PPA0529"	227	"SUPERFAMILY"	"SSF46689"	"Homeodomain-like"	13	92	"1.61E-20"	"IPR009057"	"Homeobox-like domain superfamily"	"-"
"PPA0530"	432	"SUPERFAMILY"	"SSF51161"	"Trimeric LpxA-like enzymes"	202	412	"6.51E-21"	"IPR011004"	"Trimeric LpxA-like superfamily"	"-"
"PPA0530"	432	"SUPERFAMILY"	"SSF53448"	"Nucleotide-diphospho-sugar transferases"	18	273	"1.28E-58"	"IPR029044"	"Nucleotide-diphospho-sugar transferases"	"-"
"PPA0531"	322	"SUPERFAMILY"	"SSF53271"	"PRTase-like"	77	313	"1.43E-61"	"IPR029057"	"Phosphoribosyltransferase-like"	"-"
"PPA0535"	229	"SUPERFAMILY"	"SSF50715"	"Ribosomal protein L25-like"	28	210	"2.62E-48"	"IPR011035"	"Ribosomal protein L25/Gln-tRNA synthetase, anti-codon-binding domain superfamily"	"GO:0006412"
"PPA0536"	200	"SUPERFAMILY"	"SSF53178"	"Peptidyl-tRNA hydrolase-like"	5	199	"5.36E-56"	"IPR036416"	"Peptidyl-tRNA hydrolase superfamily"	"GO:0004045"
"PPA0538"	61	"SUPERFAMILY"	"SSF51735"	"NAD(P)-binding Rossmann-fold domains"	2	61	"1.43E-11"	"IPR036291"	"NAD(P)-binding domain superfamily"	"-"
"PPA0539"	351	"SUPERFAMILY"	"SSF50129"	"GroES-like"	1	173	"4.56E-53"	"IPR011032"	"GroES-like superfamily"	"-"
"PPA0539"	351	"SUPERFAMILY"	"SSF51735"	"NAD(P)-binding Rossmann-fold domains"	141	314	"1.0E-42"	"IPR036291"	"NAD(P)-binding domain superfamily"	"-"
"PPA0541"	1222	"SUPERFAMILY"	"SSF52540"	"P-loop containing nucleoside triphosphate hydrolases"	843	1050	"5.99E-45"	"IPR027417"	"P-loop containing nucleoside triphosphate hydrolase"	"-"
"PPA0541"	1222	"SUPERFAMILY"	"SSF52540"	"P-loop containing nucleoside triphosphate hydrolases"	47	389	"7.97E-72"	"IPR027417"	"P-loop containing nucleoside triphosphate hydrolase"	"-"
"PPA0541"	1222	"SUPERFAMILY"	"SSF143517"	"TRCF domain-like"	1056	1174	"1.44E-31"	"IPR037235"	"TRCF-like, C-terminal D7 domai"	"-"
"PPA0541"	1222	"SUPERFAMILY"	"SSF141259"	"CarD-like"	530	607	"1.2E-18"	"IPR036101"	"CarD-like/TRCF domain superfamily"	"-"
"PPA0541"	1222	"SUPERFAMILY"	"SSF52540"	"P-loop containing nucleoside triphosphate hydrolases"	415	511	"4.02E-9"	"IPR027417"	"P-loop containing nucleoside triphosphate hydrolase"	"-"
"PPA0541"	1222	"SUPERFAMILY"	"SSF52540"	"P-loop containing nucleoside triphosphate hydrolases"	587	844	"1.49E-58"	"IPR027417"	"P-loop containing nucleoside triphosphate hydrolase"	"-"
"PPA0543"	212	"SUPERFAMILY"	"SSF101386"	"all-alpha NTP pyrophosphatases"	11	107	"2.62E-23"	"-"	"-"	""
"PPA0545"	426	"SUPERFAMILY"	"SSF51604"	"Enolase C-terminal domain-like"	138	422	"0.0"	"IPR036849"	"Enolase-like, C-terminal domain superfamily"	"-"
"PPA0545"	426	"SUPERFAMILY"	"SSF54826"	"Enolase N-terminal domain-like"	3	138	"4.95E-55"	"IPR029017"	"Enolase-like, N-terminal"	"-"
"PPA0548"	310	"SUPERFAMILY"	"SSF53067"	"Actin-like ATPase domain"	7	128	"1.24E-32"	"IPR043129"	"ATPase, nucleotide binding domain"	"-"
"PPA0548"	310	"SUPERFAMILY"	"SSF53067"	"Actin-like ATPase domain"	133	307	"7.41E-38"	"IPR043129"	"ATPase, nucleotide binding domain"	"-"
"PPA0550"	231	"SUPERFAMILY"	"SSF55811"	"Nudix"	81	227	"3.25E-22"	"IPR015797"	"NUDIX hydrolase-like domain superfamily"	"-"
"PPA0555"	287	"SUPERFAMILY"	"SSF51430"	"NAD(P)-linked oxidoreductase"	1	286	"1.7E-60"	"IPR036812"	"NADP-dependent oxidoreductase domain superfamily"	"-"
"PPA0556"	210	"SUPERFAMILY"	"SSF55068"	"Peptide methionine sulfoxide reductase"	14	206	"4.97E-69"	"IPR036509"	"Peptide methionine sulphoxide reductase MsrA superfamily"	"GO:0008113"
"PPA0557"	539	"SUPERFAMILY"	"SSF161070"	"SNF-like"	24	509	"0.0"	"IPR037272"	"Sodium:neurotransmitter symporter superfamily"	"-"
"PPA0558"	238	"SUPERFAMILY"	"SSF52141"	"Uracil-DNA glycosylase-like"	20	234	"4.58E-72"	"IPR036895"	"Uracil-DNA glycosylase-like domain superfamily"	"-"
"PPA0561"	168	"SUPERFAMILY"	"SSF46557"	"GreA transcript cleavage protein, N-terminal domain"	7	81	"5.1E-25"	"IPR036805"	"Transcription elongation factor, GreA/GreB, N-terminal domain superfamily"	"GO:0003677|GO:0032784"
"PPA0561"	168	"SUPERFAMILY"	"SSF54534"	"FKBP-like"	84	164	"5.89E-13"	"-"	"-"	""
"PPA0563"	671	"SUPERFAMILY"	"SSF48208"	"Six-hairpin glycosidases"	185	505	"3.85E-55"	"IPR008928"	"Six-hairpin glycosidase superfamily"	"GO:0005975"
"PPA0563"	671	"SUPERFAMILY"	"SSF52833"	"Thioredoxin-like"	1	126	"1.51E-28"	"IPR036249"	"Thioredoxin-like superfamily"	"-"
"PPA0564"	273	"SUPERFAMILY"	"SSF64005"	"Undecaprenyl diphosphate synthase"	38	268	"1.83E-65"	"IPR036424"	"Decaprenyl diphosphate synthase-like superfamily"	"GO:0016765"
"PPA0566"	449	"SUPERFAMILY"	"SSF52540"	"P-loop containing nucleoside triphosphate hydrolases"	238	418	"7.48E-18"	"IPR027417"	"P-loop containing nucleoside triphosphate hydrolase"	"-"
"PPA0566"	449	"SUPERFAMILY"	"SSF88723"	"PIN domain-like"	24	163	"9.53E-13"	"IPR029060"	"PIN-like domain superfamily"	"-"
"PPA0568"	78	"SUPERFAMILY"	"SSF116842"	"XseB-like"	12	74	"1.15E-16"	"IPR037004"	"Exonuclease VII, small subunit superfamily"	"GO:0006308|GO:0008855|GO:0009318"
"PPA0570"	508	"SUPERFAMILY"	"SSF53649"	"Alkaline phosphatase-like"	58	345	"7.59E-8"	"IPR017850"	"Alkaline-phosphatase-like, core domain superfamily"	"-"
"PPA0571"	423	"SUPERFAMILY"	"SSF50974"	"Nitrous oxide reductase, N-terminal domain"	28	364	"5.49E-54"	"IPR011045"	"Nitrous oxide reductase, N-terminal"	"-"
"PPA0574"	428	"SUPERFAMILY"	"SSF53187"	"Zn-dependent exopeptidases"	13	425	"2.02E-92"	"-"	"-"	""
"PPA0574"	428	"SUPERFAMILY"	"SSF101821"	"Aminopeptidase/glucanase lid domain"	95	209	"3.11E-27"	"-"	"-"	""
"PPA0575"	357	"SUPERFAMILY"	"SSF52540"	"P-loop containing nucleoside triphosphate hydrolases"	3	295	"6.19E-73"	"IPR027417"	"P-loop containing nucleoside triphosphate hydrolase"	"-"
"PPA0575"	357	"SUPERFAMILY"	"SSF81271"	"TGS-like"	273	357	"8.28E-34"	"IPR012676"	"TGS-like"	"-"
"PPA0578"	408	"SUPERFAMILY"	"SSF103473"	"MFS general substrate transporter"	10	404	"5.1E-48"	"IPR036259"	"MFS transporter superfamily"	"-"
"PPA0579"	205	"SUPERFAMILY"	"SSF46785"	"Winged helix DNA-binding domain"	66	204	"8.0E-34"	"IPR036390"	"Winged helix DNA-binding domain superfamily"	"-"
"PPA0580"	142	"SUPERFAMILY"	"SSF82784"	"OsmC-like"	1	139	"7.2E-43"	"IPR036102"	"OsmC/Ohr superfamily"	"-"
"PPA0581"	229	"SUPERFAMILY"	"SSF52317"	"Class I glutamine amidotransferase-like"	2	225	"3.0E-70"	"IPR029062"	"Class I glutamine amidotransferase-like"	"-"
"PPA0583"	414	"SUPERFAMILY"	"SSF55909"	"Pentein"	4	412	"0.0"	"-"	"-"	""
"PPA0584"	334	"SUPERFAMILY"	"SSF53671"	"Aspartate/ornithine carbamoyltransferase"	4	332	"3.67E-97"	"IPR036901"	"Aspartate/ornithine carbamoyltransferase superfamily"	"GO:0006520|GO:0016597|GO:0016743"
"PPA0585"	301	"SUPERFAMILY"	"SSF53633"	"Carbamate kinase-like"	1	299	"2.09E-73"	"IPR036393"	"Acetylglutamate kinase-like superfamily"	"-"
"PPA0586"	187	"SUPERFAMILY"	"SSF55252"	"C-terminal domain of arginine repressor"	105	172	"7.98E-18"	"IPR036251"	"Arginine repressor, C-terminal domain superfamily"	"GO:0034618|GO:0051259"
"PPA0586"	187	"SUPERFAMILY"	"SSF46785"	"Winged helix DNA-binding domain"	19	87	"5.8E-15"	"IPR036390"	"Winged helix DNA-binding domain superfamily"	"-"
"PPA0587"	220	"SUPERFAMILY"	"SSF102462"	"Peptidyl-tRNA hydrolase II"	129	220	"3.14E-19"	"IPR023476"	"Peptidyl-tRNA hydrolase II domain superfamily"	"-"
"PPA0588"	172	"SUPERFAMILY"	"SSF55021"	"ACT-like"	88	166	"7.05E-11"	"IPR045865"	"ACT-like domain"	"-"
"PPA0588"	172	"SUPERFAMILY"	"SSF55021"	"ACT-like"	2	72	"3.21E-10"	"IPR045865"	"ACT-like domain"	"-"
"PPA0589"	322	"SUPERFAMILY"	"SSF51430"	"NAD(P)-linked oxidoreductase"	2	315	"1.22E-76"	"IPR036812"	"NADP-dependent oxidoreductase domain superfamily"	"-"
"PPA0590"	167	"SUPERFAMILY"	"SSF52833"	"Thioredoxin-like"	1	162	"3.95E-42"	"IPR036249"	"Thioredoxin-like superfamily"	"-"
"PPA0592"	411	"SUPERFAMILY"	"SSF51445"	"(Trans)glycosidases"	3	359	"5.37E-79"	"IPR017853"	"Glycoside hydrolase superfamily"	"-"
"PPA0593"	388	"SUPERFAMILY"	"SSF48179"	"6-phosphogluconate dehydrogenase C-terminal domain-like"	191	287	"4.59E-30"	"IPR008927"	"6-phosphogluconate dehydrogenase-like, C-terminal domain superfamily"	"-"
"PPA0593"	388	"SUPERFAMILY"	"SSF52413"	"UDP-glucose/GDP-mannose dehydrogenase C-terminal domain"	283	387	"3.01E-25"	"IPR036220"	"UDP-glucose/GDP-mannose dehydrogenase, C-terminal domain superfamily"	"-"
"PPA0593"	388	"SUPERFAMILY"	"SSF51735"	"NAD(P)-binding Rossmann-fold domains"	1	194	"1.44E-47"	"IPR036291"	"NAD(P)-binding domain superfamily"	"-"
"PPA0594"	312	"SUPERFAMILY"	"SSF53474"	"alpha/beta-Hydrolases"	4	308	"1.19E-29"	"IPR029058"	"Alpha/Beta hydrolase fold"	"-"
"PPA0595"	636	"SUPERFAMILY"	"SSF52242"	"Cobalamin (vitamin B12)-binding domain"	477	634	"3.14E-34"	"IPR036724"	"Cobalamin-binding domain superfamily"	"GO:0031419|GO:0046872"
"PPA0595"	636	"SUPERFAMILY"	"SSF51703"	"Cobalamin (vitamin B12)-dependent enzymes"	21	533	"0.0"	"IPR016176"	"Cobalamin (vitamin B12)-dependent enzyme, catalytic"	"GO:0003824|GO:0031419"
"PPA0596"	729	"SUPERFAMILY"	"SSF51703"	"Cobalamin (vitamin B12)-dependent enzymes"	26	559	"0.0"	"IPR016176"	"Cobalamin (vitamin B12)-dependent enzyme, catalytic"	"GO:0003824|GO:0031419"
"PPA0596"	729	"SUPERFAMILY"	"SSF52242"	"Cobalamin (vitamin B12)-binding domain"	562	724	"3.14E-58"	"IPR036724"	"Cobalamin-binding domain superfamily"	"GO:0031419|GO:0046872"
"PPA0597"	348	"SUPERFAMILY"	"SSF52540"	"P-loop containing nucleoside triphosphate hydrolases"	10	330	"1.72E-86"	"IPR027417"	"P-loop containing nucleoside triphosphate hydrolase"	"-"
"PPA0598"	490	"SUPERFAMILY"	"SSF52743"	"Subtilisin-like"	164	488	"1.01E-76"	"IPR036852"	"Peptidase S8/S53 domain superfamily"	"GO:0004252|GO:0006508"
"PPA0599"	76	"SUPERFAMILY"	"SSF55174"	"Alpha-L RNA-binding motif"	3	59	"3.14E-19"	"-"	"-"	""
"PPA0600"	266	"SUPERFAMILY"	"SSF52540"	"P-loop containing nucleoside triphosphate hydrolases"	14	261	"3.99E-78"	"IPR027417"	"P-loop containing nucleoside triphosphate hydrolase"	"-"
"PPA0601"	182	"SUPERFAMILY"	"SSF161098"	"MetI-like"	18	133	"3.27E-26"	"IPR035906"	"MetI-like superfamily"	"-"
"PPA0603"	332	"SUPERFAMILY"	"SSF53822"	"Periplasmic binding protein-like I"	62	315	"1.51E-47"	"IPR028082"	"Periplasmic binding protein-like I"	"-"
"PPA0603"	332	"SUPERFAMILY"	"SSF47413"	"lambda repressor-like DNA-binding domains"	4	62	"1.06E-17"	"IPR010982"	"Lambda repressor-like, DNA-binding domain superfamily"	"GO:0003677"
"PPA0604"	406	"SUPERFAMILY"	"SSF53850"	"Periplasmic binding protein-like II"	56	265	"1.48E-36"	"-"	"-"	""
"PPA0605"	161	"SUPERFAMILY"	"SSF161098"	"MetI-like"	3	143	"7.06E-29"	"IPR035906"	"MetI-like superfamily"	"-"
"PPA0606"	296	"SUPERFAMILY"	"SSF161098"	"MetI-like"	28	295	"4.39E-54"	"IPR035906"	"MetI-like superfamily"	"-"
"PPA0607"	456	"SUPERFAMILY"	"SSF51445"	"(Trans)glycosidases"	30	366	"6.74E-86"	"IPR017853"	"Glycoside hydrolase superfamily"	"-"
"PPA0608"	191	"SUPERFAMILY"	"SSF53743"	"FucI/AraA N-terminal and middle domains"	2	186	"2.88E-66"	"IPR009015"	"L-fucose isomerase, N-terminal/central domain superfamily"	"GO:0005737|GO:0005996|GO:0016861"
"PPA0609"	351	"SUPERFAMILY"	"SSF50443"	"FucI/AraA C-terminal domain-like"	121	332	"1.44E-96"	"IPR004216"	"L-fucose/L-arabinose isomerase, C-terminal"	"-"
"PPA0609"	351	"SUPERFAMILY"	"SSF53743"	"FucI/AraA N-terminal and middle domains"	5	119	"4.18E-41"	"IPR009015"	"L-fucose isomerase, N-terminal/central domain superfamily"	"GO:0005737|GO:0005996|GO:0016861"
"PPA0610"	98	"SUPERFAMILY"	"SSF53639"	"AraD/HMP-PK domain-like"	5	97	"3.73E-22"	"IPR036409"	"Class II aldolase/adducin N-terminal domain superfamily"	"-"
"PPA0612"	254	"SUPERFAMILY"	"SSF52540"	"P-loop containing nucleoside triphosphate hydrolases"	37	252	"3.0E-58"	"IPR027417"	"P-loop containing nucleoside triphosphate hydrolase"	"-"
"PPA0615"	284	"SUPERFAMILY"	"SSF81345"	"ABC transporter involved in vitamin B12 uptake, BtuC"	7	267	"7.59E-31"	"IPR037294"	"ABC transporter, BtuC-like"	"-"
"PPA0616"	267	"SUPERFAMILY"	"SSF52540"	"P-loop containing nucleoside triphosphate hydrolases"	9	228	"5.43E-51"	"IPR027417"	"P-loop containing nucleoside triphosphate hydrolase"	"-"
"PPA0617"	305	"SUPERFAMILY"	"SSF53807"	"Helical backbone metal receptor"	37	304	"5.4E-55"	"-"	"-"	""
"PPA0618"	183	"SUPERFAMILY"	"SSF52499"	"Isochorismatase-like hydrolases"	2	182	"9.29E-29"	"IPR036380"	"Isochorismatase-like superfamily"	"-"
"PPA0620"	1152	"SUPERFAMILY"	"SSF53720"	"ALDH-like"	515	942	"1.22E-98"	"IPR016161"	"Aldehyde/histidinol dehydrogenase"	"GO:0016491"
"PPA0620"	1152	"SUPERFAMILY"	"SSF51730"	"FAD-linked oxidoreductase"	140	472	"3.92E-76"	"IPR029041"	"FAD-linked oxidoreductase-like"	"-"
"PPA0621"	349	"SUPERFAMILY"	"SSF51735"	"NAD(P)-binding Rossmann-fold domains"	146	314	"2.37E-29"	"IPR036291"	"NAD(P)-binding domain superfamily"	"-"
"PPA0621"	349	"SUPERFAMILY"	"SSF50129"	"GroES-like"	5	179	"5.02E-42"	"IPR011032"	"GroES-like superfamily"	"-"
"PPA0622"	576	"SUPERFAMILY"	"SSF82549"	"DAK1/DegV-like"	1	325	"1.15E-102"	"-"	"-"	""
"PPA0622"	576	"SUPERFAMILY"	"SSF101473"	"DhaL-like"	362	557	"3.4E-45"	"IPR036117"	"DhaL domain superfamily"	"GO:0004371|GO:0006071"
"PPA0623"	167	"SUPERFAMILY"	"SSF53271"	"PRTase-like"	11	160	"1.06E-29"	"IPR029057"	"Phosphoribosyltransferase-like"	"-"
"PPA0624"	166	"SUPERFAMILY"	"SSF55729"	"Acyl-CoA N-acyltransferases (Nat)"	5	166	"1.68E-34"	"IPR016181"	"Acyl-CoA N-acyltransferase"	"-"
"PPA0625"	554	"SUPERFAMILY"	"SSF52283"	"Formate/glycerate dehydrogenase catalytic domain-like"	40	207	"1.11E-54"	"-"	"-"	""
"PPA0625"	554	"SUPERFAMILY"	"SSF51735"	"NAD(P)-binding Rossmann-fold domains"	177	357	"3.95E-36"	"IPR036291"	"NAD(P)-binding domain superfamily"	"-"
"PPA0626"	473	"SUPERFAMILY"	"SSF52467"	"DHS-like NAD/FAD-binding domain"	301	473	"8.45E-73"	"IPR029035"	"DHS-like NAD/FAD-binding domain superfamily"	"-"
"PPA0627"	106	"SUPERFAMILY"	"SSF54862"	"4Fe-4S ferredoxins"	3	80	"8.9E-21"	"-"	"-"	""
"PPA0628"	367	"SUPERFAMILY"	"SSF53383"	"PLP-dependent transferases"	4	366	"7.74E-72"	"IPR015424"	"Pyridoxal phosphate-dependent transferase"	"-"
"PPA0630"	320	"SUPERFAMILY"	"SSF51161"	"Trimeric LpxA-like enzymes"	76	298	"1.24E-39"	"IPR011004"	"Trimeric LpxA-like superfamily"	"-"
"PPA0632"	376	"SUPERFAMILY"	"SSF55909"	"Pentein"	4	367	"8.39E-104"	"-"	"-"	""
"PPA0633"	353	"SUPERFAMILY"	"SSF103481"	"Multidrug resistance efflux transporter EmrE"	68	164	"7.19E-10"	"-"	"-"	""
"PPA0633"	353	"SUPERFAMILY"	"SSF103481"	"Multidrug resistance efflux transporter EmrE"	235	330	"1.01E-9"	"-"	"-"	""
"PPA0634"	431	"SUPERFAMILY"	"SSF103473"	"MFS general substrate transporter"	6	427	"1.19E-63"	"IPR036259"	"MFS transporter superfamily"	"-"
"PPA0635"	202	"SUPERFAMILY"	"SSF46689"	"Homeodomain-like"	2	82	"3.33E-12"	"IPR009057"	"Homeobox-like domain superfamily"	"-"
"PPA0636"	359	"SUPERFAMILY"	"SSF55031"	"Bacterial exopeptidase dimerisation domain"	170	272	"1.94E-18"	"IPR036264"	"Bacterial exopeptidase dimerisation domain"	"-"
"PPA0636"	359	"SUPERFAMILY"	"SSF53187"	"Zn-dependent exopeptidases"	8	357	"2.66E-42"	"-"	"-"	""
"PPA0639"	394	"SUPERFAMILY"	"SSF53756"	"UDP-Glycosyltransferase/glycogen phosphorylase"	3	392	"5.1E-79"	"-"	"-"	""
"PPA0640"	408	"SUPERFAMILY"	"SSF51161"	"Trimeric LpxA-like enzymes"	301	407	"6.38E-18"	"IPR011004"	"Trimeric LpxA-like superfamily"	"-"
"PPA0640"	408	"SUPERFAMILY"	"SSF53448"	"Nucleotide-diphospho-sugar transferases"	6	359	"1.89E-67"	"IPR029044"	"Nucleotide-diphospho-sugar transferases"	"-"
"PPA0641"	217	"SUPERFAMILY"	"SSF53335"	"S-adenosyl-L-methionine-dependent methyltransferases"	37	216	"7.58E-26"	"IPR029063"	"S-adenosyl-L-methionine-dependent methyltransferase superfamily"	"-"
"PPA0642"	293	"SUPERFAMILY"	"SSF51569"	"Aldolase"	3	290	"1.15E-81"	"-"	"-"	""
"PPA0644"	524	"SUPERFAMILY"	"SSF51445"	"(Trans)glycosidases"	58	397	"2.24E-42"	"IPR017853"	"Glycoside hydrolase superfamily"	"-"
"PPA0645"	386	"SUPERFAMILY"	"SSF52540"	"P-loop containing nucleoside triphosphate hydrolases"	115	370	"2.4E-48"	"IPR027417"	"P-loop containing nucleoside triphosphate hydrolase"	"-"
"PPA0645"	386	"SUPERFAMILY"	"SSF117916"	"Fe-S cluster assembly (FSCA) domain-like"	8	98	"1.57E-22"	"IPR034904"	"Fe-S cluster assembly domain superfamily"	"-"
"PPA0647"	421	"SUPERFAMILY"	"SSF50346"	"PRC-barrel domain"	10	64	"4.12E-8"	"IPR011033"	"PRC-barrel-like superfamily"	"-"
"PPA0647"	421	"SUPERFAMILY"	"SSF158791"	"MgtE N-terminal domain-like"	161	275	"6.28E-28"	"-"	"-"	""
"PPA0647"	421	"SUPERFAMILY"	"SSF54631"	"CBS-domain pair"	277	408	"8.78E-23"	"IPR046342"	"CBS domain superfamily"	"-"
"PPA0650"	498	"SUPERFAMILY"	"SSF53092"	"Creatinase/prolidase N-terminal domain"	59	193	"8.89E-21"	"IPR029149"	"Creatinase/Aminopeptidase P/Spt16, N-terminal"	"-"
"PPA0650"	498	"SUPERFAMILY"	"SSF55920"	"Creatinase/aminopeptidase"	224	490	"1.7E-64"	"IPR036005"	"Creatinase/aminopeptidase-like"	"-"
"PPA0653"	64	"SUPERFAMILY"	"SSF54786"	"YcfA/nrd intein domain"	2	59	"4.71E-10"	"-"	"-"	""
"PPA0656"	404	"SUPERFAMILY"	"SSF53807"	"Helical backbone metal receptor"	115	382	"5.1E-39"	"-"	"-"	""
"PPA0657"	344	"SUPERFAMILY"	"SSF81345"	"ABC transporter involved in vitamin B12 uptake, BtuC"	3	340	"7.45E-73"	"IPR037294"	"ABC transporter, BtuC-like"	"-"
"PPA0658"	257	"SUPERFAMILY"	"SSF52540"	"P-loop containing nucleoside triphosphate hydrolases"	2	228	"5.23E-55"	"IPR027417"	"P-loop containing nucleoside triphosphate hydrolase"	"-"
"PPA0659"	206	"SUPERFAMILY"	"SSF52833"	"Thioredoxin-like"	118	202	"7.49E-16"	"IPR036249"	"Thioredoxin-like superfamily"	"-"
"PPA0661"	284	"SUPERFAMILY"	"SSF55920"	"Creatinase/aminopeptidase"	6	282	"2.22E-80"	"IPR036005"	"Creatinase/aminopeptidase-like"	"-"
"PPA0664"	468	"SUPERFAMILY"	"SSF55931"	"Glutamine synthetase/guanido kinase"	129	465	"1.57E-117"	"IPR014746"	"Glutamine synthetase/guanido kinase, catalytic domain"	"GO:0003824"
"PPA0664"	468	"SUPERFAMILY"	"SSF54368"	"Glutamine synthetase, N-terminal domain"	32	124	"1.1E-28"	"IPR036651"	"Glutamine synthetase, N-terminal domain superfamily"	"GO:0004356|GO:0006542|GO:0006807"
"PPA0666"	983	"SUPERFAMILY"	"SSF81593"	"Nucleotidyltransferase substrate binding subunit/domain"	340	487	"5.65E-39"	"-"	"-"	""
"PPA0666"	983	"SUPERFAMILY"	"SSF81301"	"Nucleotidyltransferase"	65	334	"9.81E-62"	"IPR043519"	"Nucleotidyltransferase superfamily"	"-"
"PPA0666"	983	"SUPERFAMILY"	"SSF81593"	"Nucleotidyltransferase substrate binding subunit/domain"	831	980	"8.63E-35"	"-"	"-"	""
"PPA0666"	983	"SUPERFAMILY"	"SSF81301"	"Nucleotidyltransferase"	563	823	"1.28E-61"	"IPR043519"	"Nucleotidyltransferase superfamily"	"-"
"PPA0668"	393	"SUPERFAMILY"	"SSF102705"	"NIF3 (NGG1p interacting factor 3)-like"	18	386	"2.22E-111"	"IPR036069"	"DUF34/NIF3 superfamily"	"-"
"PPA0671"	473	"SUPERFAMILY"	"SSF54368"	"Glutamine synthetase, N-terminal domain"	5	103	"2.75E-34"	"IPR036651"	"Glutamine synthetase, N-terminal domain superfamily"	"GO:0004356|GO:0006542|GO:0006807"
"PPA0671"	473	"SUPERFAMILY"	"SSF55931"	"Glutamine synthetase/guanido kinase"	105	472	"0.0"	"IPR014746"	"Glutamine synthetase/guanido kinase, catalytic domain"	"GO:0003824"
"PPA0673"	370	"SUPERFAMILY"	"SSF53756"	"UDP-Glycosyltransferase/glycogen phosphorylase"	19	362	"5.83E-62"	"-"	"-"	""
"PPA0676"	241	"SUPERFAMILY"	"SSF46785"	"Winged helix DNA-binding domain"	3	68	"1.66E-19"	"IPR036390"	"Winged helix DNA-binding domain superfamily"	"-"
"PPA0676"	241	"SUPERFAMILY"	"SSF64288"	"Chorismate lyase-like"	52	224	"2.2E-51"	"IPR028978"	"Chorismate pyruvate-lyase/UbiC transcription regulator-associated domain superfamily"	"-"
"PPA0677"	82	"SUPERFAMILY"	"SSF55604"	"Glucose permease domain IIB"	3	76	"5.75E-20"	"IPR036878"	"Glucose permease domain IIB"	"GO:0008982|GO:0009401"
"PPA0678"	76	"SUPERFAMILY"	"SSF55604"	"Glucose permease domain IIB"	4	75	"4.58E-22"	"IPR036878"	"Glucose permease domain IIB"	"GO:0008982|GO:0009401"
"PPA0679"	164	"SUPERFAMILY"	"SSF51261"	"Duplicated hybrid motif"	3	130	"4.88E-36"	"IPR011055"	"Duplicated hybrid motif"	"-"
"PPA0682"	601	"SUPERFAMILY"	"SSF52540"	"P-loop containing nucleoside triphosphate hydrolases"	5	214	"5.05E-44"	"IPR027417"	"P-loop containing nucleoside triphosphate hydrolase"	"-"
"PPA0682"	601	"SUPERFAMILY"	"SSF52540"	"P-loop containing nucleoside triphosphate hydrolases"	274	489	"1.65E-43"	"IPR027417"	"P-loop containing nucleoside triphosphate hydrolase"	"-"
"PPA0684"	563	"SUPERFAMILY"	"SSF50939"	"Sialidases"	42	543	"9.25E-60"	"IPR036278"	"Sialidase superfamily"	"-"
"PPA0685"	771	"SUPERFAMILY"	"SSF49899"	"Concanavalin A-like lectins/glucanases"	203	329	"8.22E-10"	"IPR013320"	"Concanavalin A-like lectin/glucanase domain superfamily"	"-"
"PPA0685"	771	"SUPERFAMILY"	"SSF50939"	"Sialidases"	332	764	"1.04E-77"	"IPR036278"	"Sialidase superfamily"	"-"
"PPA0686"	510	"SUPERFAMILY"	"SSF103473"	"MFS general substrate transporter"	27	474	"9.59E-62"	"IPR036259"	"MFS transporter superfamily"	"-"
"PPA0689"	330	"SUPERFAMILY"	"SSF102114"	"Radical SAM enzymes"	36	310	"9.55E-58"	"-"	"-"	""
"PPA0690"	747	"SUPERFAMILY"	"SSF81665"	"Calcium ATPase, transmembrane domain M"	217	717	"5.89E-15"	"IPR023298"	"P-type ATPase, transmembrane domain superfamily"	"-"
"PPA0690"	747	"SUPERFAMILY"	"SSF81653"	"Calcium ATPase, transduction domain A"	245	337	"2.09E-20"	"IPR008250"	"P-type ATPase, A domain superfamily"	"-"
"PPA0690"	747	"SUPERFAMILY"	"SSF56784"	"HAD-like"	439	737	"9.51E-48"	"IPR036412"	"HAD-like superfamily"	"-"
"PPA0690"	747	"SUPERFAMILY"	"SSF55008"	"HMA, heavy metal-associated domain"	20	82	"2.88E-16"	"IPR036163"	"Heavy metal-associated domain superfamily"	"GO:0046872"
"PPA0692"	272	"SUPERFAMILY"	"SSF55681"	"Class II aaRS and biotin synthetases"	42	235	"5.55E-58"	"IPR045864"	"Class II Aminoacyl-tRNA synthetase/Biotinyl protein ligase (BPL) and lipoyl protein ligase (LPL)"	"-"
"PPA0693"	457	"SUPERFAMILY"	"SSF47005"	"Peripheral subunit-binding domain of 2-oxo acid dehydrogenase complex"	134	179	"1.96E-13"	"IPR036625"	"E3-binding domain superfamily"	"GO:0016746"
"PPA0693"	457	"SUPERFAMILY"	"SSF52777"	"CoA-dependent acyltransferases"	214	450	"2.71E-79"	"-"	"-"	""
"PPA0693"	457	"SUPERFAMILY"	"SSF51230"	"Single hybrid motif"	1	96	"4.71E-27"	"IPR011053"	"Single hybrid motif"	"-"
"PPA0694"	524	"SUPERFAMILY"	"SSF53187"	"Zn-dependent exopeptidases"	203	521	"1.54E-107"	"-"	"-"	""
"PPA0694"	524	"SUPERFAMILY"	"SSF52949"	"Macro domain-like"	46	194	"1.35E-18"	"IPR043472"	"Macro domain-like"	"-"
"PPA0700"	117	"SUPERFAMILY"	"SSF89360"	"HesB-like domain"	13	107	"2.16E-28"	"IPR035903"	"HesB-like domain superfamily"	"-"
"PPA0701"	302	"SUPERFAMILY"	"SSF81464"	"Cytochrome c oxidase subunit II-like, transmembrane region"	47	136	"4.74E-18"	"IPR036257"	"Cytochrome C oxidase subunit II, transmembrane domain superfamily"	"-"
"PPA0701"	302	"SUPERFAMILY"	"SSF49503"	"Cupredoxins"	141	279	"2.38E-45"	"IPR008972"	"Cupredoxin"	"-"
"PPA0702"	572	"SUPERFAMILY"	"SSF81442"	"Cytochrome c oxidase subunit I-like"	35	547	"0.0"	"IPR036927"	"Cytochrome c oxidase-like, subunit I  superfamily"	"-"
"PPA0705"	185	"SUPERFAMILY"	"SSF52540"	"P-loop containing nucleoside triphosphate hydrolases"	1	184	"2.73E-50"	"IPR027417"	"P-loop containing nucleoside triphosphate hydrolase"	"-"
"PPA0707"	204	"SUPERFAMILY"	"SSF51735"	"NAD(P)-binding Rossmann-fold domains"	3	197	"8.23E-24"	"IPR036291"	"NAD(P)-binding domain superfamily"	"-"
"PPA0708"	486	"SUPERFAMILY"	"SSF51412"	"Inosine monophosphate dehydrogenase (IMPDH)"	11	480	"5.23E-84"	"-"	"-"	""
"PPA0708"	486	"SUPERFAMILY"	"SSF54631"	"CBS-domain pair"	86	200	"4.93E-19"	"IPR046342"	"CBS domain superfamily"	"-"
"PPA0709"	105	"SUPERFAMILY"	"SSF46767"	"Methylated DNA-protein cysteine methyltransferase, C-terminal domain"	2	72	"1.7E-10"	"IPR036217"	"Methylated DNA-protein cysteine methyltransferase, DNA binding domain"	"-"
"PPA0710"	559	"SUPERFAMILY"	"SSF81342"	"Transmembrane di-heme cytochromes"	32	310	"2.2E-63"	"IPR016174"	"Di-haem cytochrome, transmembrane"	"GO:0016020|GO:0022904"
"PPA0711"	350	"SUPERFAMILY"	"SSF50022"	"ISP domain"	181	344	"1.14E-27"	"IPR036922"	"Rieske [2Fe-2S] iron-sulphur domain superfamily"	"GO:0051537"
"PPA0712"	267	"SUPERFAMILY"	"SSF46626"	"Cytochrome c"	135	220	"2.44E-20"	"IPR036909"	"Cytochrome c-like domain superfamily"	"GO:0009055|GO:0020037"
"PPA0712"	267	"SUPERFAMILY"	"SSF46626"	"Cytochrome c"	16	127	"1.13E-19"	"IPR036909"	"Cytochrome c-like domain superfamily"	"GO:0009055|GO:0020037"
"PPA0713"	193	"SUPERFAMILY"	"SSF81452"	"Cytochrome c oxidase subunit III-like"	2	192	"4.71E-50"	"IPR035973"	"Cytochrome c oxidase subunit III-like superfamily"	"GO:0009055|GO:0016020"
"PPA0714"	155	"SUPERFAMILY"	"SSF52172"	"CheY-like"	24	146	"8.4E-10"	"IPR011006"	"CheY-like superfamily"	"-"
"PPA0718"	170	"SUPERFAMILY"	"SSF50891"	"Cyclophilin-like"	4	168	"4.68E-62"	"IPR029000"	"Cyclophilin-like domain superfamily"	"-"
"PPA0719"	214	"SUPERFAMILY"	"SSF144091"	"Rhomboid-like"	10	187	"1.44E-18"	"IPR035952"	"Rhomboid-like superfamily"	"-"
"PPA0720"	633	"SUPERFAMILY"	"SSF53098"	"Ribonuclease H-like"	63	246	"7.15E-46"	"IPR012337"	"Ribonuclease H-like superfamily"	"-"
"PPA0720"	633	"SUPERFAMILY"	"SSF82771"	"GIY-YIG endonuclease"	282	352	"1.03E-10"	"IPR035901"	"GIY-YIG endonuclease superfamily"	"-"
"PPA0721"	385	"SUPERFAMILY"	"SSF54001"	"Cysteine proteinases"	268	384	"3.14E-40"	"IPR038765"	"Papain-like cysteine peptidase superfamily"	"-"
"PPA0722"	356	"SUPERFAMILY"	"SSF53067"	"Actin-like ATPase domain"	1	316	"1.5E-70"	"IPR043129"	"ATPase, nucleotide binding domain"	"-"
"PPA0724"	251	"SUPERFAMILY"	"SSF69593"	"Glycerol-3-phosphate (1)-acyltransferase"	2	233	"2.09E-50"	"-"	"-"	""
"PPA0726"	472	"SUPERFAMILY"	"SSF51569"	"Aldolase"	13	451	"0.0"	"-"	"-"	""
"PPA0727"	215	"SUPERFAMILY"	"SSF56281"	"Metallo-hydrolase/oxidoreductase"	1	190	"9.78E-25"	"IPR036866"	"Ribonuclease Z/Hydroxyacylglutathione hydrolase-like"	"-"
"PPA0728"	318	"SUPERFAMILY"	"SSF103481"	"Multidrug resistance efflux transporter EmrE"	44	141	"3.4E-8"	"-"	"-"	""
"PPA0728"	318	"SUPERFAMILY"	"SSF103481"	"Multidrug resistance efflux transporter EmrE"	190	289	"5.75E-14"	"-"	"-"	""
"PPA0729"	470	"SUPERFAMILY"	"SSF56112"	"Protein kinase-like (PK-like)"	13	374	"4.34E-70"	"IPR011009"	"Protein kinase-like domain superfamily"	"-"
"PPA0730"	147	"SUPERFAMILY"	"SSF53933"	"Microbial ribonucleases"	55	145	"1.38E-33"	"IPR016191"	"Ribonuclease/ribotoxin"	"GO:0003723|GO:0004540"
"PPA0731"	132	"SUPERFAMILY"	"SSF52038"	"Barstar-related"	44	118	"1.11E-18"	"IPR035905"	"Barstar-like superfamily"	"-"
"PPA0732"	365	"SUPERFAMILY"	"SSF48576"	"Terpenoid synthases"	15	364	"1.15E-75"	"IPR008949"	"Isoprenoid synthase domain superfamily"	"-"
"PPA0733"	753	"SUPERFAMILY"	"SSF52540"	"P-loop containing nucleoside triphosphate hydrolases"	189	723	"2.39E-47"	"IPR027417"	"P-loop containing nucleoside triphosphate hydrolase"	"-"
"PPA0735"	155	"SUPERFAMILY"	"SSF53474"	"alpha/beta-Hydrolases"	7	147	"1.92E-23"	"IPR029058"	"Alpha/Beta hydrolase fold"	"-"
"PPA0737"	152	"SUPERFAMILY"	"SSF49764"	"HSP20-like chaperones"	15	128	"4.81E-31"	"IPR008978"	"HSP20-like chaperone"	"-"
"PPA0739"	159	"SUPERFAMILY"	"SSF52540"	"P-loop containing nucleoside triphosphate hydrolases"	11	142	"2.52E-19"	"IPR027417"	"P-loop containing nucleoside triphosphate hydrolase"	"-"
"PPA0740"	235	"SUPERFAMILY"	"SSF48008"	"GntR ligand-binding domain-like"	100	227	"1.1E-22"	"IPR008920"	"Transcription regulator FadR/GntR, C-terminal"	"-"
"PPA0740"	235	"SUPERFAMILY"	"SSF46785"	"Winged helix DNA-binding domain"	6	74	"9.21E-13"	"IPR036390"	"Winged helix DNA-binding domain superfamily"	"-"
"PPA0741"	276	"SUPERFAMILY"	"SSF46785"	"Winged helix DNA-binding domain"	36	106	"6.99E-11"	"IPR036390"	"Winged helix DNA-binding domain superfamily"	"-"
"PPA0741"	276	"SUPERFAMILY"	"SSF48008"	"GntR ligand-binding domain-like"	134	254	"1.28E-20"	"IPR008920"	"Transcription regulator FadR/GntR, C-terminal"	"-"
"PPA0742"	994	"SUPERFAMILY"	"SSF53383"	"PLP-dependent transferases"	20	456	"2.26E-92"	"IPR015424"	"Pyridoxal phosphate-dependent transferase"	"-"
"PPA0742"	994	"SUPERFAMILY"	"SSF53383"	"PLP-dependent transferases"	491	988	"4.13E-96"	"IPR015424"	"Pyridoxal phosphate-dependent transferase"	"-"
"PPA0743"	123	"SUPERFAMILY"	"SSF51230"	"Single hybrid motif"	4	121	"2.32E-39"	"IPR011053"	"Single hybrid motif"	"-"
"PPA0744"	371	"SUPERFAMILY"	"SSF103025"	"Folate-binding domain"	4	283	"4.82E-90"	"-"	"-"	""
"PPA0744"	371	"SUPERFAMILY"	"SSF101790"	"Aminomethyltransferase beta-barrel domain"	286	369	"6.7E-23"	"IPR029043"	"Glycine cleavage T-protein/YgfZ, C-terminal"	"-"
"PPA0746"	737	"SUPERFAMILY"	"SSF54001"	"Cysteine proteinases"	410	546	"1.96E-29"	"IPR038765"	"Papain-like cysteine peptidase superfamily"	"-"
"PPA0748"	347	"SUPERFAMILY"	"SSF52540"	"P-loop containing nucleoside triphosphate hydrolases"	38	308	"4.94E-38"	"IPR027417"	"P-loop containing nucleoside triphosphate hydrolase"	"-"
"PPA0749"	160	"SUPERFAMILY"	"SSF89447"	"AbrB/MazE/MraZ-like"	19	154	"1.79E-44"	"IPR037914"	"SpoVT-AbrB domain superfamily"	"-"
"PPA0750"	337	"SUPERFAMILY"	"SSF81799"	"Putative methyltransferase TM0872, insert domain"	125	227	"6.8E-33"	"IPR023397"	"S-adenosyl-L-methionine-dependent methyltransferase, MraW, recognition domain superfamily"	"GO:0008168"
"PPA0750"	337	"SUPERFAMILY"	"SSF53335"	"S-adenosyl-L-methionine-dependent methyltransferases"	14	322	"1.45E-36"	"IPR029063"	"S-adenosyl-L-methionine-dependent methyltransferase superfamily"	"-"
"PPA0752"	641	"SUPERFAMILY"	"SSF56601"	"beta-lactamase/transpeptidase-like"	241	628	"2.18E-83"	"IPR012338"	"Beta-lactamase/transpeptidase-like"	"-"
"PPA0752"	641	"SUPERFAMILY"	"SSF56519"	"Penicillin binding protein dimerisation domain"	97	287	"3.79E-32"	"IPR036138"	"Penicillin-binding protein, dimerisation domain superfamily"	"GO:0008658"
"PPA0753"	499	"SUPERFAMILY"	"SSF63418"	"MurE/MurF N-terminal domain"	12	93	"2.22E-21"	"IPR035911"	"MurE/MurF, N-terminal"	"-"
"PPA0753"	499	"SUPERFAMILY"	"SSF53623"	"MurD-like peptide ligases, catalytic domain"	95	324	"7.46E-69"	"IPR036565"	"Mur-like, catalytic domain superfamily"	"GO:0005524|GO:0009058"
"PPA0753"	499	"SUPERFAMILY"	"SSF53244"	"MurD-like peptide ligases, peptide-binding domain"	328	484	"3.66E-42"	"IPR036615"	"Mur ligase, C-terminal domain superfamily"	"GO:0005524|GO:0009058|GO:0016874"
"PPA0754"	485	"SUPERFAMILY"	"SSF63418"	"MurE/MurF N-terminal domain"	2	95	"1.44E-21"	"IPR035911"	"MurE/MurF, N-terminal"	"-"
"PPA0754"	485	"SUPERFAMILY"	"SSF53244"	"MurD-like peptide ligases, peptide-binding domain"	338	473	"3.2E-26"	"IPR036615"	"Mur ligase, C-terminal domain superfamily"	"GO:0005524|GO:0009058|GO:0016874"
"PPA0754"	485	"SUPERFAMILY"	"SSF53623"	"MurD-like peptide ligases, catalytic domain"	104	310	"8.11E-44"	"IPR036565"	"Mur-like, catalytic domain superfamily"	"GO:0005524|GO:0009058"
"PPA0756"	493	"SUPERFAMILY"	"SSF51984"	"MurCD N-terminal domain"	17	113	"1.57E-16"	"-"	"-"	""
"PPA0756"	493	"SUPERFAMILY"	"SSF53244"	"MurD-like peptide ligases, peptide-binding domain"	344	485	"2.11E-35"	"IPR036615"	"Mur ligase, C-terminal domain superfamily"	"GO:0005524|GO:0009058|GO:0016874"
"PPA0756"	493	"SUPERFAMILY"	"SSF53623"	"MurD-like peptide ligases, catalytic domain"	125	338	"2.35E-43"	"IPR036565"	"Mur-like, catalytic domain superfamily"	"GO:0005524|GO:0009058"
"PPA0758"	372	"SUPERFAMILY"	"SSF53756"	"UDP-Glycosyltransferase/glycogen phosphorylase"	3	362	"1.76E-94"	"-"	"-"	""
"PPA0759"	471	"SUPERFAMILY"	"SSF53623"	"MurD-like peptide ligases, catalytic domain"	101	318	"2.98E-52"	"IPR036565"	"Mur-like, catalytic domain superfamily"	"GO:0005524|GO:0009058"
"PPA0759"	471	"SUPERFAMILY"	"SSF53244"	"MurD-like peptide ligases, peptide-binding domain"	320	465	"2.14E-43"	"IPR036615"	"Mur ligase, C-terminal domain superfamily"	"GO:0005524|GO:0009058|GO:0016874"
"PPA0759"	471	"SUPERFAMILY"	"SSF51984"	"MurCD N-terminal domain"	17	103	"8.89E-23"	"-"	"-"	""
"PPA0761"	417	"SUPERFAMILY"	"SSF55307"	"Tubulin C-terminal domain-like"	202	317	"6.64E-43"	"IPR008280"	"Tubulin/FtsZ, C-terminal"	"-"
"PPA0761"	417	"SUPERFAMILY"	"SSF52490"	"Tubulin nucleotide-binding domain-like"	10	206	"1.83E-68"	"IPR036525"	"Tubulin/FtsZ, GTPase domain superfamily"	"-"
"PPA0762"	261	"SUPERFAMILY"	"SSF64438"	"CNF1/YfiH-like putative cysteine hydrolases"	5	256	"2.2E-59"	"IPR011324"	"Cytotoxic necrotizing factor-like, catalytic"	"-"
"PPA0766"	146	"SUPERFAMILY"	"SSF57716"	"Glucocorticoid receptor-like (DNA-binding domain)"	112	145	"9.84E-9"	"-"	"-"	""
"PPA0768"	306	"SUPERFAMILY"	"SSF55174"	"Alpha-L RNA-binding motif"	13	63	"1.05E-7"	"-"	"-"	""
"PPA0768"	306	"SUPERFAMILY"	"SSF55120"	"Pseudouridine synthase"	75	304	"4.11E-70"	"IPR020103"	"Pseudouridine synthase, catalytic domain superfamily"	"GO:0001522|GO:0003723|GO:0009451|GO:0009982"
"PPA0769"	477	"SUPERFAMILY"	"SSF50800"	"PK beta-barrel domain-like"	70	171	"3.49E-26"	"IPR011037"	"Pyruvate kinase-like, insert domain superfamily"	"-"
"PPA0769"	477	"SUPERFAMILY"	"SSF51621"	"Phosphoenolpyruvate/pyruvate domain"	1	340	"2.79E-91"	"IPR015813"	"Pyruvate/Phosphoenolpyruvate kinase-like domain superfamily"	"GO:0003824"
"PPA0769"	477	"SUPERFAMILY"	"SSF52935"	"PK C-terminal domain-like"	326	473	"4.97E-35"	"IPR036918"	"Pyruvate kinase, C-terminal domain superfamily"	"-"
"PPA0772"	210	"SUPERFAMILY"	"SSF52172"	"CheY-like"	20	203	"7.12E-56"	"IPR011006"	"CheY-like superfamily"	"-"
"PPA0773"	137	"SUPERFAMILY"	"SSF54637"	"Thioesterase/thiol ester dehydrase-isomerase"	17	136	"5.27E-28"	"IPR029069"	"HotDog domain superfamily"	"-"
"PPA0774"	931	"SUPERFAMILY"	"SSF53098"	"Ribonuclease H-like"	356	520	"7.28E-26"	"IPR012337"	"Ribonuclease H-like superfamily"	"-"
"PPA0774"	931	"SUPERFAMILY"	"SSF88723"	"PIN domain-like"	46	198	"8.63E-48"	"IPR029060"	"PIN-like domain superfamily"	"-"
"PPA0774"	931	"SUPERFAMILY"	"SSF47807"	"5' to 3' exonuclease, C-terminal subdomain"	216	331	"1.64E-25"	"IPR036279"	"5'-3' exonuclease, C-terminal domain superfamily"	"-"
"PPA0774"	931	"SUPERFAMILY"	"SSF56672"	"DNA/RNA polymerases"	527	929	"0.0"	"IPR043502"	"DNA/RNA polymerase superfamily"	"-"
"PPA0775"	809	"SUPERFAMILY"	"SSF46548"	"alpha-helical ferredoxin"	383	489	"1.43E-16"	"-"	"-"	""
"PPA0775"	809	"SUPERFAMILY"	"SSF56176"	"FAD-binding/transporter-associated domain-like"	4	131	"1.39E-14"	"IPR036318"	"FAD-binding, type PCMH-like superfamily"	"GO:0050660"
"PPA0775"	809	"SUPERFAMILY"	"SSF55103"	"FAD-linked oxidases, C-terminal domain"	137	389	"1.39E-47"	"IPR016164"	"FAD-linked oxidase-like, C-terminal"	"GO:0003824|GO:0050660"
"PPA0776"	155	"SUPERFAMILY"	"SSF56176"	"FAD-binding/transporter-associated domain-like"	11	141	"1.92E-27"	"IPR036318"	"FAD-binding, type PCMH-like superfamily"	"GO:0050660"
"PPA0777"	258	"SUPERFAMILY"	"SSF63817"	"Sortase"	144	255	"5.1E-10"	"IPR023365"	"Sortase domain superfamily"	"-"
"PPA0778"	498	"SUPERFAMILY"	"SSF50249"	"Nucleic acid-binding proteins"	46	146	"6.04E-21"	"IPR012340"	"Nucleic acid-binding, OB-fold"	"-"
"PPA0778"	498	"SUPERFAMILY"	"SSF50249"	"Nucleic acid-binding proteins"	294	382	"5.45E-25"	"IPR012340"	"Nucleic acid-binding, OB-fold"	"-"
"PPA0778"	498	"SUPERFAMILY"	"SSF50249"	"Nucleic acid-binding proteins"	224	304	"7.63E-27"	"IPR012340"	"Nucleic acid-binding, OB-fold"	"-"
"PPA0778"	498	"SUPERFAMILY"	"SSF50249"	"Nucleic acid-binding proteins"	125	208	"4.4E-16"	"IPR012340"	"Nucleic acid-binding, OB-fold"	"-"
"PPA0780"	439	"SUPERFAMILY"	"SSF53807"	"Helical backbone metal receptor"	163	436	"7.46E-46"	"-"	"-"	""
"PPA0781"	352	"SUPERFAMILY"	"SSF81345"	"ABC transporter involved in vitamin B12 uptake, BtuC"	16	344	"4.45E-82"	"IPR037294"	"ABC transporter, BtuC-like"	"-"
"PPA0782"	259	"SUPERFAMILY"	"SSF52540"	"P-loop containing nucleoside triphosphate hydrolases"	2	228	"2.56E-59"	"IPR027417"	"P-loop containing nucleoside triphosphate hydrolase"	"-"
"PPA0783"	569	"SUPERFAMILY"	"SSF90123"	"ABC transporter transmembrane region"	17	291	"5.76E-28"	"IPR036640"	"ABC transporter type 1, transmembrane domain superfamily"	"GO:0005524|GO:0016021"
"PPA0783"	569	"SUPERFAMILY"	"SSF52540"	"P-loop containing nucleoside triphosphate hydrolases"	328	558	"9.61E-63"	"IPR027417"	"P-loop containing nucleoside triphosphate hydrolase"	"-"
"PPA0784"	556	"SUPERFAMILY"	"SSF90123"	"ABC transporter transmembrane region"	12	315	"3.66E-27"	"IPR036640"	"ABC transporter type 1, transmembrane domain superfamily"	"GO:0005524|GO:0016021"
"PPA0784"	556	"SUPERFAMILY"	"SSF52540"	"P-loop containing nucleoside triphosphate hydrolases"	331	552	"4.63E-52"	"IPR027417"	"P-loop containing nucleoside triphosphate hydrolase"	"-"
"PPA0785"	231	"SUPERFAMILY"	"SSF52540"	"P-loop containing nucleoside triphosphate hydrolases"	29	222	"7.85E-35"	"IPR027417"	"P-loop containing nucleoside triphosphate hydrolase"	"-"
"PPA0787"	273	"SUPERFAMILY"	"SSF52540"	"P-loop containing nucleoside triphosphate hydrolases"	33	263	"1.16E-39"	"IPR027417"	"P-loop containing nucleoside triphosphate hydrolase"	"-"
"PPA0788"	600	"SUPERFAMILY"	"SSF52540"	"P-loop containing nucleoside triphosphate hydrolases"	3	258	"1.35E-37"	"IPR027417"	"P-loop containing nucleoside triphosphate hydrolase"	"-"
"PPA0788"	600	"SUPERFAMILY"	"SSF53300"	"vWA-like"	407	522	"7.93E-20"	"IPR036465"	"von Willebrand factor A-like domain superfamily"	"-"
"PPA0792"	265	"SUPERFAMILY"	"SSF52540"	"P-loop containing nucleoside triphosphate hydrolases"	4	233	"4.79E-64"	"IPR027417"	"P-loop containing nucleoside triphosphate hydrolase"	"-"
"PPA0793"	270	"SUPERFAMILY"	"SSF81345"	"ABC transporter involved in vitamin B12 uptake, BtuC"	2	268	"1.27E-71"	"IPR037294"	"ABC transporter, BtuC-like"	"-"
"PPA0794"	259	"SUPERFAMILY"	"SSF53807"	"Helical backbone metal receptor"	18	253	"1.53E-44"	"-"	"-"	""
"PPA0796"	91	"SUPERFAMILY"	"SSF52540"	"P-loop containing nucleoside triphosphate hydrolases"	1	90	"3.33E-27"	"IPR027417"	"P-loop containing nucleoside triphosphate hydrolase"	"-"
"PPA0797"	93	"SUPERFAMILY"	"SSF52540"	"P-loop containing nucleoside triphosphate hydrolases"	1	93	"9.61E-24"	"IPR027417"	"P-loop containing nucleoside triphosphate hydrolase"	"-"
"PPA0803"	701	"SUPERFAMILY"	"SSF46600"	"C-terminal UvrC-binding domain of UvrB"	648	695	"5.75E-10"	"IPR036876"	"UVR domain superfamily"	"-"
"PPA0803"	701	"SUPERFAMILY"	"SSF52540"	"P-loop containing nucleoside triphosphate hydrolases"	41	599	"1.15E-35"	"IPR027417"	"P-loop containing nucleoside triphosphate hydrolase"	"-"
"PPA0803"	701	"SUPERFAMILY"	"SSF52540"	"P-loop containing nucleoside triphosphate hydrolases"	13	422	"0.0"	"IPR027417"	"P-loop containing nucleoside triphosphate hydrolase"	"-"
"PPA0805"	218	"SUPERFAMILY"	"SSF56281"	"Metallo-hydrolase/oxidoreductase"	26	214	"1.0E-33"	"IPR036866"	"Ribonuclease Z/Hydroxyacylglutathione hydrolase-like"	"-"
"PPA0806"	247	"SUPERFAMILY"	"SSF55718"	"SCP-like"	170	240	"4.0E-5"	"IPR036527"	"SCP2 sterol-binding domain superfamily"	"-"
"PPA0806"	247	"SUPERFAMILY"	"SSF109854"	"DinB/YfiT-like putative metalloenzymes"	11	167	"4.58E-31"	"IPR034660"	"DinB/YfiT-like putative metalloenzymes"	"-"
"PPA0807"	989	"SUPERFAMILY"	"SSF52540"	"P-loop containing nucleoside triphosphate hydrolases"	626	921	"1.66E-51"	"IPR027417"	"P-loop containing nucleoside triphosphate hydrolase"	"-"
"PPA0807"	989	"SUPERFAMILY"	"SSF52540"	"P-loop containing nucleoside triphosphate hydrolases"	13	578	"6.37E-47"	"IPR027417"	"P-loop containing nucleoside triphosphate hydrolase"	"-"
"PPA0808"	135	"SUPERFAMILY"	"SSF50022"	"ISP domain"	41	132	"3.54E-23"	"IPR036922"	"Rieske [2Fe-2S] iron-sulphur domain superfamily"	"GO:0051537"
"PPA0809"	248	"SUPERFAMILY"	"SSF53254"	"Phosphoglycerate mutase-like"	1	228	"5.89E-35"	"IPR029033"	"Histidine phosphatase superfamily"	"-"
"PPA0812"	686	"SUPERFAMILY"	"SSF82771"	"GIY-YIG endonuclease"	31	115	"6.15E-23"	"IPR035901"	"GIY-YIG endonuclease superfamily"	"-"
"PPA0812"	686	"SUPERFAMILY"	"SSF47781"	"RuvA domain 2-like"	567	669	"4.77E-25"	"IPR010994"	"RuvA domain 2-like"	"-"
"PPA0812"	686	"SUPERFAMILY"	"SSF46600"	"C-terminal UvrC-binding domain of UvrB"	208	259	"2.35E-13"	"IPR036876"	"UVR domain superfamily"	"-"
"PPA0813"	291	"SUPERFAMILY"	"SSF52540"	"P-loop containing nucleoside triphosphate hydrolases"	8	161	"1.81E-13"	"IPR027417"	"P-loop containing nucleoside triphosphate hydrolase"	"-"
"PPA0814"	322	"SUPERFAMILY"	"SSF142338"	"CofD-like"	12	313	"7.98E-82"	"IPR038136"	"CofD-like domain superfamily"	"-"
"PPA0816"	335	"SUPERFAMILY"	"SSF51735"	"NAD(P)-binding Rossmann-fold domains"	1	180	"1.41E-66"	"IPR036291"	"NAD(P)-binding domain superfamily"	"-"
"PPA0816"	335	"SUPERFAMILY"	"SSF55347"	"Glyceraldehyde-3-phosphate dehydrogenase-like, C-terminal domain"	152	313	"1.64E-73"	"-"	"-"	""
"PPA0817"	402	"SUPERFAMILY"	"SSF53748"	"Phosphoglycerate kinase"	2	400	"0.0"	"IPR036043"	"Phosphoglycerate kinase superfamily"	"GO:0004618|GO:0006096"
"PPA0818"	259	"SUPERFAMILY"	"SSF51351"	"Triosephosphate isomerase (TIM)"	1	257	"5.37E-90"	"IPR035990"	"Triosephosphate isomerase superfamily"	"GO:0004807"
"PPA0821"	481	"SUPERFAMILY"	"SSF53623"	"MurD-like peptide ligases, catalytic domain"	4	295	"3.97E-91"	"IPR036565"	"Mur-like, catalytic domain superfamily"	"GO:0005524|GO:0009058"
"PPA0821"	481	"SUPERFAMILY"	"SSF53244"	"MurD-like peptide ligases, peptide-binding domain"	299	435	"1.19E-20"	"IPR036615"	"Mur ligase, C-terminal domain superfamily"	"GO:0005524|GO:0009058|GO:0016874"
"PPA0823"	142	"SUPERFAMILY"	"SSF54919"	"Nucleoside diphosphate kinase, NDK"	9	140	"3.54E-49"	"IPR036850"	"Nucleoside diphosphate kinase-like domain superfamily"	"-"
"PPA0824"	650	"SUPERFAMILY"	"SSF102114"	"Radical SAM enzymes"	228	635	"1.96E-51"	"-"	"-"	""
"PPA0826"	874	"SUPERFAMILY"	"SSF50249"	"Nucleic acid-binding proteins"	465	548	"2.9E-16"	"IPR012340"	"Nucleic acid-binding, OB-fold"	"-"
"PPA0827"	102	"SUPERFAMILY"	"SSF141091"	"L21p-like"	1	100	"4.58E-31"	"IPR036164"	"L21-like superfamily"	"-"
"PPA0829"	89	"SUPERFAMILY"	"SSF110324"	"Ribosomal L27 protein-like"	2	80	"4.19E-31"	"-"	"-"	""
"PPA0831"	202	"SUPERFAMILY"	"SSF46689"	"Homeodomain-like"	6	72	"1.85E-15"	"IPR009057"	"Homeobox-like domain superfamily"	"-"
"PPA0832"	587	"SUPERFAMILY"	"SSF103473"	"MFS general substrate transporter"	14	510	"1.44E-72"	"IPR036259"	"MFS transporter superfamily"	"-"
"PPA0833"	505	"SUPERFAMILY"	"SSF102741"	"Obg GTP-binding protein C-terminal domain"	362	435	"1.31E-16"	"IPR036346"	"GTP-binding protein OBG, C-terminal domain superfamily"	"-"
"PPA0833"	505	"SUPERFAMILY"	"SSF82051"	"Obg GTP-binding protein N-terminal domain"	6	161	"3.92E-49"	"IPR036726"	"GTP1/OBG domain superfamily"	"-"
"PPA0833"	505	"SUPERFAMILY"	"SSF52540"	"P-loop containing nucleoside triphosphate hydrolases"	164	349	"5.3E-49"	"IPR027417"	"P-loop containing nucleoside triphosphate hydrolase"	"-"
"PPA0834"	411	"SUPERFAMILY"	"SSF88697"	"PUA domain-like"	299	389	"1.22E-21"	"IPR015947"	"PUA-like superfamily"	"-"
"PPA0834"	411	"SUPERFAMILY"	"SSF53633"	"Carbamate kinase-like"	33	279	"6.41E-57"	"IPR036393"	"Acetylglutamate kinase-like superfamily"	"-"
"PPA0835"	415	"SUPERFAMILY"	"SSF53720"	"ALDH-like"	10	414	"2.23E-105"	"IPR016161"	"Aldehyde/histidinol dehydrogenase"	"GO:0016491"
"PPA0836"	290	"SUPERFAMILY"	"SSF52374"	"Nucleotidylyl transferase"	84	279	"1.28E-50"	"-"	"-"	""
"PPA0837"	134	"SUPERFAMILY"	"SSF81301"	"Nucleotidyltransferase"	8	118	"2.62E-36"	"IPR043519"	"Nucleotidyltransferase superfamily"	"-"
"PPA0838"	195	"SUPERFAMILY"	"SSF53254"	"Phosphoglycerate mutase-like"	2	162	"3.34E-38"	"IPR029033"	"Histidine phosphatase superfamily"	"-"
"PPA0839"	494	"SUPERFAMILY"	"SSF55846"	"N-acetylmuramoyl-L-alanine amidase-like"	233	368	"1.01E-14"	"IPR036505"	"N-acetylmuramoyl-L-alanine amidase/PGRP domain superfamily"	"GO:0008745|GO:0009253"
"PPA0842"	78	"SUPERFAMILY"	"SSF46689"	"Homeodomain-like"	2	40	"4.72E-5"	"IPR009057"	"Homeobox-like domain superfamily"	"-"
"PPA0843"	131	"SUPERFAMILY"	"SSF52540"	"P-loop containing nucleoside triphosphate hydrolases"	9	49	"2.19E-5"	"IPR027417"	"P-loop containing nucleoside triphosphate hydrolase"	"-"
"PPA0844"	199	"SUPERFAMILY"	"SSF52540"	"P-loop containing nucleoside triphosphate hydrolases"	42	100	"3.06E-11"	"IPR027417"	"P-loop containing nucleoside triphosphate hydrolase"	"-"
"PPA0845"	177	"SUPERFAMILY"	"SSF52540"	"P-loop containing nucleoside triphosphate hydrolases"	5	167	"5.91E-20"	"IPR027417"	"P-loop containing nucleoside triphosphate hydrolase"	"-"
"PPA0846"	101	"SUPERFAMILY"	"SSF55464"	"Origin of replication-binding domain, RBD-like"	8	87	"5.49E-16"	"-"	"-"	""
"PPA0847"	89	"SUPERFAMILY"	"SSF55464"	"Origin of replication-binding domain, RBD-like"	25	88	"2.61E-19"	"-"	"-"	""
"PPA0848"	124	"SUPERFAMILY"	"SSF55464"	"Origin of replication-binding domain, RBD-like"	4	86	"2.79E-14"	"-"	"-"	""
"PPA0849"	563	"SUPERFAMILY"	"SSF52540"	"P-loop containing nucleoside triphosphate hydrolases"	225	437	"5.31E-15"	"IPR027417"	"P-loop containing nucleoside triphosphate hydrolase"	"-"
"PPA0849"	563	"SUPERFAMILY"	"SSF52540"	"P-loop containing nucleoside triphosphate hydrolases"	108	252	"1.25E-15"	"IPR027417"	"P-loop containing nucleoside triphosphate hydrolase"	"-"
"PPA0850"	165	"SUPERFAMILY"	"SSF102405"	"MCP/YpsA-like"	92	163	"1.05E-5"	"-"	"-"	""
"PPA0851"	535	"SUPERFAMILY"	"SSF52540"	"P-loop containing nucleoside triphosphate hydrolases"	1	325	"4.83E-22"	"IPR027417"	"P-loop containing nucleoside triphosphate hydrolase"	"-"
"PPA0852"	562	"SUPERFAMILY"	"SSF52540"	"P-loop containing nucleoside triphosphate hydrolases"	19	536	"8.2E-67"	"IPR027417"	"P-loop containing nucleoside triphosphate hydrolase"	"-"
"PPA0869"	168	"SUPERFAMILY"	"SSF51621"	"Phosphoenolpyruvate/pyruvate domain"	2	80	"1.48E-29"	"IPR015813"	"Pyruvate/Phosphoenolpyruvate kinase-like domain superfamily"	"GO:0003824"
"PPA0870"	103	"SUPERFAMILY"	"SSF51621"	"Phosphoenolpyruvate/pyruvate domain"	1	101	"3.14E-38"	"IPR015813"	"Pyruvate/Phosphoenolpyruvate kinase-like domain superfamily"	"GO:0003824"
"PPA0875"	462	"SUPERFAMILY"	"SSF53383"	"PLP-dependent transferases"	107	460	"7.12E-64"	"IPR015424"	"Pyridoxal phosphate-dependent transferase"	"-"
"PPA0875"	462	"SUPERFAMILY"	"SSF46785"	"Winged helix DNA-binding domain"	22	91	"3.27E-14"	"IPR036390"	"Winged helix DNA-binding domain superfamily"	"-"
"PPA0877"	779	"SUPERFAMILY"	"SSF52540"	"P-loop containing nucleoside triphosphate hydrolases"	473	743	"5.97E-32"	"IPR027417"	"P-loop containing nucleoside triphosphate hydrolase"	"-"
"PPA0877"	779	"SUPERFAMILY"	"SSF52540"	"P-loop containing nucleoside triphosphate hydrolases"	18	426	"2.67E-31"	"IPR027417"	"P-loop containing nucleoside triphosphate hydrolase"	"-"
"PPA0878"	314	"SUPERFAMILY"	"SSF100950"	"NagB/RpiA/CoA transferase-like"	57	312	"2.51E-60"	"IPR037171"	"NagB/RpiA transferase-like"	"-"
"PPA0878"	314	"SUPERFAMILY"	"SSF46785"	"Winged helix DNA-binding domain"	16	61	"7.83E-5"	"IPR036390"	"Winged helix DNA-binding domain superfamily"	"-"
"PPA0879"	330	"SUPERFAMILY"	"SSF51556"	"Metallo-dependent hydrolases"	3	325	"7.53E-76"	"IPR032466"	"Metal-dependent hydrolase"	"-"
"PPA0880"	217	"SUPERFAMILY"	"SSF51366"	"Ribulose-phoshate binding barrel"	2	215	"5.89E-34"	"IPR011060"	"Ribulose-phosphate binding barrel"	"-"
"PPA0881"	295	"SUPERFAMILY"	"SSF51658"	"Xylose isomerase-like"	25	271	"6.42E-44"	"IPR036237"	"Xylose isomerase-like superfamily"	"-"
"PPA0882"	222	"SUPERFAMILY"	"SSF53639"	"AraD/HMP-PK domain-like"	1	206	"2.35E-63"	"IPR036409"	"Class II aldolase/adducin N-terminal domain superfamily"	"-"
"PPA0883"	316	"SUPERFAMILY"	"SSF53613"	"Ribokinase-like"	1	305	"7.48E-59"	"IPR029056"	"Ribokinase-like"	"-"
"PPA0884"	452	"SUPERFAMILY"	"SSF103473"	"MFS general substrate transporter"	13	450	"6.67E-73"	"IPR036259"	"MFS transporter superfamily"	"-"
"PPA0885"	342	"SUPERFAMILY"	"SSF53613"	"Ribokinase-like"	82	333	"1.86E-54"	"IPR029056"	"Ribokinase-like"	"-"
"PPA0886"	270	"SUPERFAMILY"	"SSF51391"	"Thiamin phosphate synthase"	59	266	"6.93E-58"	"IPR036206"	"Thiamin phosphate synthase superfamily"	"-"
"PPA0887"	322	"SUPERFAMILY"	"SSF56327"	"LDH C-terminal domain-like"	153	320	"2.74E-48"	"IPR015955"	"Lactate dehydrogenase/glycoside hydrolase, family 4, C-terminal"	"GO:0003824|GO:0016616"
"PPA0887"	322	"SUPERFAMILY"	"SSF51735"	"NAD(P)-binding Rossmann-fold domains"	11	154	"1.56E-45"	"IPR036291"	"NAD(P)-binding domain superfamily"	"-"
"PPA0888"	568	"SUPERFAMILY"	"SSF51735"	"NAD(P)-binding Rossmann-fold domains"	278	565	"1.08E-87"	"IPR036291"	"NAD(P)-binding domain superfamily"	"-"
"PPA0888"	568	"SUPERFAMILY"	"SSF53223"	"Aminoacid dehydrogenase-like, N-terminal domain"	10	277	"2.81E-101"	"IPR046346"	"Aminoacid dehydrogenase-like, N-terminal domain superfamily"	"-"
"PPA0893"	826	"SUPERFAMILY"	"SSF52374"	"Nucleotidylyl transferase"	11	630	"0.0"	"-"	"-"	""
"PPA0893"	826	"SUPERFAMILY"	"SSF50677"	"ValRS/IleRS/LeuRS editing domain"	233	424	"8.58E-51"	"IPR009008"	"Valyl/Leucyl/Isoleucyl-tRNA synthetase, editing domain"	"GO:0002161|GO:0006418"
"PPA0893"	826	"SUPERFAMILY"	"SSF47323"	"Anticodon-binding domain of a subclass of class I aminoacyl-tRNA synthetases"	638	817	"1.23E-25"	"IPR009080"	"Aminoacyl-tRNA synthetase, class Ia, anticodon-binding"	"GO:0000166|GO:0004812|GO:0005524|GO:0006418"
"PPA0894"	283	"SUPERFAMILY"	"SSF47781"	"RuvA domain 2-like"	207	283	"5.11E-26"	"IPR010994"	"RuvA domain 2-like"	"-"
"PPA0895"	784	"SUPERFAMILY"	"SSF56281"	"Metallo-hydrolase/oxidoreductase"	525	780	"1.04E-31"	"IPR036866"	"Ribonuclease Z/Hydroxyacylglutathione hydrolase-like"	"-"
"PPA0896"	569	"SUPERFAMILY"	"SSF52540"	"P-loop containing nucleoside triphosphate hydrolases"	117	371	"1.35E-13"	"IPR027417"	"P-loop containing nucleoside triphosphate hydrolase"	"-"
"PPA0896"	569	"SUPERFAMILY"	"SSF52540"	"P-loop containing nucleoside triphosphate hydrolases"	2	164	"2.77E-25"	"IPR027417"	"P-loop containing nucleoside triphosphate hydrolase"	"-"
"PPA0897"	321	"SUPERFAMILY"	"SSF48019"	"post-AAA+ oligomerization domain-like"	197	315	"1.7E-12"	"IPR008921"	"DNA polymerase III, clamp loader complex, gamma/delta/delta subunit, C-terminal"	"GO:0003677|GO:0006260"
"PPA0897"	321	"SUPERFAMILY"	"SSF52540"	"P-loop containing nucleoside triphosphate hydrolases"	8	191	"6.9E-11"	"IPR027417"	"P-loop containing nucleoside triphosphate hydrolase"	"-"
"PPA0898"	88	"SUPERFAMILY"	"SSF46992"	"Ribosomal protein S20"	3	86	"1.05E-27"	"IPR036510"	"Ribosomal protein S20 superfamily"	"GO:0003723|GO:0003735|GO:0005840|GO:0006412"
"PPA0901"	611	"SUPERFAMILY"	"SSF54980"	"EF-G C-terminal domain-like"	300	379	"6.83E-19"	"IPR035647"	"EF-G domain III/V-like"	"-"
"PPA0901"	611	"SUPERFAMILY"	"SSF54980"	"EF-G C-terminal domain-like"	408	503	"2.4E-22"	"IPR035647"	"EF-G domain III/V-like"	"-"
"PPA0901"	611	"SUPERFAMILY"	"SSF52540"	"P-loop containing nucleoside triphosphate hydrolases"	10	233	"7.34E-56"	"IPR027417"	"P-loop containing nucleoside triphosphate hydrolase"	"-"
"PPA0902"	335	"SUPERFAMILY"	"SSF51604"	"Enolase C-terminal domain-like"	85	299	"1.57E-46"	"IPR036849"	"Enolase-like, C-terminal domain superfamily"	"-"
"PPA0903"	538	"SUPERFAMILY"	"SSF52518"	"Thiamin diphosphate-binding fold (THDP-binding)"	35	216	"2.4E-28"	"IPR029061"	"Thiamin diphosphate-binding fold"	"-"
"PPA0903"	538	"SUPERFAMILY"	"SSF52518"	"Thiamin diphosphate-binding fold (THDP-binding)"	367	519	"1.88E-13"	"IPR029061"	"Thiamin diphosphate-binding fold"	"-"
"PPA0904"	451	"SUPERFAMILY"	"SSF56322"	"ADC synthase"	47	440	"9.94E-69"	"IPR005801"	"ADC synthase"	"GO:0009058"
"PPA0906"	416	"SUPERFAMILY"	"SSF56801"	"Acetyl-CoA synthetase-like"	18	407	"5.63E-55"	"-"	"-"	""
"PPA0907"	329	"SUPERFAMILY"	"SSF52096"	"ClpP/crotonase"	50	326	"5.27E-67"	"IPR029045"	"ClpP/crotonase-like domain superfamily"	"-"
"PPA0908"	250	"SUPERFAMILY"	"SSF144091"	"Rhomboid-like"	77	247	"1.57E-26"	"IPR035952"	"Rhomboid-like superfamily"	"-"
"PPA0909"	222	"SUPERFAMILY"	"SSF56801"	"Acetyl-CoA synthetase-like"	1	222	"5.89E-61"	"-"	"-"	""
"PPA0910"	61	"SUPERFAMILY"	"SSF56801"	"Acetyl-CoA synthetase-like"	5	59	"3.66E-10"	"-"	"-"	""
"PPA0911"	393	"SUPERFAMILY"	"SSF102114"	"Radical SAM enzymes"	11	392	"9.68E-109"	"-"	"-"	""
"PPA0913"	253	"SUPERFAMILY"	"SSF56655"	"Carbohydrate phosphatase"	14	252	"1.24E-46"	"-"	"-"	""
"PPA0914"	262	"SUPERFAMILY"	"SSF56281"	"Metallo-hydrolase/oxidoreductase"	35	246	"2.23E-39"	"IPR036866"	"Ribonuclease Z/Hydroxyacylglutathione hydrolase-like"	"-"
"PPA0915"	339	"SUPERFAMILY"	"SSF55781"	"GAF domain-like"	71	337	"6.87E-52"	"-"	"-"	""
"PPA0915"	339	"SUPERFAMILY"	"SSF46785"	"Winged helix DNA-binding domain"	1	81	"3.95E-24"	"IPR036390"	"Winged helix DNA-binding domain superfamily"	"-"
"PPA0916"	392	"SUPERFAMILY"	"SSF49493"	"HSP40/DnaJ peptide-binding domain"	113	266	"8.11E-18"	"IPR008971"	"HSP40/DnaJ peptide-binding"	"GO:0006457|GO:0051082"
"PPA0916"	392	"SUPERFAMILY"	"SSF46565"	"Chaperone J-domain"	4	103	"5.36E-31"	"IPR036869"	"Chaperone J-domain superfamily"	"-"
"PPA0916"	392	"SUPERFAMILY"	"SSF57938"	"DnaJ/Hsp40 cysteine-rich domain"	134	214	"3.14E-19"	"IPR036410"	"Heat shock protein DnaJ, cysteine-rich domain superfamily"	"-"
"PPA0916"	392	"SUPERFAMILY"	"SSF49493"	"HSP40/DnaJ peptide-binding domain"	262	358	"9.29E-19"	"IPR008971"	"HSP40/DnaJ peptide-binding"	"GO:0006457|GO:0051082"
"PPA0917"	246	"SUPERFAMILY"	"SSF88697"	"PUA domain-like"	14	72	"1.29E-10"	"IPR015947"	"PUA-like superfamily"	"-"
"PPA0917"	246	"SUPERFAMILY"	"SSF75217"	"alpha/beta knot"	78	240	"5.76E-41"	"IPR029028"	"Alpha/beta knot methyltransferases"	"-"
"PPA0918"	348	"SUPERFAMILY"	"SSF50129"	"GroES-like"	1	176	"1.48E-45"	"IPR011032"	"GroES-like superfamily"	"-"
"PPA0918"	348	"SUPERFAMILY"	"SSF51735"	"NAD(P)-binding Rossmann-fold domains"	142	316	"2.01E-30"	"IPR036291"	"NAD(P)-binding domain superfamily"	"-"
"PPA0919"	635	"SUPERFAMILY"	"SSF55804"	"Phoshotransferase/anion transport protein"	494	630	"1.06E-35"	"IPR016152"	"Phosphotransferase/anion transporter"	"-"
"PPA0919"	635	"SUPERFAMILY"	"SSF52794"	"PTS system IIB component-like"	377	462	"3.66E-17"	"IPR036095"	"PTS system IIB component-like superfamily"	"GO:0008982|GO:0009401"
"PPA0921"	716	"SUPERFAMILY"	"SSF53271"	"PRTase-like"	579	713	"3.27E-7"	"IPR029057"	"Phosphoribosyltransferase-like"	"-"
"PPA0921"	716	"SUPERFAMILY"	"SSF52540"	"P-loop containing nucleoside triphosphate hydrolases"	77	369	"1.55E-52"	"IPR027417"	"P-loop containing nucleoside triphosphate hydrolase"	"-"
"PPA0922"	405	"SUPERFAMILY"	"SSF51161"	"Trimeric LpxA-like enzymes"	39	230	"1.7E-10"	"IPR011004"	"Trimeric LpxA-like superfamily"	"-"
"PPA0923"	279	"SUPERFAMILY"	"SSF103481"	"Multidrug resistance efflux transporter EmrE"	36	126	"1.2E-8"	"-"	"-"	""
"PPA0923"	279	"SUPERFAMILY"	"SSF103481"	"Multidrug resistance efflux transporter EmrE"	177	277	"1.96E-8"	"-"	"-"	""
"PPA0924"	413	"SUPERFAMILY"	"SSF51713"	"tRNA-guanine transglycosylase"	1	402	"2.88E-125"	"IPR036511"	"Queuine tRNA-ribosyltransferase-like"	"GO:0006400|GO:0016763"
"PPA0925"	449	"SUPERFAMILY"	"SSF55874"	"ATPase domain of HSP90 chaperone/DNA topoisomerase II/histidine kinase"	334	434	"1.51E-15"	"IPR036890"	"Histidine kinase/HSP90-like ATPase superfamily"	"-"
"PPA0926"	218	"SUPERFAMILY"	"SSF46894"	"C-terminal effector domain of the bipartite response regulators"	143	211	"6.12E-21"	"IPR016032"	"Signal transduction response regulator, C-terminal effector"	"GO:0003677|GO:0006355"
"PPA0926"	218	"SUPERFAMILY"	"SSF52172"	"CheY-like"	1	130	"3.27E-33"	"IPR011006"	"CheY-like superfamily"	"-"
"PPA0927"	306	"SUPERFAMILY"	"SSF52540"	"P-loop containing nucleoside triphosphate hydrolases"	26	226	"2.9E-55"	"IPR027417"	"P-loop containing nucleoside triphosphate hydrolase"	"-"
"PPA0932"	307	"SUPERFAMILY"	"SSF53474"	"alpha/beta-Hydrolases"	13	305	"4.24E-53"	"IPR029058"	"Alpha/Beta hydrolase fold"	"-"
"PPA0934"	240	"SUPERFAMILY"	"SSF56112"	"Protein kinase-like (PK-like)"	56	146	"2.92E-10"	"IPR011009"	"Protein kinase-like domain superfamily"	"-"
"PPA0936"	339	"SUPERFAMILY"	"SSF52540"	"P-loop containing nucleoside triphosphate hydrolases"	117	277	"1.28E-37"	"IPR027417"	"P-loop containing nucleoside triphosphate hydrolase"	"-"
"PPA0937"	155	"SUPERFAMILY"	"SSF55486"	"Metalloproteases (zincins), catalytic domain"	5	149	"8.79E-34"	"-"	"-"	""
"PPA0938"	432	"SUPERFAMILY"	"SSF54631"	"CBS-domain pair"	198	344	"5.18E-33"	"IPR046342"	"CBS domain superfamily"	"-"
"PPA0938"	432	"SUPERFAMILY"	"SSF56176"	"FAD-binding/transporter-associated domain-like"	341	428	"7.91E-15"	"IPR036318"	"FAD-binding, type PCMH-like superfamily"	"GO:0050660"
"PPA0939"	340	"SUPERFAMILY"	"SSF54814"	"Prokaryotic type KH domain (KH-domain type II)"	221	340	"1.34E-32"	"IPR009019"	"K homology domain superfamily, prokaryotic type"	"GO:0003723"
"PPA0939"	340	"SUPERFAMILY"	"SSF52540"	"P-loop containing nucleoside triphosphate hydrolases"	43	252	"2.97E-38"	"IPR027417"	"P-loop containing nucleoside triphosphate hydrolase"	"-"
"PPA0940"	496	"SUPERFAMILY"	"SSF51338"	"Composite domain of metallo-dependent hydrolases"	1	71	"2.23E-7"	"IPR011059"	"Metal-dependent hydrolase, composite domain superfamily"	"GO:0016810"
"PPA0940"	496	"SUPERFAMILY"	"SSF51556"	"Metallo-dependent hydrolases"	57	450	"1.55E-31"	"IPR032466"	"Metal-dependent hydrolase"	"-"
"PPA0941"	581	"SUPERFAMILY"	"SSF110921"	"2-isopropylmalate synthase LeuA, allosteric (dimerisation) domain"	463	571	"1.01E-34"	"IPR036230"	"2-isopropylmalate synthase LeuA, allosteric (dimerisation) domain  superfamily"	"-"
"PPA0941"	581	"SUPERFAMILY"	"SSF51569"	"Aldolase"	31	340	"2.93E-94"	"-"	"-"	""
"PPA0941"	581	"SUPERFAMILY"	"SSF89000"	"post-HMGL domain-like"	408	458	"2.79E-15"	"-"	"-"	""
"PPA0942"	268	"SUPERFAMILY"	"SSF64005"	"Undecaprenyl diphosphate synthase"	30	253	"1.15E-83"	"IPR036424"	"Decaprenyl diphosphate synthase-like superfamily"	"GO:0016765"
"PPA0944"	246	"SUPERFAMILY"	"SSF50249"	"Nucleic acid-binding proteins"	1	79	"1.06E-19"	"IPR012340"	"Nucleic acid-binding, OB-fold"	"-"
"PPA0944"	246	"SUPERFAMILY"	"SSF57863"	"ArfGap/RecO-like zinc finger"	82	236	"1.31E-38"	"IPR037278"	"ARFGAP/RecO-like zinc finger"	"-"
"PPA0945"	387	"SUPERFAMILY"	"SSF55874"	"ATPase domain of HSP90 chaperone/DNA topoisomerase II/histidine kinase"	259	366	"4.4E-8"	"IPR036890"	"Histidine kinase/HSP90-like ATPase superfamily"	"-"
"PPA0947"	223	"SUPERFAMILY"	"SSF46894"	"C-terminal effector domain of the bipartite response regulators"	152	217	"5.1E-15"	"IPR016032"	"Signal transduction response regulator, C-terminal effector"	"GO:0003677|GO:0006355"
"PPA0947"	223	"SUPERFAMILY"	"SSF52172"	"CheY-like"	2	132	"5.83E-33"	"IPR011006"	"CheY-like superfamily"	"-"
"PPA0948"	137	"SUPERFAMILY"	"SSF46785"	"Winged helix DNA-binding domain"	3	126	"7.35E-31"	"IPR036390"	"Winged helix DNA-binding domain superfamily"	"-"
"PPA0949"	506	"SUPERFAMILY"	"SSF55681"	"Class II aaRS and biotin synthetases"	49	415	"9.21E-123"	"IPR045864"	"Class II Aminoacyl-tRNA synthetase/Biotinyl protein ligase (BPL) and lipoyl protein ligase (LPL)"	"-"
"PPA0949"	506	"SUPERFAMILY"	"SSF52954"	"Class II aaRS ABD-related"	399	502	"6.8E-33"	"-"	"-"	""
"PPA0950"	256	"SUPERFAMILY"	"SSF81343"	"Fumarate reductase respiratory complex transmembrane subunits"	22	253	"1.96E-39"	"IPR034804"	"Fumarate reductase/succinate dehydrogenase, transmembrane subunit"	"GO:0016020"
"PPA0951"	710	"SUPERFAMILY"	"SSF56425"	"Succinate dehydrogenase/fumarate reductase flavoprotein, catalytic domain"	334	476	"2.24E-32"	"IPR027477"	"Succinate dehydrogenase/fumarate reductase flavoprotein, catalytic domain superfamily"	"-"
"PPA0951"	710	"SUPERFAMILY"	"SSF46977"	"Succinate dehydrogenase/fumarate reductase flavoprotein C-terminal domain"	568	709	"7.19E-36"	"IPR037099"	"Fumarate reductase/succinate dehydrogenase flavoprotein-like, C-terminal domain superfamily"	"GO:0016491"
"PPA0951"	710	"SUPERFAMILY"	"SSF51905"	"FAD/NAD(P)-binding domain"	106	522	"3.18E-45"	"IPR036188"	"FAD/NAD(P)-binding domain superfamily"	"-"
"PPA0952"	252	"SUPERFAMILY"	"SSF54292"	"2Fe-2S ferredoxin-like"	2	116	"7.34E-19"	"IPR036010"	"2Fe-2S ferredoxin-like superfamily"	"GO:0051536"
"PPA0952"	252	"SUPERFAMILY"	"SSF46548"	"alpha-helical ferredoxin"	130	240	"3.49E-21"	"-"	"-"	""
"PPA0953"	588	"SUPERFAMILY"	"SSF52733"	"Nicotinate mononucleotide:5,6-dimethylbenzimidazole phosphoribosyltransferase (CobT)"	260	576	"9.94E-70"	"IPR036087"	"Nicotinate-nucleotide-dimethylbenzimidazole phosphoribosyltransferase-like superfamily"	"GO:0008939"
"PPA0953"	588	"SUPERFAMILY"	"SSF55469"	"FMN-dependent nitroreductase-like"	47	252	"3.4E-49"	"IPR000415"	"Nitroreductase-like"	"GO:0016491"
"PPA0954"	411	"SUPERFAMILY"	"SSF51395"	"FMN-linked oxidoreductases"	51	358	"1.26E-76"	"-"	"-"	""
"PPA0955"	369	"SUPERFAMILY"	"SSF109604"	"HD-domain/PDEase-like"	68	352	"1.55E-56"	"-"	"-"	""
"PPA0957"	623	"SUPERFAMILY"	"SSF57783"	"Zinc beta-ribbon"	10	104	"3.06E-32"	"-"	"-"	""
"PPA0957"	623	"SUPERFAMILY"	"SSF56731"	"DNA primase core"	122	431	"6.02E-86"	"-"	"-"	""
"PPA0958"	270	"SUPERFAMILY"	"SSF88659"	"Sigma3 and sigma4 domains of RNA polymerase sigma factors"	210	266	"1.23E-11"	"IPR013324"	"RNA polymerase sigma factor, region 3/4-like"	"-"
"PPA0958"	270	"SUPERFAMILY"	"SSF88946"	"Sigma2 domain of RNA polymerase sigma factors"	3	130	"3.14E-25"	"IPR013325"	"RNA polymerase sigma factor, region 2"	"GO:0003700|GO:0006352|GO:0006355"
"PPA0960"	326	"SUPERFAMILY"	"SSF51679"	"Bacterial luciferase-like"	1	324	"1.57E-58"	"IPR036661"	"Luciferase-like domain superfamily"	"GO:0016705"
"PPA0961"	467	"SUPERFAMILY"	"SSF53756"	"UDP-Glycosyltransferase/glycogen phosphorylase"	11	465	"0.0"	"-"	"-"	""
"PPA0962"	352	"SUPERFAMILY"	"SSF56784"	"HAD-like"	95	345	"1.46E-27"	"IPR036412"	"HAD-like superfamily"	"-"
"PPA0963"	311	"SUPERFAMILY"	"SSF53686"	"Tryptophan synthase beta subunit-like PLP-dependent enzymes"	3	306	"1.57E-100"	"IPR036052"	"Tryptophan synthase beta subunit-like PLP-dependent enzyme"	"-"
"PPA0964"	470	"SUPERFAMILY"	"SSF53383"	"PLP-dependent transferases"	79	462	"1.6E-70"	"IPR015424"	"Pyridoxal phosphate-dependent transferase"	"-"
"PPA0964"	470	"SUPERFAMILY"	"SSF46785"	"Winged helix DNA-binding domain"	15	85	"1.19E-16"	"IPR036390"	"Winged helix DNA-binding domain superfamily"	"-"
"PPA0965"	304	"SUPERFAMILY"	"SSF51366"	"Ribulose-phoshate binding barrel"	28	277	"8.0E-62"	"IPR011060"	"Ribulose-phosphate binding barrel"	"-"
"PPA0966"	201	"SUPERFAMILY"	"SSF52317"	"Class I glutamine amidotransferase-like"	5	197	"3.2E-45"	"IPR029062"	"Class I glutamine amidotransferase-like"	"-"
"PPA0967"	423	"SUPERFAMILY"	"SSF53383"	"PLP-dependent transferases"	3	405	"1.26E-100"	"IPR015424"	"Pyridoxal phosphate-dependent transferase"	"-"
"PPA0968"	234	"SUPERFAMILY"	"SSF52540"	"P-loop containing nucleoside triphosphate hydrolases"	10	221	"3.29E-34"	"IPR027417"	"P-loop containing nucleoside triphosphate hydrolase"	"-"
"PPA0973"	265	"SUPERFAMILY"	"SSF56784"	"HAD-like"	1	264	"9.21E-45"	"IPR036412"	"HAD-like superfamily"	"-"
"PPA0974"	372	"SUPERFAMILY"	"SSF52540"	"P-loop containing nucleoside triphosphate hydrolases"	33	311	"1.38E-41"	"IPR027417"	"P-loop containing nucleoside triphosphate hydrolase"	"-"
"PPA0975"	347	"SUPERFAMILY"	"SSF53300"	"vWA-like"	105	264	"1.78E-5"	"IPR036465"	"von Willebrand factor A-like domain superfamily"	"-"
"PPA0976"	322	"SUPERFAMILY"	"SSF53300"	"vWA-like"	71	283	"3.26E-27"	"IPR036465"	"von Willebrand factor A-like domain superfamily"	"-"
"PPA0977"	318	"SUPERFAMILY"	"SSF53300"	"vWA-like"	83	280	"2.82E-30"	"IPR036465"	"von Willebrand factor A-like domain superfamily"	"-"
"PPA0978"	238	"SUPERFAMILY"	"SSF51419"	"PLP-binding barrel"	1	228	"4.45E-71"	"IPR029066"	"PLP-binding barrel"	"-"
"PPA0980"	423	"SUPERFAMILY"	"SSF53901"	"Thiolase-like"	220	418	"8.64E-60"	"IPR016039"	"Thiolase-like"	"GO:0016746"
"PPA0980"	423	"SUPERFAMILY"	"SSF53901"	"Thiolase-like"	1	258	"3.67E-64"	"IPR016039"	"Thiolase-like"	"GO:0016746"
"PPA0982"	81	"SUPERFAMILY"	"SSF47336"	"ACP-like"	3	80	"6.41E-20"	"IPR036736"	"ACP-like superfamily"	"-"
"PPA0983"	332	"SUPERFAMILY"	"SSF53901"	"Thiolase-like"	12	331	"4.81E-64"	"IPR016039"	"Thiolase-like"	"GO:0016746"
"PPA0984"	333	"SUPERFAMILY"	"SSF55048"	"Probable ACP-binding domain of malonyl-CoA ACP transacylase"	150	201	"1.96E-11"	"IPR016036"	"Malonyl-CoA ACP transacylase, ACP-binding"	"-"
"PPA0984"	333	"SUPERFAMILY"	"SSF52151"	"FabD/lysophospholipase-like"	25	326	"7.06E-62"	"IPR016035"	"Acyl transferase/acyl hydrolase/lysophospholipase"	"-"
"PPA0985"	304	"SUPERFAMILY"	"SSF48179"	"6-phosphogluconate dehydrogenase C-terminal domain-like"	177	299	"9.86E-25"	"IPR008927"	"6-phosphogluconate dehydrogenase-like, C-terminal domain superfamily"	"-"
"PPA0985"	304	"SUPERFAMILY"	"SSF51735"	"NAD(P)-binding Rossmann-fold domains"	1	125	"4.87E-15"	"IPR036291"	"NAD(P)-binding domain superfamily"	"-"
"PPA0986"	121	"SUPERFAMILY"	"SSF53146"	"Nitrogenase accessory factor-like"	1	106	"8.89E-13"	"IPR036105"	"Dinitrogenase iron-molybdenum cofactor biosynthesis superfamily"	"-"
"PPA0987"	481	"SUPERFAMILY"	"SSF103473"	"MFS general substrate transporter"	23	464	"1.44E-64"	"IPR036259"	"MFS transporter superfamily"	"-"
"PPA0989"	917	"SUPERFAMILY"	"SSF52922"	"TK C-terminal domain-like"	722	902	"3.34E-51"	"IPR009014"	"Transketolase C-terminal/Pyruvate-ferredoxin oxidoreductase domain II"	"GO:0003824"
"PPA0989"	917	"SUPERFAMILY"	"SSF52518"	"Thiamin diphosphate-binding fold (THDP-binding)"	490	719	"3.53E-90"	"IPR029061"	"Thiamin diphosphate-binding fold"	"-"
"PPA0989"	917	"SUPERFAMILY"	"SSF52518"	"Thiamin diphosphate-binding fold (THDP-binding)"	70	485	"6.57E-127"	"IPR029061"	"Thiamin diphosphate-binding fold"	"-"
"PPA0990"	302	"SUPERFAMILY"	"SSF51445"	"(Trans)glycosidases"	42	276	"1.53E-56"	"IPR017853"	"Glycoside hydrolase superfamily"	"-"
"PPA0993"	193	"SUPERFAMILY"	"SSF52499"	"Isochorismatase-like hydrolases"	4	193	"2.88E-43"	"IPR036380"	"Isochorismatase-like superfamily"	"-"
"PPA0994"	336	"SUPERFAMILY"	"SSF51430"	"NAD(P)-linked oxidoreductase"	16	334	"6.94E-89"	"IPR036812"	"NADP-dependent oxidoreductase domain superfamily"	"-"
"PPA0995"	191	"SUPERFAMILY"	"SSF53271"	"PRTase-like"	13	179	"1.84E-37"	"IPR029057"	"Phosphoribosyltransferase-like"	"-"
"PPA0997"	314	"SUPERFAMILY"	"SSF53671"	"Aspartate/ornithine carbamoyltransferase"	13	310	"1.24E-87"	"IPR036901"	"Aspartate/ornithine carbamoyltransferase superfamily"	"GO:0006520|GO:0016597|GO:0016743"
"PPA0998"	445	"SUPERFAMILY"	"SSF51556"	"Metallo-dependent hydrolases"	59	372	"3.92E-95"	"IPR032466"	"Metal-dependent hydrolase"	"-"
"PPA0998"	445	"SUPERFAMILY"	"SSF51338"	"Composite domain of metallo-dependent hydrolases"	5	435	"1.03E-19"	"IPR011059"	"Metal-dependent hydrolase, composite domain superfamily"	"GO:0016810"
"PPA0999"	362	"SUPERFAMILY"	"SSF52021"	"Carbamoyl phosphate synthetase, small subunit N-terminal domain"	2	142	"5.36E-52"	"IPR036480"	"Carbamoyl-phosphate synthase small subunit, N-terminal domain superfamily"	"-"
"PPA0999"	362	"SUPERFAMILY"	"SSF52317"	"Class I glutamine amidotransferase-like"	151	354	"2.06E-52"	"IPR029062"	"Class I glutamine amidotransferase-like"	"-"
"PPA1000"	1068	"SUPERFAMILY"	"SSF52440"	"PreATP-grasp domain"	550	668	"6.19E-46"	"IPR016185"	"Pre-ATP-grasp domain superfamily"	"-"
"PPA1000"	1068	"SUPERFAMILY"	"SSF52440"	"PreATP-grasp domain"	1	127	"3.74E-48"	"IPR016185"	"Pre-ATP-grasp domain superfamily"	"-"
"PPA1000"	1068	"SUPERFAMILY"	"SSF56059"	"Glutathione synthetase ATP-binding domain-like"	128	399	"3.54E-105"	"-"	"-"	""
"PPA1000"	1068	"SUPERFAMILY"	"SSF48108"	"Carbamoyl phosphate synthetase, large subunit connection domain"	395	546	"7.85E-48"	"IPR036897"	"Carbamoyl-phosphate synthetase, large subunit oligomerisation domain superfamily"	"-"
"PPA1000"	1068	"SUPERFAMILY"	"SSF56059"	"Glutathione synthetase ATP-binding domain-like"	666	932	"3.54E-94"	"-"	"-"	""
"PPA1000"	1068	"SUPERFAMILY"	"SSF52335"	"Methylglyoxal synthase-like"	935	1056	"4.32E-25"	"IPR036914"	"Methylglyoxal synthase-like domain superfamily"	"-"
"PPA1001"	264	"SUPERFAMILY"	"SSF63380"	"Riboflavin synthase domain-like"	12	103	"5.73E-16"	"IPR017938"	"Riboflavin synthase-like beta-barrel"	"-"
"PPA1001"	264	"SUPERFAMILY"	"SSF52343"	"Ferredoxin reductase-like, C-terminal NADP-linked domain"	98	263	"6.42E-31"	"IPR039261"	"Ferredoxin-NADP reductase (FNR), nucleotide-binding domain"	"-"
"PPA1002"	307	"SUPERFAMILY"	"SSF51395"	"FMN-linked oxidoreductases"	1	301	"1.37E-81"	"-"	"-"	""
"PPA1003"	236	"SUPERFAMILY"	"SSF51366"	"Ribulose-phoshate binding barrel"	2	230	"2.27E-70"	"IPR011060"	"Ribulose-phosphate binding barrel"	"-"
"PPA1004"	216	"SUPERFAMILY"	"SSF53271"	"PRTase-like"	14	214	"5.51E-54"	"IPR029057"	"Phosphoribosyltransferase-like"	"-"
"PPA1005"	268	"SUPERFAMILY"	"SSF56112"	"Protein kinase-like (PK-like)"	18	266	"4.96E-30"	"IPR011009"	"Protein kinase-like domain superfamily"	"-"
"PPA1006"	481	"SUPERFAMILY"	"SSF102114"	"Radical SAM enzymes"	160	408	"1.19E-43"	"-"	"-"	""
"PPA1008"	161	"SUPERFAMILY"	"SSF142433"	"CinA-like"	7	151	"6.02E-42"	"IPR036653"	"CinA-like, C-terminal"	"-"
"PPA1009"	91	"SUPERFAMILY"	"SSF47413"	"lambda repressor-like DNA-binding domains"	5	73	"8.0E-13"	"IPR010982"	"Lambda repressor-like, DNA-binding domain superfamily"	"GO:0003677"
"PPA1010"	267	"SUPERFAMILY"	"SSF46785"	"Winged helix DNA-binding domain"	13	76	"7.75E-12"	"IPR036390"	"Winged helix DNA-binding domain superfamily"	"-"
"PPA1010"	267	"SUPERFAMILY"	"SSF100950"	"NagB/RpiA/CoA transferase-like"	85	242	"2.2E-24"	"IPR037171"	"NagB/RpiA transferase-like"	"-"
"PPA1012"	348	"SUPERFAMILY"	"SSF52540"	"P-loop containing nucleoside triphosphate hydrolases"	7	269	"3.23E-66"	"IPR027417"	"P-loop containing nucleoside triphosphate hydrolase"	"-"
"PPA1012"	348	"SUPERFAMILY"	"SSF54752"	"RecA protein, C-terminal domain"	270	328	"4.19E-21"	"IPR023400"	"DNA recombination and repair protein RecA, C-terminal"	"-"
"PPA1014"	542	"SUPERFAMILY"	"SSF109604"	"HD-domain/PDEase-like"	346	466	"9.42E-26"	"-"	"-"	""
"PPA1014"	542	"SUPERFAMILY"	"SSF54791"	"Eukaryotic type KH-domain (KH-domain type I)"	228	305	"4.95E-14"	"IPR036612"	"K Homology domain, type 1 superfamily"	"GO:0003723"
"PPA1015"	299	"SUPERFAMILY"	"SSF74650"	"Galactose mutarotase-like"	11	297	"2.89E-56"	"IPR011013"	"Galactose mutarotase-like domain superfamily"	"GO:0003824|GO:0005975|GO:0030246"
"PPA1017"	494	"SUPERFAMILY"	"SSF102114"	"Radical SAM enzymes"	144	383	"1.96E-57"	"-"	"-"	""
"PPA1019"	319	"SUPERFAMILY"	"SSF52540"	"P-loop containing nucleoside triphosphate hydrolases"	12	158	"2.83E-12"	"IPR027417"	"P-loop containing nucleoside triphosphate hydrolase"	"-"
"PPA1020"	273	"SUPERFAMILY"	"SSF54506"	"Diaminopimelate epimerase-like"	133	268	"1.08E-32"	"-"	"-"	""
"PPA1020"	273	"SUPERFAMILY"	"SSF54506"	"Diaminopimelate epimerase-like"	4	128	"8.63E-33"	"-"	"-"	""
"PPA1021"	483	"SUPERFAMILY"	"SSF52540"	"P-loop containing nucleoside triphosphate hydrolases"	255	424	"8.44E-42"	"IPR027417"	"P-loop containing nucleoside triphosphate hydrolase"	"-"
"PPA1022"	682	"SUPERFAMILY"	"SSF52540"	"P-loop containing nucleoside triphosphate hydrolases"	41	641	"1.8E-21"	"IPR027417"	"P-loop containing nucleoside triphosphate hydrolase"	"-"
"PPA1023"	224	"SUPERFAMILY"	"SSF46785"	"Winged helix DNA-binding domain"	30	86	"7.05E-9"	"IPR036390"	"Winged helix DNA-binding domain superfamily"	"-"
"PPA1023"	224	"SUPERFAMILY"	"SSF51306"	"LexA/Signal peptidase"	115	222	"2.62E-14"	"IPR036286"	"LexA/Signal peptidase-like superfamily"	"-"
"PPA1026"	950	"SUPERFAMILY"	"SSF51998"	"PFL-like glycyl radical enzymes"	152	692	"0.0"	"-"	"-"	""
"PPA1027"	310	"SUPERFAMILY"	"SSF69635"	"Type III secretory system chaperone-like"	183	299	"3.77E-11"	"-"	"-"	""
"PPA1028"	284	"SUPERFAMILY"	"SSF52402"	"Adenine nucleotide alpha hydrolases-like"	163	284	"3.52E-15"	"-"	"-"	""
"PPA1028"	284	"SUPERFAMILY"	"SSF52402"	"Adenine nucleotide alpha hydrolases-like"	15	149	"9.21E-22"	"-"	"-"	""
"PPA1029"	1361	"SUPERFAMILY"	"SSF52540"	"P-loop containing nucleoside triphosphate hydrolases"	23	536	"1.16E-96"	"IPR027417"	"P-loop containing nucleoside triphosphate hydrolase"	"-"
"PPA1030"	298	"SUPERFAMILY"	"SSF54637"	"Thioesterase/thiol ester dehydrase-isomerase"	115	279	"5.74E-30"	"IPR029069"	"HotDog domain superfamily"	"-"
"PPA1030"	298	"SUPERFAMILY"	"SSF54637"	"Thioesterase/thiol ester dehydrase-isomerase"	4	113	"6.12E-36"	"IPR029069"	"HotDog domain superfamily"	"-"
"PPA1031"	312	"SUPERFAMILY"	"SSF88659"	"Sigma3 and sigma4 domains of RNA polymerase sigma factors"	214	305	"4.58E-22"	"IPR013324"	"RNA polymerase sigma factor, region 3/4-like"	"-"
"PPA1031"	312	"SUPERFAMILY"	"SSF88946"	"Sigma2 domain of RNA polymerase sigma factors"	17	153	"4.58E-45"	"IPR013325"	"RNA polymerase sigma factor, region 2"	"GO:0003700|GO:0006352|GO:0006355"
"PPA1031"	312	"SUPERFAMILY"	"SSF88659"	"Sigma3 and sigma4 domains of RNA polymerase sigma factors"	156	228	"1.57E-18"	"IPR013324"	"RNA polymerase sigma factor, region 3/4-like"	"-"
"PPA1032"	506	"SUPERFAMILY"	"SSF88946"	"Sigma2 domain of RNA polymerase sigma factors"	204	343	"9.87E-51"	"IPR013325"	"RNA polymerase sigma factor, region 2"	"GO:0003700|GO:0006352|GO:0006355"
"PPA1032"	506	"SUPERFAMILY"	"SSF88659"	"Sigma3 and sigma4 domains of RNA polymerase sigma factors"	346	419	"1.42E-20"	"IPR013324"	"RNA polymerase sigma factor, region 3/4-like"	"-"
"PPA1032"	506	"SUPERFAMILY"	"SSF88659"	"Sigma3 and sigma4 domains of RNA polymerase sigma factors"	404	505	"2.24E-27"	"IPR013324"	"RNA polymerase sigma factor, region 3/4-like"	"-"
"PPA1033"	857	"SUPERFAMILY"	"SSF49303"	"beta-Galactosidase/glucuronidase domain"	776	840	"1.77E-7"	"IPR036156"	"Beta-Galactosidase/glucuronidase domain superfamily"	"-"
"PPA1033"	857	"SUPERFAMILY"	"SSF51445"	"(Trans)glycosidases"	315	681	"7.21E-85"	"IPR017853"	"Glycoside hydrolase superfamily"	"-"
"PPA1033"	857	"SUPERFAMILY"	"SSF49785"	"Galactose-binding domain-like"	22	206	"4.86E-31"	"IPR008979"	"Galactose-binding-like domain superfamily"	"-"
"PPA1033"	857	"SUPERFAMILY"	"SSF49303"	"beta-Galactosidase/glucuronidase domain"	217	307	"6.04E-13"	"IPR036156"	"Beta-Galactosidase/glucuronidase domain superfamily"	"-"
"PPA1034"	202	"SUPERFAMILY"	"SSF46689"	"Homeodomain-like"	11	79	"8.21E-11"	"IPR009057"	"Homeobox-like domain superfamily"	"-"
"PPA1034"	202	"SUPERFAMILY"	"SSF48498"	"Tetracyclin repressor-like, C-terminal domain"	90	181	"3.56E-5"	"IPR036271"	"Tetracyclin repressor-like, C-terminal domain superfamily"	"-"
"PPA1035"	428	"SUPERFAMILY"	"SSF53474"	"alpha/beta-Hydrolases"	168	405	"8.54E-40"	"IPR029058"	"Alpha/Beta hydrolase fold"	"-"
"PPA1036"	82	"SUPERFAMILY"	"SSF55729"	"Acyl-CoA N-acyltransferases (Nat)"	8	81	"3.9E-14"	"IPR016181"	"Acyl-CoA N-acyltransferase"	"-"
"PPA1037"	260	"SUPERFAMILY"	"SSF55961"	"Bet v1-like"	65	236	"4.21E-8"	"-"	"-"	""
"PPA1039"	424	"SUPERFAMILY"	"SSF51905"	"FAD/NAD(P)-binding domain"	5	407	"3.74E-35"	"IPR036188"	"FAD/NAD(P)-binding domain superfamily"	"-"
"PPA1040"	193	"SUPERFAMILY"	"SSF55729"	"Acyl-CoA N-acyltransferases (Nat)"	25	166	"4.69E-16"	"IPR016181"	"Acyl-CoA N-acyltransferase"	"-"
"PPA1042"	698	"SUPERFAMILY"	"SSF54211"	"Ribosomal protein S5 domain 2-like"	253	444	"9.1E-37"	"IPR020568"	"Ribosomal protein S5 domain 2-type fold"	"-"
"PPA1042"	698	"SUPERFAMILY"	"SSF56719"	"Type II DNA topoisomerase"	448	687	"3.14E-73"	"IPR013760"	"DNA topoisomerase, type IIA-like domain superfamily"	"GO:0003918|GO:0005524"
"PPA1042"	698	"SUPERFAMILY"	"SSF55874"	"ATPase domain of HSP90 chaperone/DNA topoisomerase II/histidine kinase"	10	229	"5.24E-56"	"IPR036890"	"Histidine kinase/HSP90-like ATPase superfamily"	"-"
"PPA1044"	447	"SUPERFAMILY"	"SSF103473"	"MFS general substrate transporter"	11	435	"1.44E-40"	"IPR036259"	"MFS transporter superfamily"	"-"
"PPA1045"	844	"SUPERFAMILY"	"SSF56719"	"Type II DNA topoisomerase"	37	492	"0.0"	"IPR013760"	"DNA topoisomerase, type IIA-like domain superfamily"	"GO:0003918|GO:0005524"
"PPA1045"	844	"SUPERFAMILY"	"SSF101904"	"GyrA/ParC C-terminal domain-like"	508	796	"1.28E-39"	"IPR035516"	"DNA gyrase/topoisomerase IV, subunit A, C-terminal"	"-"
"PPA1048"	375	"SUPERFAMILY"	"SSF53649"	"Alkaline phosphatase-like"	41	370	"3.01E-56"	"IPR017850"	"Alkaline-phosphatase-like, core domain superfamily"	"-"
"PPA1049"	216	"SUPERFAMILY"	"SSF52540"	"P-loop containing nucleoside triphosphate hydrolases"	1	139	"3.91E-29"	"IPR027417"	"P-loop containing nucleoside triphosphate hydrolase"	"-"
"PPA1049"	216	"SUPERFAMILY"	"SSF57716"	"Glucocorticoid receptor-like (DNA-binding domain)"	145	199	"9.03E-9"	"-"	"-"	""
"PPA1054"	152	"SUPERFAMILY"	"SSF51283"	"dUTPase-like"	15	144	"3.4E-45"	"IPR036157"	"dUTPase-like superfamily"	"-"
"PPA1057"	219	"SUPERFAMILY"	"SSF116726"	"TrkA C-terminal domain-like"	132	215	"1.26E-11"	"IPR036721"	"Regulator of K+ conductance, C-terminal domain superfamily"	"GO:0006813"
"PPA1057"	219	"SUPERFAMILY"	"SSF51735"	"NAD(P)-binding Rossmann-fold domains"	1	145	"8.87E-32"	"IPR036291"	"NAD(P)-binding domain superfamily"	"-"
"PPA1058"	225	"SUPERFAMILY"	"SSF51735"	"NAD(P)-binding Rossmann-fold domains"	7	143	"3.94E-27"	"IPR036291"	"NAD(P)-binding domain superfamily"	"-"
"PPA1060"	393	"SUPERFAMILY"	"SSF50249"	"Nucleic acid-binding proteins"	8	64	"2.86E-11"	"IPR012340"	"Nucleic acid-binding, OB-fold"	"-"
"PPA1060"	393	"SUPERFAMILY"	"SSF53335"	"S-adenosyl-L-methionine-dependent methyltransferases"	73	391	"1.02E-51"	"IPR029063"	"S-adenosyl-L-methionine-dependent methyltransferase superfamily"	"-"
"PPA1061"	888	"SUPERFAMILY"	"SSF53732"	"Aconitase iron-sulfur domain"	3	620	"0.0"	"IPR036008"	"Aconitase, iron-sulfur domain"	"-"
"PPA1061"	888	"SUPERFAMILY"	"SSF52016"	"LeuD/IlvD-like"	624	885	"1.2E-81"	"-"	"-"	""
"PPA1062"	634	"SUPERFAMILY"	"SSF52518"	"Thiamin diphosphate-binding fold (THDP-binding)"	31	372	"1.79E-64"	"IPR029061"	"Thiamin diphosphate-binding fold"	"-"
"PPA1062"	634	"SUPERFAMILY"	"SSF52518"	"Thiamin diphosphate-binding fold (THDP-binding)"	304	489	"1.77E-49"	"IPR029061"	"Thiamin diphosphate-binding fold"	"-"
"PPA1062"	634	"SUPERFAMILY"	"SSF52922"	"TK C-terminal domain-like"	506	625	"5.76E-17"	"IPR009014"	"Transketolase C-terminal/Pyruvate-ferredoxin oxidoreductase domain II"	"GO:0003824"
"PPA1063"	412	"SUPERFAMILY"	"SSF47819"	"HRDC-like"	215	316	"7.41E-12"	"IPR010997"	"HRDC-like superfamily"	"GO:0000166|GO:0044237"
"PPA1063"	412	"SUPERFAMILY"	"SSF53098"	"Ribonuclease H-like"	3	203	"1.42E-52"	"IPR012337"	"Ribonuclease H-like superfamily"	"-"
"PPA1065"	148	"SUPERFAMILY"	"SSF51316"	"Mss4-like"	17	146	"1.15E-50"	"IPR011057"	"Mss4-like superfamily"	"-"
"PPA1066"	257	"SUPERFAMILY"	"SSF53800"	"Chelatase"	16	243	"8.63E-7"	"-"	"-"	""
"PPA1068"	458	"SUPERFAMILY"	"SSF53383"	"PLP-dependent transferases"	1	457	"0.0"	"IPR015424"	"Pyridoxal phosphate-dependent transferase"	"-"
"PPA1072"	353	"SUPERFAMILY"	"SSF50129"	"GroES-like"	7	172	"1.98E-56"	"IPR011032"	"GroES-like superfamily"	"-"
"PPA1072"	353	"SUPERFAMILY"	"SSF51735"	"NAD(P)-binding Rossmann-fold domains"	149	312	"6.76E-40"	"IPR036291"	"NAD(P)-binding domain superfamily"	"-"
"PPA1073"	446	"SUPERFAMILY"	"SSF55874"	"ATPase domain of HSP90 chaperone/DNA topoisomerase II/histidine kinase"	320	429	"3.54E-16"	"IPR036890"	"Histidine kinase/HSP90-like ATPase superfamily"	"-"
"PPA1076"	684	"SUPERFAMILY"	"SSF55681"	"Class II aaRS and biotin synthetases"	256	558	"2.19E-82"	"IPR045864"	"Class II Aminoacyl-tRNA synthetase/Biotinyl protein ligase (BPL) and lipoyl protein ligase (LPL)"	"-"
"PPA1076"	684	"SUPERFAMILY"	"SSF55186"	"ThrRS/AlaRS common domain"	63	253	"2.22E-49"	"IPR018163"	"Threonyl/alanyl tRNA synthetase, class II-like, putative editing domain superfamily"	"GO:0000166"
"PPA1076"	684	"SUPERFAMILY"	"SSF52954"	"Class II aaRS ABD-related"	562	667	"1.66E-25"	"-"	"-"	""
"PPA1077"	405	"SUPERFAMILY"	"SSF54197"	"HIT-like"	241	391	"2.47E-39"	"IPR036265"	"HIT-like superfamily"	"-"
"PPA1083"	134	"SUPERFAMILY"	"SSF51230"	"Single hybrid motif"	8	129	"3.14E-25"	"IPR011053"	"Single hybrid motif"	"-"
"PPA1084"	192	"SUPERFAMILY"	"SSF49879"	"SMAD/FHA domain"	82	178	"4.21E-29"	"IPR008984"	"SMAD/FHA domain superfamily"	"GO:0005515"
"PPA1085"	237	"SUPERFAMILY"	"SSF46955"	"Putative DNA-binding domain"	21	86	"4.58E-13"	"IPR009061"	"Putative DNA-binding domain superfamily"	"-"
"PPA1086"	159	"SUPERFAMILY"	"SSF103256"	"Hypothetical protein TM0160"	1	135	"1.09E-34"	"IPR036104"	"Bifunctional nuclease superfamily"	"GO:0004518"
"PPA1087"	195	"SUPERFAMILY"	"SSF46955"	"Putative DNA-binding domain"	44	129	"5.49E-15"	"IPR009061"	"Putative DNA-binding domain superfamily"	"-"
"PPA1089"	383	"SUPERFAMILY"	"SSF103473"	"MFS general substrate transporter"	5	377	"1.16E-35"	"IPR036259"	"MFS transporter superfamily"	"-"
"PPA1090"	399	"SUPERFAMILY"	"SSF53784"	"Phosphofructokinase"	3	398	"8.37E-79"	"IPR035966"	"Phosphofructokinase superfamily"	"GO:0003872|GO:0006096"
"PPA1092"	222	"SUPERFAMILY"	"SSF55821"	"YrdC/RibB"	19	220	"7.94E-58"	"IPR017945"	"DHBP synthase RibB-like alpha/beta domain superfamily"	"-"
"PPA1093"	233	"SUPERFAMILY"	"SSF53167"	"Purine and uridine phosphorylases"	3	227	"3.93E-57"	"IPR035994"	"Nucleoside phosphorylase superfamily"	"GO:0003824|GO:0009116"
"PPA1094"	309	"SUPERFAMILY"	"SSF111331"	"NAD kinase/diacylglycerol kinase-like"	11	308	"8.5E-57"	"IPR016064"	"NAD kinase/diacylglycerol kinase-like domain superfamily"	"-"
"PPA1095"	216	"SUPERFAMILY"	"SSF54211"	"Ribosomal protein S5 domain 2-like"	4	136	"1.37E-34"	"IPR020568"	"Ribosomal protein S5 domain 2-type fold"	"-"
"PPA1098"	203	"SUPERFAMILY"	"SSF53067"	"Actin-like ATPase domain"	29	118	"8.03E-14"	"IPR043129"	"ATPase, nucleotide binding domain"	"-"
"PPA1099"	338	"SUPERFAMILY"	"SSF159659"	"Cgl1923-like"	23	268	"8.37E-63"	"-"	"-"	""
"PPA1100"	258	"SUPERFAMILY"	"SSF50891"	"Cyclophilin-like"	94	247	"1.04E-20"	"IPR029000"	"Cyclophilin-like domain superfamily"	"-"
"PPA1101"	272	"SUPERFAMILY"	"SSF53474"	"alpha/beta-Hydrolases"	3	264	"1.11E-45"	"IPR029058"	"Alpha/Beta hydrolase fold"	"-"
"PPA1102"	265	"SUPERFAMILY"	"SSF52980"	"Restriction endonuclease-like"	161	251	"1.74E-5"	"IPR011335"	"Restriction endonuclease  type II-like"	"-"
"PPA1104"	152	"SUPERFAMILY"	"SSF54593"	"Glyoxalase/Bleomycin resistance protein/Dihydroxybiphenyl dioxygenase"	5	143	"8.8E-30"	"IPR029068"	"Glyoxalase/Bleomycin resistance protein/Dihydroxybiphenyl dioxygenase"	"-"
"PPA1105"	543	"SUPERFAMILY"	"SSF53738"	"Phosphoglucomutase, first 3 domains"	303	445	"2.12E-31"	"IPR016055"	"Alpha-D-phosphohexomutase, alpha/beta/alpha I/II/III"	"GO:0005975|GO:0016868"
"PPA1105"	543	"SUPERFAMILY"	"SSF55957"	"Phosphoglucomutase, C-terminal domain"	431	542	"4.71E-20"	"IPR036900"	"Alpha-D-phosphohexomutase, C-terminal domain superfamily"	"GO:0016868|GO:0071704"
"PPA1105"	543	"SUPERFAMILY"	"SSF53738"	"Phosphoglucomutase, first 3 domains"	206	313	"3.77E-8"	"IPR016055"	"Alpha-D-phosphohexomutase, alpha/beta/alpha I/II/III"	"GO:0005975|GO:0016868"
"PPA1105"	543	"SUPERFAMILY"	"SSF53738"	"Phosphoglucomutase, first 3 domains"	24	232	"2.94E-45"	"IPR016055"	"Alpha-D-phosphohexomutase, alpha/beta/alpha I/II/III"	"GO:0005975|GO:0016868"
"PPA1106"	313	"SUPERFAMILY"	"SSF48452"	"TPR-like"	180	309	"2.28E-7"	"IPR011990"	"Tetratricopeptide-like helical domain superfamily"	"GO:0005515"
"PPA1106"	313	"SUPERFAMILY"	"SSF52833"	"Thioredoxin-like"	64	150	"1.77E-15"	"IPR036249"	"Thioredoxin-like superfamily"	"-"
"PPA1107"	247	"SUPERFAMILY"	"SSF56784"	"HAD-like"	13	244	"7.01E-42"	"IPR036412"	"HAD-like superfamily"	"-"
"PPA1108"	835	"SUPERFAMILY"	"SSF74650"	"Galactose mutarotase-like"	11	290	"1.41E-70"	"IPR011013"	"Galactose mutarotase-like domain superfamily"	"GO:0003824|GO:0005975|GO:0030246"
"PPA1108"	835	"SUPERFAMILY"	"SSF48208"	"Six-hairpin glycosidases"	295	778	"5.36E-114"	"IPR008928"	"Six-hairpin glycosidase superfamily"	"GO:0005975"
"PPA1109"	681	"SUPERFAMILY"	"SSF55604"	"Glucose permease domain IIB"	5	78	"8.11E-19"	"IPR036878"	"Glucose permease domain IIB"	"GO:0008982|GO:0009401"
"PPA1109"	681	"SUPERFAMILY"	"SSF51261"	"Duplicated hybrid motif"	530	679	"5.76E-49"	"IPR011055"	"Duplicated hybrid motif"	"-"
"PPA1110"	264	"SUPERFAMILY"	"SSF55811"	"Nudix"	98	250	"2.03E-22"	"IPR015797"	"NUDIX hydrolase-like domain superfamily"	"-"
"PPA1110"	264	"SUPERFAMILY"	"SSF55729"	"Acyl-CoA N-acyltransferases (Nat)"	36	100	"3.0E-8"	"IPR016181"	"Acyl-CoA N-acyltransferase"	"-"
"PPA1111"	644	"SUPERFAMILY"	"SSF81296"	"E set domains"	25	128	"5.42E-25"	"IPR014756"	"Immunoglobulin E-set"	"-"
"PPA1111"	644	"SUPERFAMILY"	"SSF51011"	"Glycosyl hydrolase domain"	525	629	"3.5E-25"	"-"	"-"	""
"PPA1111"	644	"SUPERFAMILY"	"SSF51445"	"(Trans)glycosidases"	147	521	"2.53E-106"	"IPR017853"	"Glycoside hydrolase superfamily"	"-"
"PPA1112"	432	"SUPERFAMILY"	"SSF56112"	"Protein kinase-like (PK-like)"	131	389	"2.72E-15"	"IPR011009"	"Protein kinase-like domain superfamily"	"-"
"PPA1113"	615	"SUPERFAMILY"	"SSF51011"	"Glycosyl hydrolase domain"	528	609	"9.6E-11"	"-"	"-"	""
"PPA1113"	615	"SUPERFAMILY"	"SSF51445"	"(Trans)glycosidases"	85	528	"0.0"	"IPR017853"	"Glycoside hydrolase superfamily"	"-"
"PPA1114"	708	"SUPERFAMILY"	"SSF51445"	"(Trans)glycosidases"	256	613	"2.02E-78"	"IPR017853"	"Glycoside hydrolase superfamily"	"-"
"PPA1115"	706	"SUPERFAMILY"	"SSF51011"	"Glycosyl hydrolase domain"	594	689	"4.75E-18"	"-"	"-"	""
"PPA1115"	706	"SUPERFAMILY"	"SSF51445"	"(Trans)glycosidases"	138	573	"2.41E-120"	"IPR017853"	"Glycoside hydrolase superfamily"	"-"
"PPA1115"	706	"SUPERFAMILY"	"SSF81296"	"E set domains"	13	142	"1.06E-33"	"IPR014756"	"Immunoglobulin E-set"	"-"
"PPA1116"	379	"SUPERFAMILY"	"SSF53383"	"PLP-dependent transferases"	13	370	"6.26E-81"	"IPR015424"	"Pyridoxal phosphate-dependent transferase"	"-"
"PPA1117"	366	"SUPERFAMILY"	"SSF52402"	"Adenine nucleotide alpha hydrolases-like"	1	242	"4.19E-49"	"-"	"-"	""
"PPA1118"	328	"SUPERFAMILY"	"SSF51726"	"UROD/MetE-like"	3	316	"2.88E-18"	"IPR038071"	"UROD/MetE-like superfamily"	"-"
"PPA1121"	249	"SUPERFAMILY"	"SSF55021"	"ACT-like"	45	105	"2.42E-5"	"IPR045865"	"ACT-like domain"	"-"
"PPA1122"	107	"SUPERFAMILY"	"SSF141000"	"Glu-tRNAGln amidotransferase C subunit"	11	101	"4.71E-24"	"IPR036113"	"Glu-tRNAGln amidotransferase superfamily, subunit C"	"GO:0006450"
"PPA1123"	501	"SUPERFAMILY"	"SSF75304"	"Amidase signature (AS) enzymes"	1	483	"0.0"	"IPR036928"	"Amidase signature (AS) superfamily"	"-"
"PPA1124"	497	"SUPERFAMILY"	"SSF55931"	"Glutamine synthetase/guanido kinase"	16	318	"5.1E-110"	"IPR014746"	"Glutamine synthetase/guanido kinase, catalytic domain"	"GO:0003824"
"PPA1124"	497	"SUPERFAMILY"	"SSF89095"	"GatB/YqeY motif"	348	497	"1.31E-26"	"IPR003789"	"Aspartyl/glutamyl-tRNA amidotransferase subunit B-like"	"GO:0016884"
"PPA1125"	211	"SUPERFAMILY"	"SSF109854"	"DinB/YfiT-like putative metalloenzymes"	6	87	"8.7E-7"	"IPR034660"	"DinB/YfiT-like putative metalloenzymes"	"-"
"PPA1126"	125	"SUPERFAMILY"	"SSF141734"	"HisI-like"	16	119	"5.75E-46"	"IPR038019"	"Phosphoribosyl-AMP cyclohydrolase domain superfamily"	"-"
"PPA1130"	266	"SUPERFAMILY"	"SSF51366"	"Ribulose-phoshate binding barrel"	18	262	"2.71E-73"	"IPR011060"	"Ribulose-phosphate binding barrel"	"-"
"PPA1131"	418	"SUPERFAMILY"	"SSF53686"	"Tryptophan synthase beta subunit-like PLP-dependent enzymes"	7	403	"0.0"	"IPR036052"	"Tryptophan synthase beta subunit-like PLP-dependent enzyme"	"-"
"PPA1132"	165	"SUPERFAMILY"	"SSF51366"	"Ribulose-phoshate binding barrel"	1	139	"4.55E-30"	"IPR011060"	"Ribulose-phosphate binding barrel"	"-"
"PPA1134"	1505	"SUPERFAMILY"	"SSF56235"	"N-terminal nucleophile aminohydrolases (Ntn hydrolases)"	21	433	"0.0"	"IPR029055"	"Nucleophile aminohydrolases, N-terminal"	"-"
"PPA1134"	1505	"SUPERFAMILY"	"SSF51395"	"FMN-linked oxidoreductases"	445	1208	"0.0"	"-"	"-"	""
"PPA1134"	1505	"SUPERFAMILY"	"SSF69336"	"Alpha subunit of glutamate synthase, C-terminal domain"	1221	1484	"1.44E-81"	"IPR036485"	"Glutamate synthase, alpha subunit, C-terminal domain superfamily"	"GO:0016491"
"PPA1135"	490	"SUPERFAMILY"	"SSF51971"	"Nucleotide-binding domain"	371	467	"3.65E-12"	"-"	"-"	""
"PPA1135"	490	"SUPERFAMILY"	"SSF46548"	"alpha-helical ferredoxin"	6	158	"9.42E-32"	"-"	"-"	""
"PPA1135"	490	"SUPERFAMILY"	"SSF51971"	"Nucleotide-binding domain"	149	404	"1.59E-66"	"-"	"-"	""
"PPA1137"	690	"SUPERFAMILY"	"SSF56601"	"beta-lactamase/transpeptidase-like"	242	650	"5.98E-65"	"IPR012338"	"Beta-lactamase/transpeptidase-like"	"-"
"PPA1140"	290	"SUPERFAMILY"	"SSF46689"	"Homeodomain-like"	4	79	"9.5E-19"	"IPR009057"	"Homeobox-like domain superfamily"	"-"
"PPA1140"	290	"SUPERFAMILY"	"SSF53697"	"SIS domain"	99	285	"5.01E-41"	"IPR046348"	"SIS domain superfamily"	"GO:0097367|GO:1901135"
"PPA1141"	304	"SUPERFAMILY"	"SSF53697"	"SIS domain"	9	251	"1.87E-66"	"IPR046348"	"SIS domain superfamily"	"GO:0097367|GO:1901135"
"PPA1142"	519	"SUPERFAMILY"	"SSF55604"	"Glucose permease domain IIB"	20	90	"1.31E-15"	"IPR036878"	"Glucose permease domain IIB"	"GO:0008982|GO:0009401"
"PPA1144"	311	"SUPERFAMILY"	"SSF53067"	"Actin-like ATPase domain"	1	102	"4.26E-10"	"IPR043129"	"ATPase, nucleotide binding domain"	"-"
"PPA1144"	311	"SUPERFAMILY"	"SSF53067"	"Actin-like ATPase domain"	108	292	"2.78E-27"	"IPR043129"	"ATPase, nucleotide binding domain"	"-"
"PPA1146"	476	"SUPERFAMILY"	"SSF51445"	"(Trans)glycosidases"	4	475	"1.88E-115"	"IPR017853"	"Glycoside hydrolase superfamily"	"-"
"PPA1147"	103	"SUPERFAMILY"	"SSF52794"	"PTS system IIB component-like"	1	101	"2.33E-22"	"IPR036095"	"PTS system IIB component-like superfamily"	"GO:0008982|GO:0009401"
"PPA1149"	106	"SUPERFAMILY"	"SSF46973"	"Enzyme IIa from lactose specific PTS, IIa-lac"	2	98	"1.7E-29"	"IPR036542"	"Phosphotransferase system, lactose/cellobiose-type IIA subunit superfamily"	"GO:0009401"
"PPA1150"	1220	"SUPERFAMILY"	"SSF89550"	"PHP domain-like"	36	324	"6.47E-26"	"IPR016195"	"Polymerase/histidinol phosphatase-like"	"-"
"PPA1152"	439	"SUPERFAMILY"	"SSF53720"	"ALDH-like"	20	436	"2.94E-70"	"IPR016161"	"Aldehyde/histidinol dehydrogenase"	"GO:0016491"
"PPA1153"	388	"SUPERFAMILY"	"SSF53383"	"PLP-dependent transferases"	46	372	"6.52E-73"	"IPR015424"	"Pyridoxal phosphate-dependent transferase"	"-"
"PPA1154"	206	"SUPERFAMILY"	"SSF54211"	"Ribosomal protein S5 domain 2-like"	4	87	"4.3E-30"	"IPR020568"	"Ribosomal protein S5 domain 2-type fold"	"-"
"PPA1154"	206	"SUPERFAMILY"	"SSF54211"	"Ribosomal protein S5 domain 2-like"	89	187	"4.17E-25"	"IPR020568"	"Ribosomal protein S5 domain 2-type fold"	"-"
"PPA1155"	217	"SUPERFAMILY"	"SSF52317"	"Class I glutamine amidotransferase-like"	19	214	"1.19E-50"	"IPR029062"	"Class I glutamine amidotransferase-like"	"-"
"PPA1156"	255	"SUPERFAMILY"	"SSF51366"	"Ribulose-phoshate binding barrel"	6	239	"6.73E-59"	"IPR011060"	"Ribulose-phosphate binding barrel"	"-"
"PPA1157"	264	"SUPERFAMILY"	"SSF75625"	"YebC-like"	3	258	"2.22E-84"	"IPR029072"	"YebC-like"	"-"
"PPA1158"	196	"SUPERFAMILY"	"SSF53098"	"Ribonuclease H-like"	14	169	"5.31E-46"	"IPR012337"	"Ribonuclease H-like superfamily"	"-"
"PPA1159"	201	"SUPERFAMILY"	"SSF47781"	"RuvA domain 2-like"	65	134	"6.35E-19"	"IPR010994"	"RuvA domain 2-like"	"-"
"PPA1159"	201	"SUPERFAMILY"	"SSF46929"	"DNA helicase RuvA subunit, C-terminal domain"	151	200	"2.49E-9"	"IPR036267"	"RuvA, C-terminal domain superfamily"	"-"
"PPA1159"	201	"SUPERFAMILY"	"SSF50249"	"Nucleic acid-binding proteins"	1	62	"7.42E-13"	"IPR012340"	"Nucleic acid-binding, OB-fold"	"-"
"PPA1160"	342	"SUPERFAMILY"	"SSF52540"	"P-loop containing nucleoside triphosphate hydrolases"	23	254	"1.13E-47"	"IPR027417"	"P-loop containing nucleoside triphosphate hydrolase"	"-"
"PPA1160"	342	"SUPERFAMILY"	"SSF46785"	"Winged helix DNA-binding domain"	259	333	"7.21E-23"	"IPR036390"	"Winged helix DNA-binding domain superfamily"	"-"
"PPA1162"	566	"SUPERFAMILY"	"SSF82866"	"Multidrug efflux transporter AcrB transmembrane domain"	321	524	"3.4E-34"	"-"	"-"	""
"PPA1163"	391	"SUPERFAMILY"	"SSF82866"	"Multidrug efflux transporter AcrB transmembrane domain"	125	331	"3.01E-33"	"-"	"-"	""
"PPA1164"	177	"SUPERFAMILY"	"SSF53271"	"PRTase-like"	11	169	"2.49E-46"	"IPR029057"	"Phosphoribosyltransferase-like"	"-"
"PPA1165"	364	"SUPERFAMILY"	"SSF81324"	"Voltage-gated potassium channels"	28	168	"1.96E-22"	"-"	"-"	""
"PPA1165"	364	"SUPERFAMILY"	"SSF51735"	"NAD(P)-binding Rossmann-fold domains"	140	279	"5.02E-27"	"IPR036291"	"NAD(P)-binding domain superfamily"	"-"
"PPA1166"	774	"SUPERFAMILY"	"SSF81301"	"Nucleotidyltransferase"	227	442	"2.78E-62"	"IPR043519"	"Nucleotidyltransferase superfamily"	"-"
"PPA1166"	774	"SUPERFAMILY"	"SSF109604"	"HD-domain/PDEase-like"	53	237	"2.65E-73"	"-"	"-"	""
"PPA1166"	774	"SUPERFAMILY"	"SSF81271"	"TGS-like"	426	497	"1.92E-22"	"IPR012676"	"TGS-like"	"-"
"PPA1166"	774	"SUPERFAMILY"	"SSF55021"	"ACT-like"	697	772	"1.5E-13"	"IPR045865"	"ACT-like domain"	"-"
"PPA1168"	223	"SUPERFAMILY"	"SSF56281"	"Metallo-hydrolase/oxidoreductase"	3	220	"1.23E-42"	"IPR036866"	"Ribonuclease Z/Hydroxyacylglutathione hydrolase-like"	"-"
"PPA1169"	454	"SUPERFAMILY"	"SSF55681"	"Class II aaRS and biotin synthetases"	5	340	"1.19E-60"	"IPR045864"	"Class II Aminoacyl-tRNA synthetase/Biotinyl protein ligase (BPL) and lipoyl protein ligase (LPL)"	"-"
"PPA1169"	454	"SUPERFAMILY"	"SSF52954"	"Class II aaRS ABD-related"	354	435	"9.65E-12"	"-"	"-"	""
"PPA1171"	196	"SUPERFAMILY"	"SSF55729"	"Acyl-CoA N-acyltransferases (Nat)"	17	185	"2.17E-40"	"IPR016181"	"Acyl-CoA N-acyltransferase"	"-"
"PPA1172"	1477	"SUPERFAMILY"	"SSF53067"	"Actin-like ATPase domain"	17	266	"2.66E-44"	"IPR043129"	"ATPase, nucleotide binding domain"	"-"
"PPA1172"	1477	"SUPERFAMILY"	"SSF53067"	"Actin-like ATPase domain"	330	585	"3.75E-45"	"IPR043129"	"ATPase, nucleotide binding domain"	"-"
"PPA1173"	214	"SUPERFAMILY"	"SSF46689"	"Homeodomain-like"	19	73	"1.8E-12"	"IPR009057"	"Homeobox-like domain superfamily"	"-"
"PPA1173"	214	"SUPERFAMILY"	"SSF48498"	"Tetracyclin repressor-like, C-terminal domain"	91	210	"1.73E-22"	"IPR036271"	"Tetracyclin repressor-like, C-terminal domain superfamily"	"-"
"PPA1174"	356	"SUPERFAMILY"	"SSF53756"	"UDP-Glycosyltransferase/glycogen phosphorylase"	162	315	"7.06E-8"	"-"	"-"	""
"PPA1175"	606	"SUPERFAMILY"	"SSF50249"	"Nucleic acid-binding proteins"	2	105	"4.29E-28"	"IPR012340"	"Nucleic acid-binding, OB-fold"	"-"
"PPA1175"	606	"SUPERFAMILY"	"SSF55681"	"Class II aaRS and biotin synthetases"	113	586	"1.23E-100"	"IPR045864"	"Class II Aminoacyl-tRNA synthetase/Biotinyl protein ligase (BPL) and lipoyl protein ligase (LPL)"	"-"
"PPA1175"	606	"SUPERFAMILY"	"SSF55261"	"GAD domain-like"	290	411	"3.43E-35"	"IPR004115"	"GAD-like domain superfamily"	"GO:0004812|GO:0005524|GO:0005737"
"PPA1176"	461	"SUPERFAMILY"	"SSF48019"	"post-AAA+ oligomerization domain-like"	268	450	"1.49E-74"	"IPR008921"	"DNA polymerase III, clamp loader complex, gamma/delta/delta subunit, C-terminal"	"GO:0003677|GO:0006260"
"PPA1176"	461	"SUPERFAMILY"	"SSF52540"	"P-loop containing nucleoside triphosphate hydrolases"	28	251	"7.92E-40"	"IPR027417"	"P-loop containing nucleoside triphosphate hydrolase"	"-"
"PPA1178"	892	"SUPERFAMILY"	"SSF55681"	"Class II aaRS and biotin synthetases"	2	256	"6.96E-76"	"IPR045864"	"Class II Aminoacyl-tRNA synthetase/Biotinyl protein ligase (BPL) and lipoyl protein ligase (LPL)"	"-"
"PPA1178"	892	"SUPERFAMILY"	"SSF55186"	"ThrRS/AlaRS common domain"	571	718	"5.1E-39"	"IPR018163"	"Threonyl/alanyl tRNA synthetase, class II-like, putative editing domain superfamily"	"GO:0000166"
"PPA1178"	892	"SUPERFAMILY"	"SSF50447"	"Translation proteins"	468	566	"1.45E-16"	"IPR009000"	"Translation protein, beta-barrel domain superfamily"	"-"
"PPA1178"	892	"SUPERFAMILY"	"SSF101353"	"Putative anticodon-binding domain of alanyl-tRNA synthetase (AlaRS)"	257	474	"6.28E-54"	"IPR018162"	"Alanine-tRNA ligase, class IIc, anti-codon-binding domain superfamily"	"GO:0000166|GO:0004813|GO:0005524|GO:0005737|GO:0006419"
"PPA1179"	160	"SUPERFAMILY"	"SSF53098"	"Ribonuclease H-like"	13	146	"1.82E-32"	"IPR012337"	"Ribonuclease H-like superfamily"	"-"
"PPA1181"	268	"SUPERFAMILY"	"SSF51735"	"NAD(P)-binding Rossmann-fold domains"	98	259	"9.19E-25"	"IPR036291"	"NAD(P)-binding domain superfamily"	"-"
"PPA1181"	268	"SUPERFAMILY"	"SSF53223"	"Aminoacid dehydrogenase-like, N-terminal domain"	2	97	"3.34E-23"	"IPR046346"	"Aminoacid dehydrogenase-like, N-terminal domain superfamily"	"-"
"PPA1182"	398	"SUPERFAMILY"	"SSF103263"	"Chorismate synthase, AroC"	1	389	"0.0"	"IPR035904"	"Chorismate synthase AroC superfamily"	"-"
"PPA1183"	167	"SUPERFAMILY"	"SSF52540"	"P-loop containing nucleoside triphosphate hydrolases"	2	161	"7.17E-26"	"IPR027417"	"P-loop containing nucleoside triphosphate hydrolase"	"-"
"PPA1184"	361	"SUPERFAMILY"	"SSF56796"	"Dehydroquinate synthase-like"	1	355	"5.5E-88"	"-"	"-"	""
"PPA1185"	413	"SUPERFAMILY"	"SSF56300"	"Metallo-dependent phosphatases"	104	347	"8.47E-32"	"IPR029052"	"Metallo-dependent phosphatase-like"	"-"
"PPA1186"	316	"SUPERFAMILY"	"SSF52540"	"P-loop containing nucleoside triphosphate hydrolases"	101	288	"5.87E-29"	"IPR027417"	"P-loop containing nucleoside triphosphate hydrolase"	"-"
"PPA1187"	244	"SUPERFAMILY"	"SSF50249"	"Nucleic acid-binding proteins"	121	185	"4.03E-18"	"IPR012340"	"Nucleic acid-binding, OB-fold"	"-"
"PPA1187"	244	"SUPERFAMILY"	"SSF50249"	"Nucleic acid-binding proteins"	185	241	"1.16E-17"	"IPR012340"	"Nucleic acid-binding, OB-fold"	"-"
"PPA1187"	244	"SUPERFAMILY"	"SSF50104"	"Translation proteins SH3-like domain"	58	118	"2.77E-18"	"IPR008991"	"Translation protein SH3-like domain superfamily"	"-"
"PPA1188"	261	"SUPERFAMILY"	"SSF48013"	"NusB-like"	39	162	"8.63E-29"	"IPR035926"	"NusB-like superfamily"	"-"
"PPA1189"	106	"SUPERFAMILY"	"SSF46946"	"S13-like H2TH domain"	48	104	"1.06E-6"	"IPR010979"	"Ribosomal protein S13-like, H2TH"	"GO:0003676"
"PPA1190"	199	"SUPERFAMILY"	"SSF52540"	"P-loop containing nucleoside triphosphate hydrolases"	21	197	"7.91E-56"	"IPR027417"	"P-loop containing nucleoside triphosphate hydrolase"	"-"
"PPA1191"	115	"SUPERFAMILY"	"SSF63562"	"RPB6/omega subunit-like"	9	91	"9.68E-26"	"IPR036161"	"RPB6/omega subunit-like superfamily"	"GO:0003677|GO:0003899|GO:0006351"
"PPA1192"	410	"SUPERFAMILY"	"SSF102645"	"CoaB-like"	186	407	"5.89E-56"	"IPR035929"	"CoaB-like superfamily"	"-"
"PPA1192"	410	"SUPERFAMILY"	"SSF52507"	"Homo-oligomeric flavin-containing Cys decarboxylases, HFCD"	4	170	"1.96E-53"	"IPR036551"	"Flavin prenyltransferase-like"	"GO:0003824"
"PPA1193"	397	"SUPERFAMILY"	"SSF55973"	"S-adenosylmethionine synthetase"	122	244	"1.71E-41"	"IPR022636"	"S-adenosylmethionine synthetase superfamily"	"GO:0004478|GO:0006556"
"PPA1193"	397	"SUPERFAMILY"	"SSF55973"	"S-adenosylmethionine synthetase"	245	393	"3.57E-63"	"IPR022636"	"S-adenosylmethionine synthetase superfamily"	"GO:0004478|GO:0006556"
"PPA1193"	397	"SUPERFAMILY"	"SSF55973"	"S-adenosylmethionine synthetase"	4	108	"4.41E-42"	"IPR022636"	"S-adenosylmethionine synthetase superfamily"	"GO:0004478|GO:0006556"
"PPA1194"	672	"SUPERFAMILY"	"SSF52540"	"P-loop containing nucleoside triphosphate hydrolases"	190	272	"3.96E-8"	"IPR027417"	"P-loop containing nucleoside triphosphate hydrolase"	"-"
"PPA1195"	315	"SUPERFAMILY"	"SSF50486"	"FMT C-terminal domain-like"	204	314	"2.67E-23"	"IPR011034"	"Formyl transferase-like, C-terminal domain superfamily"	"GO:0003824"
"PPA1195"	315	"SUPERFAMILY"	"SSF53328"	"Formyltransferase"	1	205	"4.19E-54"	"IPR036477"	"Formyl transferase, N-terminal domain superfamily"	"GO:0009058"
"PPA1196"	458	"SUPERFAMILY"	"SSF48013"	"NusB-like"	14	166	"7.36E-28"	"IPR035926"	"NusB-like superfamily"	"-"
"PPA1196"	458	"SUPERFAMILY"	"SSF53335"	"S-adenosyl-L-methionine-dependent methyltransferases"	157	452	"2.89E-48"	"IPR029063"	"S-adenosyl-L-methionine-dependent methyltransferase superfamily"	"-"
"PPA1199"	223	"SUPERFAMILY"	"SSF51366"	"Ribulose-phoshate binding barrel"	3	212	"3.49E-60"	"IPR011060"	"Ribulose-phosphate binding barrel"	"-"
"PPA1200"	261	"SUPERFAMILY"	"SSF159659"	"Cgl1923-like"	1	240	"1.02E-63"	"-"	"-"	""
"PPA1201"	669	"SUPERFAMILY"	"SSF56784"	"HAD-like"	139	328	"3.23E-41"	"IPR036412"	"HAD-like superfamily"	"-"
"PPA1201"	669	"SUPERFAMILY"	"SSF53335"	"S-adenosyl-L-methionine-dependent methyltransferases"	373	625	"4.14E-62"	"IPR029063"	"S-adenosyl-L-methionine-dependent methyltransferase superfamily"	"-"
"PPA1204"	301	"SUPERFAMILY"	"SSF52540"	"P-loop containing nucleoside triphosphate hydrolases"	22	218	"2.56E-20"	"IPR027417"	"P-loop containing nucleoside triphosphate hydrolase"	"-"
"PPA1205"	206	"SUPERFAMILY"	"SSF48498"	"Tetracyclin repressor-like, C-terminal domain"	89	204	"5.63E-5"	"IPR036271"	"Tetracyclin repressor-like, C-terminal domain superfamily"	"-"
"PPA1205"	206	"SUPERFAMILY"	"SSF46689"	"Homeodomain-like"	6	81	"1.23E-15"	"IPR009057"	"Homeobox-like domain superfamily"	"-"
"PPA1206"	278	"SUPERFAMILY"	"SSF56235"	"N-terminal nucleophile aminohydrolases (Ntn hydrolases)"	27	262	"2.24E-42"	"IPR029055"	"Nucleophile aminohydrolases, N-terminal"	"-"
"PPA1207"	226	"SUPERFAMILY"	"SSF56235"	"N-terminal nucleophile aminohydrolases (Ntn hydrolases)"	14	218	"2.04E-19"	"IPR029055"	"Nucleophile aminohydrolases, N-terminal"	"-"
"PPA1208"	423	"SUPERFAMILY"	"SSF55021"	"ACT-like"	353	416	"5.39E-6"	"IPR045865"	"ACT-like domain"	"-"
"PPA1208"	423	"SUPERFAMILY"	"SSF48179"	"6-phosphogluconate dehydrogenase C-terminal domain-like"	239	336	"5.1E-22"	"IPR008927"	"6-phosphogluconate dehydrogenase-like, C-terminal domain superfamily"	"-"
"PPA1208"	423	"SUPERFAMILY"	"SSF51735"	"NAD(P)-binding Rossmann-fold domains"	73	236	"2.75E-27"	"IPR036291"	"NAD(P)-binding domain superfamily"	"-"
"PPA1209"	223	"SUPERFAMILY"	"SSF52540"	"P-loop containing nucleoside triphosphate hydrolases"	5	218	"2.54E-30"	"IPR027417"	"P-loop containing nucleoside triphosphate hydrolase"	"-"
"PPA1210"	456	"SUPERFAMILY"	"SSF52540"	"P-loop containing nucleoside triphosphate hydrolases"	156	452	"1.26E-59"	"IPR027417"	"P-loop containing nucleoside triphosphate hydrolase"	"-"
"PPA1210"	456	"SUPERFAMILY"	"SSF52540"	"P-loop containing nucleoside triphosphate hydrolases"	22	192	"3.64E-44"	"IPR027417"	"P-loop containing nucleoside triphosphate hydrolase"	"-"
"PPA1211"	304	"SUPERFAMILY"	"SSF53613"	"Ribokinase-like"	1	292	"2.34E-74"	"IPR029056"	"Ribokinase-like"	"-"
"PPA1213"	477	"SUPERFAMILY"	"SSF103473"	"MFS general substrate transporter"	45	459	"2.75E-35"	"IPR036259"	"MFS transporter superfamily"	"-"
"PPA1214"	217	"SUPERFAMILY"	"SSF51569"	"Aldolase"	2	212	"2.93E-79"	"-"	"-"	""
"PPA1215"	379	"SUPERFAMILY"	"SSF100950"	"NagB/RpiA/CoA transferase-like"	133	377	"1.51E-34"	"IPR037171"	"NagB/RpiA transferase-like"	"-"
"PPA1216"	262	"SUPERFAMILY"	"SSF56784"	"HAD-like"	1	255	"9.67E-51"	"IPR036412"	"HAD-like superfamily"	"-"
"PPA1217"	405	"SUPERFAMILY"	"SSF100950"	"NagB/RpiA/CoA transferase-like"	173	400	"1.84E-46"	"IPR037171"	"NagB/RpiA transferase-like"	"-"
"PPA1217"	405	"SUPERFAMILY"	"SSF100950"	"NagB/RpiA/CoA transferase-like"	67	207	"3.1E-12"	"IPR037171"	"NagB/RpiA transferase-like"	"-"
"PPA1218"	419	"SUPERFAMILY"	"SSF53474"	"alpha/beta-Hydrolases"	36	122	"1.6E-13"	"IPR029058"	"Alpha/Beta hydrolase fold"	"-"
"PPA1218"	419	"SUPERFAMILY"	"SSF53335"	"S-adenosyl-L-methionine-dependent methyltransferases"	226	382	"3.34E-13"	"IPR029063"	"S-adenosyl-L-methionine-dependent methyltransferase superfamily"	"-"
"PPA1220"	163	"SUPERFAMILY"	"SSF54909"	"Dimeric alpha+beta barrel"	77	155	"2.68E-11"	"IPR011008"	"Dimeric alpha-beta barrel"	"-"
"PPA1220"	163	"SUPERFAMILY"	"SSF46785"	"Winged helix DNA-binding domain"	16	75	"1.18E-15"	"IPR036390"	"Winged helix DNA-binding domain superfamily"	"-"
"PPA1221"	529	"SUPERFAMILY"	"SSF56317"	"Carbon-nitrogen hydrolase"	244	485	"3.66E-26"	"IPR036526"	"Carbon-nitrogen hydrolase superfamily"	"-"
"PPA1222"	272	"SUPERFAMILY"	"SSF53448"	"Nucleotide-diphospho-sugar transferases"	12	238	"4.5E-41"	"IPR029044"	"Nucleotide-diphospho-sugar transferases"	"-"
"PPA1224"	241	"SUPERFAMILY"	"SSF51695"	"PLC-like phosphodiesterases"	7	226	"4.97E-55"	"IPR017946"	"PLC-like phosphodiesterase, TIM beta/alpha-barrel domain superfamily"	"GO:0006629|GO:0008081"
"PPA1225"	292	"SUPERFAMILY"	"SSF53613"	"Ribokinase-like"	4	264	"2.18E-55"	"IPR029056"	"Ribokinase-like"	"-"
"PPA1226"	548	"SUPERFAMILY"	"SSF55205"	"EPT/RTPC-like"	115	546	"1.16E-97"	"IPR013792"	"RNA 3'-terminal phosphate cyclase/enolpyruvate transferase, alpha/beta"	"GO:0003824"
"PPA1226"	548	"SUPERFAMILY"	"SSF47413"	"lambda repressor-like DNA-binding domains"	47	104	"2.17E-14"	"IPR010982"	"Lambda repressor-like, DNA-binding domain superfamily"	"GO:0003677"
"PPA1227"	467	"SUPERFAMILY"	"SSF51905"	"FAD/NAD(P)-binding domain"	1	337	"8.53E-66"	"IPR036188"	"FAD/NAD(P)-binding domain superfamily"	"-"
"PPA1227"	467	"SUPERFAMILY"	"SSF55424"	"FAD/NAD-linked reductases, dimerisation (C-terminal) domain"	344	466	"6.01E-36"	"IPR016156"	"FAD/NAD-linked reductase, dimerisation domain superfamily"	"GO:0016491|GO:0050660"
"PPA1228"	303	"SUPERFAMILY"	"SSF160240"	"Cation efflux protein cytoplasmic domain-like"	214	292	"4.71E-9"	"IPR036837"	"Cation efflux protein, cytoplasmic domain superfamily"	"-"
"PPA1228"	303	"SUPERFAMILY"	"SSF161111"	"Cation efflux protein transmembrane domain-like"	16	211	"4.97E-49"	"IPR027469"	"Cation efflux transmembrane domain superfamily"	"-"
"PPA1229"	139	"SUPERFAMILY"	"SSF46785"	"Winged helix DNA-binding domain"	15	92	"1.97E-21"	"IPR036390"	"Winged helix DNA-binding domain superfamily"	"-"
"PPA1232"	141	"SUPERFAMILY"	"SSF75620"	"Release factor"	13	120	"1.45E-12"	"IPR045853"	"Peptide chain release factor class I superfamily"	"-"
"PPA1233"	398	"SUPERFAMILY"	"SSF103473"	"MFS general substrate transporter"	1	392	"1.96E-51"	"IPR036259"	"MFS transporter superfamily"	"-"
"PPA1235"	278	"SUPERFAMILY"	"SSF52141"	"Uracil-DNA glycosylase-like"	60	274	"7.19E-40"	"IPR036895"	"Uracil-DNA glycosylase-like domain superfamily"	"-"
"PPA1236"	221	"SUPERFAMILY"	"SSF89028"	"Cobalamin adenosyltransferase-like"	6	203	"1.08E-52"	"IPR036451"	"Cobalamin adenosyltransferase-like superfamily"	"-"
"PPA1238"	146	"SUPERFAMILY"	"SSF51344"	"Epsilon subunit of F1F0-ATP synthase N-terminal domain"	6	87	"3.92E-18"	"IPR036771"	"F0F1 ATP synthase delta/epsilon subunit, N-terminal"	"-"
"PPA1239"	484	"SUPERFAMILY"	"SSF50615"	"N-terminal domain of alpha and beta subunits of F1 ATP synthase"	17	93	"6.67E-25"	"IPR036121"	"ATPase, F1/V1/A1 complex, alpha/beta subunit, N-terminal domain superfamily"	"GO:0046034|GO:1902600"
"PPA1239"	484	"SUPERFAMILY"	"SSF52540"	"P-loop containing nucleoside triphosphate hydrolases"	95	368	"6.47E-87"	"IPR027417"	"P-loop containing nucleoside triphosphate hydrolase"	"-"
"PPA1239"	484	"SUPERFAMILY"	"SSF47917"	"C-terminal domain of alpha and beta subunits of F1 ATP synthase"	365	481	"7.06E-48"	"-"	"-"	""
"PPA1240"	314	"SUPERFAMILY"	"SSF52943"	"ATP synthase (F1-ATPase), gamma subunit"	4	307	"1.57E-75"	"IPR035968"	"ATP synthase, F1 complex, gamma subunit superfamily"	"GO:0015986|GO:0045261|GO:0046933"
"PPA1241"	545	"SUPERFAMILY"	"SSF47917"	"C-terminal domain of alpha and beta subunits of F1 ATP synthase"	385	512	"2.04E-41"	"-"	"-"	""
"PPA1241"	545	"SUPERFAMILY"	"SSF50615"	"N-terminal domain of alpha and beta subunits of F1 ATP synthase"	19	98	"5.49E-23"	"IPR036121"	"ATPase, F1/V1/A1 complex, alpha/beta subunit, N-terminal domain superfamily"	"GO:0046034|GO:1902600"
"PPA1241"	545	"SUPERFAMILY"	"SSF52540"	"P-loop containing nucleoside triphosphate hydrolases"	100	383	"4.43E-93"	"IPR027417"	"P-loop containing nucleoside triphosphate hydrolase"	"-"
"PPA1243"	184	"SUPERFAMILY"	"SSF81573"	"F1F0 ATP synthase subunit B, membrane domain"	75	133	"4.58E-13"	"IPR028987"	"F-type ATP synthase subunit B-like, membrane domain superfamily"	"-"
"PPA1244"	73	"SUPERFAMILY"	"SSF81333"	"F1F0 ATP synthase subunit C"	13	72	"5.23E-16"	"IPR035921"	"F/V-ATP synthase subunit C superfamily"	"-"
"PPA1245"	258	"SUPERFAMILY"	"SSF81336"	"F1F0 ATP synthase subunit A"	83	250	"1.2E-35"	"IPR035908"	"ATP synthase, F0 complex, subunit A superfamily"	"-"
"PPA1249"	307	"SUPERFAMILY"	"SSF55821"	"YrdC/RibB"	74	272	"2.81E-51"	"IPR017945"	"DHBP synthase RibB-like alpha/beta domain superfamily"	"-"
"PPA1250"	291	"SUPERFAMILY"	"SSF53335"	"S-adenosyl-L-methionine-dependent methyltransferases"	10	281	"2.5E-47"	"IPR029063"	"S-adenosyl-L-methionine-dependent methyltransferase superfamily"	"-"
"PPA1252"	361	"SUPERFAMILY"	"SSF75620"	"Release factor"	13	351	"8.76E-114"	"IPR045853"	"Peptide chain release factor class I superfamily"	"-"
"PPA1253"	69	"SUPERFAMILY"	"SSF143800"	"L28p-like"	1	66	"5.49E-27"	"IPR034704"	"L28p-like"	"-"
"PPA1254"	633	"SUPERFAMILY"	"SSF52540"	"P-loop containing nucleoside triphosphate hydrolases"	330	580	"9.84E-65"	"IPR027417"	"P-loop containing nucleoside triphosphate hydrolase"	"-"
"PPA1254"	633	"SUPERFAMILY"	"SSF68912"	"Rho N-terminal domain-like"	12	47	"3.37E-5"	"IPR036269"	"Rho termination factor, N-terminal domain superfamily"	"-"
"PPA1254"	633	"SUPERFAMILY"	"SSF50249"	"Nucleic acid-binding proteins"	263	337	"2.74E-15"	"IPR012340"	"Nucleic acid-binding, OB-fold"	"-"
"PPA1256"	296	"SUPERFAMILY"	"SSF54211"	"Ribosomal protein S5 domain 2-like"	4	157	"5.39E-26"	"IPR020568"	"Ribosomal protein S5 domain 2-type fold"	"-"
"PPA1256"	296	"SUPERFAMILY"	"SSF55060"	"GHMP Kinase, C-terminal domain"	169	276	"3.96E-25"	"IPR036554"	"GHMP kinase, C-terminal domain superfamily"	"-"
"PPA1257"	356	"SUPERFAMILY"	"SSF53686"	"Tryptophan synthase beta subunit-like PLP-dependent enzymes"	9	335	"6.55E-98"	"IPR036052"	"Tryptophan synthase beta subunit-like PLP-dependent enzyme"	"-"
"PPA1258"	441	"SUPERFAMILY"	"SSF55021"	"ACT-like"	354	429	"3.15E-8"	"IPR045865"	"ACT-like domain"	"-"
"PPA1258"	441	"SUPERFAMILY"	"SSF55347"	"Glyceraldehyde-3-phosphate dehydrogenase-like, C-terminal domain"	145	310	"5.04E-51"	"-"	"-"	""
"PPA1258"	441	"SUPERFAMILY"	"SSF51735"	"NAD(P)-binding Rossmann-fold domains"	11	166	"1.82E-34"	"IPR036291"	"NAD(P)-binding domain superfamily"	"-"
"PPA1259"	476	"SUPERFAMILY"	"SSF51419"	"PLP-binding barrel"	63	327	"4.11E-70"	"IPR029066"	"PLP-binding barrel"	"-"
"PPA1259"	476	"SUPERFAMILY"	"SSF50621"	"Alanine racemase C-terminal domain-like"	301	465	"5.44E-44"	"IPR009006"	"Alanine racemase/group IV decarboxylase, C-terminal"	"GO:0003824"
"PPA1261"	1236	"SUPERFAMILY"	"SSF52777"	"CoA-dependent acyltransferases"	109	350	"5.78E-54"	"-"	"-"	""
"PPA1261"	1236	"SUPERFAMILY"	"SSF52518"	"Thiamin diphosphate-binding fold (THDP-binding)"	453	826	"5.81E-83"	"IPR029061"	"Thiamin diphosphate-binding fold"	"-"
"PPA1261"	1236	"SUPERFAMILY"	"SSF52518"	"Thiamin diphosphate-binding fold (THDP-binding)"	888	1104	"3.92E-42"	"IPR029061"	"Thiamin diphosphate-binding fold"	"-"
"PPA1265"	491	"SUPERFAMILY"	"SSF55874"	"ATPase domain of HSP90 chaperone/DNA topoisomerase II/histidine kinase"	354	488	"2.17E-13"	"IPR036890"	"Histidine kinase/HSP90-like ATPase superfamily"	"-"
"PPA1266"	225	"SUPERFAMILY"	"SSF88659"	"Sigma3 and sigma4 domains of RNA polymerase sigma factors"	134	191	"7.85E-17"	"IPR013324"	"RNA polymerase sigma factor, region 3/4-like"	"-"
"PPA1266"	225	"SUPERFAMILY"	"SSF88946"	"Sigma2 domain of RNA polymerase sigma factors"	16	109	"9.16E-26"	"IPR013325"	"RNA polymerase sigma factor, region 2"	"GO:0003700|GO:0006352|GO:0006355"
"PPA1268"	429	"SUPERFAMILY"	"SSF55205"	"EPT/RTPC-like"	15	425	"2.13E-100"	"IPR013792"	"RNA 3'-terminal phosphate cyclase/enolpyruvate transferase, alpha/beta"	"GO:0003824"
"PPA1269"	333	"SUPERFAMILY"	"SSF52540"	"P-loop containing nucleoside triphosphate hydrolases"	118	328	"1.25E-42"	"IPR027417"	"P-loop containing nucleoside triphosphate hydrolase"	"-"
"PPA1270"	270	"SUPERFAMILY"	"SSF53474"	"alpha/beta-Hydrolases"	2	249	"4.89E-35"	"IPR029058"	"Alpha/Beta hydrolase fold"	"-"
"PPA1271"	297	"SUPERFAMILY"	"SSF56655"	"Carbohydrate phosphatase"	39	294	"3.01E-69"	"-"	"-"	""
"PPA1272"	417	"SUPERFAMILY"	"SSF51735"	"NAD(P)-binding Rossmann-fold domains"	119	306	"1.87E-51"	"IPR036291"	"NAD(P)-binding domain superfamily"	"-"
"PPA1272"	417	"SUPERFAMILY"	"SSF55021"	"ACT-like"	345	413	"3.77E-8"	"IPR045865"	"ACT-like domain"	"-"
"PPA1272"	417	"SUPERFAMILY"	"SSF52283"	"Formate/glycerate dehydrogenase catalytic domain-like"	22	149	"1.49E-35"	"-"	"-"	""
"PPA1273"	261	"SUPERFAMILY"	"SSF52540"	"P-loop containing nucleoside triphosphate hydrolases"	5	246	"3.12E-69"	"IPR027417"	"P-loop containing nucleoside triphosphate hydrolase"	"-"
"PPA1274"	269	"SUPERFAMILY"	"SSF52540"	"P-loop containing nucleoside triphosphate hydrolases"	3	250	"5.54E-63"	"IPR027417"	"P-loop containing nucleoside triphosphate hydrolase"	"-"
"PPA1275"	270	"SUPERFAMILY"	"SSF161098"	"MetI-like"	61	248	"1.44E-21"	"IPR035906"	"MetI-like superfamily"	"-"
"PPA1276"	325	"SUPERFAMILY"	"SSF161098"	"MetI-like"	91	297	"4.19E-16"	"IPR035906"	"MetI-like superfamily"	"-"
"PPA1277"	495	"SUPERFAMILY"	"SSF53850"	"Periplasmic binding protein-like II"	28	491	"2.02E-97"	"-"	"-"	""
"PPA1279"	85	"SUPERFAMILY"	"SSF47598"	"Ribbon-helix-helix"	13	77	"2.47E-9"	"IPR010985"	"Ribbon-helix-helix"	"GO:0006355"
"PPA1280"	221	"SUPERFAMILY"	"SSF52540"	"P-loop containing nucleoside triphosphate hydrolases"	28	217	"8.75E-31"	"IPR027417"	"P-loop containing nucleoside triphosphate hydrolase"	"-"
"PPA1284"	406	"SUPERFAMILY"	"SSF103473"	"MFS general substrate transporter"	18	401	"1.44E-20"	"IPR036259"	"MFS transporter superfamily"	"-"
"PPA1285"	435	"SUPERFAMILY"	"SSF56059"	"Glutathione synthetase ATP-binding domain-like"	123	350	"1.19E-22"	"-"	"-"	""
"PPA1286"	237	"SUPERFAMILY"	"SSF53474"	"alpha/beta-Hydrolases"	14	226	"9.45E-25"	"IPR029058"	"Alpha/Beta hydrolase fold"	"-"
"PPA1287"	579	"SUPERFAMILY"	"SSF56801"	"Acetyl-CoA synthetase-like"	9	486	"1.31E-73"	"-"	"-"	""
"PPA1287"	579	"SUPERFAMILY"	"SSF47336"	"ACP-like"	501	571	"1.01E-14"	"IPR036736"	"ACP-like superfamily"	"-"
"PPA1288"	1098	"SUPERFAMILY"	"SSF52777"	"CoA-dependent acyltransferases"	837	1065	"1.1E-29"	"-"	"-"	""
"PPA1288"	1098	"SUPERFAMILY"	"SSF52777"	"CoA-dependent acyltransferases"	658	831	"5.11E-18"	"-"	"-"	""
"PPA1288"	1098	"SUPERFAMILY"	"SSF56801"	"Acetyl-CoA synthetase-like"	27	542	"4.32E-106"	"-"	"-"	""
"PPA1288"	1098	"SUPERFAMILY"	"SSF47336"	"ACP-like"	567	624	"9.81E-7"	"IPR036736"	"ACP-like superfamily"	"-"
"PPA1289"	329	"SUPERFAMILY"	"SSF51735"	"NAD(P)-binding Rossmann-fold domains"	6	322	"3.05E-60"	"IPR036291"	"NAD(P)-binding domain superfamily"	"-"
"PPA1290"	333	"SUPERFAMILY"	"SSF53686"	"Tryptophan synthase beta subunit-like PLP-dependent enzymes"	22	310	"9.82E-63"	"IPR036052"	"Tryptophan synthase beta subunit-like PLP-dependent enzyme"	"-"
"PPA1291"	242	"SUPERFAMILY"	"SSF56214"	"4'-phosphopantetheinyl transferase"	101	209	"2.88E-19"	"IPR037143"	"4'-phosphopantetheinyl transferase domain superfamily"	"GO:0000287|GO:0008897"
"PPA1291"	242	"SUPERFAMILY"	"SSF56214"	"4'-phosphopantetheinyl transferase"	5	95	"7.85E-14"	"IPR037143"	"4'-phosphopantetheinyl transferase domain superfamily"	"GO:0000287|GO:0008897"
"PPA1292"	230	"SUPERFAMILY"	"SSF110849"	"ParB/Sulfiredoxin"	13	93	"2.35E-10"	"IPR036086"	"ParB/Sulfiredoxin superfamily"	"-"
"PPA1296"	199	"SUPERFAMILY"	"SSF55729"	"Acyl-CoA N-acyltransferases (Nat)"	112	184	"3.48E-10"	"IPR016181"	"Acyl-CoA N-acyltransferase"	"-"
"PPA1305"	120	"SUPERFAMILY"	"SSF47598"	"Ribbon-helix-helix"	69	105	"8.67E-5"	"IPR010985"	"Ribbon-helix-helix"	"GO:0006355"
"PPA1308"	196	"SUPERFAMILY"	"SSF52402"	"Adenine nucleotide alpha hydrolases-like"	52	184	"2.43E-12"	"-"	"-"	""
"PPA1310"	392	"SUPERFAMILY"	"SSF54211"	"Ribosomal protein S5 domain 2-like"	267	378	"3.19E-19"	"IPR020568"	"Ribosomal protein S5 domain 2-type fold"	"-"
"PPA1310"	392	"SUPERFAMILY"	"SSF50156"	"PDZ domain-like"	188	275	"7.06E-14"	"IPR036034"	"PDZ superfamily"	"GO:0005515"
"PPA1311"	453	"SUPERFAMILY"	"SSF55486"	"Metalloproteases (zincins), catalytic domain"	65	424	"6.88E-89"	"-"	"-"	""
"PPA1314"	706	"SUPERFAMILY"	"SSF52540"	"P-loop containing nucleoside triphosphate hydrolases"	19	583	"5.32E-108"	"IPR027417"	"P-loop containing nucleoside triphosphate hydrolase"	"-"
"PPA1314"	706	"SUPERFAMILY"	"SSF47819"	"HRDC-like"	630	700	"2.01E-17"	"IPR010997"	"HRDC-like superfamily"	"GO:0000166|GO:0044237"
"PPA1315"	1049	"SUPERFAMILY"	"SSF52540"	"P-loop containing nucleoside triphosphate hydrolases"	8	324	"4.09E-35"	"IPR027417"	"P-loop containing nucleoside triphosphate hydrolase"	"-"
"PPA1315"	1049	"SUPERFAMILY"	"SSF52980"	"Restriction endonuclease-like"	719	1029	"3.59E-41"	"IPR011335"	"Restriction endonuclease  type II-like"	"-"
"PPA1315"	1049	"SUPERFAMILY"	"SSF52540"	"P-loop containing nucleoside triphosphate hydrolases"	282	686	"2.79E-31"	"IPR027417"	"P-loop containing nucleoside triphosphate hydrolase"	"-"
"PPA1316"	1078	"SUPERFAMILY"	"SSF52540"	"P-loop containing nucleoside triphosphate hydrolases"	15	694	"1.49E-91"	"IPR027417"	"P-loop containing nucleoside triphosphate hydrolase"	"-"
"PPA1316"	1078	"SUPERFAMILY"	"SSF52980"	"Restriction endonuclease-like"	773	1074	"3.65E-51"	"IPR011335"	"Restriction endonuclease  type II-like"	"-"
"PPA1317"	628	"SUPERFAMILY"	"SSF52540"	"P-loop containing nucleoside triphosphate hydrolases"	181	603	"1.3E-51"	"IPR027417"	"P-loop containing nucleoside triphosphate hydrolase"	"-"
"PPA1318"	250	"SUPERFAMILY"	"SSF55811"	"Nudix"	56	235	"2.71E-32"	"IPR015797"	"NUDIX hydrolase-like domain superfamily"	"-"
"PPA1319"	1072	"SUPERFAMILY"	"SSF52540"	"P-loop containing nucleoside triphosphate hydrolases"	21	763	"2.17E-103"	"IPR027417"	"P-loop containing nucleoside triphosphate hydrolase"	"-"
"PPA1320"	1061	"SUPERFAMILY"	"SSF52540"	"P-loop containing nucleoside triphosphate hydrolases"	6	692	"1.95E-74"	"IPR027417"	"P-loop containing nucleoside triphosphate hydrolase"	"-"
"PPA1322"	258	"SUPERFAMILY"	"SSF81606"	"PP2C-like"	31	239	"1.1E-32"	"IPR036457"	"PPM-type phosphatase domain superfamily"	"-"
"PPA1325"	561	"SUPERFAMILY"	"SSF52540"	"P-loop containing nucleoside triphosphate hydrolases"	131	417	"1.08E-72"	"IPR027417"	"P-loop containing nucleoside triphosphate hydrolase"	"-"
"PPA1327"	363	"SUPERFAMILY"	"SSF52374"	"Nucleotidylyl transferase"	37	361	"1.03E-74"	"-"	"-"	""
"PPA1328"	286	"SUPERFAMILY"	"SSF89550"	"PHP domain-like"	1	256	"1.71E-41"	"IPR016195"	"Polymerase/histidinol phosphatase-like"	"-"
"PPA1329"	1539	"SUPERFAMILY"	"SSF53223"	"Aminoacid dehydrogenase-like, N-terminal domain"	705	889	"4.32E-22"	"IPR046346"	"Aminoacid dehydrogenase-like, N-terminal domain superfamily"	"-"
"PPA1329"	1539	"SUPERFAMILY"	"SSF51735"	"NAD(P)-binding Rossmann-fold domains"	894	1172	"1.05E-25"	"IPR036291"	"NAD(P)-binding domain superfamily"	"-"
"PPA1330"	157	"SUPERFAMILY"	"SSF55961"	"Bet v1-like"	1	137	"2.09E-7"	"-"	"-"	""
"PPA1333"	901	"SUPERFAMILY"	"SSF52540"	"P-loop containing nucleoside triphosphate hydrolases"	396	613	"6.51E-58"	"IPR027417"	"P-loop containing nucleoside triphosphate hydrolase"	"-"
"PPA1333"	901	"SUPERFAMILY"	"SSF81886"	"Helical scaffold and wing domains of SecA"	615	833	"1.31E-71"	"IPR036266"	"SecA, Wing/Scaffold superfamily"	"-"
"PPA1333"	901	"SUPERFAMILY"	"SSF81767"	"Pre-protein crosslinking domain of SecA"	225	348	"1.57E-42"	"IPR036670"	"SecA, preprotein cross-linking domain superfamily"	"GO:0016020|GO:0017038"
"PPA1333"	901	"SUPERFAMILY"	"SSF52540"	"P-loop containing nucleoside triphosphate hydrolases"	7	395	"6.23E-74"	"IPR027417"	"P-loop containing nucleoside triphosphate hydrolase"	"-"
"PPA1334"	222	"SUPERFAMILY"	"SSF69754"	"Ribosome binding protein Y (YfiA homologue)"	22	126	"1.7E-21"	"IPR036567"	"Ribosome hibernation promotion factor-like"	"-"
"PPA1335"	215	"SUPERFAMILY"	"SSF53271"	"PRTase-like"	78	208	"1.7E-12"	"IPR029057"	"Phosphoribosyltransferase-like"	"-"
"PPA1337"	582	"SUPERFAMILY"	"SSF55874"	"ATPase domain of HSP90 chaperone/DNA topoisomerase II/histidine kinase"	391	556	"2.88E-37"	"IPR036890"	"Histidine kinase/HSP90-like ATPase superfamily"	"-"
"PPA1337"	582	"SUPERFAMILY"	"SSF158472"	"HAMP domain-like"	276	323	"6.54E-7"	"-"	"-"	""
"PPA1337"	582	"SUPERFAMILY"	"SSF47384"	"Homodimeric domain of signal transducing histidine kinase"	321	401	"1.06E-16"	"IPR036097"	"Signal transduction histidine kinase, dimerisation/phosphoacceptor domain superfamily"	"GO:0000155|GO:0007165"
"PPA1338"	236	"SUPERFAMILY"	"SSF52172"	"CheY-like"	9	188	"8.04E-38"	"IPR011006"	"CheY-like superfamily"	"-"
"PPA1339"	192	"SUPERFAMILY"	"SSF143456"	"VC0467-like"	8	185	"2.62E-38"	"-"	"-"	""
"PPA1341"	70	"SUPERFAMILY"	"SSF47598"	"Ribbon-helix-helix"	34	69	"1.49E-5"	"IPR010985"	"Ribbon-helix-helix"	"GO:0006355"
"PPA1342"	179	"SUPERFAMILY"	"SSF109854"	"DinB/YfiT-like putative metalloenzymes"	5	154	"4.12E-5"	"IPR034660"	"DinB/YfiT-like putative metalloenzymes"	"-"
"PPA1346"	486	"SUPERFAMILY"	"SSF48557"	"L-aspartase-like"	24	475	"4.4E-124"	"IPR008948"	"L-Aspartase-like"	"GO:0003824"
"PPA1347"	398	"SUPERFAMILY"	"SSF53383"	"PLP-dependent transferases"	20	394	"4.13E-110"	"IPR015424"	"Pyridoxal phosphate-dependent transferase"	"-"
"PPA1348"	310	"SUPERFAMILY"	"SSF53633"	"Carbamate kinase-like"	14	308	"7.59E-80"	"IPR036393"	"Acetylglutamate kinase-like superfamily"	"-"
"PPA1349"	269	"SUPERFAMILY"	"SSF56266"	"DmpA/ArgJ-like"	86	265	"1.27E-55"	"IPR016117"	"ArgJ-like domain superfamily"	"-"
"PPA1349"	269	"SUPERFAMILY"	"SSF56266"	"DmpA/ArgJ-like"	5	86	"1.31E-22"	"IPR016117"	"ArgJ-like domain superfamily"	"-"
"PPA1350"	374	"SUPERFAMILY"	"SSF55347"	"Glyceraldehyde-3-phosphate dehydrogenase-like, C-terminal domain"	183	342	"1.01E-33"	"-"	"-"	""
"PPA1350"	374	"SUPERFAMILY"	"SSF51735"	"NAD(P)-binding Rossmann-fold domains"	31	207	"1.5E-38"	"IPR036291"	"NAD(P)-binding domain superfamily"	"-"
"PPA1351"	160	"SUPERFAMILY"	"SSF74982"	"Small protein B (SmpB)"	4	134	"8.11E-47"	"IPR023620"	"Small protein B"	"-"
"PPA1353"	228	"SUPERFAMILY"	"SSF52540"	"P-loop containing nucleoside triphosphate hydrolases"	1	221	"2.59E-69"	"IPR027417"	"P-loop containing nucleoside triphosphate hydrolase"	"-"
"PPA1354"	368	"SUPERFAMILY"	"SSF75620"	"Release factor"	31	365	"6.15E-121"	"IPR045853"	"Peptide chain release factor class I superfamily"	"-"
"PPA1356"	866	"SUPERFAMILY"	"SSF46785"	"Winged helix DNA-binding domain"	789	855	"1.31E-16"	"IPR036390"	"Winged helix DNA-binding domain superfamily"	"-"
"PPA1356"	866	"SUPERFAMILY"	"SSF52540"	"P-loop containing nucleoside triphosphate hydrolases"	463	762	"1.06E-43"	"IPR027417"	"P-loop containing nucleoside triphosphate hydrolase"	"-"
"PPA1357"	320	"SUPERFAMILY"	"SSF56042"	"PurM C-terminal domain-like"	150	295	"2.09E-28"	"IPR036676"	"PurM-like, C-terminal domain superfamily"	"-"
"PPA1357"	320	"SUPERFAMILY"	"SSF55326"	"PurM N-terminal domain-like"	6	144	"8.72E-33"	"IPR036921"	"PurM-like, N-terminal domain superfamily"	"-"
"PPA1359"	365	"SUPERFAMILY"	"SSF56059"	"Glutathione synthetase ATP-binding domain-like"	139	360	"1.01E-56"	"-"	"-"	""
"PPA1359"	365	"SUPERFAMILY"	"SSF52440"	"PreATP-grasp domain"	3	138	"1.63E-33"	"IPR016185"	"Pre-ATP-grasp domain superfamily"	"-"
"PPA1360"	258	"SUPERFAMILY"	"SSF69593"	"Glycerol-3-phosphate (1)-acyltransferase"	23	223	"8.37E-37"	"-"	"-"	""
"PPA1361"	131	"SUPERFAMILY"	"SSF52016"	"LeuD/IlvD-like"	28	125	"1.57E-14"	"-"	"-"	""
"PPA1362"	135	"SUPERFAMILY"	"SSF53732"	"Aconitase iron-sulfur domain"	1	130	"1.06E-42"	"IPR036008"	"Aconitase, iron-sulfur domain"	"-"
"PPA1363"	111	"SUPERFAMILY"	"SSF53732"	"Aconitase iron-sulfur domain"	8	111	"3.27E-29"	"IPR036008"	"Aconitase, iron-sulfur domain"	"-"
"PPA1364"	239	"SUPERFAMILY"	"SSF55781"	"GAF domain-like"	62	234	"5.36E-33"	"-"	"-"	""
"PPA1364"	239	"SUPERFAMILY"	"SSF46785"	"Winged helix DNA-binding domain"	8	75	"2.24E-10"	"IPR036390"	"Winged helix DNA-binding domain superfamily"	"-"
"PPA1366"	266	"SUPERFAMILY"	"SSF56529"	"FAH"	55	264	"6.02E-79"	"IPR036663"	"Fumarylacetoacetase-like, C-terminal domain superfamily"	"GO:0003824"
"PPA1367"	429	"SUPERFAMILY"	"SSF52418"	"Nucleoside phosphorylase/phosphoribosyltransferase catalytic domain"	75	321	"1.96E-80"	"IPR035902"	"Nucleoside phosphorylase/phosphoribosyltransferase catalytic domain superfamily"	"-"
"PPA1367"	429	"SUPERFAMILY"	"SSF47648"	"Nucleoside phosphorylase/phosphoribosyltransferase N-terminal domain"	6	73	"9.81E-19"	"IPR036320"	"Glycosyl transferase family 3, N-terminal domain superfamily"	"-"
"PPA1367"	429	"SUPERFAMILY"	"SSF54680"	"Pyrimidine nucleoside phosphorylase C-terminal domain"	325	425	"1.28E-24"	"IPR036566"	"Pyrimidine nucleoside phosphorylase-like, C-terminal domain superfamily"	"GO:0006213|GO:0016763"
"PPA1368"	363	"SUPERFAMILY"	"SSF56752"	"D-aminoacid aminotransferase-like PLP-dependent enzymes"	8	359	"1.16E-96"	"IPR036038"	"Aminotransferase-like, PLP-dependent enzymes"	"GO:0003824"
"PPA1371"	192	"SUPERFAMILY"	"SSF53335"	"S-adenosyl-L-methionine-dependent methyltransferases"	23	150	"9.49E-11"	"IPR029063"	"S-adenosyl-L-methionine-dependent methyltransferase superfamily"	"-"
"PPA1372"	342	"SUPERFAMILY"	"SSF51735"	"NAD(P)-binding Rossmann-fold domains"	3	183	"1.02E-71"	"IPR036291"	"NAD(P)-binding domain superfamily"	"-"
"PPA1372"	342	"SUPERFAMILY"	"SSF48179"	"6-phosphogluconate dehydrogenase C-terminal domain-like"	184	329	"2.55E-67"	"IPR008927"	"6-phosphogluconate dehydrogenase-like, C-terminal domain superfamily"	"-"
"PPA1373"	81	"SUPERFAMILY"	"SSF55021"	"ACT-like"	35	81	"2.98E-9"	"IPR045865"	"ACT-like domain"	"-"
"PPA1375"	136	"SUPERFAMILY"	"SSF54197"	"HIT-like"	1	123	"4.33E-36"	"IPR036265"	"HIT-like superfamily"	"-"
"PPA1376"	251	"SUPERFAMILY"	"SSF51366"	"Ribulose-phoshate binding barrel"	2	251	"1.49E-77"	"IPR011060"	"Ribulose-phosphate binding barrel"	"-"
"PPA1377"	917	"SUPERFAMILY"	"SSF52540"	"P-loop containing nucleoside triphosphate hydrolases"	29	448	"3.96E-44"	"IPR027417"	"P-loop containing nucleoside triphosphate hydrolase"	"-"
"PPA1383"	347	"SUPERFAMILY"	"SSF52374"	"Nucleotidylyl transferase"	30	288	"2.45E-65"	"-"	"-"	""
"PPA1384"	374	"SUPERFAMILY"	"SSF54534"	"FKBP-like"	254	370	"1.85E-22"	"-"	"-"	""
"PPA1384"	374	"SUPERFAMILY"	"SSF54534"	"FKBP-like"	128	230	"3.34E-21"	"-"	"-"	""
"PPA1385"	245	"SUPERFAMILY"	"SSF55174"	"Alpha-L RNA-binding motif"	7	93	"3.03E-18"	"-"	"-"	""
"PPA1385"	245	"SUPERFAMILY"	"SSF55120"	"Pseudouridine synthase"	64	244	"1.03E-42"	"IPR020103"	"Pseudouridine synthase, catalytic domain superfamily"	"GO:0001522|GO:0003723|GO:0009451|GO:0009982"
"PPA1387"	315	"SUPERFAMILY"	"SSF52540"	"P-loop containing nucleoside triphosphate hydrolases"	61	312	"2.06E-65"	"IPR027417"	"P-loop containing nucleoside triphosphate hydrolase"	"-"
"PPA1388"	306	"SUPERFAMILY"	"SSF56349"	"DNA breaking-rejoining enzymes"	8	297	"2.5E-54"	"IPR011010"	"DNA breaking-rejoining enzyme, catalytic core"	"GO:0003677"
"PPA1389"	219	"SUPERFAMILY"	"SSF55811"	"Nudix"	12	187	"1.9E-35"	"IPR015797"	"NUDIX hydrolase-like domain superfamily"	"-"
"PPA1390"	562	"SUPERFAMILY"	"SSF52540"	"P-loop containing nucleoside triphosphate hydrolases"	9	272	"2.42E-118"	"IPR027417"	"P-loop containing nucleoside triphosphate hydrolase"	"-"
"PPA1390"	562	"SUPERFAMILY"	"SSF52317"	"Class I glutamine amidotransferase-like"	294	544	"1.92E-75"	"IPR029062"	"Class I glutamine amidotransferase-like"	"-"
"PPA1394"	559	"SUPERFAMILY"	"SSF52540"	"P-loop containing nucleoside triphosphate hydrolases"	1	516	"4.32E-44"	"IPR027417"	"P-loop containing nucleoside triphosphate hydrolase"	"-"
"PPA1395"	318	"SUPERFAMILY"	"SSF111331"	"NAD kinase/diacylglycerol kinase-like"	17	306	"8.63E-73"	"IPR016064"	"NAD kinase/diacylglycerol kinase-like domain superfamily"	"-"
"PPA1396"	258	"SUPERFAMILY"	"SSF53335"	"S-adenosyl-L-methionine-dependent methyltransferases"	66	200	"1.5E-20"	"IPR029063"	"S-adenosyl-L-methionine-dependent methyltransferase superfamily"	"-"
"PPA1396"	258	"SUPERFAMILY"	"SSF55174"	"Alpha-L RNA-binding motif"	14	67	"2.21E-13"	"-"	"-"	""
"PPA1399"	316	"SUPERFAMILY"	"SSF52540"	"P-loop containing nucleoside triphosphate hydrolases"	63	297	"3.77E-49"	"IPR027417"	"P-loop containing nucleoside triphosphate hydrolase"	"-"
"PPA1401"	332	"SUPERFAMILY"	"SSF56784"	"HAD-like"	10	262	"2.85E-49"	"IPR036412"	"HAD-like superfamily"	"-"
"PPA1402"	392	"SUPERFAMILY"	"SSF48452"	"TPR-like"	186	354	"3.22E-8"	"IPR011990"	"Tetratricopeptide-like helical domain superfamily"	"GO:0005515"
"PPA1404"	418	"SUPERFAMILY"	"SSF55174"	"Alpha-L RNA-binding motif"	324	414	"1.65E-12"	"-"	"-"	""
"PPA1404"	418	"SUPERFAMILY"	"SSF52374"	"Nucleotidylyl transferase"	1	321	"1.76E-92"	"-"	"-"	""
"PPA1405"	182	"SUPERFAMILY"	"SSF46785"	"Winged helix DNA-binding domain"	8	77	"6.89E-16"	"IPR036390"	"Winged helix DNA-binding domain superfamily"	"-"
"PPA1405"	182	"SUPERFAMILY"	"SSF55252"	"C-terminal domain of arginine repressor"	96	163	"5.49E-17"	"IPR036251"	"Arginine repressor, C-terminal domain superfamily"	"GO:0034618|GO:0051259"
"PPA1406"	203	"SUPERFAMILY"	"SSF46689"	"Homeodomain-like"	18	74	"5.99E-12"	"IPR009057"	"Homeobox-like domain superfamily"	"-"
"PPA1406"	203	"SUPERFAMILY"	"SSF48498"	"Tetracyclin repressor-like, C-terminal domain"	92	202	"2.11E-18"	"IPR036271"	"Tetracyclin repressor-like, C-terminal domain superfamily"	"-"
"PPA1407"	388	"SUPERFAMILY"	"SSF102114"	"Radical SAM enzymes"	39	347	"3.79E-71"	"-"	"-"	""
"PPA1408"	839	"SUPERFAMILY"	"SSF46955"	"Putative DNA-binding domain"	425	495	"6.13E-14"	"IPR009061"	"Putative DNA-binding domain superfamily"	"-"
"PPA1408"	839	"SUPERFAMILY"	"SSF54991"	"Anticodon-binding domain of PheRS"	742	838	"3.66E-25"	"IPR036690"	"Ferrodoxin-fold anticodon-binding domain superfamily"	"-"
"PPA1408"	839	"SUPERFAMILY"	"SSF56037"	"PheT/TilS domain"	233	420	"6.54E-67"	"-"	"-"	""
"PPA1408"	839	"SUPERFAMILY"	"SSF50249"	"Nucleic acid-binding proteins"	47	212	"2.57E-22"	"IPR012340"	"Nucleic acid-binding, OB-fold"	"-"
"PPA1408"	839	"SUPERFAMILY"	"SSF55681"	"Class II aaRS and biotin synthetases"	487	732	"1.69E-39"	"IPR045864"	"Class II Aminoacyl-tRNA synthetase/Biotinyl protein ligase (BPL) and lipoyl protein ligase (LPL)"	"-"
"PPA1409"	369	"SUPERFAMILY"	"SSF55681"	"Class II aaRS and biotin synthetases"	109	363	"4.97E-72"	"IPR045864"	"Class II Aminoacyl-tRNA synthetase/Biotinyl protein ligase (BPL) and lipoyl protein ligase (LPL)"	"-"
"PPA1409"	369	"SUPERFAMILY"	"SSF46589"	"tRNA-binding arm"	29	115	"1.99E-15"	"IPR010978"	"Class I and II aminoacyl-tRNA synthetase, tRNA-binding arm"	"GO:0000166"
"PPA1410"	273	"SUPERFAMILY"	"SSF75217"	"alpha/beta knot"	101	268	"6.41E-39"	"IPR029028"	"Alpha/beta knot methyltransferases"	"-"
"PPA1410"	273	"SUPERFAMILY"	"SSF55315"	"L30e-like"	19	109	"6.71E-19"	"IPR029064"	"50S ribosomal protein L30e-like"	"-"
"PPA1412"	123	"SUPERFAMILY"	"SSF74731"	"Ribosomal protein L20"	3	115	"9.94E-45"	"IPR035566"	"Ribosomal protein L20, C-terminal"	"-"
"PPA1413"	68	"SUPERFAMILY"	"SSF143034"	"L35p-like"	2	62	"2.75E-20"	"IPR037229"	"Ribosomal protein L35 superfamily"	"-"
"PPA1414"	268	"SUPERFAMILY"	"SSF55200"	"Translation initiation factor IF3, C-terminal domain"	125	208	"4.97E-32"	"IPR036788"	"Translation initiation factor 3 (IF-3), C-terminal domain superfamily"	"GO:0006413"
"PPA1414"	268	"SUPERFAMILY"	"SSF54364"	"Translation initiation factor IF3, N-terminal domain"	45	118	"8.37E-28"	"IPR036787"	"Translation initiation factor 3 (IF-3), N-terminal domain superfamily"	"GO:0003743|GO:0006413"
"PPA1417"	284	"SUPERFAMILY"	"SSF54913"	"GlnB-like"	212	283	"1.22E-20"	"IPR011322"	"Nitrogen regulatory PII-like, alpha/beta"	"-"
"PPA1417"	284	"SUPERFAMILY"	"SSF53850"	"Periplasmic binding protein-like II"	4	209	"3.21E-64"	"-"	"-"	""
"PPA1418"	88	"SUPERFAMILY"	"SSF101386"	"all-alpha NTP pyrophosphatases"	3	88	"6.98E-20"	"-"	"-"	""
"PPA1422"	324	"SUPERFAMILY"	"SSF51430"	"NAD(P)-linked oxidoreductase"	3	314	"1.44E-85"	"IPR036812"	"NADP-dependent oxidoreductase domain superfamily"	"-"
"PPA1423"	436	"SUPERFAMILY"	"SSF48256"	"Citrate synthase"	13	436	"0.0"	"IPR036969"	"Citrate synthase superfamily"	"GO:0046912"
"PPA1424"	454	"SUPERFAMILY"	"SSF53187"	"Zn-dependent exopeptidases"	11	453	"1.83E-45"	"-"	"-"	""
"PPA1424"	454	"SUPERFAMILY"	"SSF55031"	"Bacterial exopeptidase dimerisation domain"	213	339	"1.36E-8"	"IPR036264"	"Bacterial exopeptidase dimerisation domain"	"-"
"PPA1425"	377	"SUPERFAMILY"	"SSF53474"	"alpha/beta-Hydrolases"	35	375	"1.47E-41"	"IPR029058"	"Alpha/Beta hydrolase fold"	"-"
"PPA1427"	71	"SUPERFAMILY"	"SSF69047"	"Hypothetical protein YjbJ"	4	60	"4.18E-10"	"IPR036629"	"YjbJ superfamily"	"-"
"PPA1428"	175	"SUPERFAMILY"	"SSF46767"	"Methylated DNA-protein cysteine methyltransferase, C-terminal domain"	87	168	"1.44E-29"	"IPR036217"	"Methylated DNA-protein cysteine methyltransferase, DNA binding domain"	"-"
"PPA1428"	175	"SUPERFAMILY"	"SSF53155"	"Methylated DNA-protein cysteine methyltransferase domain"	14	90	"4.12E-9"	"IPR036631"	"Methylated DNA-protein cysteine methyltransferase domain superfamily"	"GO:0003908|GO:0006281"
"PPA1429"	377	"SUPERFAMILY"	"SSF102405"	"MCP/YpsA-like"	96	293	"1.68E-29"	"-"	"-"	""
"PPA1430"	490	"SUPERFAMILY"	"SSF54211"	"Ribosomal protein S5 domain 2-like"	2	151	"6.07E-33"	"IPR020568"	"Ribosomal protein S5 domain 2-type fold"	"-"
"PPA1430"	490	"SUPERFAMILY"	"SSF52540"	"P-loop containing nucleoside triphosphate hydrolases"	175	486	"2.05E-42"	"IPR027417"	"P-loop containing nucleoside triphosphate hydrolase"	"-"
"PPA1431"	140	"SUPERFAMILY"	"SSF52980"	"Restriction endonuclease-like"	32	125	"2.9E-20"	"IPR011335"	"Restriction endonuclease  type II-like"	"-"
"PPA1433"	204	"SUPERFAMILY"	"SSF53098"	"Ribonuclease H-like"	4	199	"6.22E-58"	"IPR012337"	"Ribonuclease H-like superfamily"	"-"
"PPA1434"	274	"SUPERFAMILY"	"SSF51306"	"LexA/Signal peptidase"	56	243	"7.32E-42"	"IPR036286"	"LexA/Signal peptidase-like superfamily"	"-"
"PPA1435"	117	"SUPERFAMILY"	"SSF50104"	"Translation proteins SH3-like domain"	2	113	"7.12E-47"	"IPR008991"	"Translation protein SH3-like domain superfamily"	"-"
"PPA1437"	257	"SUPERFAMILY"	"SSF54292"	"2Fe-2S ferredoxin-like"	1	121	"5.54E-21"	"IPR036010"	"2Fe-2S ferredoxin-like superfamily"	"GO:0051536"
"PPA1437"	257	"SUPERFAMILY"	"SSF46548"	"alpha-helical ferredoxin"	125	245	"3.31E-23"	"-"	"-"	""
"PPA1438"	675	"SUPERFAMILY"	"SSF51905"	"FAD/NAD(P)-binding domain"	57	488	"5.71E-47"	"IPR036188"	"FAD/NAD(P)-binding domain superfamily"	"-"
"PPA1438"	675	"SUPERFAMILY"	"SSF56425"	"Succinate dehydrogenase/fumarate reductase flavoprotein, catalytic domain"	284	440	"1.5E-31"	"IPR027477"	"Succinate dehydrogenase/fumarate reductase flavoprotein, catalytic domain superfamily"	"-"
"PPA1438"	675	"SUPERFAMILY"	"SSF46977"	"Succinate dehydrogenase/fumarate reductase flavoprotein C-terminal domain"	531	674	"4.84E-39"	"IPR037099"	"Fumarate reductase/succinate dehydrogenase flavoprotein-like, C-terminal domain superfamily"	"GO:0016491"
"PPA1439"	244	"SUPERFAMILY"	"SSF81343"	"Fumarate reductase respiratory complex transmembrane subunits"	10	243	"2.75E-51"	"IPR034804"	"Fumarate reductase/succinate dehydrogenase, transmembrane subunit"	"GO:0016020"
"PPA1440"	239	"SUPERFAMILY"	"SSF75217"	"alpha/beta knot"	1	233	"1.11E-85"	"IPR029028"	"Alpha/beta knot methyltransferases"	"-"
"PPA1441"	179	"SUPERFAMILY"	"SSF50346"	"PRC-barrel domain"	101	169	"9.03E-16"	"IPR011033"	"PRC-barrel-like superfamily"	"-"
"PPA1441"	179	"SUPERFAMILY"	"SSF50447"	"Translation proteins"	9	90	"5.65E-16"	"IPR009000"	"Translation protein, beta-barrel domain superfamily"	"-"
"PPA1442"	92	"SUPERFAMILY"	"SSF54814"	"Prokaryotic type KH domain (KH-domain type II)"	16	62	"2.22E-7"	"IPR009019"	"K homology domain superfamily, prokaryotic type"	"GO:0003723"
"PPA1443"	147	"SUPERFAMILY"	"SSF54565"	"Ribosomal protein S16"	3	85	"2.88E-32"	"IPR023803"	"Ribosomal protein S16 domain superfamily"	"-"
"PPA1444"	387	"SUPERFAMILY"	"SSF51556"	"Metallo-dependent hydrolases"	76	347	"3.02E-53"	"IPR032466"	"Metal-dependent hydrolase"	"-"
"PPA1445"	528	"SUPERFAMILY"	"SSF47446"	"Signal peptide-binding domain"	331	433	"8.34E-32"	"IPR036891"	"Signal recognition particle, SRP54 subunit, M-domain superfamily"	"GO:0006614|GO:0008312|GO:0048500"
"PPA1445"	528	"SUPERFAMILY"	"SSF52540"	"P-loop containing nucleoside triphosphate hydrolases"	42	358	"1.75E-56"	"IPR027417"	"P-loop containing nucleoside triphosphate hydrolase"	"-"
"PPA1446"	393	"SUPERFAMILY"	"SSF53474"	"alpha/beta-Hydrolases"	122	390	"5.78E-23"	"IPR029058"	"Alpha/Beta hydrolase fold"	"-"
"PPA1447"	396	"SUPERFAMILY"	"SSF52540"	"P-loop containing nucleoside triphosphate hydrolases"	186	389	"1.02E-46"	"IPR027417"	"P-loop containing nucleoside triphosphate hydrolase"	"-"
"PPA1447"	396	"SUPERFAMILY"	"SSF47364"	"Domain of the SRP/SRP receptor G-proteins"	90	166	"4.93E-16"	"IPR036225"	"SRP/SRP receptor, N-terminal"	"-"
"PPA1449"	113	"SUPERFAMILY"	"SSF143100"	"TTHA1013/TTHA0281-like"	7	75	"1.12E-9"	"IPR035069"	"TTHA1013/TTHA0281-like"	"-"
"PPA1449"	113	"SUPERFAMILY"	"SSF47598"	"Ribbon-helix-helix"	75	110	"4.89E-7"	"IPR010985"	"Ribbon-helix-helix"	"GO:0006355"
"PPA1451"	256	"SUPERFAMILY"	"SSF81624"	"N-terminal domain of MutM-like DNA repair proteins"	2	146	"7.98E-35"	"IPR035937"	"MutM-like, N-terminal"	"-"
"PPA1451"	256	"SUPERFAMILY"	"SSF46946"	"S13-like H2TH domain"	137	226	"3.09E-27"	"IPR010979"	"Ribosomal protein S13-like, H2TH"	"GO:0003676"
"PPA1452"	366	"SUPERFAMILY"	"SSF69065"	"RNase III domain-like"	139	294	"2.62E-43"	"IPR036389"	"Ribonuclease III, endonuclease domain superfamily"	"GO:0004525|GO:0006396"
"PPA1452"	366	"SUPERFAMILY"	"SSF54768"	"dsRNA-binding domain-like"	247	358	"1.05E-22"	"-"	"-"	""
"PPA1454"	511	"SUPERFAMILY"	"SSF53850"	"Periplasmic binding protein-like II"	101	507	"4.73E-65"	"-"	"-"	""
"PPA1455"	318	"SUPERFAMILY"	"SSF161098"	"MetI-like"	50	279	"4.71E-54"	"IPR035906"	"MetI-like superfamily"	"-"
"PPA1456"	298	"SUPERFAMILY"	"SSF161098"	"MetI-like"	27	298	"3.92E-64"	"IPR035906"	"MetI-like superfamily"	"-"
"PPA1457"	336	"SUPERFAMILY"	"SSF47413"	"lambda repressor-like DNA-binding domains"	2	60	"2.06E-16"	"IPR010982"	"Lambda repressor-like, DNA-binding domain superfamily"	"GO:0003677"
"PPA1457"	336	"SUPERFAMILY"	"SSF53822"	"Periplasmic binding protein-like I"	76	326	"7.71E-48"	"IPR028082"	"Periplasmic binding protein-like I"	"-"
"PPA1459"	1027	"SUPERFAMILY"	"SSF74650"	"Galactose mutarotase-like"	668	988	"6.91E-50"	"IPR011013"	"Galactose mutarotase-like domain superfamily"	"GO:0003824|GO:0005975|GO:0030246"
"PPA1459"	1027	"SUPERFAMILY"	"SSF88688"	"Families 57/38 glycoside transferase middle domain"	531	638	"1.21E-25"	"IPR028995"	"Glycoside hydrolase families 57/38, central domain superfamily"	"-"
"PPA1459"	1027	"SUPERFAMILY"	"SSF88713"	"Glycoside hydrolase/deacetylase"	261	530	"1.25E-75"	"IPR011330"	"Glycoside hydrolase/deacetylase, beta/alpha-barrel"	"GO:0005975"
"PPA1460"	399	"SUPERFAMILY"	"SSF51445"	"(Trans)glycosidases"	3	340	"9.81E-31"	"IPR017853"	"Glycoside hydrolase superfamily"	"-"
"PPA1463"	157	"SUPERFAMILY"	"SSF52374"	"Nucleotidylyl transferase"	2	154	"4.02E-41"	"-"	"-"	""
"PPA1464"	202	"SUPERFAMILY"	"SSF53335"	"S-adenosyl-L-methionine-dependent methyltransferases"	3	179	"4.33E-37"	"IPR029063"	"S-adenosyl-L-methionine-dependent methyltransferase superfamily"	"-"
"PPA1465"	140	"SUPERFAMILY"	"SSF50475"	"FMN-binding split barrel"	8	131	"7.67E-31"	"-"	"-"	""
"PPA1466"	749	"SUPERFAMILY"	"SSF50249"	"Nucleic acid-binding proteins"	27	204	"1.46E-14"	"IPR012340"	"Nucleic acid-binding, OB-fold"	"-"
"PPA1466"	749	"SUPERFAMILY"	"SSF52540"	"P-loop containing nucleoside triphosphate hydrolases"	322	694	"1.59E-41"	"IPR027417"	"P-loop containing nucleoside triphosphate hydrolase"	"-"
"PPA1466"	749	"SUPERFAMILY"	"SSF52540"	"P-loop containing nucleoside triphosphate hydrolases"	217	492	"5.09E-48"	"IPR027417"	"P-loop containing nucleoside triphosphate hydrolase"	"-"
"PPA1467"	557	"SUPERFAMILY"	"SSF56281"	"Metallo-hydrolase/oxidoreductase"	11	429	"1.27E-91"	"IPR036866"	"Ribonuclease Z/Hydroxyacylglutathione hydrolase-like"	"-"
"PPA1468"	579	"SUPERFAMILY"	"SSF52518"	"Thiamin diphosphate-binding fold (THDP-binding)"	359	555	"1.61E-58"	"IPR029061"	"Thiamin diphosphate-binding fold"	"-"
"PPA1468"	579	"SUPERFAMILY"	"SSF52467"	"DHS-like NAD/FAD-binding domain"	184	341	"2.65E-35"	"IPR029035"	"DHS-like NAD/FAD-binding domain superfamily"	"-"
"PPA1468"	579	"SUPERFAMILY"	"SSF52518"	"Thiamin diphosphate-binding fold (THDP-binding)"	1	184	"8.83E-42"	"IPR029061"	"Thiamin diphosphate-binding fold"	"-"
"PPA1470"	246	"SUPERFAMILY"	"SSF51735"	"NAD(P)-binding Rossmann-fold domains"	1	131	"5.72E-38"	"IPR036291"	"NAD(P)-binding domain superfamily"	"-"
"PPA1470"	246	"SUPERFAMILY"	"SSF55347"	"Glyceraldehyde-3-phosphate dehydrogenase-like, C-terminal domain"	105	215	"3.05E-40"	"-"	"-"	""
"PPA1471"	733	"SUPERFAMILY"	"SSF55666"	"Ribonuclease PH domain 2-like"	153	261	"2.5E-28"	"IPR036345"	"Exoribonuclease, PH domain 2 superfamily"	"-"
"PPA1471"	733	"SUPERFAMILY"	"SSF50249"	"Nucleic acid-binding proteins"	648	722	"2.93E-14"	"IPR012340"	"Nucleic acid-binding, OB-fold"	"-"
"PPA1471"	733	"SUPERFAMILY"	"SSF54791"	"Eukaryotic type KH-domain (KH-domain type I)"	583	670	"1.18E-19"	"IPR036612"	"K Homology domain, type 1 superfamily"	"GO:0003723"
"PPA1471"	733	"SUPERFAMILY"	"SSF54211"	"Ribosomal protein S5 domain 2-like"	322	493	"4.61E-43"	"IPR020568"	"Ribosomal protein S5 domain 2-type fold"	"-"
"PPA1471"	733	"SUPERFAMILY"	"SSF55666"	"Ribonuclease PH domain 2-like"	475	575	"4.91E-23"	"IPR036345"	"Exoribonuclease, PH domain 2 superfamily"	"-"
"PPA1471"	733	"SUPERFAMILY"	"SSF54211"	"Ribosomal protein S5 domain 2-like"	9	152	"9.11E-45"	"IPR020568"	"Ribosomal protein S5 domain 2-type fold"	"-"
"PPA1471"	733	"SUPERFAMILY"	"SSF46915"	"Polynucleotide phosphorylase/guanosine pentaphosphate synthase (PNPase/GPSI), domain 3"	265	345	"4.97E-18"	"IPR036456"	"Polyribonucleotide nucleotidyltransferase, RNA-binding domain superfamily"	"GO:0003723|GO:0006396"
"PPA1472"	87	"SUPERFAMILY"	"SSF47060"	"S15/NS1 RNA-binding domain"	3	87	"7.06E-35"	"IPR009068"	"S15/NS1, RNA-binding"	"-"
"PPA1474"	380	"SUPERFAMILY"	"SSF82114"	"Riboflavin kinase-like"	241	380	"2.62E-39"	"IPR023465"	"Riboflavin kinase domain superfamily"	"GO:0008531|GO:0009231"
"PPA1474"	380	"SUPERFAMILY"	"SSF52374"	"Nucleotidylyl transferase"	92	242	"2.85E-28"	"-"	"-"	""
"PPA1475"	339	"SUPERFAMILY"	"SSF53850"	"Periplasmic binding protein-like II"	70	337	"9.42E-63"	"-"	"-"	""
"PPA1476"	288	"SUPERFAMILY"	"SSF161098"	"MetI-like"	90	272	"2.09E-38"	"IPR035906"	"MetI-like superfamily"	"-"
"PPA1477"	435	"SUPERFAMILY"	"SSF54631"	"CBS-domain pair"	272	390	"1.02E-14"	"IPR046342"	"CBS domain superfamily"	"-"
"PPA1477"	435	"SUPERFAMILY"	"SSF52540"	"P-loop containing nucleoside triphosphate hydrolases"	38	268	"4.11E-75"	"IPR027417"	"P-loop containing nucleoside triphosphate hydrolase"	"-"
"PPA1478"	295	"SUPERFAMILY"	"SSF55120"	"Pseudouridine synthase"	5	212	"1.76E-66"	"IPR020103"	"Pseudouridine synthase, catalytic domain superfamily"	"GO:0001522|GO:0003723|GO:0009451|GO:0009982"
"PPA1479"	108	"SUPERFAMILY"	"SSF51182"	"RmlC-like cupins"	9	106	"1.39E-17"	"IPR011051"	"RmlC-like cupin domain superfamily"	"-"
"PPA1482"	640	"SUPERFAMILY"	"SSF63520"	"PTS-regulatory domain, PRD"	273	368	"1.44E-13"	"IPR036634"	"PRD domain superfamily"	"GO:0006355"
"PPA1482"	640	"SUPERFAMILY"	"SSF55804"	"Phoshotransferase/anion transport protein"	488	627	"1.5E-17"	"IPR016152"	"Phosphotransferase/anion transporter"	"-"
"PPA1486"	122	"SUPERFAMILY"	"SSF141530"	"PTSIIA/GutA-like"	4	120	"5.1E-33"	"IPR036665"	"Phosphotransferase system, glucitol/sorbitol-specific IIA component superfamily"	"GO:0005737|GO:0008982|GO:0009401"
"PPA1487"	99	"SUPERFAMILY"	"SSF55594"	"HPr-like"	1	86	"1.05E-17"	"IPR035895"	"HPr-like superfamily"	"-"
"PPA1488"	457	"SUPERFAMILY"	"SSF56796"	"Dehydroquinate synthase-like"	19	367	"7.2E-45"	"-"	"-"	""
"PPA1489"	143	"SUPERFAMILY"	"SSF89919"	"Ribosome-binding factor A, RbfA"	3	112	"1.44E-29"	"IPR023799"	"Ribosome-binding factor A domain superfamily"	"-"
"PPA1492"	260	"SUPERFAMILY"	"SSF52540"	"P-loop containing nucleoside triphosphate hydrolases"	6	226	"1.31E-51"	"IPR027417"	"P-loop containing nucleoside triphosphate hydrolase"	"-"
"PPA1493"	964	"SUPERFAMILY"	"SSF52156"	"Initiation factor IF2/eIF5b, domain 3"	743	872	"1.7E-34"	"IPR036925"	"Translation initiation factor IF-2, domain 3 superfamily"	"-"
"PPA1493"	964	"SUPERFAMILY"	"SSF52540"	"P-loop containing nucleoside triphosphate hydrolases"	454	625	"2.18E-48"	"IPR027417"	"P-loop containing nucleoside triphosphate hydrolase"	"-"
"PPA1493"	964	"SUPERFAMILY"	"SSF50447"	"Translation proteins"	636	719	"1.89E-24"	"IPR009000"	"Translation protein, beta-barrel domain superfamily"	"-"
"PPA1493"	964	"SUPERFAMILY"	"SSF50447"	"Translation proteins"	866	963	"1.7E-30"	"IPR009000"	"Translation protein, beta-barrel domain superfamily"	"-"
"PPA1494"	323	"SUPERFAMILY"	"SSF54814"	"Prokaryotic type KH domain (KH-domain type II)"	178	256	"5.56E-28"	"IPR009019"	"K homology domain superfamily, prokaryotic type"	"GO:0003723"
"PPA1494"	323	"SUPERFAMILY"	"SSF69705"	"Transcription factor NusA, N-terminal domain"	2	99	"2.09E-27"	"IPR036555"	"NusA, N-terminal domain superfamily"	"GO:0003700|GO:0031554"
"PPA1494"	323	"SUPERFAMILY"	"SSF50249"	"Nucleic acid-binding proteins"	110	177	"2.17E-16"	"IPR012340"	"Nucleic acid-binding, OB-fold"	"-"
"PPA1494"	323	"SUPERFAMILY"	"SSF54814"	"Prokaryotic type KH domain (KH-domain type II)"	257	321	"2.09E-15"	"IPR009019"	"K homology domain superfamily, prokaryotic type"	"GO:0003723"
"PPA1495"	178	"SUPERFAMILY"	"SSF75420"	"YhbC-like, N-terminal domain"	3	85	"2.48E-13"	"IPR035956"	"RimP, N-terminal domain superfamily"	"-"
"PPA1498"	584	"SUPERFAMILY"	"SSF56300"	"Metallo-dependent phosphatases"	105	519	"2.13E-26"	"IPR029052"	"Metallo-dependent phosphatase-like"	"-"
"PPA1499"	585	"SUPERFAMILY"	"SSF55826"	"YbaK/ProRS associated domain"	253	428	"7.72E-11"	"IPR036754"	"YbaK/aminoacyl-tRNA synthetase-associated domain superfamily"	"GO:0002161"
"PPA1499"	585	"SUPERFAMILY"	"SSF55681"	"Class II aaRS and biotin synthetases"	12	494	"2.11E-87"	"IPR045864"	"Class II Aminoacyl-tRNA synthetase/Biotinyl protein ligase (BPL) and lipoyl protein ligase (LPL)"	"-"
"PPA1499"	585	"SUPERFAMILY"	"SSF52954"	"Class II aaRS ABD-related"	479	583	"1.4E-25"	"-"	"-"	""
"PPA1501"	507	"SUPERFAMILY"	"SSF53807"	"Helical backbone metal receptor"	26	507	"1.92E-62"	"-"	"-"	""
"PPA1503"	228	"SUPERFAMILY"	"SSF52540"	"P-loop containing nucleoside triphosphate hydrolases"	2	203	"2.62E-50"	"IPR027417"	"P-loop containing nucleoside triphosphate hydrolase"	"-"
"PPA1504"	312	"SUPERFAMILY"	"SSF81345"	"ABC transporter involved in vitamin B12 uptake, BtuC"	15	268	"2.48E-39"	"IPR037294"	"ABC transporter, BtuC-like"	"-"
"PPA1505"	281	"SUPERFAMILY"	"SSF55729"	"Acyl-CoA N-acyltransferases (Nat)"	3	276	"1.36E-22"	"IPR016181"	"Acyl-CoA N-acyltransferase"	"-"
"PPA1506"	380	"SUPERFAMILY"	"SSF56014"	"Nitrite and sulphite reductase 4Fe-4S domain-like"	276	360	"7.19E-10"	"IPR045854"	"Nitrite and sulphite reductase 4Fe-4S domain-like superfamily"	"-"
"PPA1506"	380	"SUPERFAMILY"	"SSF51717"	"Dihydropteroate synthetase-like"	44	219	"4.0E-11"	"IPR011005"	"Dihydropteroate synthase-like"	"GO:0044237"
"PPA1507"	239	"SUPERFAMILY"	"SSF48613"	"Heme oxygenase-like"	30	231	"3.81E-45"	"IPR016084"	"Haem oxygenase-like, multi-helical"	"-"
"PPA1508"	166	"SUPERFAMILY"	"SSF56219"	"DNase I-like"	2	66	"1.48E-6"	"IPR036691"	"Endonuclease/exonuclease/phosphatase superfamily"	"-"
"PPA1509"	426	"SUPERFAMILY"	"SSF50156"	"PDZ domain-like"	168	232	"6.7E-14"	"IPR036034"	"PDZ superfamily"	"GO:0005515"
"PPA1510"	407	"SUPERFAMILY"	"SSF69055"	"1-deoxy-D-xylulose-5-phosphate reductoisomerase, C-terminal domain"	298	402	"2.09E-23"	"IPR036169"	"DXP reductoisomerase, C-terminal domain superfamily"	"-"
"PPA1510"	407	"SUPERFAMILY"	"SSF51735"	"NAD(P)-binding Rossmann-fold domains"	2	155	"8.09E-36"	"IPR036291"	"NAD(P)-binding domain superfamily"	"-"
"PPA1510"	407	"SUPERFAMILY"	"SSF55347"	"Glyceraldehyde-3-phosphate dehydrogenase-like, C-terminal domain"	133	269	"3.92E-52"	"-"	"-"	""
"PPA1511"	483	"SUPERFAMILY"	"SSF56601"	"beta-lactamase/transpeptidase-like"	25	336	"1.21E-63"	"IPR012338"	"Beta-lactamase/transpeptidase-like"	"-"
"PPA1512"	363	"SUPERFAMILY"	"SSF102405"	"MCP/YpsA-like"	146	358	"1.31E-26"	"-"	"-"	""
"PPA1513"	445	"SUPERFAMILY"	"SSF51735"	"NAD(P)-binding Rossmann-fold domains"	201	444	"1.73E-74"	"IPR036291"	"NAD(P)-binding domain superfamily"	"-"
"PPA1513"	445	"SUPERFAMILY"	"SSF53223"	"Aminoacid dehydrogenase-like, N-terminal domain"	5	195	"2.65E-72"	"IPR046346"	"Aminoacid dehydrogenase-like, N-terminal domain superfamily"	"-"
"PPA1514"	405	"SUPERFAMILY"	"SSF102114"	"Radical SAM enzymes"	147	379	"1.01E-14"	"-"	"-"	""
"PPA1515"	216	"SUPERFAMILY"	"SSF158442"	"DsbB-like"	36	155	"2.62E-17"	"IPR023380"	"DsbB-like superfamily"	"-"
"PPA1518"	184	"SUPERFAMILY"	"SSF55194"	"Ribosome recycling factor, RRF"	2	183	"1.57E-69"	"IPR036191"	"RRF superfamily"	"-"
"PPA1519"	237	"SUPERFAMILY"	"SSF53633"	"Carbamate kinase-like"	5	236	"2.75E-68"	"IPR036393"	"Acetylglutamate kinase-like superfamily"	"-"
"PPA1520"	270	"SUPERFAMILY"	"SSF54713"	"Elongation factor Ts (EF-Ts), dimerisation domain"	144	270	"1.16E-37"	"IPR036402"	"Elongation factor Ts, dimerisation domain superfamily"	"-"
"PPA1520"	270	"SUPERFAMILY"	"SSF46934"	"UBA-like"	3	54	"3.06E-16"	"IPR009060"	"UBA-like superfamily"	"GO:0005515"
"PPA1520"	270	"SUPERFAMILY"	"SSF54713"	"Elongation factor Ts (EF-Ts), dimerisation domain"	57	140	"5.56E-12"	"IPR036402"	"Elongation factor Ts, dimerisation domain superfamily"	"-"
"PPA1521"	283	"SUPERFAMILY"	"SSF52313"	"Ribosomal protein S2"	7	229	"6.28E-91"	"IPR023591"	"Ribosomal protein S2, flavodoxin-like domain superfamily"	"-"
"PPA1522"	315	"SUPERFAMILY"	"SSF56349"	"DNA breaking-rejoining enzymes"	22	308	"1.62E-52"	"IPR011010"	"DNA breaking-rejoining enzyme, catalytic core"	"GO:0003677"
"PPA1523"	252	"SUPERFAMILY"	"SSF51261"	"Duplicated hybrid motif"	26	158	"1.67E-19"	"IPR011055"	"Duplicated hybrid motif"	"-"
"PPA1524"	360	"SUPERFAMILY"	"SSF50974"	"Nitrous oxide reductase, N-terminal domain"	48	347	"6.8E-29"	"IPR011045"	"Nitrous oxide reductase, N-terminal"	"-"
"PPA1525"	200	"SUPERFAMILY"	"SSF56420"	"Peptide deformylase"	22	192	"2.88E-49"	"IPR036821"	"Peptide deformylase superfamily"	"-"
"PPA1526"	269	"SUPERFAMILY"	"SSF55315"	"L30e-like"	6	105	"8.95E-19"	"IPR029064"	"50S ribosomal protein L30e-like"	"-"
"PPA1526"	269	"SUPERFAMILY"	"SSF75217"	"alpha/beta knot"	98	268	"1.18E-41"	"IPR029028"	"Alpha/beta knot methyltransferases"	"-"
"PPA1528"	322	"SUPERFAMILY"	"SSF117892"	"Band 7/SPFH domain"	4	119	"4.45E-34"	"IPR036013"	"Band 7/SPFH domain superfamily"	"-"
"PPA1529"	155	"SUPERFAMILY"	"SSF141322"	"NfeD domain-like"	86	148	"1.28E-9"	"-"	"-"	""
"PPA1530"	261	"SUPERFAMILY"	"SSF52540"	"P-loop containing nucleoside triphosphate hydrolases"	7	234	"2.66E-48"	"IPR027417"	"P-loop containing nucleoside triphosphate hydrolase"	"-"
"PPA1532"	257	"SUPERFAMILY"	"SSF51735"	"NAD(P)-binding Rossmann-fold domains"	5	252	"2.75E-41"	"IPR036291"	"NAD(P)-binding domain superfamily"	"-"
"PPA1533"	239	"SUPERFAMILY"	"SSF51735"	"NAD(P)-binding Rossmann-fold domains"	7	235	"5.24E-78"	"IPR036291"	"NAD(P)-binding domain superfamily"	"-"
"PPA1536"	273	"SUPERFAMILY"	"SSF53335"	"S-adenosyl-L-methionine-dependent methyltransferases"	20	210	"2.26E-25"	"IPR029063"	"S-adenosyl-L-methionine-dependent methyltransferase superfamily"	"-"
"PPA1538"	532	"SUPERFAMILY"	"SSF52540"	"P-loop containing nucleoside triphosphate hydrolases"	310	517	"9.49E-47"	"IPR027417"	"P-loop containing nucleoside triphosphate hydrolase"	"-"
"PPA1538"	532	"SUPERFAMILY"	"SSF52540"	"P-loop containing nucleoside triphosphate hydrolases"	2	233	"5.06E-44"	"IPR027417"	"P-loop containing nucleoside triphosphate hydrolase"	"-"
"PPA1539"	165	"SUPERFAMILY"	"SSF55729"	"Acyl-CoA N-acyltransferases (Nat)"	25	164	"1.6E-27"	"IPR016181"	"Acyl-CoA N-acyltransferase"	"-"
"PPA1543"	118	"SUPERFAMILY"	"SSF117916"	"Fe-S cluster assembly (FSCA) domain-like"	16	111	"2.65E-28"	"IPR034904"	"Fe-S cluster assembly domain superfamily"	"-"
"PPA1544"	161	"SUPERFAMILY"	"SSF82649"	"SufE/NifU"	2	139	"3.4E-45"	"-"	"-"	""
"PPA1545"	413	"SUPERFAMILY"	"SSF53383"	"PLP-dependent transferases"	3	402	"1.57E-118"	"IPR015424"	"Pyridoxal phosphate-dependent transferase"	"-"
"PPA1546"	255	"SUPERFAMILY"	"SSF52540"	"P-loop containing nucleoside triphosphate hydrolases"	17	234	"3.0E-39"	"IPR027417"	"P-loop containing nucleoside triphosphate hydrolase"	"-"
"PPA1547"	107	"SUPERFAMILY"	"SSF50022"	"ISP domain"	4	102	"4.58E-29"	"IPR036922"	"Rieske [2Fe-2S] iron-sulphur domain superfamily"	"GO:0051537"
"PPA1548"	424	"SUPERFAMILY"	"SSF101960"	"Stabilizer of iron transporter SufD"	45	411	"4.32E-82"	"IPR037284"	"SUF system FeS cluster assembly, SufBD superfamily"	"-"
"PPA1549"	482	"SUPERFAMILY"	"SSF101960"	"Stabilizer of iron transporter SufD"	48	479	"0.0"	"IPR037284"	"SUF system FeS cluster assembly, SufBD superfamily"	"-"
"PPA1550"	254	"SUPERFAMILY"	"SSF46785"	"Winged helix DNA-binding domain"	25	212	"7.3E-31"	"IPR036390"	"Winged helix DNA-binding domain superfamily"	"-"
"PPA1552"	421	"SUPERFAMILY"	"SSF53850"	"Periplasmic binding protein-like II"	52	415	"1.47E-64"	"-"	"-"	""
"PPA1553"	534	"SUPERFAMILY"	"SSF161098"	"MetI-like"	282	522	"1.09E-57"	"IPR035906"	"MetI-like superfamily"	"-"
"PPA1553"	534	"SUPERFAMILY"	"SSF160964"	"MalF N-terminal region-like"	30	281	"3.53E-56"	"-"	"-"	""
"PPA1554"	301	"SUPERFAMILY"	"SSF161098"	"MetI-like"	24	301	"1.44E-63"	"IPR035906"	"MetI-like superfamily"	"-"
"PPA1555"	361	"SUPERFAMILY"	"SSF47413"	"lambda repressor-like DNA-binding domains"	4	54	"1.58E-12"	"IPR010982"	"Lambda repressor-like, DNA-binding domain superfamily"	"GO:0003677"
"PPA1555"	361	"SUPERFAMILY"	"SSF53822"	"Periplasmic binding protein-like I"	60	334	"1.77E-59"	"IPR028082"	"Periplasmic binding protein-like I"	"-"
"PPA1557"	249	"SUPERFAMILY"	"SSF52540"	"P-loop containing nucleoside triphosphate hydrolases"	12	231	"7.82E-51"	"IPR027417"	"P-loop containing nucleoside triphosphate hydrolase"	"-"
"PPA1560"	502	"SUPERFAMILY"	"SSF50939"	"Sialidases"	106	453	"5.05E-85"	"IPR036278"	"Sialidase superfamily"	"-"
"PPA1563"	524	"SUPERFAMILY"	"SSF51735"	"NAD(P)-binding Rossmann-fold domains"	29	229	"4.13E-61"	"IPR036291"	"NAD(P)-binding domain superfamily"	"-"
"PPA1563"	524	"SUPERFAMILY"	"SSF55347"	"Glyceraldehyde-3-phosphate dehydrogenase-like, C-terminal domain"	216	522	"8.17E-114"	"-"	"-"	""
"PPA1565"	244	"SUPERFAMILY"	"SSF100950"	"NagB/RpiA/CoA transferase-like"	6	240	"6.91E-57"	"IPR037171"	"NagB/RpiA transferase-like"	"-"
"PPA1567"	265	"SUPERFAMILY"	"SSF52833"	"Thioredoxin-like"	71	264	"1.81E-28"	"IPR036249"	"Thioredoxin-like superfamily"	"-"
"PPA1568"	870	"SUPERFAMILY"	"SSF47323"	"Anticodon-binding domain of a subclass of class I aminoacyl-tRNA synthetases"	647	856	"6.54E-40"	"IPR009080"	"Aminoacyl-tRNA synthetase, class Ia, anticodon-binding"	"GO:0000166|GO:0004812|GO:0005524|GO:0006418"
"PPA1568"	870	"SUPERFAMILY"	"SSF52374"	"Nucleotidylyl transferase"	22	638	"1.84E-104"	"-"	"-"	""
"PPA1568"	870	"SUPERFAMILY"	"SSF50677"	"ValRS/IleRS/LeuRS editing domain"	231	380	"2.35E-33"	"IPR009008"	"Valyl/Leucyl/Isoleucyl-tRNA synthetase, editing domain"	"GO:0002161|GO:0006418"
"PPA1569"	1321	"SUPERFAMILY"	"SSF49785"	"Galactose-binding domain-like"	36	189	"5.88E-23"	"IPR008979"	"Galactose-binding-like domain superfamily"	"-"
"PPA1570"	1111	"SUPERFAMILY"	"SSF69322"	"Tricorn protease domain 2"	364	686	"5.49E-22"	"-"	"-"	""
"PPA1570"	1111	"SUPERFAMILY"	"SSF50156"	"PDZ domain-like"	795	884	"1.68E-20"	"IPR036034"	"PDZ superfamily"	"GO:0005515"
"PPA1570"	1111	"SUPERFAMILY"	"SSF69304"	"Tricorn protease N-terminal domain"	29	293	"3.53E-26"	"-"	"-"	""
"PPA1570"	1111	"SUPERFAMILY"	"SSF52096"	"ClpP/crotonase"	714	1093	"6.79E-67"	"IPR029045"	"ClpP/crotonase-like domain superfamily"	"-"
"PPA1571"	429	"SUPERFAMILY"	"SSF52540"	"P-loop containing nucleoside triphosphate hydrolases"	60	402	"1.53E-70"	"IPR027417"	"P-loop containing nucleoside triphosphate hydrolase"	"-"
"PPA1571"	429	"SUPERFAMILY"	"SSF57716"	"Glucocorticoid receptor-like (DNA-binding domain)"	12	46	"1.11E-11"	"-"	"-"	""
"PPA1572"	253	"SUPERFAMILY"	"SSF52096"	"ClpP/crotonase"	69	252	"5.47E-60"	"IPR029045"	"ClpP/crotonase-like domain superfamily"	"-"
"PPA1573"	212	"SUPERFAMILY"	"SSF52096"	"ClpP/crotonase"	28	201	"2.84E-62"	"IPR029045"	"ClpP/crotonase-like domain superfamily"	"-"
"PPA1575"	530	"SUPERFAMILY"	"SSF102735"	"Trigger factor ribosome-binding domain"	1	132	"8.5E-38"	"IPR036611"	"Trigger factor ribosome-binding domain superfamily"	"GO:0006457|GO:0015031"
"PPA1575"	530	"SUPERFAMILY"	"SSF109998"	"Triger factor/SurA peptide-binding domain-like"	245	436	"2.75E-32"	"IPR027304"	"Trigger factor/SurA domain superfamily"	"-"
"PPA1575"	530	"SUPERFAMILY"	"SSF54534"	"FKBP-like"	133	243	"4.91E-20"	"-"	"-"	""
"PPA1577"	958	"SUPERFAMILY"	"SSF52540"	"P-loop containing nucleoside triphosphate hydrolases"	124	547	"6.6E-36"	"IPR027417"	"P-loop containing nucleoside triphosphate hydrolase"	"-"
"PPA1579"	207	"SUPERFAMILY"	"SSF52317"	"Class I glutamine amidotransferase-like"	19	179	"2.75E-20"	"IPR029062"	"Class I glutamine amidotransferase-like"	"-"
"PPA1586"	416	"SUPERFAMILY"	"SSF53335"	"S-adenosyl-L-methionine-dependent methyltransferases"	157	389	"6.56E-53"	"IPR029063"	"S-adenosyl-L-methionine-dependent methyltransferase superfamily"	"-"
"PPA1586"	416	"SUPERFAMILY"	"SSF110849"	"ParB/Sulfiredoxin"	1	132	"3.49E-15"	"IPR036086"	"ParB/Sulfiredoxin superfamily"	"-"
"PPA1587"	396	"SUPERFAMILY"	"SSF55973"	"S-adenosylmethionine synthetase"	4	101	"3.02E-27"	"IPR022636"	"S-adenosylmethionine synthetase superfamily"	"GO:0004478|GO:0006556"
"PPA1587"	396	"SUPERFAMILY"	"SSF55973"	"S-adenosylmethionine synthetase"	237	378	"1.47E-56"	"IPR022636"	"S-adenosylmethionine synthetase superfamily"	"GO:0004478|GO:0006556"
"PPA1587"	396	"SUPERFAMILY"	"SSF55973"	"S-adenosylmethionine synthetase"	116	235	"1.61E-34"	"IPR022636"	"S-adenosylmethionine synthetase superfamily"	"GO:0004478|GO:0006556"
"PPA1591"	813	"SUPERFAMILY"	"SSF47090"	"PGBD-like"	224	279	"2.04E-7"	"IPR036365"	"PGBD-like superfamily"	"-"
"PPA1591"	813	"SUPERFAMILY"	"SSF51445"	"(Trans)glycosidases"	288	473	"1.19E-42"	"IPR017853"	"Glycoside hydrolase superfamily"	"-"
"PPA1594"	458	"SUPERFAMILY"	"SSF52540"	"P-loop containing nucleoside triphosphate hydrolases"	120	452	"3.08E-28"	"IPR027417"	"P-loop containing nucleoside triphosphate hydrolase"	"-"
"PPA1594"	458	"SUPERFAMILY"	"SSF52540"	"P-loop containing nucleoside triphosphate hydrolases"	3	210	"1.66E-30"	"IPR027417"	"P-loop containing nucleoside triphosphate hydrolase"	"-"
"PPA1596"	752	"SUPERFAMILY"	"SSF52540"	"P-loop containing nucleoside triphosphate hydrolases"	494	625	"1.26E-8"	"IPR027417"	"P-loop containing nucleoside triphosphate hydrolase"	"-"
"PPA1597"	145	"SUPERFAMILY"	"SSF52309"	"N-(deoxy)ribosyltransferase-like"	39	141	"1.13E-5"	"-"	"-"	""
"PPA1603"	181	"SUPERFAMILY"	"SSF50249"	"Nucleic acid-binding proteins"	5	178	"1.32E-55"	"IPR012340"	"Nucleic acid-binding, OB-fold"	"-"
"PPA1606"	197	"SUPERFAMILY"	"SSF88659"	"Sigma3 and sigma4 domains of RNA polymerase sigma factors"	126	196	"1.2E-6"	"IPR013324"	"RNA polymerase sigma factor, region 3/4-like"	"-"
"PPA1609"	624	"SUPERFAMILY"	"SSF52540"	"P-loop containing nucleoside triphosphate hydrolases"	7	540	"6.49E-13"	"IPR027417"	"P-loop containing nucleoside triphosphate hydrolase"	"-"
"PPA1610"	78	"SUPERFAMILY"	"SSF47413"	"lambda repressor-like DNA-binding domains"	10	70	"1.32E-11"	"IPR010982"	"Lambda repressor-like, DNA-binding domain superfamily"	"GO:0003677"
"PPA1611"	663	"SUPERFAMILY"	"SSF53335"	"S-adenosyl-L-methionine-dependent methyltransferases"	69	460	"1.44E-61"	"IPR029063"	"S-adenosyl-L-methionine-dependent methyltransferase superfamily"	"-"
"PPA1612"	862	"SUPERFAMILY"	"SSF52540"	"P-loop containing nucleoside triphosphate hydrolases"	49	400	"1.16E-14"	"IPR027417"	"P-loop containing nucleoside triphosphate hydrolase"	"-"
"PPA1615"	2117	"SUPERFAMILY"	"SSF52540"	"P-loop containing nucleoside triphosphate hydrolases"	77	293	"1.29E-23"	"IPR027417"	"P-loop containing nucleoside triphosphate hydrolase"	"-"
"PPA1615"	2117	"SUPERFAMILY"	"SSF52540"	"P-loop containing nucleoside triphosphate hydrolases"	98	1114	"4.23E-27"	"IPR027417"	"P-loop containing nucleoside triphosphate hydrolase"	"-"
"PPA1616"	751	"SUPERFAMILY"	"SSF52540"	"P-loop containing nucleoside triphosphate hydrolases"	265	735	"2.02E-65"	"IPR027417"	"P-loop containing nucleoside triphosphate hydrolase"	"-"
"PPA1620"	313	"SUPERFAMILY"	"SSF53474"	"alpha/beta-Hydrolases"	37	311	"6.33E-29"	"IPR029058"	"Alpha/Beta hydrolase fold"	"-"
"PPA1621"	1120	"SUPERFAMILY"	"SSF50249"	"Nucleic acid-binding proteins"	634	765	"9.06E-29"	"IPR012340"	"Nucleic acid-binding, OB-fold"	"-"
"PPA1621"	1120	"SUPERFAMILY"	"SSF55681"	"Class II aaRS and biotin synthetases"	773	1116	"3.13E-101"	"IPR045864"	"Class II Aminoacyl-tRNA synthetase/Biotinyl protein ligase (BPL) and lipoyl protein ligase (LPL)"	"-"
"PPA1623"	299	"SUPERFAMILY"	"SSF46946"	"S13-like H2TH domain"	150	233	"1.19E-23"	"IPR010979"	"Ribosomal protein S13-like, H2TH"	"GO:0003676"
"PPA1623"	299	"SUPERFAMILY"	"SSF57716"	"Glucocorticoid receptor-like (DNA-binding domain)"	248	296	"1.17E-13"	"-"	"-"	""
"PPA1623"	299	"SUPERFAMILY"	"SSF81624"	"N-terminal domain of MutM-like DNA repair proteins"	29	151	"2.09E-21"	"IPR035937"	"MutM-like, N-terminal"	"-"
"PPA1624"	157	"SUPERFAMILY"	"SSF89623"	"Ribose/Galactose isomerase RpiB/AlsB"	8	154	"9.29E-52"	"IPR036569"	"Sugar-phosphate isomerase, RpiB/LacA/LacB superfamily"	"GO:0005975|GO:0016853"
"PPA1625"	429	"SUPERFAMILY"	"SSF55718"	"SCP-like"	323	419	"8.63E-15"	"IPR036527"	"SCP2 sterol-binding domain superfamily"	"-"
"PPA1625"	429	"SUPERFAMILY"	"SSF55729"	"Acyl-CoA N-acyltransferases (Nat)"	76	322	"2.54E-42"	"IPR016181"	"Acyl-CoA N-acyltransferase"	"-"
"PPA1626"	772	"SUPERFAMILY"	"SSF50249"	"Nucleic acid-binding proteins"	364	446	"2.4E-24"	"IPR012340"	"Nucleic acid-binding, OB-fold"	"-"
"PPA1626"	772	"SUPERFAMILY"	"SSF52113"	"BRCT domain"	685	764	"2.8E-18"	"IPR036420"	"BRCT domain superfamily"	"-"
"PPA1626"	772	"SUPERFAMILY"	"SSF47781"	"RuvA domain 2-like"	450	678	"6.67E-46"	"IPR010994"	"RuvA domain 2-like"	"-"
"PPA1626"	772	"SUPERFAMILY"	"SSF56091"	"DNA ligase/mRNA capping enzyme, catalytic domain"	51	362	"2.24E-113"	"-"	"-"	""
"PPA1627"	864	"SUPERFAMILY"	"SSF55486"	"Metalloproteases (zincins), catalytic domain"	224	467	"5.42E-67"	"-"	"-"	""
"PPA1627"	864	"SUPERFAMILY"	"SSF63737"	"Leukotriene A4 hydrolase N-terminal domain"	43	205	"5.75E-32"	"IPR042097"	"Aminopeptidase N-like , N-terminal domain superfamliy"	"-"
"PPA1629"	482	"SUPERFAMILY"	"SSF51735"	"NAD(P)-binding Rossmann-fold domains"	9	182	"1.35E-50"	"IPR036291"	"NAD(P)-binding domain superfamily"	"-"
"PPA1629"	482	"SUPERFAMILY"	"SSF48179"	"6-phosphogluconate dehydrogenase C-terminal domain-like"	182	476	"1.22E-106"	"IPR008927"	"6-phosphogluconate dehydrogenase-like, C-terminal domain superfamily"	"-"
"PPA1630"	557	"SUPERFAMILY"	"SSF51445"	"(Trans)glycosidases"	9	490	"4.41E-124"	"IPR017853"	"Glycoside hydrolase superfamily"	"-"
"PPA1631"	281	"SUPERFAMILY"	"SSF54637"	"Thioesterase/thiol ester dehydrase-isomerase"	151	279	"6.01E-26"	"IPR029069"	"HotDog domain superfamily"	"-"
"PPA1631"	281	"SUPERFAMILY"	"SSF54637"	"Thioesterase/thiol ester dehydrase-isomerase"	4	130	"8.1E-24"	"IPR029069"	"HotDog domain superfamily"	"-"
"PPA1632"	635	"SUPERFAMILY"	"SSF56801"	"Acetyl-CoA synthetase-like"	22	619	"4.06E-111"	"-"	"-"	""
"PPA1633"	178	"SUPERFAMILY"	"SSF46785"	"Winged helix DNA-binding domain"	34	174	"2.48E-26"	"IPR036390"	"Winged helix DNA-binding domain superfamily"	"-"
"PPA1634"	957	"SUPERFAMILY"	"SSF56176"	"FAD-binding/transporter-associated domain-like"	29	257	"6.54E-47"	"IPR036318"	"FAD-binding, type PCMH-like superfamily"	"GO:0050660"
"PPA1634"	957	"SUPERFAMILY"	"SSF46548"	"alpha-helical ferredoxin"	525	613	"3.66E-8"	"-"	"-"	""
"PPA1634"	957	"SUPERFAMILY"	"SSF55103"	"FAD-linked oxidases, C-terminal domain"	265	503	"1.96E-53"	"IPR016164"	"FAD-linked oxidase-like, C-terminal"	"GO:0003824|GO:0050660"
"PPA1635"	113	"SUPERFAMILY"	"SSF46785"	"Winged helix DNA-binding domain"	15	107	"2.84E-24"	"IPR036390"	"Winged helix DNA-binding domain superfamily"	"-"
"PPA1636"	561	"SUPERFAMILY"	"SSF52540"	"P-loop containing nucleoside triphosphate hydrolases"	8	241	"2.1E-49"	"IPR027417"	"P-loop containing nucleoside triphosphate hydrolase"	"-"
"PPA1636"	561	"SUPERFAMILY"	"SSF52540"	"P-loop containing nucleoside triphosphate hydrolases"	301	509	"1.12E-43"	"IPR027417"	"P-loop containing nucleoside triphosphate hydrolase"	"-"
"PPA1637"	153	"SUPERFAMILY"	"SSF50249"	"Nucleic acid-binding proteins"	3	123	"1.23E-26"	"IPR012340"	"Nucleic acid-binding, OB-fold"	"-"
"PPA1638"	536	"SUPERFAMILY"	"SSF52540"	"P-loop containing nucleoside triphosphate hydrolases"	51	235	"6.07E-19"	"IPR027417"	"P-loop containing nucleoside triphosphate hydrolase"	"-"
"PPA1639"	621	"SUPERFAMILY"	"SSF52540"	"P-loop containing nucleoside triphosphate hydrolases"	41	234	"5.28E-17"	"IPR027417"	"P-loop containing nucleoside triphosphate hydrolase"	"-"
"PPA1641"	403	"SUPERFAMILY"	"SSF103473"	"MFS general substrate transporter"	15	402	"6.8E-48"	"IPR036259"	"MFS transporter superfamily"	"-"
"PPA1642"	202	"SUPERFAMILY"	"SSF53098"	"Ribonuclease H-like"	2	173	"2.14E-39"	"IPR012337"	"Ribonuclease H-like superfamily"	"-"
"PPA1644"	477	"SUPERFAMILY"	"SSF56112"	"Protein kinase-like (PK-like)"	16	314	"3.37E-71"	"IPR011009"	"Protein kinase-like domain superfamily"	"-"
"PPA1645"	412	"SUPERFAMILY"	"SSF51445"	"(Trans)glycosidases"	87	383	"2.74E-49"	"IPR017853"	"Glycoside hydrolase superfamily"	"-"
"PPA1650"	1134	"SUPERFAMILY"	"SSF89550"	"PHP domain-like"	58	318	"3.34E-19"	"IPR016195"	"Polymerase/histidinol phosphatase-like"	"-"
"PPA1650"	1134	"SUPERFAMILY"	"SSF160975"	"AF1531-like"	912	952	"4.58E-5"	"-"	"-"	""
"PPA1651"	530	"SUPERFAMILY"	"SSF56672"	"DNA/RNA polymerases"	30	243	"2.0E-24"	"IPR043502"	"DNA/RNA polymerase superfamily"	"-"
"PPA1653"	439	"SUPERFAMILY"	"SSF53623"	"MurD-like peptide ligases, catalytic domain"	71	304	"2.49E-29"	"IPR036565"	"Mur-like, catalytic domain superfamily"	"GO:0005524|GO:0009058"
"PPA1654"	242	"SUPERFAMILY"	"SSF52317"	"Class I glutamine amidotransferase-like"	23	214	"2.18E-19"	"IPR029062"	"Class I glutamine amidotransferase-like"	"-"
"PPA1657"	340	"SUPERFAMILY"	"SSF161098"	"MetI-like"	67	286	"6.28E-54"	"IPR035906"	"MetI-like superfamily"	"-"
"PPA1658"	268	"SUPERFAMILY"	"SSF161098"	"MetI-like"	19	263	"4.86E-67"	"IPR035906"	"MetI-like superfamily"	"-"
"PPA1661"	179	"SUPERFAMILY"	"SSF52833"	"Thioredoxin-like"	23	176	"9.78E-44"	"IPR036249"	"Thioredoxin-like superfamily"	"-"
"PPA1662"	292	"SUPERFAMILY"	"SSF51445"	"(Trans)glycosidases"	83	285	"5.33E-59"	"IPR017853"	"Glycoside hydrolase superfamily"	"-"
"PPA1664"	147	"SUPERFAMILY"	"SSF49299"	"PKD domain"	29	104	"7.32E-12"	"IPR035986"	"PKD domain superfamily"	"-"
"PPA1664"	147	"SUPERFAMILY"	"SSF103647"	"TSP type-3 repeat"	89	139	"2.22E-9"	"IPR028974"	"TSP type-3 repeat"	"GO:0005509"
"PPA1665"	483	"SUPERFAMILY"	"SSF52266"	"SGNH hydrolase"	216	449	"2.66E-43"	"-"	"-"	""
"PPA1665"	483	"SUPERFAMILY"	"SSF48239"	"Terpenoid cyclases/Protein prenyltransferases"	61	200	"4.08E-12"	"IPR008930"	"Terpenoid cyclases/protein prenyltransferase alpha-alpha toroid"	"-"
"PPA1667"	85	"SUPERFAMILY"	"SSF48557"	"L-aspartase-like"	9	64	"2.83E-6"	"IPR008948"	"L-Aspartase-like"	"GO:0003824"
"PPA1668"	296	"SUPERFAMILY"	"SSF53697"	"SIS domain"	110	289	"8.23E-20"	"IPR046348"	"SIS domain superfamily"	"GO:0097367|GO:1901135"
"PPA1668"	296	"SUPERFAMILY"	"SSF46689"	"Homeodomain-like"	24	89	"2.33E-13"	"IPR009057"	"Homeobox-like domain superfamily"	"-"
"PPA1669"	637	"SUPERFAMILY"	"SSF53474"	"alpha/beta-Hydrolases"	33	166	"2.52E-21"	"IPR029058"	"Alpha/Beta hydrolase fold"	"-"
"PPA1670"	465	"SUPERFAMILY"	"SSF56672"	"DNA/RNA polymerases"	6	246	"4.8E-68"	"IPR043502"	"DNA/RNA polymerase superfamily"	"-"
"PPA1670"	465	"SUPERFAMILY"	"SSF100879"	"Lesion bypass DNA polymerase (Y-family), little finger domain"	250	350	"3.14E-26"	"IPR036775"	"DNA polymerase, Y-family, little finger domain superfamily"	"GO:0003684|GO:0006281"
"PPA1671"	156	"SUPERFAMILY"	"SSF53597"	"Dihydrofolate reductase-like"	1	154	"5.37E-44"	"IPR024072"	"Dihydrofolate reductase-like domain superfamily"	"-"
"PPA1672"	269	"SUPERFAMILY"	"SSF55831"	"Thymidylate synthase/dCMP hydroxymethylase"	1	269	"1.01E-122"	"IPR036926"	"Thymidylate synthase/dCMP hydroxymethylase superfamily"	"-"
"PPA1673"	204	"SUPERFAMILY"	"SSF52972"	"ITPase-like"	1	196	"8.63E-61"	"IPR029001"	"Inosine triphosphate pyrophosphatase-like"	"-"
"PPA1674"	254	"SUPERFAMILY"	"SSF54211"	"Ribosomal protein S5 domain 2-like"	8	195	"6.58E-46"	"IPR020568"	"Ribosomal protein S5 domain 2-type fold"	"-"
"PPA1674"	254	"SUPERFAMILY"	"SSF55666"	"Ribonuclease PH domain 2-like"	168	250	"1.14E-22"	"IPR036345"	"Exoribonuclease, PH domain 2 superfamily"	"-"
"PPA1675"	297	"SUPERFAMILY"	"SSF53681"	"Aspartate/glutamate racemase"	129	276	"6.41E-38"	"IPR001920"	"Asp/Glu racemase"	"GO:0016855"
"PPA1675"	297	"SUPERFAMILY"	"SSF53681"	"Aspartate/glutamate racemase"	25	127	"7.19E-34"	"IPR001920"	"Asp/Glu racemase"	"GO:0016855"
"PPA1676"	109	"SUPERFAMILY"	"SSF50037"	"C-terminal domain of transcriptional repressors"	20	91	"1.62E-15"	"IPR008988"	"Transcriptional repressor, C-terminal"	"-"
"PPA1677"	654	"SUPERFAMILY"	"SSF52540"	"P-loop containing nucleoside triphosphate hydrolases"	21	190	"6.28E-28"	"IPR027417"	"P-loop containing nucleoside triphosphate hydrolase"	"-"
"PPA1678"	181	"SUPERFAMILY"	"SSF117916"	"Fe-S cluster assembly (FSCA) domain-like"	101	180	"1.09E-13"	"IPR034904"	"Fe-S cluster assembly domain superfamily"	"-"
"PPA1680"	198	"SUPERFAMILY"	"SSF54736"	"ClpS-like"	15	71	"1.2E-17"	"IPR014719"	"Ribosomal protein L7/L12, C-terminal/adaptor protein ClpS-like"	"-"
"PPA1681"	446	"SUPERFAMILY"	"SSF54675"	"Nicotinate/Quinolinate PRTase N-terminal domain-like"	2	132	"4.36E-42"	"-"	"-"	""
"PPA1681"	446	"SUPERFAMILY"	"SSF51690"	"Nicotinate/Quinolinate PRTase C-terminal domain-like"	134	427	"3.09E-80"	"IPR036068"	"Nicotinate phosphoribosyltransferase-like, C-terminal"	"GO:0004514|GO:0009435"
"PPA1682"	91	"SUPERFAMILY"	"SSF47729"	"IHF-like DNA-binding proteins"	1	90	"3.39E-28"	"IPR010992"	"Integration host factor (IHF)-like DNA-binding domain superfamily"	"GO:0003677"
"PPA1683"	702	"SUPERFAMILY"	"SSF51445"	"(Trans)glycosidases"	172	691	"0.0"	"IPR017853"	"Glycoside hydrolase superfamily"	"-"
"PPA1686"	143	"SUPERFAMILY"	"SSF52304"	"Type II 3-dehydroquinate dehydratase"	3	141	"9.29E-53"	"IPR036441"	"Dehydroquinase, class II superfamily"	"GO:0003855"
"PPA1687"	343	"SUPERFAMILY"	"SSF161111"	"Cation efflux protein transmembrane domain-like"	21	243	"1.57E-32"	"IPR027469"	"Cation efflux transmembrane domain superfamily"	"-"
"PPA1687"	343	"SUPERFAMILY"	"SSF160240"	"Cation efflux protein cytoplasmic domain-like"	247	316	"3.92E-6"	"IPR036837"	"Cation efflux protein, cytoplasmic domain superfamily"	"-"
"PPA1688"	339	"SUPERFAMILY"	"SSF53697"	"SIS domain"	57	332	"1.56E-37"	"IPR046348"	"SIS domain superfamily"	"GO:0097367|GO:1901135"
"PPA1689"	92	"SUPERFAMILY"	"SSF158997"	"Trm112p-like"	15	69	"5.36E-11"	"-"	"-"	""
"PPA1691"	161	"SUPERFAMILY"	"SSF55486"	"Metalloproteases (zincins), catalytic domain"	54	157	"1.65E-14"	"-"	"-"	""
"PPA1693"	1109	"SUPERFAMILY"	"SSF53448"	"Nucleotide-diphospho-sugar transferases"	67	290	"3.6E-21"	"IPR029044"	"Nucleotide-diphospho-sugar transferases"	"-"
"PPA1696"	358	"SUPERFAMILY"	"SSF53448"	"Nucleotide-diphospho-sugar transferases"	3	279	"7.27E-55"	"IPR029044"	"Nucleotide-diphospho-sugar transferases"	"-"
"PPA1696"	358	"SUPERFAMILY"	"SSF159283"	"Guanosine diphospho-D-mannose pyrophosphorylase/mannose-6-phosphate isomerase linker domain"	284	348	"8.89E-11"	"-"	"-"	""
"PPA1698"	340	"SUPERFAMILY"	"SSF53448"	"Nucleotide-diphospho-sugar transferases"	6	267	"4.78E-48"	"IPR029044"	"Nucleotide-diphospho-sugar transferases"	"-"
"PPA1700"	985	"SUPERFAMILY"	"SSF49303"	"beta-Galactosidase/glucuronidase domain"	602	687	"6.26E-18"	"IPR036156"	"Beta-Galactosidase/glucuronidase domain superfamily"	"-"
"PPA1700"	985	"SUPERFAMILY"	"SSF51445"	"(Trans)glycosidases"	296	584	"8.28E-80"	"IPR017853"	"Glycoside hydrolase superfamily"	"-"
"PPA1700"	985	"SUPERFAMILY"	"SSF49785"	"Galactose-binding domain-like"	20	216	"5.53E-54"	"IPR008979"	"Galactose-binding-like domain superfamily"	"-"
"PPA1700"	985	"SUPERFAMILY"	"SSF49303"	"beta-Galactosidase/glucuronidase domain"	220	294	"5.76E-12"	"IPR036156"	"Beta-Galactosidase/glucuronidase domain superfamily"	"-"
"PPA1700"	985	"SUPERFAMILY"	"SSF74650"	"Galactose mutarotase-like"	720	984	"1.05E-62"	"IPR011013"	"Galactose mutarotase-like domain superfamily"	"GO:0003824|GO:0005975|GO:0030246"
"PPA1701"	196	"SUPERFAMILY"	"SSF52255"	"N5-CAIR mutase (phosphoribosylaminoimidazole carboxylase, PurE)"	35	192	"3.79E-65"	"-"	"-"	""
"PPA1702"	390	"SUPERFAMILY"	"SSF52440"	"PreATP-grasp domain"	6	100	"1.87E-24"	"IPR016185"	"Pre-ATP-grasp domain superfamily"	"-"
"PPA1702"	390	"SUPERFAMILY"	"SSF56059"	"Glutathione synthetase ATP-binding domain-like"	105	311	"6.89E-56"	"-"	"-"	""
"PPA1702"	390	"SUPERFAMILY"	"SSF51246"	"Rudiment single hybrid motif"	317	386	"1.57E-14"	"IPR011054"	"Rudiment single hybrid motif"	"-"
"PPA1704"	224	"SUPERFAMILY"	"SSF52317"	"Class I glutamine amidotransferase-like"	13	188	"6.87E-19"	"IPR029062"	"Class I glutamine amidotransferase-like"	"-"
"PPA1705"	279	"SUPERFAMILY"	"SSF55681"	"Class II aaRS and biotin synthetases"	20	212	"9.57E-44"	"IPR045864"	"Class II Aminoacyl-tRNA synthetase/Biotinyl protein ligase (BPL) and lipoyl protein ligase (LPL)"	"-"
"PPA1707"	524	"SUPERFAMILY"	"SSF52096"	"ClpP/crotonase"	11	261	"2.58E-75"	"IPR029045"	"ClpP/crotonase-like domain superfamily"	"-"
"PPA1707"	524	"SUPERFAMILY"	"SSF52096"	"ClpP/crotonase"	248	524	"1.87E-89"	"IPR029045"	"ClpP/crotonase-like domain superfamily"	"-"
"PPA1709"	221	"SUPERFAMILY"	"SSF52972"	"ITPase-like"	10	203	"6.15E-50"	"IPR029001"	"Inosine triphosphate pyrophosphatase-like"	"-"
"PPA1711"	244	"SUPERFAMILY"	"SSF51735"	"NAD(P)-binding Rossmann-fold domains"	15	221	"2.09E-46"	"IPR036291"	"NAD(P)-binding domain superfamily"	"-"
"PPA1712"	301	"SUPERFAMILY"	"SSF53613"	"Ribokinase-like"	37	296	"8.89E-58"	"IPR029056"	"Ribokinase-like"	"-"
"PPA1716"	332	"SUPERFAMILY"	"SSF143865"	"CorA soluble domain-like"	16	265	"3.01E-55"	"IPR045861"	"CorA, cytoplasmic domain"	"-"
"PPA1716"	332	"SUPERFAMILY"	"SSF144083"	"Magnesium transport protein CorA, transmembrane region"	268	328	"1.83E-12"	"IPR045863"	"CorA, transmembrane region"	"-"
"PPA1717"	133	"SUPERFAMILY"	"SSF55811"	"Nudix"	2	114	"1.1E-25"	"IPR015797"	"NUDIX hydrolase-like domain superfamily"	"-"
"PPA1719"	589	"SUPERFAMILY"	"SSF52440"	"PreATP-grasp domain"	3	116	"5.11E-44"	"IPR016185"	"Pre-ATP-grasp domain superfamily"	"-"
"PPA1719"	589	"SUPERFAMILY"	"SSF51230"	"Single hybrid motif"	514	586	"1.44E-17"	"IPR011053"	"Single hybrid motif"	"-"
"PPA1719"	589	"SUPERFAMILY"	"SSF56059"	"Glutathione synthetase ATP-binding domain-like"	86	326	"1.18E-56"	"-"	"-"	""
"PPA1719"	589	"SUPERFAMILY"	"SSF51246"	"Rudiment single hybrid motif"	332	447	"3.24E-36"	"IPR011054"	"Rudiment single hybrid motif"	"-"
"PPA1721"	459	"SUPERFAMILY"	"SSF55424"	"FAD/NAD-linked reductases, dimerisation (C-terminal) domain"	338	454	"6.36E-25"	"IPR016156"	"FAD/NAD-linked reductase, dimerisation domain superfamily"	"GO:0016491|GO:0050660"
"PPA1721"	459	"SUPERFAMILY"	"SSF51905"	"FAD/NAD(P)-binding domain"	4	331	"1.36E-52"	"IPR036188"	"FAD/NAD(P)-binding domain superfamily"	"-"
"PPA1722"	270	"SUPERFAMILY"	"SSF53167"	"Purine and uridine phosphorylases"	14	267	"7.37E-74"	"IPR035994"	"Nucleoside phosphorylase superfamily"	"GO:0003824|GO:0009116"
"PPA1723"	558	"SUPERFAMILY"	"SSF53738"	"Phosphoglucomutase, first 3 domains"	217	316	"1.29E-21"	"IPR016055"	"Alpha-D-phosphohexomutase, alpha/beta/alpha I/II/III"	"GO:0005975|GO:0016868"
"PPA1723"	558	"SUPERFAMILY"	"SSF55957"	"Phosphoglucomutase, C-terminal domain"	444	528	"2.09E-8"	"IPR036900"	"Alpha-D-phosphohexomutase, C-terminal domain superfamily"	"GO:0016868|GO:0071704"
"PPA1723"	558	"SUPERFAMILY"	"SSF53738"	"Phosphoglucomutase, first 3 domains"	308	443	"2.59E-28"	"IPR016055"	"Alpha-D-phosphohexomutase, alpha/beta/alpha I/II/III"	"GO:0005975|GO:0016868"
"PPA1723"	558	"SUPERFAMILY"	"SSF53738"	"Phosphoglucomutase, first 3 domains"	50	201	"1.73E-42"	"IPR016055"	"Alpha-D-phosphohexomutase, alpha/beta/alpha I/II/III"	"GO:0005975|GO:0016868"
"PPA1724"	557	"SUPERFAMILY"	"SSF56801"	"Acetyl-CoA synthetase-like"	16	553	"3.14E-116"	"-"	"-"	""
"PPA1725"	217	"SUPERFAMILY"	"SSF52540"	"P-loop containing nucleoside triphosphate hydrolases"	27	171	"4.0E-10"	"IPR027417"	"P-loop containing nucleoside triphosphate hydrolase"	"-"
"PPA1726"	550	"SUPERFAMILY"	"SSF103473"	"MFS general substrate transporter"	11	198	"9.29E-41"	"IPR036259"	"MFS transporter superfamily"	"-"
"PPA1726"	550	"SUPERFAMILY"	"SSF103473"	"MFS general substrate transporter"	210	547	"6.41E-22"	"IPR036259"	"MFS transporter superfamily"	"-"
"PPA1727"	236	"SUPERFAMILY"	"SSF53098"	"Ribonuclease H-like"	66	233	"6.49E-32"	"IPR012337"	"Ribonuclease H-like superfamily"	"-"
"PPA1728"	601	"SUPERFAMILY"	"SSF57770"	"Methionyl-tRNA synthetase (MetRS), Zn-domain"	149	183	"3.14E-12"	"IPR029038"	"Methionyl-tRNA synthetase, Zn-domain"	"-"
"PPA1728"	601	"SUPERFAMILY"	"SSF52374"	"Nucleotidylyl transferase"	15	409	"4.07E-91"	"-"	"-"	""
"PPA1728"	601	"SUPERFAMILY"	"SSF47323"	"Anticodon-binding domain of a subclass of class I aminoacyl-tRNA synthetases"	414	588	"1.68E-34"	"IPR009080"	"Aminoacyl-tRNA synthetase, class Ia, anticodon-binding"	"GO:0000166|GO:0004812|GO:0005524|GO:0006418"
"PPA1729"	300	"SUPERFAMILY"	"SSF53098"	"Ribonuclease H-like"	2	136	"5.44E-42"	"IPR012337"	"Ribonuclease H-like superfamily"	"-"
"PPA1729"	300	"SUPERFAMILY"	"SSF54427"	"NTF2-like"	194	298	"2.92E-6"	"IPR032710"	"NTF2-like domain superfamily"	"-"
"PPA1730"	146	"SUPERFAMILY"	"SSF53927"	"Cytidine deaminase-like"	11	137	"1.67E-39"	"IPR016193"	"Cytidine deaminase-like"	"GO:0003824"
"PPA1733"	529	"SUPERFAMILY"	"SSF52540"	"P-loop containing nucleoside triphosphate hydrolases"	263	497	"3.62E-44"	"IPR027417"	"P-loop containing nucleoside triphosphate hydrolase"	"-"
"PPA1733"	529	"SUPERFAMILY"	"SSF52540"	"P-loop containing nucleoside triphosphate hydrolases"	20	241	"1.49E-55"	"IPR027417"	"P-loop containing nucleoside triphosphate hydrolase"	"-"
"PPA1734"	419	"SUPERFAMILY"	"SSF53822"	"Periplasmic binding protein-like I"	112	329	"3.01E-10"	"IPR028082"	"Periplasmic binding protein-like I"	"-"
"PPA1735"	413	"SUPERFAMILY"	"SSF56112"	"Protein kinase-like (PK-like)"	158	365	"1.29E-19"	"IPR011009"	"Protein kinase-like domain superfamily"	"-"
"PPA1736"	468	"SUPERFAMILY"	"SSF56176"	"FAD-binding/transporter-associated domain-like"	355	447	"1.01E-12"	"IPR036318"	"FAD-binding, type PCMH-like superfamily"	"GO:0050660"
"PPA1736"	468	"SUPERFAMILY"	"SSF54631"	"CBS-domain pair"	204	344	"6.32E-28"	"IPR046342"	"CBS domain superfamily"	"-"
"PPA1738"	734	"SUPERFAMILY"	"SSF53659"	"Isocitrate/Isopropylmalate dehydrogenase-like"	2	734	"0.0"	"-"	"-"	""
"PPA1739"	283	"SUPERFAMILY"	"SSF55021"	"ACT-like"	4	81	"3.24E-13"	"IPR045865"	"ACT-like domain"	"-"
"PPA1739"	283	"SUPERFAMILY"	"SSF53328"	"Formyltransferase"	88	281	"4.06E-54"	"IPR036477"	"Formyl transferase, N-terminal domain superfamily"	"GO:0009058"
"PPA1740"	327	"SUPERFAMILY"	"SSF51735"	"NAD(P)-binding Rossmann-fold domains"	3	153	"7.15E-39"	"IPR036291"	"NAD(P)-binding domain superfamily"	"-"
"PPA1740"	327	"SUPERFAMILY"	"SSF56327"	"LDH C-terminal domain-like"	156	323	"3.4E-62"	"IPR015955"	"Lactate dehydrogenase/glycoside hydrolase, family 4, C-terminal"	"GO:0003824|GO:0016616"
"PPA1741"	447	"SUPERFAMILY"	"SSF53720"	"ALDH-like"	17	443	"1.96E-68"	"IPR016161"	"Aldehyde/histidinol dehydrogenase"	"GO:0016491"
"PPA1743"	287	"SUPERFAMILY"	"SSF53223"	"Aminoacid dehydrogenase-like, N-terminal domain"	1	121	"1.63E-36"	"IPR046346"	"Aminoacid dehydrogenase-like, N-terminal domain superfamily"	"-"
"PPA1743"	287	"SUPERFAMILY"	"SSF51735"	"NAD(P)-binding Rossmann-fold domains"	124	282	"4.59E-39"	"IPR036291"	"NAD(P)-binding domain superfamily"	"-"
"PPA1744"	321	"SUPERFAMILY"	"SSF53383"	"PLP-dependent transferases"	2	300	"1.63E-14"	"IPR015424"	"Pyridoxal phosphate-dependent transferase"	"-"
"PPA1747"	516	"SUPERFAMILY"	"SSF52335"	"Methylglyoxal synthase-like"	7	195	"1.03E-62"	"IPR036914"	"Methylglyoxal synthase-like domain superfamily"	"-"
"PPA1747"	516	"SUPERFAMILY"	"SSF53927"	"Cytidine deaminase-like"	215	516	"9.13E-111"	"IPR016193"	"Cytidine deaminase-like"	"GO:0003824"
"PPA1748"	207	"SUPERFAMILY"	"SSF53328"	"Formyltransferase"	4	188	"1.83E-51"	"IPR036477"	"Formyl transferase, N-terminal domain superfamily"	"GO:0009058"
"PPA1749"	166	"SUPERFAMILY"	"SSF52121"	"Lumazine synthase"	17	157	"8.9E-50"	"IPR036467"	"Lumazine/riboflavin synthase superfamily"	"GO:0009231|GO:0009349"
"PPA1750"	438	"SUPERFAMILY"	"SSF55821"	"YrdC/RibB"	2	201	"1.42E-72"	"IPR017945"	"DHBP synthase RibB-like alpha/beta domain superfamily"	"-"
"PPA1750"	438	"SUPERFAMILY"	"SSF142695"	"RibA-like"	212	378	"6.41E-50"	"IPR036144"	"GTP cyclohydrolase II superfamily"	"-"
"PPA1751"	199	"SUPERFAMILY"	"SSF63380"	"Riboflavin synthase domain-like"	92	194	"7.82E-30"	"IPR017938"	"Riboflavin synthase-like beta-barrel"	"-"
"PPA1751"	199	"SUPERFAMILY"	"SSF63380"	"Riboflavin synthase domain-like"	1	88	"1.19E-24"	"IPR017938"	"Riboflavin synthase-like beta-barrel"	"-"
"PPA1752"	331	"SUPERFAMILY"	"SSF53927"	"Cytidine deaminase-like"	8	139	"1.24E-42"	"IPR016193"	"Cytidine deaminase-like"	"GO:0003824"
"PPA1752"	331	"SUPERFAMILY"	"SSF53597"	"Dihydrofolate reductase-like"	145	326	"2.09E-47"	"IPR024072"	"Dihydrofolate reductase-like domain superfamily"	"-"
"PPA1754"	297	"SUPERFAMILY"	"SSF52210"	"Succinyl-CoA synthetase domains"	129	289	"1.14E-45"	"IPR016102"	"Succinyl-CoA synthetase-like"	"-"
"PPA1754"	297	"SUPERFAMILY"	"SSF51735"	"NAD(P)-binding Rossmann-fold domains"	1	128	"3.53E-37"	"IPR036291"	"NAD(P)-binding domain superfamily"	"-"
"PPA1755"	391	"SUPERFAMILY"	"SSF56059"	"Glutathione synthetase ATP-binding domain-like"	1	227	"3.53E-69"	"-"	"-"	""
"PPA1755"	391	"SUPERFAMILY"	"SSF52210"	"Succinyl-CoA synthetase domains"	232	387	"6.02E-39"	"IPR016102"	"Succinyl-CoA synthetase-like"	"-"
"PPA1756"	810	"SUPERFAMILY"	"SSF52540"	"P-loop containing nucleoside triphosphate hydrolases"	39	710	"0.0"	"IPR027417"	"P-loop containing nucleoside triphosphate hydrolase"	"-"
"PPA1758"	320	"SUPERFAMILY"	"SSF53850"	"Periplasmic binding protein-like II"	59	296	"1.36E-70"	"-"	"-"	""
"PPA1759"	365	"SUPERFAMILY"	"SSF52540"	"P-loop containing nucleoside triphosphate hydrolases"	17	255	"9.22E-80"	"IPR027417"	"P-loop containing nucleoside triphosphate hydrolase"	"-"
"PPA1760"	217	"SUPERFAMILY"	"SSF161098"	"MetI-like"	7	201	"4.32E-38"	"IPR035906"	"MetI-like superfamily"	"-"
"PPA1761"	422	"SUPERFAMILY"	"SSF56024"	"Phospholipase D/nuclease"	60	220	"7.53E-42"	"-"	"-"	""
"PPA1761"	422	"SUPERFAMILY"	"SSF56024"	"Phospholipase D/nuclease"	227	406	"2.24E-43"	"-"	"-"	""
"PPA1764"	530	"SUPERFAMILY"	"SSF54810"	"GMP synthetase C-terminal dimerisation domain"	409	530	"1.15E-46"	"-"	"-"	""
"PPA1764"	530	"SUPERFAMILY"	"SSF52317"	"Class I glutamine amidotransferase-like"	13	240	"1.53E-54"	"IPR029062"	"Class I glutamine amidotransferase-like"	"-"
"PPA1764"	530	"SUPERFAMILY"	"SSF52402"	"Adenine nucleotide alpha hydrolases-like"	196	450	"3.53E-57"	"-"	"-"	""
"PPA1765"	190	"SUPERFAMILY"	"SSF51161"	"Trimeric LpxA-like enzymes"	10	184	"4.02E-51"	"IPR011004"	"Trimeric LpxA-like superfamily"	"-"
"PPA1766"	115	"SUPERFAMILY"	"SSF48600"	"Chorismate mutase II"	4	91	"6.41E-23"	"IPR036263"	"Chorismate mutase type II superfamily"	"GO:0046417"
"PPA1767"	367	"SUPERFAMILY"	"SSF51412"	"Inosine monophosphate dehydrogenase (IMPDH)"	9	366	"1.57E-68"	"-"	"-"	""
"PPA1768"	504	"SUPERFAMILY"	"SSF51412"	"Inosine monophosphate dehydrogenase (IMPDH)"	15	494	"1.7E-116"	"-"	"-"	""
"PPA1768"	504	"SUPERFAMILY"	"SSF54631"	"CBS-domain pair"	102	211	"1.77E-28"	"IPR046342"	"CBS domain superfamily"	"-"
"PPA1772"	531	"SUPERFAMILY"	"SSF48592"	"GroEL equatorial domain-like"	7	520	"2.0E-74"	"IPR027413"	"GroEL-like equatorial domain superfamily"	"-"
"PPA1772"	531	"SUPERFAMILY"	"SSF52029"	"GroEL apical domain-like"	184	375	"8.22E-78"	"IPR027409"	"GroEL-like apical domain superfamily"	"-"
"PPA1772"	531	"SUPERFAMILY"	"SSF54849"	"GroEL-intermediate domain like"	138	203	"6.18E-23"	"IPR027410"	"TCP-1-like chaperonin intermediate domain superfamily"	"-"
"PPA1773"	98	"SUPERFAMILY"	"SSF50129"	"GroES-like"	3	97	"7.06E-36"	"IPR011032"	"GroES-like superfamily"	"-"
"PPA1776"	399	"SUPERFAMILY"	"SSF53335"	"S-adenosyl-L-methionine-dependent methyltransferases"	66	215	"1.61E-20"	"IPR029063"	"S-adenosyl-L-methionine-dependent methyltransferase superfamily"	"-"
"PPA1778"	250	"SUPERFAMILY"	"SSF52540"	"P-loop containing nucleoside triphosphate hydrolases"	3	221	"3.03E-59"	"IPR027417"	"P-loop containing nucleoside triphosphate hydrolase"	"-"
"PPA1779"	364	"SUPERFAMILY"	"SSF81345"	"ABC transporter involved in vitamin B12 uptake, BtuC"	24	354	"1.7E-74"	"IPR037294"	"ABC transporter, BtuC-like"	"-"
"PPA1780"	389	"SUPERFAMILY"	"SSF53807"	"Helical backbone metal receptor"	39	358	"1.77E-35"	"-"	"-"	""
"PPA1781"	163	"SUPERFAMILY"	"SSF55811"	"Nudix"	2	138	"4.2E-23"	"IPR015797"	"NUDIX hydrolase-like domain superfamily"	"-"
"PPA1782"	347	"SUPERFAMILY"	"SSF53067"	"Actin-like ATPase domain"	5	318	"1.17E-36"	"IPR043129"	"ATPase, nucleotide binding domain"	"-"
"PPA1783"	155	"SUPERFAMILY"	"SSF55729"	"Acyl-CoA N-acyltransferases (Nat)"	2	141	"7.55E-34"	"IPR016181"	"Acyl-CoA N-acyltransferase"	"-"
"PPA1784"	218	"SUPERFAMILY"	"SSF53067"	"Actin-like ATPase domain"	4	103	"6.15E-19"	"IPR043129"	"ATPase, nucleotide binding domain"	"-"
"PPA1784"	218	"SUPERFAMILY"	"SSF53067"	"Actin-like ATPase domain"	109	160	"6.34E-7"	"IPR043129"	"ATPase, nucleotide binding domain"	"-"
"PPA1785"	297	"SUPERFAMILY"	"SSF52540"	"P-loop containing nucleoside triphosphate hydrolases"	147	249	"1.57E-13"	"IPR027417"	"P-loop containing nucleoside triphosphate hydrolase"	"-"
"PPA1787"	700	"SUPERFAMILY"	"SSF52540"	"P-loop containing nucleoside triphosphate hydrolases"	300	583	"3.25E-64"	"IPR027417"	"P-loop containing nucleoside triphosphate hydrolase"	"-"
"PPA1790"	246	"SUPERFAMILY"	"SSF52540"	"P-loop containing nucleoside triphosphate hydrolases"	36	242	"1.36E-56"	"IPR027417"	"P-loop containing nucleoside triphosphate hydrolase"	"-"
"PPA1791"	363	"SUPERFAMILY"	"SSF53756"	"UDP-Glycosyltransferase/glycogen phosphorylase"	4	350	"6.85E-66"	"-"	"-"	""
"PPA1792"	481	"SUPERFAMILY"	"SSF64153"	"YjeF N-terminal domain-like"	4	249	"6.93E-47"	"IPR036652"	"YjeF N-terminal domain superfamily"	"-"
"PPA1792"	481	"SUPERFAMILY"	"SSF53613"	"Ribokinase-like"	227	467	"2.93E-44"	"IPR029056"	"Ribokinase-like"	"-"
"PPA1793"	127	"SUPERFAMILY"	"SSF56214"	"4'-phosphopantetheinyl transferase"	13	126	"1.7E-22"	"IPR037143"	"4'-phosphopantetheinyl transferase domain superfamily"	"GO:0000287|GO:0008897"
"PPA1794"	637	"SUPERFAMILY"	"SSF53697"	"SIS domain"	269	637	"2.04E-104"	"IPR046348"	"SIS domain superfamily"	"GO:0097367|GO:1901135"
"PPA1794"	637	"SUPERFAMILY"	"SSF56235"	"N-terminal nucleophile aminohydrolases (Ntn hydrolases)"	24	259	"9.44E-67"	"IPR029055"	"Nucleophile aminohydrolases, N-terminal"	"-"
"PPA1796"	339	"SUPERFAMILY"	"SSF53474"	"alpha/beta-Hydrolases"	91	311	"2.46E-18"	"IPR029058"	"Alpha/Beta hydrolase fold"	"-"
"PPA1799"	327	"SUPERFAMILY"	"SSF52540"	"P-loop containing nucleoside triphosphate hydrolases"	15	326	"3.34E-64"	"IPR027417"	"P-loop containing nucleoside triphosphate hydrolase"	"-"
"PPA1801"	450	"SUPERFAMILY"	"SSF53738"	"Phosphoglucomutase, first 3 domains"	4	182	"2.08E-43"	"IPR016055"	"Alpha-D-phosphohexomutase, alpha/beta/alpha I/II/III"	"GO:0005975|GO:0016868"
"PPA1801"	450	"SUPERFAMILY"	"SSF55957"	"Phosphoglucomutase, C-terminal domain"	360	445	"4.19E-22"	"IPR036900"	"Alpha-D-phosphohexomutase, C-terminal domain superfamily"	"GO:0016868|GO:0071704"
"PPA1801"	450	"SUPERFAMILY"	"SSF53738"	"Phosphoglucomutase, first 3 domains"	260	367	"5.1E-29"	"IPR016055"	"Alpha-D-phosphohexomutase, alpha/beta/alpha I/II/III"	"GO:0005975|GO:0016868"
"PPA1801"	450	"SUPERFAMILY"	"SSF53738"	"Phosphoglucomutase, first 3 domains"	157	258	"1.06E-26"	"IPR016055"	"Alpha-D-phosphohexomutase, alpha/beta/alpha I/II/III"	"GO:0005975|GO:0016868"
"PPA1802"	173	"SUPERFAMILY"	"SSF54211"	"Ribosomal protein S5 domain 2-like"	50	173	"1.1E-43"	"IPR020568"	"Ribosomal protein S5 domain 2-type fold"	"-"
"PPA1803"	147	"SUPERFAMILY"	"SSF52161"	"Ribosomal protein L13"	4	144	"3.79E-57"	"IPR036899"	"Ribosomal protein L13 superfamily"	"GO:0003735|GO:0005840|GO:0006412"
"PPA1808"	314	"SUPERFAMILY"	"SSF53335"	"S-adenosyl-L-methionine-dependent methyltransferases"	134	309	"6.09E-25"	"IPR029063"	"S-adenosyl-L-methionine-dependent methyltransferase superfamily"	"-"
"PPA1809"	279	"SUPERFAMILY"	"SSF55120"	"Pseudouridine synthase"	1	256	"1.05E-69"	"IPR020103"	"Pseudouridine synthase, catalytic domain superfamily"	"GO:0001522|GO:0003723|GO:0009451|GO:0009982"
"PPA1810"	206	"SUPERFAMILY"	"SSF53335"	"S-adenosyl-L-methionine-dependent methyltransferases"	29	201	"1.39E-32"	"IPR029063"	"S-adenosyl-L-methionine-dependent methyltransferase superfamily"	"-"
"PPA1813"	551	"SUPERFAMILY"	"SSF52540"	"P-loop containing nucleoside triphosphate hydrolases"	4	237	"1.11E-53"	"IPR027417"	"P-loop containing nucleoside triphosphate hydrolase"	"-"
"PPA1813"	551	"SUPERFAMILY"	"SSF52540"	"P-loop containing nucleoside triphosphate hydrolases"	290	515	"1.33E-38"	"IPR027417"	"P-loop containing nucleoside triphosphate hydrolase"	"-"
"PPA1815"	253	"SUPERFAMILY"	"SSF51735"	"NAD(P)-binding Rossmann-fold domains"	7	242	"4.59E-75"	"IPR036291"	"NAD(P)-binding domain superfamily"	"-"
"PPA1817"	277	"SUPERFAMILY"	"SSF52540"	"P-loop containing nucleoside triphosphate hydrolases"	28	252	"1.68E-52"	"IPR027417"	"P-loop containing nucleoside triphosphate hydrolase"	"-"
"PPA1818"	205	"SUPERFAMILY"	"SSF46609"	"Fe,Mn superoxide dismutase (SOD), N-terminal domain"	3	89	"1.11E-34"	"IPR036324"	"Manganese/iron superoxide dismutase, N-terminal domain superfamily"	"-"
"PPA1818"	205	"SUPERFAMILY"	"SSF54719"	"Fe,Mn superoxide dismutase (SOD), C-terminal domain"	85	199	"1.06E-39"	"IPR036314"	"Manganese/iron superoxide dismutase, C-terminal domain superfamily"	"-"
"PPA1819"	174	"SUPERFAMILY"	"SSF51445"	"(Trans)glycosidases"	66	172	"6.16E-38"	"IPR017853"	"Glycoside hydrolase superfamily"	"-"
"PPA1820"	1418	"SUPERFAMILY"	"SSF49785"	"Galactose-binding domain-like"	830	978	"2.0E-29"	"IPR008979"	"Galactose-binding-like domain superfamily"	"-"
"PPA1820"	1418	"SUPERFAMILY"	"SSF51445"	"(Trans)glycosidases"	1140	1412	"6.16E-69"	"IPR017853"	"Glycoside hydrolase superfamily"	"-"
"PPA1820"	1418	"SUPERFAMILY"	"SSF49785"	"Galactose-binding domain-like"	654	825	"4.98E-23"	"IPR008979"	"Galactose-binding-like domain superfamily"	"-"
"PPA1820"	1418	"SUPERFAMILY"	"SSF51445"	"(Trans)glycosidases"	12	222	"1.05E-38"	"IPR017853"	"Glycoside hydrolase superfamily"	"-"
"PPA1820"	1418	"SUPERFAMILY"	"SSF55545"	"beta-N-acetylhexosaminidase-like domain"	996	1139	"6.11E-24"	"IPR029018"	"Beta-hexosaminidase-like, domain 2"	"-"
"PPA1820"	1418	"SUPERFAMILY"	"SSF51011"	"Glycosyl hydrolase domain"	408	558	"4.17E-22"	"-"	"-"	""
"PPA1821"	469	"SUPERFAMILY"	"SSF49785"	"Galactose-binding domain-like"	258	397	"4.89E-30"	"IPR008979"	"Galactose-binding-like domain superfamily"	"-"
"PPA1822"	457	"SUPERFAMILY"	"SSF103473"	"MFS general substrate transporter"	21	446	"5.36E-77"	"IPR036259"	"MFS transporter superfamily"	"-"
"PPA1823"	210	"SUPERFAMILY"	"SSF54001"	"Cysteine proteinases"	76	142	"1.92E-5"	"IPR038765"	"Papain-like cysteine peptidase superfamily"	"-"
"PPA1824"	405	"SUPERFAMILY"	"SSF53756"	"UDP-Glycosyltransferase/glycogen phosphorylase"	5	362	"1.26E-51"	"-"	"-"	""
"PPA1825"	178	"SUPERFAMILY"	"SSF64263"	"Prokaryotic ribosomal protein L17"	1	117	"1.07E-40"	"IPR036373"	"Ribosomal protein L17 superfamily"	"GO:0003735|GO:0005840|GO:0006412"
"PPA1826"	338	"SUPERFAMILY"	"SSF47789"	"C-terminal domain of RNA polymerase alpha subunit"	246	317	"7.85E-25"	"-"	"-"	""
"PPA1826"	338	"SUPERFAMILY"	"SSF55257"	"RBP11-like subunits of RNA polymerase"	8	221	"2.16E-25"	"IPR036603"	"RNA polymerase, RBP11-like subunit"	"GO:0006351|GO:0046983"
"PPA1826"	338	"SUPERFAMILY"	"SSF56553"	"Insert subdomain of RNA polymerase alpha subunit"	48	169	"1.7E-40"	"IPR036643"	"DNA-directed RNA polymerase, insert domain superfamily"	"-"
"PPA1827"	201	"SUPERFAMILY"	"SSF55174"	"Alpha-L RNA-binding motif"	3	201	"2.68E-70"	"-"	"-"	""
"PPA1828"	135	"SUPERFAMILY"	"SSF53137"	"Translational machinery components"	20	135	"4.8E-48"	"-"	"-"	""
"PPA1829"	123	"SUPERFAMILY"	"SSF46946"	"S13-like H2TH domain"	2	121	"5.23E-44"	"IPR010979"	"Ribosomal protein S13-like, H2TH"	"GO:0003676"
"PPA1831"	37	"SUPERFAMILY"	"SSF57840"	"Ribosomal protein L36"	1	37	"1.57E-17"	"IPR035977"	"Ribosomal protein L36 superfamily"	"GO:0003735|GO:0005840|GO:0006412"
"PPA1832"	73	"SUPERFAMILY"	"SSF50249"	"Nucleic acid-binding proteins"	4	72	"8.81E-26"	"IPR012340"	"Nucleic acid-binding, OB-fold"	"-"
"PPA1833"	279	"SUPERFAMILY"	"SSF55920"	"Creatinase/aminopeptidase"	9	259	"8.37E-77"	"IPR036005"	"Creatinase/aminopeptidase-like"	"-"
"PPA1834"	189	"SUPERFAMILY"	"SSF52540"	"P-loop containing nucleoside triphosphate hydrolases"	1	186	"7.86E-45"	"IPR027417"	"P-loop containing nucleoside triphosphate hydrolase"	"-"
"PPA1835"	439	"SUPERFAMILY"	"SSF103491"	"Preprotein translocase SecY subunit"	1	428	"1.31E-122"	"IPR023201"	"SecY domain superfamily"	"-"
"PPA1837"	402	"SUPERFAMILY"	"SSF103473"	"MFS general substrate transporter"	6	367	"5.49E-24"	"IPR036259"	"MFS transporter superfamily"	"-"
"PPA1839"	248	"SUPERFAMILY"	"SSF51695"	"PLC-like phosphodiesterases"	5	242	"1.65E-64"	"IPR017946"	"PLC-like phosphodiesterase, TIM beta/alpha-barrel domain superfamily"	"GO:0006629|GO:0008081"
"PPA1840"	567	"SUPERFAMILY"	"SSF53850"	"Periplasmic binding protein-like II"	55	563	"9.06E-85"	"-"	"-"	""
"PPA1842"	146	"SUPERFAMILY"	"SSF52080"	"Ribosomal proteins L15p and L18e"	6	144	"3.66E-38"	"IPR036227"	"Ribosomal L18e/L15P superfamily"	"-"
"PPA1843"	60	"SUPERFAMILY"	"SSF55129"	"Ribosomal protein L30p/L7e"	1	60	"1.01E-20"	"IPR036919"	"Ribosomal protein L30, ferredoxin-like fold domain superfamily"	"-"
"PPA1844"	215	"SUPERFAMILY"	"SSF54211"	"Ribosomal protein S5 domain 2-like"	102	182	"3.54E-25"	"IPR020568"	"Ribosomal protein S5 domain 2-type fold"	"-"
"PPA1844"	215	"SUPERFAMILY"	"SSF54768"	"dsRNA-binding domain-like"	30	99	"6.91E-22"	"-"	"-"	""
"PPA1845"	127	"SUPERFAMILY"	"SSF53137"	"Translational machinery components"	14	125	"1.31E-44"	"-"	"-"	""
"PPA1846"	180	"SUPERFAMILY"	"SSF56053"	"Ribosomal protein L6"	84	178	"1.44E-33"	"IPR036789"	"Ribosomal protein L6, alpha-beta domain superfamily"	"GO:0003735|GO:0005840|GO:0006412|GO:0019843"
"PPA1846"	180	"SUPERFAMILY"	"SSF56053"	"Ribosomal protein L6"	1	83	"2.49E-26"	"IPR036789"	"Ribosomal protein L6, alpha-beta domain superfamily"	"GO:0003735|GO:0005840|GO:0006412|GO:0019843"
"PPA1848"	135	"SUPERFAMILY"	"SSF56047"	"Ribosomal protein S8"	3	135	"6.8E-43"	"IPR035987"	"Ribosomal protein S8 superfamily"	"GO:0003735|GO:0005840|GO:0006412"
"PPA1849"	61	"SUPERFAMILY"	"SSF57716"	"Glucocorticoid receptor-like (DNA-binding domain)"	3	61	"1.07E-22"	"-"	"-"	""
"PPA1850"	210	"SUPERFAMILY"	"SSF55282"	"RL5-like"	12	187	"4.71E-73"	"IPR022803"	"Ribosomal protein L5 domain superfamily"	"-"
"PPA1851"	122	"SUPERFAMILY"	"SSF50104"	"Translation proteins SH3-like domain"	1	101	"7.74E-26"	"IPR008991"	"Translation protein SH3-like domain superfamily"	"-"
"PPA1852"	122	"SUPERFAMILY"	"SSF50193"	"Ribosomal protein L14"	1	122	"3.4E-51"	"IPR036853"	"Ribosomal protein L14 superfamily"	"GO:0003735|GO:0005840|GO:0006412"
"PPA1853"	90	"SUPERFAMILY"	"SSF50249"	"Nucleic acid-binding proteins"	11	89	"1.63E-30"	"IPR012340"	"Nucleic acid-binding, OB-fold"	"-"
"PPA1855"	77	"SUPERFAMILY"	"SSF46561"	"Ribosomal protein L29 (L29p)"	5	66	"2.35E-23"	"IPR036049"	"Ribosomal protein L29/L35 superfamily"	"GO:0003735|GO:0005840|GO:0006412"
"PPA1856"	139	"SUPERFAMILY"	"SSF54686"	"Ribosomal protein L16p/L10e"	1	136	"3.4E-56"	"IPR036920"	"Ribosomal protein L10e/L16 superfamily"	"GO:0003735|GO:0005840|GO:0006412"
"PPA1857"	269	"SUPERFAMILY"	"SSF54821"	"Ribosomal protein S3 C-terminal domain"	106	205	"6.54E-37"	"IPR036419"	"Ribosomal protein S3, C-terminal domain superfamily"	"-"
"PPA1857"	269	"SUPERFAMILY"	"SSF54814"	"Prokaryotic type KH domain (KH-domain type II)"	2	105	"6.28E-35"	"IPR009019"	"K homology domain superfamily, prokaryotic type"	"GO:0003723"
"PPA1858"	153	"SUPERFAMILY"	"SSF54843"	"Ribosomal protein L22"	19	128	"5.89E-38"	"IPR036394"	"Ribosomal protein L22/L17 superfamily"	"GO:0003735|GO:0005840|GO:0006412"
"PPA1859"	93	"SUPERFAMILY"	"SSF54570"	"Ribosomal protein S19"	3	84	"1.01E-33"	"IPR023575"	"Ribosomal protein S19/S15, superfamily"	"GO:0003735|GO:0005840|GO:0006412"
"PPA1860"	278	"SUPERFAMILY"	"SSF50104"	"Translation proteins SH3-like domain"	127	271	"3.13E-57"	"IPR008991"	"Translation protein SH3-like domain superfamily"	"-"
"PPA1860"	278	"SUPERFAMILY"	"SSF50249"	"Nucleic acid-binding proteins"	3	126	"4.8E-50"	"IPR012340"	"Nucleic acid-binding, OB-fold"	"-"
"PPA1861"	102	"SUPERFAMILY"	"SSF54189"	"Ribosomal proteins S24e, L23 and L15e"	7	99	"2.41E-33"	"IPR012678"	"Ribosomal protein L23/L15e core domain superfamily"	"GO:0003735|GO:0005840|GO:0006412"
"PPA1862"	301	"SUPERFAMILY"	"SSF52166"	"Ribosomal protein L4"	6	207	"8.9E-72"	"IPR023574"	"Ribosomal protein L4 domain superfamily"	"GO:0003735|GO:0005840|GO:0006412"
"PPA1863"	223	"SUPERFAMILY"	"SSF50447"	"Translation proteins"	6	218	"7.33E-83"	"IPR009000"	"Translation protein, beta-barrel domain superfamily"	"-"
"PPA1865"	103	"SUPERFAMILY"	"SSF54999"	"Ribosomal protein S10"	5	102	"2.62E-38"	"IPR036838"	"Ribosomal protein S10 domain superfamily"	"-"
"PPA1866"	653	"SUPERFAMILY"	"SSF53383"	"PLP-dependent transferases"	263	645	"4.6E-93"	"IPR015424"	"Pyridoxal phosphate-dependent transferase"	"-"
"PPA1869"	497	"SUPERFAMILY"	"SSF48163"	"An anticodon-binding domain of class I aminoacyl-tRNA synthetases"	318	490	"9.29E-36"	"IPR008925"	"Aminoacyl-tRNA synthetase, class I, anticodon-binding superfamily"	"GO:0000049"
"PPA1869"	497	"SUPERFAMILY"	"SSF52374"	"Nucleotidylyl transferase"	7	312	"3.22E-97"	"-"	"-"	""
"PPA1870"	565	"SUPERFAMILY"	"SSF50715"	"Ribosomal protein L25-like"	345	555	"3.66E-60"	"IPR011035"	"Ribosomal protein L25/Gln-tRNA synthetase, anti-codon-binding domain superfamily"	"GO:0006412"
"PPA1870"	565	"SUPERFAMILY"	"SSF52374"	"Nucleotidylyl transferase"	33	351	"5.35E-85"	"-"	"-"	""
"PPA1871"	648	"SUPERFAMILY"	"SSF56300"	"Metallo-dependent phosphatases"	47	363	"5.7E-69"	"IPR029052"	"Metallo-dependent phosphatase-like"	"-"
"PPA1871"	648	"SUPERFAMILY"	"SSF55816"	"5'-nucleotidase (syn. UDP-sugar hydrolase), C-terminal domain"	378	599	"2.62E-39"	"IPR036907"	"5'-Nucleotidase, C-terminal domain superfamily"	"GO:0009166|GO:0016787"
"PPA1872"	621	"SUPERFAMILY"	"SSF53474"	"alpha/beta-Hydrolases"	348	530	"1.32E-5"	"IPR029058"	"Alpha/Beta hydrolase fold"	"-"
"PPA1873"	397	"SUPERFAMILY"	"SSF50447"	"Translation proteins"	207	304	"2.75E-31"	"IPR009000"	"Translation protein, beta-barrel domain superfamily"	"-"
"PPA1873"	397	"SUPERFAMILY"	"SSF50465"	"EF-Tu/eEF-1alpha/eIF2-gamma C-terminal domain"	302	396	"4.03E-34"	"IPR009001"	"Translation elongation factor EF1A/initiation factor IF2gamma, C-terminal"	"-"
"PPA1873"	397	"SUPERFAMILY"	"SSF52540"	"P-loop containing nucleoside triphosphate hydrolases"	6	221	"2.45E-61"	"IPR027417"	"P-loop containing nucleoside triphosphate hydrolase"	"-"
"PPA1875"	697	"SUPERFAMILY"	"SSF54980"	"EF-G C-terminal domain-like"	605	691	"4.32E-29"	"IPR035647"	"EF-G domain III/V-like"	"-"
"PPA1875"	697	"SUPERFAMILY"	"SSF50447"	"Translation proteins"	265	405	"6.6E-37"	"IPR009000"	"Translation protein, beta-barrel domain superfamily"	"-"
"PPA1875"	697	"SUPERFAMILY"	"SSF54211"	"Ribosomal protein S5 domain 2-like"	480	601	"2.48E-44"	"IPR020568"	"Ribosomal protein S5 domain 2-type fold"	"-"
"PPA1875"	697	"SUPERFAMILY"	"SSF52540"	"P-loop containing nucleoside triphosphate hydrolases"	5	282	"2.2E-102"	"IPR027417"	"P-loop containing nucleoside triphosphate hydrolase"	"-"
"PPA1875"	697	"SUPERFAMILY"	"SSF54980"	"EF-G C-terminal domain-like"	405	482	"2.63E-25"	"IPR035647"	"EF-G domain III/V-like"	"-"
"PPA1876"	156	"SUPERFAMILY"	"SSF47973"	"Ribosomal protein S7"	1	149	"2.09E-58"	"IPR036823"	"Ribosomal protein S7 domain superfamily"	"-"
"PPA1878"	140	"SUPERFAMILY"	"SSF50249"	"Nucleic acid-binding proteins"	19	140	"5.4E-52"	"IPR012340"	"Nucleic acid-binding, OB-fold"	"-"
"PPA1880"	299	"SUPERFAMILY"	"SSF81296"	"E set domains"	41	107	"8.01E-5"	"IPR014756"	"Immunoglobulin E-set"	"-"
"PPA1883"	1293	"SUPERFAMILY"	"SSF64484"	"beta and beta-prime subunits of DNA dependent RNA-polymerase"	6	1244	"0.0"	"-"	"-"	""
"PPA1884"	1159	"SUPERFAMILY"	"SSF64484"	"beta and beta-prime subunits of DNA dependent RNA-polymerase"	20	1132	"0.0"	"-"	"-"	""
"PPA1885"	130	"SUPERFAMILY"	"SSF48300"	"Ribosomal protein L7/12, oligomerisation (N-terminal) domain"	5	66	"5.89E-15"	"IPR036235"	"Ribosomal protein L7/L12, oligomerisation domain superfamily"	"GO:0003735|GO:0005840|GO:0006412"
"PPA1885"	130	"SUPERFAMILY"	"SSF54736"	"ClpS-like"	59	130	"1.41E-23"	"IPR014719"	"Ribosomal protein L7/L12, C-terminal/adaptor protein ClpS-like"	"-"
"PPA1887"	243	"SUPERFAMILY"	"SSF160369"	"Ribosomal protein L10-like"	40	207	"2.75E-52"	"IPR043141"	"Ribosomal protein L10-like domain superfamily"	"-"
"PPA1889"	232	"SUPERFAMILY"	"SSF56808"	"Ribosomal protein L1"	5	224	"4.45E-84"	"IPR023674"	"Ribosomal protein L1-like"	"-"
"PPA1890"	143	"SUPERFAMILY"	"SSF46906"	"Ribosomal protein L11, C-terminal domain"	69	142	"6.93E-28"	"IPR036769"	"Ribosomal protein L11, C-terminal domain superfamily"	"-"
"PPA1890"	143	"SUPERFAMILY"	"SSF54747"	"Ribosomal L11/L12e N-terminal domain"	4	86	"4.71E-26"	"IPR036796"	"Ribosomal protein L11/L12, N-terminal domain superfamily"	"-"
"PPA1891"	303	"SUPERFAMILY"	"SSF82679"	"N-utilization substance G protein NusG, N-terminal domain"	117	220	"1.31E-36"	"IPR036735"	"NusG, N-terminal domain superfamily"	"GO:0006355"
"PPA1891"	303	"SUPERFAMILY"	"SSF50104"	"Translation proteins SH3-like domain"	249	303	"9.53E-16"	"IPR008991"	"Translation protein SH3-like domain superfamily"	"-"
"PPA1893"	421	"SUPERFAMILY"	"SSF53383"	"PLP-dependent transferases"	60	408	"2.11E-46"	"IPR015424"	"Pyridoxal phosphate-dependent transferase"	"-"
"PPA1894"	376	"SUPERFAMILY"	"SSF56194"	"Uridine diphospho-N-Acetylenolpyruvylglucosamine reductase, MurB, C-terminal domain"	244	374	"7.46E-31"	"IPR036635"	"UDP-N-acetylenolpyruvoylglucosamine reductase, C-terminal domain superfamily"	"GO:0008762"
"PPA1894"	376	"SUPERFAMILY"	"SSF56176"	"FAD-binding/transporter-associated domain-like"	39	217	"4.44E-40"	"IPR036318"	"FAD-binding, type PCMH-like superfamily"	"GO:0050660"
"PPA1895"	138	"SUPERFAMILY"	"SSF54637"	"Thioesterase/thiol ester dehydrase-isomerase"	5	125	"6.45E-27"	"IPR029069"	"HotDog domain superfamily"	"-"
"PPA1896"	142	"SUPERFAMILY"	"SSF54637"	"Thioesterase/thiol ester dehydrase-isomerase"	8	138	"3.45E-25"	"IPR029069"	"HotDog domain superfamily"	"-"
"PPA1897"	56	"SUPERFAMILY"	"SSF57829"	"Zn-binding ribosomal proteins"	5	56	"4.52E-21"	"IPR011332"	"Zinc-binding ribosomal protein"	"GO:0006412"
"PPA1898"	297	"SUPERFAMILY"	"SSF56219"	"DNase I-like"	1	297	"1.7E-63"	"IPR036691"	"Endonuclease/exonuclease/phosphatase superfamily"	"-"
"PPA1899"	308	"SUPERFAMILY"	"SSF52096"	"ClpP/crotonase"	9	291	"2.89E-45"	"IPR029045"	"ClpP/crotonase-like domain superfamily"	"-"
"PPA1901"	102	"SUPERFAMILY"	"SSF54862"	"4Fe-4S ferredoxins"	5	87	"1.26E-15"	"-"	"-"	""
"PPA1902"	194	"SUPERFAMILY"	"SSF143243"	"Nqo5-like"	3	130	"2.75E-22"	"IPR037232"	"NADH:ubiquinone oxidoreductase, 30kDa subunit superfamily"	"-"
"PPA1903"	132	"SUPERFAMILY"	"SSF56770"	"HydA/Nqo6-like"	2	126	"1.7E-22"	"-"	"-"	""
"PPA1904"	640	"SUPERFAMILY"	"SSF52922"	"TK C-terminal domain-like"	528	620	"1.88E-13"	"IPR009014"	"Transketolase C-terminal/Pyruvate-ferredoxin oxidoreductase domain II"	"GO:0003824"
"PPA1904"	640	"SUPERFAMILY"	"SSF52518"	"Thiamin diphosphate-binding fold (THDP-binding)"	242	510	"3.04E-64"	"IPR029061"	"Thiamin diphosphate-binding fold"	"-"
"PPA1904"	640	"SUPERFAMILY"	"SSF53323"	"Pyruvate-ferredoxin oxidoreductase, PFOR, domain III"	24	227	"1.7E-16"	"IPR002869"	"Pyruvate-flavodoxin oxidoreductase, central domain"	"GO:0016491"
"PPA1905"	361	"SUPERFAMILY"	"SSF52518"	"Thiamin diphosphate-binding fold (THDP-binding)"	33	332	"2.21E-81"	"IPR029061"	"Thiamin diphosphate-binding fold"	"-"
"PPA1906"	687	"SUPERFAMILY"	"SSF48239"	"Terpenoid cyclases/Protein prenyltransferases"	120	236	"2.83E-6"	"IPR008930"	"Terpenoid cyclases/protein prenyltransferase alpha-alpha toroid"	"-"
"PPA1906"	687	"SUPERFAMILY"	"SSF52266"	"SGNH hydrolase"	254	534	"1.67E-48"	"-"	"-"	""
"PPA1906"	687	"SUPERFAMILY"	"SSF103647"	"TSP type-3 repeat"	631	679	"3.27E-8"	"IPR028974"	"TSP type-3 repeat"	"GO:0005509"
"PPA1906"	687	"SUPERFAMILY"	"SSF49299"	"PKD domain"	572	644	"2.75E-9"	"IPR035986"	"PKD domain superfamily"	"-"
"PPA1909"	660	"SUPERFAMILY"	"SSF55486"	"Metalloproteases (zincins), catalytic domain"	7	660	"0.0"	"-"	"-"	""
"PPA1911"	189	"SUPERFAMILY"	"SSF52540"	"P-loop containing nucleoside triphosphate hydrolases"	7	176	"2.6E-42"	"IPR027417"	"P-loop containing nucleoside triphosphate hydrolase"	"-"
"PPA1915"	273	"SUPERFAMILY"	"SSF52540"	"P-loop containing nucleoside triphosphate hydrolases"	33	259	"2.62E-44"	"IPR027417"	"P-loop containing nucleoside triphosphate hydrolase"	"-"
"PPA1919"	306	"SUPERFAMILY"	"SSF51621"	"Phosphoenolpyruvate/pyruvate domain"	23	251	"1.86E-67"	"IPR015813"	"Pyruvate/Phosphoenolpyruvate kinase-like domain superfamily"	"GO:0003824"
"PPA1920"	260	"SUPERFAMILY"	"SSF53790"	"Tetrapyrrole methylase"	2	257	"1.96E-31"	"IPR035996"	"Tetrapyrrole methylase superfamily"	"GO:0008168"
"PPA1921"	324	"SUPERFAMILY"	"SSF48576"	"Terpenoid synthases"	8	323	"3.6E-75"	"IPR008949"	"Isoprenoid synthase domain superfamily"	"-"
"PPA1928"	198	"SUPERFAMILY"	"SSF54862"	"4Fe-4S ferredoxins"	32	141	"2.64E-24"	"-"	"-"	""
"PPA1930"	812	"SUPERFAMILY"	"SSF54292"	"2Fe-2S ferredoxin-like"	10	88	"7.96E-17"	"IPR036010"	"2Fe-2S ferredoxin-like superfamily"	"GO:0051536"
"PPA1930"	812	"SUPERFAMILY"	"SSF50692"	"ADC-like"	703	777	"4.07E-5"	"IPR009010"	"Aspartate decarboxylase-like domain superfamily"	"-"
"PPA1930"	812	"SUPERFAMILY"	"SSF53706"	"Formate dehydrogenase/DMSO reductase, domains 1-3"	223	655	"1.04E-70"	"-"	"-"	""
"PPA1930"	812	"SUPERFAMILY"	"SSF54862"	"4Fe-4S ferredoxins"	92	227	"1.51E-33"	"-"	"-"	""
"PPA1931"	444	"SUPERFAMILY"	"SSF142984"	"Nqo1 middle domain-like"	242	323	"9.02E-21"	"-"	"-"	""
"PPA1931"	444	"SUPERFAMILY"	"SSF142019"	"Nqo1 FMN-binding domain-like"	7	239	"5.23E-86"	"IPR037225"	"NADH-ubiquinone oxidoreductase 51kDa subunit, FMN-binding domain superfamily"	"-"
"PPA1931"	444	"SUPERFAMILY"	"SSF140490"	"Nqo1C-terminal domain-like"	325	416	"1.44E-32"	"IPR037207"	"NADH-ubiquinone oxidoreductase 51kDa subunit, iron-sulphur binding domain superfamily"	"-"
"PPA1932"	261	"SUPERFAMILY"	"SSF52833"	"Thioredoxin-like"	37	195	"5.48E-49"	"IPR036249"	"Thioredoxin-like superfamily"	"-"
"PPA1933"	433	"SUPERFAMILY"	"SSF56762"	"HydB/Nqo4-like"	38	433	"6.28E-111"	"IPR029014"	"[NiFe]-hydrogenase, large subunit"	"-"
"PPA1934"	274	"SUPERFAMILY"	"SSF143243"	"Nqo5-like"	92	271	"9.68E-47"	"IPR037232"	"NADH:ubiquinone oxidoreductase, 30kDa subunit superfamily"	"-"
"PPA1935"	185	"SUPERFAMILY"	"SSF56770"	"HydA/Nqo6-like"	10	154	"2.75E-63"	"-"	"-"	""
"PPA1938"	420	"SUPERFAMILY"	"SSF51905"	"FAD/NAD(P)-binding domain"	8	370	"8.64E-48"	"IPR036188"	"FAD/NAD(P)-binding domain superfamily"	"-"
"PPA1940"	428	"SUPERFAMILY"	"SSF56322"	"ADC synthase"	30	425	"1.83E-43"	"IPR005801"	"ADC synthase"	"GO:0009058"
"PPA1942"	214	"SUPERFAMILY"	"SSF52540"	"P-loop containing nucleoside triphosphate hydrolases"	7	211	"1.36E-50"	"IPR027417"	"P-loop containing nucleoside triphosphate hydrolase"	"-"
"PPA1943"	340	"SUPERFAMILY"	"SSF53335"	"S-adenosyl-L-methionine-dependent methyltransferases"	91	318	"2.17E-50"	"IPR029063"	"S-adenosyl-L-methionine-dependent methyltransferase superfamily"	"-"
"PPA1946"	428	"SUPERFAMILY"	"SSF103473"	"MFS general substrate transporter"	13	393	"1.96E-47"	"IPR036259"	"MFS transporter superfamily"	"-"
"PPA1947"	342	"SUPERFAMILY"	"SSF82549"	"DAK1/DegV-like"	19	341	"1.75E-114"	"-"	"-"	""
"PPA1948"	214	"SUPERFAMILY"	"SSF101473"	"DhaL-like"	4	204	"4.71E-55"	"IPR036117"	"DhaL domain superfamily"	"GO:0004371|GO:0006071"
"PPA1949"	141	"SUPERFAMILY"	"SSF53062"	"PTS system fructose IIA component-like"	6	131	"4.97E-30"	"IPR036662"	"Phosphotransferase system, mannose-type IIA component superfamily"	"GO:0009401|GO:0016021"
"PPA1950"	152	"SUPERFAMILY"	"SSF53927"	"Cytidine deaminase-like"	15	139	"1.31E-25"	"IPR016193"	"Cytidine deaminase-like"	"GO:0003824"
"PPA1951"	311	"SUPERFAMILY"	"SSF160240"	"Cation efflux protein cytoplasmic domain-like"	221	300	"1.31E-16"	"IPR036837"	"Cation efflux protein, cytoplasmic domain superfamily"	"-"
"PPA1951"	311	"SUPERFAMILY"	"SSF161111"	"Cation efflux protein transmembrane domain-like"	21	219	"8.76E-54"	"IPR027469"	"Cation efflux transmembrane domain superfamily"	"-"
"PPA1952"	321	"SUPERFAMILY"	"SSF56327"	"LDH C-terminal domain-like"	153	319	"4.05E-50"	"IPR015955"	"Lactate dehydrogenase/glycoside hydrolase, family 4, C-terminal"	"GO:0003824|GO:0016616"
"PPA1952"	321	"SUPERFAMILY"	"SSF51735"	"NAD(P)-binding Rossmann-fold domains"	3	154	"1.32E-30"	"IPR036291"	"NAD(P)-binding domain superfamily"	"-"
"PPA1953"	500	"SUPERFAMILY"	"SSF52151"	"FabD/lysophospholipase-like"	23	359	"1.74E-32"	"IPR016035"	"Acyl transferase/acyl hydrolase/lysophospholipase"	"-"
"PPA1954"	272	"SUPERFAMILY"	"SSF56784"	"HAD-like"	20	268	"2.8E-68"	"IPR036412"	"HAD-like superfamily"	"-"
"PPA1955"	618	"SUPERFAMILY"	"SSF51126"	"Pectin lyase-like"	24	559	"1.05E-27"	"IPR011050"	"Pectin lyase fold/virulence factor"	"-"
"PPA1957"	377	"SUPERFAMILY"	"SSF46785"	"Winged helix DNA-binding domain"	20	90	"2.03E-8"	"IPR036390"	"Winged helix DNA-binding domain superfamily"	"-"
"PPA1957"	377	"SUPERFAMILY"	"SSF53067"	"Actin-like ATPase domain"	107	368	"6.48E-24"	"IPR043129"	"ATPase, nucleotide binding domain"	"-"
"PPA1959"	311	"SUPERFAMILY"	"SSF161098"	"MetI-like"	17	304	"1.05E-43"	"IPR035906"	"MetI-like superfamily"	"-"
"PPA1960"	308	"SUPERFAMILY"	"SSF161098"	"MetI-like"	40	308	"1.21E-52"	"IPR035906"	"MetI-like superfamily"	"-"
"PPA1961"	440	"SUPERFAMILY"	"SSF53850"	"Periplasmic binding protein-like II"	50	412	"1.97E-60"	"-"	"-"	""
"PPA1962"	415	"SUPERFAMILY"	"SSF54001"	"Cysteine proteinases"	297	405	"3.04E-34"	"IPR038765"	"Papain-like cysteine peptidase superfamily"	"-"
"PPA1964"	308	"SUPERFAMILY"	"SSF161098"	"MetI-like"	39	308	"6.73E-54"	"IPR035906"	"MetI-like superfamily"	"-"
"PPA1965"	298	"SUPERFAMILY"	"SSF161098"	"MetI-like"	53	283	"1.44E-45"	"IPR035906"	"MetI-like superfamily"	"-"
"PPA1966"	435	"SUPERFAMILY"	"SSF53850"	"Periplasmic binding protein-like II"	45	430	"6.42E-50"	"-"	"-"	""
"PPA1967"	318	"SUPERFAMILY"	"SSF53474"	"alpha/beta-Hydrolases"	43	317	"4.92E-24"	"IPR029058"	"Alpha/Beta hydrolase fold"	"-"
"PPA1969"	355	"SUPERFAMILY"	"SSF56042"	"PurM C-terminal domain-like"	172	339	"4.04E-52"	"IPR036676"	"PurM-like, C-terminal domain superfamily"	"-"
"PPA1969"	355	"SUPERFAMILY"	"SSF55326"	"PurM N-terminal domain-like"	6	169	"1.11E-43"	"IPR036921"	"PurM-like, N-terminal domain superfamily"	"-"
"PPA1970"	495	"SUPERFAMILY"	"SSF56235"	"N-terminal nucleophile aminohydrolases (Ntn hydrolases)"	23	282	"5.83E-65"	"IPR029055"	"Nucleophile aminohydrolases, N-terminal"	"-"
"PPA1970"	495	"SUPERFAMILY"	"SSF53271"	"PRTase-like"	265	475	"2.23E-67"	"IPR029057"	"Phosphoribosyltransferase-like"	"-"
"PPA1971"	414	"SUPERFAMILY"	"SSF103473"	"MFS general substrate transporter"	4	407	"7.85E-22"	"IPR036259"	"MFS transporter superfamily"	"-"
"PPA1972"	447	"SUPERFAMILY"	"SSF55031"	"Bacterial exopeptidase dimerisation domain"	243	352	"1.92E-5"	"IPR036264"	"Bacterial exopeptidase dimerisation domain"	"-"
"PPA1972"	447	"SUPERFAMILY"	"SSF53187"	"Zn-dependent exopeptidases"	8	446	"3.55E-51"	"-"	"-"	""
"PPA1973"	255	"SUPERFAMILY"	"SSF117892"	"Band 7/SPFH domain"	55	187	"4.84E-38"	"IPR036013"	"Band 7/SPFH domain superfamily"	"-"
"PPA1975"	748	"SUPERFAMILY"	"SSF81442"	"Cytochrome c oxidase subunit I-like"	243	732	"1.57E-74"	"IPR036927"	"Cytochrome c oxidase-like, subunit I  superfamily"	"-"
"PPA1976"	695	"SUPERFAMILY"	"SSF52317"	"Class I glutamine amidotransferase-like"	1	191	"1.03E-39"	"IPR029062"	"Class I glutamine amidotransferase-like"	"-"
"PPA1976"	695	"SUPERFAMILY"	"SSF56322"	"ADC synthase"	224	683	"9.68E-125"	"IPR005801"	"ADC synthase"	"GO:0009058"
"PPA1977"	750	"SUPERFAMILY"	"SSF56042"	"PurM C-terminal domain-like"	210	440	"1.83E-47"	"IPR036676"	"PurM-like, C-terminal domain superfamily"	"-"
"PPA1977"	750	"SUPERFAMILY"	"SSF55326"	"PurM N-terminal domain-like"	408	578	"1.3E-47"	"IPR036921"	"PurM-like, N-terminal domain superfamily"	"-"
"PPA1977"	750	"SUPERFAMILY"	"SSF55326"	"PurM N-terminal domain-like"	18	204	"9.27E-47"	"IPR036921"	"PurM-like, N-terminal domain superfamily"	"-"
"PPA1977"	750	"SUPERFAMILY"	"SSF56042"	"PurM C-terminal domain-like"	582	748	"8.37E-37"	"IPR036676"	"PurM-like, C-terminal domain superfamily"	"-"
"PPA1978"	415	"SUPERFAMILY"	"SSF103473"	"MFS general substrate transporter"	2	378	"1.31E-46"	"IPR036259"	"MFS transporter superfamily"	"-"
"PPA1979"	844	"SUPERFAMILY"	"SSF63737"	"Leukotriene A4 hydrolase N-terminal domain"	3	195	"1.7E-35"	"IPR042097"	"Aminopeptidase N-like , N-terminal domain superfamliy"	"-"
"PPA1979"	844	"SUPERFAMILY"	"SSF55486"	"Metalloproteases (zincins), catalytic domain"	211	454	"3.66E-73"	"-"	"-"	""
"PPA1981"	468	"SUPERFAMILY"	"SSF55424"	"FAD/NAD-linked reductases, dimerisation (C-terminal) domain"	348	462	"1.08E-25"	"IPR016156"	"FAD/NAD-linked reductase, dimerisation domain superfamily"	"GO:0016491|GO:0050660"
"PPA1981"	468	"SUPERFAMILY"	"SSF51905"	"FAD/NAD(P)-binding domain"	15	319	"8.64E-55"	"IPR036188"	"FAD/NAD(P)-binding domain superfamily"	"-"
"PPA1982"	491	"SUPERFAMILY"	"SSF48317"	"Acid phosphatase/Vanadium-dependent haloperoxidase"	166	315	"6.15E-23"	"IPR036938"	"Phosphatidic acid phosphatase type 2/haloperoxidase superfamily"	"-"
"PPA1983"	687	"SUPERFAMILY"	"SSF48239"	"Terpenoid cyclases/Protein prenyltransferases"	120	236	"2.83E-6"	"IPR008930"	"Terpenoid cyclases/protein prenyltransferase alpha-alpha toroid"	"-"
"PPA1983"	687	"SUPERFAMILY"	"SSF52266"	"SGNH hydrolase"	254	534	"1.67E-48"	"-"	"-"	""
"PPA1983"	687	"SUPERFAMILY"	"SSF103647"	"TSP type-3 repeat"	631	679	"3.27E-8"	"IPR028974"	"TSP type-3 repeat"	"GO:0005509"
"PPA1983"	687	"SUPERFAMILY"	"SSF49299"	"PKD domain"	572	644	"2.75E-9"	"IPR035986"	"PKD domain superfamily"	"-"
"PPA1986"	359	"SUPERFAMILY"	"SSF53067"	"Actin-like ATPase domain"	162	342	"1.42E-35"	"IPR043129"	"ATPase, nucleotide binding domain"	"-"
"PPA1987"	224	"SUPERFAMILY"	"SSF52317"	"Class I glutamine amidotransferase-like"	2	218	"1.81E-70"	"IPR029062"	"Class I glutamine amidotransferase-like"	"-"
"PPA1988"	421	"SUPERFAMILY"	"SSF82697"	"PurS-like"	345	420	"4.71E-18"	"IPR036604"	"Phosphoribosylformylglycinamidine synthase subunit PurS-like superfamily"	"-"
"PPA1988"	421	"SUPERFAMILY"	"SSF56104"	"SAICAR synthase-like"	3	286	"5.56E-103"	"-"	"-"	""
"PPA1989"	187	"SUPERFAMILY"	"SSF52833"	"Thioredoxin-like"	1	186	"1.41E-56"	"IPR036249"	"Thioredoxin-like superfamily"	"-"
"PPA1990"	568	"SUPERFAMILY"	"SSF52833"	"Thioredoxin-like"	155	245	"4.81E-21"	"IPR036249"	"Thioredoxin-like superfamily"	"-"
"PPA1990"	568	"SUPERFAMILY"	"SSF51905"	"FAD/NAD(P)-binding domain"	257	558	"5.07E-51"	"IPR036188"	"FAD/NAD(P)-binding domain superfamily"	"-"
"PPA1990"	568	"SUPERFAMILY"	"SSF52833"	"Thioredoxin-like"	45	150	"3.95E-25"	"IPR036249"	"Thioredoxin-like superfamily"	"-"
"PPA1991"	314	"SUPERFAMILY"	"SSF46785"	"Winged helix DNA-binding domain"	1	84	"1.06E-21"	"IPR036390"	"Winged helix DNA-binding domain superfamily"	"-"
"PPA1991"	314	"SUPERFAMILY"	"SSF53850"	"Periplasmic binding protein-like II"	92	298	"1.2E-37"	"-"	"-"	""
"PPA1992"	477	"SUPERFAMILY"	"SSF48557"	"L-aspartase-like"	6	456	"2.2E-83"	"IPR008948"	"L-Aspartase-like"	"GO:0003824"
"PPA1993"	439	"SUPERFAMILY"	"SSF56059"	"Glutathione synthetase ATP-binding domain-like"	102	310	"3.86E-53"	"-"	"-"	""
"PPA1993"	439	"SUPERFAMILY"	"SSF51246"	"Rudiment single hybrid motif"	321	410	"5.18E-22"	"IPR011054"	"Rudiment single hybrid motif"	"-"
"PPA1993"	439	"SUPERFAMILY"	"SSF52440"	"PreATP-grasp domain"	1	101	"1.92E-32"	"IPR016185"	"Pre-ATP-grasp domain superfamily"	"-"
"PPA1994"	428	"SUPERFAMILY"	"SSF52540"	"P-loop containing nucleoside triphosphate hydrolases"	2	426	"0.0"	"IPR027417"	"P-loop containing nucleoside triphosphate hydrolase"	"-"
"PPA1995"	325	"SUPERFAMILY"	"SSF55729"	"Acyl-CoA N-acyltransferases (Nat)"	27	111	"5.58E-9"	"IPR016181"	"Acyl-CoA N-acyltransferase"	"-"
"PPA1995"	325	"SUPERFAMILY"	"SSF55729"	"Acyl-CoA N-acyltransferases (Nat)"	55	245	"1.66E-5"	"IPR016181"	"Acyl-CoA N-acyltransferase"	"-"
"PPA1996"	244	"SUPERFAMILY"	"SSF48008"	"GntR ligand-binding domain-like"	113	237	"2.48E-18"	"IPR008920"	"Transcription regulator FadR/GntR, C-terminal"	"-"
"PPA1996"	244	"SUPERFAMILY"	"SSF46785"	"Winged helix DNA-binding domain"	21	84	"8.06E-16"	"IPR036390"	"Winged helix DNA-binding domain superfamily"	"-"
"PPA1997"	229	"SUPERFAMILY"	"SSF51366"	"Ribulose-phoshate binding barrel"	14	228	"1.02E-56"	"IPR011060"	"Ribulose-phosphate binding barrel"	"-"
"PPA1998"	306	"SUPERFAMILY"	"SSF51569"	"Aldolase"	1	304	"3.87E-72"	"-"	"-"	""
"PPA1999"	300	"SUPERFAMILY"	"SSF51658"	"Xylose isomerase-like"	26	228	"1.76E-8"	"IPR036237"	"Xylose isomerase-like superfamily"	"-"
"PPA2000"	534	"SUPERFAMILY"	"SSF103473"	"MFS general substrate transporter"	15	496	"3.01E-58"	"IPR036259"	"MFS transporter superfamily"	"-"
"PPA2003"	620	"SUPERFAMILY"	"SSF54980"	"EF-G C-terminal domain-like"	316	401	"1.49E-10"	"IPR035647"	"EF-G domain III/V-like"	"-"
"PPA2003"	620	"SUPERFAMILY"	"SSF52540"	"P-loop containing nucleoside triphosphate hydrolases"	5	181	"4.79E-53"	"IPR027417"	"P-loop containing nucleoside triphosphate hydrolase"	"-"
"PPA2003"	620	"SUPERFAMILY"	"SSF50447"	"Translation proteins"	163	313	"1.57E-29"	"IPR009000"	"Translation protein, beta-barrel domain superfamily"	"-"
"PPA2003"	620	"SUPERFAMILY"	"SSF54980"	"EF-G C-terminal domain-like"	412	526	"1.2E-29"	"IPR035647"	"EF-G domain III/V-like"	"-"
"PPA2004"	178	"SUPERFAMILY"	"SSF141523"	"L,D-transpeptidase catalytic domain-like"	62	176	"1.31E-23"	"IPR038063"	"L,D-transpeptidase catalytic domain-like"	"-"
"PPA2005"	120	"SUPERFAMILY"	"SSF51230"	"Single hybrid motif"	48	119	"3.4E-23"	"IPR011053"	"Single hybrid motif"	"-"
"PPA2007"	524	"SUPERFAMILY"	"SSF52096"	"ClpP/crotonase"	16	259	"1.06E-74"	"IPR029045"	"ClpP/crotonase-like domain superfamily"	"-"
"PPA2007"	524	"SUPERFAMILY"	"SSF52096"	"ClpP/crotonase"	272	524	"1.01E-92"	"IPR029045"	"ClpP/crotonase-like domain superfamily"	"-"
"PPA2008"	497	"SUPERFAMILY"	"SSF51569"	"Aldolase"	3	290	"8.24E-84"	"-"	"-"	""
"PPA2008"	497	"SUPERFAMILY"	"SSF89000"	"post-HMGL domain-like"	298	460	"1.18E-54"	"-"	"-"	""
"PPA2009"	452	"SUPERFAMILY"	"SSF55785"	"PYP-like sensor domain (PAS domain)"	20	101	"1.74E-15"	"IPR035965"	"PAS domain superfamily"	"-"
"PPA2011"	341	"SUPERFAMILY"	"SSF51569"	"Aldolase"	4	337	"4.1E-97"	"-"	"-"	""
"PPA2013"	196	"SUPERFAMILY"	"SSF75217"	"alpha/beta knot"	31	190	"6.54E-42"	"IPR029028"	"Alpha/beta knot methyltransferases"	"-"
"PPA2016"	267	"SUPERFAMILY"	"SSF53335"	"S-adenosyl-L-methionine-dependent methyltransferases"	23	224	"2.61E-22"	"IPR029063"	"S-adenosyl-L-methionine-dependent methyltransferase superfamily"	"-"
"PPA2017"	347	"SUPERFAMILY"	"SSF53850"	"Periplasmic binding protein-like II"	79	343	"2.11E-64"	"-"	"-"	""
"PPA2018"	125	"SUPERFAMILY"	"SSF54427"	"NTF2-like"	25	124	"3.51E-31"	"IPR032710"	"NTF2-like domain superfamily"	"-"
"PPA2020"	503	"SUPERFAMILY"	"SSF103473"	"MFS general substrate transporter"	19	483	"2.49E-69"	"IPR036259"	"MFS transporter superfamily"	"-"
"PPA2021"	857	"SUPERFAMILY"	"SSF52540"	"P-loop containing nucleoside triphosphate hydrolases"	547	849	"1.44E-79"	"IPR027417"	"P-loop containing nucleoside triphosphate hydrolase"	"-"
"PPA2021"	857	"SUPERFAMILY"	"SSF81923"	"Double Clp-N motif"	4	155	"6.41E-28"	"IPR036628"	"Clp, N-terminal domain superfamily"	"-"
"PPA2021"	857	"SUPERFAMILY"	"SSF52540"	"P-loop containing nucleoside triphosphate hydrolases"	160	546	"1.15E-95"	"IPR027417"	"P-loop containing nucleoside triphosphate hydrolase"	"-"
"PPA2023"	224	"SUPERFAMILY"	"SSF56784"	"HAD-like"	2	219	"1.65E-24"	"IPR036412"	"HAD-like superfamily"	"-"
"PPA2024"	302	"SUPERFAMILY"	"SSF51569"	"Aldolase"	8	301	"1.99E-90"	"-"	"-"	""
"PPA2025"	222	"SUPERFAMILY"	"SSF50475"	"FMN-binding split barrel"	70	219	"2.5E-25"	"-"	"-"	""
"PPA2027"	425	"SUPERFAMILY"	"SSF55874"	"ATPase domain of HSP90 chaperone/DNA topoisomerase II/histidine kinase"	298	423	"6.02E-19"	"IPR036890"	"Histidine kinase/HSP90-like ATPase superfamily"	"-"
"PPA2028"	224	"SUPERFAMILY"	"SSF46894"	"C-terminal effector domain of the bipartite response regulators"	153	220	"1.16E-20"	"IPR016032"	"Signal transduction response regulator, C-terminal effector"	"GO:0003677|GO:0006355"
"PPA2028"	224	"SUPERFAMILY"	"SSF52172"	"CheY-like"	4	136	"5.12E-34"	"IPR011006"	"CheY-like superfamily"	"-"
"PPA2030"	244	"SUPERFAMILY"	"SSF52540"	"P-loop containing nucleoside triphosphate hydrolases"	21	239	"3.43E-67"	"IPR027417"	"P-loop containing nucleoside triphosphate hydrolase"	"-"
"PPA2032"	157	"SUPERFAMILY"	"SSF55811"	"Nudix"	17	137	"2.84E-24"	"IPR015797"	"NUDIX hydrolase-like domain superfamily"	"-"
"PPA2034"	525	"SUPERFAMILY"	"SSF116726"	"TrkA C-terminal domain-like"	265	340	"4.05E-11"	"IPR036721"	"Regulator of K+ conductance, C-terminal domain superfamily"	"GO:0006813"
"PPA2034"	525	"SUPERFAMILY"	"SSF116726"	"TrkA C-terminal domain-like"	199	256	"7.98E-7"	"IPR036721"	"Regulator of K+ conductance, C-terminal domain superfamily"	"GO:0006813"
"PPA2035"	347	"SUPERFAMILY"	"SSF51735"	"NAD(P)-binding Rossmann-fold domains"	139	312	"3.48E-38"	"IPR036291"	"NAD(P)-binding domain superfamily"	"-"
"PPA2035"	347	"SUPERFAMILY"	"SSF50129"	"GroES-like"	3	172	"3.04E-49"	"IPR011032"	"GroES-like superfamily"	"-"
"PPA2036"	285	"SUPERFAMILY"	"SSF52266"	"SGNH hydrolase"	71	284	"1.62E-27"	"-"	"-"	""
"PPA2037"	153	"SUPERFAMILY"	"SSF46955"	"Putative DNA-binding domain"	24	111	"9.61E-20"	"IPR009061"	"Putative DNA-binding domain superfamily"	"-"
"PPA2038"	380	"SUPERFAMILY"	"SSF46565"	"Chaperone J-domain"	6	85	"8.9E-26"	"IPR036869"	"Chaperone J-domain superfamily"	"-"
"PPA2038"	380	"SUPERFAMILY"	"SSF49493"	"HSP40/DnaJ peptide-binding domain"	277	361	"8.89E-21"	"IPR008971"	"HSP40/DnaJ peptide-binding"	"GO:0006457|GO:0051082"
"PPA2038"	380	"SUPERFAMILY"	"SSF49493"	"HSP40/DnaJ peptide-binding domain"	131	284	"4.19E-19"	"IPR008971"	"HSP40/DnaJ peptide-binding"	"GO:0006457|GO:0051082"
"PPA2038"	380	"SUPERFAMILY"	"SSF57938"	"DnaJ/Hsp40 cysteine-rich domain"	151	227	"1.12E-16"	"IPR036410"	"Heat shock protein DnaJ, cysteine-rich domain superfamily"	"-"
"PPA2039"	221	"SUPERFAMILY"	"SSF58014"	"Coiled-coil domain of nucleotide exchange factor GrpE"	51	134	"6.15E-16"	"IPR013805"	"GrpE nucleotide exchange factor, coiled-coil"	"-"
"PPA2039"	221	"SUPERFAMILY"	"SSF51064"	"Head domain of nucleotide exchange factor GrpE"	136	191	"3.79E-17"	"IPR009012"	"GrpE nucleotide exchange factor, head"	"GO:0006457"
"PPA2040"	617	"SUPERFAMILY"	"SSF53067"	"Actin-like ATPase domain"	162	354	"5.89E-65"	"IPR043129"	"ATPase, nucleotide binding domain"	"-"
"PPA2040"	617	"SUPERFAMILY"	"SSF100920"	"Heat shock protein 70kD (HSP70), peptide-binding domain"	356	512	"5.62E-60"	"IPR029047"	"Heat shock protein 70kD, peptide-binding domain superfamily"	"-"
"PPA2040"	617	"SUPERFAMILY"	"SSF53067"	"Actin-like ATPase domain"	5	160	"2.59E-56"	"IPR043129"	"ATPase, nucleotide binding domain"	"-"
"PPA2043"	243	"SUPERFAMILY"	"SSF52172"	"CheY-like"	16	196	"5.5E-36"	"IPR011006"	"CheY-like superfamily"	"-"
"PPA2045"	224	"SUPERFAMILY"	"SSF51569"	"Aldolase"	7	220	"2.51E-74"	"-"	"-"	""
"PPA2046"	242	"SUPERFAMILY"	"SSF52317"	"Class I glutamine amidotransferase-like"	5	230	"3.19E-28"	"IPR029062"	"Class I glutamine amidotransferase-like"	"-"
"PPA2047"	391	"SUPERFAMILY"	"SSF49879"	"SMAD/FHA domain"	295	382	"1.24E-10"	"IPR008984"	"SMAD/FHA domain superfamily"	"GO:0005515"
"PPA2048"	883	"SUPERFAMILY"	"SSF56059"	"Glutathione synthetase ATP-binding domain-like"	2	378	"0.0"	"-"	"-"	""
"PPA2048"	883	"SUPERFAMILY"	"SSF52009"	"Phosphohistidine domain"	385	506	"3.01E-34"	"IPR036637"	"Phosphohistidine domain superfamily"	"GO:0016310|GO:0016772"
"PPA2048"	883	"SUPERFAMILY"	"SSF51621"	"Phosphoenolpyruvate/pyruvate domain"	510	876	"2.01E-121"	"IPR015813"	"Pyruvate/Phosphoenolpyruvate kinase-like domain superfamily"	"GO:0003824"
"PPA2050"	334	"SUPERFAMILY"	"SSF53335"	"S-adenosyl-L-methionine-dependent methyltransferases"	156	308	"2.86E-29"	"IPR029063"	"S-adenosyl-L-methionine-dependent methyltransferase superfamily"	"-"
"PPA2051"	285	"SUPERFAMILY"	"SSF56784"	"HAD-like"	78	271	"1.68E-40"	"IPR036412"	"HAD-like superfamily"	"-"
"PPA2052"	269	"SUPERFAMILY"	"SSF74650"	"Galactose mutarotase-like"	16	264	"5.53E-48"	"IPR011013"	"Galactose mutarotase-like domain superfamily"	"GO:0003824|GO:0005975|GO:0030246"
"PPA2053"	504	"SUPERFAMILY"	"SSF100950"	"NagB/RpiA/CoA transferase-like"	3	227	"4.19E-67"	"IPR037171"	"NagB/RpiA transferase-like"	"-"
"PPA2053"	504	"SUPERFAMILY"	"SSF100950"	"NagB/RpiA/CoA transferase-like"	229	502	"9.21E-84"	"IPR037171"	"NagB/RpiA transferase-like"	"-"
"PPA2054"	466	"SUPERFAMILY"	"SSF75304"	"Amidase signature (AS) enzymes"	4	460	"2.75E-111"	"IPR036928"	"Amidase signature (AS) superfamily"	"-"
"PPA2055"	333	"SUPERFAMILY"	"SSF53822"	"Periplasmic binding protein-like I"	66	326	"1.99E-46"	"IPR028082"	"Periplasmic binding protein-like I"	"-"
"PPA2055"	333	"SUPERFAMILY"	"SSF47413"	"lambda repressor-like DNA-binding domains"	10	57	"1.97E-6"	"IPR010982"	"Lambda repressor-like, DNA-binding domain superfamily"	"GO:0003677"
"PPA2056"	445	"SUPERFAMILY"	"SSF49899"	"Concanavalin A-like lectins/glucanases"	35	270	"3.65E-33"	"IPR013320"	"Concanavalin A-like lectin/glucanase domain superfamily"	"-"
"PPA2057"	603	"SUPERFAMILY"	"SSF51445"	"(Trans)glycosidases"	193	527	"2.95E-59"	"IPR017853"	"Glycoside hydrolase superfamily"	"-"
"PPA2058"	436	"SUPERFAMILY"	"SSF53850"	"Periplasmic binding protein-like II"	19	427	"9.06E-50"	"-"	"-"	""
"PPA2059"	300	"SUPERFAMILY"	"SSF160964"	"MalF N-terminal region-like"	16	61	"3.01E-6"	"-"	"-"	""
"PPA2059"	300	"SUPERFAMILY"	"SSF161098"	"MetI-like"	60	285	"1.57E-52"	"IPR035906"	"MetI-like superfamily"	"-"
"PPA2060"	271	"SUPERFAMILY"	"SSF161098"	"MetI-like"	10	271	"8.69E-50"	"IPR035906"	"MetI-like superfamily"	"-"
"PPA2062"	397	"SUPERFAMILY"	"SSF46785"	"Winged helix DNA-binding domain"	29	85	"3.72E-11"	"IPR036390"	"Winged helix DNA-binding domain superfamily"	"-"
"PPA2062"	397	"SUPERFAMILY"	"SSF53067"	"Actin-like ATPase domain"	96	384	"2.11E-49"	"IPR043129"	"ATPase, nucleotide binding domain"	"-"
"PPA2063"	598	"SUPERFAMILY"	"SSF53850"	"Periplasmic binding protein-like II"	61	597	"9.91E-73"	"-"	"-"	""
"PPA2064"	319	"SUPERFAMILY"	"SSF161098"	"MetI-like"	91	296	"1.96E-18"	"IPR035906"	"MetI-like superfamily"	"-"
"PPA2065"	313	"SUPERFAMILY"	"SSF161098"	"MetI-like"	104	295	"4.36E-17"	"IPR035906"	"MetI-like superfamily"	"-"
"PPA2066"	684	"SUPERFAMILY"	"SSF52540"	"P-loop containing nucleoside triphosphate hydrolases"	363	611	"1.2E-68"	"IPR027417"	"P-loop containing nucleoside triphosphate hydrolase"	"-"
"PPA2066"	684	"SUPERFAMILY"	"SSF52540"	"P-loop containing nucleoside triphosphate hydrolases"	38	315	"6.8E-69"	"IPR027417"	"P-loop containing nucleoside triphosphate hydrolase"	"-"
"PPA2070"	436	"SUPERFAMILY"	"SSF51445"	"(Trans)glycosidases"	24	364	"1.72E-101"	"IPR017853"	"Glycoside hydrolase superfamily"	"-"
"PPA2072"	84	"SUPERFAMILY"	"SSF46458"	"Globin-like"	2	61	"6.72E-5"	"IPR009050"	"Globin-like superfamily"	"-"
"PPA2073"	129	"SUPERFAMILY"	"SSF88723"	"PIN domain-like"	1	123	"8.69E-17"	"IPR029060"	"PIN-like domain superfamily"	"-"
"PPA2075"	75	"SUPERFAMILY"	"SSF47598"	"Ribbon-helix-helix"	2	64	"1.59E-14"	"IPR010985"	"Ribbon-helix-helix"	"GO:0006355"
"PPA2076"	321	"SUPERFAMILY"	"SSF53590"	"Nucleoside hydrolase"	9	317	"2.35E-87"	"IPR036452"	"Ribonucleoside hydrolase-like"	"GO:0016799"
"PPA2077"	211	"SUPERFAMILY"	"SSF46689"	"Homeodomain-like"	4	64	"6.48E-10"	"IPR009057"	"Homeobox-like domain superfamily"	"-"
"PPA2077"	211	"SUPERFAMILY"	"SSF48498"	"Tetracyclin repressor-like, C-terminal domain"	74	206	"8.67E-14"	"IPR036271"	"Tetracyclin repressor-like, C-terminal domain superfamily"	"-"
"PPA2078"	221	"SUPERFAMILY"	"SSF52540"	"P-loop containing nucleoside triphosphate hydrolases"	2	208	"6.41E-71"	"IPR027417"	"P-loop containing nucleoside triphosphate hydrolase"	"-"
"PPA2081"	284	"SUPERFAMILY"	"SSF90123"	"ABC transporter transmembrane region"	31	279	"9.94E-25"	"IPR036640"	"ABC transporter type 1, transmembrane domain superfamily"	"GO:0005524|GO:0016021"
"PPA2082"	621	"SUPERFAMILY"	"SSF52540"	"P-loop containing nucleoside triphosphate hydrolases"	371	605	"6.41E-71"	"IPR027417"	"P-loop containing nucleoside triphosphate hydrolase"	"-"
"PPA2082"	621	"SUPERFAMILY"	"SSF90123"	"ABC transporter transmembrane region"	47	364	"1.29E-45"	"IPR036640"	"ABC transporter type 1, transmembrane domain superfamily"	"GO:0005524|GO:0016021"
"PPA2084"	510	"SUPERFAMILY"	"SSF52540"	"P-loop containing nucleoside triphosphate hydrolases"	304	501	"1.81E-38"	"IPR027417"	"P-loop containing nucleoside triphosphate hydrolase"	"-"
"PPA2084"	510	"SUPERFAMILY"	"SSF52540"	"P-loop containing nucleoside triphosphate hydrolases"	35	247	"8.54E-46"	"IPR027417"	"P-loop containing nucleoside triphosphate hydrolase"	"-"
"PPA2091"	244	"SUPERFAMILY"	"SSF52540"	"P-loop containing nucleoside triphosphate hydrolases"	5	212	"1.78E-54"	"IPR027417"	"P-loop containing nucleoside triphosphate hydrolase"	"-"
"PPA2092"	469	"SUPERFAMILY"	"SSF52777"	"CoA-dependent acyltransferases"	230	468	"4.89E-66"	"-"	"-"	""
"PPA2092"	469	"SUPERFAMILY"	"SSF47005"	"Peripheral subunit-binding domain of 2-oxo acid dehydrogenase complex"	151	196	"3.92E-11"	"IPR036625"	"E3-binding domain superfamily"	"GO:0016746"
"PPA2092"	469	"SUPERFAMILY"	"SSF51230"	"Single hybrid motif"	3	84	"1.83E-25"	"IPR011053"	"Single hybrid motif"	"-"
"PPA2093"	334	"SUPERFAMILY"	"SSF52518"	"Thiamin diphosphate-binding fold (THDP-binding)"	15	194	"5.03E-65"	"IPR029061"	"Thiamin diphosphate-binding fold"	"-"
"PPA2093"	334	"SUPERFAMILY"	"SSF52922"	"TK C-terminal domain-like"	200	332	"6.67E-35"	"IPR009014"	"Transketolase C-terminal/Pyruvate-ferredoxin oxidoreductase domain II"	"GO:0003824"
"PPA2094"	381	"SUPERFAMILY"	"SSF52518"	"Thiamin diphosphate-binding fold (THDP-binding)"	27	370	"2.86E-87"	"IPR029061"	"Thiamin diphosphate-binding fold"	"-"
"PPA2095"	456	"SUPERFAMILY"	"SSF51905"	"FAD/NAD(P)-binding domain"	2	450	"3.37E-45"	"IPR036188"	"FAD/NAD(P)-binding domain superfamily"	"-"
"PPA2096"	426	"SUPERFAMILY"	"SSF102114"	"Radical SAM enzymes"	45	384	"3.27E-55"	"-"	"-"	""
"PPA2097"	703	"SUPERFAMILY"	"SSF55816"	"5'-nucleotidase (syn. UDP-sugar hydrolase), C-terminal domain"	343	548	"2.35E-43"	"IPR036907"	"5'-Nucleotidase, C-terminal domain superfamily"	"GO:0009166|GO:0016787"
"PPA2097"	703	"SUPERFAMILY"	"SSF56300"	"Metallo-dependent phosphatases"	46	335	"2.09E-63"	"IPR029052"	"Metallo-dependent phosphatase-like"	"-"
"PPA2098"	81	"SUPERFAMILY"	"SSF52540"	"P-loop containing nucleoside triphosphate hydrolases"	2	59	"1.17E-11"	"IPR027417"	"P-loop containing nucleoside triphosphate hydrolase"	"-"
"PPA2099"	91	"SUPERFAMILY"	"SSF90123"	"ABC transporter transmembrane region"	32	90	"5.89E-6"	"IPR036640"	"ABC transporter type 1, transmembrane domain superfamily"	"GO:0005524|GO:0016021"
"PPA2103"	132	"SUPERFAMILY"	"SSF54593"	"Glyoxalase/Bleomycin resistance protein/Dihydroxybiphenyl dioxygenase"	20	128	"1.18E-16"	"IPR029068"	"Glyoxalase/Bleomycin resistance protein/Dihydroxybiphenyl dioxygenase"	"-"
"PPA2104"	102	"SUPERFAMILY"	"SSF53098"	"Ribonuclease H-like"	3	97	"1.13E-26"	"IPR012337"	"Ribonuclease H-like superfamily"	"-"
"PPA2105"	339	"SUPERFAMILY"	"SSF53474"	"alpha/beta-Hydrolases"	85	307	"6.33E-23"	"IPR029058"	"Alpha/Beta hydrolase fold"	"-"
"PPA2106"	500	"SUPERFAMILY"	"SSF51445"	"(Trans)glycosidases"	41	377	"8.46E-45"	"IPR017853"	"Glycoside hydrolase superfamily"	"-"
"PPA2110"	158	"SUPERFAMILY"	"SSF52788"	"Phosphotyrosine protein phosphatases I"	6	154	"3.14E-42"	"IPR036196"	"Phosphotyrosine protein phosphatase I superfamily"	"-"
"PPA2111"	364	"SUPERFAMILY"	"SSF52317"	"Class I glutamine amidotransferase-like"	88	241	"4.01E-8"	"IPR029062"	"Class I glutamine amidotransferase-like"	"-"
"PPA2112"	232	"SUPERFAMILY"	"SSF52172"	"CheY-like"	3	186	"7.83E-46"	"IPR011006"	"CheY-like superfamily"	"-"
"PPA2113"	476	"SUPERFAMILY"	"SSF55874"	"ATPase domain of HSP90 chaperone/DNA topoisomerase II/histidine kinase"	321	470	"3.41E-37"	"IPR036890"	"Histidine kinase/HSP90-like ATPase superfamily"	"-"
"PPA2113"	476	"SUPERFAMILY"	"SSF158472"	"HAMP domain-like"	199	246	"2.22E-6"	"-"	"-"	""
"PPA2113"	476	"SUPERFAMILY"	"SSF47384"	"Homodimeric domain of signal transducing histidine kinase"	233	319	"1.59E-14"	"IPR036097"	"Signal transduction histidine kinase, dimerisation/phosphoacceptor domain superfamily"	"GO:0000155|GO:0007165"
"PPA2114"	321	"SUPERFAMILY"	"SSF56235"	"N-terminal nucleophile aminohydrolases (Ntn hydrolases)"	28	317	"1.59E-73"	"IPR029055"	"Nucleophile aminohydrolases, N-terminal"	"-"
"PPA2115"	199	"SUPERFAMILY"	"SSF55811"	"Nudix"	19	187	"7.45E-44"	"IPR015797"	"NUDIX hydrolase-like domain superfamily"	"-"
"PPA2116"	397	"SUPERFAMILY"	"SSF50494"	"Trypsin-like serine proteases"	193	379	"9.54E-32"	"IPR009003"	"Peptidase S1, PA clan"	"-"
"PPA2117"	107	"SUPERFAMILY"	"SSF54909"	"Dimeric alpha+beta barrel"	16	102	"1.61E-17"	"IPR011008"	"Dimeric alpha-beta barrel"	"-"
"PPA2118"	366	"SUPERFAMILY"	"SSF51395"	"FMN-linked oxidoreductases"	2	350	"7.89E-111"	"-"	"-"	""
"PPA2120"	410	"SUPERFAMILY"	"SSF103473"	"MFS general substrate transporter"	2	393	"2.35E-51"	"IPR036259"	"MFS transporter superfamily"	"-"
"PPA2121"	856	"SUPERFAMILY"	"SSF48168"	"R1 subunit of ribonucleotide reductase, N-terminal domain"	14	235	"7.98E-45"	"IPR008926"	"Ribonucleotide reductase R1 subunit, N-terminal"	"-"
"PPA2121"	856	"SUPERFAMILY"	"SSF51998"	"PFL-like glycyl radical enzymes"	236	775	"0.0"	"-"	"-"	""
"PPA2122"	328	"SUPERFAMILY"	"SSF47240"	"Ferritin-like"	11	298	"1.98E-77"	"IPR009078"	"Ferritin-like superfamily"	"-"
"PPA2125"	360	"SUPERFAMILY"	"SSF53067"	"Actin-like ATPase domain"	90	339	"1.58E-34"	"IPR043129"	"ATPase, nucleotide binding domain"	"-"
"PPA2128"	556	"SUPERFAMILY"	"SSF47323"	"Anticodon-binding domain of a subclass of class I aminoacyl-tRNA synthetases"	424	556	"3.4E-36"	"IPR009080"	"Aminoacyl-tRNA synthetase, class Ia, anticodon-binding"	"GO:0000166|GO:0004812|GO:0005524|GO:0006418"
"PPA2128"	556	"SUPERFAMILY"	"SSF55190"	"Arginyl-tRNA synthetase (ArgRS), N-terminal 'additional' domain"	9	92	"4.45E-20"	"IPR036695"	"Arginyl tRNA synthetase N-terminal domain superfamily"	"GO:0000166|GO:0004814|GO:0005524|GO:0005737|GO:0006420"
"PPA2128"	556	"SUPERFAMILY"	"SSF52374"	"Nucleotidylyl transferase"	104	420	"9.93E-79"	"-"	"-"	""
"PPA2129"	273	"SUPERFAMILY"	"SSF51430"	"NAD(P)-linked oxidoreductase"	6	265	"1.13E-88"	"IPR036812"	"NADP-dependent oxidoreductase domain superfamily"	"-"
"PPA2131"	560	"SUPERFAMILY"	"SSF53697"	"SIS domain"	7	559	"0.0"	"IPR046348"	"SIS domain superfamily"	"GO:0097367|GO:1901135"
"PPA2133"	221	"SUPERFAMILY"	"SSF51569"	"Aldolase"	17	215	"2.2E-26"	"-"	"-"	""
"PPA2134"	176	"SUPERFAMILY"	"SSF47240"	"Ferritin-like"	22	168	"6.41E-45"	"IPR009078"	"Ferritin-like superfamily"	"-"
"PPA2135"	892	"SUPERFAMILY"	"SSF52540"	"P-loop containing nucleoside triphosphate hydrolases"	96	430	"2.8E-42"	"IPR027417"	"P-loop containing nucleoside triphosphate hydrolase"	"-"
"PPA2136"	171	"SUPERFAMILY"	"SSF102114"	"Radical SAM enzymes"	16	141	"4.71E-9"	"-"	"-"	""
"PPA2137"	780	"SUPERFAMILY"	"SSF51998"	"PFL-like glycyl radical enzymes"	143	758	"0.0"	"-"	"-"	""
"PPA2138"	153	"SUPERFAMILY"	"SSF49777"	"PEBP-like"	1	151	"1.57E-45"	"IPR036610"	"PEBP-like superfamily"	"-"
"PPA2139"	354	"SUPERFAMILY"	"SSF53474"	"alpha/beta-Hydrolases"	11	293	"1.72E-22"	"IPR029058"	"Alpha/Beta hydrolase fold"	"-"
"PPA2142"	373	"SUPERFAMILY"	"SSF53474"	"alpha/beta-Hydrolases"	67	371	"1.88E-40"	"IPR029058"	"Alpha/Beta hydrolase fold"	"-"
"PPA2143"	497	"SUPERFAMILY"	"SSF88713"	"Glycoside hydrolase/deacetylase"	287	469	"1.33E-51"	"IPR011330"	"Glycoside hydrolase/deacetylase, beta/alpha-barrel"	"GO:0005975"
"PPA2146"	461	"SUPERFAMILY"	"SSF88713"	"Glycoside hydrolase/deacetylase"	244	433	"1.01E-46"	"IPR011330"	"Glycoside hydrolase/deacetylase, beta/alpha-barrel"	"GO:0005975"
"PPA2148"	424	"SUPERFAMILY"	"SSF53633"	"Carbamate kinase-like"	3	243	"4.32E-72"	"IPR036393"	"Acetylglutamate kinase-like superfamily"	"-"
"PPA2148"	424	"SUPERFAMILY"	"SSF55021"	"ACT-like"	253	332	"6.11E-18"	"IPR045865"	"ACT-like domain"	"-"
"PPA2148"	424	"SUPERFAMILY"	"SSF55021"	"ACT-like"	335	411	"3.56E-23"	"IPR045865"	"ACT-like domain"	"-"
"PPA2149"	847	"SUPERFAMILY"	"SSF53955"	"Lysozyme-like"	72	285	"1.46E-66"	"IPR023346"	"Lysozyme-like domain superfamily"	"-"
"PPA2149"	847	"SUPERFAMILY"	"SSF56601"	"beta-lactamase/transpeptidase-like"	250	704	"2.62E-71"	"IPR012338"	"Beta-lactamase/transpeptidase-like"	"-"
"PPA2150"	342	"SUPERFAMILY"	"SSF56300"	"Metallo-dependent phosphatases"	84	340	"7.08E-25"	"IPR029052"	"Metallo-dependent phosphatase-like"	"-"
"PPA2151"	222	"SUPERFAMILY"	"SSF52317"	"Class I glutamine amidotransferase-like"	46	220	"1.11E-46"	"IPR029062"	"Class I glutamine amidotransferase-like"	"-"
"PPA2152"	555	"SUPERFAMILY"	"SSF53850"	"Periplasmic binding protein-like II"	47	555	"1.99E-91"	"-"	"-"	""
"PPA2153"	307	"SUPERFAMILY"	"SSF161098"	"MetI-like"	94	293	"6.15E-20"	"IPR035906"	"MetI-like superfamily"	"-"
"PPA2154"	323	"SUPERFAMILY"	"SSF161098"	"MetI-like"	107	295	"1.57E-24"	"IPR035906"	"MetI-like superfamily"	"-"
"PPA2155"	345	"SUPERFAMILY"	"SSF52540"	"P-loop containing nucleoside triphosphate hydrolases"	20	270	"3.37E-63"	"IPR027417"	"P-loop containing nucleoside triphosphate hydrolase"	"-"
"PPA2156"	353	"SUPERFAMILY"	"SSF52540"	"P-loop containing nucleoside triphosphate hydrolases"	13	264	"1.02E-76"	"IPR027417"	"P-loop containing nucleoside triphosphate hydrolase"	"-"
"PPA2157"	81	"SUPERFAMILY"	"SSF143800"	"L28p-like"	1	79	"3.41E-24"	"IPR034704"	"L28p-like"	"-"
"PPA2158"	78	"SUPERFAMILY"	"SSF143800"	"L28p-like"	1	77	"1.47E-26"	"IPR034704"	"L28p-like"	"-"
"PPA2160"	56	"SUPERFAMILY"	"SSF57829"	"Zn-binding ribosomal proteins"	6	56	"7.94E-18"	"IPR011332"	"Zinc-binding ribosomal protein"	"GO:0006412"
"PPA2161"	101	"SUPERFAMILY"	"SSF57716"	"Glucocorticoid receptor-like (DNA-binding domain)"	2	101	"4.28E-34"	"-"	"-"	""
"PPA2162"	56	"SUPERFAMILY"	"SSF57829"	"Zn-binding ribosomal proteins"	1	39	"2.32E-8"	"IPR011332"	"Zinc-binding ribosomal protein"	"GO:0006412"
"PPA2163"	121	"SUPERFAMILY"	"SSF54534"	"FKBP-like"	8	120	"6.09E-39"	"-"	"-"	""
"PPA2164"	656	"SUPERFAMILY"	"SSF51445"	"(Trans)glycosidases"	49	455	"2.81E-88"	"IPR017853"	"Glycoside hydrolase superfamily"	"-"
"PPA2164"	656	"SUPERFAMILY"	"SSF52279"	"Beta-D-glucan exohydrolase, C-terminal domain"	481	641	"1.57E-11"	"IPR036881"	"Glycoside hydrolase family 3 C-terminal domain superfamily"	"GO:0004553|GO:0005975"
"PPA2165"	137	"SUPERFAMILY"	"SSF111326"	"Urocanase"	80	137	"4.05E-12"	"IPR036190"	"Urocanase superfamily"	"-"
"PPA2166"	512	"SUPERFAMILY"	"SSF111326"	"Urocanase"	1	491	"0.0"	"IPR036190"	"Urocanase superfamily"	"-"
"PPA2167"	398	"SUPERFAMILY"	"SSF53187"	"Zn-dependent exopeptidases"	9	396	"1.57E-68"	"-"	"-"	""
"PPA2167"	398	"SUPERFAMILY"	"SSF55031"	"Bacterial exopeptidase dimerisation domain"	211	317	"9.77E-22"	"IPR036264"	"Bacterial exopeptidase dimerisation domain"	"-"
"PPA2168"	446	"SUPERFAMILY"	"SSF51556"	"Metallo-dependent hydrolases"	48	358	"3.58E-75"	"IPR032466"	"Metal-dependent hydrolase"	"-"
"PPA2169"	396	"SUPERFAMILY"	"SSF51556"	"Metallo-dependent hydrolases"	63	344	"2.72E-67"	"IPR032466"	"Metal-dependent hydrolase"	"-"
"PPA2169"	396	"SUPERFAMILY"	"SSF51338"	"Composite domain of metallo-dependent hydrolases"	21	385	"1.6E-11"	"IPR011059"	"Metal-dependent hydrolase, composite domain superfamily"	"GO:0016810"
"PPA2170"	511	"SUPERFAMILY"	"SSF48557"	"L-aspartase-like"	2	503	"0.0"	"IPR008948"	"L-Aspartase-like"	"GO:0003824"
"PPA2172"	244	"SUPERFAMILY"	"SSF52467"	"DHS-like NAD/FAD-binding domain"	4	242	"3.41E-79"	"IPR029035"	"DHS-like NAD/FAD-binding domain superfamily"	"-"
"PPA2174"	415	"SUPERFAMILY"	"SSF53474"	"alpha/beta-Hydrolases"	37	401	"6.1E-28"	"IPR029058"	"Alpha/Beta hydrolase fold"	"-"
"PPA2175"	343	"SUPERFAMILY"	"SSF47090"	"PGBD-like"	135	201	"5.02E-11"	"IPR036365"	"PGBD-like superfamily"	"-"
"PPA2175"	343	"SUPERFAMILY"	"SSF50685"	"Barwin-like endoglucanases"	256	342	"1.46E-14"	"IPR036908"	"RlpA-like domain superfamily"	"-"
"PPA2176"	271	"SUPERFAMILY"	"SSF50346"	"PRC-barrel domain"	11	106	"1.53E-20"	"IPR011033"	"PRC-barrel-like superfamily"	"-"
"PPA2179"	504	"SUPERFAMILY"	"SSF116726"	"TrkA C-terminal domain-like"	415	481	"1.57E-12"	"IPR036721"	"Regulator of K+ conductance, C-terminal domain superfamily"	"GO:0006813"
"PPA2182"	149	"SUPERFAMILY"	"SSF53927"	"Cytidine deaminase-like"	1	143	"2.54E-49"	"IPR016193"	"Cytidine deaminase-like"	"GO:0003824"
"PPA2184"	213	"SUPERFAMILY"	"SSF53271"	"PRTase-like"	4	210	"2.1E-59"	"IPR029057"	"Phosphoribosyltransferase-like"	"-"
"PPA2185"	247	"SUPERFAMILY"	"SSF54637"	"Thioesterase/thiol ester dehydrase-isomerase"	142	244	"1.57E-16"	"IPR029069"	"HotDog domain superfamily"	"-"
"PPA2186"	173	"SUPERFAMILY"	"SSF55826"	"YbaK/ProRS associated domain"	36	168	"1.28E-25"	"IPR036754"	"YbaK/aminoacyl-tRNA synthetase-associated domain superfamily"	"GO:0002161"
"PPA2188"	233	"SUPERFAMILY"	"SSF52317"	"Class I glutamine amidotransferase-like"	12	195	"3.99E-36"	"IPR029062"	"Class I glutamine amidotransferase-like"	"-"
"PPA2191"	336	"SUPERFAMILY"	"SSF53822"	"Periplasmic binding protein-like I"	71	334	"5.98E-47"	"IPR028082"	"Periplasmic binding protein-like I"	"-"
"PPA2191"	336	"SUPERFAMILY"	"SSF47413"	"lambda repressor-like DNA-binding domains"	11	69	"2.25E-17"	"IPR010982"	"Lambda repressor-like, DNA-binding domain superfamily"	"GO:0003677"
"PPA2192"	411	"SUPERFAMILY"	"SSF55060"	"GHMP Kinase, C-terminal domain"	235	406	"1.26E-50"	"IPR036554"	"GHMP kinase, C-terminal domain superfamily"	"-"
"PPA2192"	411	"SUPERFAMILY"	"SSF54211"	"Ribosomal protein S5 domain 2-like"	26	230	"1.59E-50"	"IPR020568"	"Ribosomal protein S5 domain 2-type fold"	"-"
"PPA2200"	333	"SUPERFAMILY"	"SSF50129"	"GroES-like"	19	158	"5.93E-33"	"IPR011032"	"GroES-like superfamily"	"-"
"PPA2200"	333	"SUPERFAMILY"	"SSF51735"	"NAD(P)-binding Rossmann-fold domains"	121	296	"2.66E-42"	"IPR036291"	"NAD(P)-binding domain superfamily"	"-"
"PPA2201"	474	"SUPERFAMILY"	"SSF69864"	"Argininosuccinate synthetase, C-terminal domain"	193	436	"7.98E-77"	"IPR024074"	"Argininosuccinate synthetase, catalytic/multimerisation domain body"	"GO:0004055"
"PPA2201"	474	"SUPERFAMILY"	"SSF52402"	"Adenine nucleotide alpha hydrolases-like"	7	190	"4.44E-30"	"-"	"-"	""
"PPA2202"	402	"SUPERFAMILY"	"SSF103473"	"MFS general substrate transporter"	10	399	"1.57E-38"	"IPR036259"	"MFS transporter superfamily"	"-"
"PPA2205"	257	"SUPERFAMILY"	"SSF56784"	"HAD-like"	5	257	"3.67E-46"	"IPR036412"	"HAD-like superfamily"	"-"
"PPA2206"	118	"SUPERFAMILY"	"SSF52540"	"P-loop containing nucleoside triphosphate hydrolases"	9	98	"3.75E-21"	"IPR027417"	"P-loop containing nucleoside triphosphate hydrolase"	"-"
"PPA2208"	288	"SUPERFAMILY"	"SSF51182"	"RmlC-like cupins"	149	279	"9.86E-20"	"IPR011051"	"RmlC-like cupin domain superfamily"	"-"
"PPA2208"	288	"SUPERFAMILY"	"SSF47413"	"lambda repressor-like DNA-binding domains"	95	167	"1.07E-14"	"IPR010982"	"Lambda repressor-like, DNA-binding domain superfamily"	"GO:0003677"
"PPA2209"	246	"SUPERFAMILY"	"SSF56037"	"PheT/TilS domain"	64	210	"1.6E-22"	"-"	"-"	""
"PPA2212"	449	"SUPERFAMILY"	"SSF51905"	"FAD/NAD(P)-binding domain"	22	369	"1.46E-39"	"IPR036188"	"FAD/NAD(P)-binding domain superfamily"	"-"
"PPA2212"	449	"SUPERFAMILY"	"SSF54373"	"FAD-linked reductases, C-terminal domain"	199	301	"1.1E-16"	"-"	"-"	""
"PPA2213"	292	"SUPERFAMILY"	"SSF52402"	"Adenine nucleotide alpha hydrolases-like"	14	202	"1.84E-13"	"-"	"-"	""
"PPA2213"	292	"SUPERFAMILY"	"SSF52467"	"DHS-like NAD/FAD-binding domain"	169	290	"1.38E-40"	"IPR029035"	"DHS-like NAD/FAD-binding domain superfamily"	"-"
"PPA2214"	253	"SUPERFAMILY"	"SSF52402"	"Adenine nucleotide alpha hydrolases-like"	1	242	"1.6E-43"	"-"	"-"	""
"PPA2215"	388	"SUPERFAMILY"	"SSF89796"	"CoA-transferase family III (CaiB/BaiF)"	4	385	"2.22E-127"	"IPR023606"	"CoA-transferase family III domain 1 superfamily"	"-"
"PPA2216"	382	"SUPERFAMILY"	"SSF47203"	"Acyl-CoA dehydrogenase C-terminal domain-like"	228	380	"2.39E-55"	"IPR036250"	"Acyl-CoA dehydrogenase-like, C-terminal"	"GO:0016627"
"PPA2216"	382	"SUPERFAMILY"	"SSF56645"	"Acyl-CoA dehydrogenase NM domain-like"	4	240	"9.29E-73"	"IPR009100"	"Acyl-CoA dehydrogenase/oxidase, N-terminal and middle domain superfamily"	"GO:0016627"
"PPA2217"	254	"SUPERFAMILY"	"SSF55781"	"GAF domain-like"	71	252	"3.66E-36"	"-"	"-"	""
"PPA2217"	254	"SUPERFAMILY"	"SSF46785"	"Winged helix DNA-binding domain"	8	79	"4.97E-14"	"IPR036390"	"Winged helix DNA-binding domain superfamily"	"-"
"PPA2218"	441	"SUPERFAMILY"	"SSF54197"	"HIT-like"	12	262	"1.7E-21"	"IPR036265"	"HIT-like superfamily"	"-"
"PPA2219"	424	"SUPERFAMILY"	"SSF55681"	"Class II aaRS and biotin synthetases"	131	415	"1.87E-80"	"IPR045864"	"Class II Aminoacyl-tRNA synthetase/Biotinyl protein ligase (BPL) and lipoyl protein ligase (LPL)"	"-"
"PPA2219"	424	"SUPERFAMILY"	"SSF46589"	"tRNA-binding arm"	1	111	"1.31E-23"	"IPR010978"	"Class I and II aminoacyl-tRNA synthetase, tRNA-binding arm"	"GO:0000166"
"PPA2220"	272	"SUPERFAMILY"	"SSF50346"	"PRC-barrel domain"	10	108	"1.1E-19"	"IPR011033"	"PRC-barrel-like superfamily"	"-"
"PPA2221"	243	"SUPERFAMILY"	"SSF55729"	"Acyl-CoA N-acyltransferases (Nat)"	7	222	"5.83E-58"	"IPR016181"	"Acyl-CoA N-acyltransferase"	"-"
"PPA2225"	172	"SUPERFAMILY"	"SSF47240"	"Ferritin-like"	3	162	"1.71E-46"	"IPR009078"	"Ferritin-like superfamily"	"-"
"PPA2227"	149	"SUPERFAMILY"	"SSF55653"	"Ribosomal protein L9 C-domain"	57	146	"1.16E-22"	"IPR036791"	"Ribosomal protein L9, C-terminal domain superfamily"	"-"
"PPA2227"	149	"SUPERFAMILY"	"SSF55658"	"L9 N-domain-like"	1	57	"5.41E-16"	"IPR009027"	"Ribosomal protein L9/RNase H1, N-terminal"	"-"
"PPA2228"	79	"SUPERFAMILY"	"SSF46911"	"Ribosomal protein S18"	4	75	"1.01E-24"	"IPR036870"	"Ribosomal protein S18 superfamily"	"-"
"PPA2229"	184	"SUPERFAMILY"	"SSF50249"	"Nucleic acid-binding proteins"	7	184	"1.59E-45"	"IPR012340"	"Nucleic acid-binding, OB-fold"	"-"
"PPA2230"	96	"SUPERFAMILY"	"SSF54995"	"Ribosomal protein S6"	1	94	"7.85E-33"	"IPR035980"	"Ribosomal protein S6 superfamily"	"GO:0003735|GO:0005840|GO:0006412|GO:0019843"
"PPA2231"	120	"SUPERFAMILY"	"SSF52821"	"Rhodanese/Cell cycle control phosphatase"	10	108	"1.44E-18"	"IPR036873"	"Rhodanese-like domain superfamily"	"-"
"PPA2232"	153	"SUPERFAMILY"	"SSF55804"	"Phoshotransferase/anion transport protein"	4	149	"2.75E-38"	"IPR016152"	"Phosphotransferase/anion transporter"	"-"
"PPA2233"	519	"SUPERFAMILY"	"SSF52794"	"PTS system IIB component-like"	28	123	"8.2E-37"	"IPR036095"	"PTS system IIB component-like superfamily"	"GO:0008982|GO:0009401"
"PPA2234"	644	"SUPERFAMILY"	"SSF56801"	"Acetyl-CoA synthetase-like"	33	630	"3.14E-122"	"-"	"-"	""
"PPA2235"	251	"SUPERFAMILY"	"SSF51658"	"Xylose isomerase-like"	5	223	"9.95E-47"	"IPR036237"	"Xylose isomerase-like superfamily"	"-"
"PPA2236"	269	"SUPERFAMILY"	"SSF51735"	"NAD(P)-binding Rossmann-fold domains"	5	249	"8.11E-50"	"IPR036291"	"NAD(P)-binding domain superfamily"	"-"
"PPA2237"	283	"SUPERFAMILY"	"SSF69593"	"Glycerol-3-phosphate (1)-acyltransferase"	28	233	"2.62E-30"	"-"	"-"	""
"PPA2238"	160	"SUPERFAMILY"	"SSF55136"	"Probable bacterial effector-binding domain"	5	160	"2.88E-14"	"IPR011256"	"Regulatory factor, effector binding domain superfamily"	"-"
"PPA2239"	397	"SUPERFAMILY"	"SSF50685"	"Barwin-like endoglucanases"	316	396	"5.23E-13"	"IPR036908"	"RlpA-like domain superfamily"	"-"
"PPA2240"	752	"SUPERFAMILY"	"SSF55008"	"HMA, heavy metal-associated domain"	20	85	"1.44E-14"	"IPR036163"	"Heavy metal-associated domain superfamily"	"GO:0046872"
"PPA2240"	752	"SUPERFAMILY"	"SSF56784"	"HAD-like"	442	739	"7.79E-53"	"IPR036412"	"HAD-like superfamily"	"-"
"PPA2240"	752	"SUPERFAMILY"	"SSF81665"	"Calcium ATPase, transmembrane domain M"	212	436	"6.54E-11"	"IPR023298"	"P-type ATPase, transmembrane domain superfamily"	"-"
"PPA2240"	752	"SUPERFAMILY"	"SSF81653"	"Calcium ATPase, transduction domain A"	247	342	"5.75E-25"	"IPR008250"	"P-type ATPase, A domain superfamily"	"-"
"PPA2242"	130	"SUPERFAMILY"	"SSF55008"	"HMA, heavy metal-associated domain"	2	62	"2.36E-14"	"IPR036163"	"Heavy metal-associated domain superfamily"	"GO:0046872"
"PPA2244"	448	"SUPERFAMILY"	"SSF48024"	"N-terminal domain of DnaB helicase"	14	125	"5.62E-34"	"IPR036185"	"DNA helicase, DnaB-like, N-terminal domain superfamily"	"GO:0003678|GO:0005524|GO:0006260"
"PPA2244"	448	"SUPERFAMILY"	"SSF52540"	"P-loop containing nucleoside triphosphate hydrolases"	190	438	"1.28E-51"	"IPR027417"	"P-loop containing nucleoside triphosphate hydrolase"	"-"
"PPA2245"	333	"SUPERFAMILY"	"SSF50129"	"GroES-like"	15	138	"4.87E-31"	"IPR011032"	"GroES-like superfamily"	"-"
"PPA2245"	333	"SUPERFAMILY"	"SSF51735"	"NAD(P)-binding Rossmann-fold domains"	116	279	"4.96E-26"	"IPR036291"	"NAD(P)-binding domain superfamily"	"-"
"PPA2247"	191	"SUPERFAMILY"	"SSF50486"	"FMT C-terminal domain-like"	6	189	"3.3E-51"	"IPR011034"	"Formyl transferase-like, C-terminal domain superfamily"	"GO:0003824"
"PPA2248"	416	"SUPERFAMILY"	"SSF46548"	"alpha-helical ferredoxin"	17	103	"3.31E-15"	"-"	"-"	""
"PPA2249"	447	"SUPERFAMILY"	"SSF51905"	"FAD/NAD(P)-binding domain"	20	437	"2.89E-25"	"IPR036188"	"FAD/NAD(P)-binding domain superfamily"	"-"
"PPA2250"	544	"SUPERFAMILY"	"SSF54373"	"FAD-linked reductases, C-terminal domain"	224	314	"2.49E-9"	"-"	"-"	""
"PPA2250"	544	"SUPERFAMILY"	"SSF51905"	"FAD/NAD(P)-binding domain"	6	373	"2.59E-37"	"IPR036188"	"FAD/NAD(P)-binding domain superfamily"	"-"
"PPA2251"	321	"SUPERFAMILY"	"SSF51735"	"NAD(P)-binding Rossmann-fold domains"	99	290	"7.52E-58"	"IPR036291"	"NAD(P)-binding domain superfamily"	"-"
"PPA2251"	321	"SUPERFAMILY"	"SSF52283"	"Formate/glycerate dehydrogenase catalytic domain-like"	3	134	"8.51E-30"	"-"	"-"	""
"PPA2252"	174	"SUPERFAMILY"	"SSF46785"	"Winged helix DNA-binding domain"	28	153	"4.85E-23"	"IPR036390"	"Winged helix DNA-binding domain superfamily"	"-"
"PPA2253"	575	"SUPERFAMILY"	"SSF81340"	"Clc chloride channel"	21	465	"1.7E-91"	"IPR014743"	"Chloride channel, core"	"-"
"PPA2256"	177	"SUPERFAMILY"	"SSF46785"	"Winged helix DNA-binding domain"	19	165	"2.17E-28"	"IPR036390"	"Winged helix DNA-binding domain superfamily"	"-"
"PPA2257"	394	"SUPERFAMILY"	"SSF56300"	"Metallo-dependent phosphatases"	1	315	"1.1E-43"	"IPR029052"	"Metallo-dependent phosphatase-like"	"-"
"PPA2258"	868	"SUPERFAMILY"	"SSF52540"	"P-loop containing nucleoside triphosphate hydrolases"	1	856	"4.95E-14"	"IPR027417"	"P-loop containing nucleoside triphosphate hydrolase"	"-"
"PPA2260"	215	"SUPERFAMILY"	"SSF46689"	"Homeodomain-like"	11	85	"1.64E-10"	"IPR009057"	"Homeobox-like domain superfamily"	"-"
"PPA2260"	215	"SUPERFAMILY"	"SSF48498"	"Tetracyclin repressor-like, C-terminal domain"	99	208	"2.52E-14"	"IPR036271"	"Tetracyclin repressor-like, C-terminal domain superfamily"	"-"
"PPA2261"	290	"SUPERFAMILY"	"SSF56752"	"D-aminoacid aminotransferase-like PLP-dependent enzymes"	16	285	"2.22E-49"	"IPR036038"	"Aminotransferase-like, PLP-dependent enzymes"	"GO:0003824"
"PPA2262"	162	"SUPERFAMILY"	"SSF55826"	"YbaK/ProRS associated domain"	10	160	"4.58E-42"	"IPR036754"	"YbaK/aminoacyl-tRNA synthetase-associated domain superfamily"	"GO:0002161"
"PPA2265"	206	"SUPERFAMILY"	"SSF141523"	"L,D-transpeptidase catalytic domain-like"	77	205	"4.05E-16"	"IPR038063"	"L,D-transpeptidase catalytic domain-like"	"-"
"PPA2266"	689	"SUPERFAMILY"	"SSF56317"	"Carbon-nitrogen hydrolase"	13	301	"2.35E-52"	"IPR036526"	"Carbon-nitrogen hydrolase superfamily"	"-"
"PPA2266"	689	"SUPERFAMILY"	"SSF52402"	"Adenine nucleotide alpha hydrolases-like"	333	654	"4.19E-66"	"-"	"-"	""
"PPA2267"	748	"SUPERFAMILY"	"SSF53784"	"Phosphofructokinase"	338	737	"4.97E-99"	"IPR035966"	"Phosphofructokinase superfamily"	"GO:0003872|GO:0006096"
"PPA2267"	748	"SUPERFAMILY"	"SSF53784"	"Phosphofructokinase"	7	356	"1.29E-104"	"IPR035966"	"Phosphofructokinase superfamily"	"GO:0003872|GO:0006096"
"PPA2268"	370	"SUPERFAMILY"	"SSF51735"	"NAD(P)-binding Rossmann-fold domains"	137	303	"2.37E-42"	"IPR036291"	"NAD(P)-binding domain superfamily"	"-"
"PPA2268"	370	"SUPERFAMILY"	"SSF52283"	"Formate/glycerate dehydrogenase catalytic domain-like"	1	360	"2.04E-61"	"-"	"-"	""
"PPA2270"	427	"SUPERFAMILY"	"SSF141523"	"L,D-transpeptidase catalytic domain-like"	271	397	"4.58E-27"	"IPR038063"	"L,D-transpeptidase catalytic domain-like"	"-"
"PPA2271"	498	"SUPERFAMILY"	"SSF50685"	"Barwin-like endoglucanases"	420	496	"8.37E-14"	"IPR036908"	"RlpA-like domain superfamily"	"-"
"PPA2272"	428	"SUPERFAMILY"	"SSF48256"	"Citrate synthase"	4	427	"0.0"	"IPR036969"	"Citrate synthase superfamily"	"GO:0046912"
"PPA2273"	341	"SUPERFAMILY"	"SSF51556"	"Metallo-dependent hydrolases"	8	336	"1.97E-62"	"IPR032466"	"Metal-dependent hydrolase"	"-"
"PPA2274"	370	"SUPERFAMILY"	"SSF51735"	"NAD(P)-binding Rossmann-fold domains"	137	303	"2.37E-42"	"IPR036291"	"NAD(P)-binding domain superfamily"	"-"
"PPA2274"	370	"SUPERFAMILY"	"SSF52283"	"Formate/glycerate dehydrogenase catalytic domain-like"	1	360	"2.04E-61"	"-"	"-"	""
"PPA2275"	335	"SUPERFAMILY"	"SSF46785"	"Winged helix DNA-binding domain"	3	47	"1.69E-5"	"IPR036390"	"Winged helix DNA-binding domain superfamily"	"-"
"PPA2275"	335	"SUPERFAMILY"	"SSF46785"	"Winged helix DNA-binding domain"	169	235	"3.5E-5"	"IPR036390"	"Winged helix DNA-binding domain superfamily"	"-"
"PPA2275"	335	"SUPERFAMILY"	"SSF54909"	"Dimeric alpha+beta barrel"	60	142	"1.88E-12"	"IPR011008"	"Dimeric alpha-beta barrel"	"-"
"PPA2276"	347	"SUPERFAMILY"	"SSF51735"	"NAD(P)-binding Rossmann-fold domains"	6	165	"7.09E-22"	"IPR036291"	"NAD(P)-binding domain superfamily"	"-"
"PPA2278"	473	"SUPERFAMILY"	"SSF53686"	"Tryptophan synthase beta subunit-like PLP-dependent enzymes"	50	365	"3.4E-51"	"IPR036052"	"Tryptophan synthase beta subunit-like PLP-dependent enzyme"	"-"
"PPA2279"	140	"SUPERFAMILY"	"SSF51703"	"Cobalamin (vitamin B12)-dependent enzymes"	24	114	"1.73E-13"	"IPR016176"	"Cobalamin (vitamin B12)-dependent enzyme, catalytic"	"GO:0003824|GO:0031419"
"PPA2280"	772	"SUPERFAMILY"	"SSF52242"	"Cobalamin (vitamin B12)-binding domain"	634	768	"2.62E-29"	"IPR036724"	"Cobalamin-binding domain superfamily"	"GO:0031419|GO:0046872"
"PPA2280"	772	"SUPERFAMILY"	"SSF51703"	"Cobalamin (vitamin B12)-dependent enzymes"	9	488	"0.0"	"IPR016176"	"Cobalamin (vitamin B12)-dependent enzyme, catalytic"	"GO:0003824|GO:0031419"
"PPA2282"	362	"SUPERFAMILY"	"SSF51419"	"PLP-binding barrel"	13	233	"3.14E-32"	"IPR029066"	"PLP-binding barrel"	"-"
"PPA2285"	375	"SUPERFAMILY"	"SSF51419"	"PLP-binding barrel"	12	240	"4.36E-56"	"IPR029066"	"PLP-binding barrel"	"-"
"PPA2285"	375	"SUPERFAMILY"	"SSF50621"	"Alanine racemase C-terminal domain-like"	240	374	"9.07E-51"	"IPR009006"	"Alanine racemase/group IV decarboxylase, C-terminal"	"GO:0003824"
"PPA2286"	474	"SUPERFAMILY"	"SSF53738"	"Phosphoglucomutase, first 3 domains"	253	385	"1.69E-32"	"IPR016055"	"Alpha-D-phosphohexomutase, alpha/beta/alpha I/II/III"	"GO:0005975|GO:0016868"
"PPA2286"	474	"SUPERFAMILY"	"SSF55957"	"Phosphoglucomutase, C-terminal domain"	376	473	"3.4E-17"	"IPR036900"	"Alpha-D-phosphohexomutase, C-terminal domain superfamily"	"GO:0016868|GO:0071704"
"PPA2286"	474	"SUPERFAMILY"	"SSF53738"	"Phosphoglucomutase, first 3 domains"	3	190	"2.35E-44"	"IPR016055"	"Alpha-D-phosphohexomutase, alpha/beta/alpha I/II/III"	"GO:0005975|GO:0016868"
"PPA2287"	396	"SUPERFAMILY"	"SSF55060"	"GHMP Kinase, C-terminal domain"	202	387	"1.07E-21"	"IPR036554"	"GHMP kinase, C-terminal domain superfamily"	"-"
"PPA2287"	396	"SUPERFAMILY"	"SSF54211"	"Ribosomal protein S5 domain 2-like"	2	176	"2.73E-25"	"IPR020568"	"Ribosomal protein S5 domain 2-type fold"	"-"
"PPA2288"	278	"SUPERFAMILY"	"SSF53448"	"Nucleotide-diphospho-sugar transferases"	13	275	"1.53E-42"	"IPR029044"	"Nucleotide-diphospho-sugar transferases"	"-"
"PPA2291"	288	"SUPERFAMILY"	"SSF52980"	"Restriction endonuclease-like"	195	272	"2.95E-6"	"IPR011335"	"Restriction endonuclease  type II-like"	"-"
"PPA2292"	468	"SUPERFAMILY"	"SSF48557"	"L-aspartase-like"	4	462	"0.0"	"IPR008948"	"L-Aspartase-like"	"GO:0003824"
"PPA2293"	303	"SUPERFAMILY"	"SSF161098"	"MetI-like"	30	303	"1.96E-57"	"IPR035906"	"MetI-like superfamily"	"-"
"PPA2294"	302	"SUPERFAMILY"	"SSF161098"	"MetI-like"	68	292	"1.96E-41"	"IPR035906"	"MetI-like superfamily"	"-"
"PPA2295"	444	"SUPERFAMILY"	"SSF53850"	"Periplasmic binding protein-like II"	45	429	"4.56E-51"	"-"	"-"	""
"PPA2296"	335	"SUPERFAMILY"	"SSF47413"	"lambda repressor-like DNA-binding domains"	7	65	"7.42E-17"	"IPR010982"	"Lambda repressor-like, DNA-binding domain superfamily"	"GO:0003677"
"PPA2296"	335	"SUPERFAMILY"	"SSF53822"	"Periplasmic binding protein-like I"	80	334	"1.83E-50"	"IPR028082"	"Periplasmic binding protein-like I"	"-"
"PPA2298"	285	"SUPERFAMILY"	"SSF82861"	"Mechanosensitive channel protein MscS (YggB), transmembrane region"	72	126	"3.4E-7"	"IPR011014"	"Mechanosensitive ion channel MscS, transmembrane-2"	"GO:0016020"
"PPA2298"	285	"SUPERFAMILY"	"SSF50182"	"Sm-like ribonucleoproteins"	128	185	"1.47E-12"	"IPR010920"	"LSM domain superfamily"	"-"
"PPA2298"	285	"SUPERFAMILY"	"SSF82689"	"Mechanosensitive channel protein MscS (YggB), C-terminal domain"	193	282	"1.96E-8"	"IPR011066"	"Mechanosensitive ion channel MscS, C-terminal"	"GO:0016020"
"PPA2299"	402	"SUPERFAMILY"	"SSF110738"	"Glycerate kinase I"	30	397	"8.89E-102"	"IPR036129"	"Glycerate kinase superfamily"	"GO:0008887|GO:0031388"
"PPA2301"	507	"SUPERFAMILY"	"SSF81301"	"Nucleotidyltransferase"	49	186	"3.71E-35"	"IPR043519"	"Nucleotidyltransferase superfamily"	"-"
"PPA2301"	507	"SUPERFAMILY"	"SSF81891"	"Poly A polymerase C-terminal region-like"	189	502	"1.44E-64"	"-"	"-"	""
"PPA2303"	603	"SUPERFAMILY"	"SSF49785"	"Galactose-binding domain-like"	466	601	"4.32E-6"	"IPR008979"	"Galactose-binding-like domain superfamily"	"-"
"PPA2303"	603	"SUPERFAMILY"	"SSF56112"	"Protein kinase-like (PK-like)"	35	221	"1.59E-14"	"IPR011009"	"Protein kinase-like domain superfamily"	"-"
"PPA2304"	515	"SUPERFAMILY"	"SSF53067"	"Actin-like ATPase domain"	266	509	"1.4E-86"	"IPR043129"	"ATPase, nucleotide binding domain"	"-"
"PPA2304"	515	"SUPERFAMILY"	"SSF53067"	"Actin-like ATPase domain"	14	266	"3.13E-91"	"IPR043129"	"ATPase, nucleotide binding domain"	"-"
"PPA2305"	250	"SUPERFAMILY"	"SSF81338"	"Aquaporin-like"	13	249	"8.76E-59"	"IPR023271"	"Aquaporin-like"	"-"
"PPA2306"	315	"SUPERFAMILY"	"SSF88659"	"Sigma3 and sigma4 domains of RNA polymerase sigma factors"	3	44	"1.1E-5"	"IPR013324"	"RNA polymerase sigma factor, region 3/4-like"	"-"
"PPA2306"	315	"SUPERFAMILY"	"SSF100950"	"NagB/RpiA/CoA transferase-like"	62	313	"2.0E-58"	"IPR037171"	"NagB/RpiA transferase-like"	"-"
"PPA2307"	479	"SUPERFAMILY"	"SSF50156"	"PDZ domain-like"	369	473	"1.58E-18"	"IPR036034"	"PDZ superfamily"	"GO:0005515"
"PPA2307"	479	"SUPERFAMILY"	"SSF50494"	"Trypsin-like serine proteases"	147	395	"3.5E-55"	"IPR009003"	"Peptidase S1, PA clan"	"-"
"PPA2308"	223	"SUPERFAMILY"	"SSF51445"	"(Trans)glycosidases"	111	185	"2.77E-15"	"IPR017853"	"Glycoside hydrolase superfamily"	"-"
"PPA2309"	350	"SUPERFAMILY"	"SSF51905"	"FAD/NAD(P)-binding domain"	40	344	"2.78E-55"	"IPR036188"	"FAD/NAD(P)-binding domain superfamily"	"-"
"PPA2310"	295	"SUPERFAMILY"	"SSF55120"	"Pseudouridine synthase"	69	289	"3.84E-49"	"IPR020103"	"Pseudouridine synthase, catalytic domain superfamily"	"GO:0001522|GO:0003723|GO:0009451|GO:0009982"
"PPA2311"	415	"SUPERFAMILY"	"SSF103473"	"MFS general substrate transporter"	21	413	"2.88E-44"	"IPR036259"	"MFS transporter superfamily"	"-"
"PPA2312"	309	"SUPERFAMILY"	"SSF53474"	"alpha/beta-Hydrolases"	42	307	"1.13E-63"	"IPR029058"	"Alpha/Beta hydrolase fold"	"-"
"PPA2313"	145	"SUPERFAMILY"	"SSF82784"	"OsmC-like"	7	139	"2.36E-20"	"IPR036102"	"OsmC/Ohr superfamily"	"-"
"PPA2314"	159	"SUPERFAMILY"	"SSF52833"	"Thioredoxin-like"	47	158	"3.34E-33"	"IPR036249"	"Thioredoxin-like superfamily"	"-"
"PPA2315"	355	"SUPERFAMILY"	"SSF51735"	"NAD(P)-binding Rossmann-fold domains"	3	186	"2.28E-36"	"IPR036291"	"NAD(P)-binding domain superfamily"	"-"
"PPA2315"	355	"SUPERFAMILY"	"SSF48179"	"6-phosphogluconate dehydrogenase C-terminal domain-like"	187	328	"3.4E-23"	"IPR008927"	"6-phosphogluconate dehydrogenase-like, C-terminal domain superfamily"	"-"
"PPA2318"	687	"SUPERFAMILY"	"SSF52518"	"Thiamin diphosphate-binding fold (THDP-binding)"	362	548	"3.37E-62"	"IPR029061"	"Thiamin diphosphate-binding fold"	"-"
"PPA2318"	687	"SUPERFAMILY"	"SSF52922"	"TK C-terminal domain-like"	554	684	"1.57E-41"	"IPR009014"	"Transketolase C-terminal/Pyruvate-ferredoxin oxidoreductase domain II"	"GO:0003824"
"PPA2318"	687	"SUPERFAMILY"	"SSF52518"	"Thiamin diphosphate-binding fold (THDP-binding)"	5	339	"9.99E-92"	"IPR029061"	"Thiamin diphosphate-binding fold"	"-"
"PPA2319"	587	"SUPERFAMILY"	"SSF53067"	"Actin-like ATPase domain"	301	551	"9.71E-54"	"IPR043129"	"ATPase, nucleotide binding domain"	"-"
"PPA2319"	587	"SUPERFAMILY"	"SSF53067"	"Actin-like ATPase domain"	23	299	"1.24E-35"	"IPR043129"	"ATPase, nucleotide binding domain"	"-"
"PPA2320"	454	"SUPERFAMILY"	"SSF56796"	"Dehydroquinate synthase-like"	18	309	"1.15E-39"	"-"	"-"	""
"PPA2321"	534	"SUPERFAMILY"	"SSF53067"	"Actin-like ATPase domain"	7	258	"3.19E-65"	"IPR043129"	"ATPase, nucleotide binding domain"	"-"
"PPA2321"	534	"SUPERFAMILY"	"SSF53067"	"Actin-like ATPase domain"	257	508	"1.26E-61"	"IPR043129"	"ATPase, nucleotide binding domain"	"-"
"PPA2322"	285	"SUPERFAMILY"	"SSF56784"	"HAD-like"	13	268	"4.64E-59"	"IPR036412"	"HAD-like superfamily"	"-"
"PPA2324"	160	"SUPERFAMILY"	"SSF89623"	"Ribose/Galactose isomerase RpiB/AlsB"	3	149	"1.22E-44"	"IPR036569"	"Sugar-phosphate isomerase, RpiB/LacA/LacB superfamily"	"GO:0005975|GO:0016853"
"PPA2325"	172	"SUPERFAMILY"	"SSF53639"	"AraD/HMP-PK domain-like"	1	158	"8.24E-47"	"IPR036409"	"Class II aldolase/adducin N-terminal domain superfamily"	"-"
"PPA2326"	268	"SUPERFAMILY"	"SSF46785"	"Winged helix DNA-binding domain"	14	69	"5.19E-11"	"IPR036390"	"Winged helix DNA-binding domain superfamily"	"-"
"PPA2326"	268	"SUPERFAMILY"	"SSF100950"	"NagB/RpiA/CoA transferase-like"	87	241	"9.42E-23"	"IPR037171"	"NagB/RpiA transferase-like"	"-"
"PPA2327"	357	"SUPERFAMILY"	"SSF51658"	"Xylose isomerase-like"	1	352	"2.49E-80"	"IPR036237"	"Xylose isomerase-like superfamily"	"-"
"PPA2328"	529	"SUPERFAMILY"	"SSF51735"	"NAD(P)-binding Rossmann-fold domains"	17	309	"1.1E-59"	"IPR036291"	"NAD(P)-binding domain superfamily"	"-"
"PPA2328"	529	"SUPERFAMILY"	"SSF48179"	"6-phosphogluconate dehydrogenase C-terminal domain-like"	315	517	"2.52E-38"	"IPR008927"	"6-phosphogluconate dehydrogenase-like, C-terminal domain superfamily"	"-"
"PPA2329"	470	"SUPERFAMILY"	"SSF51556"	"Metallo-dependent hydrolases"	8	469	"0.0"	"IPR032466"	"Metal-dependent hydrolase"	"-"
"PPA2330"	335	"SUPERFAMILY"	"SSF47413"	"lambda repressor-like DNA-binding domains"	10	60	"1.31E-12"	"IPR010982"	"Lambda repressor-like, DNA-binding domain superfamily"	"GO:0003677"
"PPA2330"	335	"SUPERFAMILY"	"SSF53822"	"Periplasmic binding protein-like I"	69	316	"5.1E-45"	"IPR028082"	"Periplasmic binding protein-like I"	"-"
"PPA2331"	474	"SUPERFAMILY"	"SSF103473"	"MFS general substrate transporter"	22	450	"2.44E-31"	"IPR036259"	"MFS transporter superfamily"	"-"
"PPA2332"	830	"SUPERFAMILY"	"SSF51011"	"Glycosyl hydrolase domain"	642	718	"1.73E-9"	"-"	"-"	""
"PPA2332"	830	"SUPERFAMILY"	"SSF51445"	"(Trans)glycosidases"	291	637	"2.42E-62"	"IPR017853"	"Glycoside hydrolase superfamily"	"-"
"PPA2332"	830	"SUPERFAMILY"	"SSF74650"	"Galactose mutarotase-like"	21	285	"1.1E-33"	"IPR011013"	"Galactose mutarotase-like domain superfamily"	"GO:0003824|GO:0005975|GO:0030246"
"PPA2333"	593	"SUPERFAMILY"	"SSF49303"	"beta-Galactosidase/glucuronidase domain"	182	275	"5.18E-22"	"IPR036156"	"Beta-Galactosidase/glucuronidase domain superfamily"	"-"
"PPA2333"	593	"SUPERFAMILY"	"SSF49785"	"Galactose-binding domain-like"	1	179	"8.93E-54"	"IPR008979"	"Galactose-binding-like domain superfamily"	"-"
"PPA2333"	593	"SUPERFAMILY"	"SSF51445"	"(Trans)glycosidases"	276	591	"5.03E-79"	"IPR017853"	"Glycoside hydrolase superfamily"	"-"
"PPA2337"	465	"SUPERFAMILY"	"SSF53383"	"PLP-dependent transferases"	46	438	"2.28E-102"	"IPR015424"	"Pyridoxal phosphate-dependent transferase"	"-"
"PPA2338"	327	"SUPERFAMILY"	"SSF52440"	"PreATP-grasp domain"	15	108	"1.06E-23"	"IPR016185"	"Pre-ATP-grasp domain superfamily"	"-"
"PPA2338"	327	"SUPERFAMILY"	"SSF56059"	"Glutathione synthetase ATP-binding domain-like"	108	319	"4.12E-47"	"-"	"-"	""
"PPA2341"	306	"SUPERFAMILY"	"SSF109709"	"KorB DNA-binding domain-like"	130	239	"1.02E-31"	"-"	"-"	""
"PPA2341"	306	"SUPERFAMILY"	"SSF110849"	"ParB/Sulfiredoxin"	49	140	"4.97E-27"	"IPR036086"	"ParB/Sulfiredoxin superfamily"	"-"
"PPA2342"	328	"SUPERFAMILY"	"SSF52540"	"P-loop containing nucleoside triphosphate hydrolases"	51	305	"1.04E-61"	"IPR027417"	"P-loop containing nucleoside triphosphate hydrolase"	"-"
"PPA2344"	208	"SUPERFAMILY"	"SSF53335"	"S-adenosyl-L-methionine-dependent methyltransferases"	14	179	"6.23E-32"	"IPR029063"	"S-adenosyl-L-methionine-dependent methyltransferase superfamily"	"-"
"PPA2346"	342	"SUPERFAMILY"	"SSF51419"	"PLP-binding barrel"	8	167	"1.6E-20"	"IPR029066"	"PLP-binding barrel"	"-"
"PPA2347"	363	"SUPERFAMILY"	"SSF55729"	"Acyl-CoA N-acyltransferases (Nat)"	3	167	"1.95E-34"	"IPR016181"	"Acyl-CoA N-acyltransferase"	"-"
"PPA2347"	363	"SUPERFAMILY"	"SSF55729"	"Acyl-CoA N-acyltransferases (Nat)"	175	356	"1.99E-38"	"IPR016181"	"Acyl-CoA N-acyltransferase"	"-"
"PPA2349"	203	"SUPERFAMILY"	"SSF82708"	"R3H domain"	157	200	"1.06E-10"	"IPR036867"	"R3H domain superfamily"	"GO:0003676"
"PPA2352"	85	"SUPERFAMILY"	"SSF54211"	"Ribosomal protein S5 domain 2-like"	13	82	"1.9E-16"	"IPR020568"	"Ribosomal protein S5 domain 2-type fold"	"-"
"PPA2359"	312	"SUPERFAMILY"	"SSF53067"	"Actin-like ATPase domain"	10	302	"8.48E-56"	"IPR043129"	"ATPase, nucleotide binding domain"	"-"
"PPA2393"	184	"SUPERFAMILY"	"SSF55729"	"Acyl-CoA N-acyltransferases (Nat)"	48	170	"7.28E-5"	"IPR016181"	"Acyl-CoA N-acyltransferase"	"-"
"PPA2399"	142	"SUPERFAMILY"	"SSF46785"	"Winged helix DNA-binding domain"	17	136	"3.41E-23"	"IPR036390"	"Winged helix DNA-binding domain superfamily"	"-"
"PPA2401"	165	"SUPERFAMILY"	"SSF55729"	"Acyl-CoA N-acyltransferases (Nat)"	5	147	"4.39E-18"	"IPR016181"	"Acyl-CoA N-acyltransferase"	"-"
