"protein_accession"	"sequence_length"	"analysis"	"signature_accession"	"signature_description"	"start_location"	"stop_location"	"e_value"	"interpro_annotations_accession"	"interpro_annotation_description"	"GO-annotation"
"PPA0001"	500	"Pfam"	"PF00308"	"Bacterial dnaA  protein"	163	380	"4.8E-99"	"IPR013317"	"Chromosomal replication initiator protein DnaA"	"-"
"PPA0001"	500	"Pfam"	"PF08299"	"Bacterial dnaA protein helix-turn-helix"	408	476	"1.2E-29"	"IPR013159"	"Chromosomal replication initiator, DnaA C-terminal"	"GO:0005524|GO:0006270|GO:0006275|GO:0043565"
"PPA0002"	503	"Pfam"	"PF02767"	"DNA polymerase III beta subunit, central domain"	244	367	"1.4E-26"	"IPR022637"	"DNA polymerase III, beta sliding clamp, central"	"GO:0003887|GO:0006260|GO:0008408|GO:0009360"
"PPA0002"	503	"Pfam"	"PF02768"	"DNA polymerase III beta subunit, C-terminal domain"	377	486	"5.9E-18"	"IPR022635"	"DNA polymerase III, beta sliding clamp, C-terminal"	"GO:0003677|GO:0003887|GO:0006260|GO:0008408|GO:0009360"
"PPA0002"	503	"Pfam"	"PF00712"	"DNA polymerase III beta subunit, N-terminal domain"	119	235	"2.5E-30"	"IPR022634"	"DNA polymerase III, beta sliding clamp, N-terminal"	"GO:0003677|GO:0003887|GO:0006260|GO:0008408|GO:0009360"
"PPA0003"	167	"Pfam"	"PF19736"	"Family of unknown function (DUF6226)"	3	166	"1.7E-16"	"IPR045773"	"Protein of unknown function DUF6226"	"-"
"PPA0004"	394	"Pfam"	"PF02463"	"RecF/RecN/SMC N terminal domain"	2	363	"1.0E-16"	"IPR003395"	"RecF/RecN/SMC, N-terminal"	"-"
"PPA0005"	202	"Pfam"	"PF05258"	"Dna[CI] antecedent, DciA"	91	177	"3.7E-22"	"IPR007922"	"Protein of unknown function DUF721/UPF0232"	"-"
"PPA0008"	395	"Pfam"	"PF01238"	"Phosphomannose isomerase type I"	4	294	"4.3E-49"	"IPR001250"	"Mannose-6-phosphate isomerase, type I"	"GO:0004476|GO:0005975|GO:0008270"
"PPA0009"	690	"Pfam"	"PF02518"	"Histidine kinase-, DNA gyrase B-, and HSP90-like ATPase"	70	213	"3.4E-19"	"IPR003594"	"Histidine kinase/HSP90-like ATPase"	"-"
"PPA0009"	690	"Pfam"	"PF01751"	"Toprim domain"	469	580	"1.0E-15"	"IPR006171"	"TOPRIM  domain"	"-"
"PPA0009"	690	"Pfam"	"PF00204"	"DNA gyrase B"	268	439	"6.9E-59"	"IPR013506"	"DNA topoisomerase, type IIA, subunit B, domain 2"	"GO:0003677|GO:0003918|GO:0005524|GO:0006265"
"PPA0009"	690	"Pfam"	"PF00986"	"DNA gyrase B subunit, carboxyl terminus"	622	679	"1.3E-27"	"IPR002288"	"DNA gyrase B subunit, C-terminal"	"GO:0003677|GO:0003918|GO:0005524|GO:0006265"
"PPA0010"	891	"Pfam"	"PF03989"	"DNA gyrase C-terminal domain, beta-propeller"	526	569	"3.5E-11"	"IPR006691"	"DNA gyrase/topoisomerase IV, subunit A, C-terminal repeat"	"GO:0003677|GO:0003916|GO:0005524|GO:0006265"
"PPA0010"	891	"Pfam"	"PF03989"	"DNA gyrase C-terminal domain, beta-propeller"	577	622	"3.5E-6"	"IPR006691"	"DNA gyrase/topoisomerase IV, subunit A, C-terminal repeat"	"GO:0003677|GO:0003916|GO:0005524|GO:0006265"
"PPA0010"	891	"Pfam"	"PF03989"	"DNA gyrase C-terminal domain, beta-propeller"	681	729	"1.3E-13"	"IPR006691"	"DNA gyrase/topoisomerase IV, subunit A, C-terminal repeat"	"GO:0003677|GO:0003916|GO:0005524|GO:0006265"
"PPA0010"	891	"Pfam"	"PF03989"	"DNA gyrase C-terminal domain, beta-propeller"	740	786	"1.3E-11"	"IPR006691"	"DNA gyrase/topoisomerase IV, subunit A, C-terminal repeat"	"GO:0003677|GO:0003916|GO:0005524|GO:0006265"
"PPA0010"	891	"Pfam"	"PF03989"	"DNA gyrase C-terminal domain, beta-propeller"	798	830	"0.0011"	"IPR006691"	"DNA gyrase/topoisomerase IV, subunit A, C-terminal repeat"	"GO:0003677|GO:0003916|GO:0005524|GO:0006265"
"PPA0010"	891	"Pfam"	"PF03989"	"DNA gyrase C-terminal domain, beta-propeller"	632	677	"5.0E-8"	"IPR006691"	"DNA gyrase/topoisomerase IV, subunit A, C-terminal repeat"	"GO:0003677|GO:0003916|GO:0005524|GO:0006265"
"PPA0010"	891	"Pfam"	"PF00521"	"DNA gyrase/topoisomerase IV, subunit A"	50	494	"0.0"	"IPR002205"	"DNA topoisomerase, type IIA,  domain A"	"GO:0003677|GO:0003918|GO:0005524|GO:0006265"
"PPA0011"	210	"Pfam"	"PF12089"	"Transmembrane domain of unknown function (DUF3566)"	90	209	"2.1E-39"	"IPR021949"	"Domain of unknown function DUF3566. transmembrane"	"-"
"PPA0012"	322	"Pfam"	"PF00056"	"lactate/malate dehydrogenase, NAD binding domain"	7	151	"2.9E-19"	"IPR001236"	"Lactate/malate dehydrogenase, N-terminal"	"GO:0016491"
"PPA0012"	322	"Pfam"	"PF02866"	"lactate/malate dehydrogenase, alpha/beta C-terminal domain"	154	317	"1.3E-12"	"IPR022383"	"Lactate/malate dehydrogenase, C-terminal"	"GO:0016616"
"PPA0014"	335	"Pfam"	"PF13377"	"Periplasmic binding protein-like domain"	171	328	"2.1E-34"	"IPR046335"	"Transcriptional regulator LacI/GalR-like, sensor domain"	"-"
"PPA0014"	335	"Pfam"	"PF00356"	"Bacterial regulatory proteins, lacI family"	6	51	"6.6E-16"	"IPR000843"	"LacI-type HTH domain"	"GO:0003677|GO:0006355"
"PPA0015"	501	"Pfam"	"PF00005"	"ABC transporter"	268	421	"2.2E-19"	"IPR003439"	"ABC transporter-like, ATP-binding domain"	"GO:0005524"
"PPA0015"	501	"Pfam"	"PF00005"	"ABC transporter"	21	169	"6.3E-30"	"IPR003439"	"ABC transporter-like, ATP-binding domain"	"GO:0005524"
"PPA0016"	325	"Pfam"	"PF02653"	"Branched-chain amino acid transport system / permease component"	50	313	"4.6E-38"	"IPR001851"	"ABC transporter, permease"	"GO:0016021|GO:0022857|GO:0055085"
"PPA0017"	313	"Pfam"	"PF13407"	"Periplasmic binding protein domain"	39	291	"4.2E-60"	"IPR025997"	"Periplasmic binding protein"	"-"
"PPA0018"	309	"Pfam"	"PF00294"	"pfkB family carbohydrate kinase"	6	296	"2.6E-51"	"IPR011611"	"Carbohydrate kinase PfkB"	"-"
"PPA0019"	127	"Pfam"	"PF05025"	"RbsD / FucU transport protein family"	1	125	"1.4E-38"	"IPR007721"	"D-ribose pyranase RbsD/L-fucose mutarotase FucU"	"GO:0005996|GO:0016853|GO:0048029"
"PPA0021"	158	"Pfam"	"PF00359"	"Phosphoenolpyruvate-dependent sugar phosphotransferase system, EIIA 2"	4	147	"3.3E-32"	"IPR002178"	"PTS EIIA type-2 domain"	"-"
"PPA0022"	418	"Pfam"	"PF03611"	"PTS system sugar-specific permease component"	7	391	"3.4E-61"	"IPR004703"	"Phosphotransferase system, sugar-specific permease component"	"GO:0009401|GO:0016021"
"PPA0023"	100	"Pfam"	"PF02302"	"PTS system, Lactose/Cellobiose specific IIB subunit"	6	61	"1.9E-10"	"IPR003501"	"Phosphotransferase system, EIIB component, type 2/3"	"GO:0008982|GO:0009401"
"PPA0030"	192	"Pfam"	"PF13419"	"Haloacid dehalogenase-like hydrolase"	9	166	"6.6E-14"	"IPR041492"	"Haloacid dehalogenase-like hydrolase"	"-"
"PPA0031"	252	"Pfam"	"PF08220"	"DeoR-like helix-turn-helix domain"	19	58	"2.0E-11"	"IPR001034"	"DeoR-type HTH domain"	"GO:0003700|GO:0006355"
"PPA0031"	252	"Pfam"	"PF00455"	"DeoR C terminal sensor domain"	74	229	"9.1E-31"	"IPR014036"	"DeoR C-terminal sensor domain"	"-"
"PPA0034"	352	"Pfam"	"PF00155"	"Aminotransferase class I and II"	24	346	"6.9E-60"	"IPR004839"	"Aminotransferase, class I/classII"	"GO:0009058|GO:0030170"
"PPA0037"	188	"Pfam"	"PF13302"	"Acetyltransferase (GNAT) domain"	22	159	"1.4E-10"	"IPR000182"	"GNAT domain"	"GO:0016407"
"PPA0039"	212	"Pfam"	"PF08666"	"SAF domain"	51	113	"2.0E-7"	"IPR013974"	"SAF domain"	"-"
"PPA0041"	492	"Pfam"	"PF00437"	"Type II/IV secretion system protein"	149	397	"2.8E-25"	"IPR001482"	"Type II/IV secretion system protein"	"-"
"PPA0042"	293	"Pfam"	"PF00482"	"Type II secretion system (T2SS), protein F"	110	234	"4.3E-8"	"IPR018076"	"Type II secretion system protein GspF domain"	"-"
"PPA0044"	220	"Pfam"	"PF07811"	"TadE-like protein"	114	152	"1.4E-7"	"IPR012495"	"TadE-like"	"-"
"PPA0047"	920	"Pfam"	"PF01476"	"LysM domain"	158	203	"1.5E-4"	"IPR018392"	"LysM domain"	"-"
"PPA0047"	920	"Pfam"	"PF01476"	"LysM domain"	240	288	"1.5E-8"	"IPR018392"	"LysM domain"	"-"
"PPA0049"	569	"Pfam"	"PF01268"	"Formate--tetrahydrofolate ligase"	8	569	"0.0"	"IPR000559"	"Formate-tetrahydrofolate ligase, FTHFS"	"GO:0004329|GO:0005524"
"PPA0053"	823	"Pfam"	"PF12704"	"MacB-like periplasmic core domain"	18	204	"1.0E-8"	"IPR025857"	"MacB-like periplasmic core domain"	"-"
"PPA0053"	823	"Pfam"	"PF02687"	"FtsX-like permease family"	720	813	"1.2E-13"	"IPR003838"	"ABC3 transporter permease protein domain"	"GO:0016020"
"PPA0053"	823	"Pfam"	"PF02687"	"FtsX-like permease family"	276	366	"9.6E-10"	"IPR003838"	"ABC3 transporter permease protein domain"	"GO:0016020"
"PPA0054"	344	"Pfam"	"PF00005"	"ABC transporter"	127	273	"1.3E-29"	"IPR003439"	"ABC transporter-like, ATP-binding domain"	"GO:0005524"
"PPA0055"	218	"Pfam"	"PF00072"	"Response regulator receiver domain"	7	119	"2.0E-29"	"IPR001789"	"Signal transduction response regulator, receiver domain"	"GO:0000160"
"PPA0055"	218	"Pfam"	"PF00196"	"Bacterial regulatory proteins, luxR family"	156	212	"3.0E-17"	"IPR000792"	"Transcription regulator LuxR, C-terminal"	"GO:0006355"
"PPA0057"	276	"Pfam"	"PF00528"	"Binding-protein-dependent transport system inner membrane component"	89	260	"6.9E-15"	"IPR000515"	"ABC transporter type 1, transmembrane domain MetI-like"	"GO:0016020|GO:0055085"
"PPA0058"	298	"Pfam"	"PF00528"	"Binding-protein-dependent transport system inner membrane component"	80	288	"3.3E-12"	"IPR000515"	"ABC transporter type 1, transmembrane domain MetI-like"	"GO:0016020|GO:0055085"
"PPA0059"	434	"Pfam"	"PF13416"	"Bacterial extracellular solute-binding protein"	78	359	"5.3E-23"	"IPR006059"	"Bacterial extracellular solute-binding protein"	"-"
"PPA0060"	228	"Pfam"	"PF08220"	"DeoR-like helix-turn-helix domain"	2	42	"8.9E-9"	"IPR001034"	"DeoR-type HTH domain"	"GO:0003700|GO:0006355"
"PPA0060"	228	"Pfam"	"PF00455"	"DeoR C terminal sensor domain"	52	207	"7.8E-40"	"IPR014036"	"DeoR C-terminal sensor domain"	"-"
"PPA0061"	462	"Pfam"	"PF11975"	"Family 4 glycosyl hydrolase C-terminal domain"	203	434	"7.7E-48"	"IPR022616"	"Glycosyl hydrolase, family 4, C-terminal"	"GO:0004553"
"PPA0061"	462	"Pfam"	"PF02056"	"Family 4 glycosyl hydrolase"	2	178	"1.5E-37"	"IPR001088"	"Glycoside hydrolase, family 4"	"GO:0004553|GO:0005975"
"PPA0062"	1042	"Pfam"	"PF17677"	"Glycosyl hydrolases family 38 C-terminal beta sandwich domain"	962	1038	"5.8E-7"	"IPR041147"	"Glycosyl hydrolases family 38, C-terminal beta sandwich domain"	"-"
"PPA0062"	1042	"Pfam"	"PF01074"	"Glycosyl hydrolases family 38 N-terminal domain"	266	522	"6.6E-85"	"IPR000602"	"Glycoside hydrolase family 38, N-terminal domain"	"GO:0004559|GO:0006013"
"PPA0062"	1042	"Pfam"	"PF07748"	"Glycosyl hydrolases family 38 C-terminal domain"	692	907	"1.2E-43"	"IPR011682"	"Glycosyl hydrolase family 38, C-terminal"	"GO:0004559|GO:0006013"
"PPA0062"	1042	"Pfam"	"PF09261"	"Alpha mannosidase middle domain"	530	625	"2.0E-25"	"IPR015341"	"Glycoside hydrolase family 38, central domain"	"GO:0004559|GO:0006013"
"PPA0063"	351	"Pfam"	"PF01663"	"Type I phosphodiesterase / nucleotide pyrophosphatase"	66	273	"7.0E-16"	"IPR002591"	"Type I phosphodiesterase/nucleotide pyrophosphatase/phosphate transferase"	"-"
"PPA0064"	214	"Pfam"	"PF13419"	"Haloacid dehalogenase-like hydrolase"	13	185	"1.4E-26"	"IPR041492"	"Haloacid dehalogenase-like hydrolase"	"-"
"PPA0065"	431	"Pfam"	"PF06824"	"Metal-independent alpha-mannosidase (GH125)"	48	418	"1.5E-109"	"IPR008313"	"Metal-independent alpha-mannosidase"	"-"
"PPA0066"	512	"Pfam"	"PF00728"	"Glycosyl hydrolase family 20, catalytic domain"	139	487	"1.8E-89"	"IPR015883"	"Glycoside hydrolase family 20, catalytic domain"	"GO:0004553|GO:0005975"
"PPA0066"	512	"Pfam"	"PF02838"	"Glycosyl hydrolase family 20, domain 2"	11	134	"6.9E-13"	"IPR015882"	"Beta-hexosaminidase, bacterial type, N-terminal"	"-"
"PPA0067"	311	"Pfam"	"PF00294"	"pfkB family carbohydrate kinase"	31	282	"4.4E-29"	"IPR011611"	"Carbohydrate kinase PfkB"	"-"
"PPA0068"	456	"Pfam"	"PF07730"	"Histidine kinase"	255	319	"5.2E-19"	"IPR011712"	"Signal transduction histidine kinase, subgroup 3, dimerisation and phosphoacceptor domain"	"GO:0000155|GO:0000160|GO:0016021|GO:0046983"
"PPA0069"	329	"Pfam"	"PF01370"	"NAD dependent epimerase/dehydratase family"	3	253	"3.7E-55"	"IPR001509"	"NAD-dependent epimerase/dehydratase"	"-"
"PPA0070"	271	"Pfam"	"PF00440"	"Bacterial regulatory proteins, tetR family"	84	124	"2.8E-12"	"IPR001647"	"DNA-binding HTH domain, TetR-type"	"GO:0003677"
"PPA0071"	909	"Pfam"	"PF03176"	"MMPL family"	469	706	"1.1E-29"	"IPR004869"	"Membrane transport protein MMPL domain"	"GO:0016020"
"PPA0071"	909	"Pfam"	"PF03176"	"MMPL family"	46	375	"9.5E-64"	"IPR004869"	"Membrane transport protein MMPL domain"	"GO:0016020"
"PPA0074"	253	"Pfam"	"PF00005"	"ABC transporter"	39	191	"3.0E-29"	"IPR003439"	"ABC transporter-like, ATP-binding domain"	"GO:0005524"
"PPA0075"	270	"Pfam"	"PF13649"	"Methyltransferase domain"	69	156	"1.3E-11"	"IPR041698"	"Methyltransferase domain 25"	"-"
"PPA0076"	336	"Pfam"	"PF01497"	"Periplasmic binding protein"	72	308	"1.5E-33"	"IPR002491"	"ABC transporter periplasmic binding domain"	"-"
"PPA0077"	340	"Pfam"	"PF01032"	"FecCD transport family"	11	332	"1.8E-87"	"IPR000522"	"ABC transporter, permease protein, BtuC-like"	"GO:0016020|GO:0022857"
"PPA0078"	255	"Pfam"	"PF00005"	"ABC transporter"	23	171	"1.3E-27"	"IPR003439"	"ABC transporter-like, ATP-binding domain"	"GO:0005524"
"PPA0079"	485	"Pfam"	"PF00171"	"Aldehyde dehydrogenase family"	22	478	"0.0"	"IPR015590"	"Aldehyde dehydrogenase domain"	"GO:0016491"
"PPA0080"	428	"Pfam"	"PF00654"	"Voltage gated chloride channel"	64	397	"5.4E-46"	"IPR001807"	"Chloride channel, voltage gated"	"GO:0005247|GO:0006821|GO:0016020|GO:0055085"
"PPA0081"	788	"Pfam"	"PF00343"	"Carbohydrate phosphorylase"	89	782	"0.0"	"IPR000811"	"Glycosyl transferase, family 35"	"GO:0005975|GO:0008184"
"PPA0083"	738	"Pfam"	"PF17385"	"Lacto-N-biose phosphorylase central domain"	453	670	"7.2E-85"	"IPR035363"	"Lacto-N-biose phosphorylase, central domain"	"-"
"PPA0083"	738	"Pfam"	"PF09508"	"Lacto-N-biose phosphorylase N-terminal TIM barrel domain"	13	448	"0.0"	"IPR035080"	"Lacto-N-biose phosphorylase-like, N-terminal TIM barrel domain"	"-"
"PPA0083"	738	"Pfam"	"PF17386"	"Lacto-N-biose phosphorylase C-terminal domain"	676	727	"4.6E-10"	"IPR035356"	"Lacto-N-biose phosphorylase, C-terminal domain"	"-"
"PPA0084"	403	"Pfam"	"PF00480"	"ROK family"	90	390	"7.7E-43"	"IPR000600"	"ROK family"	"-"
"PPA0084"	403	"Pfam"	"PF12802"	"MarR family"	23	68	"2.3E-8"	"IPR000835"	"MarR-type HTH domain"	"GO:0003700|GO:0006355"
"PPA0085"	447	"Pfam"	"PF01547"	"Bacterial extracellular solute-binding protein"	57	358	"1.4E-25"	"IPR006059"	"Bacterial extracellular solute-binding protein"	"-"
"PPA0086"	311	"Pfam"	"PF00528"	"Binding-protein-dependent transport system inner membrane component"	111	306	"3.3E-13"	"IPR000515"	"ABC transporter type 1, transmembrane domain MetI-like"	"GO:0016020|GO:0055085"
"PPA0087"	293	"Pfam"	"PF00528"	"Binding-protein-dependent transport system inner membrane component"	95	284	"5.8E-7"	"IPR000515"	"ABC transporter type 1, transmembrane domain MetI-like"	"GO:0016020|GO:0055085"
"PPA0088"	373	"Pfam"	"PF13377"	"Periplasmic binding protein-like domain"	209	367	"3.3E-32"	"IPR046335"	"Transcriptional regulator LacI/GalR-like, sensor domain"	"-"
"PPA0088"	373	"Pfam"	"PF00356"	"Bacterial regulatory proteins, lacI family"	35	78	"1.1E-14"	"IPR000843"	"LacI-type HTH domain"	"GO:0003677|GO:0006355"
"PPA0089"	729	"Pfam"	"PF14498"	"Glycosyl hydrolase family 65, N-terminal domain"	8	58	"8.7E-15"	"IPR027414"	"Glycosyl hydrolase family 95, N-terminal domain"	"-"
"PPA0089"	729	"Pfam"	"PF14498"	"Glycosyl hydrolase family 65, N-terminal domain"	72	217	"2.4E-23"	"IPR027414"	"Glycosyl hydrolase family 95, N-terminal domain"	"-"
"PPA0090"	402	"Pfam"	"PF00365"	"Phosphofructokinase"	33	347	"8.4E-89"	"IPR000023"	"Phosphofructokinase domain"	"GO:0003872|GO:0006096"
"PPA0091"	193	"Pfam"	"PF01022"	"Bacterial regulatory protein, arsR family"	26	63	"6.4E-5"	"IPR001845"	"HTH ArsR-type DNA-binding domain"	"GO:0003700|GO:0006355"
"PPA0092"	913	"Pfam"	"PF07732"	"Multicopper oxidase"	665	763	"2.0E-12"	"IPR011707"	"Multicopper oxidase, N-terminal"	"GO:0005507"
"PPA0092"	913	"Pfam"	"PF13473"	"Cupredoxin-like domain"	509	574	"6.7E-8"	"IPR028096"	"EfeO-type cupredoxin-like domain"	"-"
"PPA0094"	490	"Pfam"	"PF00206"	"Lyase"	13	344	"1.0E-93"	"IPR022761"	"Fumarate lyase, N-terminal"	"-"
"PPA0094"	490	"Pfam"	"PF10415"	"Fumarase C C-terminus"	410	462	"4.5E-14"	"IPR018951"	"Fumarase C, C-terminal"	"GO:0006099|GO:0016829"
"PPA0095"	432	"Pfam"	"PF03605"	"Anaerobic c4-dicarboxylate membrane transporter"	6	363	"3.4E-129"	"IPR004668"	"Anaerobic c4-dicarboxylate membrane transporter"	"GO:0015556|GO:0015740|GO:0016021"
"PPA0096"	96	"Pfam"	"PF14542"	"GCN5-related N-acetyl-transferase"	17	90	"1.6E-20"	"IPR031165"	"Yjdj-type Gcn5-related N-acetyltransferase"	"-"
"PPA0097"	483	"Pfam"	"PF00199"	"Catalase"	10	388	"0.0"	"IPR011614"	"Catalase core domain"	"GO:0004096|GO:0020037"
"PPA0097"	483	"Pfam"	"PF06628"	"Catalase-related immune-responsive"	420	477	"6.8E-9"	"IPR010582"	"Catalase immune-responsive domain"	"-"
"PPA0098"	581	"Pfam"	"PF00005"	"ABC transporter"	361	507	"9.0E-22"	"IPR003439"	"ABC transporter-like, ATP-binding domain"	"GO:0005524"
"PPA0098"	581	"Pfam"	"PF00664"	"ABC transporter transmembrane region"	31	295	"3.6E-15"	"IPR011527"	"ABC transporter type 1, transmembrane domain"	"GO:0005524|GO:0016021|GO:0055085|GO:0140359"
"PPA0099"	588	"Pfam"	"PF00005"	"ABC transporter"	403	519	"2.1E-6"	"IPR003439"	"ABC transporter-like, ATP-binding domain"	"GO:0005524"
"PPA0099"	588	"Pfam"	"PF00664"	"ABC transporter transmembrane region"	60	320	"2.7E-20"	"IPR011527"	"ABC transporter type 1, transmembrane domain"	"GO:0005524|GO:0016021|GO:0055085|GO:0140359"
"PPA0100"	328	"Pfam"	"PF17863"	"AAA lid domain"	263	322	"4.7E-21"	"IPR041628"	"ChlI/MoxR, AAA lid domain"	"-"
"PPA0100"	328	"Pfam"	"PF01078"	"Magnesium chelatase, subunit ChlI"	115	186	"8.0E-9"	"IPR000523"	"Magnesium chelatase ChlI-like, catalytic domain"	"GO:0005524"
"PPA0101"	654	"Pfam"	"PF07728"	"AAA domain (dynein-related subfamily)"	29	158	"3.2E-9"	"IPR011704"	"ATPase, dynein-related, AAA domain"	"GO:0005524|GO:0016887"
"PPA0101"	654	"Pfam"	"PF13519"	"von Willebrand factor type A domain"	459	565	"8.6E-11"	"IPR002035"	"von Willebrand factor, type A"	"-"
"PPA0101"	654	"Pfam"	"PF17863"	"AAA lid domain"	224	290	"6.4E-15"	"IPR041628"	"ChlI/MoxR, AAA lid domain"	"-"
"PPA0102"	1340	"Pfam"	"PF02514"	"CobN/Magnesium Chelatase"	167	1291	"0.0"	"IPR003672"	"CobN/magnesium chelatase"	"GO:0009058"
"PPA0103"	364	"Pfam"	"PF04055"	"Radical SAM superfamily"	10	157	"1.8E-14"	"IPR007197"	"Radical SAM"	"GO:0003824|GO:0051536"
"PPA0104"	333	"Pfam"	"PF00005"	"ABC transporter"	23	172	"2.4E-29"	"IPR003439"	"ABC transporter-like, ATP-binding domain"	"GO:0005524"
"PPA0105"	379	"Pfam"	"PF01032"	"FecCD transport family"	49	371	"2.8E-73"	"IPR000522"	"ABC transporter, permease protein, BtuC-like"	"GO:0016020|GO:0022857"
"PPA0106"	414	"Pfam"	"PF01497"	"Periplasmic binding protein"	135	366	"1.3E-21"	"IPR002491"	"ABC transporter periplasmic binding domain"	"-"
"PPA0107"	422	"Pfam"	"PF01497"	"Periplasmic binding protein"	133	372	"3.5E-27"	"IPR002491"	"ABC transporter periplasmic binding domain"	"-"
"PPA0109"	594	"Pfam"	"PF06100"	"MCRA family"	43	540	"0.0"	"IPR010354"	"Oleate hydratase"	"GO:0006631|GO:0050151|GO:0071949"
"PPA0110"	569	"Pfam"	"PF03070"	"TENA/THI-4/PQQC family"	384	568	"2.6E-19"	"IPR004305"	"Thiaminase-2/PQQC"	"-"
"PPA0110"	569	"Pfam"	"PF08543"	"Phosphomethylpyrimidine kinase"	70	317	"3.2E-75"	"IPR013749"	"Pyridoxamine kinase/Phosphomethylpyrimidine kinase"	"-"
"PPA0112"	217	"Pfam"	"PF02581"	"Thiamine monophosphate synthase"	7	194	"6.6E-46"	"IPR022998"	"Thiamine phosphate synthase/TenI"	"-"
"PPA0113"	319	"Pfam"	"PF04480"	"Protein of unknown function (DUF559)"	197	294	"2.4E-4"	"IPR007569"	"Domain of unknown function DUF559"	"-"
"PPA0115"	556	"Pfam"	"PF03814"	"Potassium-transporting ATPase A subunit"	13	555	"0.0"	"IPR004623"	"Potassium-transporting ATPase A chain"	"GO:0006813|GO:0008556"
"PPA0116"	704	"Pfam"	"PF00122"	"E1-E2 ATPase"	130	298	"8.8E-28"	"-"	"-"	""
"PPA0116"	704	"Pfam"	"PF00702"	"haloacid dehalogenase-like hydrolase"	315	552	"1.1E-30"	"-"	"-"	""
"PPA0117"	201	"Pfam"	"PF02669"	"K+-transporting ATPase, c chain"	12	199	"1.1E-70"	"IPR003820"	"Potassium-transporting ATPase C chain"	"GO:0006813|GO:0008556|GO:0016021"
"PPA0118"	830	"Pfam"	"PF02702"	"Osmosensitive K+ channel His kinase sensor domain"	4	212	"1.7E-95"	"IPR003852"	"Signal transduction histidine kinase, osmosensitive K+ channel sensor, N-terminal"	"GO:0000155|GO:0000160|GO:0004673|GO:0016020"
"PPA0118"	830	"Pfam"	"PF02518"	"Histidine kinase-, DNA gyrase B-, and HSP90-like ATPase"	714	820	"3.1E-16"	"IPR003594"	"Histidine kinase/HSP90-like ATPase"	"-"
"PPA0118"	830	"Pfam"	"PF00582"	"Universal stress protein family"	233	338	"3.3E-6"	"IPR006016"	"UspA"	"-"
"PPA0118"	830	"Pfam"	"PF00512"	"His Kinase A (phospho-acceptor) domain"	605	671	"1.2E-9"	"IPR003661"	"Signal transduction histidine kinase, dimerisation/phosphoacceptor domain"	"GO:0000155|GO:0007165"
"PPA0118"	830	"Pfam"	"PF13493"	"Domain of unknown function (DUF4118)"	384	489	"1.6E-18"	"IPR025201"	"Sensor protein KdpD, transmembrane domain"	"-"
"PPA0119"	227	"Pfam"	"PF00486"	"Transcriptional regulatory protein, C terminal"	148	223	"5.3E-22"	"IPR001867"	"OmpR/PhoB-type DNA-binding domain"	"GO:0000160|GO:0003677|GO:0006355"
"PPA0119"	227	"Pfam"	"PF00072"	"Response regulator receiver domain"	3	112	"2.3E-27"	"IPR001789"	"Signal transduction response regulator, receiver domain"	"GO:0000160"
"PPA0122"	457	"Pfam"	"PF05193"	"Peptidase M16 inactive domain"	190	359	"2.9E-13"	"IPR007863"	"Peptidase M16, C-terminal"	"-"
"PPA0125"	173	"Pfam"	"PF17249"	"Family of unknown function (DUF5318)"	35	163	"1.5E-38"	"IPR035169"	"Protein of unknown function DUF5318"	"-"
"PPA0126"	781	"Pfam"	"PF00905"	"Penicillin binding protein transpeptidase domain"	367	611	"5.9E-36"	"IPR001460"	"Penicillin-binding protein, transpeptidase"	"GO:0008658"
"PPA0126"	781	"Pfam"	"PF00912"	"Transglycosylase"	88	263	"3.2E-55"	"IPR001264"	"Glycosyl transferase, family 51"	"-"
"PPA0128"	391	"Pfam"	"PF04188"	"Mannosyltransferase (PIG-V)"	41	184	"1.6E-5"	"IPR007315"	"GPI mannosyltransferase 2"	"GO:0000009|GO:0004376|GO:0006506"
"PPA0129"	445	"Pfam"	"PF04932"	"O-Antigen ligase"	214	368	"7.6E-6"	"IPR007016"	"O-antigen ligase-related"	"-"
"PPA0130"	420	"Pfam"	"PF00534"	"Glycosyl transferases group 1"	238	384	"3.3E-13"	"IPR001296"	"Glycosyl transferase, family 1"	"GO:0016757"
"PPA0131"	375	"Pfam"	"PF13692"	"Glycosyl transferases group 1"	202	337	"3.3E-8"	"-"	"-"	""
"PPA0132"	440	"Pfam"	"PF04932"	"O-Antigen ligase"	210	347	"1.1E-8"	"IPR007016"	"O-antigen ligase-related"	"-"
"PPA0134"	205	"Pfam"	"PF00132"	"Bacterial transferase hexapeptide (six repeats)"	51	86	"5.4E-7"	"IPR001451"	"Hexapeptide repeat"	"-"
"PPA0134"	205	"Pfam"	"PF14602"	"Hexapeptide repeat of succinyl-transferase"	115	144	"4.1E-6"	"IPR001451"	"Hexapeptide repeat"	"-"
"PPA0135"	370	"Pfam"	"PF01041"	"DegT/DnrJ/EryC1/StrS aminotransferase family"	13	362	"5.8E-123"	"IPR000653"	"DegT/DnrJ/EryC1/StrS aminotransferase"	"-"
"PPA0136"	330	"Pfam"	"PF02894"	"Oxidoreductase family, C-terminal alpha/beta domain"	131	328	"5.3E-11"	"IPR004104"	"Gfo/Idh/MocA-like oxidoreductase, C-terminal"	"-"
"PPA0136"	330	"Pfam"	"PF01408"	"Oxidoreductase family, NAD-binding Rossmann fold"	4	119	"2.1E-17"	"IPR000683"	"Gfo/Idh/MocA-like oxidoreductase, N-terminal"	"GO:0000166"
"PPA0138"	525	"Pfam"	"PF00854"	"POT family"	119	480	"3.7E-58"	"IPR000109"	"Proton-dependent oligopeptide transporter family"	"GO:0016020|GO:0022857|GO:0055085"
"PPA0139"	459	"Pfam"	"PF07992"	"Pyridine nucleotide-disulphide oxidoreductase"	77	368	"5.7E-49"	"IPR023753"	"FAD/NAD(P)-binding domain"	"GO:0016491"
"PPA0140"	266	"Pfam"	"PF13561"	"Enoyl-(Acyl carrier protein) reductase"	14	261	"5.1E-56"	"-"	"-"	""
"PPA0141"	85	"Pfam"	"PF00381"	"PTS HPr component phosphorylation site"	3	79	"1.7E-21"	"IPR000032"	"Phosphocarrier protein HPr-like"	"-"
"PPA0142"	670	"Pfam"	"PF00359"	"Phosphoenolpyruvate-dependent sugar phosphotransferase system, EIIA 2"	5	144	"3.8E-26"	"IPR002178"	"PTS EIIA type-2 domain"	"-"
"PPA0142"	670	"Pfam"	"PF02302"	"PTS system, Lactose/Cellobiose specific IIB subunit"	182	271	"2.6E-16"	"IPR003501"	"Phosphotransferase system, EIIB component, type 2/3"	"GO:0008982|GO:0009401"
"PPA0143"	316	"Pfam"	"PF00294"	"pfkB family carbohydrate kinase"	23	303	"1.1E-34"	"IPR011611"	"Carbohydrate kinase PfkB"	"-"
"PPA0144"	253	"Pfam"	"PF00455"	"DeoR C terminal sensor domain"	77	233	"9.6E-47"	"IPR014036"	"DeoR C-terminal sensor domain"	"-"
"PPA0144"	253	"Pfam"	"PF08220"	"DeoR-like helix-turn-helix domain"	6	57	"4.9E-13"	"IPR001034"	"DeoR-type HTH domain"	"GO:0003700|GO:0006355"
"PPA0145"	432	"Pfam"	"PF00984"	"UDP-glucose/GDP-mannose dehydrogenase family, central domain"	214	299	"6.5E-18"	"IPR014026"	"UDP-glucose/GDP-mannose dehydrogenase, dimerisation"	"GO:0016616|GO:0051287"
"PPA0145"	432	"Pfam"	"PF03721"	"UDP-glucose/GDP-mannose dehydrogenase family, NAD binding domain"	1	183	"2.6E-36"	"IPR001732"	"UDP-glucose/GDP-mannose dehydrogenase, N-terminal"	"GO:0016616|GO:0051287"
"PPA0145"	432	"Pfam"	"PF03720"	"UDP-glucose/GDP-mannose dehydrogenase family, UDP binding domain"	324	416	"4.4E-8"	"IPR014027"	"UDP-glucose/GDP-mannose dehydrogenase, C-terminal"	"GO:0016616|GO:0051287"
"PPA0146"	419	"Pfam"	"PF04932"	"O-Antigen ligase"	214	356	"1.3E-15"	"IPR007016"	"O-antigen ligase-related"	"-"
"PPA0147"	371	"Pfam"	"PF00534"	"Glycosyl transferases group 1"	179	334	"8.3E-32"	"IPR001296"	"Glycosyl transferase, family 1"	"GO:0016757"
"PPA0147"	371	"Pfam"	"PF13477"	"Glycosyl transferase 4-like"	2	135	"2.2E-26"	"IPR028098"	"Glycosyltransferase subfamily 4-like, N-terminal domain"	"-"
"PPA0148"	357	"Pfam"	"PF02350"	"UDP-N-acetylglucosamine 2-epimerase"	25	348	"3.7E-92"	"IPR003331"	"UDP-N-acetylglucosamine 2-epimerase domain"	"-"
"PPA0149"	373	"Pfam"	"PF13692"	"Glycosyl transferases group 1"	192	335	"3.4E-17"	"-"	"-"	""
"PPA0149"	373	"Pfam"	"PF13439"	"Glycosyltransferase Family 4"	28	168	"3.4E-10"	"IPR028098"	"Glycosyltransferase subfamily 4-like, N-terminal domain"	"-"
"PPA0152"	460	"Pfam"	"PF07992"	"Pyridine nucleotide-disulphide oxidoreductase"	27	338	"1.4E-55"	"IPR023753"	"FAD/NAD(P)-binding domain"	"GO:0016491"
"PPA0154"	215	"Pfam"	"PF00293"	"NUDIX domain"	39	158	"6.0E-13"	"IPR000086"	"NUDIX hydrolase domain"	"-"
"PPA0155"	838	"Pfam"	"PF00270"	"DEAD/DEAH box helicase"	30	173	"4.3E-7"	"IPR011545"	"DEAD/DEAH box helicase domain"	"GO:0003676|GO:0005524"
"PPA0155"	838	"Pfam"	"PF00271"	"Helicase conserved C-terminal domain"	233	351	"2.5E-14"	"IPR001650"	"Helicase, C-terminal"	"-"
"PPA0155"	838	"Pfam"	"PF04408"	"Helicase associated domain (HA2)"	412	470	"4.1E-10"	"IPR007502"	"Helicase-associated domain"	"GO:0004386"
"PPA0155"	838	"Pfam"	"PF08482"	"ATP-dependent helicase C-terminal"	703	822	"5.4E-45"	"IPR013689"	"ATP-dependent RNA helicase HrpB, C-terminal"	"-"
"PPA0156"	209	"Pfam"	"PF09819"	"ABC-type cobalt transport system, permease component"	14	133	"3.5E-30"	"IPR017195"	"ABC-type thiamin-related transport system, permease component 1, predicted"	"-"
"PPA0157"	699	"Pfam"	"PF00005"	"ABC transporter"	41	178	"3.1E-16"	"IPR003439"	"ABC transporter-like, ATP-binding domain"	"GO:0005524"
"PPA0157"	699	"Pfam"	"PF00005"	"ABC transporter"	275	401	"9.0E-21"	"IPR003439"	"ABC transporter-like, ATP-binding domain"	"GO:0005524"
"PPA0158"	391	"Pfam"	"PF13579"	"Glycosyl transferase 4-like domain"	32	189	"9.1E-17"	"IPR028098"	"Glycosyltransferase subfamily 4-like, N-terminal domain"	"-"
"PPA0158"	391	"Pfam"	"PF13692"	"Glycosyl transferases group 1"	214	348	"5.8E-14"	"-"	"-"	""
"PPA0159"	139	"Pfam"	"PF07681"	"DoxX"	19	93	"3.7E-5"	"IPR032808"	"DoxX family"	"-"
"PPA0161"	335	"Pfam"	"PF01180"	"Dihydroorotate dehydrogenase"	4	292	"2.9E-13"	"IPR005720"	"Dihydroorotate dehydrogenase domain"	"GO:0005737|GO:0016627"
"PPA0162"	1204	"Pfam"	"PF01855"	"Pyruvate flavodoxin/ferredoxin oxidoreductase, thiamine diP-bdg"	22	252	"1.2E-80"	"IPR002880"	"Pyruvate flavodoxin/ferredoxin oxidoreductase, pyrimidine binding domain"	"GO:0016491"
"PPA0162"	1204	"Pfam"	"PF12838"	"4Fe-4S dicluster domain"	697	766	"4.1E-9"	"IPR017896"	"4Fe-4S ferredoxin-type, iron-sulphur binding domain"	"-"
"PPA0162"	1204	"Pfam"	"PF10371"	"Domain of unknown function"	637	685	"3.5E-19"	"IPR019456"	"Pyruvate-flavodoxin oxidoreductase, EKR domain"	"GO:0016903"
"PPA0162"	1204	"Pfam"	"PF01558"	"Pyruvate ferredoxin/flavodoxin oxidoreductase"	435	617	"6.1E-25"	"IPR019752"	"Pyruvate/ketoisovalerate oxidoreductase, catalytic domain"	"GO:0016903"
"PPA0162"	1204	"Pfam"	"PF17147"	"Pyruvate:ferredoxin oxidoreductase core domain II"	276	356	"9.0E-15"	"IPR033412"	"Pyruvate:ferredoxin oxidoreductase, core domain II"	"-"
"PPA0162"	1204	"Pfam"	"PF02775"	"Thiamine pyrophosphate enzyme, C-terminal TPP binding domain"	970	1082	"7.7E-11"	"IPR011766"	"Thiamine pyrophosphate enzyme, C-terminal TPP-binding"	"GO:0003824|GO:0030976"
"PPA0163"	595	"Pfam"	"PF00037"	"4Fe-4S binding domain"	530	552	"7.6E-7"	"IPR017896"	"4Fe-4S ferredoxin-type, iron-sulphur binding domain"	"-"
"PPA0163"	595	"Pfam"	"PF07992"	"Pyridine nucleotide-disulphide oxidoreductase"	144	413	"5.5E-31"	"IPR023753"	"FAD/NAD(P)-binding domain"	"GO:0016491"
"PPA0163"	595	"Pfam"	"PF14691"	"Dihydroprymidine dehydrogenase domain II, 4Fe-4S cluster"	52	131	"2.5E-16"	"IPR028261"	"Dihydroprymidine dehydrogenase domain II"	"-"
"PPA0164"	124	"Pfam"	"PF01910"	"Thiamine-binding protein"	22	115	"1.6E-23"	"IPR002767"	"Thiamine-binding protein"	"-"
"PPA0165"	273	"Pfam"	"PF07729"	"FCD domain"	139	263	"1.2E-16"	"IPR011711"	"GntR, C-terminal"	"-"
"PPA0165"	273	"Pfam"	"PF00392"	"Bacterial regulatory proteins, gntR family"	53	108	"2.2E-15"	"IPR000524"	"Transcription regulator HTH, GntR"	"GO:0003700|GO:0006355"
"PPA0166"	562	"Pfam"	"PF02652"	"L-lactate permease"	19	551	"5.5E-121"	"IPR003804"	"L-lactate permease"	"GO:0005887|GO:0015129|GO:0015727"
"PPA0167"	264	"Pfam"	"PF02754"	"Cysteine-rich domain"	23	102	"1.8E-11"	"IPR004017"	"Cysteine-rich domain"	"-"
"PPA0167"	264	"Pfam"	"PF02754"	"Cysteine-rich domain"	154	238	"2.0E-14"	"IPR004017"	"Cysteine-rich domain"	"-"
"PPA0168"	511	"Pfam"	"PF02589"	"LUD domain"	96	322	"1.2E-50"	"IPR003741"	"LUD domain"	"-"
"PPA0168"	511	"Pfam"	"PF13183"	"4Fe-4S dicluster domain"	338	407	"3.0E-10"	"IPR017896"	"4Fe-4S ferredoxin-type, iron-sulphur binding domain"	"-"
"PPA0169"	226	"Pfam"	"PF02589"	"LUD domain"	53	223	"6.3E-27"	"IPR003741"	"LUD domain"	"-"
"PPA0170"	220	"Pfam"	"PF00005"	"ABC transporter"	5	140	"8.2E-27"	"IPR003439"	"ABC transporter-like, ATP-binding domain"	"GO:0005524"
"PPA0173"	534	"Pfam"	"PF00664"	"ABC transporter transmembrane region"	26	273	"4.5E-7"	"IPR011527"	"ABC transporter type 1, transmembrane domain"	"GO:0005524|GO:0016021|GO:0055085|GO:0140359"
"PPA0173"	534	"Pfam"	"PF00005"	"ABC transporter"	354	490	"5.3E-22"	"IPR003439"	"ABC transporter-like, ATP-binding domain"	"GO:0005524"
"PPA0174"	546	"Pfam"	"PF00664"	"ABC transporter transmembrane region"	24	281	"3.1E-23"	"IPR011527"	"ABC transporter type 1, transmembrane domain"	"GO:0005524|GO:0016021|GO:0055085|GO:0140359"
"PPA0174"	546	"Pfam"	"PF00005"	"ABC transporter"	353	502	"3.6E-24"	"IPR003439"	"ABC transporter-like, ATP-binding domain"	"GO:0005524"
"PPA0175"	357	"Pfam"	"PF02322"	"Cytochrome bd terminal oxidase subunit II"	13	341	"3.5E-100"	"IPR003317"	"Cytochrome ubiquinol oxidase subunit 2"	"GO:0016020"
"PPA0176"	506	"Pfam"	"PF01654"	"Cytochrome bd terminal oxidase subunit I"	6	483	"0.0"	"IPR002585"	"Cytochrome ubiquinol oxidase subunit 1"	"GO:0009055|GO:0019646|GO:0070069"
"PPA0177"	517	"Pfam"	"PF13520"	"Amino acid permease"	30	435	"6.3E-38"	"IPR002293"	"Amino acid/polyamine transporter I"	"GO:0016020|GO:0022857|GO:0055085"
"PPA0178"	666	"Pfam"	"PF00005"	"ABC transporter"	441	589	"1.4E-30"	"IPR003439"	"ABC transporter-like, ATP-binding domain"	"GO:0005524"
"PPA0178"	666	"Pfam"	"PF00664"	"ABC transporter transmembrane region"	57	379	"7.5E-58"	"IPR011527"	"ABC transporter type 1, transmembrane domain"	"GO:0005524|GO:0016021|GO:0055085|GO:0140359"
"PPA0179"	578	"Pfam"	"PF00005"	"ABC transporter"	352	500	"3.9E-29"	"IPR003439"	"ABC transporter-like, ATP-binding domain"	"GO:0005524"
"PPA0179"	578	"Pfam"	"PF00664"	"ABC transporter transmembrane region"	18	285	"9.8E-45"	"IPR011527"	"ABC transporter type 1, transmembrane domain"	"GO:0005524|GO:0016021|GO:0055085|GO:0140359"
"PPA0180"	369	"Pfam"	"PF06114"	"IrrE N-terminal-like domain"	150	260	"1.6E-11"	"IPR010359"	"IrrE N-terminal-like domain"	"-"
"PPA0180"	369	"Pfam"	"PF01381"	"Helix-turn-helix"	15	65	"7.1E-9"	"IPR001387"	"Cro/C1-type helix-turn-helix domain"	"-"
"PPA0181"	510	"Pfam"	"PF00152"	"tRNA synthetases class II (D, K and N)"	170	506	"5.6E-66"	"IPR004364"	"Aminoacyl-tRNA synthetase, class II (D/K/N)"	"GO:0000166|GO:0004812|GO:0005524|GO:0006418"
"PPA0181"	510	"Pfam"	"PF01336"	"OB-fold nucleic acid binding domain"	71	153	"1.7E-10"	"IPR004365"	"OB-fold nucleic acid binding domain, AA-tRNA synthetase-type"	"GO:0003676"
"PPA0182"	93	"Pfam"	"PF06781"	"Cell division protein CrgA"	1	93	"4.2E-30"	"IPR009619"	"Cell division protein CrgA"	"-"
"PPA0183"	276	"Pfam"	"PF05949"	"Bacterial protein of unknown function (DUF881)"	127	273	"2.6E-40"	"IPR010273"	"Protein of unknown function DUF881"	"-"
"PPA0184"	632	"Pfam"	"PF03793"	"PASTA domain"	525	584	"3.7E-11"	"IPR005543"	"PASTA domain"	"-"
"PPA0184"	632	"Pfam"	"PF03793"	"PASTA domain"	456	520	"3.4E-10"	"IPR005543"	"PASTA domain"	"-"
"PPA0184"	632	"Pfam"	"PF03793"	"PASTA domain"	384	445	"1.8E-12"	"IPR005543"	"PASTA domain"	"-"
"PPA0184"	632	"Pfam"	"PF00069"	"Protein kinase domain"	11	270	"2.4E-49"	"IPR000719"	"Protein kinase domain"	"GO:0004672|GO:0005524|GO:0006468"
"PPA0185"	475	"Pfam"	"PF00905"	"Penicillin binding protein transpeptidase domain"	155	472	"4.1E-71"	"IPR001460"	"Penicillin-binding protein, transpeptidase"	"GO:0008658"
"PPA0186"	463	"Pfam"	"PF01098"	"Cell cycle protein"	82	439	"4.6E-75"	"IPR001182"	"Probable peptidoglycan glycosyltransferase FtsW/RodA"	"GO:0016021|GO:0051301"
"PPA0187"	495	"Pfam"	"PF13672"	"Protein phosphatase 2C"	20	211	"1.6E-10"	"-"	"-"	""
"PPA0188"	162	"Pfam"	"PF00498"	"FHA domain"	87	152	"5.3E-18"	"IPR000253"	"Forkhead-associated (FHA) domain"	"GO:0005515"
"PPA0189"	229	"Pfam"	"PF12401"	"Protein of unknown function (DUF3662)"	4	117	"2.3E-36"	"IPR022128"	"FhaA, N-terminal domain"	"-"
"PPA0189"	229	"Pfam"	"PF00498"	"FHA domain"	151	217	"1.9E-16"	"IPR000253"	"Forkhead-associated (FHA) domain"	"GO:0005515"
"PPA0191"	320	"Pfam"	"PF01636"	"Phosphotransferase enzyme family"	45	235	"1.1E-10"	"IPR002575"	"Aminoglycoside phosphotransferase"	"-"
"PPA0194"	276	"Pfam"	"PF05593"	"RHS Repeat"	98	137	"1.4E-4"	"IPR031325"	"RHS repeat"	"-"
"PPA0195"	421	"Pfam"	"PF05593"	"RHS Repeat"	207	241	"1.1E-7"	"IPR031325"	"RHS repeat"	"-"
"PPA0195"	421	"Pfam"	"PF05593"	"RHS Repeat"	186	222	"7.4E-5"	"IPR031325"	"RHS repeat"	"-"
"PPA0195"	421	"Pfam"	"PF05593"	"RHS Repeat"	102	138	"5.7E-10"	"IPR031325"	"RHS repeat"	"-"
"PPA0195"	421	"Pfam"	"PF05593"	"RHS Repeat"	123	159	"1.8E-10"	"IPR031325"	"RHS repeat"	"-"
"PPA0195"	421	"Pfam"	"PF05593"	"RHS Repeat"	144	176	"2.6E-6"	"IPR031325"	"RHS repeat"	"-"
"PPA0195"	421	"Pfam"	"PF05593"	"RHS Repeat"	228	264	"4.7E-6"	"IPR031325"	"RHS repeat"	"-"
"PPA0196"	651	"Pfam"	"PF20148"	"Domain of unknown function (DUF6531)"	110	189	"3.7E-20"	"IPR045351"	"Domain of unknown function DUF6531"	"-"
"PPA0196"	651	"Pfam"	"PF05593"	"RHS Repeat"	297	331	"2.5E-9"	"IPR031325"	"RHS repeat"	"-"
"PPA0196"	651	"Pfam"	"PF05593"	"RHS Repeat"	547	581	"3.5E-5"	"IPR031325"	"RHS repeat"	"-"
"PPA0196"	651	"Pfam"	"PF05593"	"RHS Repeat"	441	475	"6.4E-5"	"IPR031325"	"RHS repeat"	"-"
"PPA0196"	651	"Pfam"	"PF05593"	"RHS Repeat"	400	435	"5.9E-6"	"IPR031325"	"RHS repeat"	"-"
"PPA0196"	651	"Pfam"	"PF05593"	"RHS Repeat"	588	625	"1.5E-7"	"IPR031325"	"RHS repeat"	"-"
"PPA0199"	953	"Pfam"	"PF05593"	"RHS Repeat"	4	40	"4.3E-9"	"IPR031325"	"RHS repeat"	"-"
"PPA0199"	953	"Pfam"	"PF05593"	"RHS Repeat"	150	187	"9.7E-6"	"IPR031325"	"RHS repeat"	"-"
"PPA0199"	953	"Pfam"	"PF05593"	"RHS Repeat"	108	143	"6.3E-10"	"IPR031325"	"RHS repeat"	"-"
"PPA0200"	930	"Pfam"	"PF20148"	"Domain of unknown function (DUF6531)"	286	361	"5.2E-20"	"IPR045351"	"Domain of unknown function DUF6531"	"-"
"PPA0200"	930	"Pfam"	"PF05593"	"RHS Repeat"	831	865	"1.2E-6"	"IPR031325"	"RHS repeat"	"-"
"PPA0200"	930	"Pfam"	"PF05593"	"RHS Repeat"	726	762	"5.4E-9"	"IPR031325"	"RHS repeat"	"-"
"PPA0200"	930	"Pfam"	"PF05593"	"RHS Repeat"	641	675	"1.4E-4"	"IPR031325"	"RHS repeat"	"-"
"PPA0202"	121	"Pfam"	"PF01479"	"S4 domain"	3	48	"1.6E-12"	"IPR002942"	"RNA-binding S4 domain"	"GO:0003723"
"PPA0204"	957	"Pfam"	"PF12169"	"DNA polymerase III subunits gamma and tau domain III"	339	466	"2.7E-10"	"IPR022754"	"DNA polymerase III, gamma subunit, domain III"	"GO:0003887"
"PPA0204"	957	"Pfam"	"PF13177"	"DNA polymerase III, delta subunit"	125	282	"9.6E-40"	"-"	"-"	""
"PPA0205"	107	"Pfam"	"PF02575"	"YbaB/EbfC DNA-binding family"	18	103	"5.7E-27"	"IPR004401"	"Nucleoid-associated protein YbaB/EbfC family"	"GO:0003677"
"PPA0206"	201	"Pfam"	"PF13662"	"Toprim domain"	79	170	"2.9E-25"	"IPR006171"	"TOPRIM  domain"	"-"
"PPA0206"	201	"Pfam"	"PF02132"	"RecR protein"	38	77	"7.1E-16"	"IPR023628"	"Recombination protein RecR, C4-type zinc finger"	"-"
"PPA0207"	191	"Pfam"	"PF10400"	"Virulence activator alpha C-term"	91	164	"2.6E-10"	"IPR018309"	"Transcription regulator PadR, C-terminal"	"-"
"PPA0207"	191	"Pfam"	"PF03551"	"Transcriptional regulator PadR-like family"	7	77	"1.2E-13"	"IPR005149"	"Transcription regulator PadR, N-terminal"	"-"
"PPA0208"	260	"Pfam"	"PF00005"	"ABC transporter"	42	188	"4.0E-30"	"IPR003439"	"ABC transporter-like, ATP-binding domain"	"GO:0005524"
"PPA0210"	611	"Pfam"	"PF06738"	"Putative threonine/serine exporter"	148	391	"8.9E-48"	"IPR010619"	"Putative threonine/serine exporter"	"GO:0022857|GO:0055085"
"PPA0210"	611	"Pfam"	"PF12821"	"Threonine/Serine exporter, ThrE"	416	546	"2.0E-18"	"IPR024528"	"Threonine/Serine exporter, ThrE"	"-"
"PPA0211"	266	"Pfam"	"PF08282"	"haloacid dehalogenase-like hydrolase"	3	257	"5.8E-38"	"-"	"-"	""
"PPA0212"	269	"Pfam"	"PF08282"	"haloacid dehalogenase-like hydrolase"	3	260	"1.3E-47"	"-"	"-"	""
"PPA0213"	299	"Pfam"	"PF00005"	"ABC transporter"	90	216	"9.8E-23"	"IPR003439"	"ABC transporter-like, ATP-binding domain"	"GO:0005524"
"PPA0216"	1114	"Pfam"	"PF19302"	"Domain of unknown function (DUF5915)"	919	1095	"2.8E-40"	"-"	"-"	""
"PPA0216"	1114	"Pfam"	"PF08264"	"Anticodon-binding domain of tRNA ligase"	755	900	"4.8E-29"	"IPR013155"	"Methionyl/Valyl/Leucyl/Isoleucyl-tRNA synthetase, anticodon-binding"	"GO:0004812|GO:0006418"
"PPA0216"	1114	"Pfam"	"PF00133"	"tRNA synthetases class I (I, L, M and V)"	31	668	"0.0"	"IPR002300"	"Aminoacyl-tRNA synthetase, class Ia"	"GO:0000166|GO:0004812|GO:0005524|GO:0006418"
"PPA0217"	316	"Pfam"	"PF03313"	"Serine dehydratase alpha chain"	72	307	"1.4E-46"	"IPR005130"	"Serine dehydratase-like, alpha subunit"	"-"
"PPA0219"	306	"Pfam"	"PF02894"	"Oxidoreductase family, C-terminal alpha/beta domain"	146	267	"1.6E-9"	"IPR004104"	"Gfo/Idh/MocA-like oxidoreductase, C-terminal"	"-"
"PPA0219"	306	"Pfam"	"PF01408"	"Oxidoreductase family, NAD-binding Rossmann fold"	8	129	"4.2E-17"	"IPR000683"	"Gfo/Idh/MocA-like oxidoreductase, N-terminal"	"GO:0000166"
"PPA0220"	99	"Pfam"	"PF02467"	"Transcription factor WhiB"	9	70	"1.2E-19"	"IPR034768"	"WhiB-like  iron-sulfur binding domain"	"-"
"PPA0221"	151	"Pfam"	"PF14588"	"YjgF/chorismate_mutase-like, putative endoribonuclease"	5	150	"4.8E-35"	"IPR013813"	"Endoribonuclease L-PSP/chorismate mutase-like"	"-"
"PPA0222"	233	"Pfam"	"PF00027"	"Cyclic nucleotide-binding domain"	35	121	"9.8E-17"	"IPR000595"	"Cyclic nucleotide-binding domain"	"-"
"PPA0222"	233	"Pfam"	"PF13545"	"Crp-like helix-turn-helix domain"	156	229	"3.9E-15"	"IPR012318"	"Crp-type HTH domain"	"GO:0003677|GO:0006355"
"PPA0223"	308	"Pfam"	"PF00730"	"HhH-GPD superfamily base excision DNA repair protein"	117	251	"2.1E-17"	"IPR003265"	"HhH-GPD domain"	"GO:0006284"
"PPA0223"	308	"Pfam"	"PF00633"	"Helix-hairpin-helix motif"	183	209	"6.8E-8"	"IPR000445"	"Helix-hairpin-helix motif"	"GO:0003677"
"PPA0223"	308	"Pfam"	"PF10576"	"Iron-sulfur binding domain of endonuclease III"	270	286	"1.1E-4"	"IPR003651"	"Endonuclease III-like, iron-sulphur cluster loop motif"	"GO:0051539"
"PPA0224"	195	"Pfam"	"PF08534"	"Redoxin"	54	178	"7.2E-12"	"IPR013740"	"Redoxin"	"GO:0016491"
"PPA0225"	218	"Pfam"	"PF00293"	"NUDIX domain"	29	147	"7.6E-14"	"IPR000086"	"NUDIX hydrolase domain"	"-"
"PPA0226"	178	"Pfam"	"PF07332"	"Putative Actinobacterial Holin-X, holin superfamily III"	9	132	"1.6E-19"	"IPR009937"	"Putative Actinobacterial Holin-X, holin superfamily III"	"-"
"PPA0227"	420	"Pfam"	"PF06965"	"Na+/H+ antiporter 1"	28	393	"5.2E-123"	"IPR004670"	"Na+/H+ antiporter NhaA"	"GO:0006814|GO:0006885|GO:0016021"
"PPA0228"	319	"Pfam"	"PF08241"	"Methyltransferase domain"	99	182	"5.2E-10"	"IPR013216"	"Methyltransferase type 11"	"GO:0008168"
"PPA0230"	388	"Pfam"	"PF00437"	"Type II/IV secretion system protein"	69	335	"1.4E-60"	"IPR001482"	"Type II/IV secretion system protein"	"-"
"PPA0232"	236	"Pfam"	"PF00482"	"Type II secretion system (T2SS), protein F"	102	224	"1.7E-13"	"IPR018076"	"Type II secretion system protein GspF domain"	"-"
"PPA0233"	95	"Pfam"	"PF14029"	"Protein of unknown function (DUF4244)"	37	83	"1.6E-16"	"IPR025338"	"Protein of unknown function DUF4244"	"-"
"PPA0237"	754	"Pfam"	"PF00270"	"DEAD/DEAH box helicase"	49	234	"6.7E-23"	"IPR011545"	"DEAD/DEAH box helicase domain"	"GO:0003676|GO:0005524"
"PPA0237"	754	"Pfam"	"PF09369"	"Domain of unknown function (DUF1998)"	647	726	"3.7E-15"	"IPR018973"	"MrfA-like Zn-binding domain"	"-"
"PPA0237"	754	"Pfam"	"PF00271"	"Helicase conserved C-terminal domain"	286	386	"8.9E-13"	"IPR001650"	"Helicase, C-terminal"	"-"
"PPA0238"	505	"Pfam"	"PF05175"	"Methyltransferase small domain"	163	286	"6.3E-15"	"IPR007848"	"Methyltransferase small domain"	"GO:0008168"
"PPA0240"	95	"Pfam"	"PF10006"	"Uncharacterized conserved protein (DUF2249)"	26	93	"2.9E-23"	"IPR018720"	"Domain of unknown function DUF2249"	"-"
"PPA0241"	929	"Pfam"	"PF01751"	"Toprim domain"	7	128	"1.3E-25"	"IPR006171"	"TOPRIM  domain"	"-"
"PPA0241"	929	"Pfam"	"PF01131"	"DNA topoisomerase"	143	583	"3.0E-123"	"IPR013497"	"DNA topoisomerase, type IA, central"	"GO:0003677|GO:0003916|GO:0006265"
"PPA0241"	929	"Pfam"	"PF13368"	"Topoisomerase C-terminal repeat"	627	676	"5.5E-6"	"IPR025589"	"Topoisomerase C-terminal repeat"	"-"
"PPA0241"	929	"Pfam"	"PF13368"	"Topoisomerase C-terminal repeat"	685	762	"8.5E-13"	"IPR025589"	"Topoisomerase C-terminal repeat"	"-"
"PPA0241"	929	"Pfam"	"PF13368"	"Topoisomerase C-terminal repeat"	768	819	"1.4E-14"	"IPR025589"	"Topoisomerase C-terminal repeat"	"-"
"PPA0241"	929	"Pfam"	"PF13368"	"Topoisomerase C-terminal repeat"	831	883	"1.5E-22"	"IPR025589"	"Topoisomerase C-terminal repeat"	"-"
"PPA0243"	228	"Pfam"	"PF02223"	"Thymidylate kinase"	32	218	"1.4E-43"	"IPR039430"	"Thymidylate kinase-like domain"	"-"
"PPA0244"	399	"Pfam"	"PF13177"	"DNA polymerase III, delta subunit"	31	171	"1.6E-39"	"-"	"-"	""
"PPA0245"	268	"Pfam"	"PF07681"	"DoxX"	130	212	"2.5E-7"	"IPR032808"	"DoxX family"	"-"
"PPA0246"	220	"Pfam"	"PF04468"	"PSP1 C-terminal conserved region"	43	118	"2.6E-8"	"IPR007557"	"PSP1, C-terminal"	"-"
"PPA0247"	560	"Pfam"	"PF00561"	"alpha/beta hydrolase fold"	163	532	"2.7E-27"	"IPR000073"	"Alpha/beta hydrolase fold-1"	"-"
"PPA0249"	558	"Pfam"	"PF05960"	"Bacterial protein of unknown function (DUF885)"	30	556	"0.0"	"IPR010281"	"Protein of unknown function DUF885"	"-"
"PPA0250"	449	"Pfam"	"PF01593"	"Flavin containing amine oxidoreductase"	11	446	"4.0E-69"	"IPR002937"	"Amine oxidase"	"GO:0016491"
"PPA0252"	155	"Pfam"	"PF00300"	"Histidine phosphatase superfamily (branch 1)"	1	66	"4.2E-9"	"IPR013078"	"Histidine phosphatase superfamily, clade-1"	"-"
"PPA0256"	210	"Pfam"	"PF00719"	"Inorganic pyrophosphatase"	47	199	"2.8E-51"	"IPR008162"	"Inorganic pyrophosphatase"	"GO:0000287|GO:0004427|GO:0005737|GO:0006796"
"PPA0257"	476	"Pfam"	"PF02113"	"D-Ala-D-Ala carboxypeptidase 3 (S13) family"	253	458	"4.3E-51"	"IPR000667"	"Peptidase S13, D-Ala-D-Ala carboxypeptidase C"	"GO:0004185|GO:0006508"
"PPA0257"	476	"Pfam"	"PF02113"	"D-Ala-D-Ala carboxypeptidase 3 (S13) family"	106	249	"1.1E-22"	"IPR000667"	"Peptidase S13, D-Ala-D-Ala carboxypeptidase C"	"GO:0004185|GO:0006508"
"PPA0258"	311	"Pfam"	"PF01171"	"PP-loop family"	27	199	"7.0E-32"	"IPR011063"	"tRNA(Ile)-lysidine/2-thiocytidine synthase, N-terminal"	"-"
"PPA0259"	184	"Pfam"	"PF00156"	"Phosphoribosyl transferase domain"	17	164	"4.1E-22"	"IPR000836"	"Phosphoribosyltransferase domain"	"-"
"PPA0260"	717	"Pfam"	"PF01434"	"Peptidase family M41"	417	605	"1.0E-67"	"IPR000642"	"Peptidase M41"	"GO:0004176|GO:0004222|GO:0005524|GO:0006508"
"PPA0260"	717	"Pfam"	"PF06480"	"FtsH Extracellular"	11	103	"9.5E-7"	"IPR011546"	"Peptidase M41, FtsH extracellular"	"GO:0004176|GO:0004222|GO:0005524|GO:0008270|GO:0016021"
"PPA0260"	717	"Pfam"	"PF17862"	"AAA+ lid domain"	358	401	"2.9E-12"	"IPR041569"	"AAA ATPase, AAA+ lid domain"	"-"
"PPA0260"	717	"Pfam"	"PF00004"	"ATPase family associated with various cellular activities (AAA)"	203	335	"6.8E-46"	"IPR003959"	"ATPase, AAA-type, core"	"GO:0005524|GO:0016887"
"PPA0261"	191	"Pfam"	"PF01227"	"GTP cyclohydrolase I"	11	187	"4.5E-73"	"IPR020602"	"GTP cyclohydrolase I domain"	"-"
"PPA0263"	368	"Pfam"	"PF00691"	"OmpA family"	263	359	"4.9E-15"	"IPR006665"	"OmpA-like domain"	"-"
"PPA0271"	281	"Pfam"	"PF00809"	"Pterin binding enzyme"	18	264	"5.3E-80"	"IPR000489"	"Pterin-binding domain"	"GO:0042558"
"PPA0272"	120	"Pfam"	"PF02152"	"Dihydroneopterin aldolase"	6	115	"3.8E-30"	"IPR006157"	"Dihydroneopterin aldolase/epimerase domain"	"GO:0004150|GO:0006760"
"PPA0273"	185	"Pfam"	"PF01288"	"7,8-dihydro-6-hydroxymethylpterin-pyrophosphokinase (HPPK)"	5	131	"6.4E-31"	"IPR000550"	"7,8-Dihydro-6-hydroxymethylpterin-pyrophosphokinase, HPPK"	"GO:0003848|GO:0009396"
"PPA0274"	178	"Pfam"	"PF11377"	"Protein of unknown function (DUF3180)"	33	166	"9.4E-23"	"IPR021517"	"Protein of unknown function DUF3180"	"-"
"PPA0276"	396	"Pfam"	"PF00346"	"Respiratory-chain NADH dehydrogenase, 49 Kd subunit"	169	396	"2.9E-34"	"IPR001135"	"NADH-quinone oxidoreductase, subunit D"	"GO:0016651|GO:0048038|GO:0051287"
"PPA0277"	105	"Pfam"	"PF11774"	"Lsr2"	1	103	"1.1E-37"	"IPR024412"	"Lsr2"	"GO:0003677"
"PPA0278"	844	"Pfam"	"PF02861"	"Clp amino terminal domain, pathogenicity island component"	16	68	"1.0E-17"	"IPR004176"	"Clp,  repeat (R) domain"	"-"
"PPA0278"	844	"Pfam"	"PF02861"	"Clp amino terminal domain, pathogenicity island component"	93	142	"4.3E-17"	"IPR004176"	"Clp,  repeat (R) domain"	"-"
"PPA0278"	844	"Pfam"	"PF10431"	"C-terminal, D2-small domain, of ClpB protein"	722	802	"1.7E-24"	"IPR019489"	"Clp ATPase, C-terminal"	"-"
"PPA0278"	844	"Pfam"	"PF00004"	"ATPase family associated with various cellular activities (AAA)"	212	324	"7.3E-12"	"IPR003959"	"ATPase, AAA-type, core"	"GO:0005524|GO:0016887"
"PPA0278"	844	"Pfam"	"PF07724"	"AAA domain (Cdc48 subfamily)"	543	716	"2.8E-51"	"IPR003959"	"ATPase, AAA-type, core"	"GO:0005524|GO:0016887"
"PPA0278"	844	"Pfam"	"PF17871"	"AAA lid domain"	353	450	"7.1E-33"	"IPR041546"	"ClpA/ClpB, AAA lid domain"	"-"
"PPA0279"	335	"Pfam"	"PF11199"	"Protein of unknown function (DUF2891)"	12	332	"2.8E-90"	"IPR021365"	"Protein of unknown function DUF2891"	"-"
"PPA0280"	328	"Pfam"	"PF06166"	"Protein of unknown function (DUF979)"	5	323	"5.1E-114"	"IPR009323"	"Protein of unknown function DUF979"	"-"
"PPA0281"	254	"Pfam"	"PF06149"	"Protein of unknown function (DUF969)"	1	217	"3.7E-85"	"IPR010374"	"Protein of unknown function DUF969"	"-"
"PPA0282"	256	"Pfam"	"PF03746"	"LamB/YcsF family"	4	245	"1.2E-97"	"IPR005501"	"LamB/YcsF/PxpA-like"	"-"
"PPA0283"	206	"Pfam"	"PF02682"	"Carboxyltransferase domain, subdomain C and D"	1	193	"1.1E-55"	"IPR003833"	"Carboxyltransferase domain, subdomain C and D"	"-"
"PPA0284"	289	"Pfam"	"PF02626"	"Carboxyltransferase domain, subdomain A and B"	26	283	"4.6E-71"	"IPR003778"	"Carboxyltransferase domain, subdomain A and B"	"-"
"PPA0285"	495	"Pfam"	"PF07690"	"Major Facilitator Superfamily"	35	441	"8.6E-55"	"IPR011701"	"Major facilitator superfamily"	"GO:0022857|GO:0055085"
"PPA0286"	299	"Pfam"	"PF01370"	"NAD dependent epimerase/dehydratase family"	4	166	"7.0E-11"	"IPR001509"	"NAD-dependent epimerase/dehydratase"	"-"
"PPA0286"	299	"Pfam"	"PF08338"	"Domain of unknown function (DUF1731)"	247	289	"1.9E-7"	"IPR013549"	"Domain of unknown function DUF1731"	"-"
"PPA0287"	302	"Pfam"	"PF01694"	"Rhomboid family"	125	268	"3.7E-29"	"IPR022764"	"Peptidase S54, rhomboid domain"	"GO:0004252|GO:0016021"
"PPA0289"	218	"Pfam"	"PF00196"	"Bacterial regulatory proteins, luxR family"	155	209	"4.2E-17"	"IPR000792"	"Transcription regulator LuxR, C-terminal"	"GO:0006355"
"PPA0289"	218	"Pfam"	"PF00072"	"Response regulator receiver domain"	6	116	"1.7E-26"	"IPR001789"	"Signal transduction response regulator, receiver domain"	"GO:0000160"
"PPA0290"	410	"Pfam"	"PF07730"	"Histidine kinase"	214	276	"3.5E-12"	"IPR011712"	"Signal transduction histidine kinase, subgroup 3, dimerisation and phosphoacceptor domain"	"GO:0000155|GO:0000160|GO:0016021|GO:0046983"
"PPA0292"	303	"Pfam"	"PF03123"	"CAT RNA binding domain"	23	67	"2.2E-9"	"IPR004341"	"CAT RNA-binding domain"	"GO:0003723"
"PPA0292"	303	"Pfam"	"PF00874"	"PRD domain"	204	290	"9.0E-9"	"IPR011608"	"PRD domain"	"GO:0006355"
"PPA0292"	303	"Pfam"	"PF00874"	"PRD domain"	97	182	"4.8E-11"	"IPR011608"	"PRD domain"	"GO:0006355"
"PPA0293"	157	"Pfam"	"PF00358"	"phosphoenolpyruvate-dependent sugar phosphotransferase system, EIIA 1"	14	136	"1.6E-46"	"IPR001127"	"Phosphotransferase system, sugar-specific permease EIIA type 1"	"GO:0009401"
"PPA0294"	559	"Pfam"	"PF00367"	"phosphotransferase system, EIIB"	485	516	"2.7E-13"	"IPR018113"	"Phosphotransferase system EIIB, cysteine phosphorylation site"	"GO:0008982"
"PPA0294"	559	"Pfam"	"PF02378"	"Phosphotransferase system, EIIC"	60	383	"1.3E-75"	"IPR003352"	"Phosphotransferase system, EIIC"	"GO:0008982|GO:0009401|GO:0016020"
"PPA0295"	439	"Pfam"	"PF07690"	"Major Facilitator Superfamily"	33	362	"2.6E-51"	"IPR011701"	"Major facilitator superfamily"	"GO:0022857|GO:0055085"
"PPA0296"	346	"Pfam"	"PF04166"	"Pyridoxal phosphate biosynthetic protein PdxA"	37	325	"6.4E-91"	"IPR005255"	"PdxA family"	"GO:0051287"
"PPA0298"	423	"Pfam"	"PF07005"	"Sugar-binding N-terminal domain"	4	234	"7.0E-49"	"IPR010737"	"Four-carbon acid sugar kinase, N-terminal domain"	"-"
"PPA0298"	423	"Pfam"	"PF17042"	"Nucleotide-binding C-terminal domain"	253	403	"2.7E-17"	"IPR031475"	"Four-carbon acid sugar kinase, nucleotide binding domain"	"-"
"PPA0299"	309	"Pfam"	"PF08220"	"DeoR-like helix-turn-helix domain"	51	105	"1.1E-8"	"IPR001034"	"DeoR-type HTH domain"	"GO:0003700|GO:0006355"
"PPA0299"	309	"Pfam"	"PF00455"	"DeoR C terminal sensor domain"	121	256	"1.1E-27"	"IPR014036"	"DeoR C-terminal sensor domain"	"-"
"PPA0300"	291	"Pfam"	"PF10576"	"Iron-sulfur binding domain of endonuclease III"	197	213	"2.7E-7"	"IPR003651"	"Endonuclease III-like, iron-sulphur cluster loop motif"	"GO:0051539"
"PPA0300"	291	"Pfam"	"PF00730"	"HhH-GPD superfamily base excision DNA repair protein"	39	165	"1.2E-12"	"IPR003265"	"HhH-GPD domain"	"GO:0006284"
"PPA0300"	291	"Pfam"	"PF00633"	"Helix-hairpin-helix motif"	103	132	"4.8E-9"	"IPR000445"	"Helix-hairpin-helix motif"	"GO:0003677"
"PPA0301"	436	"Pfam"	"PF00202"	"Aminotransferase class-III"	32	423	"2.0E-80"	"IPR005814"	"Aminotransferase class-III"	"GO:0008483|GO:0030170"
"PPA0302"	348	"Pfam"	"PF00490"	"Delta-aminolevulinic acid dehydratase"	27	342	"0.0"	"IPR001731"	"Delta-aminolevulinic acid dehydratase"	"GO:0004655|GO:0033014|GO:0046872"
"PPA0303"	241	"Pfam"	"PF02602"	"Uroporphyrinogen-III synthase HemD"	23	233	"2.0E-35"	"IPR003754"	"Tetrapyrrole biosynthesis, uroporphyrinogen III synthase"	"GO:0004852|GO:0033014"
"PPA0304"	366	"Pfam"	"PF01379"	"Porphobilinogen deaminase, dipyromethane cofactor binding domain"	36	248	"2.2E-68"	"IPR022417"	"Porphobilinogen deaminase, N-terminal"	"GO:0004418|GO:0033014"
"PPA0304"	366	"Pfam"	"PF03900"	"Porphobilinogen deaminase, C-terminal domain"	266	349	"2.9E-14"	"IPR022418"	"Porphobilinogen deaminase, C-terminal"	"GO:0004418|GO:0033014"
"PPA0305"	482	"Pfam"	"PF01593"	"Flavin containing amine oxidoreductase"	24	474	"5.9E-10"	"IPR002937"	"Amine oxidase"	"GO:0016491"
"PPA0306"	426	"Pfam"	"PF01208"	"Uroporphyrinogen decarboxylase (URO-D)"	83	425	"9.4E-104"	"IPR000257"	"Uroporphyrinogen decarboxylase (URO-D)"	"GO:0004853|GO:0006779"
"PPA0307"	444	"Pfam"	"PF00745"	"Glutamyl-tRNAGlu reductase, dimerisation domain"	305	396	"9.0E-9"	"IPR015896"	"Tetrapyrrole biosynthesis, glutamyl-tRNA reductase, dimerisation domain"	"GO:0008883|GO:0033014|GO:0050661"
"PPA0307"	444	"Pfam"	"PF01488"	"Shikimate / quinate 5-dehydrogenase"	167	290	"1.7E-10"	"IPR006151"	"Quinate/shikimate 5-dehydrogenase/glutamyl-tRNA reductase"	"-"
"PPA0307"	444	"Pfam"	"PF05201"	"Glutamyl-tRNAGlu reductase, N-terminal domain"	3	149	"1.2E-25"	"IPR015895"	"Glutamyl-tRNA reductase, N-terminal"	"GO:0008883|GO:0033014|GO:0050661"
"PPA0308"	683	"Pfam"	"PF06778"	"Chlorite dismutase"	502	671	"1.2E-55"	"IPR010644"	"Heme-dependent peroxidase ChdC/CLD"	"GO:0016491|GO:0020037"
"PPA0308"	683	"Pfam"	"PF00762"	"Ferrochelatase"	17	327	"6.9E-81"	"IPR001015"	"Ferrochelatase"	"GO:0004325|GO:0006783"
"PPA0311"	344	"Pfam"	"PF10635"	"DisA bacterial checkpoint controller linker region"	130	263	"1.9E-35"	"IPR018906"	"DNA integrity scanning, DisA, linker region"	"-"
"PPA0311"	344	"Pfam"	"PF02457"	"DisA bacterial checkpoint controller nucleotide-binding"	12	125	"1.5E-22"	"IPR003390"	"DNA integrity scanning protein, DisA, N-terminal"	"-"
"PPA0312"	465	"Pfam"	"PF18073"	"Rubredoxin metal binding domain"	10	37	"5.5E-9"	"IPR041166"	"LapB,  rubredoxin metal binding domain"	"-"
"PPA0312"	465	"Pfam"	"PF13481"	"AAA domain"	72	218	"6.6E-16"	"-"	"-"	""
"PPA0312"	465	"Pfam"	"PF13541"	"Subunit ChlI of Mg-chelatase"	365	426	"2.3E-7"	"-"	"-"	""
"PPA0313"	548	"Pfam"	"PF00390"	"Malic enzyme, N-terminal domain"	68	246	"3.4E-61"	"IPR012301"	"Malic enzyme, N-terminal domain"	"GO:0004471"
"PPA0313"	548	"Pfam"	"PF03949"	"Malic enzyme, NAD binding domain"	260	519	"2.0E-93"	"IPR012302"	"Malic enzyme, NAD-binding"	"GO:0051287"
"PPA0314"	212	"Pfam"	"PF13468"	"Glyoxalase-like domain"	3	169	"9.7E-33"	"IPR025870"	"Glyoxalase-like domain"	"-"
"PPA0315"	295	"Pfam"	"PF01261"	"Xylose isomerase-like TIM barrel"	37	264	"2.6E-19"	"IPR013022"	"Xylose isomerase-like, TIM barrel domain"	"-"
"PPA0316"	298	"Pfam"	"PF01619"	"Proline dehydrogenase"	47	282	"8.9E-12"	"IPR002872"	"Proline dehydrogenase domain"	"-"
"PPA0317"	278	"Pfam"	"PF02517"	"Type II CAAX prenyl endopeptidase Rce1-like"	174	262	"2.6E-12"	"IPR003675"	"Type II CAAX prenyl endopeptidase Rce1-like"	"GO:0004222|GO:0016020|GO:0071586"
"PPA0318"	437	"Pfam"	"PF01118"	"Semialdehyde dehydrogenase, NAD binding domain"	95	213	"2.7E-32"	"IPR000534"	"Semialdehyde dehydrogenase, NAD-binding"	"GO:0016620|GO:0051287"
"PPA0318"	437	"Pfam"	"PF02774"	"Semialdehyde dehydrogenase, dimerisation domain"	233	421	"4.5E-44"	"IPR012280"	"Semialdehyde dehydrogenase, dimerisation domain"	"GO:0008652|GO:0016620|GO:0046983"
"PPA0319"	263	"Pfam"	"PF14748"	"Pyrroline-5-carboxylate reductase dimerisation"	159	260	"1.6E-36"	"IPR029036"	"Pyrroline-5-carboxylate reductase, dimerisation domain"	"-"
"PPA0319"	263	"Pfam"	"PF03807"	"NADP oxidoreductase coenzyme F420-dependent"	4	99	"2.8E-20"	"IPR028939"	"Pyrroline-5-carboxylate reductase, catalytic, N-terminal"	"-"
"PPA0320"	33	"Pfam"	"PF08213"	"Mitochondrial domain of unknown function (DUF1713)"	1	33	"1.5E-11"	"IPR013177"	"Mitochondrial mRNA-processing protein COX24, C-terminal"	"-"
"PPA0321"	113	"Pfam"	"PF05768"	"Glutaredoxin-like domain (DUF836)"	27	98	"4.9E-10"	"IPR008554"	"Glutaredoxin-like"	"-"
"PPA0323"	571	"Pfam"	"PF00590"	"Tetrapyrrole (Corrin/Porphyrin) Methylases"	25	250	"1.7E-29"	"IPR000878"	"Tetrapyrrole methylase"	"GO:0008168"
"PPA0323"	571	"Pfam"	"PF02602"	"Uroporphyrinogen-III synthase HemD"	308	534	"1.4E-56"	"IPR003754"	"Tetrapyrrole biosynthesis, uroporphyrinogen III synthase"	"GO:0004852|GO:0033014"
"PPA0324"	222	"Pfam"	"PF00300"	"Histidine phosphatase superfamily (branch 1)"	8	192	"1.0E-30"	"IPR013078"	"Histidine phosphatase superfamily, clade-1"	"-"
"PPA0325"	189	"Pfam"	"PF08534"	"Redoxin"	47	173	"4.8E-16"	"IPR013740"	"Redoxin"	"GO:0016491"
"PPA0326"	253	"Pfam"	"PF02683"	"Cytochrome C biogenesis protein transmembrane region"	27	232	"1.2E-45"	"IPR003834"	"Cytochrome C biogenesis protein, transmembrane domain"	"GO:0016020|GO:0017004"
"PPA0327"	503	"Pfam"	"PF05140"	"ResB-like family"	11	475	"2.8E-123"	"IPR007816"	"ResB-like domain"	"-"
"PPA0328"	293	"Pfam"	"PF01578"	"Cytochrome C assembly protein"	82	288	"8.5E-44"	"IPR002541"	"Cytochrome c assembly protein"	"GO:0017004|GO:0020037"
"PPA0329"	487	"Pfam"	"PF10646"	"Sporulation and spore germination"	284	375	"2.0E-7"	"IPR019606"	"GerMN domain"	"-"
"PPA0330"	264	"Pfam"	"PF00106"	"short chain dehydrogenase"	13	198	"1.5E-45"	"IPR002347"	"Short-chain dehydrogenase/reductase SDR"	"-"
"PPA0332"	234	"Pfam"	"PF17197"	"Domain of unknown function (DUF5134)"	38	217	"2.5E-7"	"IPR033458"	"Protein of unknown function DUF5134"	"-"
"PPA0333"	466	"Pfam"	"PF02852"	"Pyridine nucleotide-disulphide oxidoreductase, dimerisation domain"	345	453	"5.0E-20"	"IPR004099"	"Pyridine nucleotide-disulphide oxidoreductase, dimerisation domain"	"GO:0045454"
"PPA0333"	466	"Pfam"	"PF07992"	"Pyridine nucleotide-disulphide oxidoreductase"	4	322	"1.8E-47"	"IPR023753"	"FAD/NAD(P)-binding domain"	"GO:0016491"
"PPA0334"	338	"Pfam"	"PF01497"	"Periplasmic binding protein"	64	312	"7.9E-22"	"IPR002491"	"ABC transporter periplasmic binding domain"	"-"
"PPA0335"	252	"Pfam"	"PF00005"	"ABC transporter"	17	166	"3.6E-31"	"IPR003439"	"ABC transporter-like, ATP-binding domain"	"GO:0005524"
"PPA0336"	341	"Pfam"	"PF01032"	"FecCD transport family"	19	337	"5.8E-87"	"IPR000522"	"ABC transporter, permease protein, BtuC-like"	"GO:0016020|GO:0022857"
"PPA0337"	295	"Pfam"	"PF08021"	"Siderophore-interacting FAD-binding domain"	14	120	"1.1E-18"	"IPR013113"	"FAD-binding 9, siderophore-interacting"	"-"
"PPA0337"	295	"Pfam"	"PF04954"	"Siderophore-interacting protein"	141	291	"8.1E-28"	"IPR007037"	"Siderophore-interacting protein, C-terminal domain"	"-"
"PPA0338"	258	"Pfam"	"PF00005"	"ABC transporter"	21	176	"8.3E-29"	"IPR003439"	"ABC transporter-like, ATP-binding domain"	"GO:0005524"
"PPA0339"	308	"Pfam"	"PF00528"	"Binding-protein-dependent transport system inner membrane component"	106	306	"2.6E-22"	"IPR000515"	"ABC transporter type 1, transmembrane domain MetI-like"	"GO:0016020|GO:0055085"
"PPA0340"	334	"Pfam"	"PF00528"	"Binding-protein-dependent transport system inner membrane component"	106	329	"4.4E-17"	"IPR000515"	"ABC transporter type 1, transmembrane domain MetI-like"	"GO:0016020|GO:0055085"
"PPA0341"	383	"Pfam"	"PF12849"	"PBP superfamily domain"	58	353	"6.0E-54"	"IPR024370"	"PBP domain"	"-"
"PPA0342"	313	"Pfam"	"PF00300"	"Histidine phosphatase superfamily (branch 1)"	153	235	"8.6E-15"	"IPR013078"	"Histidine phosphatase superfamily, clade-1"	"-"
"PPA0342"	313	"Pfam"	"PF00293"	"NUDIX domain"	12	141	"8.2E-18"	"IPR000086"	"NUDIX hydrolase domain"	"-"
"PPA0343"	701	"Pfam"	"PF02503"	"Polyphosphate kinase middle domain"	138	332	"1.6E-66"	"IPR024953"	"Polyphosphate kinase middle domain"	"-"
"PPA0343"	701	"Pfam"	"PF13089"	"Polyphosphate kinase N-terminal domain"	22	128	"2.7E-35"	"IPR025198"	"Polyphosphate kinase N-terminal domain"	"-"
"PPA0343"	701	"Pfam"	"PF17941"	"Polyphosphate kinase C-terminal domain 1"	344	509	"9.6E-74"	"IPR041108"	"Polyphosphate kinase, C-terminal domain 1"	"-"
"PPA0343"	701	"Pfam"	"PF13090"	"Polyphosphate kinase C-terminal domain 2"	517	671	"4.9E-57"	"IPR025200"	"Polyphosphate kinase C-terminal domain 2"	"-"
"PPA0344"	237	"Pfam"	"PF00486"	"Transcriptional regulatory protein, C terminal"	160	233	"4.5E-26"	"IPR001867"	"OmpR/PhoB-type DNA-binding domain"	"GO:0000160|GO:0003677|GO:0006355"
"PPA0346"	145	"Pfam"	"PF02580"	"D-Tyr-tRNA(Tyr) deacylase"	2	140	"5.4E-49"	"IPR003732"	"D-aminoacyl-tRNA deacylase DTD"	"GO:0002161|GO:0005737|GO:0051499"
"PPA0347"	166	"Pfam"	"PF08768"	"THAP4-like, heme-binding beta-barrel domain"	13	165	"2.0E-44"	"IPR014878"	"THAP4-like, heme-binding beta-barrel domain"	"-"
"PPA0349"	461	"Pfam"	"PF02397"	"Bacterial sugar transferase"	253	433	"2.2E-65"	"IPR003362"	"Bacterial sugar transferase"	"-"
"PPA0350"	245	"Pfam"	"PF00106"	"short chain dehydrogenase"	3	179	"9.9E-42"	"IPR002347"	"Short-chain dehydrogenase/reductase SDR"	"-"
"PPA0351"	572	"Pfam"	"PF02896"	"PEP-utilising enzyme, PEP-binding domain"	264	534	"5.2E-74"	"IPR000121"	"PEP-utilising enzyme, C-terminal"	"GO:0016310|GO:0016772"
"PPA0351"	572	"Pfam"	"PF00391"	"PEP-utilising enzyme, mobile domain"	161	233	"7.0E-22"	"IPR008279"	"PEP-utilising enzyme, mobile domain"	"GO:0016310|GO:0016772"
"PPA0351"	572	"Pfam"	"PF05524"	"PEP-utilising enzyme, N-terminal"	21	135	"1.1E-16"	"IPR008731"	"Phosphotransferase system, enzyme I  N-terminal"	"GO:0009401"
"PPA0352"	88	"Pfam"	"PF00381"	"PTS HPr component phosphorylation site"	3	83	"1.5E-27"	"IPR000032"	"Phosphocarrier protein HPr-like"	"-"
"PPA0353"	270	"Pfam"	"PF01128"	"2-C-methyl-D-erythritol 4-phosphate cytidylyltransferase"	12	233	"1.4E-53"	"IPR034683"	"Cytidylyltransferase IspD/TarI"	"GO:0070567"
"PPA0354"	168	"Pfam"	"PF02542"	"YgbB family"	4	155	"1.2E-49"	"IPR003526"	"2-C-methyl-D-erythritol 2,4-cyclodiphosphate synthase"	"GO:0008685|GO:0016114"
"PPA0355"	134	"Pfam"	"PF03829"	"PTS system glucitol/sorbitol-specific IIA component"	9	118	"6.8E-26"	"IPR004716"	"Phosphotransferase system, glucitol/sorbitol-specific IIA component"	"GO:0005737|GO:0008982|GO:0009401"
"PPA0356"	97	"Pfam"	"PF02302"	"PTS system, Lactose/Cellobiose specific IIB subunit"	5	72	"7.1E-13"	"IPR003501"	"Phosphotransferase system, EIIB component, type 2/3"	"GO:0008982|GO:0009401"
"PPA0357"	161	"Pfam"	"PF02559"	"CarD-like/TRCF domain"	3	112	"5.1E-18"	"IPR003711"	"CarD-like/TRCF domain"	"-"
"PPA0359"	226	"Pfam"	"PF00486"	"Transcriptional regulatory protein, C terminal"	149	224	"5.8E-28"	"IPR001867"	"OmpR/PhoB-type DNA-binding domain"	"GO:0000160|GO:0003677|GO:0006355"
"PPA0359"	226	"Pfam"	"PF00072"	"Response regulator receiver domain"	4	113	"2.2E-28"	"IPR001789"	"Signal transduction response regulator, receiver domain"	"GO:0000160"
"PPA0360"	393	"Pfam"	"PF02518"	"Histidine kinase-, DNA gyrase B-, and HSP90-like ATPase"	265	378	"1.2E-24"	"IPR003594"	"Histidine kinase/HSP90-like ATPase"	"-"
"PPA0360"	393	"Pfam"	"PF00512"	"His Kinase A (phospho-acceptor) domain"	155	219	"9.5E-13"	"IPR003661"	"Signal transduction histidine kinase, dimerisation/phosphoacceptor domain"	"GO:0000155|GO:0007165"
"PPA0361"	248	"Pfam"	"PF01895"	"PhoU domain"	149	228	"7.2E-10"	"IPR026022"	"PhoU domain"	"-"
"PPA0361"	248	"Pfam"	"PF01895"	"PhoU domain"	43	129	"1.3E-18"	"IPR026022"	"PhoU domain"	"-"
"PPA0363"	356	"Pfam"	"PF01522"	"Polysaccharide deacetylase"	148	268	"8.5E-14"	"IPR002509"	"NodB homology domain"	"GO:0005975|GO:0016810"
"PPA0364"	249	"Pfam"	"PF00300"	"Histidine phosphatase superfamily (branch 1)"	5	207	"5.7E-33"	"IPR013078"	"Histidine phosphatase superfamily, clade-1"	"-"
"PPA0365"	152	"Pfam"	"PF00359"	"Phosphoenolpyruvate-dependent sugar phosphotransferase system, EIIA 2"	3	141	"9.9E-20"	"IPR002178"	"PTS EIIA type-2 domain"	"-"
"PPA0366"	97	"Pfam"	"PF02302"	"PTS system, Lactose/Cellobiose specific IIB subunit"	5	88	"1.3E-12"	"IPR003501"	"Phosphotransferase system, EIIB component, type 2/3"	"GO:0008982|GO:0009401"
"PPA0367"	331	"Pfam"	"PF17763"	"Glutaminase/Asparaginase C-terminal domain"	206	320	"1.4E-23"	"IPR040919"	"Asparaginase/glutaminase, C-terminal"	"-"
"PPA0367"	331	"Pfam"	"PF00710"	"Asparaginase, N-terminal"	5	184	"1.1E-49"	"IPR027474"	"L-asparaginase, N-terminal"	"-"
"PPA0368"	482	"Pfam"	"PF00324"	"Amino acid permease"	30	448	"8.9E-100"	"IPR004841"	"Amino acid permease/ SLC12A domain"	"GO:0016020|GO:0055085"
"PPA0369"	491	"Pfam"	"PF00464"	"Serine hydroxymethyltransferase"	166	439	"5.1E-93"	"IPR039429"	"Serine hydroxymethyltransferase-like domain"	"-"
"PPA0369"	491	"Pfam"	"PF00464"	"Serine hydroxymethyltransferase"	30	134	"3.5E-26"	"IPR039429"	"Serine hydroxymethyltransferase-like domain"	"-"
"PPA0370"	366	"Pfam"	"PF00294"	"pfkB family carbohydrate kinase"	14	346	"2.0E-23"	"IPR011611"	"Carbohydrate kinase PfkB"	"-"
"PPA0371"	215	"Pfam"	"PF01081"	"KDPG and KHG aldolase"	13	198	"3.3E-64"	"IPR000887"	"KDPG/KHG aldolase"	"GO:0016829"
"PPA0372"	258	"Pfam"	"PF13561"	"Enoyl-(Acyl carrier protein) reductase"	12	254	"2.6E-50"	"-"	"-"	""
"PPA0376"	218	"Pfam"	"PF06283"	"Trehalose utilisation"	6	215	"1.5E-20"	"IPR029010"	"ThuA-like domain"	"-"
"PPA0377"	235	"Pfam"	"PF01261"	"Xylose isomerase-like TIM barrel"	25	234	"9.7E-26"	"IPR013022"	"Xylose isomerase-like, TIM barrel domain"	"-"
"PPA0379"	101	"Pfam"	"PF02826"	"D-isomer specific 2-hydroxyacid dehydrogenase, NAD binding domain"	1	61	"1.3E-19"	"IPR006140"	"D-isomer specific 2-hydroxyacid dehydrogenase, NAD-binding domain"	"GO:0051287"
"PPA0380"	813	"Pfam"	"PF02278"	"Polysaccharide lyase family 8, super-sandwich domain"	415	664	"3.7E-45"	"IPR003159"	"Polysaccharide lyase family 8, central domain"	"GO:0005576|GO:0016829"
"PPA0380"	813	"Pfam"	"PF08124"	"Polysaccharide lyase family 8, N terminal alpha-helical domain"	46	374	"1.9E-73"	"IPR012970"	"Polysaccharide lyase 8, N-terminal alpha-helical"	"-"
"PPA0380"	813	"Pfam"	"PF02884"	"Polysaccharide lyase family 8, C-terminal beta-sandwich domain"	682	753	"1.1E-7"	"IPR004103"	"Polysaccharide lyase family 8, C-terminal"	"GO:0005576|GO:0016829"
"PPA0381"	290	"Pfam"	"PF10022"	"Uncharacterized protein conserved in bacteria (DUF2264)"	54	264	"9.4E-56"	"IPR016624"	"Uncharacterised conserved protein UCP014753"	"-"
"PPA0382"	290	"Pfam"	"PF10022"	"Uncharacterized protein conserved in bacteria (DUF2264)"	48	121	"2.6E-19"	"IPR016624"	"Uncharacterised conserved protein UCP014753"	"-"
"PPA0383"	318	"Pfam"	"PF08032"	"RNA 2'-O ribose methyltransferase substrate binding"	72	147	"3.3E-17"	"IPR013123"	"RNA 2-O ribose methyltransferase, substrate binding"	"GO:0008168"
"PPA0383"	318	"Pfam"	"PF00588"	"SpoU rRNA Methylase family"	165	306	"1.7E-33"	"IPR001537"	"tRNA/rRNA methyltransferase, SpoU type"	"GO:0003723|GO:0006396|GO:0008173"
"PPA0384"	490	"Pfam"	"PF09190"	"DALR domain"	367	423	"4.6E-9"	"IPR015273"	"Cysteinyl-tRNA synthetase, class Ia, DALR"	"GO:0000166|GO:0004817|GO:0005524|GO:0005737|GO:0006423"
"PPA0384"	490	"Pfam"	"PF01406"	"tRNA synthetases class I (C) catalytic domain"	30	324	"8.5E-113"	"IPR032678"	"tRNA synthetases class I, catalytic domain"	"-"
"PPA0386"	472	"Pfam"	"PF13224"	"Domain of unknown function (DUF4032)"	235	396	"3.8E-65"	"IPR025111"	"Domain of unknown function DUF4032"	"-"
"PPA0387"	172	"Pfam"	"PF03780"	"Asp23 family, cell envelope-related function"	37	146	"3.1E-31"	"IPR005531"	"Alkaline shock protein Asp23"	"-"
"PPA0388"	61	"Pfam"	"PF10031"	"Small integral membrane protein (DUF2273)"	6	44	"2.7E-8"	"IPR018730"	"Protein of unknown function DUF2273"	"-"
"PPA0389"	137	"Pfam"	"PF03780"	"Asp23 family, cell envelope-related function"	24	126	"4.9E-7"	"IPR005531"	"Alkaline shock protein Asp23"	"-"
"PPA0390"	184	"Pfam"	"PF19803"	"Family of unknown function (DUF6286)"	77	184	"2.5E-17"	"IPR046253"	"Domain of unknown function DUF6286"	"-"
"PPA0392"	191	"Pfam"	"PF08281"	"Sigma-70, region 4"	131	182	"1.7E-11"	"IPR013249"	"RNA polymerase sigma factor 70, region 4 type 2"	"GO:0003677|GO:0003700|GO:0006352|GO:0006355|GO:0016987"
"PPA0392"	191	"Pfam"	"PF04542"	"Sigma-70 region 2"	33	99	"5.5E-15"	"IPR007627"	"RNA polymerase sigma-70 region 2"	"GO:0003700|GO:0006352|GO:0006355"
"PPA0395"	439	"Pfam"	"PF17912"	"MalK OB fold domain"	310	358	"2.3E-10"	"IPR040582"	"MalK, OB fold domain"	"-"
"PPA0395"	439	"Pfam"	"PF00005"	"ABC transporter"	96	236	"9.4E-31"	"IPR003439"	"ABC transporter-like, ATP-binding domain"	"GO:0005524"
"PPA0396"	478	"Pfam"	"PF03313"	"Serine dehydratase alpha chain"	193	472	"5.0E-92"	"IPR005130"	"Serine dehydratase-like, alpha subunit"	"-"
"PPA0396"	478	"Pfam"	"PF03315"	"Serine dehydratase beta chain"	6	161	"2.8E-57"	"IPR005131"	"Serine dehydratase beta chain"	"GO:0003941|GO:0006094|GO:0051539"
"PPA0397"	769	"Pfam"	"PF01408"	"Oxidoreductase family, NAD-binding Rossmann fold"	380	502	"7.8E-16"	"IPR000683"	"Gfo/Idh/MocA-like oxidoreductase, N-terminal"	"GO:0000166"
"PPA0397"	769	"Pfam"	"PF13412"	"Winged helix-turn-helix DNA-binding"	17	56	"3.6E-7"	"-"	"-"	""
"PPA0397"	769	"Pfam"	"PF02894"	"Oxidoreductase family, C-terminal alpha/beta domain"	514	747	"2.6E-17"	"IPR004104"	"Gfo/Idh/MocA-like oxidoreductase, C-terminal"	"-"
"PPA0397"	769	"Pfam"	"PF00480"	"ROK family"	106	242	"2.6E-13"	"IPR000600"	"ROK family"	"-"
"PPA0398"	430	"Pfam"	"PF13416"	"Bacterial extracellular solute-binding protein"	59	363	"9.8E-41"	"IPR006059"	"Bacterial extracellular solute-binding protein"	"-"
"PPA0399"	318	"Pfam"	"PF00528"	"Binding-protein-dependent transport system inner membrane component"	105	309	"4.3E-17"	"IPR000515"	"ABC transporter type 1, transmembrane domain MetI-like"	"GO:0016020|GO:0055085"
"PPA0400"	293	"Pfam"	"PF00528"	"Binding-protein-dependent transport system inner membrane component"	114	280	"2.3E-17"	"IPR000515"	"ABC transporter type 1, transmembrane domain MetI-like"	"GO:0016020|GO:0055085"
"PPA0402"	345	"Pfam"	"PF00107"	"Zinc-binding dehydrogenase"	175	303	"1.7E-23"	"IPR013149"	"Alcohol dehydrogenase-like, C-terminal"	"-"
"PPA0402"	345	"Pfam"	"PF08240"	"Alcohol dehydrogenase GroES-like domain"	25	132	"1.1E-28"	"IPR013154"	"Alcohol dehydrogenase, N-terminal"	"-"
"PPA0403"	398	"Pfam"	"PF00155"	"Aminotransferase class I and II"	43	389	"2.0E-67"	"IPR004839"	"Aminotransferase, class I/classII"	"GO:0009058|GO:0030170"
"PPA0404"	307	"Pfam"	"PF04069"	"Substrate binding domain of ABC-type glycine betaine transport system"	40	302	"9.0E-52"	"IPR007210"	"ABC-type glycine betaine transport system, substrate-binding domain"	"GO:0022857|GO:0043190|GO:0055085"
"PPA0405"	231	"Pfam"	"PF00528"	"Binding-protein-dependent transport system inner membrane component"	46	207	"2.5E-18"	"IPR000515"	"ABC transporter type 1, transmembrane domain MetI-like"	"GO:0016020|GO:0055085"
"PPA0406"	215	"Pfam"	"PF00528"	"Binding-protein-dependent transport system inner membrane component"	36	210	"2.3E-18"	"IPR000515"	"ABC transporter type 1, transmembrane domain MetI-like"	"GO:0016020|GO:0055085"
"PPA0407"	278	"Pfam"	"PF00005"	"ABC transporter"	19	163	"3.8E-33"	"IPR003439"	"ABC transporter-like, ATP-binding domain"	"GO:0005524"
"PPA0408"	266	"Pfam"	"PF09335"	"SNARE associated Golgi protein"	109	226	"8.3E-10"	"IPR032816"	"SNARE associated Golgi protein"	"-"
"PPA0409"	123	"Pfam"	"PF04343"	"Protein of unknown function, DUF488"	19	117	"9.4E-23"	"IPR007438"	"Protein of unknown function DUF488"	"-"
"PPA0410"	223	"Pfam"	"PF01661"	"Macro domain"	72	189	"1.2E-38"	"IPR002589"	"Macro domain"	"-"
"PPA0411"	338	"Pfam"	"PF16884"	"N-terminal domain of oxidoreductase"	10	113	"1.5E-37"	"IPR041694"	"Oxidoreductase, N-terminal domain"	"-"
"PPA0411"	338	"Pfam"	"PF00107"	"Zinc-binding dehydrogenase"	162	290	"2.1E-21"	"IPR013149"	"Alcohol dehydrogenase-like, C-terminal"	"-"
"PPA0412"	337	"Pfam"	"PF00005"	"ABC transporter"	50	185	"5.6E-28"	"IPR003439"	"ABC transporter-like, ATP-binding domain"	"GO:0005524"
"PPA0415"	388	"Pfam"	"PF07730"	"Histidine kinase"	201	264	"9.0E-15"	"IPR011712"	"Signal transduction histidine kinase, subgroup 3, dimerisation and phosphoacceptor domain"	"GO:0000155|GO:0000160|GO:0016021|GO:0046983"
"PPA0416"	206	"Pfam"	"PF00196"	"Bacterial regulatory proteins, luxR family"	145	200	"8.0E-12"	"IPR000792"	"Transcription regulator LuxR, C-terminal"	"GO:0006355"
"PPA0416"	206	"Pfam"	"PF00072"	"Response regulator receiver domain"	10	120	"4.0E-22"	"IPR001789"	"Signal transduction response regulator, receiver domain"	"GO:0000160"
"PPA0417"	235	"Pfam"	"PF00300"	"Histidine phosphatase superfamily (branch 1)"	50	227	"8.6E-43"	"IPR013078"	"Histidine phosphatase superfamily, clade-1"	"-"
"PPA0418"	342	"Pfam"	"PF03186"	"CobD/Cbib protein"	21	302	"4.4E-80"	"IPR004485"	"Cobalamin biosynthesis CobD/CbiB"	"GO:0009236|GO:0016021|GO:0048472"
"PPA0419"	484	"Pfam"	"PF01656"	"CobQ/CobB/MinD/ParA nucleotide binding domain"	4	229	"2.8E-20"	"IPR002586"	"CobQ/CobB/MinD/ParA nucleotide binding domain"	"-"
"PPA0419"	484	"Pfam"	"PF07685"	"CobB/CobQ-like glutamine amidotransferase domain"	255	429	"2.6E-41"	"IPR011698"	"CobB/CobQ-like glutamine amidotransferase"	"GO:0003824"
"PPA0420"	251	"Pfam"	"PF00590"	"Tetrapyrrole (Corrin/Porphyrin) Methylases"	8	225	"1.2E-40"	"IPR000878"	"Tetrapyrrole methylase"	"GO:0008168"
"PPA0421"	323	"Pfam"	"PF00590"	"Tetrapyrrole (Corrin/Porphyrin) Methylases"	42	249	"2.8E-35"	"IPR000878"	"Tetrapyrrole methylase"	"GO:0008168"
"PPA0422"	856	"Pfam"	"PF11760"	"Cobalamin synthesis G N-terminal"	277	356	"3.4E-30"	"IPR021744"	"Cobalamin synthesis G, N-terminal"	"-"
"PPA0422"	856	"Pfam"	"PF01890"	"Cobalamin synthesis G C-terminus"	443	557	"2.8E-30"	"IPR002750"	"CobE/GbiG C-terminal domain"	"GO:0009236"
"PPA0422"	856	"Pfam"	"PF00590"	"Tetrapyrrole (Corrin/Porphyrin) Methylases"	566	770	"1.1E-40"	"IPR000878"	"Tetrapyrrole methylase"	"GO:0008168"
"PPA0422"	856	"Pfam"	"PF00590"	"Tetrapyrrole (Corrin/Porphyrin) Methylases"	16	173	"2.9E-14"	"IPR000878"	"Tetrapyrrole methylase"	"GO:0008168"
"PPA0423"	422	"Pfam"	"PF13241"	"Putative NAD(P)-binding"	282	389	"3.4E-23"	"-"	"-"	""
"PPA0423"	422	"Pfam"	"PF01903"	"CbiX"	16	127	"2.0E-16"	"IPR002762"	"Sirohydrochlorin cobaltochelatase CbiX-like"	"GO:0016829"
"PPA0423"	422	"Pfam"	"PF01903"	"CbiX"	156	259	"5.5E-18"	"IPR002762"	"Sirohydrochlorin cobaltochelatase CbiX-like"	"GO:0016829"
"PPA0425"	354	"Pfam"	"PF01032"	"FecCD transport family"	26	344	"1.9E-91"	"IPR000522"	"ABC transporter, permease protein, BtuC-like"	"GO:0016020|GO:0022857"
"PPA0426"	263	"Pfam"	"PF00005"	"ABC transporter"	20	168	"5.1E-29"	"IPR003439"	"ABC transporter-like, ATP-binding domain"	"GO:0005524"
"PPA0427"	356	"Pfam"	"PF01497"	"Periplasmic binding protein"	109	308	"2.0E-22"	"IPR002491"	"ABC transporter periplasmic binding domain"	"-"
"PPA0428"	408	"Pfam"	"PF13635"	"Domain of unknown function (DUF4143)"	213	356	"1.5E-24"	"IPR025420"	"Domain of unknown function DUF4143"	"-"
"PPA0428"	408	"Pfam"	"PF13173"	"AAA domain"	20	137	"2.6E-21"	"IPR041682"	"AAA domain, group 14"	"-"
"PPA0429"	217	"Pfam"	"PF02570"	"Precorrin-8X methylmutase"	11	208	"9.7E-69"	"IPR003722"	"Cobalamin biosynthesis precorrin-8X methylmutase CobH/CbiC"	"GO:0009236|GO:0016993"
"PPA0430"	227	"Pfam"	"PF01891"	"Cobalt uptake substrate-specific transmembrane region"	2	208	"1.9E-48"	"IPR002751"	"Metal transport protein CbiM/NikMN"	"GO:0000041|GO:0016021"
"PPA0432"	144	"Pfam"	"PF02553"	"Cobalt transport protein component CbiN"	25	93	"7.6E-19"	"IPR003705"	"Cobalt transport protein CbiN"	"GO:0006824|GO:0009236|GO:0015087|GO:0016020"
"PPA0433"	281	"Pfam"	"PF02361"	"Cobalt transport protein"	54	242	"7.0E-27"	"IPR003339"	"ABC/ECF transporter, transmembrane component"	"-"
"PPA0434"	278	"Pfam"	"PF00005"	"ABC transporter"	23	171	"2.4E-27"	"IPR003439"	"ABC transporter-like, ATP-binding domain"	"GO:0005524"
"PPA0435"	229	"Pfam"	"PF13493"	"Domain of unknown function (DUF4118)"	17	119	"8.6E-11"	"IPR025201"	"Sensor protein KdpD, transmembrane domain"	"-"
"PPA0437"	204	"Pfam"	"PF02572"	"ATP:corrinoid adenosyltransferase BtuR/CobO/CobP"	24	204	"2.9E-55"	"IPR003724"	"ATP:cob(I)alamin adenosyltransferase CobA/CobO/BtuR"	"GO:0005524|GO:0008817|GO:0009236"
"PPA0438"	807	"Pfam"	"PF01656"	"CobQ/CobB/MinD/ParA nucleotide binding domain"	6	193	"3.4E-16"	"IPR002586"	"CobQ/CobB/MinD/ParA nucleotide binding domain"	"-"
"PPA0438"	807	"Pfam"	"PF07685"	"CobB/CobQ-like glutamine amidotransferase domain"	277	443	"3.2E-25"	"IPR011698"	"CobB/CobQ-like glutamine amidotransferase"	"GO:0003824"
"PPA0438"	807	"Pfam"	"PF00155"	"Aminotransferase class I and II"	498	790	"2.3E-30"	"IPR004839"	"Aminotransferase, class I/classII"	"GO:0009058|GO:0030170"
"PPA0439"	258	"Pfam"	"PF00590"	"Tetrapyrrole (Corrin/Porphyrin) Methylases"	11	222	"2.9E-44"	"IPR000878"	"Tetrapyrrole methylase"	"GO:0008168"
"PPA0440"	346	"Pfam"	"PF02571"	"Precorrin-6x reductase CbiJ/CobK"	99	335	"8.4E-56"	"IPR003723"	"Precorrin-6x reductase"	"GO:0009236|GO:0016994"
"PPA0441"	555	"Pfam"	"PF02277"	"Phosphoribosyltransferase"	21	356	"2.9E-123"	"IPR003200"	"Nicotinate-nucleotide-dimethylbenzimidazole phosphoribosyltransferase"	"GO:0008939"
"PPA0441"	555	"Pfam"	"PF02283"	"Cobinamide kinase / cobinamide phosphate guanyltransferase"	380	552	"1.0E-55"	"IPR003203"	"Cobinamide kinase/cobinamide phosphate guanyltransferase"	"GO:0000166|GO:0009236|GO:0043752"
"PPA0442"	295	"Pfam"	"PF02654"	"Cobalamin-5-phosphate synthase"	37	284	"9.6E-43"	"IPR003805"	"Adenosylcobinamide-GDP ribazoletransferase"	"GO:0008818|GO:0051073"
"PPA0446"	529	"Pfam"	"PF03611"	"PTS system sugar-specific permease component"	14	425	"3.7E-126"	"IPR004703"	"Phosphotransferase system, sugar-specific permease component"	"GO:0009401|GO:0016021"
"PPA0447"	309	"Pfam"	"PF00359"	"Phosphoenolpyruvate-dependent sugar phosphotransferase system, EIIA 2"	62	203	"5.8E-30"	"IPR002178"	"PTS EIIA type-2 domain"	"-"
"PPA0450"	160	"Pfam"	"PF02664"	"S-Ribosylhomocysteinase (LuxS)"	12	155	"1.7E-51"	"IPR003815"	"S-ribosylhomocysteinase (LuxS)"	"GO:0005506|GO:0009372|GO:0043768"
"PPA0451"	393	"Pfam"	"PF01238"	"Phosphomannose isomerase type I"	2	353	"7.1E-48"	"IPR001250"	"Mannose-6-phosphate isomerase, type I"	"GO:0004476|GO:0005975|GO:0008270"
"PPA0452"	94	"Pfam"	"PF11662"	"Protein of unknown function (DUF3263)"	14	89	"1.8E-26"	"IPR021678"	"Protein of unknown function DUF3263"	"-"
"PPA0453"	544	"Pfam"	"PF00118"	"TCP-1/cpn60 chaperonin family"	22	522	"4.4E-88"	"IPR002423"	"Chaperonin Cpn60/GroEL/TCP-1 family"	"GO:0005524"
"PPA0454"	358	"Pfam"	"PF00923"	"Transaldolase/Fructose-6-phosphate aldolase"	21	289	"6.2E-36"	"IPR001585"	"Transaldolase/Fructose-6-phosphate aldolase"	"GO:0005975"
"PPA0455"	247	"Pfam"	"PF00392"	"Bacterial regulatory proteins, gntR family"	22	83	"5.0E-14"	"IPR000524"	"Transcription regulator HTH, GntR"	"GO:0003700|GO:0006355"
"PPA0455"	247	"Pfam"	"PF07702"	"UTRA domain"	104	239	"2.6E-34"	"IPR011663"	"UbiC transcription regulator-associated"	"GO:0003677|GO:0006355"
"PPA0456"	329	"Pfam"	"PF00294"	"pfkB family carbohydrate kinase"	11	307	"9.7E-54"	"IPR011611"	"Carbohydrate kinase PfkB"	"-"
"PPA0458"	290	"Pfam"	"PF04962"	"KduI/IolB family"	8	268	"1.4E-83"	"IPR021120"	"KduI/IolB isomerase"	"GO:0016861"
"PPA0459"	632	"Pfam"	"PF00205"	"Thiamine pyrophosphate enzyme, central domain"	230	362	"1.2E-34"	"IPR012000"	"Thiamine pyrophosphate enzyme, central domain"	"GO:0000287|GO:0030976"
"PPA0459"	632	"Pfam"	"PF02775"	"Thiamine pyrophosphate enzyme, C-terminal TPP binding domain"	425	586	"2.3E-37"	"IPR011766"	"Thiamine pyrophosphate enzyme, C-terminal TPP-binding"	"GO:0003824|GO:0030976"
"PPA0459"	632	"Pfam"	"PF02776"	"Thiamine pyrophosphate enzyme, N-terminal TPP binding domain"	9	207	"2.3E-31"	"IPR012001"	"Thiamine pyrophosphate enzyme, N-terminal TPP-binding domain"	"GO:0030976"
"PPA0461"	497	"Pfam"	"PF00171"	"Aldehyde dehydrogenase family"	19	477	"0.0"	"IPR015590"	"Aldehyde dehydrogenase domain"	"GO:0016491"
"PPA0462"	326	"Pfam"	"PF00356"	"Bacterial regulatory proteins, lacI family"	7	49	"1.7E-9"	"IPR000843"	"LacI-type HTH domain"	"GO:0003677|GO:0006355"
"PPA0462"	326	"Pfam"	"PF13377"	"Periplasmic binding protein-like domain"	170	324	"6.5E-14"	"IPR046335"	"Transcriptional regulator LacI/GalR-like, sensor domain"	"-"
"PPA0463"	404	"Pfam"	"PF01408"	"Oxidoreductase family, NAD-binding Rossmann fold"	16	143	"4.8E-25"	"IPR000683"	"Gfo/Idh/MocA-like oxidoreductase, N-terminal"	"GO:0000166"
"PPA0463"	404	"Pfam"	"PF02894"	"Oxidoreductase family, C-terminal alpha/beta domain"	156	398	"7.6E-16"	"IPR004104"	"Gfo/Idh/MocA-like oxidoreductase, C-terminal"	"-"
"PPA0464"	332	"Pfam"	"PF01261"	"Xylose isomerase-like TIM barrel"	22	313	"3.9E-28"	"IPR013022"	"Xylose isomerase-like, TIM barrel domain"	"-"
"PPA0465"	288	"Pfam"	"PF01261"	"Xylose isomerase-like TIM barrel"	21	274	"4.8E-38"	"IPR013022"	"Xylose isomerase-like, TIM barrel domain"	"-"
"PPA0466"	403	"Pfam"	"PF01408"	"Oxidoreductase family, NAD-binding Rossmann fold"	12	138	"6.1E-17"	"IPR000683"	"Gfo/Idh/MocA-like oxidoreductase, N-terminal"	"GO:0000166"
"PPA0466"	403	"Pfam"	"PF02894"	"Oxidoreductase family, C-terminal alpha/beta domain"	150	386	"5.5E-16"	"IPR004104"	"Gfo/Idh/MocA-like oxidoreductase, C-terminal"	"-"
"PPA0467"	548	"Pfam"	"PF00083"	"Sugar (and other) transporter"	235	541	"1.6E-54"	"IPR005828"	"Major facilitator,  sugar transporter-like"	"GO:0016021|GO:0022857|GO:0055085"
"PPA0467"	548	"Pfam"	"PF00083"	"Sugar (and other) transporter"	31	184	"7.5E-34"	"IPR005828"	"Major facilitator,  sugar transporter-like"	"GO:0016021|GO:0022857|GO:0055085"
"PPA0468"	287	"Pfam"	"PF01261"	"Xylose isomerase-like TIM barrel"	30	266	"6.4E-28"	"IPR013022"	"Xylose isomerase-like, TIM barrel domain"	"-"
"PPA0469"	355	"Pfam"	"PF01408"	"Oxidoreductase family, NAD-binding Rossmann fold"	29	147	"4.7E-26"	"IPR000683"	"Gfo/Idh/MocA-like oxidoreductase, N-terminal"	"GO:0000166"
"PPA0469"	355	"Pfam"	"PF02894"	"Oxidoreductase family, C-terminal alpha/beta domain"	159	355	"2.7E-18"	"IPR004104"	"Gfo/Idh/MocA-like oxidoreductase, C-terminal"	"-"
"PPA0470"	360	"Pfam"	"PF02517"	"Type II CAAX prenyl endopeptidase Rce1-like"	196	288	"5.1E-12"	"IPR003675"	"Type II CAAX prenyl endopeptidase Rce1-like"	"GO:0004222|GO:0016020|GO:0071586"
"PPA0471"	231	"Pfam"	"PF03932"	"CutC family"	6	200	"1.4E-28"	"IPR005627"	"Copper homeostasis protein CutC"	"-"
"PPA0472"	334	"Pfam"	"PF13354"	"Beta-lactamase enzyme family"	130	242	"3.0E-6"	"IPR045155"	"Beta-lactamase class A, catalytic domain"	"GO:0008800|GO:0017001|GO:0030655"
"PPA0473"	694	"Pfam"	"PF13625"	"Helicase conserved C-terminal domain"	150	277	"1.4E-42"	"IPR032830"	"Helicase XPB/Ssl2, N-terminal domain"	"-"
"PPA0473"	694	"Pfam"	"PF04851"	"Type III restriction enzyme, res subunit"	325	470	"8.6E-10"	"IPR006935"	"Helicase/UvrB, N-terminal"	"GO:0003677|GO:0005524|GO:0016787"
"PPA0473"	694	"Pfam"	"PF16203"	"ERCC3/RAD25/XPB C-terminal helicase"	497	684	"3.6E-41"	"IPR032438"	"ERCC3/RAD25/XPB helicase, C-terminal domain"	"-"
"PPA0474"	709	"Pfam"	"PF13625"	"Helicase conserved C-terminal domain"	446	567	"7.1E-32"	"IPR032830"	"Helicase XPB/Ssl2, N-terminal domain"	"-"
"PPA0476"	261	"Pfam"	"PF01182"	"Glucosamine-6-phosphate isomerases/6-phosphogluconolactonase"	11	224	"5.2E-23"	"IPR006148"	"Glucosamine/galactosamine-6-phosphate isomerase"	"GO:0005975"
"PPA0477"	127	"Pfam"	"PF00313"	"'Cold-shock' DNA-binding domain"	3	62	"7.6E-13"	"IPR002059"	"Cold-shock protein, DNA-binding"	"GO:0003676"
"PPA0478"	266	"Pfam"	"PF11228"	"Protein of unknown function (DUF3027)"	42	241	"1.7E-80"	"IPR021391"	"Protein of unknown function DUF3027"	"-"
"PPA0479"	90	"Pfam"	"PF10745"	"Protein of unknown function (DUF2530)"	34	88	"7.0E-9"	"IPR019681"	"Protein of unknown function DUF2530"	"-"
"PPA0480"	503	"Pfam"	"PF00860"	"Permease family"	81	456	"2.9E-18"	"IPR006043"	"Nucleobase cation symporter 2 family"	"GO:0016020|GO:0022857|GO:0055085"
"PPA0483"	372	"Pfam"	"PF00266"	"Aminotransferase class-V"	141	319	"3.9E-10"	"IPR000192"	"Aminotransferase class V domain"	"-"
"PPA0484"	376	"Pfam"	"PF01979"	"Amidohydrolase family"	47	362	"4.9E-11"	"IPR006680"	"Amidohydrolase-related"	"GO:0016787"
"PPA0485"	232	"Pfam"	"PF01325"	"Iron dependent repressor, N-terminal DNA binding domain"	4	61	"5.7E-16"	"IPR022687"	"DTXR-type HTH domain"	"GO:0003677"
"PPA0485"	232	"Pfam"	"PF02742"	"Iron dependent repressor, metal binding and dimerisation domain"	66	134	"3.2E-23"	"IPR001367"	"Iron dependent repressor, metal binding and dimerisation domain"	"GO:0046914|GO:0046983"
"PPA0487"	121	"Pfam"	"PF00085"	"Thioredoxin"	3	101	"1.5E-24"	"IPR013766"	"Thioredoxin domain"	"-"
"PPA0488"	538	"Pfam"	"PF00083"	"Sugar (and other) transporter"	26	179	"1.9E-35"	"IPR005828"	"Major facilitator,  sugar transporter-like"	"GO:0016021|GO:0022857|GO:0055085"
"PPA0488"	538	"Pfam"	"PF00083"	"Sugar (and other) transporter"	222	531	"7.9E-56"	"IPR005828"	"Major facilitator,  sugar transporter-like"	"GO:0016021|GO:0022857|GO:0055085"
"PPA0489"	465	"Pfam"	"PF01704"	"UTP--glucose-1-phosphate uridylyltransferase"	25	435	"1.9E-121"	"IPR002618"	"UDPGP family"	"GO:0070569"
"PPA0491"	122	"Pfam"	"PF01741"	"Large-conductance mechanosensitive channel, MscL"	1	116	"6.4E-28"	"IPR037673"	"Large-conductance mechanosensitive channel/anditomin synthesis protein L"	"-"
"PPA0492"	219	"Pfam"	"PF13144"	"Chaperone for flagella basal body P-ring formation"	62	133	"1.3E-7"	"IPR017585"	"Flagella basal body P-ring formation protein FlgA, C-terminal"	"-"
"PPA0493"	195	"Pfam"	"PF01812"	"5-formyltetrahydrofolate cyclo-ligase family"	7	187	"1.1E-32"	"IPR002698"	"5-formyltetrahydrofolate cyclo-ligase"	"-"
"PPA0494"	435	"Pfam"	"PF03453"	"MoeA N-terminal region (domain I and II)"	35	191	"4.1E-30"	"IPR005110"	"MoeA, N-terminal and linker domain"	"GO:0032324"
"PPA0494"	435	"Pfam"	"PF03454"	"MoeA C-terminal region (domain IV)"	363	426	"8.1E-5"	"IPR005111"	"MoeA, C-terminal, domain IV"	"GO:0032324"
"PPA0495"	224	"Pfam"	"PF13302"	"Acetyltransferase (GNAT) domain"	17	171	"3.1E-17"	"IPR000182"	"GNAT domain"	"GO:0016407"
"PPA0497"	225	"Pfam"	"PF02613"	"Nitrate reductase delta subunit"	72	191	"2.5E-23"	"IPR020945"	"DMSO/Nitrate reductase chaperone"	"-"
"PPA0498"	161	"Pfam"	"PF01967"	"MoaC family"	17	150	"5.9E-46"	"IPR002820"	"Molybdopterin cofactor biosynthesis C (MoaC) domain"	"GO:0006777"
"PPA0499"	444	"Pfam"	"PF00994"	"Probable molybdopterin binding domain"	199	329	"5.6E-20"	"IPR001453"	"MoaB/Mog domain"	"-"
"PPA0499"	444	"Pfam"	"PF03453"	"MoeA N-terminal region (domain I and II)"	17	186	"4.7E-42"	"IPR005110"	"MoeA, N-terminal and linker domain"	"GO:0032324"
"PPA0500"	140	"Pfam"	"PF02391"	"MoaE protein"	5	115	"5.8E-33"	"IPR003448"	"Molybdopterin biosynthesis MoaE"	"GO:0006777"
"PPA0501"	79	"Pfam"	"PF02597"	"ThiS family"	3	79	"4.4E-11"	"IPR003749"	"Sulfur carrier ThiS/MoaD-like"	"-"
"PPA0502"	346	"Pfam"	"PF13353"	"4Fe-4S single cluster domain"	31	111	"4.1E-5"	"-"	"-"	""
"PPA0502"	346	"Pfam"	"PF06463"	"Molybdenum Cofactor Synthesis C"	199	328	"2.4E-33"	"IPR010505"	"Molybdenum cofactor synthesis C-terminal"	"GO:0006777|GO:0019008|GO:0051539"
"PPA0502"	346	"Pfam"	"PF04055"	"Radical SAM superfamily"	27	190	"9.1E-21"	"IPR007197"	"Radical SAM"	"GO:0003824|GO:0051536"
"PPA0503"	142	"Pfam"	"PF03459"	"TOBE domain"	75	135	"1.3E-9"	"IPR005116"	"Transport-associated OB, type 1"	"-"
"PPA0503"	142	"Pfam"	"PF12728"	"Helix-turn-helix domain"	13	57	"3.4E-10"	"IPR041657"	"Helix-turn-helix domain, group 17"	"-"
"PPA0504"	256	"Pfam"	"PF13531"	"Bacterial extracellular solute-binding protein"	38	253	"6.9E-37"	"-"	"-"	""
"PPA0505"	604	"Pfam"	"PF00528"	"Binding-protein-dependent transport system inner membrane component"	75	254	"2.1E-9"	"IPR000515"	"ABC transporter type 1, transmembrane domain MetI-like"	"GO:0016020|GO:0055085"
"PPA0505"	604	"Pfam"	"PF00005"	"ABC transporter"	368	514	"1.4E-25"	"IPR003439"	"ABC transporter-like, ATP-binding domain"	"GO:0005524"
"PPA0507"	237	"Pfam"	"PF02665"	"Nitrate reductase gamma subunit"	5	224	"1.3E-87"	"IPR023234"	"NarG-like domain"	"-"
"PPA0508"	223	"Pfam"	"PF02613"	"Nitrate reductase delta subunit"	64	170	"5.1E-13"	"IPR020945"	"DMSO/Nitrate reductase chaperone"	"-"
"PPA0509"	507	"Pfam"	"PF13247"	"4Fe-4S dicluster domain"	175	271	"2.4E-35"	"IPR017896"	"4Fe-4S ferredoxin-type, iron-sulphur binding domain"	"-"
"PPA0509"	507	"Pfam"	"PF14711"	"Respiratory nitrate reductase beta C-terminal"	358	438	"3.9E-26"	"IPR029263"	"Respiratory nitrate reductase beta, C-terminal"	"-"
"PPA0510"	1245	"Pfam"	"PF00384"	"Molybdopterin oxidoreductase"	121	839	"2.3E-127"	"IPR006656"	"Molybdopterin oxidoreductase"	"GO:0016491"
"PPA0510"	1245	"Pfam"	"PF01568"	"Molydopterin dinucleotide binding domain"	1099	1208	"4.5E-26"	"IPR006657"	"Molybdopterin dinucleotide-binding domain"	"GO:0016491|GO:0043546"
"PPA0511"	438	"Pfam"	"PF07690"	"Major Facilitator Superfamily"	34	397	"1.2E-15"	"IPR011701"	"Major facilitator superfamily"	"GO:0022857|GO:0055085"
"PPA0512"	224	"Pfam"	"PF12804"	"MobA-like NTP transferase domain"	26	144	"3.7E-17"	"IPR025877"	"MobA-like NTP transferase"	"-"
"PPA0513"	166	"Pfam"	"PF00994"	"Probable molybdopterin binding domain"	8	156	"1.5E-27"	"IPR001453"	"MoaB/Mog domain"	"-"
"PPA0514"	91	"Pfam"	"PF20058"	"Domain of unknown function (DUF6457)"	10	88	"7.6E-17"	"IPR045598"	"Domain of unknown function DUF6457"	"-"
"PPA0515"	336	"Pfam"	"PF04976"	"DMSO reductase anchor subunit (DmsC)"	1	328	"1.8E-24"	"IPR007059"	"DMSO reductase anchor subunit (DmsC)"	"GO:0016021|GO:0019645"
"PPA0516"	213	"Pfam"	"PF13247"	"4Fe-4S dicluster domain"	67	161	"5.2E-25"	"IPR017896"	"4Fe-4S ferredoxin-type, iron-sulphur binding domain"	"-"
"PPA0516"	213	"Pfam"	"PF12800"	"4Fe-4S binding domain"	21	32	"0.87"	"IPR017896"	"4Fe-4S ferredoxin-type, iron-sulphur binding domain"	"-"
"PPA0517"	853	"Pfam"	"PF00384"	"Molybdopterin oxidoreductase"	115	591	"3.4E-75"	"IPR006656"	"Molybdopterin oxidoreductase"	"GO:0016491"
"PPA0517"	853	"Pfam"	"PF04879"	"Molybdopterin oxidoreductase Fe4S4 domain"	55	112	"5.2E-13"	"IPR006963"	"Molybdopterin oxidoreductase, 4Fe-4S domain"	"GO:0016491"
"PPA0517"	853	"Pfam"	"PF01568"	"Molydopterin dinucleotide binding domain"	722	846	"2.1E-25"	"IPR006657"	"Molybdopterin dinucleotide-binding domain"	"GO:0016491|GO:0043546"
"PPA0518"	281	"Pfam"	"PF00899"	"ThiF family"	38	261	"4.8E-55"	"IPR000594"	"THIF-type NAD/FAD binding fold"	"-"
"PPA0519"	277	"Pfam"	"PF05690"	"Thiazole biosynthesis protein ThiG"	17	259	"3.2E-102"	"IPR033983"	"Thiazole synthase ThiG"	"-"
"PPA0520"	415	"Pfam"	"PF01266"	"FAD dependent oxidoreductase"	44	388	"1.4E-47"	"IPR006076"	"FAD dependent oxidoreductase"	"GO:0016491"
"PPA0522"	481	"Pfam"	"PF00860"	"Permease family"	28	422	"6.6E-72"	"IPR006043"	"Nucleobase cation symporter 2 family"	"GO:0016020|GO:0022857|GO:0055085"
"PPA0523"	527	"Pfam"	"PF02366"	"Dolichyl-phosphate-mannose-protein mannosyltransferase"	31	294	"9.6E-17"	"IPR003342"	"Glycosyl transferase family 39/83"	"GO:0000030|GO:0006493|GO:0016020"
"PPA0523"	527	"Pfam"	"PF16192"	"C-terminal four TMM region of protein-O-mannosyltransferase"	331	526	"4.6E-11"	"IPR032421"	"Protein O-mannosyl-transferase, C-terminal four TM domain"	"-"
"PPA0524"	286	"Pfam"	"PF00590"	"Tetrapyrrole (Corrin/Porphyrin) Methylases"	8	211	"3.8E-31"	"IPR000878"	"Tetrapyrrole methylase"	"GO:0008168"
"PPA0525"	302	"Pfam"	"PF01026"	"TatD related DNase"	26	298	"2.2E-57"	"IPR001130"	"3'-5' ssDNA/RNA exonuclease TatD-like"	"GO:0016788"
"PPA0526"	298	"Pfam"	"PF00398"	"Ribosomal RNA adenine dimethylase"	26	287	"1.3E-39"	"IPR001737"	"Ribosomal RNA adenine methyltransferase KsgA/Erm"	"-"
"PPA0527"	323	"Pfam"	"PF00288"	"GHMP kinases N terminal domain"	107	165	"3.6E-8"	"IPR006204"	"GHMP kinase N-terminal domain"	"GO:0005524"
"PPA0527"	323	"Pfam"	"PF08544"	"GHMP kinases C terminal"	221	295	"1.2E-9"	"IPR013750"	"GHMP kinase, C-terminal domain"	"-"
"PPA0528"	179	"Pfam"	"PF12802"	"MarR family"	64	124	"7.8E-14"	"IPR000835"	"MarR-type HTH domain"	"GO:0003700|GO:0006355"
"PPA0529"	227	"Pfam"	"PF00440"	"Bacterial regulatory proteins, tetR family"	27	71	"2.2E-17"	"IPR001647"	"DNA-binding HTH domain, TetR-type"	"GO:0003677"
"PPA0530"	432	"Pfam"	"PF00132"	"Bacterial transferase hexapeptide (six repeats)"	338	369	"4.1E-5"	"IPR001451"	"Hexapeptide repeat"	"-"
"PPA0530"	432	"Pfam"	"PF12804"	"MobA-like NTP transferase domain"	18	151	"8.6E-24"	"IPR025877"	"MobA-like NTP transferase"	"-"
"PPA0531"	322	"Pfam"	"PF14572"	"Phosphoribosyl synthetase-associated domain"	213	322	"4.8E-22"	"IPR005946"	"Ribose-phosphate pyrophosphokinase"	"GO:0000287|GO:0004749|GO:0009165"
"PPA0531"	322	"Pfam"	"PF13793"	"N-terminal domain of ribose phosphate pyrophosphokinase"	12	128	"3.7E-42"	"IPR029099"	"Ribose-phosphate pyrophosphokinase, N-terminal domain"	"-"
"PPA0535"	229	"Pfam"	"PF01386"	"Ribosomal L25p family"	31	116	"1.9E-22"	"IPR029751"	"Ribosomal protein L25"	"GO:0003735|GO:0005840|GO:0006412|GO:0008097"
"PPA0535"	229	"Pfam"	"PF14693"	"Ribosomal protein TL5, C-terminal domain"	124	203	"2.5E-19"	"IPR020057"	"Ribosomal protein L25, beta domain"	"-"
"PPA0536"	200	"Pfam"	"PF01195"	"Peptidyl-tRNA hydrolase"	6	199	"9.4E-59"	"IPR001328"	"Peptidyl-tRNA hydrolase"	"GO:0004045"
"PPA0538"	61	"Pfam"	"PF02826"	"D-isomer specific 2-hydroxyacid dehydrogenase, NAD binding domain"	2	61	"2.7E-12"	"IPR006140"	"D-isomer specific 2-hydroxyacid dehydrogenase, NAD-binding domain"	"GO:0051287"
"PPA0539"	351	"Pfam"	"PF00107"	"Zinc-binding dehydrogenase"	179	306	"7.7E-26"	"IPR013149"	"Alcohol dehydrogenase-like, C-terminal"	"-"
"PPA0539"	351	"Pfam"	"PF08240"	"Alcohol dehydrogenase GroES-like domain"	26	135	"4.1E-33"	"IPR013154"	"Alcohol dehydrogenase, N-terminal"	"-"
"PPA0540"	379	"Pfam"	"PF13367"	"PrsW family intramembrane metalloprotease"	70	254	"1.6E-27"	"IPR026898"	"Intramembrane metalloprotease PrsW"	"GO:0008233"
"PPA0541"	1222	"Pfam"	"PF17757"	"UvrB interaction domain"	174	255	"2.2E-22"	"IPR041471"	"UvrB, interaction domain"	"-"
"PPA0541"	1222	"Pfam"	"PF03461"	"TRCF domain"	1066	1148	"2.8E-24"	"IPR005118"	"Transcription-repair-coupling factor, C-terminal domain"	"GO:0006281"
"PPA0541"	1222	"Pfam"	"PF02559"	"CarD-like/TRCF domain"	537	636	"3.5E-31"	"IPR003711"	"CarD-like/TRCF domain"	"-"
"PPA0541"	1222	"Pfam"	"PF00270"	"DEAD/DEAH box helicase"	686	828	"5.8E-18"	"IPR011545"	"DEAD/DEAH box helicase domain"	"GO:0003676|GO:0005524"
"PPA0541"	1222	"Pfam"	"PF00271"	"Helicase conserved C-terminal domain"	868	970	"2.2E-13"	"IPR001650"	"Helicase, C-terminal"	"-"
"PPA0543"	212	"Pfam"	"PF03819"	"MazG nucleotide pyrophosphohydrolase domain"	32	105	"2.1E-25"	"IPR004518"	"NTP pyrophosphohydrolase MazG, putative catalytic core"	"-"
"PPA0545"	426	"Pfam"	"PF00113"	"Enolase, C-terminal TIM barrel domain"	140	420	"0.0"	"IPR020810"	"Enolase, C-terminal TIM barrel domain"	"-"
"PPA0545"	426	"Pfam"	"PF03952"	"Enolase, N-terminal domain"	4	134	"6.2E-59"	"IPR020811"	"Enolase, N-terminal"	"-"
"PPA0546"	217	"Pfam"	"PF04977"	"Septum formation initiator"	75	148	"1.4E-14"	"IPR007060"	"Septum formation initiator FtsL/DivIC"	"-"
"PPA0547"	180	"Pfam"	"PF04417"	"Protein of unknown function (DUF501)"	27	155	"3.1E-39"	"IPR007511"	"Protein of unknown function DUF501"	"-"
"PPA0548"	310	"Pfam"	"PF02541"	"Ppx/GppA phosphatase family"	33	306	"1.7E-58"	"IPR003695"	"Ppx/GppA phosphatase"	"-"
"PPA0549"	277	"Pfam"	"PF12811"	"Bax inhibitor 1 like"	3	275	"7.0E-75"	"IPR010539"	"Protein of unknown function UCP009160"	"-"
"PPA0550"	231	"Pfam"	"PF00293"	"NUDIX domain"	89	205	"1.6E-11"	"IPR000086"	"NUDIX hydrolase domain"	"-"
"PPA0553"	143	"Pfam"	"PF04138"	"GtrA-like protein"	21	134	"2.4E-13"	"IPR007267"	"GtrA-like protein"	"GO:0000271|GO:0016021"
"PPA0554"	662	"Pfam"	"PF03169"	"OPT oligopeptide transporter protein"	20	612	"3.7E-98"	"IPR004813"	"Oligopeptide transporter, OPT superfamily"	"GO:0035673"
"PPA0555"	287	"Pfam"	"PF00248"	"Aldo/keto reductase family"	14	286	"3.0E-46"	"IPR023210"	"NADP-dependent oxidoreductase domain"	"-"
"PPA0556"	210	"Pfam"	"PF01625"	"Peptide methionine sulfoxide reductase"	43	198	"3.2E-59"	"IPR002569"	"Peptide methionine sulphoxide reductase MsrA domain"	"GO:0008113"
"PPA0557"	539	"Pfam"	"PF00209"	"Sodium:neurotransmitter symporter family"	152	507	"4.3E-69"	"IPR000175"	"Sodium:neurotransmitter symporter"	"GO:0016021"
"PPA0557"	539	"Pfam"	"PF00209"	"Sodium:neurotransmitter symporter family"	24	141	"5.8E-40"	"IPR000175"	"Sodium:neurotransmitter symporter"	"GO:0016021"
"PPA0558"	238	"Pfam"	"PF03167"	"Uracil DNA glycosylase superfamily"	69	222	"1.7E-17"	"IPR005122"	"Uracil-DNA glycosylase-like"	"-"
"PPA0559"	408	"Pfam"	"PF01594"	"AI-2E family transporter"	62	387	"5.9E-52"	"IPR002549"	"Transmembrane protein TqsA-like"	"-"
"PPA0561"	168	"Pfam"	"PF03449"	"Transcription elongation factor, N-terminal"	8	78	"2.4E-29"	"IPR022691"	"Transcription elongation factor, GreA/GreB, N-terminal"	"GO:0003677|GO:0032784"
"PPA0561"	168	"Pfam"	"PF01272"	"Transcription elongation factor, GreA/GreB, C-term"	85	165	"5.3E-19"	"IPR001437"	"Transcription elongation factor, GreA/GreB, C-terminal"	"GO:0003677|GO:0032784"
"PPA0562"	141	"Pfam"	"PF14155"	"Domain of unknown function (DUF4307)"	28	137	"1.9E-28"	"IPR025443"	"Protein of unknown function DUF4307"	"-"
"PPA0563"	671	"Pfam"	"PF03190"	"Protein of unknown function, DUF255"	3	163	"2.6E-66"	"IPR004879"	"Domain of unknown function DUF255"	"-"
"PPA0564"	273	"Pfam"	"PF01255"	"Putative undecaprenyl diphosphate synthase"	49	272	"1.5E-62"	"IPR001441"	"Decaprenyl diphosphate synthase-like"	"GO:0016765"
"PPA0565"	223	"Pfam"	"PF03006"	"Haemolysin-III related"	18	214	"1.4E-37"	"IPR004254"	"AdipoR/Haemolysin-III-related"	"GO:0016021"
"PPA0566"	449	"Pfam"	"PF02562"	"PhoH-like protein"	239	443	"1.1E-48"	"IPR003714"	"PhoH-like protein"	"GO:0005524"
"PPA0566"	449	"Pfam"	"PF13638"	"PIN domain"	25	163	"7.0E-27"	"IPR002716"	"PIN domain"	"-"
"PPA0567"	187	"Pfam"	"PF14030"	"Protein of unknown function (DUF4245)"	17	164	"3.8E-33"	"IPR025339"	"Protein of unknown function DUF4245"	"-"
"PPA0568"	78	"Pfam"	"PF02609"	"Exonuclease VII small subunit"	17	67	"3.4E-17"	"IPR003761"	"Exonuclease VII, small subunit"	"GO:0006308|GO:0008855|GO:0009318"
"PPA0569"	415	"Pfam"	"PF02601"	"Exonuclease VII, large subunit"	127	341	"3.1E-56"	"IPR020579"	"Exonuclease VII, large subunit, C-terminal"	"GO:0008855"
"PPA0569"	415	"Pfam"	"PF02601"	"Exonuclease VII, large subunit"	318	396	"1.7E-9"	"IPR020579"	"Exonuclease VII, large subunit, C-terminal"	"GO:0008855"
"PPA0569"	415	"Pfam"	"PF13742"	"OB-fold nucleic acid binding domain"	17	103	"8.0E-10"	"IPR025824"	"OB-fold nucleic acid binding domain"	"GO:0003676"
"PPA0570"	508	"Pfam"	"PF04185"	"Phosphoesterase family"	55	325	"4.9E-10"	"IPR007312"	"Phosphoesterase"	"GO:0016788"
"PPA0571"	423	"Pfam"	"PF05694"	"56kDa selenium binding protein (SBP56)"	202	337	"5.5E-5"	"IPR008826"	"Selenium-binding protein"	"GO:0008430"
"PPA0572"	323	"Pfam"	"PF02401"	"LytB protein"	13	288	"1.4E-88"	"IPR003451"	"4-hydroxy-3-methylbut-2-enyl diphosphate reductase"	"GO:0019288|GO:0046872|GO:0050992|GO:0051745"
"PPA0573"	406	"Pfam"	"PF02646"	"RmuC family"	89	375	"1.0E-84"	"IPR003798"	"DNA recombination RmuC"	"-"
"PPA0574"	428	"Pfam"	"PF02127"	"Aminopeptidase I zinc metalloprotease (M18)"	21	424	"2.8E-115"	"IPR001948"	"Peptidase M18"	"GO:0004177|GO:0006508|GO:0008270"
"PPA0575"	357	"Pfam"	"PF01926"	"50S ribosome-binding GTPase"	5	116	"7.8E-22"	"IPR006073"	"GTP binding domain"	"GO:0005525"
"PPA0575"	357	"Pfam"	"PF06071"	"Protein of unknown function (DUF933)"	273	356	"3.4E-37"	"IPR013029"	"YchF, C-terminal domain"	"-"
"PPA0576"	245	"Pfam"	"PF05066"	"HB1, ASXL, restriction endonuclease HTH domain"	1	50	"6.2E-10"	"IPR007759"	"ASXL, HARE-HTH domain"	"GO:0006355"
"PPA0578"	408	"Pfam"	"PF07690"	"Major Facilitator Superfamily"	25	267	"1.4E-13"	"IPR011701"	"Major facilitator superfamily"	"GO:0022857|GO:0055085"
"PPA0579"	205	"Pfam"	"PF01047"	"MarR family"	98	155	"1.1E-12"	"IPR000835"	"MarR-type HTH domain"	"GO:0003700|GO:0006355"
"PPA0580"	142	"Pfam"	"PF02566"	"OsmC-like protein"	42	137	"7.7E-19"	"IPR003718"	"OsmC/Ohr family"	"-"
"PPA0581"	229	"Pfam"	"PF01965"	"DJ-1/PfpI family"	26	222	"1.2E-10"	"IPR002818"	"DJ-1/PfpI"	"-"
"PPA0582"	493	"Pfam"	"PF13520"	"Amino acid permease"	24	430	"4.8E-65"	"IPR002293"	"Amino acid/polyamine transporter I"	"GO:0016020|GO:0022857|GO:0055085"
"PPA0583"	414	"Pfam"	"PF02274"	"Arginine deiminase"	36	409	"4.0E-125"	"-"	"-"	""
"PPA0584"	334	"Pfam"	"PF02729"	"Aspartate/ornithine carbamoyltransferase, carbamoyl-P binding domain"	8	148	"1.1E-45"	"IPR006132"	"Aspartate/ornithine carbamoyltransferase, carbamoyl-P binding"	"GO:0006520|GO:0016743"
"PPA0584"	334	"Pfam"	"PF00185"	"Aspartate/ornithine carbamoyltransferase, Asp/Orn binding domain"	156	331	"4.2E-50"	"IPR006131"	"Aspartate/ornithine carbamoyltransferase, Asp/Orn-binding domain"	"GO:0006520|GO:0016597|GO:0016743"
"PPA0585"	301	"Pfam"	"PF00696"	"Amino acid kinase family"	1	282	"3.1E-28"	"IPR001048"	"Aspartate/glutamate/uridylate kinase"	"-"
"PPA0586"	187	"Pfam"	"PF02863"	"Arginine repressor, C-terminal domain"	107	171	"2.0E-20"	"IPR020899"	"Arginine repressor, C-terminal"	"GO:0034618|GO:0051259"
"PPA0586"	187	"Pfam"	"PF01316"	"Arginine repressor, DNA binding domain"	19	84	"9.7E-18"	"IPR020900"	"Arginine repressor, DNA-binding domain"	"GO:0003700|GO:0006355|GO:0006525"
"PPA0587"	220	"Pfam"	"PF01981"	"Peptidyl-tRNA hydrolase PTH2"	135	185	"5.3E-5"	"IPR002833"	"Peptidyl-tRNA hydrolase, PTH2"	"GO:0004045"
"PPA0588"	172	"Pfam"	"PF13740"	"ACT domain"	3	66	"1.1E-15"	"-"	"-"	""
"PPA0588"	172	"Pfam"	"PF13740"	"ACT domain"	89	166	"3.3E-5"	"-"	"-"	""
"PPA0589"	322	"Pfam"	"PF00248"	"Aldo/keto reductase family"	13	315	"4.2E-58"	"IPR023210"	"NADP-dependent oxidoreductase domain"	"-"
"PPA0590"	167	"Pfam"	"PF08534"	"Redoxin"	19	161	"1.4E-27"	"IPR013740"	"Redoxin"	"GO:0016491"
"PPA0591"	474	"Pfam"	"PF00324"	"Amino acid permease"	13	463	"0.0"	"IPR004841"	"Amino acid permease/ SLC12A domain"	"GO:0016020|GO:0055085"
"PPA0592"	411	"Pfam"	"PF00128"	"Alpha amylase, catalytic domain"	48	313	"5.8E-43"	"IPR006047"	"Glycosyl hydrolase, family 13, catalytic domain"	"GO:0005975"
"PPA0593"	388	"Pfam"	"PF00984"	"UDP-glucose/GDP-mannose dehydrogenase family, central domain"	192	281	"1.3E-26"	"IPR014026"	"UDP-glucose/GDP-mannose dehydrogenase, dimerisation"	"GO:0016616|GO:0051287"
"PPA0593"	388	"Pfam"	"PF03721"	"UDP-glucose/GDP-mannose dehydrogenase family, NAD binding domain"	1	168	"4.8E-31"	"IPR001732"	"UDP-glucose/GDP-mannose dehydrogenase, N-terminal"	"GO:0016616|GO:0051287"
"PPA0594"	312	"Pfam"	"PF12146"	"Serine aminopeptidase, S33"	27	292	"2.4E-35"	"IPR022742"	"Serine aminopeptidase, S33"	"-"
"PPA0595"	636	"Pfam"	"PF01642"	"Methylmalonyl-CoA mutase"	64	517	"1.2E-100"	"IPR006099"	"Methylmalonyl-CoA mutase, alpha/beta chain, catalytic"	"GO:0016866|GO:0031419"
"PPA0596"	729	"Pfam"	"PF01642"	"Methylmalonyl-CoA mutase"	39	557	"0.0"	"IPR006099"	"Methylmalonyl-CoA mutase, alpha/beta chain, catalytic"	"GO:0016866|GO:0031419"
"PPA0596"	729	"Pfam"	"PF02310"	"B12 binding domain"	599	708	"6.1E-14"	"IPR006158"	"Cobalamin (vitamin B12)-binding domain"	"GO:0031419|GO:0046872"
"PPA0597"	348	"Pfam"	"PF03308"	"Methylmalonyl Co-A mutase-associated GTPase MeaB"	26	297	"1.5E-100"	"-"	"-"	""
"PPA0598"	490	"Pfam"	"PF00082"	"Subtilase family"	185	466	"9.1E-60"	"IPR000209"	"Peptidase S8/S53 domain"	"GO:0006508|GO:0008236"
"PPA0599"	76	"Pfam"	"PF13275"	"S4 domain"	3	61	"5.2E-24"	"-"	"-"	""
"PPA0600"	266	"Pfam"	"PF00005"	"ABC transporter"	30	191	"5.6E-32"	"IPR003439"	"ABC transporter-like, ATP-binding domain"	"GO:0005524"
"PPA0601"	182	"Pfam"	"PF00528"	"Binding-protein-dependent transport system inner membrane component"	19	144	"3.9E-12"	"IPR000515"	"ABC transporter type 1, transmembrane domain MetI-like"	"GO:0016020|GO:0055085"
"PPA0603"	332	"Pfam"	"PF13377"	"Periplasmic binding protein-like domain"	173	329	"1.5E-29"	"IPR046335"	"Transcriptional regulator LacI/GalR-like, sensor domain"	"-"
"PPA0603"	332	"Pfam"	"PF00356"	"Bacterial regulatory proteins, lacI family"	6	51	"1.3E-16"	"IPR000843"	"LacI-type HTH domain"	"GO:0003677|GO:0006355"
"PPA0604"	406	"Pfam"	"PF01547"	"Bacterial extracellular solute-binding protein"	68	264	"6.1E-24"	"IPR006059"	"Bacterial extracellular solute-binding protein"	"-"
"PPA0605"	161	"Pfam"	"PF00528"	"Binding-protein-dependent transport system inner membrane component"	8	142	"5.0E-10"	"IPR000515"	"ABC transporter type 1, transmembrane domain MetI-like"	"GO:0016020|GO:0055085"
"PPA0606"	296	"Pfam"	"PF00528"	"Binding-protein-dependent transport system inner membrane component"	112	289	"5.7E-14"	"IPR000515"	"ABC transporter type 1, transmembrane domain MetI-like"	"GO:0016020|GO:0055085"
"PPA0607"	456	"Pfam"	"PF01120"	"Alpha-L-fucosidase"	25	364	"2.1E-82"	"IPR000933"	"Glycoside hydrolase, family 29"	"GO:0004560|GO:0005975"
"PPA0608"	191	"Pfam"	"PF07881"	"L-fucose isomerase, first N-terminal domain"	2	94	"3.9E-24"	"IPR012888"	"L-fucose isomerase, N-terminal-1"	"GO:0005737|GO:0006004|GO:0008736"
"PPA0608"	191	"Pfam"	"PF07882"	"L-fucose isomerase, second N-terminal domain"	96	161	"1.4E-22"	"IPR012889"	"L-fucose isomerase, N-terminal-2"	"GO:0005737|GO:0006004|GO:0008736"
"PPA0609"	351	"Pfam"	"PF02952"	"L-fucose isomerase, C-terminal domain"	157	317	"9.4E-30"	"IPR015888"	"L-fucose isomerase, C-terminal"	"GO:0005737|GO:0006004|GO:0008736"
"PPA0609"	351	"Pfam"	"PF07882"	"L-fucose isomerase, second N-terminal domain"	5	118	"2.6E-44"	"IPR012889"	"L-fucose isomerase, N-terminal-2"	"GO:0005737|GO:0006004|GO:0008736"
"PPA0610"	98	"Pfam"	"PF00596"	"Class II Aldolase and Adducin N-terminal domain"	9	69	"1.9E-11"	"IPR001303"	"Class II aldolase/adducin N-terminal"	"-"
"PPA0612"	254	"Pfam"	"PF00005"	"ABC transporter"	51	199	"3.5E-26"	"IPR003439"	"ABC transporter-like, ATP-binding domain"	"GO:0005524"
"PPA0615"	284	"Pfam"	"PF00950"	"ABC 3 transport family"	19	268	"2.3E-41"	"IPR001626"	"ABC transporter, TroCD-like"	"GO:0005887|GO:0043190|GO:0055085"
"PPA0616"	267	"Pfam"	"PF00005"	"ABC transporter"	23	166	"6.2E-27"	"IPR003439"	"ABC transporter-like, ATP-binding domain"	"GO:0005524"
"PPA0617"	305	"Pfam"	"PF01297"	"Zinc-uptake complex component A periplasmic"	41	302	"1.9E-44"	"IPR006127"	"Periplasmic solute binding protein, ZnuA-like"	"GO:0030001|GO:0046872"
"PPA0618"	183	"Pfam"	"PF00857"	"Isochorismatase family"	4	164	"6.3E-22"	"IPR000868"	"Isochorismatase-like"	"-"
"PPA0619"	487	"Pfam"	"PF02133"	"Permease for cytosine/purines, uracil, thiamine, allantoin"	24	419	"7.5E-37"	"IPR001248"	"Purine-cytosine permease"	"GO:0016020|GO:0022857|GO:0055085"
"PPA0620"	1152	"Pfam"	"PF00171"	"Aldehyde dehydrogenase family"	515	937	"1.6E-86"	"IPR015590"	"Aldehyde dehydrogenase domain"	"GO:0016491"
"PPA0620"	1152	"Pfam"	"PF01619"	"Proline dehydrogenase"	142	434	"6.1E-58"	"IPR002872"	"Proline dehydrogenase domain"	"-"
"PPA0621"	349	"Pfam"	"PF00107"	"Zinc-binding dehydrogenase"	182	307	"1.0E-15"	"IPR013149"	"Alcohol dehydrogenase-like, C-terminal"	"-"
"PPA0621"	349	"Pfam"	"PF08240"	"Alcohol dehydrogenase GroES-like domain"	28	133	"7.1E-28"	"IPR013154"	"Alcohol dehydrogenase, N-terminal"	"-"
"PPA0622"	576	"Pfam"	"PF02734"	"DAK2 domain"	388	555	"2.2E-43"	"IPR004007"	"DhaL domain"	"GO:0004371|GO:0006071"
"PPA0622"	576	"Pfam"	"PF02733"	"Dak1 domain"	18	323	"9.6E-103"	"IPR004006"	"DhaK domain"	"GO:0004371|GO:0006071"
"PPA0623"	167	"Pfam"	"PF00156"	"Phosphoribosyl transferase domain"	13	159	"2.4E-28"	"IPR000836"	"Phosphoribosyltransferase domain"	"-"
"PPA0624"	166	"Pfam"	"PF13420"	"Acetyltransferase (GNAT) domain"	5	155	"5.1E-17"	"-"	"-"	""
"PPA0625"	554	"Pfam"	"PF05222"	"Alanine dehydrogenase/PNT, N-terminal domain"	43	175	"2.8E-46"	"IPR007886"	"Alanine dehydrogenase/pyridine nucleotide transhydrogenase, N-terminal"	"-"
"PPA0625"	554	"Pfam"	"PF12769"	"4TM region of pyridine nucleotide transhydrogenase, mitoch"	472	553	"4.7E-33"	"IPR024605"	"NAD(P) transhydrogenase, alpha subunit, C-terminal"	"-"
"PPA0625"	554	"Pfam"	"PF01262"	"Alanine dehydrogenase/PNT, C-terminal domain"	180	408	"4.3E-68"	"IPR007698"	"Alanine dehydrogenase/pyridine nucleotide transhydrogenase, NAD(H)-binding domain"	"-"
"PPA0626"	473	"Pfam"	"PF02233"	"NAD(P) transhydrogenase beta subunit"	19	471	"0.0"	"IPR034300"	"NADP transhydrogenase beta-like domain"	"-"
"PPA0627"	106	"Pfam"	"PF00037"	"4Fe-4S binding domain"	34	56	"1.3E-8"	"IPR017896"	"4Fe-4S ferredoxin-type, iron-sulphur binding domain"	"-"
"PPA0628"	367	"Pfam"	"PF00155"	"Aminotransferase class I and II"	50	365	"7.7E-37"	"IPR004839"	"Aminotransferase, class I/classII"	"GO:0009058|GO:0030170"
"PPA0630"	320	"Pfam"	"PF14602"	"Hexapeptide repeat of succinyl-transferase"	235	267	"3.8E-15"	"IPR001451"	"Hexapeptide repeat"	"-"
"PPA0630"	320	"Pfam"	"PF14789"	"Tetrahydrodipicolinate N-succinyltransferase middle"	113	153	"1.5E-12"	"IPR032784"	"2,3,4,5-tetrahydropyridine-2,6-dicarboxylate N-succinyltransferase, middle domain"	"-"
"PPA0633"	353	"Pfam"	"PF00892"	"EamA-like transporter family"	193	327	"8.4E-14"	"IPR000620"	"EamA domain"	"GO:0016020|GO:0016021"
"PPA0633"	353	"Pfam"	"PF00892"	"EamA-like transporter family"	25	165	"2.4E-9"	"IPR000620"	"EamA domain"	"GO:0016020|GO:0016021"
"PPA0634"	431	"Pfam"	"PF07690"	"Major Facilitator Superfamily"	17	378	"8.5E-33"	"IPR011701"	"Major facilitator superfamily"	"GO:0022857|GO:0055085"
"PPA0635"	202	"Pfam"	"PF00440"	"Bacterial regulatory proteins, tetR family"	16	62	"1.1E-5"	"IPR001647"	"DNA-binding HTH domain, TetR-type"	"GO:0003677"
"PPA0636"	359	"Pfam"	"PF07687"	"Peptidase dimerisation domain"	170	268	"6.8E-15"	"IPR011650"	"Peptidase M20, dimerisation domain"	"-"
"PPA0636"	359	"Pfam"	"PF01546"	"Peptidase family M20/M25/M40"	66	355	"4.2E-19"	"IPR002933"	"Peptidase M20"	"GO:0016787"
"PPA0638"	55	"Pfam"	"PF11314"	"Protein of unknown function (DUF3117)"	4	53	"3.8E-30"	"IPR021465"	"Protein of unknown function DUF3117"	"-"
"PPA0639"	394	"Pfam"	"PF00534"	"Glycosyl transferases group 1"	193	367	"3.9E-25"	"IPR001296"	"Glycosyl transferase, family 1"	"GO:0016757"
"PPA0639"	394	"Pfam"	"PF13439"	"Glycosyltransferase Family 4"	15	177	"2.5E-29"	"IPR028098"	"Glycosyltransferase subfamily 4-like, N-terminal domain"	"-"
"PPA0640"	408	"Pfam"	"PF00483"	"Nucleotidyl transferase"	10	277	"1.8E-68"	"IPR005835"	"Nucleotidyl transferase domain"	"GO:0009058|GO:0016779"
"PPA0641"	217	"Pfam"	"PF01596"	"O-methyltransferase"	29	216	"2.4E-20"	"IPR002935"	"Class I-like SAM-dependent O-methyltransferase"	"GO:0008171"
"PPA0642"	293	"Pfam"	"PF00701"	"Dihydrodipicolinate synthetase family"	6	281	"1.2E-71"	"IPR002220"	"DapA-like"	"GO:0016829"
"PPA0643"	137	"Pfam"	"PF02416"	"mttA/Hcf106 family"	5	32	"6.0E-8"	"IPR003369"	"Sec-independent protein translocase protein TatA/B/E"	"GO:0015031"
"PPA0644"	524	"Pfam"	"PF18564"	"Glycoside hydrolase family 5 C-terminal domain"	434	517	"9.6E-12"	"IPR041036"	"Glycoside hydrolase family 5, C-terminal domain"	"-"
"PPA0644"	524	"Pfam"	"PF00150"	"Cellulase (glycosyl hydrolase family 5)"	100	393	"2.5E-19"	"IPR001547"	"Glycoside hydrolase, family 5"	"GO:0004553|GO:0071704"
"PPA0645"	386	"Pfam"	"PF01883"	"Iron-sulfur cluster assembly protein"	10	81	"1.3E-18"	"IPR002744"	"MIP18 family-like"	"-"
"PPA0645"	386	"Pfam"	"PF10609"	"NUBPL iron-transfer P-loop NTPase"	115	367	"1.2E-83"	"IPR033756"	"Flagellum site-determining protein YlxH/ Fe-S cluster assembling factor NBP35"	"-"
"PPA0646"	171	"Pfam"	"PF06210"	"Protein of unknown function (DUF1003)"	45	147	"1.6E-41"	"IPR010406"	"Protein of unknown function DUF1003"	"-"
"PPA0647"	421	"Pfam"	"PF05239"	"PRC-barrel domain"	7	70	"6.9E-7"	"IPR027275"	"PRC-barrel domain"	"-"
"PPA0647"	421	"Pfam"	"PF03448"	"MgtE intracellular N domain"	175	275	"5.1E-24"	"IPR006668"	"Magnesium transporter, MgtE intracellular domain"	"-"
"PPA0647"	421	"Pfam"	"PF00571"	"CBS domain"	279	340	"0.0057"	"IPR000644"	"CBS domain"	"-"
"PPA0647"	421	"Pfam"	"PF00571"	"CBS domain"	348	402	"0.0059"	"IPR000644"	"CBS domain"	"-"
"PPA0649"	290	"Pfam"	"PF02628"	"Cytochrome oxidase assembly protein"	19	178	"1.9E-10"	"IPR003780"	"COX15/CtaA family"	"GO:0006784|GO:0016021|GO:0016653"
"PPA0650"	498	"Pfam"	"PF05195"	"Aminopeptidase P, N-terminal domain"	59	177	"2.9E-17"	"IPR007865"	"Aminopeptidase P, N-terminal"	"GO:0030145|GO:0070006"
"PPA0650"	498	"Pfam"	"PF00557"	"Metallopeptidase family M24"	229	468	"8.6E-47"	"IPR000994"	"Peptidase M24"	"-"
"PPA0651"	245	"Pfam"	"PF02591"	"C4-type zinc ribbon domain"	204	238	"3.0E-7"	"IPR003743"	"C4-type zinc ribbon domain"	"-"
"PPA0656"	404	"Pfam"	"PF01497"	"Periplasmic binding protein"	134	378	"5.8E-30"	"IPR002491"	"ABC transporter periplasmic binding domain"	"-"
"PPA0657"	344	"Pfam"	"PF01032"	"FecCD transport family"	17	339	"3.1E-83"	"IPR000522"	"ABC transporter, permease protein, BtuC-like"	"GO:0016020|GO:0022857"
"PPA0658"	257	"Pfam"	"PF00005"	"ABC transporter"	17	171	"1.3E-31"	"IPR003439"	"ABC transporter-like, ATP-binding domain"	"GO:0005524"
"PPA0659"	206	"Pfam"	"PF01257"	"Thioredoxin-like [2Fe-2S] ferredoxin"	122	200	"1.4E-5"	"-"	"-"	""
"PPA0660"	761	"Pfam"	"PF13722"	"5TM C-terminal transporter carbon starvation CstA"	498	624	"3.5E-31"	"IPR025299"	"CstA, C-terminal domain"	"-"
"PPA0660"	761	"Pfam"	"PF02554"	"Carbon starvation protein CstA"	64	439	"0.0"	"IPR003706"	"CstA, N-terminal domain"	"GO:0009267|GO:0016020"
"PPA0661"	284	"Pfam"	"PF00557"	"Metallopeptidase family M24"	47	273	"1.2E-45"	"IPR000994"	"Peptidase M24"	"-"
"PPA0663"	289	"Pfam"	"PF10708"	"Protein of unknown function (DUF2510)"	7	40	"1.9E-10"	"IPR018929"	"Domain of unknown function DUF2510"	"-"
"PPA0664"	468	"Pfam"	"PF00120"	"Glutamine synthetase, catalytic domain"	128	464	"5.3E-126"	"IPR008146"	"Glutamine synthetase, catalytic domain"	"GO:0004356|GO:0006807"
"PPA0664"	468	"Pfam"	"PF03951"	"Glutamine synthetase, beta-Grasp domain"	40	121	"4.6E-26"	"IPR008147"	"Glutamine synthetase, beta-Grasp domain"	"GO:0004356|GO:0006542|GO:0006807"
"PPA0665"	280	"Pfam"	"PF17844"	"Bacterial SCP ortholog"	176	266	"3.1E-23"	"IPR041629"	"Bacterial SCP orthologue"	"-"
"PPA0666"	983	"Pfam"	"PF03710"	"Glutamate-ammonia ligase adenylyltransferase"	591	815	"2.9E-40"	"IPR005190"	"Glutamate-ammonia ligase adenylyltransferase, repeated domain"	"GO:0008882"
"PPA0666"	983	"Pfam"	"PF03710"	"Glutamate-ammonia ligase adenylyltransferase"	83	327	"4.3E-43"	"IPR005190"	"Glutamate-ammonia ligase adenylyltransferase, repeated domain"	"GO:0008882"
"PPA0666"	983	"Pfam"	"PF08335"	"GlnD PII-uridylyltransferase"	347	485	"3.8E-32"	"IPR013546"	"PII-uridylyltransferase/Glutamine-synthetase adenylyltransferase"	"GO:0016779"
"PPA0666"	983	"Pfam"	"PF08335"	"GlnD PII-uridylyltransferase"	838	979	"5.9E-22"	"IPR013546"	"PII-uridylyltransferase/Glutamine-synthetase adenylyltransferase"	"GO:0016779"
"PPA0667"	440	"Pfam"	"PF06738"	"Putative threonine/serine exporter"	25	264	"8.3E-52"	"IPR010619"	"Putative threonine/serine exporter"	"GO:0022857|GO:0055085"
"PPA0667"	440	"Pfam"	"PF12821"	"Threonine/Serine exporter, ThrE"	290	413	"4.6E-21"	"IPR024528"	"Threonine/Serine exporter, ThrE"	"-"
"PPA0668"	393	"Pfam"	"PF01784"	"NIF3 (NGG1p interacting factor 3)"	23	371	"8.0E-73"	"IPR002678"	"DUF34/NIF3"	"-"
"PPA0669"	349	"Pfam"	"PF02698"	"DUF218 domain"	162	321	"2.0E-27"	"IPR003848"	"Domain of unknown function DUF218"	"-"
"PPA0671"	473	"Pfam"	"PF03951"	"Glutamine synthetase, beta-Grasp domain"	17	97	"1.4E-27"	"IPR008147"	"Glutamine synthetase, beta-Grasp domain"	"GO:0004356|GO:0006542|GO:0006807"
"PPA0671"	473	"Pfam"	"PF00120"	"Glutamine synthetase, catalytic domain"	105	470	"0.0"	"IPR008146"	"Glutamine synthetase, catalytic domain"	"GO:0004356|GO:0006807"
"PPA0672"	155	"Pfam"	"PF06271"	"RDD family"	37	130	"1.5E-8"	"IPR010432"	"RDD"	"-"
"PPA0673"	370	"Pfam"	"PF00534"	"Glycosyl transferases group 1"	191	335	"3.4E-25"	"IPR001296"	"Glycosyl transferase, family 1"	"GO:0016757"
"PPA0674"	202	"Pfam"	"PF09335"	"SNARE associated Golgi protein"	40	159	"1.5E-19"	"IPR032816"	"SNARE associated Golgi protein"	"-"
"PPA0675"	462	"Pfam"	"PF02378"	"Phosphotransferase system, EIIC"	27	353	"8.2E-72"	"IPR003352"	"Phosphotransferase system, EIIC"	"GO:0008982|GO:0009401|GO:0016020"
"PPA0676"	241	"Pfam"	"PF00392"	"Bacterial regulatory proteins, gntR family"	3	64	"1.6E-19"	"IPR000524"	"Transcription regulator HTH, GntR"	"GO:0003700|GO:0006355"
"PPA0676"	241	"Pfam"	"PF07702"	"UTRA domain"	85	221	"2.1E-34"	"IPR011663"	"UbiC transcription regulator-associated"	"GO:0003677|GO:0006355"
"PPA0677"	82	"Pfam"	"PF00367"	"phosphotransferase system, EIIB"	6	38	"4.1E-12"	"IPR018113"	"Phosphotransferase system EIIB, cysteine phosphorylation site"	"GO:0008982"
"PPA0678"	76	"Pfam"	"PF00367"	"phosphotransferase system, EIIB"	5	38	"6.9E-16"	"IPR018113"	"Phosphotransferase system EIIB, cysteine phosphorylation site"	"GO:0008982"
"PPA0679"	164	"Pfam"	"PF00358"	"phosphoenolpyruvate-dependent sugar phosphotransferase system, EIIA 1"	3	125	"1.8E-39"	"IPR001127"	"Phosphotransferase system, sugar-specific permease EIIA type 1"	"GO:0009401"
"PPA0680"	255	"Pfam"	"PF07274"	"Protein of unknown function (DUF1440)"	96	230	"3.6E-55"	"IPR009898"	"Protein of unknown function DUF1440"	"-"
"PPA0681"	400	"Pfam"	"PF09594"	"Glycosyltransferase family 87"	81	311	"1.4E-47"	"IPR018584"	"Glycosyltransferase family 87"	"GO:0016758"
"PPA0682"	601	"Pfam"	"PF00005"	"ABC transporter"	22	152	"1.3E-21"	"IPR003439"	"ABC transporter-like, ATP-binding domain"	"GO:0005524"
"PPA0682"	601	"Pfam"	"PF00005"	"ABC transporter"	307	442	"5.0E-24"	"IPR003439"	"ABC transporter-like, ATP-binding domain"	"GO:0005524"
"PPA0683"	256	"Pfam"	"PF13829"	"Domain of unknown function (DUF4191)"	31	250	"2.2E-79"	"IPR025445"	"Protein of unknown function DUF4191"	"-"
"PPA0684"	563	"Pfam"	"PF13088"	"BNR repeat-like domain"	304	537	"1.8E-12"	"IPR011040"	"Sialidase"	"-"
"PPA0685"	771	"Pfam"	"PF13088"	"BNR repeat-like domain"	478	729	"1.8E-18"	"IPR011040"	"Sialidase"	"-"
"PPA0685"	771	"Pfam"	"PF13385"	"Concanavalin A-like lectin/glucanases superfamily"	202	322	"2.6E-7"	"-"	"-"	""
"PPA0686"	510	"Pfam"	"PF07690"	"Major Facilitator Superfamily"	302	475	"4.6E-10"	"IPR011701"	"Major facilitator superfamily"	"GO:0022857|GO:0055085"
"PPA0686"	510	"Pfam"	"PF00083"	"Sugar (and other) transporter"	31	228	"9.2E-27"	"IPR005828"	"Major facilitator,  sugar transporter-like"	"GO:0016021|GO:0022857|GO:0055085"
"PPA0687"	267	"Pfam"	"PF07373"	"CAMP factor (Cfa)"	41	258	"2.3E-63"	"IPR010860"	"CAMP factor"	"-"
"PPA0689"	330	"Pfam"	"PF16881"	"N-terminal domain of lipoyl synthase of Radical_SAM family"	25	60	"4.2E-6"	"IPR031691"	"Lipoyl synthase, N-terminal"	"-"
"PPA0689"	330	"Pfam"	"PF04055"	"Radical SAM superfamily"	81	234	"1.4E-10"	"IPR007197"	"Radical SAM"	"GO:0003824|GO:0051536"
"PPA0690"	747	"Pfam"	"PF00122"	"E1-E2 ATPase"	242	417	"5.9E-48"	"-"	"-"	""
"PPA0690"	747	"Pfam"	"PF00702"	"haloacid dehalogenase-like hydrolase"	437	652	"4.9E-46"	"-"	"-"	""
"PPA0690"	747	"Pfam"	"PF00403"	"Heavy-metal-associated domain"	22	77	"3.2E-11"	"IPR006121"	"Heavy metal-associated domain, HMA"	"GO:0046872"
"PPA0691"	645	"Pfam"	"PF09678"	"Cytochrome c oxidase caa3 assembly factor (Caa3_CtaG)"	354	599	"1.3E-60"	"IPR019108"	"Cytochrome c oxidase caa3-type, assembly factor CtaG-related"	"-"
"PPA0693"	457	"Pfam"	"PF00364"	"Biotin-requiring enzyme"	4	76	"8.2E-22"	"IPR000089"	"Biotin/lipoyl attachment"	"-"
"PPA0693"	457	"Pfam"	"PF00198"	"2-oxoacid dehydrogenases acyltransferase (catalytic domain)"	223	450	"1.9E-75"	"IPR001078"	"2-oxoacid dehydrogenase acyltransferase, catalytic domain"	"GO:0016746"
"PPA0693"	457	"Pfam"	"PF02817"	"e3 binding domain"	140	175	"4.1E-16"	"IPR004167"	"Peripheral subunit-binding domain"	"GO:0016746"
"PPA0694"	524	"Pfam"	"PF02789"	"Cytosol aminopeptidase family, N-terminal domain"	70	168	"8.9E-11"	"IPR008283"	"Peptidase M17, leucyl aminopeptidase, N-terminal"	"GO:0006508|GO:0070006"
"PPA0694"	524	"Pfam"	"PF00883"	"Cytosol aminopeptidase family, catalytic domain"	209	516	"4.4E-112"	"IPR000819"	"Peptidase M17, leucyl aminopeptidase, C-terminal"	"GO:0006508|GO:0070006"
"PPA0697"	251	"Pfam"	"PF11241"	"Protein of unknown function (DUF3043)"	87	247	"3.6E-42"	"IPR021403"	"Protein of unknown function DUF3043"	"-"
"PPA0698"	267	"Pfam"	"PF04012"	"PspA/IM30 family"	3	231	"1.9E-31"	"IPR007157"	"PspA/IM30"	"-"
"PPA0700"	117	"Pfam"	"PF01521"	"Iron-sulphur cluster biosynthesis"	13	114	"1.6E-20"	"IPR000361"	"FeS cluster biogenesis"	"-"
"PPA0701"	302	"Pfam"	"PF00116"	"Cytochrome C oxidase subunit II, periplasmic domain"	150	260	"3.5E-20"	"IPR002429"	"Cytochrome c oxidase subunit II-like C-terminal"	"GO:0004129|GO:0005507|GO:0016020"
"PPA0702"	572	"Pfam"	"PF00115"	"Cytochrome C and Quinol oxidase polypeptide I"	40	484	"0.0"	"IPR000883"	"Cytochrome c oxidase subunit I"	"GO:0004129|GO:0009060|GO:0016021|GO:0020037"
"PPA0703"	131	"Pfam"	"PF12270"	"Cytochrome c oxidase subunit IV"	1	129	"1.7E-43"	"IPR021050"	"Cytochrome c oxidase subunit IV, actinobacteria"	"GO:0004129|GO:0016021"
"PPA0705"	185	"Pfam"	"PF00005"	"ABC transporter"	1	133	"2.7E-27"	"IPR003439"	"ABC transporter-like, ATP-binding domain"	"GO:0005524"
"PPA0707"	204	"Pfam"	"PF13460"	"NAD(P)H-binding"	2	183	"9.9E-31"	"IPR016040"	"NAD(P)-binding domain"	"-"
"PPA0708"	486	"Pfam"	"PF00478"	"IMP dehydrogenase / GMP reductase domain"	12	480	"7.6E-94"	"IPR001093"	"IMP dehydrogenase/GMP reductase"	"GO:0003824"
"PPA0708"	486	"Pfam"	"PF00571"	"CBS domain"	98	135	"1.7E-7"	"IPR000644"	"CBS domain"	"-"
"PPA0708"	486	"Pfam"	"PF00571"	"CBS domain"	149	199	"1.7E-4"	"IPR000644"	"CBS domain"	"-"
"PPA0709"	105	"Pfam"	"PF01035"	"6-O-methylguanine DNA methyltransferase, DNA binding domain"	7	65	"5.2E-10"	"IPR014048"	"Methylated-DNA-[protein]-cysteine S-methyltransferase, DNA binding"	"GO:0003824|GO:0006281"
"PPA0710"	559	"Pfam"	"PF13631"	"Cytochrome b(N-terminal)/b6/petB"	133	306	"8.4E-58"	"IPR005797"	"Cytochrome b/b6, N-terminal"	"GO:0009055|GO:0016020|GO:0016491"
"PPA0711"	350	"Pfam"	"PF00355"	"Rieske [2Fe-2S] domain"	251	313	"6.2E-9"	"IPR017941"	"Rieske [2Fe-2S] iron-sulphur domain"	"GO:0051537"
"PPA0711"	350	"Pfam"	"PF19297"	"QcrA subunit N-terminal region"	22	187	"6.3E-27"	"IPR045603"	"QcrA subunit, N-terminal"	"-"
"PPA0712"	267	"Pfam"	"PF13442"	"Cytochrome C oxidase, cbb3-type, subunit III"	145	218	"1.8E-11"	"IPR009056"	"Cytochrome c-like domain"	"GO:0009055|GO:0020037"
"PPA0712"	267	"Pfam"	"PF00034"	"Cytochrome c"	48	124	"1.3E-9"	"IPR009056"	"Cytochrome c-like domain"	"GO:0009055|GO:0020037"
"PPA0713"	193	"Pfam"	"PF00510"	"Cytochrome c oxidase subunit III"	1	191	"1.1E-21"	"IPR000298"	"Cytochrome c oxidase subunit III-like"	"GO:0004129|GO:0016020"
"PPA0717"	371	"Pfam"	"PF17258"	"Family of unknown function (DUF5324)"	18	201	"1.1E-6"	"IPR035214"	"Protein of unknown function DUF5324"	"-"
"PPA0718"	170	"Pfam"	"PF00160"	"Cyclophilin type peptidyl-prolyl cis-trans isomerase/CLD"	6	168	"1.2E-46"	"IPR002130"	"Cyclophilin-type peptidyl-prolyl cis-trans isomerase domain"	"GO:0000413|GO:0003755"
"PPA0719"	214	"Pfam"	"PF01694"	"Rhomboid family"	53	185	"2.0E-10"	"IPR022764"	"Peptidase S54, rhomboid domain"	"GO:0004252|GO:0016021"
"PPA0720"	633	"Pfam"	"PF00929"	"Exonuclease"	70	225	"3.0E-28"	"IPR013520"	"Exonuclease, RNase T/DNA polymerase III"	"-"
"PPA0721"	385	"Pfam"	"PF00877"	"NlpC/P60 family"	284	376	"4.1E-26"	"IPR000064"	"Endopeptidase, NLPC/P60 domain"	"-"
"PPA0722"	356	"Pfam"	"PF00480"	"ROK family"	4	313	"1.3E-82"	"IPR000600"	"ROK family"	"-"
"PPA0724"	251	"Pfam"	"PF01553"	"Acyltransferase"	21	153	"1.5E-24"	"IPR002123"	"Phospholipid/glycerol acyltransferase"	"GO:0016746"
"PPA0726"	472	"Pfam"	"PF01474"	"Class-II DAHP synthetase family"	19	448	"0.0"	"IPR002480"	"DAHP synthetase, class II"	"GO:0003849|GO:0009073"
"PPA0727"	215	"Pfam"	"PF13483"	"Beta-lactamase superfamily domain"	2	168	"7.7E-21"	"-"	"-"	""
"PPA0728"	318	"Pfam"	"PF00892"	"EamA-like transporter family"	12	137	"1.3E-12"	"IPR000620"	"EamA domain"	"GO:0016020|GO:0016021"
"PPA0728"	318	"Pfam"	"PF00892"	"EamA-like transporter family"	150	283	"1.7E-15"	"IPR000620"	"EamA domain"	"GO:0016020|GO:0016021"
"PPA0729"	470	"Pfam"	"PF00069"	"Protein kinase domain"	15	272	"8.3E-45"	"IPR000719"	"Protein kinase domain"	"GO:0004672|GO:0005524|GO:0006468"
"PPA0730"	147	"Pfam"	"PF00545"	"ribonuclease"	65	144	"4.5E-22"	"IPR000026"	"Guanine-specific ribonuclease N1/T1/U2"	"GO:0003723|GO:0004521"
"PPA0731"	132	"Pfam"	"PF01337"	"Barstar (barnase inhibitor)"	53	118	"4.1E-16"	"IPR000468"	"Barstar (barnase inhibitor)"	"-"
"PPA0732"	365	"Pfam"	"PF00348"	"Polyprenyl synthetase"	46	314	"2.4E-54"	"IPR000092"	"Polyprenyl synthetase"	"GO:0008299"
"PPA0733"	753	"Pfam"	"PF13245"	"AAA domain"	201	555	"5.2E-13"	"-"	"-"	""
"PPA0735"	155	"Pfam"	"PF12697"	"Alpha/beta hydrolase family"	10	139	"1.1E-11"	"IPR000073"	"Alpha/beta hydrolase fold-1"	"-"
"PPA0737"	152	"Pfam"	"PF00011"	"Hsp20/alpha crystallin family"	33	128	"3.7E-22"	"IPR002068"	"Alpha crystallin/Hsp20 domain"	"-"
"PPA0738"	456	"Pfam"	"PF02447"	"GntP family permease"	15	455	"0.0"	"IPR003474"	"Gluconate transporter"	"GO:0015128|GO:0016020|GO:0035429"
"PPA0739"	159	"Pfam"	"PF01202"	"Shikimate kinase"	20	126	"1.9E-10"	"IPR031322"	"Shikimate kinase/gluconokinase"	"-"
"PPA0740"	235	"Pfam"	"PF07729"	"FCD domain"	101	219	"9.7E-23"	"IPR011711"	"GntR, C-terminal"	"-"
"PPA0740"	235	"Pfam"	"PF00392"	"Bacterial regulatory proteins, gntR family"	15	70	"5.4E-11"	"IPR000524"	"Transcription regulator HTH, GntR"	"GO:0003700|GO:0006355"
"PPA0741"	276	"Pfam"	"PF07729"	"FCD domain"	134	249	"4.2E-20"	"IPR011711"	"GntR, C-terminal"	"-"
"PPA0741"	276	"Pfam"	"PF00392"	"Bacterial regulatory proteins, gntR family"	41	102	"3.6E-9"	"IPR000524"	"Transcription regulator HTH, GntR"	"GO:0003700|GO:0006355"
"PPA0742"	994	"Pfam"	"PF02347"	"Glycine cleavage system P-protein"	472	744	"2.8E-7"	"IPR020581"	"Glycine cleavage system P protein"	"GO:0004375|GO:0006546"
"PPA0742"	994	"Pfam"	"PF02347"	"Glycine cleavage system P-protein"	20	456	"0.0"	"IPR020581"	"Glycine cleavage system P protein"	"GO:0004375|GO:0006546"
"PPA0743"	123	"Pfam"	"PF01597"	"Glycine cleavage H-protein"	6	120	"8.2E-40"	"IPR033753"	"Glycine cleavage system H-protein/Simiate"	"-"
"PPA0744"	371	"Pfam"	"PF01571"	"Aminomethyltransferase folate-binding domain"	10	266	"1.0E-86"	"IPR006222"	"Aminomethyltransferase, folate-binding domain"	"-"
"PPA0744"	371	"Pfam"	"PF08669"	"Glycine cleavage T-protein C-terminal barrel domain"	291	369	"2.9E-21"	"IPR013977"	"Glycine cleavage T-protein, C-terminal barrel domain"	"-"
"PPA0746"	737	"Pfam"	"PF11992"	"TgpA N-terminal domain"	38	395	"2.0E-39"	"IPR021878"	"Protein-glutamine gamma-glutamyltransferase TgpA, N-terminal"	"-"
"PPA0746"	737	"Pfam"	"PF01841"	"Transglutaminase-like superfamily"	423	539	"1.8E-25"	"IPR002931"	"Transglutaminase-like"	"-"
"PPA0747"	380	"Pfam"	"PF01882"	"Protein of unknown function DUF58"	169	247	"6.3E-18"	"IPR002881"	"Domain of unknown function DUF58"	"-"
"PPA0748"	347	"Pfam"	"PF17863"	"AAA lid domain"	257	314	"2.8E-21"	"IPR041628"	"ChlI/MoxR, AAA lid domain"	"-"
"PPA0748"	347	"Pfam"	"PF07726"	"ATPase family associated with various cellular activities (AAA)"	64	193	"8.5E-62"	"IPR011703"	"ATPase, AAA-3"	"GO:0005524|GO:0016887"
"PPA0749"	160	"Pfam"	"PF02381"	"MraZ protein, putative antitoxin-like"	91	155	"7.7E-18"	"IPR020603"	"MraZ domain"	"-"
"PPA0749"	160	"Pfam"	"PF02381"	"MraZ protein, putative antitoxin-like"	20	88	"2.7E-15"	"IPR020603"	"MraZ domain"	"-"
"PPA0750"	337	"Pfam"	"PF01795"	"MraW methylase family"	13	321	"5.3E-105"	"IPR002903"	"Ribosomal RNA small subunit methyltransferase H"	"GO:0008168"
"PPA0752"	641	"Pfam"	"PF03717"	"Penicillin-binding Protein dimerisation domain"	98	270	"8.2E-11"	"IPR005311"	"Penicillin-binding protein, dimerisation domain"	"GO:0008658"
"PPA0752"	641	"Pfam"	"PF00905"	"Penicillin binding protein transpeptidase domain"	316	616	"2.4E-74"	"IPR001460"	"Penicillin-binding protein, transpeptidase"	"GO:0008658"
"PPA0753"	499	"Pfam"	"PF02875"	"Mur ligase family, glutamate ligase domain"	328	413	"3.5E-20"	"IPR004101"	"Mur ligase, C-terminal"	"GO:0005524|GO:0009058|GO:0016874"
"PPA0753"	499	"Pfam"	"PF08245"	"Mur ligase middle domain"	104	308	"1.8E-49"	"IPR013221"	"Mur ligase, central"	"GO:0005524|GO:0009058"
"PPA0753"	499	"Pfam"	"PF01225"	"Mur ligase family, catalytic domain"	16	89	"1.4E-10"	"IPR000713"	"Mur ligase, N-terminal catalytic domain"	"GO:0005524|GO:0009058"
"PPA0754"	485	"Pfam"	"PF02875"	"Mur ligase family, glutamate ligase domain"	338	425	"1.5E-12"	"IPR004101"	"Mur ligase, C-terminal"	"GO:0005524|GO:0009058|GO:0016874"
"PPA0754"	485	"Pfam"	"PF08245"	"Mur ligase middle domain"	110	307	"5.9E-35"	"IPR013221"	"Mur ligase, central"	"GO:0005524|GO:0009058"
"PPA0754"	485	"Pfam"	"PF01225"	"Mur ligase family, catalytic domain"	28	72	"7.7E-10"	"IPR000713"	"Mur ligase, N-terminal catalytic domain"	"GO:0005524|GO:0009058"
"PPA0755"	356	"Pfam"	"PF00953"	"Glycosyl transferase family 4"	82	274	"1.7E-35"	"IPR000715"	"Glycosyl transferase, family 4"	"GO:0008963|GO:0016021"
"PPA0756"	493	"Pfam"	"PF08245"	"Mur ligase middle domain"	133	321	"3.4E-19"	"IPR013221"	"Mur ligase, central"	"GO:0005524|GO:0009058"
"PPA0756"	493	"Pfam"	"PF02875"	"Mur ligase family, glutamate ligase domain"	344	410	"6.4E-7"	"IPR004101"	"Mur ligase, C-terminal"	"GO:0005524|GO:0009058|GO:0016874"
"PPA0757"	440	"Pfam"	"PF01098"	"Cell cycle protein"	62	410	"6.4E-78"	"IPR001182"	"Probable peptidoglycan glycosyltransferase FtsW/RodA"	"GO:0016021|GO:0051301"
"PPA0758"	372	"Pfam"	"PF03033"	"Glycosyltransferase family 28 N-terminal domain"	4	137	"4.2E-39"	"IPR004276"	"Glycosyltransferase family 28, N-terminal domain"	"GO:0005975|GO:0016758|GO:0030259"
"PPA0758"	372	"Pfam"	"PF04101"	"Glycosyltransferase family 28 C-terminal domain"	193	343	"4.2E-30"	"IPR007235"	"Glycosyl transferase, family 28, C-terminal"	"GO:0016758"
"PPA0759"	471	"Pfam"	"PF08245"	"Mur ligase middle domain"	120	300	"2.4E-24"	"IPR013221"	"Mur ligase, central"	"GO:0005524|GO:0009058"
"PPA0759"	471	"Pfam"	"PF01225"	"Mur ligase family, catalytic domain"	18	113	"2.0E-21"	"IPR000713"	"Mur ligase, N-terminal catalytic domain"	"GO:0005524|GO:0009058"
"PPA0759"	471	"Pfam"	"PF02875"	"Mur ligase family, glutamate ligase domain"	323	408	"2.6E-22"	"IPR004101"	"Mur ligase, C-terminal"	"GO:0005524|GO:0009058|GO:0016874"
"PPA0760"	237	"Pfam"	"PF03799"	"Cell division protein FtsQ"	126	215	"1.9E-4"	"IPR005548"	"Cell division protein FtsQ/DivIB, C-terminal"	"-"
"PPA0760"	237	"Pfam"	"PF08478"	"POTRA domain, FtsQ-type"	50	115	"5.2E-15"	"IPR013685"	"POTRA domain, FtsQ-type"	"-"
"PPA0761"	417	"Pfam"	"PF12327"	"FtsZ family, C-terminal domain"	220	314	"1.7E-34"	"IPR024757"	"Cell division protein FtsZ, C-terminal"	"-"
"PPA0761"	417	"Pfam"	"PF00091"	"Tubulin/FtsZ family, GTPase domain"	12	171	"7.7E-40"	"IPR003008"	"Tubulin/FtsZ, GTPase domain"	"GO:0005525"
"PPA0762"	261	"Pfam"	"PF02578"	"Multi-copper polyphenol oxidoreductase laccase"	33	255	"8.7E-58"	"IPR003730"	"Multi-copper polyphenol oxidoreductase"	"-"
"PPA0763"	172	"Pfam"	"PF04472"	"Cell division protein SepF"	84	155	"6.5E-26"	"IPR007561"	"Cell division protein SepF/SepF-related"	"GO:0090529"
"PPA0764"	96	"Pfam"	"PF02325"	"YGGT family"	10	89	"3.2E-13"	"IPR003425"	"CCB3/YggT"	"GO:0016020"
"PPA0766"	146	"Pfam"	"PF01258"	"Prokaryotic dksA/traR C4-type zinc finger"	113	145	"1.6E-12"	"IPR000962"	"Zinc finger, DksA/TraR C4-type"	"GO:0008270"
"PPA0767"	182	"Pfam"	"PF01252"	"Signal peptidase (SPase) II"	38	173	"2.4E-28"	"IPR001872"	"Peptidase A8, signal peptidase II"	"GO:0004190|GO:0006508|GO:0016020"
"PPA0768"	306	"Pfam"	"PF00849"	"RNA pseudouridylate synthase"	88	242	"7.9E-33"	"IPR006145"	"Pseudouridine synthase, RsuA/RluA-like"	"GO:0001522|GO:0003723|GO:0009451|GO:0009982"
"PPA0768"	306	"Pfam"	"PF01479"	"S4 domain"	14	58	"3.1E-5"	"IPR002942"	"RNA-binding S4 domain"	"GO:0003723"
"PPA0769"	477	"Pfam"	"PF02887"	"Pyruvate kinase, alpha/beta domain"	361	471	"8.2E-27"	"IPR015795"	"Pyruvate kinase, C-terminal"	"-"
"PPA0769"	477	"Pfam"	"PF00224"	"Pyruvate kinase, barrel domain"	1	340	"3.6E-122"	"IPR015793"	"Pyruvate kinase, barrel"	"GO:0000287|GO:0004743|GO:0006096|GO:0030955"
"PPA0770"	143	"Pfam"	"PF02537"	"CrcB-like protein, Camphor Resistance (CrcB)"	17	130	"4.1E-19"	"IPR003691"	"Putative fluoride ion transporter CrcB"	"GO:0016021"
"PPA0771"	123	"Pfam"	"PF02537"	"CrcB-like protein, Camphor Resistance (CrcB)"	4	116	"3.6E-20"	"IPR003691"	"Putative fluoride ion transporter CrcB"	"GO:0016021"
"PPA0772"	210	"Pfam"	"PF03861"	"ANTAR domain"	151	203	"8.4E-21"	"IPR005561"	"ANTAR domain"	"GO:0003723"
"PPA0772"	210	"Pfam"	"PF00072"	"Response regulator receiver domain"	23	132	"6.7E-28"	"IPR001789"	"Signal transduction response regulator, receiver domain"	"GO:0000160"
"PPA0773"	137	"Pfam"	"PF03061"	"Thioesterase superfamily"	50	128	"8.3E-13"	"IPR006683"	"Thioesterase domain"	"-"
"PPA0774"	931	"Pfam"	"PF02739"	"5'-3' exonuclease, N-terminal resolvase-like domain"	48	214	"7.4E-51"	"IPR020046"	"5'-3' exonuclease, alpha-helical arch, N-terminal"	"GO:0003677"
"PPA0774"	931	"Pfam"	"PF01367"	"5'-3' exonuclease, C-terminal SAM fold"	216	309	"4.9E-21"	"IPR020045"	"DNA polymerase I-like, H3TH domain"	"GO:0003677|GO:0003824"
"PPA0774"	931	"Pfam"	"PF00476"	"DNA polymerase family A"	554	927	"0.0"	"IPR001098"	"DNA-directed DNA polymerase, family A, palm domain"	"GO:0003677|GO:0003887|GO:0006260"
"PPA0775"	809	"Pfam"	"PF13534"	"4Fe-4S dicluster domain"	406	478	"7.8E-9"	"-"	"-"	""
"PPA0775"	809	"Pfam"	"PF02754"	"Cysteine-rich domain"	704	782	"0.0016"	"IPR004017"	"Cysteine-rich domain"	"-"
"PPA0775"	809	"Pfam"	"PF02754"	"Cysteine-rich domain"	573	661	"0.21"	"IPR004017"	"Cysteine-rich domain"	"-"
"PPA0775"	809	"Pfam"	"PF02913"	"FAD linked oxidases, C-terminal domain"	136	381	"1.7E-49"	"IPR004113"	"FAD-linked oxidase, C-terminal"	"GO:0003824|GO:0050660"
"PPA0776"	155	"Pfam"	"PF01565"	"FAD binding domain"	47	140	"1.1E-18"	"IPR006094"	"FAD linked oxidase, N-terminal"	"GO:0050660"
"PPA0778"	498	"Pfam"	"PF00575"	"S1 RNA binding domain"	138	205	"1.0E-15"	"IPR003029"	"S1 domain"	"GO:0003676"
"PPA0778"	498	"Pfam"	"PF00575"	"S1 RNA binding domain"	308	380	"9.1E-22"	"IPR003029"	"S1 domain"	"GO:0003676"
"PPA0778"	498	"Pfam"	"PF00575"	"S1 RNA binding domain"	50	122	"2.3E-14"	"IPR003029"	"S1 domain"	"GO:0003676"
"PPA0778"	498	"Pfam"	"PF00575"	"S1 RNA binding domain"	223	294	"2.5E-25"	"IPR003029"	"S1 domain"	"GO:0003676"
"PPA0779"	467	"Pfam"	"PF04213"	"Htaa"	240	392	"3.8E-48"	"IPR007331"	"Htaa"	"-"
"PPA0780"	439	"Pfam"	"PF01497"	"Periplasmic binding protein"	187	413	"3.7E-34"	"IPR002491"	"ABC transporter periplasmic binding domain"	"-"
"PPA0781"	352	"Pfam"	"PF01032"	"FecCD transport family"	34	344	"6.4E-90"	"IPR000522"	"ABC transporter, permease protein, BtuC-like"	"GO:0016020|GO:0022857"
"PPA0782"	259	"Pfam"	"PF00005"	"ABC transporter"	17	161	"3.1E-28"	"IPR003439"	"ABC transporter-like, ATP-binding domain"	"GO:0005524"
"PPA0783"	569	"Pfam"	"PF00005"	"ABC transporter"	353	502	"1.9E-27"	"IPR003439"	"ABC transporter-like, ATP-binding domain"	"GO:0005524"
"PPA0783"	569	"Pfam"	"PF00664"	"ABC transporter transmembrane region"	105	280	"2.2E-11"	"IPR011527"	"ABC transporter type 1, transmembrane domain"	"GO:0005524|GO:0016021|GO:0055085|GO:0140359"
"PPA0784"	556	"Pfam"	"PF00664"	"ABC transporter transmembrane region"	61	224	"2.8E-12"	"IPR011527"	"ABC transporter type 1, transmembrane domain"	"GO:0005524|GO:0016021|GO:0055085|GO:0140359"
"PPA0784"	556	"Pfam"	"PF00005"	"ABC transporter"	357	506	"7.7E-26"	"IPR003439"	"ABC transporter-like, ATP-binding domain"	"GO:0005524"
"PPA0785"	231	"Pfam"	"PF01121"	"Dephospho-CoA kinase"	30	205	"4.7E-53"	"IPR001977"	"Dephospho-CoA kinase"	"GO:0004140|GO:0005524|GO:0015937"
"PPA0786"	399	"Pfam"	"PF04213"	"Htaa"	2	101	"4.0E-17"	"IPR007331"	"Htaa"	"-"
"PPA0786"	399	"Pfam"	"PF04213"	"Htaa"	195	342	"1.6E-28"	"IPR007331"	"Htaa"	"-"
"PPA0787"	273	"Pfam"	"PF17863"	"AAA lid domain"	208	262	"7.3E-20"	"IPR041628"	"ChlI/MoxR, AAA lid domain"	"-"
"PPA0787"	273	"Pfam"	"PF01078"	"Magnesium chelatase, subunit ChlI"	59	130	"1.5E-10"	"IPR000523"	"Magnesium chelatase ChlI-like, catalytic domain"	"GO:0005524"
"PPA0788"	600	"Pfam"	"PF13519"	"von Willebrand factor type A domain"	407	513	"4.3E-14"	"IPR002035"	"von Willebrand factor, type A"	"-"
"PPA0788"	600	"Pfam"	"PF17863"	"AAA lid domain"	210	266	"2.0E-14"	"IPR041628"	"ChlI/MoxR, AAA lid domain"	"-"
"PPA0790"	470	"Pfam"	"PF02514"	"CobN/Magnesium Chelatase"	21	445	"0.0"	"IPR003672"	"CobN/magnesium chelatase"	"GO:0009058"
"PPA0791"	857	"Pfam"	"PF02514"	"CobN/Magnesium Chelatase"	226	768	"2.6E-119"	"IPR003672"	"CobN/magnesium chelatase"	"GO:0009058"
"PPA0792"	265	"Pfam"	"PF00005"	"ABC transporter"	21	169	"9.3E-33"	"IPR003439"	"ABC transporter-like, ATP-binding domain"	"GO:0005524"
"PPA0793"	270	"Pfam"	"PF01032"	"FecCD transport family"	1	268	"3.6E-80"	"IPR000522"	"ABC transporter, permease protein, BtuC-like"	"GO:0016020|GO:0022857"
"PPA0794"	259	"Pfam"	"PF01497"	"Periplasmic binding protein"	13	228	"1.1E-27"	"IPR002491"	"ABC transporter periplasmic binding domain"	"-"
"PPA0796"	91	"Pfam"	"PF00005"	"ABC transporter"	1	45	"6.1E-11"	"IPR003439"	"ABC transporter-like, ATP-binding domain"	"GO:0005524"
"PPA0797"	93	"Pfam"	"PF00005"	"ABC transporter"	26	93	"8.1E-14"	"IPR003439"	"ABC transporter-like, ATP-binding domain"	"GO:0005524"
"PPA0802"	93	"Pfam"	"PF09683"	"Bacteriocin (Lactococcin_972)"	34	90	"1.9E-16"	"IPR006540"	"Bacteriocin, lactococcin 972"	"-"
"PPA0803"	701	"Pfam"	"PF17757"	"UvrB interaction domain"	168	257	"3.2E-32"	"IPR041471"	"UvrB, interaction domain"	"-"
"PPA0803"	701	"Pfam"	"PF00271"	"Helicase conserved C-terminal domain"	448	551	"3.9E-16"	"IPR001650"	"Helicase, C-terminal"	"-"
"PPA0803"	701	"Pfam"	"PF04851"	"Type III restriction enzyme, res subunit"	20	147	"1.2E-8"	"IPR006935"	"Helicase/UvrB, N-terminal"	"GO:0003677|GO:0005524|GO:0016787"
"PPA0803"	701	"Pfam"	"PF12344"	"Ultra-violet resistance protein B"	559	600	"3.4E-23"	"IPR024759"	"UvrB, YAD/RRR-motif-containing domain"	"-"
"PPA0803"	701	"Pfam"	"PF02151"	"UvrB/uvrC motif"	658	692	"9.2E-6"	"IPR001943"	"UVR domain"	"GO:0005515"
"PPA0804"	329	"Pfam"	"PF03741"	"Integral membrane protein TerC family"	69	276	"6.1E-46"	"IPR005496"	"Integral membrane protein TerC"	"GO:0016021"
"PPA0805"	218	"Pfam"	"PF00753"	"Metallo-beta-lactamase superfamily"	33	168	"5.2E-10"	"IPR001279"	"Metallo-beta-lactamase"	"-"
"PPA0806"	247	"Pfam"	"PF11716"	"Mycothiol maleylpyruvate isomerase N-terminal domain"	24	160	"5.4E-17"	"IPR024344"	"Mycothiol-dependent maleylpyruvate isomerase, metal-binding domain"	"GO:0046872"
"PPA0807"	989	"Pfam"	"PF17760"	"UvrA interaction domain"	134	241	"1.2E-38"	"IPR041102"	"UvrA, interaction domain"	"-"
"PPA0807"	989	"Pfam"	"PF17755"	"UvrA DNA-binding domain"	298	405	"2.1E-30"	"IPR041552"	"UvrA DNA-binding domain"	"-"
"PPA0807"	989	"Pfam"	"PF00005"	"ABC transporter"	631	867	"6.1E-10"	"IPR003439"	"ABC transporter-like, ATP-binding domain"	"GO:0005524"
"PPA0808"	135	"Pfam"	"PF00355"	"Rieske [2Fe-2S] domain"	45	118	"2.9E-13"	"IPR017941"	"Rieske [2Fe-2S] iron-sulphur domain"	"GO:0051537"
"PPA0809"	248	"Pfam"	"PF00300"	"Histidine phosphatase superfamily (branch 1)"	3	223	"8.4E-26"	"IPR013078"	"Histidine phosphatase superfamily, clade-1"	"-"
"PPA0812"	686	"Pfam"	"PF01541"	"GIY-YIG catalytic domain"	32	106	"1.6E-10"	"IPR000305"	"GIY-YIG endonuclease"	"-"
"PPA0812"	686	"Pfam"	"PF02151"	"UvrB/uvrC motif"	223	256	"1.2E-9"	"IPR001943"	"UVR domain"	"GO:0005515"
"PPA0812"	686	"Pfam"	"PF08459"	"UvrC RIbonuclease H-like domain"	416	594	"5.4E-57"	"IPR001162"	"UvrC, RNAse H endonuclease domain"	"-"
"PPA0812"	686	"Pfam"	"PF14520"	"Helix-hairpin-helix domain"	610	660	"2.1E-9"	"-"	"-"	""
"PPA0813"	291	"Pfam"	"PF03668"	"P-loop ATPase protein family"	12	291	"8.5E-98"	"IPR005337"	"RapZ-like family"	"GO:0005524"
"PPA0814"	322	"Pfam"	"PF01933"	"2-phospho-L-lactate transferase CofD"	13	284	"3.4E-68"	"IPR002882"	"2-phospho-L-lactate transferase CofD"	"GO:0043743"
"PPA0815"	329	"Pfam"	"PF14527"	"WhiA LAGLIDADG-like domain"	128	219	"2.9E-26"	"IPR039518"	"WhiA, LAGLIDADG-like domain"	"-"
"PPA0815"	329	"Pfam"	"PF02650"	"WhiA C-terminal HTH domain"	222	304	"3.5E-20"	"IPR023054"	"Sporulation regulator WhiA, C-terminal"	"-"
"PPA0815"	329	"Pfam"	"PF10298"	"WhiA N-terminal LAGLIDADG-like domain"	20	105	"3.8E-19"	"IPR018478"	"Sporulation  transcription regulator WhiA, N-terminal domain"	"-"
"PPA0816"	335	"Pfam"	"PF00044"	"Glyceraldehyde 3-phosphate dehydrogenase, NAD binding domain"	3	103	"8.1E-40"	"IPR020828"	"Glyceraldehyde 3-phosphate dehydrogenase, NAD(P) binding domain"	"GO:0051287"
"PPA0816"	335	"Pfam"	"PF02800"	"Glyceraldehyde 3-phosphate dehydrogenase, C-terminal domain"	158	313	"3.0E-71"	"IPR020829"	"Glyceraldehyde 3-phosphate dehydrogenase, catalytic domain"	"GO:0016620"
"PPA0817"	402	"Pfam"	"PF00162"	"Phosphoglycerate kinase"	5	390	"0.0"	"IPR001576"	"Phosphoglycerate kinase"	"GO:0004618|GO:0006096"
"PPA0818"	259	"Pfam"	"PF00121"	"Triosephosphate isomerase"	5	255	"5.9E-94"	"IPR000652"	"Triosephosphate isomerase"	"GO:0004807"
"PPA0819"	99	"Pfam"	"PF03840"	"Preprotein translocase SecG subunit"	27	94	"3.9E-16"	"IPR004692"	"Preprotein translocase SecG subunit"	"GO:0009306|GO:0015450|GO:0016021"
"PPA0820"	118	"Pfam"	"PF13397"	"RNA polymerase-binding protein"	6	108	"3.4E-42"	"IPR025182"	"RNA polymerase-binding protein RbpA"	"GO:0001000|GO:0045893"
"PPA0821"	481	"Pfam"	"PF02875"	"Mur ligase family, glutamate ligase domain"	297	364	"1.8E-6"	"IPR004101"	"Mur ligase, C-terminal"	"GO:0005524|GO:0009058|GO:0016874"
"PPA0821"	481	"Pfam"	"PF08245"	"Mur ligase middle domain"	127	275	"9.3E-6"	"IPR013221"	"Mur ligase, central"	"GO:0005524|GO:0009058"
"PPA0822"	128	"Pfam"	"PF14017"	"Protein of unknown function (DUF4233)"	26	123	"3.0E-23"	"IPR025327"	"Protein of unknown function DUF4233"	"-"
"PPA0823"	142	"Pfam"	"PF00334"	"Nucleoside diphosphate kinase"	9	140	"2.0E-48"	"IPR034907"	"Nucleoside diphosphate kinase-like domain"	"-"
"PPA0824"	650	"Pfam"	"PF04055"	"Radical SAM superfamily"	268	432	"1.5E-17"	"IPR007197"	"Radical SAM"	"GO:0003824|GO:0051536"
"PPA0824"	650	"Pfam"	"PF19864"	"Radical SAM proteins, N-terminal"	58	210	"3.4E-54"	"IPR045784"	"Radical SAM domain-containing protein, N-terminal"	"-"
"PPA0825"	244	"Pfam"	"PF10105"	"Uncharacterized protein conserved in bacteria (DUF2344)"	18	188	"3.8E-46"	"IPR018768"	"Domain of unknown function DUF2344"	"-"
"PPA0826"	874	"Pfam"	"PF10150"	"Ribonuclease E/G family"	544	817	"2.2E-96"	"IPR019307"	"RNA-binding protein AU-1/Ribonuclease E/G"	"GO:0003723"
"PPA0827"	102	"Pfam"	"PF00829"	"Ribosomal prokaryotic L21 protein"	1	100	"2.8E-33"	"IPR028909"	"Ribosomal protein L21-like"	"GO:0005840"
"PPA0829"	89	"Pfam"	"PF01016"	"Ribosomal L27 protein"	2	80	"3.3E-36"	"IPR001684"	"Ribosomal protein L27"	"GO:0003735|GO:0005840|GO:0006412"
"PPA0831"	202	"Pfam"	"PF00440"	"Bacterial regulatory proteins, tetR family"	13	55	"1.2E-13"	"IPR001647"	"DNA-binding HTH domain, TetR-type"	"GO:0003677"
"PPA0832"	587	"Pfam"	"PF07690"	"Major Facilitator Superfamily"	24	417	"1.3E-56"	"IPR011701"	"Major facilitator superfamily"	"GO:0022857|GO:0055085"
"PPA0833"	505	"Pfam"	"PF01926"	"50S ribosome-binding GTPase"	164	286	"1.4E-21"	"IPR006073"	"GTP binding domain"	"GO:0005525"
"PPA0833"	505	"Pfam"	"PF09269"	"Domain of unknown function (DUF1967)"	360	435	"1.6E-19"	"IPR015349"	"GTP-binding protein OBG, C-terminal"	"GO:0000166"
"PPA0833"	505	"Pfam"	"PF01018"	"GTP1/OBG"	7	161	"1.4E-51"	"IPR006169"	"GTP1/OBG domain"	"-"
"PPA0834"	411	"Pfam"	"PF01472"	"PUA domain"	299	366	"1.9E-19"	"IPR002478"	"PUA domain"	"GO:0003723"
"PPA0834"	411	"Pfam"	"PF00696"	"Amino acid kinase family"	33	258	"3.1E-34"	"IPR001048"	"Aspartate/glutamate/uridylate kinase"	"-"
"PPA0835"	415	"Pfam"	"PF00171"	"Aldehyde dehydrogenase family"	106	297	"2.3E-11"	"IPR015590"	"Aldehyde dehydrogenase domain"	"GO:0016491"
"PPA0836"	290	"Pfam"	"PF01467"	"Cytidylyltransferase-like"	89	253	"7.0E-31"	"IPR004821"	"Cytidyltransferase-like domain"	"GO:0003824|GO:0009058"
"PPA0837"	134	"Pfam"	"PF02410"	"Ribosomal silencing factor during starvation"	15	108	"4.2E-24"	"-"	"-"	""
"PPA0838"	195	"Pfam"	"PF00300"	"Histidine phosphatase superfamily (branch 1)"	1	160	"5.0E-39"	"IPR013078"	"Histidine phosphatase superfamily, clade-1"	"-"
"PPA0839"	494	"Pfam"	"PF01510"	"N-acetylmuramoyl-L-alanine amidase"	241	365	"4.9E-10"	"IPR002502"	"N-acetylmuramoyl-L-alanine amidase domain"	"GO:0008745|GO:0009253"
"PPA0845"	177	"Pfam"	"PF00005"	"ABC transporter"	20	166	"9.3E-14"	"IPR003439"	"ABC transporter-like, ATP-binding domain"	"GO:0005524"
"PPA0846"	101	"Pfam"	"PF08751"	"TrwC relaxase"	13	86	"1.3E-17"	"IPR014862"	"TrwC relaxase"	"-"
"PPA0847"	89	"Pfam"	"PF08751"	"TrwC relaxase"	25	88	"1.1E-20"	"IPR014862"	"TrwC relaxase"	"-"
"PPA0848"	124	"Pfam"	"PF08751"	"TrwC relaxase"	4	85	"3.5E-15"	"IPR014862"	"TrwC relaxase"	"-"
"PPA0849"	563	"Pfam"	"PF13604"	"AAA domain"	109	299	"3.0E-54"	"-"	"-"	""
"PPA0850"	165	"Pfam"	"PF02481"	"DNA recombination-mediator protein A"	83	165	"2.6E-14"	"IPR003488"	"DNA recombination-mediator protein A"	"GO:0009294"
"PPA0851"	535	"Pfam"	"PF13304"	"AAA domain, putative AbiEii toxin, Type IV TA system"	26	309	"2.5E-19"	"IPR003959"	"ATPase, AAA-type, core"	"GO:0005524|GO:0016887"
"PPA0852"	562	"Pfam"	"PF13361"	"UvrD-like helicase C-terminal domain"	451	515	"1.4E-7"	"IPR014017"	"UvrD-like DNA helicase, C-terminal"	"GO:0005524|GO:0016787"
"PPA0852"	562	"Pfam"	"PF13245"	"AAA domain"	19	241	"2.9E-16"	"-"	"-"	""
"PPA0858"	174	"Pfam"	"PF01610"	"Transposase"	9	119	"3.7E-18"	"IPR002560"	"Transposase IS204/IS1001/IS1096/IS1165, DDE domain"	"-"
"PPA0859"	870	"Pfam"	"PF04738"	"Lantibiotic dehydratase, N terminus"	142	776	"3.1E-20"	"IPR006827"	"Lantibiotic dehydratase, N-terminal"	"-"
"PPA0860"	317	"Pfam"	"PF14028"	"Lantibiotic biosynthesis dehydratase C-term"	17	302	"6.0E-41"	"IPR023809"	"Thiopeptide-type bacteriocin biosynthesis domain"	"-"
"PPA0862"	439	"Pfam"	"PF02624"	"YcaO cyclodehydratase, ATP-ad Mg2+-binding"	66	397	"8.6E-67"	"IPR003776"	"YcaO-like domain"	"-"
"PPA0869"	168	"Pfam"	"PF09370"	"Phosphoenolpyruvate hydrolase-like"	2	156	"1.5E-69"	"IPR009215"	"TIM-barrel domain, IGPS-like"	"-"
"PPA0870"	103	"Pfam"	"PF09370"	"Phosphoenolpyruvate hydrolase-like"	5	102	"1.1E-42"	"IPR009215"	"TIM-barrel domain, IGPS-like"	"-"
"PPA0871"	89	"Pfam"	"PF06792"	"Uncharacterised protein family (UPF0261)"	2	85	"1.9E-19"	"IPR044122"	"UPF0261 domain"	"-"
"PPA0873"	62	"Pfam"	"PF06792"	"Uncharacterised protein family (UPF0261)"	1	52	"3.9E-18"	"IPR044122"	"UPF0261 domain"	"-"
"PPA0874"	230	"Pfam"	"PF06792"	"Uncharacterised protein family (UPF0261)"	3	226	"2.0E-80"	"IPR044122"	"UPF0261 domain"	"-"
"PPA0875"	462	"Pfam"	"PF00392"	"Bacterial regulatory proteins, gntR family"	26	87	"4.6E-11"	"IPR000524"	"Transcription regulator HTH, GntR"	"GO:0003700|GO:0006355"
"PPA0875"	462	"Pfam"	"PF00155"	"Aminotransferase class I and II"	131	453	"8.0E-22"	"IPR004839"	"Aminotransferase, class I/classII"	"GO:0009058|GO:0030170"
"PPA0876"	79	"Pfam"	"PF01610"	"Transposase"	1	56	"4.4E-11"	"IPR002560"	"Transposase IS204/IS1001/IS1096/IS1165, DDE domain"	"-"
"PPA0877"	779	"Pfam"	"PF00005"	"ABC transporter"	479	689	"1.2E-6"	"IPR003439"	"ABC transporter-like, ATP-binding domain"	"GO:0005524"
"PPA0877"	779	"Pfam"	"PF17755"	"UvrA DNA-binding domain"	161	254	"3.1E-8"	"IPR041552"	"UvrA DNA-binding domain"	"-"
"PPA0878"	314	"Pfam"	"PF04198"	"Putative sugar-binding domain"	58	310	"2.1E-55"	"IPR007324"	"Sugar-binding domain, putative"	"GO:0030246"
"PPA0879"	330	"Pfam"	"PF02126"	"Phosphotriesterase family"	11	323	"1.8E-43"	"IPR001559"	"Phosphotriesterase"	"GO:0008270|GO:0009056"
"PPA0880"	217	"Pfam"	"PF00215"	"Orotidine 5'-phosphate decarboxylase / HUMPS family"	2	206	"4.0E-15"	"IPR001754"	"Orotidine 5'-phosphate decarboxylase domain"	"GO:0004590|GO:0006207"
"PPA0881"	295	"Pfam"	"PF01261"	"Xylose isomerase-like TIM barrel"	37	280	"3.9E-35"	"IPR013022"	"Xylose isomerase-like, TIM barrel domain"	"-"
"PPA0882"	222	"Pfam"	"PF00596"	"Class II Aldolase and Adducin N-terminal domain"	9	183	"7.8E-50"	"IPR001303"	"Class II aldolase/adducin N-terminal"	"-"
"PPA0883"	316	"Pfam"	"PF00294"	"pfkB family carbohydrate kinase"	6	298	"3.9E-22"	"IPR011611"	"Carbohydrate kinase PfkB"	"-"
"PPA0884"	452	"Pfam"	"PF00083"	"Sugar (and other) transporter"	29	451	"3.7E-45"	"IPR005828"	"Major facilitator,  sugar transporter-like"	"GO:0016021|GO:0022857|GO:0055085"
"PPA0885"	342	"Pfam"	"PF02110"	"Hydroxyethylthiazole kinase family"	85	326	"5.6E-68"	"IPR000417"	"Hydroxyethylthiazole kinase"	"GO:0004417|GO:0009228"
"PPA0886"	270	"Pfam"	"PF02581"	"Thiamine monophosphate synthase"	64	248	"3.8E-56"	"IPR022998"	"Thiamine phosphate synthase/TenI"	"-"
"PPA0887"	322	"Pfam"	"PF02866"	"lactate/malate dehydrogenase, alpha/beta C-terminal domain"	155	318	"4.8E-24"	"IPR022383"	"Lactate/malate dehydrogenase, C-terminal"	"GO:0016616"
"PPA0887"	322	"Pfam"	"PF00056"	"lactate/malate dehydrogenase, NAD binding domain"	15	151	"1.3E-37"	"IPR001236"	"Lactate/malate dehydrogenase, N-terminal"	"GO:0016491"
"PPA0888"	568	"Pfam"	"PF00390"	"Malic enzyme, N-terminal domain"	86	268	"6.2E-68"	"IPR012301"	"Malic enzyme, N-terminal domain"	"GO:0004471"
"PPA0888"	568	"Pfam"	"PF03949"	"Malic enzyme, NAD binding domain"	278	536	"1.8E-97"	"IPR012302"	"Malic enzyme, NAD-binding"	"GO:0051287"
"PPA0891"	340	"Pfam"	"PF13830"	"Domain of unknown function (DUF4192)"	27	287	"5.3E-31"	"IPR025447"	"Protein of unknown function DUF4192"	"-"
"PPA0892"	352	"Pfam"	"PF01988"	"VIT family"	138	346	"4.5E-56"	"IPR008217"	"Ccc1 family"	"GO:0005384|GO:0030026"
"PPA0893"	826	"Pfam"	"PF09334"	"tRNA synthetases class I (M)"	47	190	"6.3E-22"	"IPR015413"	"Methionyl/Leucyl tRNA synthetase"	"GO:0000166|GO:0004812|GO:0005524|GO:0006418"
"PPA0893"	826	"Pfam"	"PF13603"	"Leucyl-tRNA synthetase, Domain 2"	228	402	"9.0E-60"	"IPR025709"	"Leucyl-tRNA synthetase, editing domain"	"GO:0002161|GO:0006418"
"PPA0893"	826	"Pfam"	"PF08264"	"Anticodon-binding domain of tRNA ligase"	666	787	"3.1E-11"	"IPR013155"	"Methionyl/Valyl/Leucyl/Isoleucyl-tRNA synthetase, anticodon-binding"	"GO:0004812|GO:0006418"
"PPA0893"	826	"Pfam"	"PF00133"	"tRNA synthetases class I (I, L, M and V)"	426	630	"1.5E-15"	"IPR002300"	"Aminoacyl-tRNA synthetase, class Ia"	"GO:0000166|GO:0004812|GO:0005524|GO:0006418"
"PPA0894"	283	"Pfam"	"PF12836"	"Helix-hairpin-helix motif"	221	282	"3.4E-22"	"-"	"-"	""
"PPA0894"	283	"Pfam"	"PF10531"	"SLBB domain"	127	171	"9.2E-11"	"IPR019554"	"Soluble ligand binding domain"	"-"
"PPA0895"	784	"Pfam"	"PF03772"	"Competence protein"	232	493	"1.2E-42"	"IPR004477"	"ComEC/Rec2-related protein"	"-"
"PPA0895"	784	"Pfam"	"PF00753"	"Metallo-beta-lactamase superfamily"	535	700	"2.3E-7"	"IPR001279"	"Metallo-beta-lactamase"	"-"
"PPA0896"	569	"Pfam"	"PF04851"	"Type III restriction enzyme, res subunit"	3	155	"5.8E-13"	"IPR006935"	"Helicase/UvrB, N-terminal"	"GO:0003677|GO:0005524|GO:0016787"
"PPA0897"	321	"Pfam"	"PF06144"	"DNA polymerase III, delta subunit"	12	173	"3.1E-9"	"IPR010372"	"DNA polymerase III delta, N-terminal"	"GO:0003677|GO:0003887|GO:0006260|GO:0009360"
"PPA0898"	88	"Pfam"	"PF01649"	"Ribosomal protein S20"	2	84	"4.0E-27"	"IPR002583"	"Ribosomal protein S20"	"GO:0003723|GO:0003735|GO:0005840|GO:0006412"
"PPA0901"	611	"Pfam"	"PF06421"	"GTP-binding protein LepA C-terminus"	497	602	"9.1E-49"	"IPR013842"	"GTP-binding protein LepA, C-terminal"	"-"
"PPA0901"	611	"Pfam"	"PF00009"	"Elongation factor Tu GTP binding domain"	14	190	"6.2E-52"	"IPR000795"	"Translational (tr)-type GTP-binding domain"	"GO:0003924|GO:0005525"
"PPA0901"	611	"Pfam"	"PF00679"	"Elongation factor G C-terminus"	408	493	"5.0E-20"	"IPR000640"	"Elongation factor EFG, domain V-like"	"-"
"PPA0901"	611	"Pfam"	"PF03144"	"Elongation factor Tu domain 2"	214	284	"3.6E-8"	"IPR004161"	"Translation elongation factor EFTu-like, domain 2"	"GO:0005525"
"PPA0902"	335	"Pfam"	"PF18374"	"Enolase N-terminal domain-like"	26	76	"1.5E-25"	"IPR041338"	"OSBS, enolase-like N-terminal domain"	"-"
"PPA0902"	335	"Pfam"	"PF13378"	"Enolase C-terminal domain-like"	100	298	"8.9E-31"	"IPR029065"	"Enolase C-terminal domain-like"	"-"
"PPA0903"	538	"Pfam"	"PF02776"	"Thiamine pyrophosphate enzyme, N-terminal TPP binding domain"	37	202	"7.4E-25"	"IPR012001"	"Thiamine pyrophosphate enzyme, N-terminal TPP-binding domain"	"GO:0030976"
"PPA0903"	538	"Pfam"	"PF02775"	"Thiamine pyrophosphate enzyme, C-terminal TPP binding domain"	409	523	"3.8E-6"	"IPR011766"	"Thiamine pyrophosphate enzyme, C-terminal TPP-binding"	"GO:0003824|GO:0030976"
"PPA0904"	451	"Pfam"	"PF00425"	"chorismate binding enzyme"	189	432	"1.3E-53"	"IPR015890"	"Chorismate-utilising enzyme, C-terminal"	"-"
"PPA0906"	416	"Pfam"	"PF13193"	"AMP-binding enzyme C-terminal domain"	331	394	"4.6E-9"	"IPR025110"	"AMP-binding enzyme, C-terminal domain"	"-"
"PPA0906"	416	"Pfam"	"PF00501"	"AMP-binding enzyme"	82	311	"3.2E-19"	"IPR000873"	"AMP-dependent synthetase/ligase"	"-"
"PPA0907"	329	"Pfam"	"PF00378"	"Enoyl-CoA hydratase/isomerase"	138	324	"4.5E-38"	"IPR001753"	"Enoyl-CoA hydratase/isomerase"	"GO:0003824"
"PPA0907"	329	"Pfam"	"PF00378"	"Enoyl-CoA hydratase/isomerase"	51	129	"1.4E-7"	"IPR001753"	"Enoyl-CoA hydratase/isomerase"	"GO:0003824"
"PPA0908"	250	"Pfam"	"PF01694"	"Rhomboid family"	111	247	"7.6E-24"	"IPR022764"	"Peptidase S54, rhomboid domain"	"GO:0004252|GO:0016021"
"PPA0909"	222	"Pfam"	"PF00501"	"AMP-binding enzyme"	1	222	"5.1E-40"	"IPR000873"	"AMP-dependent synthetase/ligase"	"-"
"PPA0911"	393	"Pfam"	"PF04055"	"Radical SAM superfamily"	23	195	"2.5E-21"	"IPR007197"	"Radical SAM"	"GO:0003824|GO:0051536"
"PPA0912"	299	"Pfam"	"PF11296"	"Protein of unknown function (DUF3097)"	14	286	"2.4E-109"	"IPR021447"	"Protein of unknown function DUF3097"	"-"
"PPA0913"	253	"Pfam"	"PF00459"	"Inositol monophosphatase family"	17	252	"2.3E-31"	"IPR000760"	"Inositol monophosphatase-like"	"GO:0046855"
"PPA0914"	262	"Pfam"	"PF00753"	"Metallo-beta-lactamase superfamily"	63	228	"2.9E-22"	"IPR001279"	"Metallo-beta-lactamase"	"-"
"PPA0915"	339	"Pfam"	"PF08220"	"DeoR-like helix-turn-helix domain"	16	62	"1.7E-4"	"IPR001034"	"DeoR-type HTH domain"	"GO:0003700|GO:0006355"
"PPA0915"	339	"Pfam"	"PF01628"	"HrcA protein C terminal domain"	103	322	"1.1E-53"	"IPR021153"	"Heat-inducible transcription repressor HrcA, C-terminal"	"GO:0003677|GO:0006355"
"PPA0916"	392	"Pfam"	"PF01556"	"DnaJ C terminal domain"	122	347	"6.3E-35"	"IPR002939"	"Chaperone DnaJ, C-terminal"	"-"
"PPA0916"	392	"Pfam"	"PF00226"	"DnaJ domain"	4	64	"1.3E-24"	"IPR001623"	"DnaJ domain"	"-"
"PPA0916"	392	"Pfam"	"PF00684"	"DnaJ central domain"	147	211	"4.4E-15"	"IPR001305"	"Heat shock protein DnaJ, cysteine-rich domain"	"GO:0031072|GO:0051082"
"PPA0917"	246	"Pfam"	"PF04452"	"RNA methyltransferase"	19	236	"1.9E-54"	"IPR006700"	"Ribosomal RNA small subunit methyltransferase E"	"GO:0006364|GO:0008168"
"PPA0918"	348	"Pfam"	"PF00107"	"Zinc-binding dehydrogenase"	177	309	"1.0E-16"	"IPR013149"	"Alcohol dehydrogenase-like, C-terminal"	"-"
"PPA0918"	348	"Pfam"	"PF08240"	"Alcohol dehydrogenase GroES-like domain"	25	127	"9.0E-28"	"IPR013154"	"Alcohol dehydrogenase, N-terminal"	"-"
"PPA0919"	635	"Pfam"	"PF02378"	"Phosphotransferase system, EIIC"	31	288	"1.3E-12"	"IPR003352"	"Phosphotransferase system, EIIC"	"GO:0008982|GO:0009401|GO:0016020"
"PPA0919"	635	"Pfam"	"PF00359"	"Phosphoenolpyruvate-dependent sugar phosphotransferase system, EIIA 2"	495	630	"8.4E-31"	"IPR002178"	"PTS EIIA type-2 domain"	"-"
"PPA0919"	635	"Pfam"	"PF02302"	"PTS system, Lactose/Cellobiose specific IIB subunit"	379	452	"1.6E-10"	"IPR003501"	"Phosphotransferase system, EIIB component, type 2/3"	"GO:0008982|GO:0009401"
"PPA0920"	133	"Pfam"	"PF07681"	"DoxX"	6	97	"4.2E-8"	"IPR032808"	"DoxX family"	"-"
"PPA0921"	716	"Pfam"	"PF00271"	"Helicase conserved C-terminal domain"	252	349	"9.3E-15"	"IPR001650"	"Helicase, C-terminal"	"-"
"PPA0921"	716	"Pfam"	"PF00270"	"DEAD/DEAH box helicase"	35	206	"3.5E-19"	"IPR011545"	"DEAD/DEAH box helicase domain"	"GO:0003676|GO:0005524"
"PPA0923"	279	"Pfam"	"PF00892"	"EamA-like transporter family"	139	272	"3.2E-15"	"IPR000620"	"EamA domain"	"GO:0016020|GO:0016021"
"PPA0924"	413	"Pfam"	"PF01702"	"Queuine tRNA-ribosyltransferase"	16	402	"2.6E-110"	"IPR002616"	"tRNA-guanine(15) transglycosylase-like"	"GO:0006400|GO:0016763"
"PPA0925"	449	"Pfam"	"PF07730"	"Histidine kinase"	241	306	"2.1E-16"	"IPR011712"	"Signal transduction histidine kinase, subgroup 3, dimerisation and phosphoacceptor domain"	"GO:0000155|GO:0000160|GO:0016021|GO:0046983"
"PPA0926"	218	"Pfam"	"PF00196"	"Bacterial regulatory proteins, luxR family"	149	204	"3.6E-17"	"IPR000792"	"Transcription regulator LuxR, C-terminal"	"GO:0006355"
"PPA0926"	218	"Pfam"	"PF00072"	"Response regulator receiver domain"	3	111	"2.2E-26"	"IPR001789"	"Signal transduction response regulator, receiver domain"	"GO:0000160"
"PPA0927"	306	"Pfam"	"PF00005"	"ABC transporter"	27	165	"6.2E-24"	"IPR003439"	"ABC transporter-like, ATP-binding domain"	"GO:0005524"
"PPA0928"	255	"Pfam"	"PF12698"	"ABC-2 family transporter protein"	23	254	"2.3E-22"	"-"	"-"	""
"PPA0929"	140	"Pfam"	"PF12698"	"ABC-2 family transporter protein"	5	111	"4.6E-12"	"-"	"-"	""
"PPA0931"	272	"Pfam"	"PF02592"	"Putative vitamin uptake transporter"	88	250	"1.8E-35"	"IPR003744"	"Queuosine precursor transporter"	"GO:1990397"
"PPA0932"	307	"Pfam"	"PF00561"	"alpha/beta hydrolase fold"	47	304	"2.9E-27"	"IPR000073"	"Alpha/beta hydrolase fold-1"	"-"
"PPA0934"	240	"Pfam"	"PF01636"	"Phosphotransferase enzyme family"	35	132	"4.2E-5"	"IPR002575"	"Aminoglycoside phosphotransferase"	"-"
"PPA0936"	339	"Pfam"	"PF02562"	"PhoH-like protein"	118	321	"4.6E-92"	"IPR003714"	"PhoH-like protein"	"GO:0005524"
"PPA0937"	155	"Pfam"	"PF02130"	"Endoribonuclease YbeY"	22	143	"2.9E-34"	"IPR002036"	"Endoribonuclease YbeY"	"GO:0004222|GO:0006364"
"PPA0938"	432	"Pfam"	"PF03471"	"Transporter associated domain"	342	414	"3.6E-12"	"IPR005170"	"Transporter-associated domain"	"-"
"PPA0938"	432	"Pfam"	"PF00571"	"CBS domain"	208	259	"1.8E-6"	"IPR000644"	"CBS domain"	"-"
"PPA0938"	432	"Pfam"	"PF00571"	"CBS domain"	272	326	"9.7E-7"	"IPR000644"	"CBS domain"	"-"
"PPA0938"	432	"Pfam"	"PF01595"	"Cyclin M transmembrane N-terminal domain"	11	186	"2.7E-22"	"IPR002550"	"CNNM, transmembrane domain"	"-"
"PPA0939"	340	"Pfam"	"PF07650"	"KH domain"	247	329	"1.2E-13"	"IPR004044"	"K Homology domain, type 2"	"GO:0003723"
"PPA0939"	340	"Pfam"	"PF01926"	"50S ribosome-binding GTPase"	43	136	"4.1E-19"	"IPR006073"	"GTP binding domain"	"GO:0005525"
"PPA0940"	496	"Pfam"	"PF07969"	"Amidohydrolase family"	48	492	"6.1E-53"	"IPR013108"	"Amidohydrolase 3"	"-"
"PPA0941"	581	"Pfam"	"PF08502"	"LeuA allosteric (dimerisation) domain"	442	571	"1.9E-28"	"IPR013709"	"2-isopropylmalate synthase LeuA, allosteric (dimerisation) domain"	"GO:0003852|GO:0009098"
"PPA0941"	581	"Pfam"	"PF00682"	"HMGL-like"	42	323	"2.2E-72"	"IPR000891"	"Pyruvate carboxyltransferase"	"GO:0003824"
"PPA0942"	268	"Pfam"	"PF01255"	"Putative undecaprenyl diphosphate synthase"	37	257	"2.7E-71"	"IPR001441"	"Decaprenyl diphosphate synthase-like"	"GO:0016765"
"PPA0944"	246	"Pfam"	"PF02565"	"Recombination protein O C terminal"	84	242	"4.3E-35"	"IPR003717"	"Recombination protein O, RecO"	"GO:0006281|GO:0006310"
"PPA0944"	246	"Pfam"	"PF11967"	"Recombination protein O N terminal"	1	79	"4.0E-27"	"IPR022572"	"DNA replication/recombination mediator RecO, N-terminal"	"-"
"PPA0945"	387	"Pfam"	"PF07730"	"Histidine kinase"	183	246	"1.1E-10"	"IPR011712"	"Signal transduction histidine kinase, subgroup 3, dimerisation and phosphoacceptor domain"	"GO:0000155|GO:0000160|GO:0016021|GO:0046983"
"PPA0947"	223	"Pfam"	"PF00196"	"Bacterial regulatory proteins, luxR family"	157	209	"1.0E-11"	"IPR000792"	"Transcription regulator LuxR, C-terminal"	"GO:0006355"
"PPA0947"	223	"Pfam"	"PF00072"	"Response regulator receiver domain"	6	114	"1.0E-26"	"IPR001789"	"Signal transduction response regulator, receiver domain"	"GO:0000160"
"PPA0948"	137	"Pfam"	"PF01475"	"Ferric uptake regulator family"	5	121	"3.3E-30"	"IPR002481"	"Ferric-uptake regulator"	"GO:0003700|GO:0006355"
"PPA0949"	506	"Pfam"	"PF03129"	"Anticodon binding domain"	412	499	"1.5E-23"	"IPR004154"	"Anticodon-binding"	"-"
"PPA0949"	506	"Pfam"	"PF00587"	"tRNA synthetase class II core domain (G, H, P, S and T)"	203	378	"4.5E-8"	"IPR002314"	"Aminoacyl-tRNA synthetase, class II (G/ P/ S/T)"	"GO:0000166|GO:0004812|GO:0005524|GO:0006418"
"PPA0951"	710	"Pfam"	"PF02910"	"Fumarate reductase flavoprotein C-term"	576	709	"3.4E-33"	"IPR015939"	"Fumarate reductase/succinate dehydrogenase flavoprotein-like, C-terminal"	"GO:0016491"
"PPA0951"	710	"Pfam"	"PF00890"	"FAD binding domain"	109	514	"2.5E-53"	"IPR003953"	"FAD-dependent oxidoreductase 2, FAD binding domain"	"-"
"PPA0952"	252	"Pfam"	"PF13085"	"2Fe-2S iron-sulfur cluster binding domain"	5	120	"4.9E-19"	"IPR025192"	"Succinate dehydogenase/fumarate reductase N-terminal"	"GO:0009055|GO:0051536"
"PPA0952"	252	"Pfam"	"PF12838"	"4Fe-4S dicluster domain"	158	226	"1.9E-9"	"IPR017896"	"4Fe-4S ferredoxin-type, iron-sulphur binding domain"	"-"
"PPA0953"	588	"Pfam"	"PF02277"	"Phosphoribosyltransferase"	269	583	"1.1E-68"	"IPR003200"	"Nicotinate-nucleotide-dimethylbenzimidazole phosphoribosyltransferase"	"GO:0008939"
"PPA0953"	588	"Pfam"	"PF00881"	"Nitroreductase family"	51	217	"7.3E-32"	"IPR029479"	"Nitroreductase"	"-"
"PPA0954"	411	"Pfam"	"PF01207"	"Dihydrouridine synthase (Dus)"	54	355	"6.7E-84"	"IPR035587"	"DUS-like, FMN-binding domain"	"-"
"PPA0955"	369	"Pfam"	"PF13286"	"Phosphohydrolase-associated domain"	267	348	"1.1E-10"	"IPR026875"	"Phosphohydrolase-associated domain"	"-"
"PPA0955"	369	"Pfam"	"PF01966"	"HD domain"	110	214	"2.0E-11"	"IPR006674"	"HD domain"	"-"
"PPA0956"	240	"Pfam"	"PF03649"	"Uncharacterised protein family (UPF0014)"	2	224	"2.2E-48"	"IPR005226"	"UPF0014 family"	"-"
"PPA0957"	623	"Pfam"	"PF08275"	"DNA primase catalytic core, N-terminal domain"	132	256	"8.0E-30"	"IPR013264"	"DNA primase, catalytic core, N-terminal"	"-"
"PPA0957"	623	"Pfam"	"PF10410"	"DnaB-helicase binding domain of primase"	379	433	"1.7E-13"	"IPR019475"	"DNA primase, DnaB-helicase binding domain"	"GO:0016779"
"PPA0957"	623	"Pfam"	"PF13662"	"Toprim domain"	264	335	"8.9E-16"	"IPR006171"	"TOPRIM  domain"	"-"
"PPA0957"	623	"Pfam"	"PF08278"	"DNA primase DnaG DnaB-binding"	480	598	"1.1E-9"	"IPR013173"	"DNA primase DnaG, DnaB-binding domain"	"GO:0003896|GO:0006269"
"PPA0957"	623	"Pfam"	"PF01807"	"CHC2 zinc finger"	12	105	"2.9E-33"	"IPR002694"	"Zinc finger, CHC2-type"	"GO:0003677|GO:0003896|GO:0006260|GO:0008270"
"PPA0958"	270	"Pfam"	"PF04545"	"Sigma-70, region 4"	213	262	"1.1E-11"	"IPR007630"	"RNA polymerase sigma-70 region 4"	"GO:0003700|GO:0006352|GO:0006355"
"PPA0958"	270	"Pfam"	"PF04542"	"Sigma-70 region 2"	70	127	"3.9E-9"	"IPR007627"	"RNA polymerase sigma-70 region 2"	"GO:0003700|GO:0006352|GO:0006355"
"PPA0960"	326	"Pfam"	"PF00296"	"Luciferase-like monooxygenase"	16	296	"2.2E-26"	"IPR011251"	"Luciferase-like domain"	"GO:0016705"
"PPA0961"	467	"Pfam"	"PF00982"	"Glycosyltransferase family 20"	11	465	"0.0"	"IPR001830"	"Glycosyl transferase, family 20"	"GO:0003824|GO:0005992"
"PPA0962"	352	"Pfam"	"PF02358"	"Trehalose-phosphatase"	98	316	"9.4E-20"	"IPR003337"	"Trehalose-phosphatase"	"GO:0003824|GO:0005992"
"PPA0963"	311	"Pfam"	"PF00291"	"Pyridoxal-phosphate dependent enzyme"	9	294	"6.2E-66"	"IPR001926"	"Pyridoxal-phosphate dependent enzyme"	"-"
"PPA0964"	470	"Pfam"	"PF00392"	"Bacterial regulatory proteins, gntR family"	23	83	"3.8E-13"	"IPR000524"	"Transcription regulator HTH, GntR"	"GO:0003700|GO:0006355"
"PPA0964"	470	"Pfam"	"PF00155"	"Aminotransferase class I and II"	132	426	"1.6E-13"	"IPR004839"	"Aminotransferase, class I/classII"	"GO:0009058|GO:0030170"
"PPA0965"	304	"Pfam"	"PF01680"	"SOR/SNZ family"	17	222	"2.2E-106"	"IPR033755"	"PdxS/SNZ N-terminal domain"	"-"
"PPA0966"	201	"Pfam"	"PF01174"	"SNO glutamine amidotransferase family"	7	197	"3.3E-53"	"IPR002161"	"Pyridoxal 5'-phosphate synthase subunit PdxT/SNO"	"GO:0004359|GO:0042819|GO:0042823"
"PPA0967"	423	"Pfam"	"PF00202"	"Aminotransferase class-III"	2	403	"3.5E-98"	"IPR005814"	"Aminotransferase class-III"	"GO:0008483|GO:0030170"
"PPA0968"	234	"Pfam"	"PF13500"	"AAA domain"	10	214	"1.6E-25"	"-"	"-"	""
"PPA0969"	453	"Pfam"	"PF13520"	"Amino acid permease"	43	416	"1.9E-29"	"IPR002293"	"Amino acid/polyamine transporter I"	"GO:0016020|GO:0022857|GO:0055085"
"PPA0973"	265	"Pfam"	"PF08282"	"haloacid dehalogenase-like hydrolase"	5	257	"2.7E-34"	"-"	"-"	""
"PPA0974"	372	"Pfam"	"PF17863"	"AAA lid domain"	266	331	"1.9E-18"	"IPR041628"	"ChlI/MoxR, AAA lid domain"	"-"
"PPA0974"	372	"Pfam"	"PF07726"	"ATPase family associated with various cellular activities (AAA)"	60	190	"2.9E-59"	"IPR011703"	"ATPase, AAA-3"	"GO:0005524|GO:0016887"
"PPA0975"	347	"Pfam"	"PF01882"	"Protein of unknown function DUF58"	66	150	"3.2E-12"	"IPR002881"	"Domain of unknown function DUF58"	"-"
"PPA0976"	322	"Pfam"	"PF13519"	"von Willebrand factor type A domain"	96	205	"4.5E-19"	"IPR002035"	"von Willebrand factor, type A"	"-"
"PPA0977"	318	"Pfam"	"PF13519"	"von Willebrand factor type A domain"	89	201	"2.9E-18"	"IPR002035"	"von Willebrand factor, type A"	"-"
"PPA0978"	238	"Pfam"	"PF01168"	"Alanine racemase, N-terminal domain"	6	230	"1.4E-23"	"IPR001608"	"Alanine racemase, N-terminal"	"-"
"PPA0979"	165	"Pfam"	"PF11343"	"Protein of unknown function (DUF3145)"	11	163	"3.1E-46"	"IPR021491"	"Protein of unknown function DUF3145"	"-"
"PPA0980"	423	"Pfam"	"PF02801"	"Beta-ketoacyl synthase, C-terminal domain"	261	375	"5.3E-31"	"IPR014031"	"Beta-ketoacyl synthase, C-terminal"	"-"
"PPA0980"	423	"Pfam"	"PF00109"	"Beta-ketoacyl synthase, N-terminal domain"	2	253	"2.1E-51"	"IPR014030"	"Beta-ketoacyl synthase, N-terminal"	"-"
"PPA0982"	81	"Pfam"	"PF00550"	"Phosphopantetheine attachment site"	12	76	"2.5E-10"	"IPR009081"	"Phosphopantetheine binding ACP domain"	"-"
"PPA0983"	332	"Pfam"	"PF08541"	"3-Oxoacyl-[acyl-carrier-protein (ACP)] synthase III C terminal"	242	330	"1.2E-27"	"IPR013747"	"3-Oxoacyl-[acyl-carrier-protein (ACP)] synthase III, C-terminal"	"-"
"PPA0983"	332	"Pfam"	"PF08545"	"3-Oxoacyl-[acyl-carrier-protein (ACP)] synthase III"	116	191	"2.1E-24"	"IPR013751"	"3-Oxoacyl-[acyl-carrier-protein (ACP)] synthase III"	"GO:0004315|GO:0006633"
"PPA0984"	333	"Pfam"	"PF00698"	"Acyl transferase domain"	28	304	"1.1E-20"	"IPR014043"	"Acyl transferase"	"-"
"PPA0985"	304	"Pfam"	"PF08546"	"Ketopantoate reductase PanE/ApbA C terminal"	177	296	"1.5E-19"	"IPR013752"	"Ketopantoate reductase, C-terminal domain"	"-"
"PPA0985"	304	"Pfam"	"PF02558"	"Ketopantoate reductase PanE/ApbA"	4	136	"8.1E-29"	"IPR013332"	"Ketopantoate reductase, N-terminal domain"	"-"
"PPA0986"	121	"Pfam"	"PF02579"	"Dinitrogenase iron-molybdenum cofactor"	11	96	"1.8E-7"	"IPR003731"	"Dinitrogenase iron-molybdenum cofactor biosynthesis"	"-"
"PPA0987"	481	"Pfam"	"PF00083"	"Sugar (and other) transporter"	34	466	"8.7E-88"	"IPR005828"	"Major facilitator,  sugar transporter-like"	"GO:0016021|GO:0022857|GO:0055085"
"PPA0988"	413	"Pfam"	"PF17853"	"GGDEF-like domain"	190	302	"2.7E-12"	"IPR041522"	"CdaR, GGDEF-like domain"	"-"
"PPA0988"	413	"Pfam"	"PF13556"	"PucR C-terminal helix-turn-helix domain"	350	407	"3.0E-19"	"IPR025736"	"PucR C-terminal helix-turn-helix domain"	"-"
"PPA0989"	917	"Pfam"	"PF00456"	"Transketolase, thiamine diphosphate binding domain"	150	308	"2.7E-9"	"IPR005474"	"Transketolase, N-terminal"	"-"
"PPA0989"	917	"Pfam"	"PF17831"	"Pyruvate dehydrogenase E1 component middle domain"	496	714	"4.4E-77"	"IPR041621"	"Pyruvate dehydrogenase E1 component, middle domain"	"-"
"PPA0990"	302	"Pfam"	"PF00704"	"Glycosyl hydrolases family 18"	74	227	"1.3E-15"	"IPR001223"	"Glycoside hydrolase family 18, catalytic domain"	"GO:0005975"
"PPA0991"	134	"Pfam"	"PF11253"	"Protein of unknown function (DUF3052)"	8	129	"6.3E-46"	"IPR021412"	"Protein of unknown function DUF3052"	"-"
"PPA0992"	81	"Pfam"	"PF14310"	"Fibronectin type III-like domain"	18	67	"4.0E-17"	"IPR026891"	"Fibronectin type III-like domain"	"-"
"PPA0993"	193	"Pfam"	"PF00857"	"Isochorismatase family"	7	191	"5.5E-21"	"IPR000868"	"Isochorismatase-like"	"-"
"PPA0994"	336	"Pfam"	"PF00248"	"Aldo/keto reductase family"	31	330	"5.5E-64"	"IPR023210"	"NADP-dependent oxidoreductase domain"	"-"
"PPA0995"	191	"Pfam"	"PF00156"	"Phosphoribosyl transferase domain"	12	159	"9.3E-24"	"IPR000836"	"Phosphoribosyltransferase domain"	"-"
"PPA0997"	314	"Pfam"	"PF02729"	"Aspartate/ornithine carbamoyltransferase, carbamoyl-P binding domain"	16	156	"1.6E-32"	"IPR006132"	"Aspartate/ornithine carbamoyltransferase, carbamoyl-P binding"	"GO:0006520|GO:0016743"
"PPA0997"	314	"Pfam"	"PF00185"	"Aspartate/ornithine carbamoyltransferase, Asp/Orn binding domain"	162	305	"1.4E-19"	"IPR006131"	"Aspartate/ornithine carbamoyltransferase, Asp/Orn-binding domain"	"GO:0006520|GO:0016597|GO:0016743"
"PPA0998"	445	"Pfam"	"PF01979"	"Amidohydrolase family"	55	426	"1.9E-34"	"IPR006680"	"Amidohydrolase-related"	"GO:0016787"
"PPA0999"	362	"Pfam"	"PF00988"	"Carbamoyl-phosphate synthase small chain, CPSase domain"	6	131	"5.1E-48"	"IPR002474"	"Carbamoyl-phosphate synthase small subunit, N-terminal domain"	"-"
"PPA0999"	362	"Pfam"	"PF00117"	"Glutamine amidotransferase class-I"	175	351	"1.3E-40"	"IPR017926"	"Glutamine amidotransferase"	"-"
"PPA1000"	1068	"Pfam"	"PF02786"	"Carbamoyl-phosphate synthase L chain, ATP binding domain"	666	872	"4.7E-35"	"IPR005479"	"Carbamoyl-phosphate synthetase large subunit-like, ATP-binding domain"	"GO:0005524"
"PPA1000"	1068	"Pfam"	"PF02786"	"Carbamoyl-phosphate synthase L chain, ATP binding domain"	128	333	"1.7E-72"	"IPR005479"	"Carbamoyl-phosphate synthetase large subunit-like, ATP-binding domain"	"GO:0005524"
"PPA1000"	1068	"Pfam"	"PF02787"	"Carbamoyl-phosphate synthetase large chain, oligomerisation domain"	423	499	"3.9E-21"	"IPR005480"	"Carbamoyl-phosphate synthetase, large subunit oligomerisation domain"	"-"
"PPA1000"	1068	"Pfam"	"PF02142"	"MGS-like domain"	956	1046	"4.9E-16"	"IPR011607"	"Methylglyoxal synthase-like domain"	"-"
"PPA1001"	264	"Pfam"	"PF10418"	"Iron-sulfur cluster binding domain of dihydroorotate dehydrogenase B"	223	262	"4.0E-15"	"IPR019480"	"Dihydroorotate dehydrogenase, electron transfer subunit, iron-sulphur cluster binding domain"	"-"
"PPA1002"	307	"Pfam"	"PF01180"	"Dihydroorotate dehydrogenase"	4	288	"1.1E-85"	"IPR005720"	"Dihydroorotate dehydrogenase domain"	"GO:0005737|GO:0016627"
"PPA1003"	236	"Pfam"	"PF00215"	"Orotidine 5'-phosphate decarboxylase / HUMPS family"	7	225	"1.2E-44"	"IPR001754"	"Orotidine 5'-phosphate decarboxylase domain"	"GO:0004590|GO:0006207"
"PPA1004"	216	"Pfam"	"PF00156"	"Phosphoribosyl transferase domain"	53	167	"5.9E-12"	"IPR000836"	"Phosphoribosyltransferase domain"	"-"
"PPA1005"	268	"Pfam"	"PF03881"	"Fructosamine kinase"	57	264	"3.8E-27"	"IPR016477"	"Fructosamine/Ketosamine-3-kinase"	"-"
"PPA1006"	481	"Pfam"	"PF18693"	"TRAM domain"	418	477	"1.2E-11"	"IPR041582"	"RimO, TRAM domain"	"-"
"PPA1006"	481	"Pfam"	"PF04055"	"Radical SAM superfamily"	193	362	"1.1E-19"	"IPR007197"	"Radical SAM"	"GO:0003824|GO:0051536"
"PPA1006"	481	"Pfam"	"PF00919"	"Uncharacterized protein family UPF0004"	10	108	"2.1E-28"	"IPR013848"	"Methylthiotransferase, N-terminal"	"GO:0035596|GO:0051539"
"PPA1007"	204	"Pfam"	"PF01066"	"CDP-alcohol phosphatidyltransferase"	12	81	"1.9E-15"	"IPR000462"	"CDP-alcohol phosphatidyltransferase"	"GO:0008654|GO:0016020|GO:0016780"
"PPA1008"	161	"Pfam"	"PF02464"	"Competence-damaged protein"	8	151	"1.9E-41"	"IPR008136"	"CinA, C-terminal"	"-"
"PPA1009"	91	"Pfam"	"PF13560"	"Helix-turn-helix domain"	10	67	"4.8E-10"	"-"	"-"	""
"PPA1010"	267	"Pfam"	"PF00455"	"DeoR C terminal sensor domain"	84	241	"3.1E-41"	"IPR014036"	"DeoR C-terminal sensor domain"	"-"
"PPA1010"	267	"Pfam"	"PF08220"	"DeoR-like helix-turn-helix domain"	15	67	"8.5E-12"	"IPR001034"	"DeoR-type HTH domain"	"GO:0003700|GO:0006355"
"PPA1011"	59	"Pfam"	"PF11248"	"Protein of unknown function (DUF3046)"	2	53	"2.5E-15"	"IPR021408"	"Protein of unknown function DUF3046"	"-"
"PPA1012"	348	"Pfam"	"PF00154"	"recA bacterial DNA recombination protein"	9	270	"0.0"	"IPR013765"	"DNA recombination and repair protein RecA"	"GO:0003697|GO:0005524|GO:0006281"
"PPA1013"	171	"Pfam"	"PF02631"	"RecX family"	32	151	"2.1E-25"	"IPR003783"	"Regulatory protein RecX"	"GO:0006282"
"PPA1014"	542	"Pfam"	"PF00013"	"KH domain"	233	289	"5.1E-7"	"IPR004088"	"K Homology domain, type 1"	"GO:0003723"
"PPA1014"	542	"Pfam"	"PF01966"	"HD domain"	355	448	"3.5E-18"	"IPR006674"	"HD domain"	"-"
"PPA1014"	542	"Pfam"	"PF12072"	"RNase Y N-terminal region"	7	224	"4.3E-9"	"IPR022711"	"Ribonuclease Y, N-terminal"	"-"
"PPA1015"	299	"Pfam"	"PF01263"	"Aldose 1-epimerase"	12	293	"1.4E-37"	"IPR008183"	"Aldose 1-/Glucose-6-phosphate 1-epimerase"	"GO:0005975|GO:0016853"
"PPA1016"	513	"Pfam"	"PF03606"	"C4-dicarboxylate anaerobic carrier"	16	511	"0.0"	"IPR018385"	"C4-dicarboxylate anaerobic carrier-like"	"GO:0016021"
"PPA1017"	494	"Pfam"	"PF04055"	"Radical SAM superfamily"	162	332	"1.1E-27"	"IPR007197"	"Radical SAM"	"GO:0003824|GO:0051536"
"PPA1017"	494	"Pfam"	"PF00919"	"Uncharacterized protein family UPF0004"	14	115	"1.2E-26"	"IPR013848"	"Methylthiotransferase, N-terminal"	"GO:0035596|GO:0051539"
"PPA1018"	66	"Pfam"	"PF14013"	"MT0933-like antitoxin protein"	4	63	"5.5E-23"	"IPR028037"	"Antitoxin Rv0909/MT0933"	"-"
"PPA1019"	319	"Pfam"	"PF01715"	"IPP transferase"	50	287	"1.2E-64"	"-"	"-"	""
"PPA1020"	273	"Pfam"	"PF01678"	"Diaminopimelate epimerase"	146	262	"4.9E-22"	"IPR001653"	"Diaminopimelate epimerase, DapF"	"GO:0008837|GO:0009089"
"PPA1020"	273	"Pfam"	"PF01678"	"Diaminopimelate epimerase"	4	126	"8.9E-29"	"IPR001653"	"Diaminopimelate epimerase, DapF"	"GO:0008837|GO:0009089"
"PPA1021"	483	"Pfam"	"PF01926"	"50S ribosome-binding GTPase"	265	383	"8.5E-21"	"IPR006073"	"GTP binding domain"	"GO:0005525"
"PPA1021"	483	"Pfam"	"PF13167"	"GTP-binding GTPase N-terminal"	83	170	"6.0E-32"	"IPR025121"	"GTPase HflX, N-terminal"	"-"
"PPA1021"	483	"Pfam"	"PF16360"	"GTP-binding GTPase Middle Region"	172	257	"2.1E-25"	"IPR032305"	"GTP-binding protein, middle domain"	"-"
"PPA1022"	682	"Pfam"	"PF13307"	"Helicase C-terminal domain"	504	663	"6.3E-28"	"IPR006555"	"ATP-dependent helicase, C-terminal"	"GO:0003676|GO:0004386|GO:0005524|GO:0006139|GO:0016818"
"PPA1023"	224	"Pfam"	"PF01726"	"LexA DNA binding domain"	30	86	"5.7E-7"	"IPR006199"	"LexA repressor, DNA-binding domain"	"GO:0004252|GO:0006508"
"PPA1023"	224	"Pfam"	"PF00717"	"Peptidase S24-like"	115	216	"8.3E-10"	"IPR015927"	"Peptidase S24/S26A/S26B/S26C"	"-"
"PPA1025"	169	"Pfam"	"PF03477"	"ATP cone domain"	47	132	"5.0E-13"	"IPR005144"	"ATP-cone domain"	"-"
"PPA1026"	950	"Pfam"	"PF08471"	"Class II vitamin B12-dependent ribonucleotide reductase"	48	131	"1.3E-18"	"IPR013678"	"Ribonucleotide reductase class II vitamin B12-dependent, N-terminal domain"	"GO:0004748|GO:0050897"
"PPA1026"	950	"Pfam"	"PF02867"	"Ribonucleotide reductase, barrel domain"	152	688	"0.0"	"IPR000788"	"Ribonucleotide reductase large subunit, C-terminal"	"GO:0006260"
"PPA1027"	310	"Pfam"	"PF10722"	"Putative bacterial sensory transduction regulator"	197	270	"1.2E-4"	"IPR019660"	"Putative sensory transduction regulator YbjN"	"-"
"PPA1028"	284	"Pfam"	"PF00582"	"Universal stress protein family"	164	283	"1.6E-6"	"IPR006016"	"UspA"	"-"
"PPA1028"	284	"Pfam"	"PF00582"	"Universal stress protein family"	14	148	"1.2E-15"	"IPR006016"	"UspA"	"-"
"PPA1029"	1361	"Pfam"	"PF00270"	"DEAD/DEAH box helicase"	29	175	"3.5E-7"	"IPR011545"	"DEAD/DEAH box helicase domain"	"GO:0003676|GO:0005524"
"PPA1029"	1361	"Pfam"	"PF04408"	"Helicase associated domain (HA2)"	436	552	"1.3E-15"	"IPR007502"	"Helicase-associated domain"	"GO:0004386"
"PPA1029"	1361	"Pfam"	"PF07717"	"Oligonucleotide/oligosaccharide-binding (OB)-fold"	658	742	"1.3E-14"	"IPR011709"	"DEAD-box helicase, OB fold"	"-"
"PPA1029"	1361	"Pfam"	"PF11898"	"Domain of unknown function (DUF3418)"	757	1358	"0.0"	"IPR024590"	"RNA helicase HrpA, C-terminal"	"-"
"PPA1029"	1361	"Pfam"	"PF00271"	"Helicase conserved C-terminal domain"	254	373	"7.5E-10"	"IPR001650"	"Helicase, C-terminal"	"-"
"PPA1030"	298	"Pfam"	"PF13622"	"Thioesterase-like superfamily"	32	278	"7.1E-51"	"-"	"-"	""
"PPA1031"	312	"Pfam"	"PF04539"	"Sigma-70 region 3"	162	237	"5.0E-21"	"IPR007624"	"RNA polymerase sigma-70 region 3"	"GO:0003700|GO:0006352|GO:0006355"
"PPA1031"	312	"Pfam"	"PF04542"	"Sigma-70 region 2"	83	152	"3.1E-20"	"IPR007627"	"RNA polymerase sigma-70 region 2"	"GO:0003700|GO:0006352|GO:0006355"
"PPA1031"	312	"Pfam"	"PF00140"	"Sigma-70 factor, region 1.2"	17	50	"5.1E-13"	"IPR009042"	"RNA polymerase sigma-70 region 1.2"	"GO:0003677|GO:0003700|GO:0006352|GO:0006355|GO:0016987"
"PPA1031"	312	"Pfam"	"PF04545"	"Sigma-70, region 4"	251	304	"6.4E-12"	"IPR007630"	"RNA polymerase sigma-70 region 4"	"GO:0003700|GO:0006352|GO:0006355"
"PPA1032"	506	"Pfam"	"PF04542"	"Sigma-70 region 2"	273	342	"8.3E-22"	"IPR007627"	"RNA polymerase sigma-70 region 2"	"GO:0003700|GO:0006352|GO:0006355"
"PPA1032"	506	"Pfam"	"PF04545"	"Sigma-70, region 4"	441	494	"4.9E-18"	"IPR007630"	"RNA polymerase sigma-70 region 4"	"GO:0003700|GO:0006352|GO:0006355"
"PPA1032"	506	"Pfam"	"PF04539"	"Sigma-70 region 3"	352	428	"1.6E-27"	"IPR007624"	"RNA polymerase sigma-70 region 3"	"GO:0003700|GO:0006352|GO:0006355"
"PPA1032"	506	"Pfam"	"PF00140"	"Sigma-70 factor, region 1.2"	207	240	"1.3E-13"	"IPR009042"	"RNA polymerase sigma-70 region 1.2"	"GO:0003677|GO:0003700|GO:0006352|GO:0006355|GO:0016987"
"PPA1033"	857	"Pfam"	"PF00703"	"Glycosyl hydrolases family 2"	215	317	"6.7E-10"	"IPR006102"	"Glycoside hydrolase, family 2, immunoglobulin-like beta-sandwich"	"GO:0004553|GO:0005975"
"PPA1034"	202	"Pfam"	"PF00440"	"Bacterial regulatory proteins, tetR family"	24	70	"2.1E-8"	"IPR001647"	"DNA-binding HTH domain, TetR-type"	"GO:0003677"
"PPA1035"	428	"Pfam"	"PF07859"	"alpha/beta hydrolase fold"	199	404	"1.0E-17"	"IPR013094"	"Alpha/beta hydrolase fold-3"	"GO:0016787"
"PPA1036"	82	"Pfam"	"PF13508"	"Acetyltransferase (GNAT) domain"	12	60	"3.7E-6"	"IPR000182"	"GNAT domain"	"GO:0016407"
"PPA1039"	424	"Pfam"	"PF01593"	"Flavin containing amine oxidoreductase"	17	368	"2.1E-19"	"IPR002937"	"Amine oxidase"	"GO:0016491"
"PPA1040"	193	"Pfam"	"PF00583"	"Acetyltransferase (GNAT) family"	87	163	"1.1E-7"	"IPR000182"	"GNAT domain"	"GO:0016407"
"PPA1042"	698	"Pfam"	"PF00204"	"DNA gyrase B"	253	444	"3.4E-49"	"IPR013506"	"DNA topoisomerase, type IIA, subunit B, domain 2"	"GO:0003677|GO:0003918|GO:0005524|GO:0006265"
"PPA1042"	698	"Pfam"	"PF02518"	"Histidine kinase-, DNA gyrase B-, and HSP90-like ATPase"	35	143	"1.4E-15"	"IPR003594"	"Histidine kinase/HSP90-like ATPase"	"-"
"PPA1042"	698	"Pfam"	"PF01751"	"Toprim domain"	473	573	"7.0E-13"	"IPR006171"	"TOPRIM  domain"	"-"
"PPA1042"	698	"Pfam"	"PF00986"	"DNA gyrase B subunit, carboxyl terminus"	629	684	"1.4E-24"	"IPR002288"	"DNA gyrase B subunit, C-terminal"	"GO:0003677|GO:0003918|GO:0005524|GO:0006265"
"PPA1043"	439	"Pfam"	"PF03605"	"Anaerobic c4-dicarboxylate membrane transporter"	6	370	"8.1E-128"	"IPR004668"	"Anaerobic c4-dicarboxylate membrane transporter"	"GO:0015556|GO:0015740|GO:0016021"
"PPA1044"	447	"Pfam"	"PF11700"	"Vacuole effluxer Atg22 like"	141	400	"9.2E-34"	"IPR024671"	"Autophagy-related protein 22-like"	"-"
"PPA1045"	844	"Pfam"	"PF00521"	"DNA gyrase/topoisomerase IV, subunit A"	38	465	"0.0"	"IPR002205"	"DNA topoisomerase, type IIA,  domain A"	"GO:0003677|GO:0003918|GO:0005524|GO:0006265"
"PPA1045"	844	"Pfam"	"PF03989"	"DNA gyrase C-terminal domain, beta-propeller"	661	696	"2.2E-4"	"IPR006691"	"DNA gyrase/topoisomerase IV, subunit A, C-terminal repeat"	"GO:0003677|GO:0003916|GO:0005524|GO:0006265"
"PPA1045"	844	"Pfam"	"PF03989"	"DNA gyrase C-terminal domain, beta-propeller"	727	756	"0.11"	"IPR006691"	"DNA gyrase/topoisomerase IV, subunit A, C-terminal repeat"	"GO:0003677|GO:0003916|GO:0005524|GO:0006265"
"PPA1046"	364	"Pfam"	"PF09949"	"Uncharacterized conserved protein (DUF2183)"	212	308	"1.8E-28"	"IPR019236"	"Phosphatidate phosphatase APP1, catalytic domain"	"GO:0008195"
"PPA1047"	198	"Pfam"	"PF19461"	"Family of unknown function (DUF5998)"	16	194	"7.3E-65"	"IPR046040"	"Protein of unknown function DUF5998"	"-"
"PPA1048"	375	"Pfam"	"PF01663"	"Type I phosphodiesterase / nucleotide pyrophosphatase"	45	358	"1.6E-41"	"IPR002591"	"Type I phosphodiesterase/nucleotide pyrophosphatase/phosphate transferase"	"-"
"PPA1049"	216	"Pfam"	"PF00265"	"Thymidine kinase"	3	191	"5.5E-24"	"IPR001267"	"Thymidine kinase"	"GO:0004797|GO:0005524"
"PPA1050"	359	"Pfam"	"PF11268"	"Protein of unknown function (DUF3071)"	3	120	"8.9E-30"	"IPR021421"	"Protein of unknown function DUF3071"	"-"
"PPA1051"	98	"Pfam"	"PF13834"	"Domain of unknown function (DUF4193)"	1	98	"6.0E-43"	"IPR025242"	"Protein of unknown function DUF4193"	"-"
"PPA1052"	99	"Pfam"	"PF14019"	"Protein of unknown function (DUF4235)"	8	82	"1.6E-17"	"IPR025329"	"Protein of unknown function DUF4235"	"-"
"PPA1053"	176	"Pfam"	"PF11292"	"Protein of unknown function (DUF3093)"	11	149	"4.1E-34"	"IPR021443"	"Protein of unknown function DUF3093"	"-"
"PPA1054"	152	"Pfam"	"PF00692"	"dUTPase"	14	143	"3.0E-32"	"IPR029054"	"dUTPase-like"	"-"
"PPA1055"	244	"Pfam"	"PF12502"	"Protein of unknown function (DUF3710)"	60	239	"4.4E-50"	"IPR022183"	"Protein of unknown function DUF3710"	"-"
"PPA1057"	219	"Pfam"	"PF02254"	"TrkA-N domain"	3	118	"2.8E-25"	"IPR003148"	"Regulator of K+ conductance, N-terminal"	"GO:0006813"
"PPA1057"	219	"Pfam"	"PF02080"	"TrkA-C domain"	149	209	"3.8E-9"	"IPR006037"	"Regulator of K+ conductance, C-terminal"	"GO:0006813|GO:0008324"
"PPA1058"	225	"Pfam"	"PF02254"	"TrkA-N domain"	8	121	"7.9E-24"	"IPR003148"	"Regulator of K+ conductance, N-terminal"	"GO:0006813"
"PPA1059"	674	"Pfam"	"PF13520"	"Amino acid permease"	52	464	"7.3E-27"	"IPR002293"	"Amino acid/polyamine transporter I"	"GO:0016020|GO:0022857|GO:0055085"
"PPA1060"	393	"Pfam"	"PF01938"	"TRAM domain"	21	56	"1.6E-6"	"IPR002792"	"TRAM domain"	"-"
"PPA1060"	393	"Pfam"	"PF05958"	"tRNA (Uracil-5-)-methyltransferase"	317	390	"9.5E-6"	"IPR010280"	"(Uracil-5)-methyltransferase family"	"GO:0006396|GO:0008173"
"PPA1061"	888	"Pfam"	"PF00330"	"Aconitase family (aconitate hydratase)"	64	555	"0.0"	"IPR001030"	"Aconitase/3-isopropylmalate dehydratase large subunit, alpha/beta/alpha domain"	"-"
"PPA1061"	888	"Pfam"	"PF00694"	"Aconitase C-terminal domain"	687	814	"4.1E-43"	"IPR000573"	"Aconitase A/isopropylmalate dehydratase small subunit, swivel domain"	"-"
"PPA1062"	634	"Pfam"	"PF02779"	"Transketolase, pyrimidine binding domain"	326	486	"3.6E-34"	"IPR005475"	"Transketolase-like, pyrimidine-binding domain"	"-"
"PPA1062"	634	"Pfam"	"PF02780"	"Transketolase, C-terminal domain"	508	618	"8.7E-13"	"IPR033248"	"Transketolase, C-terminal domain"	"-"
"PPA1062"	634	"Pfam"	"PF13292"	"1-deoxy-D-xylulose-5-phosphate synthase"	14	289	"3.4E-106"	"IPR005477"	"Deoxyxylulose-5-phosphate synthase"	"GO:0008661|GO:0016114"
"PPA1063"	412	"Pfam"	"PF01612"	"3'-5' exonuclease"	18	183	"6.6E-31"	"IPR002562"	"3'-5' exonuclease domain"	"GO:0003676|GO:0006139|GO:0008408"
"PPA1063"	412	"Pfam"	"PF18305"	"3' to 5' exonuclease C-terminal domain"	323	405	"5.3E-26"	"IPR041605"	"3'-5' exonuclease C-terminal domain"	"-"
"PPA1064"	189	"Pfam"	"PF11452"	"Protein of unknown function (DUF3000)"	3	174	"9.2E-59"	"IPR021555"	"Protein of unknown function DUF3000"	"-"
"PPA1065"	148	"Pfam"	"PF01641"	"SelR domain"	21	142	"1.8E-48"	"IPR002579"	"Peptide methionine sulphoxide reductase MrsB domain"	"GO:0033743"
"PPA1067"	222	"Pfam"	"PF13309"	"HTH domain"	147	205	"1.6E-19"	"IPR039445"	"Transcriptional regulator DauR-like, HTH domain"	"-"
"PPA1067"	222	"Pfam"	"PF08348"	"YheO-like PAS domain"	4	109	"1.3E-23"	"IPR013559"	"YheO-like"	"-"
"PPA1068"	458	"Pfam"	"PF01212"	"Beta-eliminating lyase"	46	423	"3.8E-87"	"IPR001597"	"Aromatic amino acid beta-eliminating lyase/threonine aldolase"	"GO:0006520|GO:0016829"
"PPA1069"	484	"Pfam"	"PF00324"	"Amino acid permease"	46	475	"1.2E-111"	"IPR004841"	"Amino acid permease/ SLC12A domain"	"GO:0016020|GO:0055085"
"PPA1072"	353	"Pfam"	"PF00107"	"Zinc-binding dehydrogenase"	186	308	"1.2E-15"	"IPR013149"	"Alcohol dehydrogenase-like, C-terminal"	"-"
"PPA1072"	353	"Pfam"	"PF08240"	"Alcohol dehydrogenase GroES-like domain"	29	144	"5.7E-30"	"IPR013154"	"Alcohol dehydrogenase, N-terminal"	"-"
"PPA1073"	446	"Pfam"	"PF07730"	"Histidine kinase"	235	298	"3.0E-16"	"IPR011712"	"Signal transduction histidine kinase, subgroup 3, dimerisation and phosphoacceptor domain"	"GO:0000155|GO:0000160|GO:0016021|GO:0046983"
"PPA1073"	446	"Pfam"	"PF02518"	"Histidine kinase-, DNA gyrase B-, and HSP90-like ATPase"	340	429	"4.5E-7"	"IPR003594"	"Histidine kinase/HSP90-like ATPase"	"-"
"PPA1076"	684	"Pfam"	"PF07973"	"Threonyl and Alanyl tRNA synthetase second additional domain"	186	232	"4.6E-10"	"IPR012947"	"Threonyl/alanyl tRNA synthetase, SAD"	"GO:0004812|GO:0005524|GO:0043039"
"PPA1076"	684	"Pfam"	"PF03129"	"Anticodon binding domain"	574	662	"1.7E-14"	"IPR004154"	"Anticodon-binding"	"-"
"PPA1076"	684	"Pfam"	"PF00587"	"tRNA synthetase class II core domain (G, H, P, S and T)"	349	562	"1.8E-33"	"IPR002314"	"Aminoacyl-tRNA synthetase, class II (G/ P/ S/T)"	"GO:0000166|GO:0004812|GO:0005524|GO:0006418"
"PPA1077"	405	"Pfam"	"PF01230"	"HIT domain"	277	369	"3.0E-14"	"IPR011146"	"HIT-like domain"	"GO:0003824"
"PPA1078"	207	"Pfam"	"PF01066"	"CDP-alcohol phosphatidyltransferase"	25	90	"5.4E-11"	"IPR000462"	"CDP-alcohol phosphatidyltransferase"	"GO:0008654|GO:0016020|GO:0016780"
"PPA1079"	217	"Pfam"	"PF01066"	"CDP-alcohol phosphatidyltransferase"	30	94	"8.0E-15"	"IPR000462"	"CDP-alcohol phosphatidyltransferase"	"GO:0008654|GO:0016020|GO:0016780"
"PPA1080"	255	"Pfam"	"PF05949"	"Bacterial protein of unknown function (DUF881)"	115	248	"4.8E-35"	"IPR010273"	"Protein of unknown function DUF881"	"-"
"PPA1081"	110	"Pfam"	"PF06947"	"Protein of unknown function (DUF1290)"	22	108	"1.2E-33"	"IPR009709"	"Protein of unknown function DUF1290"	"-"
"PPA1082"	250	"Pfam"	"PF05949"	"Bacterial protein of unknown function (DUF881)"	110	246	"2.0E-31"	"IPR010273"	"Protein of unknown function DUF881"	"-"
"PPA1083"	134	"Pfam"	"PF01597"	"Glycine cleavage H-protein"	15	127	"2.2E-21"	"IPR033753"	"Glycine cleavage system H-protein/Simiate"	"-"
"PPA1084"	192	"Pfam"	"PF00498"	"FHA domain"	108	171	"4.2E-16"	"IPR000253"	"Forkhead-associated (FHA) domain"	"GO:0005515"
"PPA1084"	192	"Pfam"	"PF13240"	"zinc-ribbon domain"	16	38	"3.1E-7"	"IPR026870"	"Zinc-ribbon domain"	"-"
"PPA1085"	237	"Pfam"	"PF00376"	"MerR family regulatory protein"	7	48	"3.3E-11"	"IPR000551"	"MerR-type HTH domain"	"GO:0003677|GO:0006355"
"PPA1086"	159	"Pfam"	"PF02577"	"Domain of unknown function (DUF151)"	20	127	"1.7E-28"	"IPR003729"	"Bifunctional nuclease domain"	"GO:0004518"
"PPA1087"	195	"Pfam"	"PF13411"	"MerR HTH family regulatory protein"	45	109	"1.4E-14"	"IPR000551"	"MerR-type HTH domain"	"GO:0003677|GO:0006355"
"PPA1088"	418	"Pfam"	"PF03631"	"Virulence factor BrkB"	29	289	"4.4E-36"	"IPR017039"	"Virulence factor BrkB"	"-"
"PPA1089"	383	"Pfam"	"PF07690"	"Major Facilitator Superfamily"	3	242	"1.5E-16"	"IPR011701"	"Major facilitator superfamily"	"GO:0022857|GO:0055085"
"PPA1090"	399	"Pfam"	"PF00365"	"Phosphofructokinase"	5	338	"2.1E-36"	"IPR000023"	"Phosphofructokinase domain"	"GO:0003872|GO:0006096"
"PPA1092"	222	"Pfam"	"PF01300"	"Telomere recombination"	39	214	"3.6E-42"	"IPR006070"	"Threonylcarbamoyl-AMP synthase-like domain"	"GO:0003725"
"PPA1093"	233	"Pfam"	"PF01048"	"Phosphorylase superfamily"	2	225	"2.3E-45"	"IPR000845"	"Nucleoside phosphorylase domain"	"GO:0003824|GO:0009116"
"PPA1094"	309	"Pfam"	"PF00781"	"Diacylglycerol kinase catalytic domain"	17	136	"1.3E-17"	"IPR001206"	"Diacylglycerol kinase, catalytic domain"	"GO:0016301"
"PPA1094"	309	"Pfam"	"PF19279"	"YegS C-terminal NAD kinase beta sandwich-like domain"	151	307	"2.3E-10"	"IPR045540"	"YegS/DAGK, C-terminal domain"	"-"
"PPA1095"	216	"Pfam"	"PF01205"	"Uncharacterized protein family UPF0029"	18	129	"6.4E-24"	"IPR001498"	"Impact, N-terminal"	"-"
"PPA1096"	584	"Pfam"	"PF13515"	"Fusaric acid resistance protein-like"	310	435	"1.8E-20"	"-"	"-"	""
"PPA1098"	203	"Pfam"	"PF00012"	"Hsp70 protein"	41	118	"9.7E-8"	"IPR013126"	"Heat shock protein 70 family"	"GO:0005524|GO:0140662"
"PPA1099"	338	"Pfam"	"PF09754"	"PAC2 family"	27	244	"1.9E-32"	"IPR019151"	"Proteasome assembly chaperone 2"	"-"
"PPA1100"	258	"Pfam"	"PF00160"	"Cyclophilin type peptidyl-prolyl cis-trans isomerase/CLD"	106	253	"1.6E-11"	"IPR002130"	"Cyclophilin-type peptidyl-prolyl cis-trans isomerase domain"	"GO:0000413|GO:0003755"
"PPA1101"	272	"Pfam"	"PF12697"	"Alpha/beta hydrolase family"	19	256	"8.4E-19"	"IPR000073"	"Alpha/beta hydrolase fold-1"	"-"
"PPA1102"	265	"Pfam"	"PF01939"	"Endonuclease NucS"	30	264	"4.7E-69"	"IPR002793"	"Endonuclease NucS"	"GO:0004519"
"PPA1103"	445	"Pfam"	"PF05103"	"DivIVA protein"	29	134	"3.8E-9"	"IPR007793"	"DivIVA family"	"-"
"PPA1104"	152	"Pfam"	"PF13669"	"Glyoxalase/Bleomycin resistance protein/Dioxygenase superfamily"	13	127	"1.9E-16"	"-"	"-"	""
"PPA1105"	543	"Pfam"	"PF02880"	"Phosphoglucomutase/phosphomannomutase, alpha/beta/alpha domain III"	318	436	"1.4E-26"	"IPR005846"	"Alpha-D-phosphohexomutase, alpha/beta/alpha domain III"	"GO:0005975|GO:0016868"
"PPA1105"	543	"Pfam"	"PF00408"	"Phosphoglucomutase/phosphomannomutase, C-terminal domain"	473	536	"2.0E-9"	"IPR005843"	"Alpha-D-phosphohexomutase, C-terminal"	"GO:0016868|GO:0071704"
"PPA1105"	543	"Pfam"	"PF02879"	"Phosphoglucomutase/phosphomannomutase, alpha/beta/alpha domain II"	207	312	"2.0E-13"	"IPR005845"	"Alpha-D-phosphohexomutase, alpha/beta/alpha domain II"	"GO:0005975"
"PPA1105"	543	"Pfam"	"PF02878"	"Phosphoglucomutase/phosphomannomutase, alpha/beta/alpha domain I"	40	179	"8.1E-32"	"IPR005844"	"Alpha-D-phosphohexomutase, alpha/beta/alpha domain I"	"GO:0005975|GO:0016868"
"PPA1106"	313	"Pfam"	"PF00085"	"Thioredoxin"	47	144	"7.4E-10"	"IPR013766"	"Thioredoxin domain"	"-"
"PPA1106"	313	"Pfam"	"PF14561"	"Tetratricopeptide repeat"	227	313	"8.2E-21"	"-"	"-"	""
"PPA1107"	247	"Pfam"	"PF13419"	"Haloacid dehalogenase-like hydrolase"	16	211	"4.1E-16"	"IPR041492"	"Haloacid dehalogenase-like hydrolase"	"-"
"PPA1108"	835	"Pfam"	"PF03632"	"Glycosyl hydrolase family 65 central catalytic domain"	346	724	"1.0E-115"	"IPR005195"	"Glycoside hydrolase, family 65, central catalytic"	"GO:0003824|GO:0005975"
"PPA1108"	835	"Pfam"	"PF03636"	"Glycosyl hydrolase family 65, N-terminal domain"	23	289	"3.9E-63"	"IPR005196"	"Glycoside hydrolase, family 65, N-terminal"	"GO:0003824|GO:0005975"
"PPA1109"	681	"Pfam"	"PF02378"	"Phosphotransferase system, EIIC"	120	414	"3.7E-24"	"IPR003352"	"Phosphotransferase system, EIIC"	"GO:0008982|GO:0009401|GO:0016020"
"PPA1109"	681	"Pfam"	"PF00358"	"phosphoenolpyruvate-dependent sugar phosphotransferase system, EIIA 1"	534	656	"8.3E-46"	"IPR001127"	"Phosphotransferase system, sugar-specific permease EIIA type 1"	"GO:0009401"
"PPA1109"	681	"Pfam"	"PF00367"	"phosphotransferase system, EIIB"	7	39	"3.1E-14"	"IPR018113"	"Phosphotransferase system EIIB, cysteine phosphorylation site"	"GO:0008982"
"PPA1110"	264	"Pfam"	"PF00293"	"NUDIX domain"	124	234	"4.6E-14"	"IPR000086"	"NUDIX hydrolase domain"	"-"
"PPA1111"	644	"Pfam"	"PF02922"	"Carbohydrate-binding module 48 (Isoamylase N-terminal domain)"	39	114	"1.2E-16"	"IPR004193"	"Glycoside hydrolase, family 13, N-terminal"	"GO:0004553|GO:0005975"
"PPA1111"	644	"Pfam"	"PF00128"	"Alpha amylase, catalytic domain"	184	246	"1.2E-6"	"IPR006047"	"Glycosyl hydrolase, family 13, catalytic domain"	"GO:0005975"
"PPA1111"	644	"Pfam"	"PF02806"	"Alpha amylase, C-terminal all-beta domain"	530	629	"1.3E-17"	"IPR006048"	"Alpha-amylase/branching enzyme, C-terminal all beta"	"GO:0003824|GO:0005975|GO:0043169"
"PPA1112"	432	"Pfam"	"PF18085"	"Maltokinase N-terminal cap domain"	19	98	"4.8E-5"	"IPR040999"	"Maltokinase N-terminal cap domain"	"-"
"PPA1112"	432	"Pfam"	"PF01636"	"Phosphotransferase enzyme family"	216	328	"2.6E-6"	"IPR002575"	"Aminoglycoside phosphotransferase"	"-"
"PPA1113"	615	"Pfam"	"PF16657"	"Maltogenic Amylase, C-terminal domain"	537	606	"1.4E-10"	"IPR032091"	"Maltogenic Amylase, C-terminal"	"-"
"PPA1113"	615	"Pfam"	"PF00128"	"Alpha amylase, catalytic domain"	97	389	"6.4E-67"	"IPR006047"	"Glycosyl hydrolase, family 13, catalytic domain"	"GO:0005975"
"PPA1114"	708	"Pfam"	"PF00128"	"Alpha amylase, catalytic domain"	285	382	"7.9E-5"	"IPR006047"	"Glycosyl hydrolase, family 13, catalytic domain"	"GO:0005975"
"PPA1114"	708	"Pfam"	"PF11896"	"Domain of unknown function (DUF3416)"	60	249	"5.8E-43"	"IPR021828"	"Alpha-1,4-glucan:maltose-1-phosphate maltosyltransferase, domain N/S"	"GO:0004553"
"PPA1115"	706	"Pfam"	"PF00128"	"Alpha amylase, catalytic domain"	315	529	"2.0E-4"	"IPR006047"	"Glycosyl hydrolase, family 13, catalytic domain"	"GO:0005975"
"PPA1115"	706	"Pfam"	"PF00128"	"Alpha amylase, catalytic domain"	190	278	"2.5E-7"	"IPR006047"	"Glycosyl hydrolase, family 13, catalytic domain"	"GO:0005975"
"PPA1115"	706	"Pfam"	"PF02922"	"Carbohydrate-binding module 48 (Isoamylase N-terminal domain)"	14	99	"2.9E-18"	"IPR004193"	"Glycoside hydrolase, family 13, N-terminal"	"GO:0004553|GO:0005975"
"PPA1116"	379	"Pfam"	"PF00266"	"Aminotransferase class-V"	15	364	"8.4E-61"	"IPR000192"	"Aminotransferase class V domain"	"-"
"PPA1117"	366	"Pfam"	"PF03054"	"tRNA methyl transferase"	1	352	"2.2E-113"	"-"	"-"	""
"PPA1118"	328	"Pfam"	"PF01717"	"Cobalamin-independent synthase, Catalytic domain"	1	307	"1.7E-10"	"IPR002629"	"Cobalamin-independent methionine synthase MetE, C-terminal/archaeal"	"GO:0003871|GO:0008270|GO:0009086"
"PPA1122"	107	"Pfam"	"PF02686"	"Glu-tRNAGln amidotransferase C subunit"	27	98	"6.9E-16"	"IPR003837"	"Glu-tRNAGln amidotransferase C subunit"	"GO:0006450"
"PPA1123"	501	"Pfam"	"PF01425"	"Amidase"	25	470	"0.0"	"IPR023631"	"Amidase signature domain"	"-"
"PPA1124"	497	"Pfam"	"PF02934"	"GatB/GatE catalytic domain"	18	311	"1.5E-99"	"IPR006075"	"Aspartyl/Glutamyl-tRNA(Gln) amidotransferase, subunit B/E, catalytic"	"GO:0016874"
"PPA1124"	497	"Pfam"	"PF02637"	"GatB domain"	349	496	"7.9E-41"	"IPR018027"	"Asn/Gln amidotransferase"	"GO:0016884"
"PPA1125"	211	"Pfam"	"PF11716"	"Mycothiol maleylpyruvate isomerase N-terminal domain"	6	85	"6.1E-7"	"IPR024344"	"Mycothiol-dependent maleylpyruvate isomerase, metal-binding domain"	"GO:0046872"
"PPA1126"	125	"Pfam"	"PF01502"	"Phosphoribosyl-AMP cyclohydrolase"	41	113	"5.1E-33"	"IPR002496"	"Phosphoribosyl-AMP cyclohydrolase domain"	"GO:0000105|GO:0004635"
"PPA1128"	229	"Pfam"	"PF09534"	"Tryptophan-associated transmembrane protein (Trp_oprn_chp)"	20	172	"9.8E-22"	"IPR019051"	"Trp biosynthesis associated, transmembrane protein, Oprn/Chp"	"-"
"PPA1130"	266	"Pfam"	"PF00218"	"Indole-3-glycerol phosphate synthase"	11	260	"3.6E-75"	"IPR013798"	"Indole-3-glycerol phosphate synthase domain"	"GO:0004425"
"PPA1131"	418	"Pfam"	"PF00291"	"Pyridoxal-phosphate dependent enzyme"	56	388	"9.7E-49"	"IPR001926"	"Pyridoxal-phosphate dependent enzyme"	"-"
"PPA1132"	165	"Pfam"	"PF00290"	"Tryptophan synthase alpha chain"	11	135	"4.1E-25"	"IPR002028"	"Tryptophan synthase, alpha chain"	"GO:0004834|GO:0006568"
"PPA1133"	296	"Pfam"	"PF01790"	"Prolipoprotein diacylglyceryl transferase"	30	276	"5.4E-61"	"IPR001640"	"Phosphatidylglycerol--prolipoprotein diacylglyceryl transferase Lgt"	"GO:0005887|GO:0008961|GO:0042158"
"PPA1134"	1505	"Pfam"	"PF01645"	"Conserved region in glutamate synthase"	810	1172	"0.0"	"IPR002932"	"Glutamate synthase domain"	"GO:0006537|GO:0015930|GO:0016638"
"PPA1134"	1505	"Pfam"	"PF01493"	"GXGXG motif"	1252	1433	"1.7E-72"	"IPR002489"	"Glutamate synthase, alpha subunit, C-terminal"	"GO:0016491"
"PPA1134"	1505	"Pfam"	"PF00310"	"Glutamine amidotransferases class-II"	21	430	"0.0"	"IPR017932"	"Glutamine amidotransferase type 2 domain"	"-"
"PPA1134"	1505	"Pfam"	"PF04898"	"Glutamate synthase central domain"	456	744	"1.1E-108"	"IPR006982"	"Glutamate synthase, central-N"	"GO:0006807|GO:0015930"
"PPA1135"	490	"Pfam"	"PF14691"	"Dihydroprymidine dehydrogenase domain II, 4Fe-4S cluster"	44	134	"8.8E-21"	"IPR028261"	"Dihydroprymidine dehydrogenase domain II"	"-"
"PPA1135"	490	"Pfam"	"PF07992"	"Pyridine nucleotide-disulphide oxidoreductase"	151	459	"2.9E-27"	"IPR023753"	"FAD/NAD(P)-binding domain"	"GO:0016491"
"PPA1137"	690	"Pfam"	"PF00144"	"Beta-lactamase"	259	650	"7.4E-49"	"IPR001466"	"Beta-lactamase-related"	"-"
"PPA1138"	131	"Pfam"	"PF03729"	"Short repeat of unknown function (DUF308)"	51	97	"6.1E-4"	"IPR005325"	"Protein of unknown function DUF308, membrane"	"-"
"PPA1139"	75	"Pfam"	"PF03729"	"Short repeat of unknown function (DUF308)"	21	72	"1.9E-8"	"IPR005325"	"Protein of unknown function DUF308, membrane"	"-"
"PPA1140"	290	"Pfam"	"PF01380"	"SIS domain"	136	261	"1.4E-19"	"IPR001347"	"SIS domain"	"GO:0097367|GO:1901135"
"PPA1140"	290	"Pfam"	"PF01418"	"Helix-turn-helix domain, rpiR family"	5	78	"1.3E-20"	"IPR000281"	"Helix-turn-helix protein RpiR"	"GO:0003700|GO:0006355"
"PPA1141"	304	"Pfam"	"PF13580"	"SIS domain"	43	166	"5.4E-7"	"IPR001347"	"SIS domain"	"GO:0097367|GO:1901135"
"PPA1142"	519	"Pfam"	"PF02378"	"Phosphotransferase system, EIIC"	164	448	"1.3E-22"	"IPR003352"	"Phosphotransferase system, EIIC"	"GO:0008982|GO:0009401|GO:0016020"
"PPA1142"	519	"Pfam"	"PF00367"	"phosphotransferase system, EIIB"	22	55	"1.1E-12"	"IPR018113"	"Phosphotransferase system EIIB, cysteine phosphorylation site"	"GO:0008982"
"PPA1144"	311	"Pfam"	"PF01869"	"BadF/BadG/BcrA/BcrD ATPase family"	2	246	"9.9E-12"	"IPR002731"	"ATPase, BadF/BadG/BcrA/BcrD type"	"-"
"PPA1146"	476	"Pfam"	"PF00232"	"Glycosyl hydrolase family 1"	4	475	"2.4E-91"	"IPR001360"	"Glycoside hydrolase family 1"	"GO:0004553|GO:0005975"
"PPA1147"	103	"Pfam"	"PF02302"	"PTS system, Lactose/Cellobiose specific IIB subunit"	3	93	"8.8E-13"	"IPR003501"	"Phosphotransferase system, EIIB component, type 2/3"	"GO:0008982|GO:0009401"
"PPA1148"	422	"Pfam"	"PF02378"	"Phosphotransferase system, EIIC"	29	342	"4.8E-53"	"IPR003352"	"Phosphotransferase system, EIIC"	"GO:0008982|GO:0009401|GO:0016020"
"PPA1149"	106	"Pfam"	"PF02255"	"PTS system, Lactose/Cellobiose specific IIA subunit"	7	97	"5.6E-29"	"IPR003188"	"Phosphotransferase system, lactose/cellobiose-type IIA subunit"	"GO:0009401"
"PPA1150"	1220	"Pfam"	"PF07733"	"Bacterial DNA polymerase III alpha NTPase domain"	357	625	"7.2E-91"	"IPR011708"	"Bacterial DNA polymerase III, alpha subunit, NTPase domain"	"GO:0006260|GO:0008408"
"PPA1150"	1220	"Pfam"	"PF02811"	"PHP domain"	38	236	"6.3E-42"	"IPR004013"	"PHP domain"	"GO:0003824"
"PPA1150"	1220	"Pfam"	"PF01336"	"OB-fold nucleic acid binding domain"	1058	1134	"8.3E-8"	"IPR004365"	"OB-fold nucleic acid binding domain, AA-tRNA synthetase-type"	"GO:0003676"
"PPA1150"	1220	"Pfam"	"PF14579"	"Helix-hairpin-helix motif"	871	958	"2.3E-24"	"IPR029460"	"DNA polymerase, helix-hairpin-helix motif"	"-"
"PPA1150"	1220	"Pfam"	"PF17657"	"Bacterial DNA polymerase III alpha subunit finger domain"	628	796	"1.1E-57"	"IPR040982"	"DNA polymerase III alpha subunit finger domain"	"-"
"PPA1152"	439	"Pfam"	"PF00815"	"Histidinol dehydrogenase"	21	436	"0.0"	"IPR012131"	"Histidinol dehydrogenase"	"GO:0016616|GO:0046872|GO:0051287"
"PPA1153"	388	"Pfam"	"PF00155"	"Aminotransferase class I and II"	47	365	"4.9E-54"	"IPR004839"	"Aminotransferase, class I/classII"	"GO:0009058|GO:0030170"
"PPA1154"	206	"Pfam"	"PF00475"	"Imidazoleglycerol-phosphate dehydratase"	33	183	"2.2E-54"	"IPR000807"	"Imidazoleglycerol-phosphate dehydratase"	"GO:0000105|GO:0004424"
"PPA1155"	217	"Pfam"	"PF00117"	"Glutamine amidotransferase class-I"	21	201	"2.5E-18"	"IPR017926"	"Glutamine amidotransferase"	"-"
"PPA1156"	255	"Pfam"	"PF00977"	"Histidine biosynthesis protein"	7	232	"8.1E-64"	"IPR006062"	"Histidine biosynthesis protein"	"GO:0000105"
"PPA1157"	264	"Pfam"	"PF01709"	"Transcriptional regulator"	5	250	"5.5E-86"	"IPR002876"	"Transcriptional regulator TACO1-like"	"-"
"PPA1158"	196	"Pfam"	"PF02075"	"Crossover junction endodeoxyribonuclease RuvC"	15	164	"5.2E-49"	"IPR002176"	"Crossover junction endodeoxyribonuclease RuvC"	"GO:0004520|GO:0006281|GO:0006310"
"PPA1159"	201	"Pfam"	"PF07499"	"RuvA, C-terminal domain"	151	199	"1.1E-13"	"IPR011114"	"Holliday junction DNA helicase RuvA, C-terminal"	"GO:0005524|GO:0006281|GO:0006310|GO:0009378|GO:0009379"
"PPA1159"	201	"Pfam"	"PF01330"	"RuvA N terminal domain"	1	61	"2.1E-17"	"IPR013849"	"DNA helicase, Holliday junction RuvA type, domain I, bacterial"	"GO:0005524|GO:0006281|GO:0006310|GO:0009378"
"PPA1159"	201	"Pfam"	"PF14520"	"Helix-hairpin-helix domain"	71	129	"4.4E-13"	"-"	"-"	""
"PPA1160"	342	"Pfam"	"PF05496"	"Holliday junction DNA helicase RuvB P-loop domain"	23	181	"1.7E-69"	"IPR008824"	"RuvB-like P-loop domain"	"GO:0006281|GO:0006310|GO:0009378"
"PPA1160"	342	"Pfam"	"PF17864"	"RuvB AAA lid domain"	184	257	"8.4E-29"	"IPR041445"	"RuvB, AAA lid domain"	"-"
"PPA1160"	342	"Pfam"	"PF05491"	"RuvB C-terminal winged helix domain"	259	328	"1.4E-20"	"IPR008823"	"RuvB C-terminal winged helix domain"	"GO:0003677|GO:0006281|GO:0006310|GO:0009378"
"PPA1161"	155	"Pfam"	"PF02699"	"Preprotein translocase subunit"	23	101	"2.6E-13"	"IPR003849"	"Preprotein translocase YajC"	"-"
"PPA1162"	566	"Pfam"	"PF02355"	"Protein export membrane protein"	344	519	"6.7E-11"	"IPR022813"	"Protein-export membrane protein SecD/SecF, archaeal and bacterial"	"-"
"PPA1163"	391	"Pfam"	"PF07549"	"SecD/SecF GG Motif"	64	83	"4.4E-6"	"IPR022646"	"Protein-export membrane protein SecD/SecF/SecDF, conserved site"	"-"
"PPA1163"	391	"Pfam"	"PF02355"	"Protein export membrane protein"	138	331	"8.6E-55"	"IPR022813"	"Protein-export membrane protein SecD/SecF, archaeal and bacterial"	"-"
"PPA1164"	177	"Pfam"	"PF00156"	"Phosphoribosyl transferase domain"	31	153	"3.3E-16"	"IPR000836"	"Phosphoribosyltransferase domain"	"-"
"PPA1165"	364	"Pfam"	"PF02254"	"TrkA-N domain"	145	261	"1.1E-25"	"IPR003148"	"Regulator of K+ conductance, N-terminal"	"GO:0006813"
"PPA1165"	364	"Pfam"	"PF07885"	"Ion channel"	43	123	"1.6E-12"	"IPR013099"	"Potassium channel domain"	"-"
"PPA1166"	774	"Pfam"	"PF04607"	"Region found in RelA / SpoT proteins"	282	391	"2.9E-35"	"IPR007685"	"RelA/SpoT"	"GO:0015969"
"PPA1166"	774	"Pfam"	"PF02824"	"TGS domain"	438	497	"1.8E-23"	"IPR004095"	"TGS"	"-"
"PPA1166"	774	"Pfam"	"PF13328"	"HD domain"	75	222	"5.5E-48"	"-"	"-"	""
"PPA1166"	774	"Pfam"	"PF13291"	"ACT domain"	694	771	"4.2E-16"	"IPR002912"	"ACT domain"	"-"
"PPA1167"	427	"Pfam"	"PF03993"	"Domain of Unknown Function (DUF349)"	185	258	"4.3E-19"	"IPR007139"	"Protein of unknown function DUF349"	"-"
"PPA1167"	427	"Pfam"	"PF03993"	"Domain of Unknown Function (DUF349)"	109	180	"1.8E-9"	"IPR007139"	"Protein of unknown function DUF349"	"-"
"PPA1167"	427	"Pfam"	"PF03993"	"Domain of Unknown Function (DUF349)"	262	336	"5.0E-16"	"IPR007139"	"Protein of unknown function DUF349"	"-"
"PPA1168"	223	"Pfam"	"PF00753"	"Metallo-beta-lactamase superfamily"	9	198	"6.0E-20"	"IPR001279"	"Metallo-beta-lactamase"	"-"
"PPA1169"	454	"Pfam"	"PF13393"	"Histidyl-tRNA synthetase"	9	336	"1.2E-24"	"IPR041715"	"Class II Histidinyl-tRNA synthetase (HisRS)-like catalytic core domain"	"-"
"PPA1169"	454	"Pfam"	"PF03129"	"Anticodon binding domain"	356	433	"7.4E-6"	"IPR004154"	"Anticodon-binding"	"-"
"PPA1170"	230	"Pfam"	"PF06197"	"Protein of unknown function (DUF998)"	22	215	"2.2E-22"	"IPR009339"	"Protein of unknown function DUF998"	"-"
"PPA1171"	196	"Pfam"	"PF13302"	"Acetyltransferase (GNAT) domain"	22	160	"9.8E-31"	"IPR000182"	"GNAT domain"	"GO:0016407"
"PPA1172"	1477	"Pfam"	"PF06050"	"2-hydroxyglutaryl-CoA dehydratase, D-component"	925	1251	"1.5E-40"	"IPR010327"	"FldB/FldC dehydratase alpha/beta subunit"	"-"
"PPA1172"	1477	"Pfam"	"PF09989"	"CoA enzyme activase uncharacterised domain (DUF2229)"	690	908	"2.3E-69"	"IPR018709"	"CoA enzyme activase, domain of unknown function DUF2229"	"-"
"PPA1172"	1477	"Pfam"	"PF01869"	"BadF/BadG/BcrA/BcrD ATPase family"	19	266	"1.0E-17"	"IPR002731"	"ATPase, BadF/BadG/BcrA/BcrD type"	"-"
"PPA1172"	1477	"Pfam"	"PF01869"	"BadF/BadG/BcrA/BcrD ATPase family"	331	585	"1.4E-32"	"IPR002731"	"ATPase, BadF/BadG/BcrA/BcrD type"	"-"
"PPA1173"	214	"Pfam"	"PF17920"	"Tetracyclin repressor-like, C-terminal domain"	92	207	"2.6E-20"	"IPR041678"	"Tetracyclin repressor-like, C-terminal domain 16"	"-"
"PPA1173"	214	"Pfam"	"PF00440"	"Bacterial regulatory proteins, tetR family"	25	71	"7.8E-12"	"IPR001647"	"DNA-binding HTH domain, TetR-type"	"GO:0003677"
"PPA1175"	606	"Pfam"	"PF01336"	"OB-fold nucleic acid binding domain"	19	102	"1.4E-13"	"IPR004365"	"OB-fold nucleic acid binding domain, AA-tRNA synthetase-type"	"GO:0003676"
"PPA1175"	606	"Pfam"	"PF02938"	"GAD domain"	313	395	"3.3E-17"	"IPR029351"	"GAD domain"	"-"
"PPA1175"	606	"Pfam"	"PF00152"	"tRNA synthetases class II (D, K and N)"	120	560	"2.0E-97"	"IPR004364"	"Aminoacyl-tRNA synthetase, class II (D/K/N)"	"GO:0000166|GO:0004812|GO:0005524|GO:0006418"
"PPA1176"	461	"Pfam"	"PF16193"	"AAA C-terminal domain"	205	282	"5.4E-26"	"IPR032423"	"AAA C-terminal domain"	"-"
"PPA1176"	461	"Pfam"	"PF12002"	"MgsA AAA+ ATPase C terminal"	283	448	"3.7E-71"	"IPR021886"	"MgsA AAA+ ATPase C-terminal"	"-"
"PPA1176"	461	"Pfam"	"PF00004"	"ATPase family associated with various cellular activities (AAA)"	68	171	"6.0E-15"	"IPR003959"	"ATPase, AAA-type, core"	"GO:0005524|GO:0016887"
"PPA1177"	153	"Pfam"	"PF06103"	"Bacterial protein of unknown function (DUF948)"	6	80	"1.0E-14"	"IPR009293"	"Uncharacterised protein family UPF0478"	"-"
"PPA1178"	892	"Pfam"	"PF02272"	"DHHA1 domain"	748	887	"2.6E-14"	"IPR003156"	"DHHA1 domain"	"GO:0003676"
"PPA1178"	892	"Pfam"	"PF01411"	"tRNA synthetases class II (A)"	5	567	"0.0"	"IPR018164"	"Alanyl-tRNA synthetase, class IIc, N-terminal"	"GO:0000166|GO:0004813|GO:0005524|GO:0006419"
"PPA1178"	892	"Pfam"	"PF07973"	"Threonyl and Alanyl tRNA synthetase second additional domain"	667	711	"8.0E-13"	"IPR012947"	"Threonyl/alanyl tRNA synthetase, SAD"	"GO:0004812|GO:0005524|GO:0043039"
"PPA1179"	160	"Pfam"	"PF03652"	"Holliday junction resolvase"	14	144	"3.6E-37"	"IPR005227"	"Putative pre-16S rRNA nuclease"	"GO:0006364"
"PPA1180"	369	"Pfam"	"PF02618"	"YceG-like family"	66	357	"1.7E-79"	"IPR003770"	"Endolytic murein transglycosylase"	"-"
"PPA1181"	268	"Pfam"	"PF08501"	"Shikimate dehydrogenase substrate binding domain"	5	84	"3.6E-21"	"IPR013708"	"Shikimate dehydrogenase substrate binding, N-terminal"	"GO:0004764"
"PPA1182"	398	"Pfam"	"PF01264"	"Chorismate synthase"	2	367	"2.1E-111"	"IPR000453"	"Chorismate synthase"	"GO:0004107|GO:0009073"
"PPA1183"	167	"Pfam"	"PF01202"	"Shikimate kinase"	8	162	"2.5E-36"	"IPR031322"	"Shikimate kinase/gluconokinase"	"-"
"PPA1184"	361	"Pfam"	"PF01761"	"3-dehydroquinate synthase"	56	318	"8.0E-85"	"IPR030960"	"3-dehydroquinate synthase domain"	"-"
"PPA1185"	413	"Pfam"	"PF09587"	"Bacterial capsule synthesis protein PGA_cap"	85	328	"1.6E-59"	"IPR019079"	"Capsule synthesis protein, CapA"	"-"
"PPA1186"	316	"Pfam"	"PF03976"	"Polyphosphate kinase 2 (PPK2)"	71	294	"1.6E-96"	"IPR022488"	"Polyphosphate kinase-2-related"	"-"
"PPA1187"	244	"Pfam"	"PF09285"	"Elongation factor P, C-terminal"	185	240	"1.9E-25"	"IPR015365"	"Elongation factor P, C-terminal"	"GO:0005737|GO:0043043"
"PPA1187"	244	"Pfam"	"PF08207"	"Elongation factor P (EF-P) KOW-like domain"	59	115	"2.6E-23"	"IPR013185"	"Translation elongation factor, KOW-like"	"-"
"PPA1187"	244	"Pfam"	"PF01132"	"Elongation factor P (EF-P) OB domain"	124	177	"2.4E-23"	"IPR001059"	"Translation elongation factor P/YeiP, central"	"GO:0003746|GO:0006414"
"PPA1188"	261	"Pfam"	"PF01029"	"NusB family"	41	163	"4.1E-22"	"IPR006027"	"NusB/RsmB/TIM44"	"GO:0003723|GO:0006355"
"PPA1190"	199	"Pfam"	"PF00625"	"Guanylate kinase"	22	197	"5.0E-41"	"IPR008145"	"Guanylate kinase/L-type calcium channel beta subunit"	"-"
"PPA1191"	115	"Pfam"	"PF01192"	"RNA polymerase Rpb6"	16	78	"8.1E-15"	"IPR006110"	"RNA polymerase, subunit omega/Rpo6/RPB6"	"GO:0003677|GO:0003899|GO:0006351"
"PPA1192"	410	"Pfam"	"PF04127"	"DNA / pantothenate metabolism flavoprotein"	188	378	"1.1E-54"	"IPR007085"	"DNA/pantothenate metabolism flavoprotein, C-terminal"	"-"
"PPA1192"	410	"Pfam"	"PF02441"	"Flavoprotein"	4	170	"1.5E-35"	"IPR003382"	"Flavoprotein"	"GO:0003824"
"PPA1193"	397	"Pfam"	"PF02773"	"S-adenosylmethionine synthetase, C-terminal domain"	245	383	"2.2E-62"	"IPR022630"	"S-adenosylmethionine synthetase, C-terminal"	"GO:0004478|GO:0006556"
"PPA1193"	397	"Pfam"	"PF02772"	"S-adenosylmethionine synthetase, central domain"	124	243	"4.1E-42"	"IPR022629"	"S-adenosylmethionine synthetase, central domain"	"GO:0004478|GO:0006556"
"PPA1193"	397	"Pfam"	"PF00438"	"S-adenosylmethionine synthetase, N-terminal domain"	4	101	"2.5E-38"	"IPR022628"	"S-adenosylmethionine synthetase, N-terminal"	"GO:0004478|GO:0006556"
"PPA1194"	672	"Pfam"	"PF17764"	"3'DNA-binding domain (3'BD)"	23	116	"2.5E-18"	"IPR041222"	"Primosomal protein N', 3' DNA-binding domain"	"GO:0003677"
"PPA1195"	315	"Pfam"	"PF02911"	"Formyl transferase, C-terminal domain"	204	306	"5.0E-18"	"IPR005793"	"Formyl transferase, C-terminal"	"GO:0009058"
"PPA1195"	315	"Pfam"	"PF00551"	"Formyl transferase"	4	180	"7.6E-34"	"IPR002376"	"Formyl transferase, N-terminal"	"GO:0009058"
"PPA1196"	458	"Pfam"	"PF01189"	"16S rRNA methyltransferase RsmB/F"	262	450	"4.5E-43"	"IPR001678"	"SAM-dependent methyltransferase RsmB/NOP2-type"	"GO:0008168"
"PPA1196"	458	"Pfam"	"PF01029"	"NusB family"	15	135	"8.6E-17"	"IPR006027"	"NusB/RsmB/TIM44"	"GO:0003723|GO:0006355"
"PPA1198"	281	"Pfam"	"PF07373"	"CAMP factor (Cfa)"	61	255	"6.4E-30"	"IPR010860"	"CAMP factor"	"-"
"PPA1199"	223	"Pfam"	"PF00834"	"Ribulose-phosphate 3 epimerase family"	5	199	"3.6E-71"	"IPR000056"	"Ribulose-phosphate 3-epimerase-like"	"GO:0005975|GO:0016857"
"PPA1200"	261	"Pfam"	"PF09754"	"PAC2 family"	3	217	"3.0E-37"	"IPR019151"	"Proteasome assembly chaperone 2"	"-"
"PPA1201"	669	"Pfam"	"PF14801"	"tRNA methyltransferase complex GCD14 subunit N-term"	371	420	"1.2E-22"	"-"	"-"	""
"PPA1201"	669	"Pfam"	"PF13419"	"Haloacid dehalogenase-like hydrolase"	141	324	"7.4E-25"	"IPR041492"	"Haloacid dehalogenase-like hydrolase"	"-"
"PPA1201"	669	"Pfam"	"PF08704"	"tRNA methyltransferase complex GCD14 subunit"	438	602	"5.4E-21"	"IPR014816"	"tRNA (1-methyladenosine) methyltransferase catalytic subunit Gcd14"	"GO:0016429|GO:0030488|GO:0031515"
"PPA1202"	129	"Pfam"	"PF11255"	"Protein of unknown function (DUF3054)"	14	116	"1.0E-26"	"IPR021414"	"Protein of unknown function DUF3054"	"-"
"PPA1203"	728	"Pfam"	"PF12698"	"ABC-2 family transporter protein"	23	694	"3.7E-20"	"-"	"-"	""
"PPA1204"	301	"Pfam"	"PF00005"	"ABC transporter"	40	181	"4.1E-11"	"IPR003439"	"ABC transporter-like, ATP-binding domain"	"GO:0005524"
"PPA1205"	206	"Pfam"	"PF00440"	"Bacterial regulatory proteins, tetR family"	17	62	"7.2E-11"	"IPR001647"	"DNA-binding HTH domain, TetR-type"	"GO:0003677"
"PPA1206"	278	"Pfam"	"PF00227"	"Proteasome subunit"	48	224	"1.3E-25"	"IPR001353"	"Proteasome, subunit alpha/beta"	"GO:0005839|GO:0051603"
"PPA1207"	226	"Pfam"	"PF00227"	"Proteasome subunit"	29	165	"1.4E-8"	"IPR001353"	"Proteasome, subunit alpha/beta"	"GO:0005839|GO:0051603"
"PPA1208"	423	"Pfam"	"PF02153"	"Prephenate dehydrogenase"	85	332	"8.8E-45"	"IPR003099"	"Prephenate dehydrogenase"	"GO:0004665|GO:0006571|GO:0008977"
"PPA1209"	223	"Pfam"	"PF02224"	"Cytidylate kinase"	8	218	"4.5E-51"	"IPR011994"	"Cytidylate kinase domain"	"GO:0004127|GO:0005524|GO:0006139"
"PPA1210"	456	"Pfam"	"PF01926"	"50S ribosome-binding GTPase"	24	138	"6.5E-26"	"IPR006073"	"GTP binding domain"	"GO:0005525"
"PPA1210"	456	"Pfam"	"PF01926"	"50S ribosome-binding GTPase"	196	314	"6.7E-23"	"IPR006073"	"GTP binding domain"	"GO:0005525"
"PPA1210"	456	"Pfam"	"PF14714"	"KH-domain-like of EngA bacterial GTPase enzymes, C-terminal"	370	448	"1.8E-19"	"IPR032859"	"GTPase Der, C-terminal KH-domain-like"	"-"
"PPA1211"	304	"Pfam"	"PF00294"	"pfkB family carbohydrate kinase"	2	290	"5.6E-62"	"IPR011611"	"Carbohydrate kinase PfkB"	"-"
"PPA1213"	477	"Pfam"	"PF07690"	"Major Facilitator Superfamily"	55	389	"2.5E-15"	"IPR011701"	"Major facilitator superfamily"	"GO:0022857|GO:0055085"
"PPA1214"	217	"Pfam"	"PF01791"	"DeoC/LacD family aldolase"	5	211	"9.3E-27"	"IPR002915"	"DeoC/FbaB/LacD aldolase"	"GO:0016829"
"PPA1215"	379	"Pfam"	"PF04198"	"Putative sugar-binding domain"	129	377	"5.0E-29"	"IPR007324"	"Sugar-binding domain, putative"	"GO:0030246"
"PPA1216"	262	"Pfam"	"PF08282"	"haloacid dehalogenase-like hydrolase"	1	251	"5.6E-43"	"-"	"-"	""
"PPA1217"	405	"Pfam"	"PF13336"	"Acetyl-CoA hydrolase/transferase C-terminal domain"	249	399	"7.7E-44"	"IPR026888"	"Acetyl-CoA hydrolase/transferase C-terminal domain"	"-"
"PPA1217"	405	"Pfam"	"PF02550"	"Acetyl-CoA hydrolase/transferase N-terminal domain"	75	171	"1.6E-4"	"IPR003702"	"Acetyl-CoA hydrolase/transferase"	"GO:0003986|GO:0006083|GO:0008775|GO:0019679"
"PPA1218"	419	"Pfam"	"PF07021"	"Methionine biosynthesis protein MetW"	219	401	"3.6E-39"	"IPR010743"	"Methionine biosynthesis MetW"	"-"
"PPA1220"	163	"Pfam"	"PF13404"	"AsnC-type helix-turn-helix domain"	17	57	"7.2E-15"	"IPR000485"	"AsnC-type HTH domain"	"GO:0043565"
"PPA1220"	163	"Pfam"	"PF01037"	"Lrp/AsnC ligand binding domain"	98	151	"8.5E-9"	"IPR019887"	"Transcription regulator AsnC/Lrp, ligand binding domain"	"-"
"PPA1221"	529	"Pfam"	"PF20154"	"Apolipoprotein N-acyltransferase N-terminal domain"	19	167	"8.1E-24"	"IPR045378"	"Apolipoprotein N-acyltransferase, N-terminal"	"-"
"PPA1221"	529	"Pfam"	"PF00795"	"Carbon-nitrogen hydrolase"	326	476	"9.7E-11"	"IPR003010"	"Carbon-nitrogen hydrolase"	"GO:0006807"
"PPA1222"	272	"Pfam"	"PF00535"	"Glycosyl transferase family 2"	15	176	"5.4E-26"	"IPR001173"	"Glycosyltransferase 2-like"	"-"
"PPA1223"	110	"Pfam"	"PF13397"	"RNA polymerase-binding protein"	4	107	"1.8E-41"	"IPR025182"	"RNA polymerase-binding protein RbpA"	"GO:0001000|GO:0045893"
"PPA1224"	241	"Pfam"	"PF03009"	"Glycerophosphoryl diester phosphodiesterase family"	7	221	"1.1E-29"	"IPR030395"	"Glycerophosphodiester phosphodiesterase domain"	"GO:0006629|GO:0008081"
"PPA1225"	292	"Pfam"	"PF08543"	"Phosphomethylpyrimidine kinase"	26	256	"7.8E-16"	"IPR013749"	"Pyridoxamine kinase/Phosphomethylpyrimidine kinase"	"-"
"PPA1226"	548	"Pfam"	"PF00275"	"EPSP synthase (3-phosphoshikimate 1-carboxyvinyltransferase)"	118	534	"8.7E-46"	"IPR001986"	"Enolpyruvate transferase domain"	"GO:0016765"
"PPA1226"	548	"Pfam"	"PF01381"	"Helix-turn-helix"	53	102	"2.9E-12"	"IPR001387"	"Cro/C1-type helix-turn-helix domain"	"-"
"PPA1227"	467	"Pfam"	"PF02852"	"Pyridine nucleotide-disulphide oxidoreductase, dimerisation domain"	348	456	"5.7E-31"	"IPR004099"	"Pyridine nucleotide-disulphide oxidoreductase, dimerisation domain"	"GO:0045454"
"PPA1227"	467	"Pfam"	"PF07992"	"Pyridine nucleotide-disulphide oxidoreductase"	5	328	"6.5E-67"	"IPR023753"	"FAD/NAD(P)-binding domain"	"GO:0016491"
"PPA1228"	303	"Pfam"	"PF01545"	"Cation efflux family"	19	210	"5.7E-41"	"IPR002524"	"Cation efflux protein"	"GO:0006812|GO:0008324|GO:0016021|GO:0055085"
"PPA1229"	139	"Pfam"	"PF01022"	"Bacterial regulatory protein, arsR family"	28	73	"1.1E-12"	"IPR001845"	"HTH ArsR-type DNA-binding domain"	"GO:0003700|GO:0006355"
"PPA1231"	267	"Pfam"	"PF07373"	"CAMP factor (Cfa)"	43	259	"2.0E-51"	"IPR010860"	"CAMP factor"	"-"
"PPA1232"	141	"Pfam"	"PF00472"	"RF-1 domain"	14	136	"2.0E-21"	"IPR000352"	"Peptide chain release factor class I"	"GO:0003747|GO:0006415"
"PPA1233"	398	"Pfam"	"PF07690"	"Major Facilitator Superfamily"	241	383	"1.1E-8"	"IPR011701"	"Major facilitator superfamily"	"GO:0022857|GO:0055085"
"PPA1233"	398	"Pfam"	"PF07690"	"Major Facilitator Superfamily"	14	228	"4.4E-28"	"IPR011701"	"Major facilitator superfamily"	"GO:0022857|GO:0055085"
"PPA1235"	278	"Pfam"	"PF03167"	"Uracil DNA glycosylase superfamily"	93	273	"9.7E-23"	"IPR005122"	"Uracil-DNA glycosylase-like"	"-"
"PPA1236"	221	"Pfam"	"PF01923"	"Cobalamin adenosyltransferase"	7	189	"4.3E-53"	"IPR016030"	"Cobalamin adenosyltransferase-like"	"-"
"PPA1237"	158	"Pfam"	"PF10739"	"Protein of unknown function (DUF2550)"	17	147	"2.7E-30"	"IPR019675"	"Protein of unknown function DUF2550"	"-"
"PPA1238"	146	"Pfam"	"PF02823"	"ATP synthase, Delta/Epsilon chain, beta-sandwich domain"	6	85	"7.6E-20"	"IPR020546"	"ATP synthase, F1 complex, delta/epsilon subunit, N-terminal"	"GO:0015986"
"PPA1239"	484	"Pfam"	"PF02874"	"ATP synthase alpha/beta family, beta-barrel domain"	20	91	"7.9E-21"	"IPR004100"	"ATPase, F1/V1/A1 complex, alpha/beta subunit, N-terminal domain"	"GO:0046034|GO:1902600"
"PPA1239"	484	"Pfam"	"PF00006"	"ATP synthase alpha/beta family, nucleotide-binding domain"	149	362	"2.4E-64"	"IPR000194"	"ATPase, F1/V1/A1 complex, alpha/beta subunit, nucleotide-binding domain"	"GO:0005524"
"PPA1240"	314	"Pfam"	"PF00231"	"ATP synthase"	4	307	"5.1E-86"	"IPR000131"	"ATP synthase, F1 complex, gamma subunit"	"GO:0015986|GO:0045261|GO:0046933"
"PPA1241"	545	"Pfam"	"PF02874"	"ATP synthase alpha/beta family, beta-barrel domain"	30	96	"4.9E-15"	"IPR004100"	"ATPase, F1/V1/A1 complex, alpha/beta subunit, N-terminal domain"	"GO:0046034|GO:1902600"
"PPA1241"	545	"Pfam"	"PF00306"	"ATP synthase alpha/beta chain, C terminal domain"	384	507	"6.5E-42"	"IPR000793"	"ATP synthase, alpha subunit, C-terminal"	"GO:0015986"
"PPA1241"	545	"Pfam"	"PF00006"	"ATP synthase alpha/beta family, nucleotide-binding domain"	154	377	"2.5E-66"	"IPR000194"	"ATPase, F1/V1/A1 complex, alpha/beta subunit, nucleotide-binding domain"	"GO:0005524"
"PPA1242"	263	"Pfam"	"PF00213"	"ATP synthase delta (OSCP) subunit"	99	262	"5.8E-26"	"IPR000711"	"ATPase, OSCP/delta subunit"	"GO:0015986|GO:0046933"
"PPA1243"	184	"Pfam"	"PF00430"	"ATP synthase B/B' CF(0)"	22	148	"2.7E-26"	"IPR002146"	"ATP synthase, F0 complex, subunit b/b', bacterial/chloroplast"	"GO:0015078|GO:0015986|GO:0045263"
"PPA1244"	73	"Pfam"	"PF00137"	"ATP synthase subunit C"	13	71	"1.0E-12"	"IPR002379"	"V-ATPase proteolipid subunit C-like domain"	"GO:0015078|GO:0033177|GO:1902600"
"PPA1245"	258	"Pfam"	"PF00119"	"ATP synthase A chain"	36	250	"4.3E-51"	"IPR000568"	"ATP synthase, F0 complex, subunit A"	"GO:0015078|GO:0015986|GO:0045263"
"PPA1248"	367	"Pfam"	"PF00953"	"Glycosyl transferase family 4"	83	241	"2.7E-36"	"IPR000715"	"Glycosyl transferase, family 4"	"GO:0008963|GO:0016021"
"PPA1249"	307	"Pfam"	"PF01300"	"Telomere recombination"	84	259	"1.3E-42"	"IPR006070"	"Threonylcarbamoyl-AMP synthase-like domain"	"GO:0003725"
"PPA1250"	291	"Pfam"	"PF17827"	"PrmC N-terminal domain"	9	76	"1.1E-16"	"IPR040758"	"Release factor glutamine methyltransferase, N-terminal domain"	"-"
"PPA1250"	291	"Pfam"	"PF05175"	"Methyltransferase small domain"	120	197	"2.8E-11"	"IPR007848"	"Methyltransferase small domain"	"GO:0008168"
"PPA1252"	361	"Pfam"	"PF03462"	"PCRF domain"	13	203	"2.6E-56"	"IPR005139"	"Peptide chain release factor"	"GO:0006415"
"PPA1252"	361	"Pfam"	"PF00472"	"RF-1 domain"	211	320	"1.0E-37"	"IPR000352"	"Peptide chain release factor class I"	"GO:0003747|GO:0006415"
"PPA1253"	69	"Pfam"	"PF01197"	"Ribosomal protein L31"	1	66	"7.2E-33"	"IPR002150"	"Ribosomal protein L31"	"GO:0003735|GO:0005840|GO:0006412"
"PPA1254"	633	"Pfam"	"PF00006"	"ATP synthase alpha/beta family, nucleotide-binding domain"	369	572	"3.3E-17"	"IPR000194"	"ATPase, F1/V1/A1 complex, alpha/beta subunit, nucleotide-binding domain"	"GO:0005524"
"PPA1254"	633	"Pfam"	"PF07498"	"Rho termination factor, N-terminal domain"	12	47	"2.7E-10"	"IPR011112"	"Rho termination factor, N-terminal"	"GO:0006353"
"PPA1254"	633	"Pfam"	"PF07497"	"Rho termination factor, RNA-binding domain"	264	337	"4.1E-25"	"IPR011113"	"Rho termination factor, RNA-binding domain"	"GO:0003723|GO:0006353"
"PPA1256"	296	"Pfam"	"PF08544"	"GHMP kinases C terminal"	223	275	"8.8E-5"	"IPR013750"	"GHMP kinase, C-terminal domain"	"-"
"PPA1256"	296	"Pfam"	"PF00288"	"GHMP kinases N terminal domain"	85	147	"1.4E-7"	"IPR006204"	"GHMP kinase N-terminal domain"	"GO:0005524"
"PPA1257"	356	"Pfam"	"PF00291"	"Pyridoxal-phosphate dependent enzyme"	27	321	"4.2E-70"	"IPR001926"	"Pyridoxal-phosphate dependent enzyme"	"-"
"PPA1258"	441	"Pfam"	"PF00742"	"Homoserine dehydrogenase"	145	323	"2.2E-65"	"IPR001342"	"Homoserine dehydrogenase, catalytic"	"GO:0006520"
"PPA1258"	441	"Pfam"	"PF01842"	"ACT domain"	358	397	"3.0E-7"	"IPR002912"	"ACT domain"	"-"
"PPA1258"	441	"Pfam"	"PF03447"	"Homoserine dehydrogenase, NAD binding domain"	19	137	"8.1E-19"	"IPR005106"	"Aspartate/homoserine dehydrogenase, NAD-binding"	"GO:0016491|GO:0050661"
"PPA1259"	476	"Pfam"	"PF00278"	"Pyridoxal-dependent decarboxylase, C-terminal sheet domain"	332	422	"5.5E-15"	"IPR022643"	"Orn/DAP/Arg decarboxylase 2, C-terminal"	"GO:0003824"
"PPA1259"	476	"Pfam"	"PF02784"	"Pyridoxal-dependent decarboxylase, pyridoxal binding domain"	73	326	"8.7E-60"	"IPR022644"	"Orn/DAP/Arg decarboxylase 2, N-terminal"	"GO:0003824"
"PPA1260"	438	"Pfam"	"PF09594"	"Glycosyltransferase family 87"	70	306	"2.6E-10"	"IPR018584"	"Glycosyltransferase family 87"	"GO:0016758"
"PPA1261"	1236	"Pfam"	"PF16870"	"2-oxoglutarate dehydrogenase C-terminal"	1088	1235	"8.2E-38"	"IPR031717"	"Multifunctional 2-oxoglutarate metabolism enzyme, C-terminal"	"-"
"PPA1261"	1236	"Pfam"	"PF02779"	"Transketolase, pyrimidine binding domain"	889	1083	"2.2E-54"	"IPR005475"	"Transketolase-like, pyrimidine-binding domain"	"-"
"PPA1261"	1236	"Pfam"	"PF00198"	"2-oxoacid dehydrogenases acyltransferase (catalytic domain)"	118	351	"2.8E-49"	"IPR001078"	"2-oxoacid dehydrogenase acyltransferase, catalytic domain"	"GO:0016746"
"PPA1261"	1236	"Pfam"	"PF16078"	"2-oxoglutarate dehydrogenase N-terminus"	16	47	"8.4E-10"	"IPR032106"	"2-oxoglutarate dehydrogenase E1 component, N-terminal domain"	"-"
"PPA1261"	1236	"Pfam"	"PF00676"	"Dehydrogenase E1 component"	512	825	"2.3E-54"	"IPR001017"	"Dehydrogenase, E1 component"	"GO:0016624"
"PPA1262"	64	"Pfam"	"PF19599"	"Family of unknown function (DUF6104)"	7	64	"2.3E-34"	"IPR046086"	"Protein of unknown function DUF6104"	"-"
"PPA1264"	141	"Pfam"	"PF02467"	"Transcription factor WhiB"	61	128	"2.1E-26"	"IPR034768"	"WhiB-like  iron-sulfur binding domain"	"-"
"PPA1265"	491	"Pfam"	"PF12282"	"Signal transduction histidine kinase"	4	147	"6.5E-49"	"IPR022066"	"Histidine kinase PdtaS, GAF domain"	"-"
"PPA1265"	491	"Pfam"	"PF13581"	"Histidine kinase-like ATPase domain"	385	484	"8.6E-7"	"IPR003594"	"Histidine kinase/HSP90-like ATPase"	"-"
"PPA1265"	491	"Pfam"	"PF07568"	"Histidine kinase"	296	365	"4.5E-21"	"IPR011495"	"Signal transduction histidine kinase, subgroup 2, dimerisation and phosphoacceptor domain"	"-"
"PPA1266"	225	"Pfam"	"PF04542"	"Sigma-70 region 2"	31	96	"1.7E-18"	"IPR007627"	"RNA polymerase sigma-70 region 2"	"GO:0003700|GO:0006352|GO:0006355"
"PPA1266"	225	"Pfam"	"PF08281"	"Sigma-70, region 4"	135	187	"5.3E-16"	"IPR013249"	"RNA polymerase sigma factor 70, region 4 type 2"	"GO:0003677|GO:0003700|GO:0006352|GO:0006355|GO:0016987"
"PPA1267"	273	"Pfam"	"PF07681"	"DoxX"	72	166	"4.8E-7"	"IPR032808"	"DoxX family"	"-"
"PPA1268"	429	"Pfam"	"PF00275"	"EPSP synthase (3-phosphoshikimate 1-carboxyvinyltransferase)"	16	420	"1.9E-98"	"IPR001986"	"Enolpyruvate transferase domain"	"GO:0016765"
"PPA1269"	333	"Pfam"	"PF03193"	"RsgA GTPase"	101	269	"4.8E-47"	"IPR010914"	"RsgA GTPase domain"	"GO:0003924|GO:0005525"
"PPA1271"	297	"Pfam"	"PF00459"	"Inositol monophosphatase family"	51	291	"3.3E-38"	"IPR000760"	"Inositol monophosphatase-like"	"GO:0046855"
"PPA1272"	417	"Pfam"	"PF00389"	"D-isomer specific 2-hydroxyacid dehydrogenase, catalytic domain"	25	337	"2.6E-28"	"IPR006139"	"D-isomer specific 2-hydroxyacid dehydrogenase, catalytic domain"	"GO:0016616|GO:0051287"
"PPA1272"	417	"Pfam"	"PF02826"	"D-isomer specific 2-hydroxyacid dehydrogenase, NAD binding domain"	129	305	"1.8E-46"	"IPR006140"	"D-isomer specific 2-hydroxyacid dehydrogenase, NAD-binding domain"	"GO:0051287"
"PPA1273"	261	"Pfam"	"PF00005"	"ABC transporter"	24	175	"4.8E-34"	"IPR003439"	"ABC transporter-like, ATP-binding domain"	"GO:0005524"
"PPA1274"	269	"Pfam"	"PF00005"	"ABC transporter"	22	178	"6.9E-29"	"IPR003439"	"ABC transporter-like, ATP-binding domain"	"GO:0005524"
"PPA1275"	270	"Pfam"	"PF00528"	"Binding-protein-dependent transport system inner membrane component"	84	267	"1.2E-24"	"IPR000515"	"ABC transporter type 1, transmembrane domain MetI-like"	"GO:0016020|GO:0055085"
"PPA1276"	325	"Pfam"	"PF00528"	"Binding-protein-dependent transport system inner membrane component"	116	314	"3.8E-30"	"IPR000515"	"ABC transporter type 1, transmembrane domain MetI-like"	"GO:0016020|GO:0055085"
"PPA1276"	325	"Pfam"	"PF19300"	"Binding-prot-dependent transport system membrane comp, N-term"	14	79	"2.7E-11"	"IPR045621"	"ABC transporter type 1, GsiC-like, N-terminal domain"	"-"
"PPA1277"	495	"Pfam"	"PF00496"	"Bacterial extracellular solute-binding proteins, family 5 Middle"	73	401	"8.8E-63"	"IPR000914"	"Solute-binding protein family 5 domain"	"-"
"PPA1280"	221	"Pfam"	"PF01656"	"CobQ/CobB/MinD/ParA nucleotide binding domain"	35	198	"1.0E-13"	"IPR002586"	"CobQ/CobB/MinD/ParA nucleotide binding domain"	"-"
"PPA1281"	273	"Pfam"	"PF06053"	"Domain of unknown function (DUF929)"	25	249	"5.4E-17"	"IPR009272"	"Protein of unknown function DUF929"	"-"
"PPA1284"	406	"Pfam"	"PF07690"	"Major Facilitator Superfamily"	29	348	"8.6E-10"	"IPR011701"	"Major facilitator superfamily"	"GO:0022857|GO:0055085"
"PPA1285"	435	"Pfam"	"PF13535"	"ATP-grasp domain"	184	317	"4.6E-11"	"-"	"-"	""
"PPA1286"	237	"Pfam"	"PF00975"	"Thioesterase domain"	19	221	"8.8E-11"	"IPR001031"	"Thioesterase"	"GO:0009058"
"PPA1287"	579	"Pfam"	"PF00501"	"AMP-binding enzyme"	134	395	"2.5E-42"	"IPR000873"	"AMP-dependent synthetase/ligase"	"-"
"PPA1287"	579	"Pfam"	"PF00550"	"Phosphopantetheine attachment site"	507	569	"8.1E-12"	"IPR009081"	"Phosphopantetheine binding ACP domain"	"-"
"PPA1288"	1098	"Pfam"	"PF00550"	"Phosphopantetheine attachment site"	569	624	"2.2E-5"	"IPR009081"	"Phosphopantetheine binding ACP domain"	"-"
"PPA1288"	1098	"Pfam"	"PF00668"	"Condensation domain"	657	1045	"1.2E-35"	"IPR001242"	"Condensation domain"	"GO:0003824"
"PPA1288"	1098	"Pfam"	"PF00501"	"AMP-binding enzyme"	41	427	"1.5E-61"	"IPR000873"	"AMP-dependent synthetase/ligase"	"-"
"PPA1289"	329	"Pfam"	"PF02423"	"Ornithine cyclodeaminase/mu-crystallin family"	26	312	"1.1E-24"	"IPR003462"	"Ornithine cyclodeaminase/mu-crystallin"	"-"
"PPA1290"	333	"Pfam"	"PF00291"	"Pyridoxal-phosphate dependent enzyme"	12	291	"5.8E-49"	"IPR001926"	"Pyridoxal-phosphate dependent enzyme"	"-"
"PPA1291"	242	"Pfam"	"PF01648"	"4'-phosphopantetheinyl transferase superfamily"	102	202	"2.4E-11"	"IPR008278"	"4'-phosphopantetheinyl transferase domain"	"GO:0000287|GO:0008897"
"PPA1296"	199	"Pfam"	"PF13508"	"Acetyltransferase (GNAT) domain"	124	178	"1.5E-6"	"IPR000182"	"GNAT domain"	"GO:0016407"
"PPA1308"	196	"Pfam"	"PF00582"	"Universal stress protein family"	40	184	"3.4E-8"	"IPR006016"	"UspA"	"-"
"PPA1310"	392	"Pfam"	"PF05362"	"Lon protease (S16) C-terminal proteolytic domain"	288	369	"5.8E-12"	"IPR008269"	"Peptidase S16, Lon proteolytic domain"	"GO:0004176|GO:0004252|GO:0006508"
"PPA1310"	392	"Pfam"	"PF13180"	"PDZ domain"	186	251	"1.5E-10"	"IPR001478"	"PDZ domain"	"GO:0005515"
"PPA1311"	453	"Pfam"	"PF10103"	"Zincin-like metallopeptidase"	66	424	"7.2E-101"	"IPR018766"	"Zinicin-like metallopeptidase type 2"	"-"
"PPA1312"	222	"Pfam"	"PF01863"	"Protein of unknown function DUF45"	118	185	"1.6E-19"	"IPR002725"	"YgjP-like, metallopeptidase domain"	"-"
"PPA1314"	706	"Pfam"	"PF13361"	"UvrD-like helicase C-terminal domain"	458	563	"3.7E-17"	"IPR014017"	"UvrD-like DNA helicase, C-terminal"	"GO:0005524|GO:0016787"
"PPA1314"	706	"Pfam"	"PF13361"	"UvrD-like helicase C-terminal domain"	295	422	"1.3E-15"	"IPR014017"	"UvrD-like DNA helicase, C-terminal"	"GO:0005524|GO:0016787"
"PPA1314"	706	"Pfam"	"PF00570"	"HRDC domain"	634	697	"5.3E-18"	"IPR002121"	"HRDC domain"	"GO:0003676"
"PPA1314"	706	"Pfam"	"PF13245"	"AAA domain"	38	273	"8.8E-33"	"-"	"-"	""
"PPA1315"	1049	"Pfam"	"PF17946"	"RecC C-terminal domain"	727	964	"1.9E-27"	"IPR041500"	"RecC, C-terminal"	"-"
"PPA1315"	1049	"Pfam"	"PF04257"	"Exodeoxyribonuclease V, gamma subunit"	16	245	"3.0E-16"	"-"	"-"	""
"PPA1315"	1049	"Pfam"	"PF04257"	"Exodeoxyribonuclease V, gamma subunit"	289	686	"8.4E-54"	"-"	"-"	""
"PPA1316"	1078	"Pfam"	"PF00580"	"UvrD/REP helicase N-terminal domain"	211	308	"1.2E-26"	"IPR014016"	"UvrD-like helicase, ATP-binding domain"	"GO:0005524"
"PPA1316"	1078	"Pfam"	"PF00580"	"UvrD/REP helicase N-terminal domain"	12	139	"6.0E-20"	"IPR014016"	"UvrD-like helicase, ATP-binding domain"	"GO:0005524"
"PPA1316"	1078	"Pfam"	"PF13361"	"UvrD-like helicase C-terminal domain"	582	689	"2.0E-16"	"IPR014017"	"UvrD-like DNA helicase, C-terminal"	"GO:0005524|GO:0016787"
"PPA1317"	628	"Pfam"	"PF13538"	"UvrD-like helicase C-terminal domain"	553	598	"2.0E-14"	"IPR027785"	"UvrD-like helicase C-terminal domain"	"-"
"PPA1317"	628	"Pfam"	"PF13604"	"AAA domain"	181	391	"5.1E-35"	"-"	"-"	""
"PPA1318"	250	"Pfam"	"PF00293"	"NUDIX domain"	105	212	"1.8E-12"	"IPR000086"	"NUDIX hydrolase domain"	"-"
"PPA1319"	1072	"Pfam"	"PF13361"	"UvrD-like helicase C-terminal domain"	344	757	"2.4E-29"	"IPR014017"	"UvrD-like DNA helicase, C-terminal"	"GO:0005524|GO:0016787"
"PPA1319"	1072	"Pfam"	"PF00580"	"UvrD/REP helicase N-terminal domain"	24	332	"4.7E-50"	"IPR014016"	"UvrD-like helicase, ATP-binding domain"	"GO:0005524"
"PPA1320"	1061	"Pfam"	"PF12705"	"PD-(D/E)XK nuclease superfamily"	786	1042	"6.3E-29"	"IPR038726"	"PD-(D/E)XK endonuclease-like domain, AddAB-type"	"-"
"PPA1320"	1061	"Pfam"	"PF13361"	"UvrD-like helicase C-terminal domain"	279	687	"1.3E-16"	"IPR014017"	"UvrD-like DNA helicase, C-terminal"	"GO:0005524|GO:0016787"
"PPA1320"	1061	"Pfam"	"PF00580"	"UvrD/REP helicase N-terminal domain"	14	272	"8.9E-16"	"IPR014016"	"UvrD-like helicase, ATP-binding domain"	"GO:0005524"
"PPA1322"	258	"Pfam"	"PF13672"	"Protein phosphatase 2C"	41	235	"5.6E-18"	"-"	"-"	""
"PPA1323"	75	"Pfam"	"PF11305"	"Protein of unknown function (DUF3107)"	1	73	"4.2E-25"	"IPR021456"	"Protein of unknown function DUF3107"	"-"
"PPA1325"	561	"Pfam"	"PF00270"	"DEAD/DEAH box helicase"	77	249	"6.5E-47"	"IPR011545"	"DEAD/DEAH box helicase domain"	"GO:0003676|GO:0005524"
"PPA1325"	561	"Pfam"	"PF00271"	"Helicase conserved C-terminal domain"	289	398	"2.2E-30"	"IPR001650"	"Helicase, C-terminal"	"-"
"PPA1326"	502	"Pfam"	"PF00324"	"Amino acid permease"	53	487	"1.6E-97"	"IPR004841"	"Amino acid permease/ SLC12A domain"	"GO:0016020|GO:0055085"
"PPA1327"	363	"Pfam"	"PF00579"	"tRNA synthetases class I (W and Y)"	35	316	"4.4E-48"	"IPR002305"	"Aminoacyl-tRNA synthetase, class Ic"	"GO:0000166|GO:0004812|GO:0005524|GO:0006418"
"PPA1328"	286	"Pfam"	"PF02811"	"PHP domain"	4	67	"1.8E-9"	"IPR004013"	"PHP domain"	"GO:0003824"
"PPA1329"	1539	"Pfam"	"PF05088"	"Bacterial NAD-glutamate dehydrogenase"	61	1498	"0.0"	"IPR028971"	"NAD-glutamate dehydrogenase"	"GO:0004352|GO:0019551"
"PPA1330"	157	"Pfam"	"PF10698"	"Protein of unknown function (DUF2505)"	6	154	"3.4E-33"	"IPR019639"	"Protein of unknown function DUF2505"	"-"
"PPA1333"	901	"Pfam"	"PF07517"	"SecA DEAD-like domain"	7	382	"1.5E-124"	"IPR011115"	"SecA DEAD-like, N-terminal"	"GO:0005524|GO:0016020|GO:0017038"
"PPA1333"	901	"Pfam"	"PF01043"	"SecA preprotein cross-linking domain"	230	338	"1.0E-34"	"IPR011130"	"SecA, preprotein cross-linking domain"	"GO:0016020|GO:0017038"
"PPA1333"	901	"Pfam"	"PF07516"	"SecA Wing and Scaffold domain"	612	819	"7.2E-66"	"IPR011116"	"SecA Wing/Scaffold"	"GO:0016020|GO:0017038"
"PPA1334"	222	"Pfam"	"PF16321"	"Sigma 54 modulation/S30EA ribosomal protein C terminus"	163	214	"3.0E-17"	"IPR032528"	"Sigma 54 modulation/S30EA ribosomal protein, C-terminal"	"-"
"PPA1334"	222	"Pfam"	"PF02482"	"Sigma 54 modulation protein / S30EA ribosomal protein"	22	118	"5.1E-16"	"IPR003489"	"Ribosome hibernation promoting factor/RaiA"	"GO:0044238"
"PPA1335"	215	"Pfam"	"PF00156"	"Phosphoribosyl transferase domain"	141	210	"1.8E-7"	"IPR000836"	"Phosphoribosyltransferase domain"	"-"
"PPA1336"	591	"Pfam"	"PF10646"	"Sporulation and spore germination"	174	283	"1.3E-11"	"IPR019606"	"GerMN domain"	"-"
"PPA1336"	591	"Pfam"	"PF10647"	"Lipoprotein LpqB beta-propeller domain"	331	585	"5.9E-17"	"IPR018910"	"Lipoprotein LpqB, beta-propeller domain, C-terminal"	"-"
"PPA1337"	582	"Pfam"	"PF00512"	"His Kinase A (phospho-acceptor) domain"	337	401	"3.3E-14"	"IPR003661"	"Signal transduction histidine kinase, dimerisation/phosphoacceptor domain"	"GO:0000155|GO:0007165"
"PPA1337"	582	"Pfam"	"PF00672"	"HAMP domain"	274	323	"1.1E-7"	"IPR003660"	"HAMP domain"	"GO:0007165|GO:0016021"
"PPA1337"	582	"Pfam"	"PF02518"	"Histidine kinase-, DNA gyrase B-, and HSP90-like ATPase"	447	555	"5.9E-17"	"IPR003594"	"Histidine kinase/HSP90-like ATPase"	"-"
"PPA1338"	236	"Pfam"	"PF00486"	"Transcriptional regulatory protein, C terminal"	153	229	"4.4E-26"	"IPR001867"	"OmpR/PhoB-type DNA-binding domain"	"GO:0000160|GO:0003677|GO:0006355"
"PPA1338"	236	"Pfam"	"PF00072"	"Response regulator receiver domain"	10	119	"4.8E-28"	"IPR001789"	"Signal transduction response regulator, receiver domain"	"GO:0000160"
"PPA1339"	192	"Pfam"	"PF02622"	"Uncharacterized ACR, COG1678"	22	175	"1.1E-26"	"IPR003774"	"Protein of unknown function UPF0301"	"-"
"PPA1340"	285	"Pfam"	"PF07373"	"CAMP factor (Cfa)"	44	263	"5.0E-32"	"IPR010860"	"CAMP factor"	"-"
"PPA1341"	70	"Pfam"	"PF01402"	"Ribbon-helix-helix protein, copG family"	34	67	"6.2E-6"	"IPR002145"	"Ribbon-helix-helix protein, CopG"	"GO:0006355"
"PPA1342"	179	"Pfam"	"PF08020"	"Protein of unknown function (DUF1706)"	1	174	"4.5E-56"	"IPR012550"	"Protein of unknown function DUF1706"	"-"
"PPA1344"	200	"Pfam"	"PF08044"	"Domain of unknown function (DUF1707)"	16	65	"4.8E-15"	"IPR012551"	"Protein of unknown function DUF1707"	"-"
"PPA1345"	174	"Pfam"	"PF08044"	"Domain of unknown function (DUF1707)"	10	62	"2.5E-10"	"IPR012551"	"Protein of unknown function DUF1707"	"-"
"PPA1346"	486	"Pfam"	"PF00206"	"Lyase"	24	319	"4.8E-54"	"IPR022761"	"Fumarate lyase, N-terminal"	"-"
"PPA1346"	486	"Pfam"	"PF14698"	"Argininosuccinate lyase C-terminal"	382	449	"9.2E-22"	"IPR029419"	"Argininosuccinate lyase, C-terminal"	"-"
"PPA1347"	398	"Pfam"	"PF00202"	"Aminotransferase class-III"	26	390	"1.4E-107"	"IPR005814"	"Aminotransferase class-III"	"GO:0008483|GO:0030170"
"PPA1348"	310	"Pfam"	"PF00696"	"Amino acid kinase family"	37	282	"1.9E-43"	"IPR001048"	"Aspartate/glutamate/uridylate kinase"	"-"
"PPA1349"	269	"Pfam"	"PF01960"	"ArgJ family"	86	269	"3.9E-58"	"IPR002813"	"Arginine biosynthesis protein ArgJ"	"GO:0004358|GO:0006526"
"PPA1350"	374	"Pfam"	"PF01118"	"Semialdehyde dehydrogenase, NAD binding domain"	33	163	"2.9E-22"	"IPR000534"	"Semialdehyde dehydrogenase, NAD-binding"	"GO:0016620|GO:0051287"
"PPA1350"	374	"Pfam"	"PF02774"	"Semialdehyde dehydrogenase, dimerisation domain"	192	345	"5.6E-12"	"IPR012280"	"Semialdehyde dehydrogenase, dimerisation domain"	"GO:0008652|GO:0016620|GO:0046983"
"PPA1351"	160	"Pfam"	"PF01668"	"SmpB protein"	10	152	"3.8E-57"	"IPR000037"	"SsrA-binding protein"	"GO:0003723"
"PPA1352"	300	"Pfam"	"PF18075"	"FtsX extracellular domain"	54	157	"9.1E-24"	"IPR040690"	"FtsX, extracellular domain"	"-"
"PPA1352"	300	"Pfam"	"PF02687"	"FtsX-like permease family"	205	296	"1.2E-5"	"IPR003838"	"ABC3 transporter permease protein domain"	"GO:0016020"
"PPA1353"	228	"Pfam"	"PF00005"	"ABC transporter"	19	166	"4.4E-36"	"IPR003439"	"ABC transporter-like, ATP-binding domain"	"GO:0005524"
"PPA1354"	368	"Pfam"	"PF00472"	"RF-1 domain"	229	335	"6.7E-37"	"IPR000352"	"Peptide chain release factor class I"	"GO:0003747|GO:0006415"
"PPA1354"	368	"Pfam"	"PF03462"	"PCRF domain"	30	219	"5.7E-57"	"IPR005139"	"Peptide chain release factor"	"GO:0006415"
"PPA1355"	236	"Pfam"	"PF05656"	"Protein of unknown function (DUF805)"	68	230	"2.7E-21"	"IPR008523"	"Protein of unknown function DUF805"	"GO:0016021"
"PPA1356"	866	"Pfam"	"PF01580"	"FtsK/SpoIIIE family"	490	689	"9.5E-56"	"IPR002543"	"FtsK domain"	"GO:0000166|GO:0003677|GO:0005524"
"PPA1356"	866	"Pfam"	"PF17854"	"FtsK alpha domain"	384	482	"1.2E-25"	"IPR041027"	"FtsK alpha domain"	"-"
"PPA1356"	866	"Pfam"	"PF13491"	"4TM region of DNA translocase FtsK/SpoIIIE"	129	238	"1.8E-5"	"IPR025199"	"DNA translocase FtsK, 4TM region"	"-"
"PPA1356"	866	"Pfam"	"PF09397"	"Ftsk gamma domain"	793	850	"9.9E-21"	"IPR018541"	"FtsK gamma domain"	"-"
"PPA1357"	320	"Pfam"	"PF00586"	"AIR synthase related protein, N-terminal domain"	35	144	"7.8E-24"	"IPR016188"	"PurM-like, N-terminal domain"	"-"
"PPA1357"	320	"Pfam"	"PF02769"	"AIR synthase related protein, C-terminal domain"	158	249	"2.4E-7"	"IPR010918"	"PurM-like, C-terminal domain"	"-"
"PPA1358"	151	"Pfam"	"PF12028"	"Protein of unknown function (DUF3515)"	9	146	"7.6E-22"	"IPR021903"	"Protein of unknown function DUF3515"	"-"
"PPA1359"	365	"Pfam"	"PF01820"	"D-ala D-ala ligase N-terminus"	6	129	"4.6E-29"	"IPR011127"	"D-alanine--D-alanine ligase, N-terminal domain"	"-"
"PPA1359"	365	"Pfam"	"PF07478"	"D-ala D-ala ligase C-terminus"	147	355	"2.0E-68"	"IPR011095"	"D-alanine--D-alanine ligase, C-terminal"	"GO:0008716"
"PPA1360"	258	"Pfam"	"PF01553"	"Acyltransferase"	35	162	"1.7E-26"	"IPR002123"	"Phospholipid/glycerol acyltransferase"	"GO:0016746"
"PPA1362"	135	"Pfam"	"PF00330"	"Aconitase family (aconitate hydratase)"	1	130	"1.3E-42"	"IPR001030"	"Aconitase/3-isopropylmalate dehydratase large subunit, alpha/beta/alpha domain"	"-"
"PPA1363"	111	"Pfam"	"PF00330"	"Aconitase family (aconitate hydratase)"	6	111	"2.2E-26"	"IPR001030"	"Aconitase/3-isopropylmalate dehydratase large subunit, alpha/beta/alpha domain"	"-"
"PPA1364"	239	"Pfam"	"PF09339"	"IclR helix-turn-helix domain"	10	57	"1.6E-9"	"IPR005471"	"Transcription regulator IclR, N-terminal"	"GO:0003677|GO:0006355"
"PPA1364"	239	"Pfam"	"PF01614"	"Bacterial transcriptional regulator"	125	231	"8.1E-16"	"IPR014757"	"Transcription regulator IclR, C-terminal"	"-"
"PPA1365"	314	"Pfam"	"PF02517"	"Type II CAAX prenyl endopeptidase Rce1-like"	165	259	"8.2E-13"	"IPR003675"	"Type II CAAX prenyl endopeptidase Rce1-like"	"GO:0004222|GO:0016020|GO:0071586"
"PPA1366"	266	"Pfam"	"PF01557"	"Fumarylacetoacetate (FAA) hydrolase family"	66	264	"1.7E-67"	"IPR011234"	"Fumarylacetoacetase-like, C-terminal"	"GO:0003824"
"PPA1366"	266	"Pfam"	"PF10370"	"Domain of unknown function (DUF2437)"	1	60	"1.1E-16"	"IPR018833"	"Domain of unknown function DUF2437"	"-"
"PPA1367"	429	"Pfam"	"PF02885"	"Glycosyl transferase family, helical bundle domain"	8	70	"5.7E-17"	"IPR017459"	"Glycosyl transferase family 3, N-terminal domain"	"-"
"PPA1367"	429	"Pfam"	"PF07831"	"Pyrimidine nucleoside phosphorylase C-terminal domain"	338	410	"1.8E-20"	"IPR013102"	"Pyrimidine nucleoside phosphorylase, C-terminal"	"GO:0006213|GO:0016763"
"PPA1367"	429	"Pfam"	"PF00591"	"Glycosyl transferase family, a/b domain"	81	288	"3.2E-34"	"IPR000312"	"Glycosyl transferase, family 3"	"GO:0016757"
"PPA1368"	363	"Pfam"	"PF01063"	"Amino-transferase class IV"	73	319	"9.2E-32"	"IPR001544"	"Aminotransferase class IV"	"GO:0003824"
"PPA1372"	342	"Pfam"	"PF01450"	"Acetohydroxy acid isomeroreductase, catalytic domain"	184	327	"2.0E-62"	"IPR000506"	"Ketol-acid reductoisomerase, C-terminal"	"GO:0004455|GO:0009082"
"PPA1372"	342	"Pfam"	"PF07991"	"Acetohydroxy acid isomeroreductase, NADPH-binding domain"	15	178	"3.2E-75"	"IPR013116"	"Ketol-acid reductoisomerase, N-terminal"	"-"
"PPA1373"	81	"Pfam"	"PF10369"	"Small subunit of acetolactate synthase"	39	81	"1.9E-9"	"IPR019455"	"Acetolactate synthase, small subunit, C-terminal"	"-"
"PPA1375"	136	"Pfam"	"PF01230"	"HIT domain"	12	105	"9.6E-24"	"IPR011146"	"HIT-like domain"	"GO:0003824"
"PPA1376"	251	"Pfam"	"PF00977"	"Histidine biosynthesis protein"	4	234	"2.8E-78"	"IPR006062"	"Histidine biosynthesis protein"	"GO:0000105"
"PPA1377"	917	"Pfam"	"PF08148"	"DSHCT (NUC185) domain"	749	910	"1.5E-31"	"IPR012961"	"ATP-dependent RNA helicase Ski2, C-terminal"	"-"
"PPA1377"	917	"Pfam"	"PF00270"	"DEAD/DEAH box helicase"	18	165	"3.0E-15"	"IPR011545"	"DEAD/DEAH box helicase domain"	"GO:0003676|GO:0005524"
"PPA1377"	917	"Pfam"	"PF00271"	"Helicase conserved C-terminal domain"	352	434	"1.2E-5"	"IPR001650"	"Helicase, C-terminal"	"-"
"PPA1378"	261	"Pfam"	"PF00902"	"Sec-independent protein translocase protein (TatC)"	5	225	"3.3E-52"	"IPR002033"	"Sec-independent periplasmic protein translocase TatC"	"GO:0016021"
"PPA1379"	87	"Pfam"	"PF02416"	"mttA/Hcf106 family"	22	68	"1.1E-12"	"IPR003369"	"Sec-independent protein translocase protein TatA/B/E"	"GO:0015031"
"PPA1381"	322	"Pfam"	"PF13280"	"WYL domain"	151	303	"4.7E-16"	"IPR026881"	"WYL domain"	"-"
"PPA1381"	322	"Pfam"	"PF19187"	"PafC helix-turn-helix domain"	8	123	"4.5E-41"	"IPR043839"	"PafC, HTH domain"	"-"
"PPA1382"	320	"Pfam"	"PF13280"	"WYL domain"	147	311	"2.3E-22"	"IPR026881"	"WYL domain"	"-"
"PPA1383"	347	"Pfam"	"PF00749"	"tRNA synthetases class I (E and Q), catalytic domain"	31	303	"1.3E-37"	"IPR020058"	"Glutamyl/glutaminyl-tRNA synthetase, class Ib, catalytic domain"	"GO:0004812|GO:0005524|GO:0043039"
"PPA1384"	374	"Pfam"	"PF00254"	"FKBP-type peptidyl-prolyl cis-trans isomerase"	139	227	"5.7E-11"	"IPR001179"	"FKBP-type peptidyl-prolyl cis-trans isomerase domain"	"GO:0003755"
"PPA1384"	374	"Pfam"	"PF00254"	"FKBP-type peptidyl-prolyl cis-trans isomerase"	282	367	"4.1E-9"	"IPR001179"	"FKBP-type peptidyl-prolyl cis-trans isomerase domain"	"GO:0003755"
"PPA1385"	245	"Pfam"	"PF01479"	"S4 domain"	8	50	"2.1E-11"	"IPR002942"	"RNA-binding S4 domain"	"GO:0003723"
"PPA1385"	245	"Pfam"	"PF00849"	"RNA pseudouridylate synthase"	69	200	"1.2E-19"	"IPR006145"	"Pseudouridine synthase, RsuA/RluA-like"	"GO:0001522|GO:0003723|GO:0009451|GO:0009982"
"PPA1387"	315	"Pfam"	"PF13614"	"AAA domain"	61	237	"5.1E-61"	"IPR025669"	"AAA domain"	"-"
"PPA1388"	306	"Pfam"	"PF00589"	"Phage integrase family"	114	290	"1.2E-45"	"IPR002104"	"Integrase, catalytic domain"	"GO:0003677|GO:0006310|GO:0015074"
"PPA1388"	306	"Pfam"	"PF02899"	"Phage integrase, N-terminal SAM-like domain"	10	89	"2.2E-18"	"IPR004107"	"Integrase, SAM-like, N-terminal"	"GO:0003677|GO:0015074"
"PPA1389"	219	"Pfam"	"PF00293"	"NUDIX domain"	49	167	"1.5E-13"	"IPR000086"	"NUDIX hydrolase domain"	"-"
"PPA1390"	562	"Pfam"	"PF06418"	"CTP synthase N-terminus"	9	272	"3.6E-123"	"IPR017456"	"CTP synthase, N-terminal"	"GO:0003883|GO:0006221"
"PPA1390"	562	"Pfam"	"PF00117"	"Glutamine amidotransferase class-I"	307	538	"3.3E-50"	"IPR017926"	"Glutamine amidotransferase"	"-"
"PPA1394"	559	"Pfam"	"PF02463"	"RecF/RecN/SMC N terminal domain"	2	513	"1.5E-12"	"IPR003395"	"RecF/RecN/SMC, N-terminal"	"-"
"PPA1395"	318	"Pfam"	"PF01513"	"ATP-NAD kinase N-terminal domain"	70	132	"7.3E-13"	"IPR002504"	"NAD kinase"	"GO:0003951|GO:0006741"
"PPA1395"	318	"Pfam"	"PF20143"	"ATP-NAD kinase C-terminal domain"	159	283	"1.5E-27"	"-"	"-"	""
"PPA1396"	258	"Pfam"	"PF01728"	"FtsJ-like methyltransferase"	68	252	"6.9E-20"	"IPR002877"	"Ribosomal RNA methyltransferase, FtsJ domain"	"GO:0008168|GO:0032259"
"PPA1396"	258	"Pfam"	"PF01479"	"S4 domain"	14	60	"1.4E-13"	"IPR002942"	"RNA-binding S4 domain"	"GO:0003723"
"PPA1398"	210	"Pfam"	"PF02361"	"Cobalt transport protein"	16	203	"2.7E-8"	"IPR003339"	"ABC/ECF transporter, transmembrane component"	"-"
"PPA1399"	316	"Pfam"	"PF00005"	"ABC transporter"	101	235	"2.4E-25"	"IPR003439"	"ABC transporter-like, ATP-binding domain"	"GO:0005524"
"PPA1400"	189	"Pfam"	"PF02632"	"BioY family"	35	180	"1.7E-29"	"IPR003784"	"BioY protein"	"GO:0005886|GO:0015225|GO:0015878"
"PPA1401"	332	"Pfam"	"PF13344"	"Haloacid dehalogenase-like hydrolase"	13	112	"4.0E-22"	"IPR006357"	"HAD-superfamily hydrolase, subfamily IIA"	"-"
"PPA1401"	332	"Pfam"	"PF13242"	"HAD-hyrolase-like"	188	259	"1.7E-11"	"-"	"-"	""
"PPA1402"	392	"Pfam"	"PF13432"	"Tetratricopeptide repeat"	288	354	"3.6E-6"	"-"	"-"	""
"PPA1404"	418	"Pfam"	"PF00579"	"tRNA synthetases class I (W and Y)"	29	321	"9.2E-72"	"IPR002305"	"Aminoacyl-tRNA synthetase, class Ic"	"GO:0000166|GO:0004812|GO:0005524|GO:0006418"
"PPA1405"	182	"Pfam"	"PF01316"	"Arginine repressor, DNA binding domain"	10	74	"1.8E-18"	"IPR020900"	"Arginine repressor, DNA-binding domain"	"GO:0003700|GO:0006355|GO:0006525"
"PPA1405"	182	"Pfam"	"PF02863"	"Arginine repressor, C-terminal domain"	96	161	"2.3E-19"	"IPR020899"	"Arginine repressor, C-terminal"	"GO:0034618|GO:0051259"
"PPA1406"	203	"Pfam"	"PF02909"	"Tetracyclin repressor-like, C-terminal domain"	84	171	"5.1E-8"	"IPR004111"	"Tetracycline repressor TetR, C-terminal"	"GO:0045892"
"PPA1406"	203	"Pfam"	"PF00440"	"Bacterial regulatory proteins, tetR family"	25	69	"1.5E-9"	"IPR001647"	"DNA-binding HTH domain, TetR-type"	"GO:0003677"
"PPA1407"	388	"Pfam"	"PF06968"	"Biotin and Thiamin Synthesis associated domain"	256	345	"2.1E-11"	"IPR010722"	"Biotin and thiamin synthesis-associated domain"	"-"
"PPA1407"	388	"Pfam"	"PF04055"	"Radical SAM superfamily"	89	245	"2.5E-14"	"IPR007197"	"Radical SAM"	"GO:0003824|GO:0051536"
"PPA1408"	839	"Pfam"	"PF01588"	"Putative tRNA binding domain"	67	161	"5.1E-7"	"IPR002547"	"tRNA-binding domain"	"GO:0000049"
"PPA1408"	839	"Pfam"	"PF03483"	"B3/4 domain"	235	408	"4.1E-62"	"IPR005146"	"B3/B4 tRNA-binding domain"	"GO:0003723|GO:0004826"
"PPA1408"	839	"Pfam"	"PF03147"	"Ferredoxin-fold anticodon binding domain"	745	838	"1.4E-22"	"IPR005121"	"Ferrodoxin-fold anticodon-binding domain"	"-"
"PPA1408"	839	"Pfam"	"PF17759"	"Phenylalanyl tRNA synthetase beta chain CLM domain"	495	728	"2.2E-56"	"IPR041616"	"Phenylalanyl tRNA synthetase beta chain, core domain"	"-"
"PPA1408"	839	"Pfam"	"PF03484"	"tRNA synthetase B5 domain"	428	491	"9.2E-14"	"IPR005147"	"tRNA synthetase, B5-domain"	"GO:0000287|GO:0003723|GO:0005524|GO:0006432"
"PPA1409"	369	"Pfam"	"PF01409"	"tRNA synthetases class II core domain (F)"	109	363	"1.7E-92"	"IPR002319"	"Phenylalanyl-tRNA synthetase"	"GO:0000049|GO:0004812|GO:0005524|GO:0043039"
"PPA1409"	369	"Pfam"	"PF02912"	"Aminoacyl tRNA synthetase class II, N-terminal domain"	37	104	"5.5E-18"	"IPR004188"	"Phenylalanine-tRNA ligase, class II, N-terminal"	"GO:0000166|GO:0004826|GO:0005524|GO:0005737|GO:0006432"
"PPA1410"	273	"Pfam"	"PF00588"	"SpoU rRNA Methylase family"	122	265	"2.3E-35"	"IPR001537"	"tRNA/rRNA methyltransferase, SpoU type"	"GO:0003723|GO:0006396|GO:0008173"
"PPA1410"	273	"Pfam"	"PF08032"	"RNA 2'-O ribose methyltransferase substrate binding"	41	110	"1.2E-9"	"IPR013123"	"RNA 2-O ribose methyltransferase, substrate binding"	"GO:0008168"
"PPA1412"	123	"Pfam"	"PF00453"	"Ribosomal protein L20"	3	109	"5.3E-43"	"IPR005813"	"Ribosomal protein L20"	"GO:0003735|GO:0005840|GO:0006412|GO:0019843"
"PPA1413"	68	"Pfam"	"PF01632"	"Ribosomal protein L35"	2	62	"7.5E-23"	"IPR021137"	"Ribosomal protein L35"	"GO:0003735|GO:0005840|GO:0006412"
"PPA1414"	268	"Pfam"	"PF00707"	"Translation initiation factor IF-3, C-terminal domain"	125	207	"1.0E-34"	"IPR019815"	"Translation initiation factor 3, C-terminal"	"GO:0006413"
"PPA1414"	268	"Pfam"	"PF05198"	"Translation initiation factor IF-3, N-terminal domain"	47	115	"3.6E-30"	"IPR019814"	"Translation initiation factor 3, N-terminal"	"GO:0003743|GO:0006413"
"PPA1415"	157	"Pfam"	"PF07179"	"SseB protein N-terminal domain"	37	130	"1.4E-11"	"IPR009839"	"SseB protein N-terminal domain"	"-"
"PPA1417"	284	"Pfam"	"PF01634"	"ATP phosphoribosyltransferase"	52	204	"7.9E-44"	"IPR013820"	"ATP phosphoribosyltransferase, catalytic domain"	"GO:0000105|GO:0003879|GO:0005737"
"PPA1417"	284	"Pfam"	"PF08029"	"HisG, C-terminal domain"	209	280	"1.5E-24"	"IPR013115"	"Histidine biosynthesis HisG, C-terminal"	"GO:0000105|GO:0000287|GO:0003879|GO:0005737"
"PPA1418"	88	"Pfam"	"PF01503"	"Phosphoribosyl-ATP pyrophosphohydrolase"	14	87	"1.5E-8"	"IPR021130"	"Phosphoribosyl-ATP pyrophosphohydrolase-like"	"-"
"PPA1419"	226	"Pfam"	"PF04973"	"Nicotinamide mononucleotide transporter"	26	215	"6.6E-49"	"IPR006419"	"Nicotinamide mononucleotide transporter PnuC"	"GO:0016020|GO:0034257|GO:0034258"
"PPA1421"	193	"Pfam"	"PF11290"	"Protein of unknown function (DUF3090)"	7	181	"8.4E-48"	"IPR021441"	"Protein of unknown function DUF3090"	"-"
"PPA1422"	324	"Pfam"	"PF00248"	"Aldo/keto reductase family"	18	313	"3.8E-54"	"IPR023210"	"NADP-dependent oxidoreductase domain"	"-"
"PPA1423"	436	"Pfam"	"PF00285"	"Citrate synthase, C-terminal domain"	57	419	"9.4E-121"	"IPR002020"	"Citrate synthase"	"GO:0046912"
"PPA1424"	454	"Pfam"	"PF01546"	"Peptidase family M20/M25/M40"	93	452	"1.1E-30"	"IPR002933"	"Peptidase M20"	"GO:0016787"
"PPA1424"	454	"Pfam"	"PF07687"	"Peptidase dimerisation domain"	211	337	"5.2E-11"	"IPR011650"	"Peptidase M20, dimerisation domain"	"-"
"PPA1425"	377	"Pfam"	"PF12146"	"Serine aminopeptidase, S33"	73	359	"4.4E-46"	"IPR022742"	"Serine aminopeptidase, S33"	"-"
"PPA1427"	71	"Pfam"	"PF05532"	"CsbD-like"	5	57	"2.7E-14"	"IPR008462"	"CsbD-like domain"	"-"
"PPA1428"	175	"Pfam"	"PF01035"	"6-O-methylguanine DNA methyltransferase, DNA binding domain"	88	168	"4.2E-29"	"IPR014048"	"Methylated-DNA-[protein]-cysteine S-methyltransferase, DNA binding"	"GO:0003824|GO:0006281"
"PPA1429"	377	"Pfam"	"PF02481"	"DNA recombination-mediator protein A"	63	283	"1.6E-64"	"IPR003488"	"DNA recombination-mediator protein A"	"GO:0009294"
"PPA1430"	490	"Pfam"	"PF13541"	"Subunit ChlI of Mg-chelatase"	4	125	"4.7E-36"	"-"	"-"	""
"PPA1430"	490	"Pfam"	"PF01078"	"Magnesium chelatase, subunit ChlI"	175	379	"3.6E-87"	"IPR000523"	"Magnesium chelatase ChlI-like, catalytic domain"	"GO:0005524"
"PPA1430"	490	"Pfam"	"PF13335"	"Magnesium chelatase, subunit ChlI C-terminal"	390	485	"1.2E-25"	"IPR025158"	"Mg chelatase-related protein, C-terminal domain"	"-"
"PPA1431"	140	"Pfam"	"PF02021"	"Uncharacterised protein family UPF0102"	33	123	"3.5E-27"	"IPR003509"	"Uncharacterised protein family UPF0102"	"-"
"PPA1432"	103	"Pfam"	"PF10611"	"Protein of unknown function (DUF2469)"	1	98	"7.0E-48"	"IPR019592"	"Protein of unknown function DUF2469"	"-"
"PPA1433"	204	"Pfam"	"PF01351"	"Ribonuclease HII"	16	195	"7.9E-36"	"IPR024567"	"Ribonuclease HII/HIII domain"	"-"
"PPA1434"	274	"Pfam"	"PF10502"	"Signal peptidase, peptidase S26"	39	234	"1.8E-39"	"IPR019533"	"Peptidase S26"	"GO:0004252|GO:0006465"
"PPA1435"	117	"Pfam"	"PF01245"	"Ribosomal protein L19"	3	113	"2.9E-50"	"IPR001857"	"Ribosomal protein L19"	"GO:0003735|GO:0005840|GO:0006412"
"PPA1437"	257	"Pfam"	"PF13183"	"4Fe-4S dicluster domain"	161	233	"1.2E-10"	"IPR017896"	"4Fe-4S ferredoxin-type, iron-sulphur binding domain"	"-"
"PPA1437"	257	"Pfam"	"PF13085"	"2Fe-2S iron-sulfur cluster binding domain"	4	125	"2.6E-23"	"IPR025192"	"Succinate dehydogenase/fumarate reductase N-terminal"	"GO:0009055|GO:0051536"
"PPA1438"	675	"Pfam"	"PF02910"	"Fumarate reductase flavoprotein C-term"	540	674	"5.1E-36"	"IPR015939"	"Fumarate reductase/succinate dehydrogenase flavoprotein-like, C-terminal"	"GO:0016491"
"PPA1438"	675	"Pfam"	"PF00890"	"FAD binding domain"	59	478	"1.1E-54"	"IPR003953"	"FAD-dependent oxidoreductase 2, FAD binding domain"	"-"
"PPA1440"	239	"Pfam"	"PF01746"	"tRNA (Guanine-1)-methyltransferase"	22	228	"8.4E-62"	"IPR016009"	"tRNA methyltransferase TRMD/TRM10-type domain"	"-"
"PPA1441"	179	"Pfam"	"PF01782"	"RimM N-terminal domain"	10	88	"8.2E-18"	"IPR002676"	"RimM, N-terminal"	"GO:0006364"
"PPA1441"	179	"Pfam"	"PF05239"	"PRC-barrel domain"	99	170	"4.1E-9"	"IPR027275"	"PRC-barrel domain"	"-"
"PPA1442"	92	"Pfam"	"PF13083"	"KH domain"	4	71	"4.8E-18"	"-"	"-"	""
"PPA1443"	147	"Pfam"	"PF00886"	"Ribosomal protein S16"	9	67	"2.2E-22"	"IPR000307"	"Ribosomal protein S16"	"GO:0003735|GO:0005840|GO:0006412"
"PPA1444"	387	"Pfam"	"PF01979"	"Amidohydrolase family"	73	366	"3.6E-11"	"IPR006680"	"Amidohydrolase-related"	"GO:0016787"
"PPA1445"	528	"Pfam"	"PF02881"	"SRP54-type protein, helical bundle domain"	5	82	"3.9E-20"	"IPR013822"	"Signal recognition particle SRP54, helical bundle"	"GO:0005525|GO:0006614"
"PPA1445"	528	"Pfam"	"PF02978"	"Signal peptide binding domain"	331	429	"1.6E-28"	"IPR004125"	"Signal recognition particle, SRP54 subunit, M-domain"	"GO:0006614|GO:0008312|GO:0048500"
"PPA1445"	528	"Pfam"	"PF00448"	"SRP54-type protein, GTPase domain"	100	297	"5.4E-69"	"IPR000897"	"Signal recognition particle, SRP54 subunit, GTPase domain"	"GO:0005525|GO:0006614"
"PPA1446"	393	"Pfam"	"PF00756"	"Putative esterase"	143	298	"1.5E-7"	"IPR000801"	"Esterase-like"	"-"
"PPA1447"	396	"Pfam"	"PF00448"	"SRP54-type protein, GTPase domain"	191	389	"1.8E-73"	"IPR000897"	"Signal recognition particle, SRP54 subunit, GTPase domain"	"GO:0005525|GO:0006614"
"PPA1447"	396	"Pfam"	"PF02881"	"SRP54-type protein, helical bundle domain"	107	170	"1.8E-9"	"IPR013822"	"Signal recognition particle SRP54, helical bundle"	"GO:0005525|GO:0006614"
"PPA1448"	219	"Pfam"	"PF04138"	"GtrA-like protein"	88	189	"1.0E-13"	"IPR007267"	"GtrA-like protein"	"GO:0000271|GO:0016021"
"PPA1449"	113	"Pfam"	"PF05534"	"HicB family"	62	110	"2.0E-19"	"IPR008651"	"Uncharacterised protein family HicB"	"-"
"PPA1451"	256	"Pfam"	"PF01149"	"Formamidopyrimidine-DNA glycosylase N-terminal domain"	1	120	"1.2E-33"	"IPR012319"	"Formamidopyrimidine-DNA glycosylase, catalytic domain"	"GO:0003906|GO:0006284|GO:0008270|GO:0019104"
"PPA1451"	256	"Pfam"	"PF06831"	"Formamidopyrimidine-DNA glycosylase H2TH domain"	137	224	"6.0E-26"	"IPR015886"	"DNA glycosylase/AP lyase, H2TH DNA-binding"	"GO:0003684|GO:0003906|GO:0006284|GO:0008270|GO:0016799"
"PPA1452"	366	"Pfam"	"PF00035"	"Double-stranded RNA binding motif"	293	357	"8.6E-12"	"IPR014720"	"Double-stranded RNA-binding domain"	"-"
"PPA1452"	366	"Pfam"	"PF14622"	"Ribonuclease-III-like"	151	275	"2.8E-30"	"IPR000999"	"Ribonuclease III domain"	"GO:0004525|GO:0006396"
"PPA1453"	186	"Pfam"	"PF02620"	"Large ribosomal RNA subunit accumulation protein YceD"	70	177	"9.2E-28"	"IPR003772"	"Large ribosomal RNA subunit accumulation protein YceD"	"-"
"PPA1454"	511	"Pfam"	"PF13416"	"Bacterial extracellular solute-binding protein"	145	451	"8.4E-32"	"IPR006059"	"Bacterial extracellular solute-binding protein"	"-"
"PPA1455"	318	"Pfam"	"PF00528"	"Binding-protein-dependent transport system inner membrane component"	100	276	"2.1E-11"	"IPR000515"	"ABC transporter type 1, transmembrane domain MetI-like"	"GO:0016020|GO:0055085"
"PPA1456"	298	"Pfam"	"PF00528"	"Binding-protein-dependent transport system inner membrane component"	110	291	"1.2E-12"	"IPR000515"	"ABC transporter type 1, transmembrane domain MetI-like"	"GO:0016020|GO:0055085"
"PPA1457"	336	"Pfam"	"PF00356"	"Bacterial regulatory proteins, lacI family"	5	50	"1.8E-14"	"IPR000843"	"LacI-type HTH domain"	"GO:0003677|GO:0006355"
"PPA1457"	336	"Pfam"	"PF13377"	"Periplasmic binding protein-like domain"	174	332	"2.7E-35"	"IPR046335"	"Transcriptional regulator LacI/GalR-like, sensor domain"	"-"
"PPA1459"	1027	"Pfam"	"PF01074"	"Glycosyl hydrolases family 38 N-terminal domain"	267	519	"4.0E-81"	"IPR000602"	"Glycoside hydrolase family 38, N-terminal domain"	"GO:0004559|GO:0006013"
"PPA1459"	1027	"Pfam"	"PF07748"	"Glycosyl hydrolases family 38 C-terminal domain"	677	888	"6.6E-39"	"IPR011682"	"Glycosyl hydrolase family 38, C-terminal"	"GO:0004559|GO:0006013"
"PPA1459"	1027	"Pfam"	"PF09261"	"Alpha mannosidase middle domain"	532	628	"5.5E-26"	"IPR015341"	"Glycoside hydrolase family 38, central domain"	"GO:0004559|GO:0006013"
"PPA1459"	1027	"Pfam"	"PF17677"	"Glycosyl hydrolases family 38 C-terminal beta sandwich domain"	937	1022	"1.3E-10"	"IPR041147"	"Glycosyl hydrolases family 38, C-terminal beta sandwich domain"	"-"
"PPA1463"	157	"Pfam"	"PF01467"	"Cytidylyltransferase-like"	4	131	"3.4E-15"	"IPR004821"	"Cytidyltransferase-like domain"	"GO:0003824|GO:0009058"
"PPA1464"	202	"Pfam"	"PF03602"	"Conserved hypothetical protein 95"	3	186	"4.7E-39"	"-"	"-"	""
"PPA1465"	140	"Pfam"	"PF12900"	"Pyridoxamine 5'-phosphate oxidase"	13	129	"2.6E-29"	"IPR024747"	"Pyridoxamine 5'-phosphate oxidase-related"	"-"
"PPA1466"	749	"Pfam"	"PF00271"	"Helicase conserved C-terminal domain"	524	640	"1.5E-17"	"IPR001650"	"Helicase, C-terminal"	"-"
"PPA1466"	749	"Pfam"	"PF00270"	"DEAD/DEAH box helicase"	325	451	"1.9E-13"	"IPR011545"	"DEAD/DEAH box helicase domain"	"GO:0003676|GO:0005524"
"PPA1467"	557	"Pfam"	"PF07521"	"Zn-dependent metallo-hydrolase RNA specificity domain"	368	412	"3.3E-7"	"IPR011108"	"Zn-dependent metallo-hydrolase, RNA specificity domain"	"-"
"PPA1467"	557	"Pfam"	"PF00753"	"Metallo-beta-lactamase superfamily"	21	169	"1.3E-11"	"IPR001279"	"Metallo-beta-lactamase"	"-"
"PPA1467"	557	"Pfam"	"PF17770"	"Ribonuclease J C-terminal domain"	460	557	"3.8E-19"	"IPR041636"	"Ribonuclease J, C-terminal"	"-"
"PPA1468"	579	"Pfam"	"PF02776"	"Thiamine pyrophosphate enzyme, N-terminal TPP binding domain"	1	173	"1.9E-36"	"IPR012001"	"Thiamine pyrophosphate enzyme, N-terminal TPP-binding domain"	"GO:0030976"
"PPA1468"	579	"Pfam"	"PF00205"	"Thiamine pyrophosphate enzyme, central domain"	193	319	"5.5E-27"	"IPR012000"	"Thiamine pyrophosphate enzyme, central domain"	"GO:0000287|GO:0030976"
"PPA1468"	579	"Pfam"	"PF02775"	"Thiamine pyrophosphate enzyme, C-terminal TPP binding domain"	382	528	"2.9E-35"	"IPR011766"	"Thiamine pyrophosphate enzyme, C-terminal TPP-binding"	"GO:0003824|GO:0030976"
"PPA1470"	246	"Pfam"	"PF01113"	"Dihydrodipicolinate reductase, N-terminus"	2	104	"1.7E-26"	"IPR000846"	"Dihydrodipicolinate reductase, N-terminal"	"GO:0008839|GO:0009089"
"PPA1470"	246	"Pfam"	"PF05173"	"Dihydrodipicolinate reductase, C-terminus"	107	229	"1.0E-29"	"IPR022663"	"Dihydrodipicolinate reductase, C-terminal"	"GO:0008839|GO:0009089"
"PPA1471"	733	"Pfam"	"PF03726"	"Polyribonucleotide nucleotidyltransferase, RNA binding domain"	268	344	"3.0E-14"	"IPR015848"	"Polyribonucleotide nucleotidyltransferase, RNA-binding domain"	"GO:0003723|GO:0006396"
"PPA1471"	733	"Pfam"	"PF00575"	"S1 RNA binding domain"	650	721	"9.2E-13"	"IPR003029"	"S1 domain"	"GO:0003676"
"PPA1471"	733	"Pfam"	"PF01138"	"3' exoribonuclease family, domain 1"	349	481	"3.9E-16"	"IPR001247"	"Exoribonuclease, phosphorolytic domain 1"	"-"
"PPA1471"	733	"Pfam"	"PF01138"	"3' exoribonuclease family, domain 1"	24	152	"7.9E-14"	"IPR001247"	"Exoribonuclease, phosphorolytic domain 1"	"-"
"PPA1471"	733	"Pfam"	"PF00013"	"KH domain"	585	642	"2.6E-11"	"IPR004088"	"K Homology domain, type 1"	"GO:0003723"
"PPA1472"	87	"Pfam"	"PF00312"	"Ribosomal protein S15"	6	86	"4.3E-36"	"IPR000589"	"Ribosomal protein S15"	"GO:0003735|GO:0005840|GO:0006412"
"PPA1474"	380	"Pfam"	"PF06574"	"FAD synthetase"	88	234	"6.3E-38"	"IPR015864"	"FAD synthetase"	"GO:0003919|GO:0009231"
"PPA1474"	380	"Pfam"	"PF01687"	"Riboflavin kinase"	251	379	"3.3E-32"	"IPR015865"	"Riboflavin kinase domain, bacterial/eukaryotic"	"GO:0008531|GO:0009231"
"PPA1475"	339	"Pfam"	"PF04069"	"Substrate binding domain of ABC-type glycine betaine transport system"	72	322	"2.2E-52"	"IPR007210"	"ABC-type glycine betaine transport system, substrate-binding domain"	"GO:0022857|GO:0043190|GO:0055085"
"PPA1476"	288	"Pfam"	"PF00528"	"Binding-protein-dependent transport system inner membrane component"	111	267	"1.3E-21"	"IPR000515"	"ABC transporter type 1, transmembrane domain MetI-like"	"GO:0016020|GO:0055085"
"PPA1477"	435	"Pfam"	"PF00005"	"ABC transporter"	43	190	"2.8E-33"	"IPR003439"	"ABC transporter-like, ATP-binding domain"	"GO:0005524"
"PPA1478"	295	"Pfam"	"PF01509"	"TruB family pseudouridylate synthase (N terminal domain)"	27	179	"6.6E-48"	"IPR002501"	"Pseudouridine synthase II, N-terminal"	"GO:0006396"
"PPA1478"	295	"Pfam"	"PF09142"	"tRNA Pseudouridine synthase II, C terminal"	237	283	"2.0E-7"	"IPR015225"	"tRNA pseudouridine synthase II, TruB, subfamily 2, C-terminal"	"GO:0001522|GO:0003723|GO:0009451|GO:0009982"
"PPA1478"	295	"Pfam"	"PF16198"	"tRNA pseudouridylate synthase B C-terminal domain"	180	210	"1.6E-9"	"IPR032819"	"tRNA pseudouridylate synthase B, C-terminal"	"-"
"PPA1479"	108	"Pfam"	"PF07883"	"Cupin domain"	40	106	"6.1E-7"	"IPR013096"	"Cupin 2, conserved barrel"	"-"
"PPA1482"	640	"Pfam"	"PF08279"	"HTH domain"	6	48	"3.2E-7"	"IPR013196"	"Helix-turn-helix, type 11"	"-"
"PPA1482"	640	"Pfam"	"PF08279"	"HTH domain"	93	144	"5.1E-7"	"IPR013196"	"Helix-turn-helix, type 11"	"-"
"PPA1482"	640	"Pfam"	"PF00359"	"Phosphoenolpyruvate-dependent sugar phosphotransferase system, EIIA 2"	511	625	"5.4E-8"	"IPR002178"	"PTS EIIA type-2 domain"	"-"
"PPA1482"	640	"Pfam"	"PF00874"	"PRD domain"	287	368	"2.9E-11"	"IPR011608"	"PRD domain"	"GO:0006355"
"PPA1483"	168	"Pfam"	"PF06923"	"Glucitol operon activator protein (GutM)"	8	109	"6.1E-28"	"IPR009693"	"Glucitol operon activator"	"-"
"PPA1484"	192	"Pfam"	"PF03608"	"PTS system enzyme II sorbitol-specific factor"	4	170	"1.7E-75"	"IPR004699"	"Phosphotransferase system, enzyme II sorbitol-specific factor"	"GO:0009401|GO:0016021"
"PPA1485"	349	"Pfam"	"PF07663"	"Sorbitol phosphotransferase enzyme II C-terminus"	255	347	"2.8E-42"	"IPR011638"	"Sorbitol phosphotransferase enzyme II, C-terminal"	"GO:0008982|GO:0009401|GO:0016021"
"PPA1485"	349	"Pfam"	"PF03612"	"Sorbitol phosphotransferase enzyme II N-terminus"	6	200	"7.8E-74"	"IPR011618"	"Sorbitol phosphotransferase enzyme II, N-terminal"	"GO:0008982|GO:0009401|GO:0016021"
"PPA1486"	122	"Pfam"	"PF03829"	"PTS system glucitol/sorbitol-specific IIA component"	4	117	"5.1E-34"	"IPR004716"	"Phosphotransferase system, glucitol/sorbitol-specific IIA component"	"GO:0005737|GO:0008982|GO:0009401"
"PPA1487"	99	"Pfam"	"PF00381"	"PTS HPr component phosphorylation site"	3	82	"2.3E-17"	"IPR000032"	"Phosphocarrier protein HPr-like"	"-"
"PPA1488"	457	"Pfam"	"PF13685"	"Iron-containing alcohol dehydrogenase"	21	299	"2.8E-53"	"IPR032837"	"Glycerol-1-phosphate dehydrogenase"	"-"
"PPA1489"	143	"Pfam"	"PF02033"	"Ribosome-binding factor A"	7	109	"2.1E-25"	"IPR000238"	"Ribosome-binding factor A"	"GO:0006364"
"PPA1492"	260	"Pfam"	"PF00005"	"ABC transporter"	32	165	"1.2E-27"	"IPR003439"	"ABC transporter-like, ATP-binding domain"	"GO:0005524"
"PPA1493"	964	"Pfam"	"PF11987"	"Translation-initiation factor 2"	739	855	"3.6E-36"	"IPR023115"	"Translation initiation factor IF- 2, domain 3"	"-"
"PPA1493"	964	"Pfam"	"PF04760"	"Translation initiation factor IF-2, N-terminal region"	378	424	"6.1E-9"	"IPR006847"	"Translation initiation factor IF-2, N-terminal"	"-"
"PPA1493"	964	"Pfam"	"PF04760"	"Translation initiation factor IF-2, N-terminal region"	1	51	"3.8E-13"	"IPR006847"	"Translation initiation factor IF-2, N-terminal"	"-"
"PPA1493"	964	"Pfam"	"PF00009"	"Elongation factor Tu GTP binding domain"	463	623	"8.6E-33"	"IPR000795"	"Translational (tr)-type GTP-binding domain"	"GO:0003924|GO:0005525"
"PPA1494"	323	"Pfam"	"PF08529"	"NusA N-terminal domain"	66	100	"6.7E-6"	"IPR013735"	"Transcription factor NusA, N-terminal"	"GO:0003700|GO:0031554"
"PPA1494"	323	"Pfam"	"PF08529"	"NusA N-terminal domain"	6	58	"1.5E-7"	"IPR013735"	"Transcription factor NusA, N-terminal"	"GO:0003700|GO:0031554"
"PPA1494"	323	"Pfam"	"PF13184"	"NusA-like KH domain"	208	276	"2.3E-23"	"IPR025249"	"KH domain, NusA-like"	"GO:0003723"
"PPA1495"	178	"Pfam"	"PF02576"	"RimP N-terminal domain"	9	85	"1.8E-12"	"IPR028989"	"Ribosome maturation factor RimP, N-terminal"	"-"
"PPA1495"	178	"Pfam"	"PF17384"	"RimP C-terminal SH3 domain"	89	166	"4.8E-12"	"IPR028998"	"Ribosome maturation factor RimP, C-terminal"	"-"
"PPA1497"	255	"Pfam"	"PF01925"	"Sulfite exporter TauE/SafE"	9	247	"6.8E-43"	"IPR002781"	"Transmembrane protein TauE-like"	"GO:0016021"
"PPA1498"	584	"Pfam"	"PF00149"	"Calcineurin-like phosphoesterase"	106	479	"1.4E-6"	"IPR004843"	"Calcineurin-like phosphoesterase domain, ApaH type"	"GO:0016787"
"PPA1499"	585	"Pfam"	"PF04073"	"Aminoacyl-tRNA editing domain"	258	395	"2.3E-24"	"IPR007214"	"YbaK/aminoacyl-tRNA synthetase-associated domain"	"GO:0002161"
"PPA1499"	585	"Pfam"	"PF03129"	"Anticodon binding domain"	492	580	"1.2E-16"	"IPR004154"	"Anticodon-binding"	"-"
"PPA1499"	585	"Pfam"	"PF00587"	"tRNA synthetase class II core domain (G, H, P, S and T)"	96	473	"3.7E-41"	"IPR002314"	"Aminoacyl-tRNA synthetase, class II (G/ P/ S/T)"	"GO:0000166|GO:0004812|GO:0005524|GO:0006418"
"PPA1501"	507	"Pfam"	"PF01297"	"Zinc-uptake complex component A periplasmic"	30	505	"2.4E-75"	"IPR006127"	"Periplasmic solute binding protein, ZnuA-like"	"GO:0030001|GO:0046872"
"PPA1503"	228	"Pfam"	"PF00005"	"ABC transporter"	2	143	"6.9E-27"	"IPR003439"	"ABC transporter-like, ATP-binding domain"	"GO:0005524"
"PPA1504"	312	"Pfam"	"PF00950"	"ABC 3 transport family"	18	270	"7.1E-69"	"IPR001626"	"ABC transporter, TroCD-like"	"GO:0005887|GO:0043190|GO:0055085"
"PPA1505"	281	"Pfam"	"PF13312"	"Domain of unknown function (DUF4081)"	47	154	"1.7E-26"	"IPR025289"	"Domain of unknown function DUF4081"	"-"
"PPA1505"	281	"Pfam"	"PF00583"	"Acetyltransferase (GNAT) family"	212	270	"1.5E-8"	"IPR000182"	"GNAT domain"	"GO:0016407"
"PPA1506"	380	"Pfam"	"PF04551"	"GcpE protein"	21	361	"0.0"	"IPR004588"	"4-hydroxy-3-methylbut-2-en-1-yl diphosphate synthase, bacterial-type"	"GO:0016114|GO:0046429"
"PPA1507"	239	"Pfam"	"PF03070"	"TENA/THI-4/PQQC family"	34	220	"6.4E-14"	"IPR004305"	"Thiaminase-2/PQQC"	"-"
"PPA1509"	426	"Pfam"	"PF17820"	"PDZ domain"	177	224	"7.8E-13"	"IPR041489"	"PDZ domain 6"	"-"
"PPA1509"	426	"Pfam"	"PF02163"	"Peptidase family M50"	13	377	"7.4E-45"	"IPR008915"	"Peptidase M50"	"GO:0004222|GO:0006508"
"PPA1510"	407	"Pfam"	"PF02670"	"1-deoxy-D-xylulose 5-phosphate reductoisomerase"	4	139	"1.6E-41"	"IPR013512"	"1-deoxy-D-xylulose 5-phosphate reductoisomerase, N-terminal"	"GO:0070402"
"PPA1510"	407	"Pfam"	"PF13288"	"DXP reductoisomerase C-terminal domain"	267	395	"7.6E-34"	"IPR026877"	"DXP reductoisomerase C-terminal domain"	"-"
"PPA1510"	407	"Pfam"	"PF08436"	"1-deoxy-D-xylulose 5-phosphate reductoisomerase C-terminal domain"	151	234	"9.7E-35"	"IPR013644"	"1-deoxy-D-xylulose 5-phosphate reductoisomerase, C-terminal"	"GO:0005515"
"PPA1511"	483	"Pfam"	"PF00144"	"Beta-lactamase"	49	316	"1.1E-34"	"IPR001466"	"Beta-lactamase-related"	"-"
"PPA1512"	363	"Pfam"	"PF03641"	"Possible lysine decarboxylase"	240	355	"9.6E-7"	"IPR031100"	"LOG family"	"-"
"PPA1513"	445	"Pfam"	"PF00208"	"Glutamate/Leucine/Phenylalanine/Valine dehydrogenase"	201	443	"3.7E-86"	"IPR006096"	"Glutamate/phenylalanine/leucine/valine dehydrogenase, C-terminal"	"GO:0006520|GO:0016491"
"PPA1513"	445	"Pfam"	"PF02812"	"Glu/Leu/Phe/Val dehydrogenase, dimerisation domain"	55	182	"2.5E-47"	"IPR006097"	"Glutamate/phenylalanine/leucine/valine dehydrogenase, dimerisation domain"	"GO:0006520|GO:0016491"
"PPA1514"	405	"Pfam"	"PF04055"	"Radical SAM superfamily"	152	320	"3.0E-14"	"IPR007197"	"Radical SAM"	"GO:0003824|GO:0051536"
"PPA1515"	216	"Pfam"	"PF02600"	"Disulfide bond formation protein DsbB"	36	152	"2.1E-8"	"IPR003752"	"Disulphide bond formation protein DsbB/BdbC"	"GO:0006457|GO:0015035|GO:0016021"
"PPA1517"	287	"Pfam"	"PF01148"	"Cytidylyltransferase family"	24	285	"3.2E-52"	"-"	"-"	""
"PPA1518"	184	"Pfam"	"PF01765"	"Ribosome recycling factor"	20	182	"5.0E-61"	"IPR023584"	"Ribosome recycling factor domain"	"-"
"PPA1519"	237	"Pfam"	"PF00696"	"Amino acid kinase family"	6	215	"1.1E-28"	"IPR001048"	"Aspartate/glutamate/uridylate kinase"	"-"
"PPA1520"	270	"Pfam"	"PF00889"	"Elongation factor TS"	68	270	"9.2E-56"	"IPR014039"	"Translation elongation factor EFTs/EF1B, dimerisation"	"GO:0003746|GO:0006414"
"PPA1521"	283	"Pfam"	"PF00318"	"Ribosomal protein S2"	9	225	"7.8E-96"	"IPR001865"	"Ribosomal protein S2"	"GO:0003735|GO:0005840|GO:0006412"
"PPA1522"	315	"Pfam"	"PF00589"	"Phage integrase family"	133	300	"2.5E-41"	"IPR002104"	"Integrase, catalytic domain"	"GO:0003677|GO:0006310|GO:0015074"
"PPA1522"	315	"Pfam"	"PF02899"	"Phage integrase, N-terminal SAM-like domain"	23	104	"2.7E-15"	"IPR004107"	"Integrase, SAM-like, N-terminal"	"GO:0003677|GO:0015074"
"PPA1523"	252	"Pfam"	"PF01551"	"Peptidase family M23"	63	154	"9.8E-13"	"IPR016047"	"Peptidase M23"	"-"
"PPA1524"	360	"Pfam"	"PF10282"	"Lactonase, 7-bladed beta-propeller"	72	339	"1.1E-33"	"IPR019405"	"Lactonase, 7-bladed beta propeller"	"-"
"PPA1525"	200	"Pfam"	"PF01327"	"Polypeptide deformylase"	22	175	"9.8E-40"	"IPR023635"	"Peptide deformylase"	"GO:0042586"
"PPA1526"	269	"Pfam"	"PF00588"	"SpoU rRNA Methylase family"	120	265	"2.6E-34"	"IPR001537"	"tRNA/rRNA methyltransferase, SpoU type"	"GO:0003723|GO:0006396|GO:0008173"
"PPA1527"	328	"Pfam"	"PF13593"	"SBF-like CPA transporter family (DUF4137)"	14	321	"3.7E-85"	"IPR016833"	"Putative sodium bile acid cotransporter"	"-"
"PPA1528"	322	"Pfam"	"PF01145"	"SPFH domain / Band 7 family"	7	128	"8.8E-25"	"IPR001107"	"Band 7 domain"	"-"
"PPA1529"	155	"Pfam"	"PF01957"	"NfeD-like C-terminal, partner-binding"	59	148	"1.1E-21"	"IPR002810"	"NfeD-like, C-terminal domain"	"-"
"PPA1530"	261	"Pfam"	"PF00005"	"ABC transporter"	20	171	"2.7E-25"	"IPR003439"	"ABC transporter-like, ATP-binding domain"	"GO:0005524"
"PPA1532"	257	"Pfam"	"PF13561"	"Enoyl-(Acyl carrier protein) reductase"	13	252	"3.6E-59"	"-"	"-"	""
"PPA1533"	239	"Pfam"	"PF13561"	"Enoyl-(Acyl carrier protein) reductase"	16	235	"1.1E-57"	"-"	"-"	""
"PPA1534"	114	"Pfam"	"PF11298"	"Protein of unknown function (DUF3099)"	20	84	"1.8E-21"	"IPR021449"	"Protein of unknown function DUF3099"	"-"
"PPA1535"	268	"Pfam"	"PF02104"	"SURF1 family"	9	211	"6.4E-29"	"IPR002994"	"Surfeit locus 1/Shy1"	"GO:0016020"
"PPA1536"	273	"Pfam"	"PF13649"	"Methyltransferase domain"	95	179	"3.2E-6"	"IPR041698"	"Methyltransferase domain 25"	"-"
"PPA1537"	184	"Pfam"	"PF19575"	"Helix-turn-helix domain"	5	61	"3.3E-14"	"IPR045745"	"Helix-turn-helix domain, Actinobacteria-type"	"-"
"PPA1538"	532	"Pfam"	"PF00005"	"ABC transporter"	17	187	"5.6E-26"	"IPR003439"	"ABC transporter-like, ATP-binding domain"	"GO:0005524"
"PPA1538"	532	"Pfam"	"PF00005"	"ABC transporter"	343	471	"1.3E-22"	"IPR003439"	"ABC transporter-like, ATP-binding domain"	"GO:0005524"
"PPA1538"	532	"Pfam"	"PF12848"	"ABC transporter"	229	299	"2.2E-7"	"IPR032781"	"ABC-transporter extension domain"	"-"
"PPA1539"	165	"Pfam"	"PF13673"	"Acetyltransferase (GNAT) domain"	54	163	"2.0E-19"	"IPR000182"	"GNAT domain"	"GO:0016407"
"PPA1543"	118	"Pfam"	"PF01883"	"Iron-sulfur cluster assembly protein"	21	90	"9.5E-20"	"IPR002744"	"MIP18 family-like"	"-"
"PPA1544"	161	"Pfam"	"PF01592"	"NifU-like N terminal domain"	6	127	"5.8E-25"	"IPR002871"	"NIF system FeS cluster assembly, NifU, N-terminal"	"GO:0005506|GO:0016226|GO:0051536"
"PPA1545"	413	"Pfam"	"PF00266"	"Aminotransferase class-V"	26	397	"0.0"	"IPR000192"	"Aminotransferase class V domain"	"-"
"PPA1546"	255	"Pfam"	"PF00005"	"ABC transporter"	23	174	"1.2E-20"	"IPR003439"	"ABC transporter-like, ATP-binding domain"	"GO:0005524"
"PPA1547"	107	"Pfam"	"PF00355"	"Rieske [2Fe-2S] domain"	8	87	"6.0E-16"	"IPR017941"	"Rieske [2Fe-2S] iron-sulphur domain"	"GO:0051537"
"PPA1548"	424	"Pfam"	"PF01458"	"SUF system FeS cluster assembly, SufBD"	165	386	"2.7E-62"	"IPR000825"	"SUF system FeS cluster assembly, SufBD"	"GO:0016226"
"PPA1549"	482	"Pfam"	"PF01458"	"SUF system FeS cluster assembly, SufBD"	228	453	"1.8E-72"	"IPR000825"	"SUF system FeS cluster assembly, SufBD"	"GO:0016226"
"PPA1549"	482	"Pfam"	"PF19295"	"SufBD protein N-terminal region"	146	216	"4.1E-7"	"IPR045595"	"SUF system FeS cluster assembly, SufBD, N-terminal"	"-"
"PPA1550"	254	"Pfam"	"PF01022"	"Bacterial regulatory protein, arsR family"	27	74	"1.3E-9"	"IPR001845"	"HTH ArsR-type DNA-binding domain"	"GO:0003700|GO:0006355"
"PPA1552"	421	"Pfam"	"PF13416"	"Bacterial extracellular solute-binding protein"	66	363	"4.1E-39"	"IPR006059"	"Bacterial extracellular solute-binding protein"	"-"
"PPA1553"	534	"Pfam"	"PF00528"	"Binding-protein-dependent transport system inner membrane component"	319	520	"4.1E-19"	"IPR000515"	"ABC transporter type 1, transmembrane domain MetI-like"	"GO:0016020|GO:0055085"
"PPA1553"	534	"Pfam"	"PF16296"	"N-terminal of TM subunit in PBP-dependent ABC transporters"	91	169	"1.3E-25"	"IPR032550"	"PBP-dependent ABC transporters TM subunit, N-terminal"	"-"
"PPA1554"	301	"Pfam"	"PF00528"	"Binding-protein-dependent transport system inner membrane component"	103	295	"2.9E-19"	"IPR000515"	"ABC transporter type 1, transmembrane domain MetI-like"	"GO:0016020|GO:0055085"
"PPA1555"	361	"Pfam"	"PF13377"	"Periplasmic binding protein-like domain"	172	331	"2.6E-31"	"IPR046335"	"Transcriptional regulator LacI/GalR-like, sensor domain"	"-"
"PPA1555"	361	"Pfam"	"PF00356"	"Bacterial regulatory proteins, lacI family"	5	48	"8.6E-14"	"IPR000843"	"LacI-type HTH domain"	"GO:0003677|GO:0006355"
"PPA1556"	827	"Pfam"	"PF03030"	"Inorganic H+ pyrophosphatase"	64	769	"0.0"	"IPR004131"	"Pyrophosphate-energised proton pump"	"GO:0004427|GO:0009678|GO:0016020|GO:1902600"
"PPA1557"	249	"Pfam"	"PF00005"	"ABC transporter"	32	169	"1.4E-21"	"IPR003439"	"ABC transporter-like, ATP-binding domain"	"GO:0005524"
"PPA1558"	254	"Pfam"	"PF01061"	"ABC-2 type transporter"	26	221	"2.1E-13"	"IPR013525"	"ABC-2 type transporter"	"GO:0016020|GO:0140359"
"PPA1559"	356	"Pfam"	"PF02628"	"Cytochrome oxidase assembly protein"	72	114	"2.0E-8"	"IPR003780"	"COX15/CtaA family"	"GO:0006784|GO:0016021|GO:0016653"
"PPA1560"	502	"Pfam"	"PF13088"	"BNR repeat-like domain"	155	435	"3.3E-20"	"IPR011040"	"Sialidase"	"-"
"PPA1561"	369	"Pfam"	"PF01040"	"UbiA prenyltransferase family"	95	350	"7.7E-68"	"IPR000537"	"UbiA prenyltransferase family"	"GO:0016021|GO:0016765"
"PPA1563"	524	"Pfam"	"PF02781"	"Glucose-6-phosphate dehydrogenase, C-terminal domain"	228	522	"5.7E-115"	"IPR022675"	"Glucose-6-phosphate dehydrogenase, C-terminal"	"GO:0004345|GO:0006006|GO:0050661"
"PPA1563"	524	"Pfam"	"PF00479"	"Glucose-6-phosphate dehydrogenase, NAD binding domain"	43	226	"1.0E-61"	"IPR022674"	"Glucose-6-phosphate dehydrogenase, NAD-binding"	"GO:0006006|GO:0016614|GO:0050661"
"PPA1564"	310	"Pfam"	"PF10128"	"Glucose-6-phosphate dehydrogenase subunit"	50	290	"3.4E-66"	"IPR004555"	"Glucose-6-phosphate dehydrogenase assembly protein OpcA"	"-"
"PPA1565"	244	"Pfam"	"PF01182"	"Glucosamine-6-phosphate isomerases/6-phosphogluconolactonase"	11	227	"1.1E-63"	"IPR006148"	"Glucosamine/galactosamine-6-phosphate isomerase"	"GO:0005975"
"PPA1566"	164	"Pfam"	"PF07681"	"DoxX"	18	97	"1.9E-9"	"IPR032808"	"DoxX family"	"-"
"PPA1567"	265	"Pfam"	"PF13462"	"Thioredoxin"	89	243	"1.3E-16"	"IPR012336"	"Thioredoxin-like fold"	"-"
"PPA1568"	870	"Pfam"	"PF00133"	"tRNA synthetases class I (I, L, M and V)"	32	630	"9.1E-90"	"IPR002300"	"Aminoacyl-tRNA synthetase, class Ia"	"GO:0000166|GO:0004812|GO:0005524|GO:0006418"
"PPA1568"	870	"Pfam"	"PF08264"	"Anticodon-binding domain of tRNA ligase"	674	814	"9.4E-27"	"IPR013155"	"Methionyl/Valyl/Leucyl/Isoleucyl-tRNA synthetase, anticodon-binding"	"GO:0004812|GO:0006418"
"PPA1569"	1321	"Pfam"	"PF18080"	"Galactose mutarotase-like fold domain"	217	477	"3.0E-41"	"IPR040633"	"Galactose mutarotase-like fold domain"	"-"
"PPA1569"	1321	"Pfam"	"PF12905"	"Endo-alpha-N-acetylgalactosaminidase"	478	751	"4.9E-108"	"IPR025706"	"Endo-alpha-N-acetylgalactosaminidase"	"GO:0033926"
"PPA1569"	1321	"Pfam"	"PF17451"	"Glycosyl hydrolase 101 beta sandwich domain"	757	863	"8.4E-25"	"IPR035364"	"Glycosyl hydrolase 101, beta-sandwich domain"	"-"
"PPA1569"	1321	"Pfam"	"PF00754"	"F5/8 type C domain"	51	173	"2.1E-10"	"IPR000421"	"Coagulation factor 5/8 C-terminal domain"	"-"
"PPA1569"	1321	"Pfam"	"PF17974"	"Galactose-binding domain-like"	1051	1217	"2.6E-28"	"IPR040502"	"Galactose-binding domain-like"	"-"
"PPA1570"	1111	"Pfam"	"PF07676"	"WD40-like Beta Propeller Repeat"	495	526	"0.021"	"IPR011659"	"WD40-like beta propeller"	"-"
"PPA1570"	1111	"Pfam"	"PF07676"	"WD40-like Beta Propeller Repeat"	71	95	"7.7E-4"	"IPR011659"	"WD40-like beta propeller"	"-"
"PPA1570"	1111	"Pfam"	"PF03572"	"Peptidase family S41"	911	1066	"2.5E-21"	"IPR005151"	"Tail specific protease"	"GO:0006508|GO:0008236"
"PPA1570"	1111	"Pfam"	"PF14684"	"Tricorn protease C1 domain"	716	783	"1.1E-25"	"IPR028204"	"Tricorn protease C1 domain"	"-"
"PPA1570"	1111	"Pfam"	"PF14685"	"Tricorn protease PDZ domain"	795	881	"8.3E-22"	"IPR029414"	"Tricorn protease, PDZ domain"	"-"
"PPA1571"	429	"Pfam"	"PF06689"	"ClpX C4-type zinc finger"	12	48	"1.7E-20"	"IPR010603"	"Zinc finger, ClpX C4-type"	"GO:0008270|GO:0046983"
"PPA1571"	429	"Pfam"	"PF10431"	"C-terminal, D2-small domain, of ClpB protein"	321	398	"3.8E-16"	"IPR019489"	"Clp ATPase, C-terminal"	"-"
"PPA1571"	429	"Pfam"	"PF07724"	"AAA domain (Cdc48 subfamily)"	118	314	"6.0E-47"	"IPR003959"	"ATPase, AAA-type, core"	"GO:0005524|GO:0016887"
"PPA1572"	253	"Pfam"	"PF00574"	"Clp protease"	74	251	"3.0E-71"	"IPR023562"	"Clp protease proteolytic subunit /Translocation-enhancing protein TepA"	"-"
"PPA1573"	212	"Pfam"	"PF00574"	"Clp protease"	26	201	"3.5E-73"	"IPR023562"	"Clp protease proteolytic subunit /Translocation-enhancing protein TepA"	"-"
"PPA1574"	433	"Pfam"	"PF01594"	"AI-2E family transporter"	91	405	"3.3E-44"	"IPR002549"	"Transmembrane protein TqsA-like"	"-"
"PPA1575"	530	"Pfam"	"PF00254"	"FKBP-type peptidyl-prolyl cis-trans isomerase"	157	214	"1.5E-7"	"IPR001179"	"FKBP-type peptidyl-prolyl cis-trans isomerase domain"	"GO:0003755"
"PPA1575"	530	"Pfam"	"PF05698"	"Bacterial trigger factor protein (TF) C-terminus"	258	418	"3.2E-24"	"IPR008880"	"Trigger factor, C-terminal"	"GO:0006457|GO:0015031"
"PPA1575"	530	"Pfam"	"PF05697"	"Bacterial trigger factor protein (TF)"	1	144	"1.2E-42"	"IPR008881"	"Trigger factor, ribosome-binding, bacterial"	"GO:0006457|GO:0015031"
"PPA1577"	958	"Pfam"	"PF00271"	"Helicase conserved C-terminal domain"	431	545	"1.3E-15"	"IPR001650"	"Helicase, C-terminal"	"-"
"PPA1577"	958	"Pfam"	"PF00176"	"SNF2-related domain"	127	288	"1.3E-13"	"IPR000330"	"SNF2, N-terminal"	"GO:0005524|GO:0140658"
"PPA1579"	207	"Pfam"	"PF03575"	"Peptidase family S51"	20	198	"1.6E-39"	"IPR005320"	"Peptidase S51"	"GO:0006508|GO:0008236"
"PPA1583"	107	"Pfam"	"PF18756"	"Nucleotide modification associated domain 4"	15	105	"2.0E-32"	"IPR040613"	"Nucleotide modification associated domain 4"	"-"
"PPA1586"	416	"Pfam"	"PF01555"	"DNA methylase"	190	377	"5.0E-22"	"IPR002941"	"DNA methylase N-4/N-6"	"GO:0003677|GO:0006306|GO:0008170"
"PPA1586"	416	"Pfam"	"PF02195"	"ParB-like nuclease domain"	5	92	"5.4E-9"	"IPR003115"	"ParB/Sulfiredoxin"	"-"
"PPA1587"	396	"Pfam"	"PF00438"	"S-adenosylmethionine synthetase, N-terminal domain"	5	78	"4.3E-23"	"IPR022628"	"S-adenosylmethionine synthetase, N-terminal"	"GO:0004478|GO:0006556"
"PPA1587"	396	"Pfam"	"PF02772"	"S-adenosylmethionine synthetase, central domain"	116	234	"1.4E-33"	"IPR022629"	"S-adenosylmethionine synthetase, central domain"	"GO:0004478|GO:0006556"
"PPA1587"	396	"Pfam"	"PF02773"	"S-adenosylmethionine synthetase, C-terminal domain"	237	373	"3.6E-55"	"IPR022630"	"S-adenosylmethionine synthetase, C-terminal"	"GO:0004478|GO:0006556"
"PPA1591"	813	"Pfam"	"PF01471"	"Putative peptidoglycan binding domain"	233	276	"3.1E-6"	"IPR002477"	"Peptidoglycan binding-like"	"-"
"PPA1591"	813	"Pfam"	"PF08924"	"Domain of unknown function (DUF1906)"	305	469	"1.2E-44"	"IPR015020"	"Protein of unknown function DUF1906"	"-"
"PPA1592"	125	"Pfam"	"PF01844"	"HNH endonuclease"	65	109	"6.8E-14"	"IPR002711"	"HNH endonuclease"	"GO:0003676|GO:0004519"
"PPA1594"	458	"Pfam"	"PF00176"	"SNF2-related domain"	28	262	"4.8E-18"	"IPR000330"	"SNF2, N-terminal"	"GO:0005524|GO:0140658"
"PPA1596"	752	"Pfam"	"PF08706"	"D5 N terminal like"	281	466	"1.1E-27"	"IPR014818"	"Bacteriophage/plasmid primase, P4, C-terminal"	"-"
"PPA1596"	752	"Pfam"	"PF19263"	"Family of unknown function (DUF5906)"	496	598	"5.2E-9"	"IPR045455"	"Domain of unknown function DUF5906"	"-"
"PPA1598"	253	"Pfam"	"PF02498"	"BRO family, N-terminal domain"	16	100	"2.1E-20"	"IPR003497"	"BRO N-terminal domain"	"-"
"PPA1598"	253	"Pfam"	"PF03374"	"Phage antirepressor protein KilAC domain"	138	238	"1.3E-30"	"IPR005039"	"Antirepressor protein, C-terminal"	"GO:0003677"
"PPA1599"	305	"Pfam"	"PF07751"	"Abi-like protein"	33	226	"2.7E-45"	"IPR011664"	"Abortive infection system protein AbiD/AbiF-like"	"-"
"PPA1603"	181	"Pfam"	"PF10991"	"Protein of unknown function (DUF2815)"	9	177	"1.7E-72"	"IPR022595"	"Enterobacter phage Enc34, ssDNA-binding protein"	"-"
"PPA1604"	380	"Pfam"	"PF10926"	"Protein of unknown function (DUF2800)"	5	363	"0.0"	"IPR021229"	"Protein of unknown function DUF2800"	"-"
"PPA1610"	78	"Pfam"	"PF13443"	"Cro/C1-type HTH DNA-binding domain"	12	70	"1.3E-18"	"IPR001387"	"Cro/C1-type helix-turn-helix domain"	"-"
"PPA1611"	663	"Pfam"	"PF01555"	"DNA methylase"	102	448	"7.8E-43"	"IPR002941"	"DNA methylase N-4/N-6"	"GO:0003677|GO:0006306|GO:0008170"
"PPA1612"	862	"Pfam"	"PF04851"	"Type III restriction enzyme, res subunit"	21	225	"6.9E-16"	"IPR006935"	"Helicase/UvrB, N-terminal"	"GO:0003677|GO:0005524|GO:0016787"
"PPA1613"	232	"Pfam"	"PF13408"	"Recombinase zinc beta ribbon domain"	73	124	"2.2E-9"	"IPR025827"	"Recombinase zinc beta ribbon domain"	"-"
"PPA1615"	2117	"Pfam"	"PF09369"	"Domain of unknown function (DUF1998)"	1582	1667	"2.8E-7"	"IPR018973"	"MrfA-like Zn-binding domain"	"-"
"PPA1615"	2117	"Pfam"	"PF00270"	"DEAD/DEAH box helicase"	98	254	"1.5E-17"	"IPR011545"	"DEAD/DEAH box helicase domain"	"GO:0003676|GO:0005524"
"PPA1615"	2117	"Pfam"	"PF00271"	"Helicase conserved C-terminal domain"	1032	1101	"1.8E-11"	"IPR001650"	"Helicase, C-terminal"	"-"
"PPA1616"	751	"Pfam"	"PF13361"	"UvrD-like helicase C-terminal domain"	550	657	"9.8E-7"	"IPR014017"	"UvrD-like DNA helicase, C-terminal"	"GO:0005524|GO:0016787"
"PPA1616"	751	"Pfam"	"PF13361"	"UvrD-like helicase C-terminal domain"	667	733	"2.4E-14"	"IPR014017"	"UvrD-like DNA helicase, C-terminal"	"GO:0005524|GO:0016787"
"PPA1616"	751	"Pfam"	"PF13245"	"AAA domain"	272	532	"2.5E-14"	"-"	"-"	""
"PPA1618"	223	"Pfam"	"PF08797"	"HIRAN domain"	80	168	"1.3E-12"	"IPR014905"	"HIRAN domain"	"GO:0003676|GO:0008270|GO:0016818"
"PPA1620"	313	"Pfam"	"PF12697"	"Alpha/beta hydrolase family"	55	307	"1.1E-18"	"IPR000073"	"Alpha/beta hydrolase fold-1"	"-"
"PPA1621"	1120	"Pfam"	"PF00152"	"tRNA synthetases class II (D, K and N)"	775	1115	"2.4E-73"	"IPR004364"	"Aminoacyl-tRNA synthetase, class II (D/K/N)"	"GO:0000166|GO:0004812|GO:0005524|GO:0006418"
"PPA1621"	1120	"Pfam"	"PF16995"	"Transmembrane region of lysyl-tRNA synthetase"	33	250	"4.2E-18"	"IPR031553"	"Lysyl-tRNA synthetase, N-terminal transmembrane region"	"-"
"PPA1621"	1120	"Pfam"	"PF09924"	"Phosphatidylglycerol lysyltransferase, C-terminal"	269	571	"4.5E-93"	"IPR024320"	"Phosphatidylglycerol lysyltransferase, C-terminal"	"-"
"PPA1621"	1120	"Pfam"	"PF01336"	"OB-fold nucleic acid binding domain"	680	755	"4.3E-10"	"IPR004365"	"OB-fold nucleic acid binding domain, AA-tRNA synthetase-type"	"GO:0003676"
"PPA1623"	299	"Pfam"	"PF06831"	"Formamidopyrimidine-DNA glycosylase H2TH domain"	150	236	"9.4E-23"	"IPR015886"	"DNA glycosylase/AP lyase, H2TH DNA-binding"	"GO:0003684|GO:0003906|GO:0006284|GO:0008270|GO:0016799"
"PPA1623"	299	"Pfam"	"PF06827"	"Zinc finger found in FPG and IleRS"	269	296	"3.8E-8"	"IPR010663"	"Zinc finger, FPG/IleRS-type"	"-"
"PPA1624"	157	"Pfam"	"PF02502"	"Ribose/Galactose Isomerase"	8	147	"2.6E-48"	"IPR003500"	"Sugar-phosphate isomerase, RpiB/LacA/LacB family"	"GO:0005975|GO:0016853"
"PPA1625"	429	"Pfam"	"PF17668"	"Acetyltransferase (GNAT) domain"	203	307	"1.4E-16"	"IPR041380"	"Eis-like, acetyltransferase domain"	"-"
"PPA1625"	429	"Pfam"	"PF13530"	"Sterol carrier protein domain"	324	419	"1.1E-13"	"IPR025559"	"Enhanced intracellular survival protein domain"	"-"
"PPA1625"	429	"Pfam"	"PF13527"	"Acetyltransferase (GNAT) domain"	27	153	"1.3E-16"	"-"	"-"	""
"PPA1626"	772	"Pfam"	"PF12826"	"Helix-hairpin-helix motif"	605	668	"2.5E-25"	"IPR041663"	"DisA/LigA, helix-hairpin-helix motif"	"-"
"PPA1626"	772	"Pfam"	"PF03119"	"NAD-dependent DNA ligase C4 zinc finger domain"	453	480	"2.8E-6"	"IPR004149"	"Zinc-finger, NAD-dependent DNA ligase C4-type"	"GO:0003911|GO:0006260|GO:0006281"
"PPA1626"	772	"Pfam"	"PF01653"	"NAD-dependent DNA ligase adenylation domain"	51	364	"2.0E-122"	"IPR013839"	"NAD-dependent DNA ligase, adenylation"	"GO:0003911"
"PPA1626"	772	"Pfam"	"PF03120"	"NAD-dependent DNA ligase OB-fold domain"	368	444	"5.4E-29"	"IPR004150"	"NAD-dependent DNA ligase, OB-fold"	"GO:0003911|GO:0006260|GO:0006281"
"PPA1626"	772	"Pfam"	"PF00533"	"BRCA1 C Terminus (BRCT) domain"	689	760	"2.3E-10"	"IPR001357"	"BRCT domain"	"-"
"PPA1627"	864	"Pfam"	"PF17900"	"Peptidase M1 N-terminal domain"	109	198	"1.4E-11"	"IPR045357"	"Aminopeptidase N-like , N-terminal domain"	"-"
"PPA1627"	864	"Pfam"	"PF01433"	"Peptidase family M1 domain"	242	456	"3.2E-57"	"IPR014782"	"Peptidase M1, membrane alanine aminopeptidase"	"GO:0008237|GO:0008270"
"PPA1627"	864	"Pfam"	"PF11838"	"ERAP1-like C-terminal domain"	538	854	"4.6E-52"	"IPR024571"	"ERAP1-like C-terminal domain"	"-"
"PPA1629"	482	"Pfam"	"PF03446"	"NAD binding domain of 6-phosphogluconate dehydrogenase"	11	177	"1.8E-46"	"IPR006115"	"6-phosphogluconate dehydrogenase, NADP-binding"	"GO:0050661"
"PPA1629"	482	"Pfam"	"PF00393"	"6-phosphogluconate dehydrogenase, C-terminal domain"	184	472	"2.2E-109"	"IPR006114"	"6-phosphogluconate dehydrogenase, C-terminal"	"GO:0004616|GO:0006098"
"PPA1630"	557	"Pfam"	"PF00128"	"Alpha amylase, catalytic domain"	33	404	"2.4E-76"	"IPR006047"	"Glycosyl hydrolase, family 13, catalytic domain"	"GO:0005975"
"PPA1631"	281	"Pfam"	"PF03061"	"Thioesterase superfamily"	19	98	"7.9E-7"	"IPR006683"	"Thioesterase domain"	"-"
"PPA1631"	281	"Pfam"	"PF13279"	"Thioesterase-like superfamily"	157	271	"1.7E-9"	"-"	"-"	""
"PPA1632"	635	"Pfam"	"PF00501"	"AMP-binding enzyme"	29	489	"1.2E-89"	"IPR000873"	"AMP-dependent synthetase/ligase"	"-"
"PPA1633"	178	"Pfam"	"PF12802"	"MarR family"	66	125	"5.0E-12"	"IPR000835"	"MarR-type HTH domain"	"GO:0003700|GO:0006355"
"PPA1634"	957	"Pfam"	"PF02913"	"FAD linked oxidases, C-terminal domain"	264	498	"2.5E-44"	"IPR004113"	"FAD-linked oxidase, C-terminal"	"GO:0003824|GO:0050660"
"PPA1634"	957	"Pfam"	"PF13183"	"4Fe-4S dicluster domain"	531	609	"1.7E-7"	"IPR017896"	"4Fe-4S ferredoxin-type, iron-sulphur binding domain"	"-"
"PPA1634"	957	"Pfam"	"PF01565"	"FAD binding domain"	47	184	"2.8E-34"	"IPR006094"	"FAD linked oxidase, N-terminal"	"GO:0050660"
"PPA1635"	113	"Pfam"	"PF03551"	"Transcriptional regulator PadR-like family"	19	89	"1.7E-20"	"IPR005149"	"Transcription regulator PadR, N-terminal"	"-"
"PPA1636"	561	"Pfam"	"PF12848"	"ABC transporter"	229	302	"1.3E-12"	"IPR032781"	"ABC-transporter extension domain"	"-"
"PPA1636"	561	"Pfam"	"PF00005"	"ABC transporter"	340	473	"3.9E-19"	"IPR003439"	"ABC transporter-like, ATP-binding domain"	"GO:0005524"
"PPA1636"	561	"Pfam"	"PF00005"	"ABC transporter"	21	190	"3.6E-27"	"IPR003439"	"ABC transporter-like, ATP-binding domain"	"GO:0005524"
"PPA1637"	153	"Pfam"	"PF00436"	"Single-strand binding protein family"	4	100	"4.0E-20"	"IPR000424"	"Primosome PriB/single-strand DNA-binding"	"GO:0003697"
"PPA1640"	436	"Pfam"	"PF13367"	"PrsW family intramembrane metalloprotease"	98	299	"3.7E-31"	"IPR026898"	"Intramembrane metalloprotease PrsW"	"GO:0008233"
"PPA1641"	403	"Pfam"	"PF07690"	"Major Facilitator Superfamily"	27	233	"4.7E-22"	"IPR011701"	"Major facilitator superfamily"	"GO:0022857|GO:0055085"
"PPA1642"	202	"Pfam"	"PF00929"	"Exonuclease"	3	165	"2.5E-27"	"IPR013520"	"Exonuclease, RNase T/DNA polymerase III"	"-"
"PPA1643"	475	"Pfam"	"PF00324"	"Amino acid permease"	26	461	"1.8E-95"	"IPR004841"	"Amino acid permease/ SLC12A domain"	"GO:0016020|GO:0055085"
"PPA1644"	477	"Pfam"	"PF00069"	"Protein kinase domain"	20	268	"3.6E-44"	"IPR000719"	"Protein kinase domain"	"GO:0004672|GO:0005524|GO:0006468"
"PPA1645"	412	"Pfam"	"PF00933"	"Glycosyl hydrolase family 3 N terminal domain"	84	403	"2.8E-38"	"IPR001764"	"Glycoside hydrolase, family 3, N-terminal"	"GO:0004553|GO:0005975"
"PPA1650"	1134	"Pfam"	"PF07733"	"Bacterial DNA polymerase III alpha NTPase domain"	350	595	"2.5E-71"	"IPR011708"	"Bacterial DNA polymerase III, alpha subunit, NTPase domain"	"GO:0006260|GO:0008408"
"PPA1650"	1134	"Pfam"	"PF02811"	"PHP domain"	59	231	"2.3E-26"	"IPR004013"	"PHP domain"	"GO:0003824"
"PPA1650"	1134	"Pfam"	"PF17657"	"Bacterial DNA polymerase III alpha subunit finger domain"	598	764	"2.9E-52"	"IPR040982"	"DNA polymerase III alpha subunit finger domain"	"-"
"PPA1650"	1134	"Pfam"	"PF14579"	"Helix-hairpin-helix motif"	837	967	"3.9E-20"	"IPR029460"	"DNA polymerase, helix-hairpin-helix motif"	"-"
"PPA1651"	530	"Pfam"	"PF00817"	"impB/mucB/samB family"	33	155	"2.2E-6"	"IPR001126"	"UmuC domain"	"GO:0006281"
"PPA1653"	439	"Pfam"	"PF08245"	"Mur ligase middle domain"	75	287	"2.3E-12"	"IPR013221"	"Mur ligase, central"	"GO:0005524|GO:0009058"
"PPA1653"	439	"Pfam"	"PF08353"	"MurT ligase C-terminal"	325	427	"4.4E-23"	"IPR013564"	"Lipid II isoglutaminyl synthase (glutamine-hydrolyzing) subunit MurT, C-terminal"	"-"
"PPA1654"	242	"Pfam"	"PF07685"	"CobB/CobQ-like glutamine amidotransferase domain"	7	202	"3.3E-31"	"IPR011698"	"CobB/CobQ-like glutamine amidotransferase"	"GO:0003824"
"PPA1657"	340	"Pfam"	"PF00528"	"Binding-protein-dependent transport system inner membrane component"	100	289	"1.6E-19"	"IPR000515"	"ABC transporter type 1, transmembrane domain MetI-like"	"GO:0016020|GO:0055085"
"PPA1658"	268	"Pfam"	"PF00528"	"Binding-protein-dependent transport system inner membrane component"	108	241	"2.3E-20"	"IPR000515"	"ABC transporter type 1, transmembrane domain MetI-like"	"GO:0016020|GO:0055085"
"PPA1660"	188	"Pfam"	"PF12277"	"Protein of unknown function (DUF3618)"	12	57	"1.1E-10"	"IPR022062"	"Protein of unknown function DUF3618"	"-"
"PPA1661"	179	"Pfam"	"PF00578"	"AhpC/TSA family"	26	146	"1.0E-35"	"IPR000866"	"Alkyl hydroperoxide reductase subunit C/ Thiol specific antioxidant"	"GO:0016209|GO:0016491"
"PPA1662"	292	"Pfam"	"PF01183"	"Glycosyl hydrolases family 25"	84	268	"5.5E-50"	"IPR002053"	"Glycoside hydrolase, family 25"	"GO:0003796|GO:0009253|GO:0016998"
"PPA1664"	147	"Pfam"	"PF02412"	"Thrombospondin type 3 repeat"	126	138	"0.0028"	"IPR003367"	"Thrombospondin, type 3-like repeat"	"GO:0005509|GO:0007155"
"PPA1664"	147	"Pfam"	"PF02412"	"Thrombospondin type 3 repeat"	106	125	"1.2E-6"	"IPR003367"	"Thrombospondin, type 3-like repeat"	"GO:0005509|GO:0007155"
"PPA1664"	147	"Pfam"	"PF18911"	"PKD domain"	21	102	"3.1E-11"	"-"	"-"	""
"PPA1665"	483	"Pfam"	"PF13472"	"GDSL-like Lipase/Acylhydrolase family"	220	431	"6.1E-12"	"IPR013830"	"SGNH hydrolase-type esterase domain"	"-"
"PPA1668"	296	"Pfam"	"PF01418"	"Helix-turn-helix domain, rpiR family"	24	89	"5.9E-7"	"IPR000281"	"Helix-turn-helix protein RpiR"	"GO:0003700|GO:0006355"
"PPA1670"	465	"Pfam"	"PF00817"	"impB/mucB/samB family"	10	160	"9.9E-41"	"IPR001126"	"UmuC domain"	"GO:0006281"
"PPA1670"	465	"Pfam"	"PF11799"	"impB/mucB/samB family C-terminal domain"	253	356	"2.0E-23"	"IPR017961"	"DNA polymerase, Y-family, little finger domain"	"GO:0003684|GO:0006281"
"PPA1671"	156	"Pfam"	"PF00186"	"Dihydrofolate reductase"	3	145	"2.0E-47"	"IPR001796"	"Dihydrofolate reductase domain"	"GO:0004146|GO:0046654"
"PPA1672"	269	"Pfam"	"PF00303"	"Thymidylate synthase"	3	269	"4.7E-118"	"IPR023451"	"Thymidylate synthase/dCMP hydroxymethylase domain"	"-"
"PPA1673"	204	"Pfam"	"PF01725"	"Ham1 family"	4	194	"6.3E-60"	"IPR002637"	"Ham1-like protein"	"GO:0009143|GO:0047429"
"PPA1674"	254	"Pfam"	"PF03725"	"3' exoribonuclease family, domain 2"	173	236	"8.7E-9"	"IPR015847"	"Exoribonuclease, phosphorolytic domain 2"	"-"
"PPA1674"	254	"Pfam"	"PF01138"	"3' exoribonuclease family, domain 1"	24	154	"6.1E-24"	"IPR001247"	"Exoribonuclease, phosphorolytic domain 1"	"-"
"PPA1675"	297	"Pfam"	"PF01177"	"Asp/Glu/Hydantoin racemase"	38	226	"1.3E-24"	"IPR015942"	"Asp/Glu/hydantoin racemase"	"GO:0006807|GO:0036361"
"PPA1676"	109	"Pfam"	"PF04023"	"FeoA domain"	16	90	"2.6E-13"	"IPR007167"	"Ferrous iron transporter FeoA domain"	"GO:0046914"
"PPA1677"	654	"Pfam"	"PF02421"	"Ferrous iron transport protein B"	23	180	"5.5E-45"	"IPR030389"	"FeoB-type guanine nucleotide-binding (G) domain"	"GO:0005525"
"PPA1677"	654	"Pfam"	"PF07664"	"Ferrous iron transport protein B C terminus"	411	463	"1.0E-16"	"IPR011640"	"Ferrous iron transport protein B, C-terminal"	"GO:0006826|GO:0015093|GO:0016021"
"PPA1677"	654	"Pfam"	"PF07670"	"Nucleoside recognition"	299	392	"8.2E-13"	"IPR011642"	"Nucleoside transporter/FeoB GTPase, Gate domain"	"-"
"PPA1677"	654	"Pfam"	"PF07670"	"Nucleoside recognition"	470	625	"1.0E-22"	"IPR011642"	"Nucleoside transporter/FeoB GTPase, Gate domain"	"-"
"PPA1678"	181	"Pfam"	"PF01106"	"NifU-like domain"	122	178	"2.3E-12"	"IPR001075"	"NIF system FeS cluster assembly, NifU, C-terminal"	"GO:0005506|GO:0016226|GO:0051536"
"PPA1680"	198	"Pfam"	"PF02617"	"ATP-dependent Clp protease adaptor protein ClpS"	17	71	"4.3E-17"	"IPR003769"	"Adaptor protein ClpS, core"	"GO:0030163"
"PPA1681"	446	"Pfam"	"PF17767"	"Nicotinate phosphoribosyltransferase (NAPRTase) N-terminal domain"	5	128	"5.1E-28"	"IPR040727"	"Nicotinate phosphoribosyltransferase, N-terminal domain"	"-"
"PPA1682"	91	"Pfam"	"PF00216"	"Bacterial DNA-binding protein"	1	89	"1.9E-30"	"IPR000119"	"Histone-like DNA-binding protein"	"GO:0003677|GO:0030527"
"PPA1683"	702	"Pfam"	"PF02446"	"4-alpha-glucanotransferase"	178	673	"2.9E-116"	"IPR003385"	"Glycoside hydrolase, family 77"	"GO:0004134|GO:0005975"
"PPA1684"	273	"Pfam"	"PF06271"	"RDD family"	94	260	"1.2E-33"	"IPR010432"	"RDD"	"-"
"PPA1684"	273	"Pfam"	"PF10708"	"Protein of unknown function (DUF2510)"	10	41	"6.8E-12"	"IPR018929"	"Domain of unknown function DUF2510"	"-"
"PPA1685"	98	"Pfam"	"PF11238"	"Protein of unknown function (DUF3039)"	41	96	"1.2E-30"	"IPR021400"	"Protein of unknown function DUF3039"	"-"
"PPA1686"	143	"Pfam"	"PF01220"	"Dehydroquinase class II"	4	140	"2.0E-51"	"IPR001874"	"Dehydroquinase, class II"	"GO:0003855"
"PPA1687"	343	"Pfam"	"PF01545"	"Cation efflux family"	27	237	"1.6E-31"	"IPR002524"	"Cation efflux protein"	"GO:0006812|GO:0008324|GO:0016021|GO:0055085"
"PPA1688"	339	"Pfam"	"PF10432"	"Bacterial phospho-glucose isomerase C-terminal SIS domain"	189	331	"4.0E-6"	"IPR019490"	"Bifunctional glucose-6-phosphate/mannose-6-phosphate isomerase, C-terminal"	"GO:0004347|GO:0004476|GO:0005975"
"PPA1689"	92	"Pfam"	"PF03966"	"Trm112p-like protein"	16	55	"2.2E-4"	"IPR005651"	"Trm112-like"	"-"
"PPA1690"	153	"Pfam"	"PF12005"	"Protein of unknown function (DUF3499)"	30	145	"8.0E-38"	"IPR021888"	"Protein of unknown function DUF3499"	"-"
"PPA1691"	161	"Pfam"	"PF06262"	"Zincin-like metallopeptidase"	79	151	"1.6E-6"	"IPR010428"	"Zincin-like metallopeptidase"	"-"
"PPA1692"	500	"Pfam"	"PF18986"	"Family of unknown function (DUF5719)"	204	448	"1.9E-25"	"IPR043777"	"Protein of unknown function DUF5719"	"-"
"PPA1694"	85	"Pfam"	"PF02467"	"Transcription factor WhiB"	18	81	"1.0E-26"	"IPR034768"	"WhiB-like  iron-sulfur binding domain"	"-"
"PPA1696"	358	"Pfam"	"PF00483"	"Nucleotidyl transferase"	5	278	"4.0E-39"	"IPR005835"	"Nucleotidyl transferase domain"	"GO:0009058|GO:0016779"
"PPA1698"	340	"Pfam"	"PF00535"	"Glycosyl transferase family 2"	10	136	"2.5E-23"	"IPR001173"	"Glycosyltransferase 2-like"	"-"
"PPA1699"	427	"Pfam"	"PF03816"	"LytR_cpsA_psr family"	190	332	"1.1E-43"	"IPR004474"	"Cell envelope-related transcriptional attenuator domain"	"-"
"PPA1700"	985	"Pfam"	"PF02929"	"Beta galactosidase small chain"	720	982	"6.7E-45"	"IPR004199"	"Beta galactosidase small chain/ domain 5"	"GO:0004565|GO:0005975|GO:0009341"
"PPA1700"	985	"Pfam"	"PF02836"	"Glycosyl hydrolases family 2, TIM barrel domain"	296	591	"1.1E-81"	"IPR006103"	"Glycoside hydrolase family 2, catalytic domain"	"GO:0004553|GO:0005975"
"PPA1700"	985	"Pfam"	"PF16353"	"Domain of unknown function (DUF4981)"	606	687	"7.5E-16"	"IPR032312"	"Beta-galactosidase, domain 4"	"-"
"PPA1700"	985	"Pfam"	"PF02837"	"Glycosyl hydrolases family 2, sugar binding domain"	40	216	"5.3E-40"	"IPR006104"	"Glycosyl hydrolases family 2, sugar binding domain"	"GO:0004553|GO:0005975"
"PPA1701"	196	"Pfam"	"PF00731"	"AIR carboxylase"	35	180	"1.0E-64"	"IPR000031"	"PurE domain"	"GO:0006189"
"PPA1702"	390	"Pfam"	"PF17769"	"Phosphoribosylaminoimidazole carboxylase C-terminal domain"	319	375	"2.2E-13"	"IPR040686"	"Phosphoribosylaminoimidazole carboxylase, C-terminal domain"	"-"
"PPA1702"	390	"Pfam"	"PF02222"	"ATP-grasp domain"	115	291	"6.7E-42"	"IPR003135"	"ATP-grasp fold, ATP-dependent carboxylate-amine ligase-type"	"-"
"PPA1703"	176	"Pfam"	"PF03703"	"Bacterial PH domain"	79	150	"1.6E-13"	"IPR005182"	"Domain of unknown function DUF304"	"-"
"PPA1704"	224	"Pfam"	"PF03575"	"Peptidase family S51"	4	187	"2.0E-33"	"IPR005320"	"Peptidase S51"	"GO:0006508|GO:0008236"
"PPA1705"	279	"Pfam"	"PF03099"	"Biotin/lipoate A/B protein ligase family"	56	164	"1.1E-13"	"IPR004143"	"Biotinyl protein ligase (BPL) and lipoyl protein ligase (LPL), catalytic domain"	"-"
"PPA1707"	524	"Pfam"	"PF01039"	"Carboxyl transferase domain"	33	522	"0.0"	"IPR034733"	"Acetyl-CoA carboxylase"	"-"
"PPA1708"	71	"Pfam"	"PF13822"	"Acyl-CoA carboxylase epsilon subunit"	5	64	"6.6E-15"	"IPR032716"	"Biotin-dependent acetyl-/propionyl-coenzyme A carboxylase epsilon subunit"	"GO:0003989|GO:0004658"
"PPA1709"	221	"Pfam"	"PF02545"	"Maf-like protein"	13	202	"3.8E-45"	"IPR003697"	"Nucleoside triphosphate pyrophosphatase Maf-like protein"	"GO:0047429"
"PPA1711"	244	"Pfam"	"PF00106"	"short chain dehydrogenase"	17	201	"2.3E-41"	"IPR002347"	"Short-chain dehydrogenase/reductase SDR"	"-"
"PPA1712"	301	"Pfam"	"PF08543"	"Phosphomethylpyrimidine kinase"	47	286	"3.3E-64"	"IPR013749"	"Pyridoxamine kinase/Phosphomethylpyrimidine kinase"	"-"
"PPA1715"	466	"Pfam"	"PF08341"	"Thioester domain"	115	244	"1.1E-16"	"IPR013552"	"Thioester domain"	"-"
"PPA1716"	332	"Pfam"	"PF01544"	"CorA-like Mg2+ transporter protein"	36	328	"9.1E-59"	"IPR002523"	"Mg2+ transporter protein, CorA-like/Zinc transport protein ZntB"	"GO:0016020|GO:0030001|GO:0046873|GO:0055085"
"PPA1717"	133	"Pfam"	"PF00293"	"NUDIX domain"	1	106	"9.4E-15"	"IPR000086"	"NUDIX hydrolase domain"	"-"
"PPA1719"	589	"Pfam"	"PF00364"	"Biotin-requiring enzyme"	521	586	"7.3E-15"	"IPR000089"	"Biotin/lipoyl attachment"	"-"
"PPA1719"	589	"Pfam"	"PF02786"	"Carbamoyl-phosphate synthase L chain, ATP binding domain"	118	325	"5.6E-69"	"IPR005479"	"Carbamoyl-phosphate synthetase large subunit-like, ATP-binding domain"	"GO:0005524"
"PPA1719"	589	"Pfam"	"PF00289"	"Biotin carboxylase, N-terminal domain"	5	113	"8.2E-41"	"IPR005481"	"Biotin carboxylase-like, N-terminal domain"	"-"
"PPA1719"	589	"Pfam"	"PF02785"	"Biotin carboxylase C-terminal domain"	337	447	"5.7E-35"	"IPR005482"	"Biotin carboxylase, C-terminal"	"-"
"PPA1721"	459	"Pfam"	"PF02852"	"Pyridine nucleotide-disulphide oxidoreductase, dimerisation domain"	345	450	"2.1E-21"	"IPR004099"	"Pyridine nucleotide-disulphide oxidoreductase, dimerisation domain"	"GO:0045454"
"PPA1721"	459	"Pfam"	"PF07992"	"Pyridine nucleotide-disulphide oxidoreductase"	3	322	"2.7E-57"	"IPR023753"	"FAD/NAD(P)-binding domain"	"GO:0016491"
"PPA1722"	270	"Pfam"	"PF01048"	"Phosphorylase superfamily"	32	266	"3.4E-36"	"IPR000845"	"Nucleoside phosphorylase domain"	"GO:0003824|GO:0009116"
"PPA1723"	558	"Pfam"	"PF02880"	"Phosphoglucomutase/phosphomannomutase, alpha/beta/alpha domain III"	327	438	"6.5E-15"	"IPR005846"	"Alpha-D-phosphohexomutase, alpha/beta/alpha domain III"	"GO:0005975|GO:0016868"
"PPA1723"	558	"Pfam"	"PF02878"	"Phosphoglucomutase/phosphomannomutase, alpha/beta/alpha domain I"	60	195	"7.8E-38"	"IPR005844"	"Alpha-D-phosphohexomutase, alpha/beta/alpha domain I"	"GO:0005975|GO:0016868"
"PPA1723"	558	"Pfam"	"PF02879"	"Phosphoglucomutase/phosphomannomutase, alpha/beta/alpha domain II"	229	316	"5.2E-23"	"IPR005845"	"Alpha-D-phosphohexomutase, alpha/beta/alpha domain II"	"GO:0005975"
"PPA1724"	557	"Pfam"	"PF00501"	"AMP-binding enzyme"	23	447	"2.9E-67"	"IPR000873"	"AMP-dependent synthetase/ligase"	"-"
"PPA1724"	557	"Pfam"	"PF13193"	"AMP-binding enzyme C-terminal domain"	456	534	"1.9E-19"	"IPR025110"	"AMP-binding enzyme, C-terminal domain"	"-"
"PPA1726"	550	"Pfam"	"PF07690"	"Major Facilitator Superfamily"	25	440	"1.8E-44"	"IPR011701"	"Major facilitator superfamily"	"GO:0022857|GO:0055085"
"PPA1727"	236	"Pfam"	"PF00929"	"Exonuclease"	70	225	"1.8E-15"	"IPR013520"	"Exonuclease, RNase T/DNA polymerase III"	"-"
"PPA1728"	601	"Pfam"	"PF19303"	"Anticodon binding domain of methionyl tRNA ligase"	432	534	"5.4E-9"	"IPR041872"	"Methionyl-tRNA synthetase, anticodon-binding domain"	"-"
"PPA1728"	601	"Pfam"	"PF09334"	"tRNA synthetases class I (M)"	15	421	"0.0"	"IPR015413"	"Methionyl/Leucyl tRNA synthetase"	"GO:0000166|GO:0004812|GO:0005524|GO:0006418"
"PPA1729"	300	"Pfam"	"PF00075"	"RNase H"	5	136	"3.7E-30"	"IPR002156"	"Ribonuclease H domain"	"GO:0003676|GO:0004523"
"PPA1730"	146	"Pfam"	"PF00383"	"Cytidine and deoxycytidylate deaminase zinc-binding region"	20	108	"7.4E-12"	"IPR002125"	"Cytidine and deoxycytidylate deaminase domain"	"-"
"PPA1731"	452	"Pfam"	"PF02653"	"Branched-chain amino acid transport system / permease component"	157	421	"8.2E-33"	"IPR001851"	"ABC transporter, permease"	"GO:0016021|GO:0022857|GO:0055085"
"PPA1732"	423	"Pfam"	"PF02653"	"Branched-chain amino acid transport system / permease component"	106	383	"2.2E-38"	"IPR001851"	"ABC transporter, permease"	"GO:0016021|GO:0022857|GO:0055085"
"PPA1733"	529	"Pfam"	"PF00005"	"ABC transporter"	36	184	"1.2E-24"	"IPR003439"	"ABC transporter-like, ATP-binding domain"	"GO:0005524"
"PPA1733"	529	"Pfam"	"PF00005"	"ABC transporter"	288	441	"1.4E-17"	"IPR003439"	"ABC transporter-like, ATP-binding domain"	"GO:0005524"
"PPA1734"	419	"Pfam"	"PF02608"	"ABC transporter substrate-binding protein PnrA-like"	100	396	"6.5E-40"	"IPR003760"	"ABC transporter substrate-binding protein PnrA-like"	"GO:0005886"
"PPA1735"	413	"Pfam"	"PF01636"	"Phosphotransferase enzyme family"	183	342	"2.4E-7"	"IPR002575"	"Aminoglycoside phosphotransferase"	"-"
"PPA1736"	468	"Pfam"	"PF01595"	"Cyclin M transmembrane N-terminal domain"	10	197	"5.1E-41"	"IPR002550"	"CNNM, transmembrane domain"	"-"
"PPA1736"	468	"Pfam"	"PF00571"	"CBS domain"	220	269	"2.6E-4"	"IPR000644"	"CBS domain"	"-"
"PPA1736"	468	"Pfam"	"PF00571"	"CBS domain"	284	333	"1.3E-5"	"IPR000644"	"CBS domain"	"-"
"PPA1736"	468	"Pfam"	"PF03471"	"Transporter associated domain"	355	443	"9.4E-16"	"IPR005170"	"Transporter-associated domain"	"-"
"PPA1738"	734	"Pfam"	"PF03971"	"Monomeric isocitrate dehydrogenase"	3	732	"0.0"	"IPR004436"	"Isocitrate dehydrogenase NADP-dependent, monomeric"	"GO:0004450|GO:0006099"
"PPA1739"	283	"Pfam"	"PF00551"	"Formyl transferase"	88	264	"1.3E-36"	"IPR002376"	"Formyl transferase, N-terminal"	"GO:0009058"
"PPA1739"	283	"Pfam"	"PF13740"	"ACT domain"	7	80	"7.1E-7"	"-"	"-"	""
"PPA1740"	327	"Pfam"	"PF00056"	"lactate/malate dehydrogenase, NAD binding domain"	6	150	"2.9E-31"	"IPR001236"	"Lactate/malate dehydrogenase, N-terminal"	"GO:0016491"
"PPA1740"	327	"Pfam"	"PF02866"	"lactate/malate dehydrogenase, alpha/beta C-terminal domain"	156	323	"9.3E-37"	"IPR022383"	"Lactate/malate dehydrogenase, C-terminal"	"GO:0016616"
"PPA1741"	447	"Pfam"	"PF00171"	"Aldehyde dehydrogenase family"	18	405	"7.5E-36"	"IPR015590"	"Aldehyde dehydrogenase domain"	"GO:0016491"
"PPA1742"	112	"Pfam"	"PF11222"	"Protein of unknown function (DUF3017)"	39	110	"5.0E-21"	"IPR021385"	"Protein of unknown function DUF3017"	"-"
"PPA1743"	287	"Pfam"	"PF00763"	"Tetrahydrofolate dehydrogenase/cyclohydrolase, catalytic domain"	6	120	"1.3E-34"	"IPR020630"	"Tetrahydrofolate dehydrogenase/cyclohydrolase, catalytic domain"	"GO:0004488"
"PPA1743"	287	"Pfam"	"PF02882"	"Tetrahydrofolate dehydrogenase/cyclohydrolase, NAD(P)-binding domain"	124	281	"1.3E-58"	"IPR020631"	"Tetrahydrofolate dehydrogenase/cyclohydrolase, NAD(P)-binding domain"	"GO:0004488"
"PPA1745"	851	"Pfam"	"PF04185"	"Phosphoesterase family"	697	728	"1.7E-5"	"IPR007312"	"Phosphoesterase"	"GO:0016788"
"PPA1747"	516	"Pfam"	"PF01808"	"AICARFT/IMPCHase bienzyme"	138	450	"5.6E-109"	"IPR002695"	"Bifunctional purine biosynthesis protein PurH-like"	"GO:0003937|GO:0004643|GO:0006164"
"PPA1747"	516	"Pfam"	"PF02142"	"MGS-like domain"	21	132	"8.8E-22"	"IPR011607"	"Methylglyoxal synthase-like domain"	"-"
"PPA1748"	207	"Pfam"	"PF00551"	"Formyl transferase"	4	184	"4.9E-47"	"IPR002376"	"Formyl transferase, N-terminal"	"GO:0009058"
"PPA1749"	166	"Pfam"	"PF00885"	"6,7-dimethyl-8-ribityllumazine synthase"	21	155	"3.6E-48"	"IPR002180"	"Lumazine/riboflavin synthase"	"GO:0009231|GO:0009349"
"PPA1750"	438	"Pfam"	"PF00926"	"3,4-dihydroxy-2-butanone 4-phosphate synthase"	6	196	"2.0E-71"	"IPR000422"	"3,4-dihydroxy-2-butanone 4-phosphate synthase, RibB"	"GO:0008686|GO:0009231"
"PPA1750"	438	"Pfam"	"PF00925"	"GTP cyclohydrolase II"	216	378	"1.7E-54"	"IPR032677"	"GTP cyclohydrolase II"	"-"
"PPA1751"	199	"Pfam"	"PF00677"	"Lumazine binding domain"	3	85	"1.8E-22"	"IPR026017"	"Lumazine-binding domain"	"-"
"PPA1751"	199	"Pfam"	"PF00677"	"Lumazine binding domain"	99	183	"7.7E-23"	"IPR026017"	"Lumazine-binding domain"	"-"
"PPA1752"	331	"Pfam"	"PF01872"	"RibD C-terminal domain"	147	319	"2.0E-39"	"IPR002734"	"Bacterial bifunctional deaminase-reductase, C-terminal"	"GO:0008703|GO:0009231"
"PPA1752"	331	"Pfam"	"PF00383"	"Cytidine and deoxycytidylate deaminase zinc-binding region"	7	100	"4.8E-19"	"IPR002125"	"Cytidine and deoxycytidylate deaminase domain"	"-"
"PPA1753"	497	"Pfam"	"PF19877"	"Family of unknown function (DUF6350)"	62	396	"6.6E-71"	"IPR045931"	"Protein of unknown function DUF6350"	"-"
"PPA1754"	297	"Pfam"	"PF02629"	"CoA binding domain"	6	104	"6.8E-27"	"IPR003781"	"CoA-binding"	"-"
"PPA1754"	297	"Pfam"	"PF00549"	"CoA-ligase"	158	275	"2.7E-14"	"IPR005811"	"ATP-citrate lyase/succinyl-CoA ligase"	"GO:0003824"
"PPA1755"	391	"Pfam"	"PF00549"	"CoA-ligase"	257	381	"6.2E-10"	"IPR005811"	"ATP-citrate lyase/succinyl-CoA ligase"	"GO:0003824"
"PPA1755"	391	"Pfam"	"PF08442"	"ATP-grasp domain"	2	195	"6.7E-70"	"IPR013650"	"ATP-grasp fold, succinyl-CoA synthetase-type"	"-"
"PPA1756"	810	"Pfam"	"PF13361"	"UvrD-like helicase C-terminal domain"	326	683	"9.2E-71"	"IPR014017"	"UvrD-like DNA helicase, C-terminal"	"GO:0005524|GO:0016787"
"PPA1756"	810	"Pfam"	"PF00580"	"UvrD/REP helicase N-terminal domain"	45	321	"2.8E-76"	"IPR014016"	"UvrD-like helicase, ATP-binding domain"	"GO:0005524"
"PPA1758"	320	"Pfam"	"PF03180"	"NlpA lipoprotein"	60	292	"2.6E-71"	"IPR004872"	"Lipoprotein NlpA family"	"-"
"PPA1759"	365	"Pfam"	"PF00005"	"ABC transporter"	36	184	"2.3E-35"	"IPR003439"	"ABC transporter-like, ATP-binding domain"	"GO:0005524"
"PPA1759"	365	"Pfam"	"PF09383"	"NIL domain"	299	345	"1.4E-4"	"IPR018449"	"NIL domain"	"-"
"PPA1760"	217	"Pfam"	"PF00528"	"Binding-protein-dependent transport system inner membrane component"	31	214	"2.9E-13"	"IPR000515"	"ABC transporter type 1, transmembrane domain MetI-like"	"GO:0016020|GO:0055085"
"PPA1761"	422	"Pfam"	"PF13091"	"PLD-like domain"	82	215	"4.8E-11"	"IPR025202"	"Phospholipase D-like domain"	"-"
"PPA1761"	422	"Pfam"	"PF13091"	"PLD-like domain"	263	387	"1.1E-27"	"IPR025202"	"Phospholipase D-like domain"	"-"
"PPA1762"	87	"Pfam"	"PF04226"	"Transglycosylase associated protein"	34	82	"1.8E-10"	"IPR007341"	"Transglycosylase-associated protein"	"GO:0016021"
"PPA1763"	94	"Pfam"	"PF04024"	"PspC domain"	3	59	"1.1E-18"	"IPR007168"	"Phage shock protein, PspC, N-terminal"	"-"
"PPA1764"	530	"Pfam"	"PF00958"	"GMP synthase C terminal domain"	437	529	"8.2E-38"	"IPR001674"	"GMP synthase, C-terminal"	"GO:0003922|GO:0005524|GO:0006164|GO:0006177"
"PPA1764"	530	"Pfam"	"PF02540"	"NAD synthase"	228	257	"8.9E-6"	"IPR022310"	"NAD/GMP synthase"	"-"
"PPA1764"	530	"Pfam"	"PF00117"	"Glutamine amidotransferase class-I"	23	203	"5.1E-38"	"IPR017926"	"Glutamine amidotransferase"	"-"
"PPA1765"	190	"Pfam"	"PF00132"	"Bacterial transferase hexapeptide (six repeats)"	133	166	"3.4E-10"	"IPR001451"	"Hexapeptide repeat"	"-"
"PPA1766"	115	"Pfam"	"PF01817"	"Chorismate mutase type II"	12	87	"2.4E-17"	"IPR002701"	"Chorismate mutase II, prokaryotic-type"	"GO:0046417"
"PPA1767"	367	"Pfam"	"PF00478"	"IMP dehydrogenase / GMP reductase domain"	14	296	"3.0E-37"	"IPR001093"	"IMP dehydrogenase/GMP reductase"	"GO:0003824"
"PPA1768"	504	"Pfam"	"PF00571"	"CBS domain"	160	211	"2.9E-6"	"IPR000644"	"CBS domain"	"-"
"PPA1768"	504	"Pfam"	"PF00571"	"CBS domain"	102	149	"2.0E-9"	"IPR000644"	"CBS domain"	"-"
"PPA1768"	504	"Pfam"	"PF00478"	"IMP dehydrogenase / GMP reductase domain"	17	490	"0.0"	"IPR001093"	"IMP dehydrogenase/GMP reductase"	"GO:0003824"
"PPA1770"	584	"Pfam"	"PF01235"	"Sodium:alanine symporter family"	96	498	"2.2E-114"	"IPR001463"	"Sodium:alanine symporter"	"GO:0005283|GO:0006814|GO:0006865|GO:0016020"
"PPA1772"	531	"Pfam"	"PF00118"	"TCP-1/cpn60 chaperonin family"	23	524	"3.4E-95"	"IPR002423"	"Chaperonin Cpn60/GroEL/TCP-1 family"	"GO:0005524"
"PPA1773"	98	"Pfam"	"PF00166"	"Chaperonin 10 Kd subunit"	5	96	"3.0E-36"	"IPR020818"	"GroES chaperonin family"	"GO:0005524|GO:0006457|GO:0140662"
"PPA1776"	399	"Pfam"	"PF18096"	"THUMP domain-like"	312	383	"1.0E-19"	"IPR041497"	"THUMP-like domain"	"-"
"PPA1778"	250	"Pfam"	"PF00005"	"ABC transporter"	26	160	"2.5E-33"	"IPR003439"	"ABC transporter-like, ATP-binding domain"	"GO:0005524"
"PPA1779"	364	"Pfam"	"PF01032"	"FecCD transport family"	42	354	"2.0E-81"	"IPR000522"	"ABC transporter, permease protein, BtuC-like"	"GO:0016020|GO:0022857"
"PPA1780"	389	"Pfam"	"PF01497"	"Periplasmic binding protein"	115	329	"1.9E-15"	"IPR002491"	"ABC transporter periplasmic binding domain"	"-"
"PPA1781"	163	"Pfam"	"PF00293"	"NUDIX domain"	11	136	"8.2E-13"	"IPR000086"	"NUDIX hydrolase domain"	"-"
"PPA1782"	347	"Pfam"	"PF00814"	"tRNA N6-adenosine threonylcarbamoyltransferase"	26	316	"4.5E-92"	"IPR000905"	"Gcp-like domain"	"-"
"PPA1783"	155	"Pfam"	"PF00583"	"Acetyltransferase (GNAT) family"	12	118	"3.6E-16"	"IPR000182"	"GNAT domain"	"GO:0016407"
"PPA1784"	218	"Pfam"	"PF00814"	"tRNA N6-adenosine threonylcarbamoyltransferase"	34	135	"9.4E-23"	"IPR000905"	"Gcp-like domain"	"-"
"PPA1785"	297	"Pfam"	"PF02367"	"Threonylcarbamoyl adenosine biosynthesis protein TsaE"	132	253	"5.8E-32"	"IPR003442"	"tRNA threonylcarbamoyl adenosine modification protein TsaE"	"GO:0002949"
"PPA1786"	237	"Pfam"	"PF07510"	"Protein of unknown function (DUF1524)"	87	224	"8.3E-13"	"IPR011089"	"Domain of unknown function DUF1524"	"-"
"PPA1787"	700	"Pfam"	"PF00270"	"DEAD/DEAH box helicase"	254	421	"2.8E-44"	"IPR011545"	"DEAD/DEAH box helicase domain"	"GO:0003676|GO:0005524"
"PPA1787"	700	"Pfam"	"PF00271"	"Helicase conserved C-terminal domain"	461	563	"2.7E-24"	"IPR001650"	"Helicase, C-terminal"	"-"
"PPA1790"	246	"Pfam"	"PF00005"	"ABC transporter"	44	191	"1.6E-31"	"IPR003439"	"ABC transporter-like, ATP-binding domain"	"GO:0005524"
"PPA1791"	363	"Pfam"	"PF13439"	"Glycosyltransferase Family 4"	2	162	"3.9E-21"	"IPR028098"	"Glycosyltransferase subfamily 4-like, N-terminal domain"	"-"
"PPA1791"	363	"Pfam"	"PF00534"	"Glycosyl transferases group 1"	181	327	"3.5E-23"	"IPR001296"	"Glycosyl transferase, family 1"	"GO:0016757"
"PPA1792"	481	"Pfam"	"PF03853"	"YjeF-related protein N-terminus"	24	190	"4.1E-33"	"IPR004443"	"YjeF N-terminal domain"	"-"
"PPA1792"	481	"Pfam"	"PF01256"	"Carbohydrate kinase"	255	458	"7.0E-32"	"IPR000631"	"ATP-dependent (S)-NAD(P)H-hydrate dehydratase"	"GO:0052855"
"PPA1793"	127	"Pfam"	"PF01648"	"4'-phosphopantetheinyl transferase superfamily"	16	95	"1.7E-10"	"IPR008278"	"4'-phosphopantetheinyl transferase domain"	"GO:0000287|GO:0008897"
"PPA1794"	637	"Pfam"	"PF13522"	"Glutamine amidotransferase domain"	87	210	"8.4E-20"	"-"	"-"	""
"PPA1794"	637	"Pfam"	"PF01380"	"SIS domain"	314	439	"4.5E-33"	"IPR001347"	"SIS domain"	"GO:0097367|GO:1901135"
"PPA1794"	637	"Pfam"	"PF01380"	"SIS domain"	490	618	"1.8E-17"	"IPR001347"	"SIS domain"	"GO:0097367|GO:1901135"
"PPA1796"	339	"Pfam"	"PF01674"	"Lipase (class 2)"	93	309	"2.3E-4"	"IPR002918"	"Lipase EstA/Esterase EstB"	"GO:0016042|GO:0016787"
"PPA1799"	327	"Pfam"	"PF00485"	"Phosphoribulokinase / Uridine kinase family"	100	253	"7.9E-13"	"IPR006083"	"Phosphoribulokinase/uridine kinase"	"GO:0005524|GO:0016301"
"PPA1801"	450	"Pfam"	"PF02880"	"Phosphoglucomutase/phosphomannomutase, alpha/beta/alpha domain III"	260	370	"1.4E-31"	"IPR005846"	"Alpha-D-phosphohexomutase, alpha/beta/alpha domain III"	"GO:0005975|GO:0016868"
"PPA1801"	450	"Pfam"	"PF02878"	"Phosphoglucomutase/phosphomannomutase, alpha/beta/alpha domain I"	3	135	"4.2E-38"	"IPR005844"	"Alpha-D-phosphohexomutase, alpha/beta/alpha domain I"	"GO:0005975|GO:0016868"
"PPA1801"	450	"Pfam"	"PF02879"	"Phosphoglucomutase/phosphomannomutase, alpha/beta/alpha domain II"	159	256	"1.6E-16"	"IPR005845"	"Alpha-D-phosphohexomutase, alpha/beta/alpha domain II"	"GO:0005975"
"PPA1801"	450	"Pfam"	"PF00408"	"Phosphoglucomutase/phosphomannomutase, C-terminal domain"	377	444	"6.9E-13"	"IPR005843"	"Alpha-D-phosphohexomutase, C-terminal"	"GO:0016868|GO:0071704"
"PPA1802"	173	"Pfam"	"PF00380"	"Ribosomal protein S9/S16"	52	173	"7.4E-45"	"IPR000754"	"Ribosomal protein S9"	"GO:0003735|GO:0005840|GO:0006412"
"PPA1803"	147	"Pfam"	"PF00572"	"Ribosomal protein L13"	13	131	"7.1E-44"	"IPR005822"	"Ribosomal protein L13"	"GO:0003735|GO:0005840|GO:0006412"
"PPA1805"	1082	"Pfam"	"PF03644"	"Glycosyl hydrolase family 85"	110	451	"2.1E-50"	"IPR005201"	"Glycoside hydrolase, family 85"	"GO:0005737|GO:0033925"
"PPA1807"	97	"Pfam"	"PF07561"	"Domain of Unknown Function (DUF1540)"	13	38	"8.3E-4"	"IPR011437"	"Domain of unknown function DUF1540"	"-"
"PPA1807"	97	"Pfam"	"PF07561"	"Domain of Unknown Function (DUF1540)"	65	88	"0.068"	"IPR011437"	"Domain of unknown function DUF1540"	"-"
"PPA1808"	314	"Pfam"	"PF02390"	"Putative methyltransferase"	136	305	"4.7E-43"	"IPR003358"	"tRNA (guanine-N-7) methyltransferase, Trmb type"	"GO:0006400|GO:0008176"
"PPA1809"	279	"Pfam"	"PF01416"	"tRNA pseudouridine synthase"	149	250	"3.8E-21"	"IPR020097"	"Pseudouridine synthase I, TruA, alpha/beta domain"	"GO:0001522|GO:0003723|GO:0009451|GO:0009982"
"PPA1810"	206	"Pfam"	"PF05175"	"Methyltransferase small domain"	36	202	"1.7E-28"	"IPR007848"	"Methyltransferase small domain"	"GO:0008168"
"PPA1812"	420	"Pfam"	"PF02361"	"Cobalt transport protein"	34	239	"1.0E-11"	"IPR003339"	"ABC/ECF transporter, transmembrane component"	"-"
"PPA1813"	551	"Pfam"	"PF00005"	"ABC transporter"	307	450	"4.9E-19"	"IPR003439"	"ABC transporter-like, ATP-binding domain"	"GO:0005524"
"PPA1813"	551	"Pfam"	"PF00005"	"ABC transporter"	22	173	"5.9E-25"	"IPR003439"	"ABC transporter-like, ATP-binding domain"	"GO:0005524"
"PPA1815"	253	"Pfam"	"PF13561"	"Enoyl-(Acyl carrier protein) reductase"	17	240	"1.9E-58"	"-"	"-"	""
"PPA1817"	277	"Pfam"	"PF00005"	"ABC transporter"	46	188	"3.9E-22"	"IPR003439"	"ABC transporter-like, ATP-binding domain"	"GO:0005524"
"PPA1818"	205	"Pfam"	"PF00081"	"Iron/manganese superoxide dismutases, alpha-hairpin domain"	4	84	"8.1E-35"	"IPR019831"	"Manganese/iron superoxide dismutase, N-terminal"	"GO:0004784|GO:0006801|GO:0046872"
"PPA1818"	205	"Pfam"	"PF02777"	"Iron/manganese superoxide dismutases, C-terminal domain"	94	194	"9.4E-34"	"IPR019832"	"Manganese/iron superoxide dismutase, C-terminal"	"GO:0004784|GO:0006801|GO:0046872"
"PPA1819"	174	"Pfam"	"PF01301"	"Glycosyl hydrolases family 35"	74	171	"5.3E-37"	"IPR031330"	"Glycoside hydrolase 35, catalytic domain"	"-"
"PPA1820"	1418	"Pfam"	"PF00728"	"Glycosyl hydrolase family 20, catalytic domain"	1140	1410	"3.5E-53"	"IPR015883"	"Glycoside hydrolase family 20, catalytic domain"	"GO:0004553|GO:0005975"
"PPA1820"	1418	"Pfam"	"PF13364"	"Beta-galactosidase jelly roll domain"	669	787	"5.9E-10"	"IPR025300"	"Beta-galactosidase jelly roll domain"	"-"
"PPA1820"	1418	"Pfam"	"PF13364"	"Beta-galactosidase jelly roll domain"	841	956	"1.5E-22"	"IPR025300"	"Beta-galactosidase jelly roll domain"	"-"
"PPA1820"	1418	"Pfam"	"PF01301"	"Glycosyl hydrolases family 35"	14	224	"8.0E-31"	"IPR031330"	"Glycoside hydrolase 35, catalytic domain"	"-"
"PPA1820"	1418	"Pfam"	"PF10435"	"Beta-galactosidase, domain 2"	446	570	"2.3E-9"	"IPR018954"	"Beta-galactosidase, domain 2"	"-"
"PPA1820"	1418	"Pfam"	"PF02838"	"Glycosyl hydrolase family 20, domain 2"	1000	1137	"6.8E-18"	"IPR015882"	"Beta-hexosaminidase, bacterial type, N-terminal"	"-"
"PPA1821"	469	"Pfam"	"PF00754"	"F5/8 type C domain"	263	383	"1.3E-20"	"IPR000421"	"Coagulation factor 5/8 C-terminal domain"	"-"
"PPA1822"	457	"Pfam"	"PF00083"	"Sugar (and other) transporter"	36	449	"1.2E-59"	"IPR005828"	"Major facilitator,  sugar transporter-like"	"GO:0016021|GO:0022857|GO:0055085"
"PPA1824"	405	"Pfam"	"PF13692"	"Glycosyl transferases group 1"	201	334	"7.6E-18"	"-"	"-"	""
"PPA1824"	405	"Pfam"	"PF13439"	"Glycosyltransferase Family 4"	18	180	"4.8E-13"	"IPR028098"	"Glycosyltransferase subfamily 4-like, N-terminal domain"	"-"
"PPA1825"	178	"Pfam"	"PF01196"	"Ribosomal protein L17"	20	115	"4.9E-32"	"IPR000456"	"Ribosomal protein L17"	"GO:0003735|GO:0005840|GO:0006412"
"PPA1826"	338	"Pfam"	"PF01000"	"RNA polymerase Rpb3/RpoA insert domain"	54	149	"2.4E-23"	"IPR011262"	"DNA-directed RNA polymerase, insert domain"	"GO:0003899|GO:0006351|GO:0046983"
"PPA1826"	338	"Pfam"	"PF03118"	"Bacterial RNA polymerase, alpha chain C terminal domain"	243	303	"8.6E-28"	"IPR011260"	"RNA polymerase, alpha subunit, C-terminal"	"GO:0003677|GO:0003899|GO:0006351"
"PPA1826"	338	"Pfam"	"PF01193"	"RNA polymerase Rpb3/Rpb11 dimerisation domain"	24	218	"2.7E-16"	"IPR011263"	"DNA-directed RNA polymerase, RpoA/D/Rpb3-type"	"GO:0003899|GO:0006351"
"PPA1827"	201	"Pfam"	"PF00163"	"Ribosomal protein S4/S9 N-terminal domain"	3	90	"1.2E-29"	"IPR001912"	"Ribosomal protein S4/S9, N-terminal"	"GO:0019843"
"PPA1827"	201	"Pfam"	"PF01479"	"S4 domain"	92	138	"2.4E-21"	"IPR002942"	"RNA-binding S4 domain"	"GO:0003723"
"PPA1828"	135	"Pfam"	"PF00411"	"Ribosomal protein S11"	25	134	"8.7E-48"	"IPR001971"	"Ribosomal protein S11"	"GO:0003735|GO:0005840|GO:0006412"
"PPA1829"	123	"Pfam"	"PF00416"	"Ribosomal protein S13/S18"	3	109	"6.1E-30"	"IPR001892"	"Ribosomal protein S13"	"GO:0003723|GO:0003735|GO:0005840|GO:0006412"
"PPA1831"	37	"Pfam"	"PF00444"	"Ribosomal protein L36"	1	37	"8.6E-20"	"IPR000473"	"Ribosomal protein L36"	"GO:0003735|GO:0005840|GO:0006412"
"PPA1832"	73	"Pfam"	"PF01176"	"Translation initiation factor 1A / IF-1"	9	71	"2.5E-27"	"IPR006196"	"RNA-binding domain, S1, IF1 type"	"GO:0003723|GO:0003743|GO:0006413"
"PPA1833"	279	"Pfam"	"PF00557"	"Metallopeptidase family M24"	17	251	"2.3E-48"	"IPR000994"	"Peptidase M24"	"-"
"PPA1834"	189	"Pfam"	"PF00406"	"Adenylate kinase"	5	163	"6.3E-57"	"-"	"-"	""
"PPA1835"	439	"Pfam"	"PF00344"	"SecY"	76	421	"2.2E-116"	"IPR002208"	"SecY/SEC61-alpha family"	"GO:0015031|GO:0016020"
"PPA1837"	402	"Pfam"	"PF07690"	"Major Facilitator Superfamily"	6	323	"1.3E-11"	"IPR011701"	"Major facilitator superfamily"	"GO:0022857|GO:0055085"
"PPA1839"	248	"Pfam"	"PF03009"	"Glycerophosphoryl diester phosphodiesterase family"	9	239	"7.8E-43"	"IPR030395"	"Glycerophosphodiester phosphodiesterase domain"	"GO:0006629|GO:0008081"
"PPA1840"	567	"Pfam"	"PF00496"	"Bacterial extracellular solute-binding proteins, family 5 Middle"	118	470	"1.2E-48"	"IPR000914"	"Solute-binding protein family 5 domain"	"-"
"PPA1842"	146	"Pfam"	"PF00828"	"Ribosomal proteins 50S-L15, 50S-L18e, 60S-L27A"	28	144	"8.1E-30"	"IPR021131"	"Ribosomal protein L18e/L15P"	"-"
"PPA1843"	60	"Pfam"	"PF00327"	"Ribosomal protein L30p/L7e"	4	54	"1.5E-20"	"IPR016082"	"Ribosomal protein L30, ferredoxin-like fold domain"	"-"
"PPA1844"	215	"Pfam"	"PF03719"	"Ribosomal protein S5, C-terminal domain"	113	180	"1.1E-28"	"IPR005324"	"Ribosomal protein S5, C-terminal"	"GO:0003735|GO:0005840|GO:0006412"
"PPA1844"	215	"Pfam"	"PF00333"	"Ribosomal protein S5, N-terminal domain"	36	98	"3.1E-27"	"IPR013810"	"Ribosomal protein S5, N-terminal"	"GO:0003723|GO:0003735|GO:0005840|GO:0006412"
"PPA1845"	127	"Pfam"	"PF00861"	"Ribosomal L18 of archaea, bacteria, mitoch. and chloroplast"	13	127	"3.1E-45"	"IPR005484"	"Ribosomal protein L18"	"GO:0003735|GO:0005840|GO:0006412"
"PPA1846"	180	"Pfam"	"PF00347"	"Ribosomal protein L6"	92	166	"8.5E-18"	"IPR020040"	"Ribosomal protein L6, alpha-beta domain"	"GO:0003735|GO:0005840|GO:0006412|GO:0019843"
"PPA1846"	180	"Pfam"	"PF00347"	"Ribosomal protein L6"	11	83	"7.1E-19"	"IPR020040"	"Ribosomal protein L6, alpha-beta domain"	"GO:0003735|GO:0005840|GO:0006412|GO:0019843"
"PPA1848"	135	"Pfam"	"PF00410"	"Ribosomal protein S8"	5	135	"2.8E-49"	"IPR000630"	"Ribosomal protein S8"	"GO:0003735|GO:0005840|GO:0006412"
"PPA1849"	61	"Pfam"	"PF00253"	"Ribosomal protein S14p/S29e"	9	60	"1.3E-24"	"IPR001209"	"Ribosomal protein S14"	"GO:0003735|GO:0005840|GO:0006412"
"PPA1850"	210	"Pfam"	"PF00673"	"ribosomal L5P family C-terminus"	93	186	"3.8E-38"	"IPR031309"	"Ribosomal protein L5, C-terminal"	"-"
"PPA1850"	210	"Pfam"	"PF00281"	"Ribosomal protein L5"	33	89	"7.1E-26"	"IPR031310"	"Ribosomal protein L5, N-terminal"	"-"
"PPA1851"	122	"Pfam"	"PF00467"	"KOW motif"	8	39	"2.6E-9"	"IPR005824"	"KOW"	"-"
"PPA1851"	122	"Pfam"	"PF17136"	"Ribosomal proteins 50S L24/mitochondrial 39S L24"	41	120	"4.5E-15"	"IPR003256"	"Ribosomal protein L24"	"GO:0003735|GO:0005840|GO:0006412"
"PPA1852"	122	"Pfam"	"PF00238"	"Ribosomal protein L14p/L23e"	1	122	"2.6E-55"	"IPR000218"	"Ribosomal protein L14P"	"GO:0003735|GO:0005840|GO:0006412"
"PPA1853"	90	"Pfam"	"PF00366"	"Ribosomal protein S17"	17	84	"1.2E-30"	"IPR000266"	"Ribosomal protein S17/S11"	"GO:0003735|GO:0005840|GO:0006412"
"PPA1855"	77	"Pfam"	"PF00831"	"Ribosomal L29 protein"	8	63	"2.2E-26"	"IPR001854"	"Ribosomal protein L29/L35"	"GO:0003735|GO:0005840|GO:0006412"
"PPA1856"	139	"Pfam"	"PF00252"	"Ribosomal protein L16p/L10e"	4	132	"1.1E-49"	"IPR016180"	"Ribosomal protein L10e/L16"	"GO:0003735|GO:0005840|GO:0006412"
"PPA1857"	269	"Pfam"	"PF07650"	"KH domain"	37	109	"4.7E-19"	"IPR004044"	"K Homology domain, type 2"	"GO:0003723"
"PPA1857"	269	"Pfam"	"PF00189"	"Ribosomal protein S3, C-terminal domain"	119	201	"7.5E-36"	"IPR001351"	"Ribosomal protein S3, C-terminal"	"GO:0003735|GO:0006412"
"PPA1858"	153	"Pfam"	"PF00237"	"Ribosomal protein L22p/L17e"	22	125	"5.5E-31"	"IPR001063"	"Ribosomal protein L22/L17"	"GO:0003735|GO:0005840|GO:0006412"
"PPA1859"	93	"Pfam"	"PF00203"	"Ribosomal protein S19"	3	83	"1.9E-35"	"IPR002222"	"Ribosomal protein S19/S15"	"GO:0003735|GO:0005840|GO:0006412"
"PPA1860"	278	"Pfam"	"PF00181"	"Ribosomal Proteins L2, RNA binding domain"	42	119	"6.2E-33"	"IPR022666"	"Ribosomal Proteins L2, RNA binding domain"	"GO:0003735|GO:0005840|GO:0006412"
"PPA1860"	278	"Pfam"	"PF03947"	"Ribosomal Proteins L2, C-terminal domain"	126	251	"3.3E-56"	"IPR022669"	"Ribosomal protein L2, C-terminal"	"GO:0003735|GO:0005840|GO:0006412"
"PPA1861"	102	"Pfam"	"PF00276"	"Ribosomal protein L23"	11	96	"4.5E-33"	"IPR013025"	"Ribosomal protein L25/L23"	"GO:0003735|GO:0005840|GO:0006412"
"PPA1862"	301	"Pfam"	"PF00573"	"Ribosomal protein L4/L1 family"	21	206	"9.2E-58"	"IPR002136"	"Ribosomal protein L4/L1e"	"GO:0003735|GO:0005840|GO:0006412"
"PPA1863"	223	"Pfam"	"PF00297"	"Ribosomal protein L3"	100	188	"1.1E-15"	"IPR000597"	"Ribosomal protein L3"	"GO:0003735|GO:0005840|GO:0006412"
"PPA1865"	103	"Pfam"	"PF00338"	"Ribosomal protein S10p/S20e"	7	101	"3.1E-35"	"IPR027486"	"Ribosomal protein S10 domain"	"-"
"PPA1866"	653	"Pfam"	"PF03744"	"6-carboxyhexanoate--CoA ligase"	12	247	"7.8E-50"	"IPR005499"	"6-carboxyhexanoate--CoA ligase"	"GO:0005524|GO:0009102|GO:0042410"
"PPA1866"	653	"Pfam"	"PF00155"	"Aminotransferase class I and II"	300	640	"2.6E-50"	"IPR004839"	"Aminotransferase, class I/classII"	"GO:0009058|GO:0030170"
"PPA1869"	497	"Pfam"	"PF00749"	"tRNA synthetases class I (E and Q), catalytic domain"	8	324	"8.8E-94"	"IPR020058"	"Glutamyl/glutaminyl-tRNA synthetase, class Ib, catalytic domain"	"GO:0004812|GO:0005524|GO:0043039"
"PPA1869"	497	"Pfam"	"PF19269"	"Anticodon binding domain"	355	489	"1.5E-27"	"IPR045462"	"Aminoacyl-tRNA synthetase, class I, anticodon-binding"	"-"
"PPA1870"	565	"Pfam"	"PF03950"	"tRNA synthetases class I (E and Q), anti-codon binding domain"	345	541	"8.6E-51"	"IPR020059"	"Glutamyl/glutaminyl-tRNA synthetase, class Ib, anti-codon binding domain"	"GO:0000166|GO:0004812|GO:0005524|GO:0005737|GO:0006418"
"PPA1870"	565	"Pfam"	"PF00749"	"tRNA synthetases class I (E and Q), catalytic domain"	33	342	"7.6E-94"	"IPR020058"	"Glutamyl/glutaminyl-tRNA synthetase, class Ib, catalytic domain"	"GO:0004812|GO:0005524|GO:0043039"
"PPA1871"	648	"Pfam"	"PF02872"	"5'-nucleotidase, C-terminal domain"	381	569	"1.7E-24"	"IPR008334"	"5'-Nucleotidase, C-terminal"	"GO:0009166|GO:0016787"
"PPA1871"	648	"Pfam"	"PF00149"	"Calcineurin-like phosphoesterase"	50	298	"2.7E-9"	"IPR004843"	"Calcineurin-like phosphoesterase domain, ApaH type"	"GO:0016787"
"PPA1872"	621	"Pfam"	"PF10081"	"Alpha/beta-hydrolase family"	318	599	"6.9E-109"	"IPR027787"	"Alpha/beta-hydrolase, catalytic domain"	"-"
"PPA1872"	621	"Pfam"	"PF15420"	"Alpha/beta-hydrolase family N-terminus"	89	301	"3.5E-45"	"IPR027788"	"Alpha/beta-hydrolase, N-terminal domain"	"-"
"PPA1873"	397	"Pfam"	"PF00009"	"Elongation factor Tu GTP binding domain"	10	203	"4.6E-58"	"IPR000795"	"Translational (tr)-type GTP-binding domain"	"GO:0003924|GO:0005525"
"PPA1873"	397	"Pfam"	"PF03144"	"Elongation factor Tu domain 2"	227	296	"7.5E-18"	"IPR004161"	"Translation elongation factor EFTu-like, domain 2"	"GO:0005525"
"PPA1873"	397	"Pfam"	"PF03143"	"Elongation factor Tu C-terminal domain"	302	395	"5.9E-37"	"IPR004160"	"Translation elongation factor EFTu/EF1A, C-terminal"	"-"
"PPA1875"	697	"Pfam"	"PF03764"	"Elongation factor G, domain IV"	480	600	"5.2E-51"	"IPR005517"	"Translation elongation factor EFG/EF2, domain IV"	"GO:0005525"
"PPA1875"	697	"Pfam"	"PF14492"	"Elongation Factor G, domain III"	405	479	"1.0E-34"	"IPR041095"	"Elongation Factor G, domain II"	"-"
"PPA1875"	697	"Pfam"	"PF00009"	"Elongation factor Tu GTP binding domain"	8	282	"1.6E-66"	"IPR000795"	"Translational (tr)-type GTP-binding domain"	"GO:0003924|GO:0005525"
"PPA1875"	697	"Pfam"	"PF00679"	"Elongation factor G C-terminus"	603	688	"7.9E-29"	"IPR000640"	"Elongation factor EFG, domain V-like"	"-"
"PPA1875"	697	"Pfam"	"PF03144"	"Elongation factor Tu domain 2"	325	392	"4.6E-17"	"IPR004161"	"Translation elongation factor EFTu-like, domain 2"	"GO:0005525"
"PPA1876"	156	"Pfam"	"PF00177"	"Ribosomal protein S7p/S5e"	1	149	"1.4E-60"	"IPR023798"	"Ribosomal protein S7 domain"	"-"
"PPA1878"	140	"Pfam"	"PF00164"	"Ribosomal protein S12/S23"	30	140	"1.5E-42"	"IPR006032"	"Ribosomal protein S12/S23"	"GO:0003735|GO:0005840|GO:0006412"
"PPA1883"	1293	"Pfam"	"PF04998"	"RNA polymerase Rpb1, domain 5"	825	1196	"2.3E-62"	"IPR007081"	"RNA polymerase Rpb1, domain 5"	"GO:0003677|GO:0003899|GO:0006351"
"PPA1883"	1293	"Pfam"	"PF04997"	"RNA polymerase Rpb1, domain 1"	9	417	"2.3E-82"	"IPR007080"	"RNA polymerase Rpb1, domain 1"	"GO:0003677|GO:0003899|GO:0006351"
"PPA1883"	1293	"Pfam"	"PF04983"	"RNA polymerase Rpb1, domain 3"	564	718	"6.0E-17"	"IPR007066"	"RNA polymerase Rpb1, domain 3"	"GO:0003677|GO:0003899|GO:0006351"
"PPA1883"	1293	"Pfam"	"PF05000"	"RNA polymerase Rpb1, domain 4"	748	811	"9.6E-13"	"IPR007083"	"RNA polymerase Rpb1, domain 4"	"GO:0003677|GO:0003899|GO:0006351"
"PPA1883"	1293	"Pfam"	"PF00623"	"RNA polymerase Rpb1, domain 2"	419	560	"2.2E-36"	"IPR000722"	"RNA polymerase, alpha subunit"	"GO:0003677|GO:0003899|GO:0006351"
"PPA1884"	1159	"Pfam"	"PF04565"	"RNA polymerase Rpb2, domain 3"	424	492	"1.9E-28"	"IPR007645"	"RNA polymerase Rpb2, domain 3"	"GO:0003677|GO:0003899|GO:0006351"
"PPA1884"	1159	"Pfam"	"PF00562"	"RNA polymerase Rpb2, domain 6"	630	1047	"0.0"	"IPR007120"	"DNA-directed RNA polymerase, subunit 2, hybrid-binding domain"	"GO:0003677|GO:0003899|GO:0006351"
"PPA1884"	1159	"Pfam"	"PF10385"	"RNA polymerase beta subunit external 1 domain"	502	568	"1.6E-28"	"IPR019462"	"DNA-directed RNA polymerase, beta subunit, external 1 domain"	"GO:0003899|GO:0006351"
"PPA1884"	1159	"Pfam"	"PF04560"	"RNA polymerase Rpb2, domain 7"	1049	1123	"1.2E-25"	"IPR007641"	"RNA polymerase Rpb2, domain 7"	"GO:0003677|GO:0003899|GO:0006351"
"PPA1884"	1159	"Pfam"	"PF04563"	"RNA polymerase beta subunit"	35	411	"1.4E-25"	"IPR007644"	"RNA polymerase, beta subunit, protrusion"	"GO:0003677|GO:0003899|GO:0006351"
"PPA1884"	1159	"Pfam"	"PF04561"	"RNA polymerase Rpb2, domain 2"	168	365	"2.7E-30"	"IPR007642"	"RNA polymerase Rpb2, domain 2"	"GO:0003677|GO:0003899|GO:0006351"
"PPA1885"	130	"Pfam"	"PF16320"	"Ribosomal protein L7/L12 dimerisation domain"	6	52	"6.4E-19"	"IPR008932"	"Ribosomal protein L7/L12, oligomerisation"	"GO:0003735|GO:0005840|GO:0006412"
"PPA1885"	130	"Pfam"	"PF00542"	"Ribosomal protein L7/L12 C-terminal domain"	64	130	"2.4E-29"	"IPR013823"	"Ribosomal protein L7/L12, C-terminal"	"GO:0003735|GO:0006412"
"PPA1887"	243	"Pfam"	"PF00466"	"Ribosomal protein L10"	41	137	"8.9E-26"	"IPR001790"	"Ribosomal protein L10P"	"-"
"PPA1889"	232	"Pfam"	"PF00687"	"Ribosomal protein L1p/L10e family"	33	219	"8.1E-53"	"IPR028364"	"Ribosomal protein L1/ribosomal biogenesis protein"	"-"
"PPA1890"	143	"Pfam"	"PF03946"	"Ribosomal protein L11, N-terminal domain"	11	68	"1.1E-25"	"IPR020784"	"Ribosomal protein L11, N-terminal"	"-"
"PPA1890"	143	"Pfam"	"PF00298"	"Ribosomal protein L11, RNA binding domain"	73	141	"1.4E-28"	"IPR020783"	"Ribosomal protein L11, C-terminal"	"GO:0003735|GO:0005840|GO:0006412"
"PPA1891"	303	"Pfam"	"PF02357"	"Transcription termination factor nusG"	117	219	"6.0E-26"	"IPR006645"	"NusG, N-terminal"	"GO:0006355"
"PPA1892"	216	"Pfam"	"PF00584"	"SecE/Sec61-gamma subunits of protein translocation complex"	161	213	"2.0E-16"	"IPR001901"	"Protein translocase complex, SecE/Sec61-gamma subunit"	"GO:0006605|GO:0006886|GO:0016020"
"PPA1893"	421	"Pfam"	"PF12897"	"Aspartate amino-transferase"	8	419	"0.0"	"IPR024551"	"Aspartate aminotransferase Ic"	"GO:0004069"
"PPA1894"	376	"Pfam"	"PF01565"	"FAD binding domain"	53	177	"1.9E-21"	"IPR006094"	"FAD linked oxidase, N-terminal"	"GO:0050660"
"PPA1894"	376	"Pfam"	"PF02873"	"UDP-N-acetylenolpyruvoylglucosamine reductase, C-terminal domain"	246	372	"2.4E-33"	"IPR011601"	"UDP-N-acetylenolpyruvoylglucosamine reductase, C-terminal"	"GO:0008762"
"PPA1895"	138	"Pfam"	"PF01575"	"MaoC like domain"	8	112	"4.7E-24"	"IPR002539"	"MaoC-like dehydratase domain"	"-"
"PPA1896"	142	"Pfam"	"PF13452"	"N-terminal half of MaoC dehydratase"	8	125	"1.2E-17"	"IPR039569"	"N-terminal of MaoC-like dehydratase"	"-"
"PPA1897"	56	"Pfam"	"PF00471"	"Ribosomal protein L33"	11	56	"6.0E-25"	"IPR001705"	"Ribosomal protein L33"	"GO:0003735|GO:0005840|GO:0006412"
"PPA1898"	297	"Pfam"	"PF03372"	"Endonuclease/Exonuclease/phosphatase family"	4	288	"4.1E-20"	"IPR005135"	"Endonuclease/exonuclease/phosphatase"	"GO:0003824"
"PPA1899"	308	"Pfam"	"PF16113"	"Enoyl-CoA hydratase/isomerase"	10	175	"3.7E-38"	"IPR045004"	"Enoyl-CoA hydratase/isomerase domain"	"-"
"PPA1899"	308	"Pfam"	"PF16113"	"Enoyl-CoA hydratase/isomerase"	187	305	"4.5E-26"	"IPR045004"	"Enoyl-CoA hydratase/isomerase domain"	"-"
"PPA1901"	102	"Pfam"	"PF00037"	"4Fe-4S binding domain"	56	76	"2.5E-8"	"IPR017896"	"4Fe-4S ferredoxin-type, iron-sulphur binding domain"	"-"
"PPA1902"	194	"Pfam"	"PF00329"	"Respiratory-chain NADH dehydrogenase, 30 Kd subunit"	17	123	"2.5E-16"	"IPR001268"	"NADH:ubiquinone oxidoreductase, 30kDa subunit"	"GO:0008137"
"PPA1903"	132	"Pfam"	"PF01058"	"NADH ubiquinone oxidoreductase, 20 Kd subunit"	37	126	"6.7E-11"	"IPR006137"	"NADH:ubiquinone oxidoreductase-like, 20kDa subunit"	"GO:0051536"
"PPA1904"	640	"Pfam"	"PF01558"	"Pyruvate ferredoxin/flavodoxin oxidoreductase"	30	219	"3.6E-26"	"IPR019752"	"Pyruvate/ketoisovalerate oxidoreductase, catalytic domain"	"GO:0016903"
"PPA1904"	640	"Pfam"	"PF17147"	"Pyruvate:ferredoxin oxidoreductase core domain II"	529	599	"4.6E-7"	"IPR033412"	"Pyruvate:ferredoxin oxidoreductase, core domain II"	"-"
"PPA1904"	640	"Pfam"	"PF01855"	"Pyruvate flavodoxin/ferredoxin oxidoreductase, thiamine diP-bdg"	269	461	"6.2E-54"	"IPR002880"	"Pyruvate flavodoxin/ferredoxin oxidoreductase, pyrimidine binding domain"	"GO:0016491"
"PPA1905"	361	"Pfam"	"PF02775"	"Thiamine pyrophosphate enzyme, C-terminal TPP binding domain"	69	216	"1.2E-32"	"IPR011766"	"Thiamine pyrophosphate enzyme, C-terminal TPP-binding"	"GO:0003824|GO:0030976"
"PPA1906"	687	"Pfam"	"PF02412"	"Thrombospondin type 3 repeat"	646	665	"8.4E-6"	"IPR003367"	"Thrombospondin, type 3-like repeat"	"GO:0005509|GO:0007155"
"PPA1906"	687	"Pfam"	"PF02412"	"Thrombospondin type 3 repeat"	666	678	"0.018"	"IPR003367"	"Thrombospondin, type 3-like repeat"	"GO:0005509|GO:0007155"
"PPA1906"	687	"Pfam"	"PF13472"	"GDSL-like Lipase/Acylhydrolase family"	258	523	"4.7E-10"	"IPR013830"	"SGNH hydrolase-type esterase domain"	"-"
"PPA1906"	687	"Pfam"	"PF18911"	"PKD domain"	564	642	"5.5E-9"	"-"	"-"	""
"PPA1909"	660	"Pfam"	"PF01431"	"Peptidase family M13"	452	657	"1.1E-70"	"IPR018497"	"Peptidase M13, C-terminal domain"	"GO:0004222|GO:0006508"
"PPA1909"	660	"Pfam"	"PF05649"	"Peptidase family M13"	14	400	"1.2E-88"	"IPR008753"	"Peptidase M13, N-terminal domain"	"GO:0006508"
"PPA1911"	189	"Pfam"	"PF00005"	"ABC transporter"	11	144	"2.0E-26"	"IPR003439"	"ABC transporter-like, ATP-binding domain"	"GO:0005524"
"PPA1915"	273	"Pfam"	"PF00005"	"ABC transporter"	51	196	"1.1E-17"	"IPR003439"	"ABC transporter-like, ATP-binding domain"	"GO:0005524"
"PPA1919"	306	"Pfam"	"PF03328"	"HpcH/HpaI aldolase/citrate lyase family"	27	241	"7.7E-46"	"IPR005000"	"HpcH/HpaI aldolase/citrate lyase domain"	"GO:0003824"
"PPA1920"	260	"Pfam"	"PF00590"	"Tetrapyrrole (Corrin/Porphyrin) Methylases"	7	233	"1.1E-24"	"IPR000878"	"Tetrapyrrole methylase"	"GO:0008168"
"PPA1921"	324	"Pfam"	"PF00348"	"Polyprenyl synthetase"	35	273	"2.2E-57"	"IPR000092"	"Polyprenyl synthetase"	"GO:0008299"
"PPA1922"	538	"Pfam"	"PF00361"	"Proton-conducting membrane transporter"	167	468	"2.6E-62"	"IPR001750"	"NADH:quinone oxidoreductase/Mrp antiporter, membrane subunit"	"-"
"PPA1923"	497	"Pfam"	"PF00361"	"Proton-conducting membrane transporter"	129	416	"6.7E-57"	"IPR001750"	"NADH:quinone oxidoreductase/Mrp antiporter, membrane subunit"	"-"
"PPA1924"	628	"Pfam"	"PF00361"	"Proton-conducting membrane transporter"	142	431	"1.1E-80"	"IPR001750"	"NADH:quinone oxidoreductase/Mrp antiporter, membrane subunit"	"-"
"PPA1924"	628	"Pfam"	"PF00662"	"NADH-Ubiquinone oxidoreductase (complex I), chain 5 N-terminus"	76	126	"5.5E-19"	"IPR001516"	"NADH-Ubiquinone oxidoreductase (complex I), chain 5 N-terminal"	"-"
"PPA1925"	99	"Pfam"	"PF00420"	"NADH-ubiquinone/plastoquinone oxidoreductase chain 4L"	6	93	"4.0E-22"	"IPR039428"	"NADH-ubiquinone oxidoreductase chain 4L/Mnh complex subunit C1-like"	"-"
"PPA1926"	284	"Pfam"	"PF00499"	"NADH-ubiquinone/plastoquinone oxidoreductase chain 6"	33	185	"1.4E-30"	"IPR001457"	"NADH:ubiquinone/plastoquinone oxidoreductase, chain 6"	"GO:0008137"
"PPA1928"	198	"Pfam"	"PF12838"	"4Fe-4S dicluster domain"	51	111	"1.1E-10"	"IPR017896"	"4Fe-4S ferredoxin-type, iron-sulphur binding domain"	"-"
"PPA1929"	440	"Pfam"	"PF00146"	"NADH dehydrogenase"	17	350	"3.8E-112"	"IPR001694"	"NADH:ubiquinone oxidoreductase, subunit 1/F420H2 oxidoreductase subunit H"	"GO:0016020"
"PPA1930"	812	"Pfam"	"PF13510"	"2Fe-2S iron-sulfur cluster binding domain"	9	89	"2.7E-17"	"-"	"-"	""
"PPA1930"	812	"Pfam"	"PF00384"	"Molybdopterin oxidoreductase"	526	626	"5.1E-5"	"IPR006656"	"Molybdopterin oxidoreductase"	"GO:0016491"
"PPA1930"	812	"Pfam"	"PF00384"	"Molybdopterin oxidoreductase"	289	430	"3.4E-12"	"IPR006656"	"Molybdopterin oxidoreductase"	"GO:0016491"
"PPA1930"	812	"Pfam"	"PF10588"	"NADH-ubiquinone oxidoreductase-G iron-sulfur binding region"	99	138	"2.8E-15"	"IPR019574"	"NADH:ubiquinone oxidoreductase, subunit G, iron-sulphur binding"	"GO:0016491"
"PPA1930"	812	"Pfam"	"PF04879"	"Molybdopterin oxidoreductase Fe4S4 domain"	235	283	"4.1E-5"	"IPR006963"	"Molybdopterin oxidoreductase, 4Fe-4S domain"	"GO:0016491"
"PPA1931"	444	"Pfam"	"PF10589"	"NADH-ubiquinone oxidoreductase-F iron-sulfur binding region"	330	412	"2.9E-29"	"IPR019575"	"NADH-ubiquinone oxidoreductase 51kDa subunit, iron-sulphur binding domain"	"GO:0051539"
"PPA1931"	444	"Pfam"	"PF10531"	"SLBB domain"	243	291	"1.5E-7"	"IPR019554"	"Soluble ligand binding domain"	"-"
"PPA1931"	444	"Pfam"	"PF01512"	"Respiratory-chain NADH dehydrogenase 51 Kd subunit"	48	219	"5.0E-47"	"IPR011538"	"NADH-ubiquinone oxidoreductase 51kDa subunit, FMN-binding domain"	"-"
"PPA1932"	261	"Pfam"	"PF01257"	"Thioredoxin-like [2Fe-2S] ferredoxin"	45	187	"1.7E-50"	"-"	"-"	""
"PPA1933"	433	"Pfam"	"PF00346"	"Respiratory-chain NADH dehydrogenase, 49 Kd subunit"	145	433	"9.8E-101"	"IPR001135"	"NADH-quinone oxidoreductase, subunit D"	"GO:0016651|GO:0048038|GO:0051287"
"PPA1934"	274	"Pfam"	"PF00329"	"Respiratory-chain NADH dehydrogenase, 30 Kd subunit"	119	254	"3.4E-40"	"IPR001268"	"NADH:ubiquinone oxidoreductase, 30kDa subunit"	"GO:0008137"
"PPA1935"	185	"Pfam"	"PF01058"	"NADH ubiquinone oxidoreductase, 20 Kd subunit"	39	145	"2.8E-23"	"IPR006137"	"NADH:ubiquinone oxidoreductase-like, 20kDa subunit"	"GO:0051536"
"PPA1936"	119	"Pfam"	"PF00507"	"NADH-ubiquinone/plastoquinone oxidoreductase, chain 3"	19	118	"2.0E-31"	"IPR000440"	"NADH:ubiquinone/plastoquinone oxidoreductase, chain 3"	"GO:0008137"
"PPA1938"	420	"Pfam"	"PF01494"	"FAD binding domain"	7	335	"1.7E-15"	"IPR002938"	"FAD-binding domain"	"GO:0071949"
"PPA1940"	428	"Pfam"	"PF00425"	"chorismate binding enzyme"	171	388	"1.6E-23"	"IPR015890"	"Chorismate-utilising enzyme, C-terminal"	"-"
"PPA1941"	578	"Pfam"	"PF19814"	"Family of unknown function (DUF6297)"	110	484	"0.0"	"IPR046264"	"Protein of unknown function DUF6297"	"-"
"PPA1942"	214	"Pfam"	"PF00005"	"ABC transporter"	24	164	"3.9E-30"	"IPR003439"	"ABC transporter-like, ATP-binding domain"	"GO:0005524"
"PPA1943"	340	"Pfam"	"PF01209"	"ubiE/COQ5 methyltransferase family"	100	319	"3.2E-60"	"IPR004033"	"UbiE/COQ5 methyltransferase"	"GO:0008168"
"PPA1944"	607	"Pfam"	"PF13482"	"RNase_H superfamily"	387	576	"3.7E-13"	"IPR038720"	"YprB, ribonuclease H-like domain"	"-"
"PPA1945"	292	"Pfam"	"PF01040"	"UbiA prenyltransferase family"	20	255	"2.9E-31"	"IPR000537"	"UbiA prenyltransferase family"	"GO:0016021|GO:0016765"
"PPA1946"	428	"Pfam"	"PF05977"	"Transmembrane secretion effector"	3	392	"2.6E-45"	"IPR010290"	"Transmembrane secretion effector"	"-"
"PPA1947"	342	"Pfam"	"PF02733"	"Dak1 domain"	26	336	"3.6E-123"	"IPR004006"	"DhaK domain"	"GO:0004371|GO:0006071"
"PPA1948"	214	"Pfam"	"PF02734"	"DAK2 domain"	34	204	"6.2E-52"	"IPR004007"	"DhaL domain"	"GO:0004371|GO:0006071"
"PPA1949"	141	"Pfam"	"PF03610"	"PTS system fructose IIA component"	7	121	"3.5E-25"	"IPR004701"	"Phosphotransferase system, mannose-type IIA component"	"GO:0009401|GO:0016021"
"PPA1950"	152	"Pfam"	"PF00383"	"Cytidine and deoxycytidylate deaminase zinc-binding region"	13	136	"5.3E-22"	"IPR002125"	"Cytidine and deoxycytidylate deaminase domain"	"-"
"PPA1951"	311	"Pfam"	"PF01545"	"Cation efflux family"	25	218	"9.1E-43"	"IPR002524"	"Cation efflux protein"	"GO:0006812|GO:0008324|GO:0016021|GO:0055085"
"PPA1951"	311	"Pfam"	"PF16916"	"Dimerisation domain of Zinc Transporter"	222	299	"1.1E-16"	"IPR027470"	"Cation efflux protein, cytoplasmic domain"	"-"
"PPA1952"	321	"Pfam"	"PF02866"	"lactate/malate dehydrogenase, alpha/beta C-terminal domain"	155	318	"1.6E-21"	"IPR022383"	"Lactate/malate dehydrogenase, C-terminal"	"GO:0016616"
"PPA1952"	321	"Pfam"	"PF00056"	"lactate/malate dehydrogenase, NAD binding domain"	7	148	"3.2E-21"	"IPR001236"	"Lactate/malate dehydrogenase, N-terminal"	"GO:0016491"
"PPA1953"	500	"Pfam"	"PF01734"	"Patatin-like phospholipase"	25	319	"1.5E-45"	"IPR002641"	"Patatin-like phospholipase domain"	"GO:0006629"
"PPA1954"	272	"Pfam"	"PF13344"	"Haloacid dehalogenase-like hydrolase"	23	122	"1.3E-23"	"IPR006357"	"HAD-superfamily hydrolase, subfamily IIA"	"-"
"PPA1954"	272	"Pfam"	"PF13242"	"HAD-hyrolase-like"	195	268	"3.3E-22"	"-"	"-"	""
"PPA1955"	618	"Pfam"	"PF13229"	"Right handed beta helix region"	257	391	"1.7E-7"	"IPR039448"	"Right handed beta helix domain"	"-"
"PPA1957"	377	"Pfam"	"PF00480"	"ROK family"	109	248	"3.6E-11"	"IPR000600"	"ROK family"	"-"
"PPA1957"	377	"Pfam"	"PF09339"	"IclR helix-turn-helix domain"	26	66	"1.1E-6"	"IPR005471"	"Transcription regulator IclR, N-terminal"	"GO:0003677|GO:0006355"
"PPA1958"	550	"Pfam"	"PF13320"	"Domain of unknown function (DUF4091)"	426	495	"6.5E-13"	"IPR025150"	"Glycoside hydrolase 123, C-terminal"	"-"
"PPA1959"	311	"Pfam"	"PF00528"	"Binding-protein-dependent transport system inner membrane component"	107	295	"1.1E-13"	"IPR000515"	"ABC transporter type 1, transmembrane domain MetI-like"	"GO:0016020|GO:0055085"
"PPA1960"	308	"Pfam"	"PF00528"	"Binding-protein-dependent transport system inner membrane component"	112	297	"1.2E-19"	"IPR000515"	"ABC transporter type 1, transmembrane domain MetI-like"	"GO:0016020|GO:0055085"
"PPA1961"	440	"Pfam"	"PF01547"	"Bacterial extracellular solute-binding protein"	57	340	"6.1E-34"	"IPR006059"	"Bacterial extracellular solute-binding protein"	"-"
"PPA1962"	415	"Pfam"	"PF00877"	"NlpC/P60 family"	313	405	"4.9E-23"	"IPR000064"	"Endopeptidase, NLPC/P60 domain"	"-"
"PPA1962"	415	"Pfam"	"PF08239"	"Bacterial SH3 domain"	152	202	"1.1E-6"	"IPR003646"	"SH3-like domain, bacterial-type"	"-"
"PPA1962"	415	"Pfam"	"PF08239"	"Bacterial SH3 domain"	227	278	"2.3E-8"	"IPR003646"	"SH3-like domain, bacterial-type"	"-"
"PPA1962"	415	"Pfam"	"PF08239"	"Bacterial SH3 domain"	74	125	"3.6E-6"	"IPR003646"	"SH3-like domain, bacterial-type"	"-"
"PPA1964"	308	"Pfam"	"PF00528"	"Binding-protein-dependent transport system inner membrane component"	121	299	"9.4E-19"	"IPR000515"	"ABC transporter type 1, transmembrane domain MetI-like"	"GO:0016020|GO:0055085"
"PPA1965"	298	"Pfam"	"PF00528"	"Binding-protein-dependent transport system inner membrane component"	85	284	"1.8E-17"	"IPR000515"	"ABC transporter type 1, transmembrane domain MetI-like"	"GO:0016020|GO:0055085"
"PPA1966"	435	"Pfam"	"PF01547"	"Bacterial extracellular solute-binding protein"	65	351	"6.6E-25"	"IPR006059"	"Bacterial extracellular solute-binding protein"	"-"
"PPA1967"	318	"Pfam"	"PF12146"	"Serine aminopeptidase, S33"	48	249	"1.3E-16"	"IPR022742"	"Serine aminopeptidase, S33"	"-"
"PPA1968"	84	"Pfam"	"PF11273"	"Protein of unknown function (DUF3073)"	19	80	"2.9E-23"	"IPR021426"	"Protein of unknown function DUF3073"	"-"
"PPA1969"	355	"Pfam"	"PF00586"	"AIR synthase related protein, N-terminal domain"	60	164	"3.9E-18"	"IPR016188"	"PurM-like, N-terminal domain"	"-"
"PPA1969"	355	"Pfam"	"PF02769"	"AIR synthase related protein, C-terminal domain"	176	339	"1.8E-31"	"IPR010918"	"PurM-like, C-terminal domain"	"-"
"PPA1970"	495	"Pfam"	"PF13522"	"Glutamine amidotransferase domain"	85	224	"2.4E-14"	"-"	"-"	""
"PPA1970"	495	"Pfam"	"PF00156"	"Phosphoribosyl transferase domain"	290	400	"2.7E-7"	"IPR000836"	"Phosphoribosyltransferase domain"	"-"
"PPA1972"	447	"Pfam"	"PF07687"	"Peptidase dimerisation domain"	196	342	"2.4E-17"	"IPR011650"	"Peptidase M20, dimerisation domain"	"-"
"PPA1972"	447	"Pfam"	"PF01546"	"Peptidase family M20/M25/M40"	87	436	"8.4E-29"	"IPR002933"	"Peptidase M20"	"GO:0016787"
"PPA1973"	255	"Pfam"	"PF01145"	"SPFH domain / Band 7 family"	27	196	"7.2E-32"	"IPR001107"	"Band 7 domain"	"-"
"PPA1975"	748	"Pfam"	"PF00115"	"Cytochrome C and Quinol oxidase polypeptide I"	252	694	"1.7E-56"	"IPR000883"	"Cytochrome c oxidase subunit I"	"GO:0004129|GO:0009060|GO:0016021|GO:0020037"
"PPA1976"	695	"Pfam"	"PF00425"	"chorismate binding enzyme"	421	674	"3.9E-85"	"IPR015890"	"Chorismate-utilising enzyme, C-terminal"	"-"
"PPA1976"	695	"Pfam"	"PF04715"	"Anthranilate synthase component I, N terminal region"	236	368	"2.1E-16"	"IPR006805"	"Anthranilate synthase component I, N-terminal"	"GO:0009058"
"PPA1976"	695	"Pfam"	"PF00117"	"Glutamine amidotransferase class-I"	4	189	"9.9E-32"	"IPR017926"	"Glutamine amidotransferase"	"-"
"PPA1977"	750	"Pfam"	"PF18072"	"Formylglycinamide ribonucleotide amidotransferase linker domain"	20	58	"3.4E-14"	"IPR041609"	"Phosphoribosylformylglycinamidine synthase, linker domain"	"-"
"PPA1977"	750	"Pfam"	"PF02769"	"AIR synthase related protein, C-terminal domain"	585	725	"1.5E-16"	"IPR010918"	"PurM-like, C-terminal domain"	"-"
"PPA1977"	750	"Pfam"	"PF02769"	"AIR synthase related protein, C-terminal domain"	212	365	"1.5E-30"	"IPR010918"	"PurM-like, C-terminal domain"	"-"
"PPA1977"	750	"Pfam"	"PF00586"	"AIR synthase related protein, N-terminal domain"	464	571	"5.0E-22"	"IPR016188"	"PurM-like, N-terminal domain"	"-"
"PPA1977"	750	"Pfam"	"PF00586"	"AIR synthase related protein, N-terminal domain"	97	198	"3.6E-25"	"IPR016188"	"PurM-like, N-terminal domain"	"-"
"PPA1978"	415	"Pfam"	"PF07690"	"Major Facilitator Superfamily"	4	335	"8.6E-28"	"IPR011701"	"Major facilitator superfamily"	"GO:0022857|GO:0055085"
"PPA1979"	844	"Pfam"	"PF17900"	"Peptidase M1 N-terminal domain"	102	188	"8.0E-13"	"IPR045357"	"Aminopeptidase N-like , N-terminal domain"	"-"
"PPA1979"	844	"Pfam"	"PF01433"	"Peptidase family M1 domain"	233	445	"8.4E-56"	"IPR014782"	"Peptidase M1, membrane alanine aminopeptidase"	"GO:0008237|GO:0008270"
"PPA1979"	844	"Pfam"	"PF11838"	"ERAP1-like C-terminal domain"	529	834	"4.8E-45"	"IPR024571"	"ERAP1-like C-terminal domain"	"-"
"PPA1981"	468	"Pfam"	"PF07992"	"Pyridine nucleotide-disulphide oxidoreductase"	24	321	"4.3E-59"	"IPR023753"	"FAD/NAD(P)-binding domain"	"GO:0016491"
"PPA1981"	468	"Pfam"	"PF02852"	"Pyridine nucleotide-disulphide oxidoreductase, dimerisation domain"	349	459	"2.7E-18"	"IPR004099"	"Pyridine nucleotide-disulphide oxidoreductase, dimerisation domain"	"GO:0045454"
"PPA1982"	491	"Pfam"	"PF01569"	"PAP2 superfamily"	157	303	"2.7E-12"	"IPR000326"	"Phosphatidic acid phosphatase type 2/haloperoxidase"	"-"
"PPA1983"	687	"Pfam"	"PF02412"	"Thrombospondin type 3 repeat"	646	665	"8.4E-6"	"IPR003367"	"Thrombospondin, type 3-like repeat"	"GO:0005509|GO:0007155"
"PPA1983"	687	"Pfam"	"PF02412"	"Thrombospondin type 3 repeat"	666	678	"0.018"	"IPR003367"	"Thrombospondin, type 3-like repeat"	"GO:0005509|GO:0007155"
"PPA1983"	687	"Pfam"	"PF13472"	"GDSL-like Lipase/Acylhydrolase family"	258	523	"4.7E-10"	"IPR013830"	"SGNH hydrolase-type esterase domain"	"-"
"PPA1983"	687	"Pfam"	"PF18911"	"PKD domain"	564	642	"5.5E-9"	"-"	"-"	""
"PPA1986"	359	"Pfam"	"PF01869"	"BadF/BadG/BcrA/BcrD ATPase family"	159	339	"1.7E-15"	"IPR002731"	"ATPase, BadF/BadG/BcrA/BcrD type"	"-"
"PPA1987"	224	"Pfam"	"PF13507"	"CobB/CobQ-like glutamine amidotransferase domain"	2	202	"6.7E-37"	"-"	"-"	""
"PPA1988"	421	"Pfam"	"PF02700"	"Phosphoribosylformylglycinamidine (FGAM) synthase"	347	418	"3.2E-18"	"IPR003850"	"Phosphoribosylformylglycinamidine synthase subunit PurS"	"-"
"PPA1988"	421	"Pfam"	"PF01259"	"SAICAR synthetase"	11	257	"2.9E-101"	"IPR028923"	"SAICAR synthetase/ADE2, N-terminal"	"-"
"PPA1989"	187	"Pfam"	"PF00578"	"AhpC/TSA family"	7	133	"3.9E-33"	"IPR000866"	"Alkyl hydroperoxide reductase subunit C/ Thiol specific antioxidant"	"GO:0016209|GO:0016491"
"PPA1989"	187	"Pfam"	"PF10417"	"C-terminal domain of 1-Cys peroxiredoxin"	160	182	"4.8E-5"	"IPR019479"	"Peroxiredoxin, C-terminal"	"GO:0051920"
"PPA1990"	568	"Pfam"	"PF07992"	"Pyridine nucleotide-disulphide oxidoreductase"	262	537	"9.5E-45"	"IPR023753"	"FAD/NAD(P)-binding domain"	"GO:0016491"
"PPA1990"	568	"Pfam"	"PF13192"	"Thioredoxin domain"	174	240	"1.7E-7"	"IPR012336"	"Thioredoxin-like fold"	"-"
"PPA1991"	314	"Pfam"	"PF03466"	"LysR substrate binding domain"	92	293	"1.9E-41"	"IPR005119"	"LysR, substrate-binding"	"-"
"PPA1991"	314	"Pfam"	"PF00126"	"Bacterial regulatory helix-turn-helix protein, lysR family"	3	62	"3.2E-19"	"IPR000847"	"Transcription regulator HTH, LysR"	"GO:0003700|GO:0006355"
"PPA1992"	477	"Pfam"	"PF10397"	"Adenylosuccinate lyase C-terminus"	370	452	"3.5E-13"	"IPR019468"	"Adenylosuccinate lyase C-terminal"	"-"
"PPA1992"	477	"Pfam"	"PF00206"	"Lyase"	34	302	"1.9E-16"	"IPR022761"	"Fumarate lyase, N-terminal"	"-"
"PPA1993"	439	"Pfam"	"PF02843"	"Phosphoribosylglycinamide synthetase, C domain"	323	408	"1.8E-22"	"IPR020560"	"Phosphoribosylglycinamide synthetase, C-domain"	"GO:0004637|GO:0009113"
"PPA1993"	439	"Pfam"	"PF01071"	"Phosphoribosylglycinamide synthetase, ATP-grasp (A) domain"	101	287	"1.5E-63"	"IPR020561"	"Phosphoribosylglycinamide synthetase, ATP-grasp (A) domain"	"-"
"PPA1993"	439	"Pfam"	"PF02844"	"Phosphoribosylglycinamide synthetase, N domain"	1	100	"1.7E-34"	"IPR020562"	"Phosphoribosylglycinamide synthetase, N-terminal"	"GO:0004637|GO:0009113"
"PPA1994"	428	"Pfam"	"PF00709"	"Adenylosuccinate synthetase"	5	419	"0.0"	"IPR001114"	"Adenylosuccinate synthetase"	"GO:0000166|GO:0004019|GO:0006164"
"PPA1995"	325	"Pfam"	"PF00583"	"Acetyltransferase (GNAT) family"	58	113	"5.5E-6"	"IPR000182"	"GNAT domain"	"GO:0016407"
"PPA1996"	244	"Pfam"	"PF00392"	"Bacterial regulatory proteins, gntR family"	22	79	"3.0E-14"	"IPR000524"	"Transcription regulator HTH, GntR"	"GO:0003700|GO:0006355"
"PPA1996"	244	"Pfam"	"PF07729"	"FCD domain"	115	231	"3.1E-16"	"IPR011711"	"GntR, C-terminal"	"-"
"PPA1997"	229	"Pfam"	"PF04131"	"Putative N-acetylmannosamine-6-phosphate epimerase"	34	228	"2.4E-57"	"IPR007260"	"Putative N-acetylmannosamine-6-phosphate epimerase"	"GO:0006051|GO:0047465"
"PPA1998"	306	"Pfam"	"PF00701"	"Dihydrodipicolinate synthetase family"	4	300	"8.5E-49"	"IPR002220"	"DapA-like"	"GO:0016829"
"PPA1999"	300	"Pfam"	"PF16154"	"Domain of unknown function (DUF4862)"	6	289	"4.5E-92"	"IPR032344"	"Protein of unknown function DUF4862"	"-"
"PPA2000"	534	"Pfam"	"PF07690"	"Major Facilitator Superfamily"	29	281	"1.6E-23"	"IPR011701"	"Major facilitator superfamily"	"GO:0022857|GO:0055085"
"PPA2000"	534	"Pfam"	"PF07690"	"Major Facilitator Superfamily"	304	497	"3.7E-13"	"IPR011701"	"Major facilitator superfamily"	"GO:0022857|GO:0055085"
"PPA2002"	175	"Pfam"	"PF11349"	"Protein of unknown function (DUF3151)"	19	144	"1.9E-31"	"IPR014487"	"Protein of unknown function DUF3151"	"-"
"PPA2003"	620	"Pfam"	"PF00679"	"Elongation factor G C-terminus"	410	493	"1.1E-21"	"IPR000640"	"Elongation factor EFG, domain V-like"	"-"
"PPA2003"	620	"Pfam"	"PF00009"	"Elongation factor Tu GTP binding domain"	6	209	"1.2E-54"	"IPR000795"	"Translational (tr)-type GTP-binding domain"	"GO:0003924|GO:0005525"
"PPA2003"	620	"Pfam"	"PF03144"	"Elongation factor Tu domain 2"	233	302	"7.9E-11"	"IPR004161"	"Translation elongation factor EFTu-like, domain 2"	"GO:0005525"
"PPA2004"	178	"Pfam"	"PF03734"	"L,D-transpeptidase catalytic domain"	66	176	"4.7E-15"	"IPR005490"	"L,D-transpeptidase catalytic domain"	"GO:0016740"
"PPA2005"	120	"Pfam"	"PF00364"	"Biotin-requiring enzyme"	53	118	"1.2E-20"	"IPR000089"	"Biotin/lipoyl attachment"	"-"
"PPA2007"	524	"Pfam"	"PF01039"	"Carboxyl transferase domain"	38	521	"0.0"	"IPR034733"	"Acetyl-CoA carboxylase"	"-"
"PPA2008"	497	"Pfam"	"PF02436"	"Conserved carboxylase domain"	293	491	"1.8E-56"	"IPR003379"	"Carboxylase, conserved domain"	"-"
"PPA2008"	497	"Pfam"	"PF00682"	"HMGL-like"	8	271	"6.5E-45"	"IPR000891"	"Pyruvate carboxyltransferase"	"GO:0003824"
"PPA2011"	341	"Pfam"	"PF01116"	"Fructose-bisphosphate aldolase class-II"	11	336	"2.4E-78"	"IPR000771"	"Fructose-bisphosphate aldolase, class-II"	"GO:0005975|GO:0008270|GO:0016832"
"PPA2013"	196	"Pfam"	"PF00588"	"SpoU rRNA Methylase family"	47	183	"1.8E-27"	"IPR001537"	"tRNA/rRNA methyltransferase, SpoU type"	"GO:0003723|GO:0006396|GO:0008173"
"PPA2014"	264	"Pfam"	"PF09335"	"SNARE associated Golgi protein"	72	213	"1.2E-21"	"IPR032816"	"SNARE associated Golgi protein"	"-"
"PPA2017"	347	"Pfam"	"PF04069"	"Substrate binding domain of ABC-type glycine betaine transport system"	82	330	"1.0E-52"	"IPR007210"	"ABC-type glycine betaine transport system, substrate-binding domain"	"GO:0022857|GO:0043190|GO:0055085"
"PPA2018"	125	"Pfam"	"PF02810"	"SEC-C motif"	3	19	"9.8E-7"	"IPR004027"	"SEC-C motif"	"-"
"PPA2018"	125	"Pfam"	"PF17775"	"UPF0225 domain"	29	122	"3.1E-24"	"-"	"-"	""
"PPA2020"	503	"Pfam"	"PF00083"	"Sugar (and other) transporter"	61	485	"1.1E-44"	"IPR005828"	"Major facilitator,  sugar transporter-like"	"GO:0016021|GO:0022857|GO:0055085"
"PPA2021"	857	"Pfam"	"PF00004"	"ATPase family associated with various cellular activities (AAA)"	203	338	"6.4E-14"	"IPR003959"	"ATPase, AAA-type, core"	"GO:0005524|GO:0016887"
"PPA2021"	857	"Pfam"	"PF10431"	"C-terminal, D2-small domain, of ClpB protein"	765	844	"1.9E-23"	"IPR019489"	"Clp ATPase, C-terminal"	"-"
"PPA2021"	857	"Pfam"	"PF17871"	"AAA lid domain"	343	444	"2.6E-35"	"IPR041546"	"ClpA/ClpB, AAA lid domain"	"-"
"PPA2021"	857	"Pfam"	"PF02861"	"Clp amino terminal domain, pathogenicity island component"	18	63	"4.3E-5"	"IPR004176"	"Clp,  repeat (R) domain"	"-"
"PPA2021"	857	"Pfam"	"PF02861"	"Clp amino terminal domain, pathogenicity island component"	94	144	"2.6E-7"	"IPR004176"	"Clp,  repeat (R) domain"	"-"
"PPA2021"	857	"Pfam"	"PF07724"	"AAA domain (Cdc48 subfamily)"	597	758	"2.6E-54"	"IPR003959"	"ATPase, AAA-type, core"	"GO:0005524|GO:0016887"
"PPA2022"	452	"Pfam"	"PF05525"	"Branched-chain amino acid transport protein"	11	434	"0.0"	"IPR004685"	"Branched-chain amino acid transport system II carrier protein"	"GO:0015658|GO:0015803|GO:0016021"
"PPA2023"	224	"Pfam"	"PF03332"	"Eukaryotic phosphomannomutase"	2	221	"6.5E-8"	"IPR005002"	"Phosphomannomutase"	"GO:0004615|GO:0009298"
"PPA2024"	302	"Pfam"	"PF00274"	"Fructose-bisphosphate aldolase class-I"	21	202	"9.2E-7"	"IPR000741"	"Fructose-bisphosphate aldolase, class-I"	"GO:0004332|GO:0006096"
"PPA2025"	222	"Pfam"	"PF01613"	"Flavin reductase like domain"	76	218	"1.2E-18"	"IPR002563"	"Flavin reductase like domain"	"GO:0010181"
"PPA2026"	403	"Pfam"	"PF01566"	"Natural resistance-associated macrophage protein"	25	374	"5.0E-105"	"IPR001046"	"NRAMP family"	"GO:0016020|GO:0030001|GO:0046873"
"PPA2027"	425	"Pfam"	"PF02518"	"Histidine kinase-, DNA gyrase B-, and HSP90-like ATPase"	331	423	"3.7E-8"	"IPR003594"	"Histidine kinase/HSP90-like ATPase"	"-"
"PPA2027"	425	"Pfam"	"PF07730"	"Histidine kinase"	211	284	"1.9E-15"	"IPR011712"	"Signal transduction histidine kinase, subgroup 3, dimerisation and phosphoacceptor domain"	"GO:0000155|GO:0000160|GO:0016021|GO:0046983"
"PPA2028"	224	"Pfam"	"PF00196"	"Bacterial regulatory proteins, luxR family"	159	213	"5.2E-18"	"IPR000792"	"Transcription regulator LuxR, C-terminal"	"GO:0006355"
"PPA2028"	224	"Pfam"	"PF00072"	"Response regulator receiver domain"	8	119	"1.8E-26"	"IPR001789"	"Signal transduction response regulator, receiver domain"	"GO:0000160"
"PPA2030"	244	"Pfam"	"PF00005"	"ABC transporter"	38	184	"1.3E-32"	"IPR003439"	"ABC transporter-like, ATP-binding domain"	"GO:0005524"
"PPA2031"	807	"Pfam"	"PF12704"	"MacB-like periplasmic core domain"	11	208	"3.6E-12"	"IPR025857"	"MacB-like periplasmic core domain"	"-"
"PPA2031"	807	"Pfam"	"PF02687"	"FtsX-like permease family"	269	363	"3.5E-12"	"IPR003838"	"ABC3 transporter permease protein domain"	"GO:0016020"
"PPA2031"	807	"Pfam"	"PF02687"	"FtsX-like permease family"	708	795	"1.9E-10"	"IPR003838"	"ABC3 transporter permease protein domain"	"GO:0016020"
"PPA2032"	157	"Pfam"	"PF00293"	"NUDIX domain"	28	133	"5.5E-15"	"IPR000086"	"NUDIX hydrolase domain"	"-"
"PPA2033"	452	"Pfam"	"PF00324"	"Amino acid permease"	16	449	"3.5E-115"	"IPR004841"	"Amino acid permease/ SLC12A domain"	"GO:0016020|GO:0055085"
"PPA2034"	525	"Pfam"	"PF02080"	"TrkA-C domain"	274	340	"8.7E-10"	"IPR006037"	"Regulator of K+ conductance, C-terminal"	"GO:0006813|GO:0008324"
"PPA2034"	525	"Pfam"	"PF06826"	"Predicted Permease Membrane Region"	16	170	"2.6E-22"	"IPR006512"	"YidE/YbjL duplication"	"-"
"PPA2034"	525	"Pfam"	"PF06826"	"Predicted Permease Membrane Region"	355	523	"1.4E-26"	"IPR006512"	"YidE/YbjL duplication"	"-"
"PPA2035"	347	"Pfam"	"PF08240"	"Alcohol dehydrogenase GroES-like domain"	29	135	"5.8E-28"	"IPR013154"	"Alcohol dehydrogenase, N-terminal"	"-"
"PPA2035"	347	"Pfam"	"PF00107"	"Zinc-binding dehydrogenase"	178	304	"1.1E-23"	"IPR013149"	"Alcohol dehydrogenase-like, C-terminal"	"-"
"PPA2036"	285	"Pfam"	"PF13472"	"GDSL-like Lipase/Acylhydrolase family"	72	274	"2.8E-24"	"IPR013830"	"SGNH hydrolase-type esterase domain"	"-"
"PPA2037"	153	"Pfam"	"PF13411"	"MerR HTH family regulatory protein"	26	92	"1.0E-16"	"IPR000551"	"MerR-type HTH domain"	"GO:0003677|GO:0006355"
"PPA2038"	380	"Pfam"	"PF00684"	"DnaJ central domain"	164	225	"4.1E-13"	"IPR001305"	"Heat shock protein DnaJ, cysteine-rich domain"	"GO:0031072|GO:0051082"
"PPA2038"	380	"Pfam"	"PF01556"	"DnaJ C terminal domain"	139	351	"7.9E-38"	"IPR002939"	"Chaperone DnaJ, C-terminal"	"-"
"PPA2038"	380	"Pfam"	"PF00226"	"DnaJ domain"	10	72	"1.6E-22"	"IPR001623"	"DnaJ domain"	"-"
"PPA2039"	221	"Pfam"	"PF01025"	"GrpE"	44	189	"1.8E-36"	"IPR000740"	"GrpE nucleotide exchange factor"	"GO:0000774|GO:0006457|GO:0042803|GO:0051087"
"PPA2040"	617	"Pfam"	"PF00012"	"Hsp70 protein"	5	78	"1.9E-29"	"IPR013126"	"Heat shock protein 70 family"	"GO:0005524|GO:0140662"
"PPA2040"	617	"Pfam"	"PF00012"	"Hsp70 protein"	81	576	"0.0"	"IPR013126"	"Heat shock protein 70 family"	"GO:0005524|GO:0140662"
"PPA2042"	381	"Pfam"	"PF01384"	"Phosphate transporter family"	22	318	"2.0E-75"	"IPR001204"	"Phosphate transporter"	"GO:0005315|GO:0006817|GO:0016020"
"PPA2043"	243	"Pfam"	"PF00486"	"Transcriptional regulatory protein, C terminal"	165	239	"2.3E-26"	"IPR001867"	"OmpR/PhoB-type DNA-binding domain"	"GO:0000160|GO:0003677|GO:0006355"
"PPA2043"	243	"Pfam"	"PF00072"	"Response regulator receiver domain"	20	129	"2.0E-24"	"IPR001789"	"Signal transduction response regulator, receiver domain"	"GO:0000160"
"PPA2045"	224	"Pfam"	"PF01791"	"DeoC/LacD family aldolase"	14	213	"4.8E-18"	"IPR002915"	"DeoC/FbaB/LacD aldolase"	"GO:0016829"
"PPA2046"	242	"Pfam"	"PF06283"	"Trehalose utilisation"	4	216	"1.6E-26"	"IPR029010"	"ThuA-like domain"	"-"
"PPA2047"	391	"Pfam"	"PF00498"	"FHA domain"	302	379	"3.5E-7"	"IPR000253"	"Forkhead-associated (FHA) domain"	"GO:0005515"
"PPA2048"	883	"Pfam"	"PF00391"	"PEP-utilising enzyme, mobile domain"	420	501	"1.2E-23"	"IPR008279"	"PEP-utilising enzyme, mobile domain"	"GO:0016310|GO:0016772"
"PPA2048"	883	"Pfam"	"PF02896"	"PEP-utilising enzyme, PEP-binding domain"	517	876	"3.6E-92"	"IPR000121"	"PEP-utilising enzyme, C-terminal"	"GO:0016310|GO:0016772"
"PPA2048"	883	"Pfam"	"PF01326"	"Pyruvate phosphate dikinase, AMP/ATP-binding domain"	300	353	"5.8E-10"	"IPR002192"	"Pyruvate phosphate dikinase, AMP/ATP-binding"	"GO:0005524|GO:0016301|GO:0016310"
"PPA2048"	883	"Pfam"	"PF01326"	"Pyruvate phosphate dikinase, AMP/ATP-binding domain"	52	290	"2.3E-34"	"IPR002192"	"Pyruvate phosphate dikinase, AMP/ATP-binding"	"GO:0005524|GO:0016301|GO:0016310"
"PPA2049"	294	"Pfam"	"PF03618"	"Kinase/pyrophosphorylase"	8	269	"1.2E-80"	"IPR005177"	"Bifunctional kinase-pyrophosphorylase"	"GO:0005524|GO:0016772"
"PPA2050"	334	"Pfam"	"PF05175"	"Methyltransferase small domain"	160	329	"1.9E-42"	"IPR007848"	"Methyltransferase small domain"	"GO:0008168"
"PPA2051"	285	"Pfam"	"PF12710"	"haloacid dehalogenase-like hydrolase"	81	248	"9.3E-21"	"-"	"-"	""
"PPA2052"	269	"Pfam"	"PF01263"	"Aldose 1-epimerase"	12	264	"4.4E-18"	"IPR008183"	"Aldose 1-/Glucose-6-phosphate 1-epimerase"	"GO:0005975|GO:0016853"
"PPA2053"	504	"Pfam"	"PF13336"	"Acetyl-CoA hydrolase/transferase C-terminal domain"	334	468	"6.4E-39"	"IPR026888"	"Acetyl-CoA hydrolase/transferase C-terminal domain"	"-"
"PPA2053"	504	"Pfam"	"PF02550"	"Acetyl-CoA hydrolase/transferase N-terminal domain"	9	221	"1.9E-31"	"IPR003702"	"Acetyl-CoA hydrolase/transferase"	"GO:0003986|GO:0006083|GO:0008775|GO:0019679"
"PPA2054"	466	"Pfam"	"PF01425"	"Amidase"	24	449	"7.0E-92"	"IPR023631"	"Amidase signature domain"	"-"
"PPA2055"	333	"Pfam"	"PF13377"	"Periplasmic binding protein-like domain"	172	322	"5.3E-31"	"IPR046335"	"Transcriptional regulator LacI/GalR-like, sensor domain"	"-"
"PPA2055"	333	"Pfam"	"PF00356"	"Bacterial regulatory proteins, lacI family"	11	55	"6.3E-7"	"IPR000843"	"LacI-type HTH domain"	"GO:0003677|GO:0006355"
"PPA2056"	445	"Pfam"	"PF00722"	"Glycosyl hydrolases family 16"	77	227	"5.4E-7"	"IPR000757"	"Glycoside hydrolase family 16"	"GO:0004553|GO:0005975"
"PPA2057"	603	"Pfam"	"PF02065"	"Melibiase"	156	428	"2.9E-29"	"-"	"-"	""
"PPA2058"	436	"Pfam"	"PF13416"	"Bacterial extracellular solute-binding protein"	64	373	"1.1E-22"	"IPR006059"	"Bacterial extracellular solute-binding protein"	"-"
"PPA2059"	300	"Pfam"	"PF00528"	"Binding-protein-dependent transport system inner membrane component"	91	290	"1.7E-20"	"IPR000515"	"ABC transporter type 1, transmembrane domain MetI-like"	"GO:0016020|GO:0055085"
"PPA2060"	271	"Pfam"	"PF00528"	"Binding-protein-dependent transport system inner membrane component"	86	261	"2.0E-11"	"IPR000515"	"ABC transporter type 1, transmembrane domain MetI-like"	"GO:0016020|GO:0055085"
"PPA2061"	506	"Pfam"	"PF07364"	"Metallopeptidase family M81"	3	306	"7.3E-101"	"IPR015995"	"Microcystin LR degradation protein MlrC, N-terminal"	"-"
"PPA2061"	506	"Pfam"	"PF07171"	"MlrC C-terminus"	316	483	"7.8E-52"	"IPR010799"	"Microcystin LR degradation protein MlrC, C-terminal"	"-"
"PPA2062"	397	"Pfam"	"PF13412"	"Winged helix-turn-helix DNA-binding"	29	69	"7.1E-7"	"-"	"-"	""
"PPA2062"	397	"Pfam"	"PF00480"	"ROK family"	99	385	"1.9E-50"	"IPR000600"	"ROK family"	"-"
"PPA2063"	598	"Pfam"	"PF00496"	"Bacterial extracellular solute-binding proteins, family 5 Middle"	98	510	"1.5E-51"	"IPR000914"	"Solute-binding protein family 5 domain"	"-"
"PPA2064"	319	"Pfam"	"PF19300"	"Binding-prot-dependent transport system membrane comp, N-term"	1	101	"5.5E-16"	"IPR045621"	"ABC transporter type 1, GsiC-like, N-terminal domain"	"-"
"PPA2064"	319	"Pfam"	"PF00528"	"Binding-protein-dependent transport system inner membrane component"	113	314	"2.4E-39"	"IPR000515"	"ABC transporter type 1, transmembrane domain MetI-like"	"GO:0016020|GO:0055085"
"PPA2065"	313	"Pfam"	"PF12911"	"N-terminal TM domain of oligopeptide transport permease C"	34	78	"2.1E-8"	"IPR025966"	"Oligopeptide transport permease C-like, N-terminal domain"	"-"
"PPA2065"	313	"Pfam"	"PF00528"	"Binding-protein-dependent transport system inner membrane component"	127	311	"2.2E-24"	"IPR000515"	"ABC transporter type 1, transmembrane domain MetI-like"	"GO:0016020|GO:0055085"
"PPA2066"	684	"Pfam"	"PF08352"	"Oligopeptide/dipeptide transporter, C-terminal region"	240	305	"1.5E-15"	"IPR013563"	"Oligopeptide/dipeptide ABC transporter, C-terminal"	"GO:0000166|GO:0005524|GO:0015833"
"PPA2066"	684	"Pfam"	"PF08352"	"Oligopeptide/dipeptide transporter, C-terminal region"	591	657	"4.7E-19"	"IPR013563"	"Oligopeptide/dipeptide ABC transporter, C-terminal"	"GO:0000166|GO:0005524|GO:0015833"
"PPA2066"	684	"Pfam"	"PF00005"	"ABC transporter"	31	188	"4.7E-28"	"IPR003439"	"ABC transporter-like, ATP-binding domain"	"GO:0005524"
"PPA2066"	684	"Pfam"	"PF00005"	"ABC transporter"	389	539	"3.1E-30"	"IPR003439"	"ABC transporter-like, ATP-binding domain"	"GO:0005524"
"PPA2070"	436	"Pfam"	"PF01120"	"Alpha-L-fucosidase"	25	362	"6.8E-88"	"IPR000933"	"Glycoside hydrolase, family 29"	"GO:0004560|GO:0005975"
"PPA2073"	129	"Pfam"	"PF01850"	"PIN domain"	4	119	"2.6E-10"	"IPR002716"	"PIN domain"	"-"
"PPA2075"	75	"Pfam"	"PF09386"	"Antitoxin ParD"	8	53	"5.8E-7"	"IPR022789"	"Antitoxin ParD"	"-"
"PPA2076"	321	"Pfam"	"PF01156"	"Inosine-uridine preferring nucleoside hydrolase"	10	310	"2.0E-76"	"IPR001910"	"Inosine/uridine-preferring nucleoside hydrolase domain"	"GO:0016799"
"PPA2077"	211	"Pfam"	"PF00440"	"Bacterial regulatory proteins, tetR family"	23	57	"2.0E-7"	"IPR001647"	"DNA-binding HTH domain, TetR-type"	"GO:0003677"
"PPA2078"	221	"Pfam"	"PF00005"	"ABC transporter"	2	138	"1.5E-27"	"IPR003439"	"ABC transporter-like, ATP-binding domain"	"GO:0005524"
"PPA2081"	284	"Pfam"	"PF00664"	"ABC transporter transmembrane region"	74	190	"2.0E-12"	"IPR011527"	"ABC transporter type 1, transmembrane domain"	"GO:0005524|GO:0016021|GO:0055085|GO:0140359"
"PPA2082"	621	"Pfam"	"PF00664"	"ABC transporter transmembrane region"	71	327	"2.3E-26"	"IPR011527"	"ABC transporter type 1, transmembrane domain"	"GO:0005524|GO:0016021|GO:0055085|GO:0140359"
"PPA2082"	621	"Pfam"	"PF00005"	"ABC transporter"	397	545	"5.2E-28"	"IPR003439"	"ABC transporter-like, ATP-binding domain"	"GO:0005524"
"PPA2083"	197	"Pfam"	"PF09605"	"Hypothetical bacterial integral membrane protein (Trep_Strep)"	7	192	"9.8E-49"	"IPR011733"	"Conserved hypothetical CHP02185, integral membrane"	"-"
"PPA2084"	510	"Pfam"	"PF00005"	"ABC transporter"	324	459	"3.3E-20"	"IPR003439"	"ABC transporter-like, ATP-binding domain"	"GO:0005524"
"PPA2084"	510	"Pfam"	"PF00005"	"ABC transporter"	37	187	"1.8E-23"	"IPR003439"	"ABC transporter-like, ATP-binding domain"	"GO:0005524"
"PPA2085"	272	"Pfam"	"PF02361"	"Cobalt transport protein"	52	234	"1.1E-4"	"IPR003339"	"ABC/ECF transporter, transmembrane component"	"-"
"PPA2088"	227	"Pfam"	"PF12787"	"EcsC protein family"	60	224	"6.3E-12"	"IPR024787"	"EcsC protein"	"-"
"PPA2091"	244	"Pfam"	"PF00005"	"ABC transporter"	28	159	"4.6E-28"	"IPR003439"	"ABC transporter-like, ATP-binding domain"	"GO:0005524"
"PPA2092"	469	"Pfam"	"PF00364"	"Biotin-requiring enzyme"	6	75	"1.8E-20"	"IPR000089"	"Biotin/lipoyl attachment"	"-"
"PPA2092"	469	"Pfam"	"PF02817"	"e3 binding domain"	157	191	"6.3E-13"	"IPR004167"	"Peripheral subunit-binding domain"	"GO:0016746"
"PPA2092"	469	"Pfam"	"PF00198"	"2-oxoacid dehydrogenases acyltransferase (catalytic domain)"	235	468	"3.8E-64"	"IPR001078"	"2-oxoacid dehydrogenase acyltransferase, catalytic domain"	"GO:0016746"
"PPA2093"	334	"Pfam"	"PF02780"	"Transketolase, C-terminal domain"	204	324	"2.0E-33"	"IPR033248"	"Transketolase, C-terminal domain"	"-"
"PPA2093"	334	"Pfam"	"PF02779"	"Transketolase, pyrimidine binding domain"	16	189	"7.7E-42"	"IPR005475"	"Transketolase-like, pyrimidine-binding domain"	"-"
"PPA2094"	381	"Pfam"	"PF00676"	"Dehydrogenase E1 component"	61	347	"3.6E-64"	"IPR001017"	"Dehydrogenase, E1 component"	"GO:0016624"
"PPA2095"	456	"Pfam"	"PF01593"	"Flavin containing amine oxidoreductase"	8	450	"1.6E-38"	"IPR002937"	"Amine oxidase"	"GO:0016491"
"PPA2096"	426	"Pfam"	"PF04055"	"Radical SAM superfamily"	52	191	"3.5E-10"	"IPR007197"	"Radical SAM"	"GO:0003824|GO:0051536"
"PPA2097"	703	"Pfam"	"PF02872"	"5'-nucleotidase, C-terminal domain"	363	513	"4.5E-34"	"IPR008334"	"5'-Nucleotidase, C-terminal"	"GO:0009166|GO:0016787"
"PPA2097"	703	"Pfam"	"PF00149"	"Calcineurin-like phosphoesterase"	55	266	"5.5E-5"	"IPR004843"	"Calcineurin-like phosphoesterase domain, ApaH type"	"GO:0016787"
"PPA2101"	98	"Pfam"	"PF13280"	"WYL domain"	9	84	"6.8E-6"	"IPR026881"	"WYL domain"	"-"
"PPA2102"	154	"Pfam"	"PF13280"	"WYL domain"	82	147	"9.4E-10"	"IPR026881"	"WYL domain"	"-"
"PPA2103"	132	"Pfam"	"PF00903"	"Glyoxalase/Bleomycin resistance protein/Dioxygenase superfamily"	20	127	"1.5E-5"	"IPR004360"	"Glyoxalase/fosfomycin resistance/dioxygenase domain"	"-"
"PPA2104"	102	"Pfam"	"PF13683"	"Integrase core domain"	25	90	"3.6E-20"	"IPR001584"	"Integrase, catalytic core"	"GO:0015074"
"PPA2105"	339	"Pfam"	"PF01674"	"Lipase (class 2)"	88	308	"2.8E-7"	"IPR002918"	"Lipase EstA/Esterase EstB"	"GO:0016042|GO:0016787"
"PPA2106"	500	"Pfam"	"PF00150"	"Cellulase (glycosyl hydrolase family 5)"	83	372	"1.0E-24"	"IPR001547"	"Glycoside hydrolase, family 5"	"GO:0004553|GO:0071704"
"PPA2106"	500	"Pfam"	"PF18564"	"Glycoside hydrolase family 5 C-terminal domain"	410	497	"1.1E-11"	"IPR041036"	"Glycoside hydrolase family 5, C-terminal domain"	"-"
"PPA2108"	271	"Pfam"	"PF07373"	"CAMP factor (Cfa)"	40	259	"5.5E-63"	"IPR010860"	"CAMP factor"	"-"
"PPA2110"	158	"Pfam"	"PF01451"	"Low molecular weight phosphotyrosine protein phosphatase"	9	147	"6.3E-34"	"IPR023485"	"Phosphotyrosine protein phosphatase I"	"-"
"PPA2112"	232	"Pfam"	"PF00486"	"Transcriptional regulatory protein, C terminal"	153	227	"1.4E-22"	"IPR001867"	"OmpR/PhoB-type DNA-binding domain"	"GO:0000160|GO:0003677|GO:0006355"
"PPA2112"	232	"Pfam"	"PF00072"	"Response regulator receiver domain"	5	114	"1.3E-32"	"IPR001789"	"Signal transduction response regulator, receiver domain"	"GO:0000160"
"PPA2113"	476	"Pfam"	"PF00672"	"HAMP domain"	196	245	"8.7E-10"	"IPR003660"	"HAMP domain"	"GO:0007165|GO:0016021"
"PPA2113"	476	"Pfam"	"PF00512"	"His Kinase A (phospho-acceptor) domain"	251	319	"3.0E-12"	"IPR003661"	"Signal transduction histidine kinase, dimerisation/phosphoacceptor domain"	"GO:0000155|GO:0007165"
"PPA2113"	476	"Pfam"	"PF02518"	"Histidine kinase-, DNA gyrase B-, and HSP90-like ATPase"	360	464	"3.8E-23"	"IPR003594"	"Histidine kinase/HSP90-like ATPase"	"-"
"PPA2114"	321	"Pfam"	"PF01112"	"Asparaginase"	28	313	"3.7E-74"	"IPR000246"	"Peptidase T2, asparaginase 2"	"GO:0016787"
"PPA2115"	199	"Pfam"	"PF00293"	"NUDIX domain"	46	169	"4.7E-16"	"IPR000086"	"NUDIX hydrolase domain"	"-"
"PPA2116"	397	"Pfam"	"PF02674"	"Colicin V production protein"	5	148	"2.2E-17"	"IPR003825"	"Colicin V production, CvpA"	"GO:0009403|GO:0016020"
"PPA2116"	397	"Pfam"	"PF13365"	"Trypsin-like peptidase domain"	218	354	"6.7E-20"	"-"	"-"	""
"PPA2117"	107	"Pfam"	"PF03795"	"YCII-related domain"	19	100	"2.3E-9"	"IPR005545"	"YCII-related"	"-"
"PPA2118"	366	"Pfam"	"PF00724"	"NADH:flavin oxidoreductase / NADH oxidase family"	6	347	"1.6E-67"	"IPR001155"	"NADH:flavin oxidoreductase/NADH oxidase, N-terminal"	"GO:0010181|GO:0016491"
"PPA2120"	410	"Pfam"	"PF00083"	"Sugar (and other) transporter"	190	393	"2.9E-13"	"IPR005828"	"Major facilitator,  sugar transporter-like"	"GO:0016021|GO:0022857|GO:0055085"
"PPA2120"	410	"Pfam"	"PF00083"	"Sugar (and other) transporter"	14	183	"4.8E-24"	"IPR005828"	"Major facilitator,  sugar transporter-like"	"GO:0016021|GO:0022857|GO:0055085"
"PPA2121"	856	"Pfam"	"PF02867"	"Ribonucleotide reductase, barrel domain"	237	774	"0.0"	"IPR000788"	"Ribonucleotide reductase large subunit, C-terminal"	"GO:0006260"
"PPA2121"	856	"Pfam"	"PF00317"	"Ribonucleotide reductase, all-alpha domain"	161	233	"6.4E-15"	"IPR013509"	"Ribonucleotide reductase large subunit, N-terminal"	"GO:0004748|GO:0005524|GO:0006260"
"PPA2121"	856	"Pfam"	"PF03477"	"ATP cone domain"	9	97	"9.8E-11"	"IPR005144"	"ATP-cone domain"	"-"
"PPA2122"	328	"Pfam"	"PF00268"	"Ribonucleotide reductase, small chain"	13	294	"1.1E-68"	"IPR000358"	"Ribonucleotide reductase small subunit family"	"GO:0009263"
"PPA2125"	360	"Pfam"	"PF03703"	"Bacterial PH domain"	6	57	"3.4E-7"	"IPR005182"	"Domain of unknown function DUF304"	"-"
"PPA2125"	360	"Pfam"	"PF00480"	"ROK family"	94	253	"9.2E-17"	"IPR000600"	"ROK family"	"-"
"PPA2128"	556	"Pfam"	"PF03485"	"Arginyl tRNA synthetase N terminal domain"	13	81	"2.3E-19"	"IPR005148"	"Arginyl tRNA synthetase N-terminal domain"	"GO:0000166|GO:0004814|GO:0005524|GO:0005737|GO:0006420"
"PPA2128"	556	"Pfam"	"PF00750"	"tRNA synthetases class I (R)"	102	391	"2.8E-99"	"IPR035684"	"Arginyl-tRNA synthetase, catalytic core domain"	"-"
"PPA2128"	556	"Pfam"	"PF05746"	"DALR anticodon binding domain"	429	556	"2.0E-34"	"IPR008909"	"DALR anticodon binding"	"GO:0004814|GO:0005524|GO:0006420"
"PPA2129"	273	"Pfam"	"PF00248"	"Aldo/keto reductase family"	17	258	"2.3E-49"	"IPR023210"	"NADP-dependent oxidoreductase domain"	"-"
"PPA2130"	228	"Pfam"	"PF02698"	"DUF218 domain"	58	179	"1.0E-23"	"IPR003848"	"Domain of unknown function DUF218"	"-"
"PPA2131"	560	"Pfam"	"PF00342"	"Phosphoglucose isomerase"	54	552	"0.0"	"IPR001672"	"Phosphoglucose isomerase (PGI)"	"GO:0004347|GO:0006094|GO:0006096"
"PPA2133"	221	"Pfam"	"PF01081"	"KDPG and KHG aldolase"	23	192	"7.9E-8"	"IPR000887"	"KDPG/KHG aldolase"	"GO:0016829"
"PPA2134"	176	"Pfam"	"PF00210"	"Ferritin-like domain"	33	169	"7.1E-21"	"IPR008331"	"Ferritin/DPS protein domain"	"GO:0008199"
"PPA2135"	892	"Pfam"	"PF00271"	"Helicase conserved C-terminal domain"	340	417	"1.1E-6"	"IPR001650"	"Helicase, C-terminal"	"-"
"PPA2135"	892	"Pfam"	"PF00270"	"DEAD/DEAH box helicase"	87	235	"9.1E-13"	"IPR011545"	"DEAD/DEAH box helicase domain"	"GO:0003676|GO:0005524"
"PPA2135"	892	"Pfam"	"PF12029"	"Domain of unknown function (DUF3516)"	428	886	"0.0"	"IPR021904"	"Protein of unknown function DUF3516"	"-"
"PPA2136"	171	"Pfam"	"PF13353"	"4Fe-4S single cluster domain"	12	149	"9.8E-32"	"-"	"-"	""
"PPA2137"	780	"Pfam"	"PF13597"	"Anaerobic ribonucleoside-triphosphate reductase"	138	779	"0.0"	"IPR012833"	"Ribonucleoside-triphosphate reductase, anaerobic"	"GO:0006260|GO:0008998|GO:0016491"
"PPA2137"	780	"Pfam"	"PF03477"	"ATP cone domain"	21	109	"4.7E-21"	"IPR005144"	"ATP-cone domain"	"-"
"PPA2138"	153	"Pfam"	"PF01161"	"Phosphatidylethanolamine-binding protein"	20	150	"4.1E-35"	"IPR008914"	"Phosphatidylethanolamine-binding protein"	"-"
"PPA2139"	354	"Pfam"	"PF01083"	"Cutinase"	18	250	"1.2E-16"	"IPR000675"	"Cutinase/acetylxylan esterase"	"GO:0016787"
"PPA2142"	373	"Pfam"	"PF12146"	"Serine aminopeptidase, S33"	70	355	"2.0E-55"	"IPR022742"	"Serine aminopeptidase, S33"	"-"
"PPA2143"	497	"Pfam"	"PF01522"	"Polysaccharide deacetylase"	288	402	"1.2E-32"	"IPR002509"	"NodB homology domain"	"GO:0005975|GO:0016810"
"PPA2144"	286	"Pfam"	"PF09323"	"Domain of unknown function (DUF1980)"	12	100	"7.4E-6"	"IPR015402"	"Protein of unknown function DUF1980"	"-"
"PPA2145"	307	"Pfam"	"PF03773"	"Predicted permease"	10	300	"8.6E-45"	"IPR005524"	"Predicted permease DUF318"	"-"
"PPA2146"	461	"Pfam"	"PF01522"	"Polysaccharide deacetylase"	250	364	"4.4E-24"	"IPR002509"	"NodB homology domain"	"GO:0005975|GO:0016810"
"PPA2147"	643	"Pfam"	"PF03023"	"Lipid II flippase MurJ"	146	588	"5.2E-77"	"IPR004268"	"Peptidoglycan biosynthesis protein MurJ"	"-"
"PPA2148"	424	"Pfam"	"PF00696"	"Amino acid kinase family"	3	231	"4.2E-56"	"IPR001048"	"Aspartate/glutamate/uridylate kinase"	"-"
"PPA2148"	424	"Pfam"	"PF13840"	"ACT domain"	344	403	"1.0E-11"	"IPR027795"	"CASTOR,  ACT domain"	"-"
"PPA2149"	847	"Pfam"	"PF00912"	"Transglycosylase"	81	268	"3.8E-60"	"IPR001264"	"Glycosyl transferase, family 51"	"-"
"PPA2149"	847	"Pfam"	"PF00905"	"Penicillin binding protein transpeptidase domain"	371	640	"1.4E-21"	"IPR001460"	"Penicillin-binding protein, transpeptidase"	"GO:0008658"
"PPA2150"	342	"Pfam"	"PF12850"	"Calcineurin-like phosphoesterase superfamily domain"	89	273	"1.4E-7"	"IPR024654"	"Calcineurin-like phosphoesterase domain, lpxH-type"	"-"
"PPA2151"	222	"Pfam"	"PF01965"	"DJ-1/PfpI family"	47	219	"1.5E-47"	"IPR002818"	"DJ-1/PfpI"	"-"
"PPA2152"	555	"Pfam"	"PF00496"	"Bacterial extracellular solute-binding proteins, family 5 Middle"	95	476	"3.9E-46"	"IPR000914"	"Solute-binding protein family 5 domain"	"-"
"PPA2153"	307	"Pfam"	"PF00528"	"Binding-protein-dependent transport system inner membrane component"	113	305	"3.3E-39"	"IPR000515"	"ABC transporter type 1, transmembrane domain MetI-like"	"GO:0016020|GO:0055085"
"PPA2153"	307	"Pfam"	"PF19300"	"Binding-prot-dependent transport system membrane comp, N-term"	1	77	"4.3E-13"	"IPR045621"	"ABC transporter type 1, GsiC-like, N-terminal domain"	"-"
"PPA2154"	323	"Pfam"	"PF00528"	"Binding-protein-dependent transport system inner membrane component"	130	321	"1.2E-29"	"IPR000515"	"ABC transporter type 1, transmembrane domain MetI-like"	"GO:0016020|GO:0055085"
"PPA2154"	323	"Pfam"	"PF12911"	"N-terminal TM domain of oligopeptide transport permease C"	37	76	"1.4E-5"	"IPR025966"	"Oligopeptide transport permease C-like, N-terminal domain"	"-"
"PPA2155"	345	"Pfam"	"PF00005"	"ABC transporter"	41	199	"2.9E-24"	"IPR003439"	"ABC transporter-like, ATP-binding domain"	"GO:0005524"
"PPA2155"	345	"Pfam"	"PF08352"	"Oligopeptide/dipeptide transporter, C-terminal region"	251	315	"5.8E-20"	"IPR013563"	"Oligopeptide/dipeptide ABC transporter, C-terminal"	"GO:0000166|GO:0005524|GO:0015833"
"PPA2156"	353	"Pfam"	"PF08352"	"Oligopeptide/dipeptide transporter, C-terminal region"	244	311	"1.6E-15"	"IPR013563"	"Oligopeptide/dipeptide ABC transporter, C-terminal"	"GO:0000166|GO:0005524|GO:0015833"
"PPA2156"	353	"Pfam"	"PF00005"	"ABC transporter"	41	192	"1.5E-33"	"IPR003439"	"ABC transporter-like, ATP-binding domain"	"GO:0005524"
"PPA2157"	81	"Pfam"	"PF01197"	"Ribosomal protein L31"	1	79	"1.4E-31"	"IPR002150"	"Ribosomal protein L31"	"GO:0003735|GO:0005840|GO:0006412"
"PPA2158"	78	"Pfam"	"PF00830"	"Ribosomal L28 family"	3	61	"1.7E-24"	"IPR026569"	"Ribosomal protein L28/L24"	"GO:0003735"
"PPA2160"	56	"Pfam"	"PF00471"	"Ribosomal protein L33"	11	56	"2.7E-17"	"IPR001705"	"Ribosomal protein L33"	"GO:0003735|GO:0005840|GO:0006412"
"PPA2161"	101	"Pfam"	"PF00253"	"Ribosomal protein S14p/S29e"	47	100	"2.7E-23"	"IPR001209"	"Ribosomal protein S14"	"GO:0003735|GO:0005840|GO:0006412"
"PPA2162"	56	"Pfam"	"PF01783"	"Ribosomal L32p protein family"	2	47	"3.1E-12"	"IPR002677"	"Ribosomal protein L32p"	"GO:0003735|GO:0006412|GO:0015934"
"PPA2163"	121	"Pfam"	"PF00254"	"FKBP-type peptidyl-prolyl cis-trans isomerase"	27	117	"2.0E-30"	"IPR001179"	"FKBP-type peptidyl-prolyl cis-trans isomerase domain"	"GO:0003755"
"PPA2164"	656	"Pfam"	"PF00933"	"Glycosyl hydrolase family 3 N terminal domain"	64	354	"9.5E-72"	"IPR001764"	"Glycoside hydrolase, family 3, N-terminal"	"GO:0004553|GO:0005975"
"PPA2165"	137	"Pfam"	"PF17391"	"Urocanase N-terminal domain"	88	137	"9.7E-12"	"IPR035400"	"Urocanase, N-terminal domain"	"-"
"PPA2166"	512	"Pfam"	"PF01175"	"Urocanase Rossmann-like domain"	61	283	"6.0E-77"	"IPR035085"	"Urocanase, Rossmann-like domain"	"-"
"PPA2166"	512	"Pfam"	"PF17392"	"Urocanase C-terminal domain"	287	485	"1.5E-78"	"IPR035401"	"Urocanase, C-terminal domain"	"-"
"PPA2166"	512	"Pfam"	"PF17391"	"Urocanase N-terminal domain"	1	58	"8.0E-21"	"IPR035400"	"Urocanase, N-terminal domain"	"-"
"PPA2167"	398	"Pfam"	"PF01546"	"Peptidase family M20/M25/M40"	72	394	"1.4E-18"	"IPR002933"	"Peptidase M20"	"GO:0016787"
"PPA2167"	398	"Pfam"	"PF07687"	"Peptidase dimerisation domain"	211	305	"1.2E-6"	"IPR011650"	"Peptidase M20, dimerisation domain"	"-"
"PPA2168"	446	"Pfam"	"PF01979"	"Amidohydrolase family"	46	355	"2.9E-35"	"IPR006680"	"Amidohydrolase-related"	"GO:0016787"
"PPA2169"	396	"Pfam"	"PF01979"	"Amidohydrolase family"	61	358	"5.9E-19"	"IPR006680"	"Amidohydrolase-related"	"GO:0016787"
"PPA2170"	511	"Pfam"	"PF00221"	"Aromatic amino acid lyase"	12	472	"0.0"	"IPR001106"	"Aromatic amino acid lyase"	"-"
"PPA2172"	244	"Pfam"	"PF02146"	"Sir2 family"	21	196	"1.4E-48"	"IPR003000"	"Sirtuin family"	"GO:0070403"
"PPA2174"	415	"Pfam"	"PF00561"	"alpha/beta hydrolase fold"	49	180	"6.7E-16"	"IPR000073"	"Alpha/beta hydrolase fold-1"	"-"
"PPA2175"	343	"Pfam"	"PF08239"	"Bacterial SH3 domain"	79	128	"1.3E-8"	"IPR003646"	"SH3-like domain, bacterial-type"	"-"
"PPA2175"	343	"Pfam"	"PF01471"	"Putative peptidoglycan binding domain"	146	200	"1.3E-9"	"IPR002477"	"Peptidoglycan binding-like"	"-"
"PPA2175"	343	"Pfam"	"PF03330"	"Lytic transglycolase"	257	339	"2.1E-21"	"IPR009009"	"RlpA-like protein, double-psi beta-barrel domain"	"-"
"PPA2178"	187	"Pfam"	"PF13399"	"LytR cell envelope-related transcriptional attenuator"	65	146	"1.4E-10"	"IPR027381"	"LytR/CpsA/Psr regulator, C-terminal domain"	"-"
"PPA2179"	504	"Pfam"	"PF00999"	"Sodium/hydrogen exchanger family"	16	384	"3.9E-50"	"IPR006153"	"Cation/H+ exchanger"	"GO:0006812|GO:0015299|GO:0016021|GO:0055085"
"PPA2179"	504	"Pfam"	"PF02080"	"TrkA-C domain"	419	481	"3.8E-12"	"IPR006037"	"Regulator of K+ conductance, C-terminal"	"GO:0006813|GO:0008324"
"PPA2181"	455	"Pfam"	"PF13440"	"Polysaccharide biosynthesis protein"	67	358	"1.4E-10"	"-"	"-"	""
"PPA2182"	149	"Pfam"	"PF14437"	"MafB19-like deaminase"	1	116	"9.4E-28"	"IPR028883"	"tRNA-specific adenosine deaminase"	"GO:0002100|GO:0008251"
"PPA2184"	213	"Pfam"	"PF14681"	"Uracil phosphoribosyltransferase"	5	210	"7.1E-59"	"-"	"-"	""
"PPA2185"	247	"Pfam"	"PF01575"	"MaoC like domain"	143	242	"5.3E-7"	"IPR002539"	"MaoC-like dehydratase domain"	"-"
"PPA2186"	173	"Pfam"	"PF04073"	"Aminoacyl-tRNA editing domain"	38	159	"1.8E-18"	"IPR007214"	"YbaK/aminoacyl-tRNA synthetase-associated domain"	"GO:0002161"
"PPA2187"	651	"Pfam"	"PF02705"	"K+ potassium transporter"	32	568	"0.0"	"IPR003855"	"Potassium transporter"	"GO:0015079|GO:0016020|GO:0071805"
"PPA2188"	233	"Pfam"	"PF00117"	"Glutamine amidotransferase class-I"	27	179	"7.4E-18"	"IPR017926"	"Glutamine amidotransferase"	"-"
"PPA2189"	108	"Pfam"	"PF13396"	"Phospholipase_D-nuclease N-terminal"	67	106	"2.8E-7"	"IPR027379"	"Cardiolipin synthase N-terminal"	"-"
"PPA2190"	617	"Pfam"	"PF03816"	"LytR_cpsA_psr family"	293	475	"4.6E-22"	"IPR004474"	"Cell envelope-related transcriptional attenuator domain"	"-"
"PPA2191"	336	"Pfam"	"PF13377"	"Periplasmic binding protein-like domain"	177	331	"6.1E-30"	"IPR046335"	"Transcriptional regulator LacI/GalR-like, sensor domain"	"-"
"PPA2191"	336	"Pfam"	"PF00356"	"Bacterial regulatory proteins, lacI family"	14	58	"5.2E-17"	"IPR000843"	"LacI-type HTH domain"	"GO:0003677|GO:0006355"
"PPA2192"	411	"Pfam"	"PF00288"	"GHMP kinases N terminal domain"	142	207	"6.2E-13"	"IPR006204"	"GHMP kinase N-terminal domain"	"GO:0005524"
"PPA2192"	411	"Pfam"	"PF10509"	"Galactokinase galactose-binding signature"	34	81	"1.2E-20"	"IPR019539"	"Galactokinase, N-terminal  domain"	"-"
"PPA2192"	411	"Pfam"	"PF08544"	"GHMP kinases C terminal"	309	389	"5.7E-17"	"IPR013750"	"GHMP kinase, C-terminal domain"	"-"
"PPA2193"	649	"Pfam"	"PF00474"	"Sodium:solute symporter family"	121	550	"2.4E-43"	"IPR001734"	"Sodium/solute symporter"	"GO:0016020|GO:0022857|GO:0055085"
"PPA2200"	333	"Pfam"	"PF08240"	"Alcohol dehydrogenase GroES-like domain"	37	97	"2.8E-8"	"IPR013154"	"Alcohol dehydrogenase, N-terminal"	"-"
"PPA2200"	333	"Pfam"	"PF00107"	"Zinc-binding dehydrogenase"	160	271	"9.8E-25"	"IPR013149"	"Alcohol dehydrogenase-like, C-terminal"	"-"
"PPA2201"	474	"Pfam"	"PF00764"	"Arginosuccinate synthase"	19	411	"4.5E-58"	"IPR001518"	"Argininosuccinate synthase"	"GO:0004055|GO:0005524|GO:0006526"
"PPA2202"	402	"Pfam"	"PF07690"	"Major Facilitator Superfamily"	17	279	"4.9E-17"	"IPR011701"	"Major facilitator superfamily"	"GO:0022857|GO:0055085"
"PPA2203"	719	"Pfam"	"PF00999"	"Sodium/hydrogen exchanger family"	3	409	"2.0E-29"	"IPR006153"	"Cation/H+ exchanger"	"GO:0006812|GO:0015299|GO:0016021|GO:0055085"
"PPA2204"	185	"Pfam"	"PF04545"	"Sigma-70, region 4"	110	147	"7.0E-6"	"IPR007630"	"RNA polymerase sigma-70 region 4"	"GO:0003700|GO:0006352|GO:0006355"
"PPA2204"	185	"Pfam"	"PF02467"	"Transcription factor WhiB"	38	80	"3.9E-8"	"IPR034768"	"WhiB-like  iron-sulfur binding domain"	"-"
"PPA2205"	257	"Pfam"	"PF08282"	"haloacid dehalogenase-like hydrolase"	8	250	"2.8E-39"	"-"	"-"	""
"PPA2206"	118	"Pfam"	"PF00005"	"ABC transporter"	32	97	"2.6E-13"	"IPR003439"	"ABC transporter-like, ATP-binding domain"	"GO:0005524"
"PPA2207"	295	"Pfam"	"PF01061"	"ABC-2 type transporter"	63	258	"4.5E-16"	"IPR013525"	"ABC-2 type transporter"	"GO:0016020|GO:0140359"
"PPA2208"	288	"Pfam"	"PF01381"	"Helix-turn-helix"	110	161	"1.8E-8"	"IPR001387"	"Cro/C1-type helix-turn-helix domain"	"-"
"PPA2208"	288	"Pfam"	"PF07883"	"Cupin domain"	210	279	"1.1E-13"	"IPR013096"	"Cupin 2, conserved barrel"	"-"
"PPA2209"	246	"Pfam"	"PF03483"	"B3/4 domain"	78	215	"5.0E-16"	"IPR005146"	"B3/B4 tRNA-binding domain"	"GO:0003723|GO:0004826"
"PPA2211"	495	"Pfam"	"PF02133"	"Permease for cytosine/purines, uracil, thiamine, allantoin"	36	458	"5.1E-50"	"IPR001248"	"Purine-cytosine permease"	"GO:0016020|GO:0022857|GO:0055085"
"PPA2212"	449	"Pfam"	"PF01494"	"FAD binding domain"	25	205	"3.0E-12"	"IPR002938"	"FAD-binding domain"	"GO:0071949"
"PPA2213"	292	"Pfam"	"PF00766"	"Electron transfer flavoprotein FAD-binding domain"	170	251	"1.9E-27"	"IPR014731"	"Electron transfer flavoprotein, alpha subunit, C-terminal"	"-"
"PPA2214"	253	"Pfam"	"PF01012"	"Electron transfer flavoprotein domain"	31	207	"6.9E-21"	"IPR014730"	"Electron transfer flavoprotein, alpha/beta-subunit, N-terminal"	"-"
"PPA2215"	388	"Pfam"	"PF02515"	"CoA-transferase family III"	6	372	"2.0E-123"	"IPR003673"	"CoA-transferase family III"	"GO:0003824"
"PPA2216"	382	"Pfam"	"PF00441"	"Acyl-CoA dehydrogenase, C-terminal domain"	228	377	"2.5E-46"	"IPR009075"	"Acyl-CoA dehydrogenase/oxidase C-terminal"	"GO:0016627"
"PPA2216"	382	"Pfam"	"PF02770"	"Acyl-CoA dehydrogenase, middle domain"	121	215	"8.8E-23"	"IPR006091"	"Acyl-CoA oxidase/dehydrogenase, middle domain"	"GO:0016627"
"PPA2216"	382	"Pfam"	"PF02771"	"Acyl-CoA dehydrogenase, N-terminal domain"	6	117	"2.1E-32"	"IPR013786"	"Acyl-CoA dehydrogenase/oxidase, N-terminal"	"GO:0016627|GO:0050660"
"PPA2217"	254	"Pfam"	"PF01614"	"Bacterial transcriptional regulator"	127	249	"6.4E-13"	"IPR014757"	"Transcription regulator IclR, C-terminal"	"-"
"PPA2217"	254	"Pfam"	"PF09339"	"IclR helix-turn-helix domain"	12	58	"7.4E-11"	"IPR005471"	"Transcription regulator IclR, N-terminal"	"GO:0003677|GO:0006355"
"PPA2218"	441	"Pfam"	"PF16268"	"Domain of unknown function (DUF4921)"	10	435	"0.0"	"IPR032576"	"Domain of unknown function DUF4921"	"-"
"PPA2219"	424	"Pfam"	"PF02403"	"Seryl-tRNA synthetase N-terminal domain"	1	106	"1.9E-24"	"IPR015866"	"Serine-tRNA synthetase, type1, N-terminal"	"-"
"PPA2219"	424	"Pfam"	"PF00587"	"tRNA synthetase class II core domain (G, H, P, S and T)"	222	397	"1.3E-21"	"IPR002314"	"Aminoacyl-tRNA synthetase, class II (G/ P/ S/T)"	"GO:0000166|GO:0004812|GO:0005524|GO:0006418"
"PPA2220"	272	"Pfam"	"PF09557"	"Domain of unknown function (DUF2382)"	158	265	"3.3E-30"	"IPR019060"	"Domain of unknown function DUF2382"	"-"
"PPA2220"	272	"Pfam"	"PF05239"	"PRC-barrel domain"	14	79	"7.2E-9"	"IPR027275"	"PRC-barrel domain"	"-"
"PPA2221"	243	"Pfam"	"PF03588"	"Leucyl/phenylalanyl-tRNA protein transferase"	28	201	"4.3E-49"	"IPR004616"	"Leucyl/phenylalanyl-tRNA-protein transferase"	"GO:0008914|GO:0030163"
"PPA2223"	124	"Pfam"	"PF04954"	"Siderophore-interacting protein"	2	101	"5.1E-17"	"IPR007037"	"Siderophore-interacting protein, C-terminal domain"	"-"
"PPA2224"	284	"Pfam"	"PF02673"	"Bacitracin resistance protein BacA"	6	272	"1.3E-80"	"IPR003824"	"Undecaprenyl-diphosphatase UppP"	"GO:0016020|GO:0016311|GO:0050380"
"PPA2225"	172	"Pfam"	"PF00210"	"Ferritin-like domain"	9	145	"1.1E-32"	"IPR008331"	"Ferritin/DPS protein domain"	"GO:0008199"
"PPA2227"	149	"Pfam"	"PF03948"	"Ribosomal protein L9, C-terminal domain"	63	145	"1.2E-23"	"IPR020069"	"Ribosomal protein L9, C-terminal"	"-"
"PPA2227"	149	"Pfam"	"PF01281"	"Ribosomal protein L9, N-terminal domain"	1	46	"7.6E-19"	"IPR020070"	"Ribosomal protein L9, N-terminal"	"-"
"PPA2228"	79	"Pfam"	"PF01084"	"Ribosomal protein S18"	24	72	"7.3E-23"	"IPR001648"	"Ribosomal protein S18"	"GO:0003735|GO:0005840|GO:0006412"
"PPA2229"	184	"Pfam"	"PF00436"	"Single-strand binding protein family"	7	105	"4.2E-30"	"IPR000424"	"Primosome PriB/single-strand DNA-binding"	"GO:0003697"
"PPA2230"	96	"Pfam"	"PF01250"	"Ribosomal protein S6"	3	92	"5.6E-30"	"IPR000529"	"Ribosomal protein S6"	"GO:0003735|GO:0005840|GO:0006412|GO:0019843"
"PPA2231"	120	"Pfam"	"PF00581"	"Rhodanese-like domain"	15	106	"3.4E-10"	"IPR001763"	"Rhodanese-like domain"	"-"
"PPA2232"	153	"Pfam"	"PF00359"	"Phosphoenolpyruvate-dependent sugar phosphotransferase system, EIIA 2"	7	149	"3.6E-37"	"IPR002178"	"PTS EIIA type-2 domain"	"-"
"PPA2233"	519	"Pfam"	"PF02378"	"Phosphotransferase system, EIIC"	166	450	"5.8E-19"	"IPR003352"	"Phosphotransferase system, EIIC"	"GO:0008982|GO:0009401|GO:0016020"
"PPA2233"	519	"Pfam"	"PF02302"	"PTS system, Lactose/Cellobiose specific IIB subunit"	31	120	"7.0E-20"	"IPR003501"	"Phosphotransferase system, EIIB component, type 2/3"	"GO:0008982|GO:0009401"
"PPA2234"	644	"Pfam"	"PF00501"	"AMP-binding enzyme"	40	498	"3.4E-92"	"IPR000873"	"AMP-dependent synthetase/ligase"	"-"
"PPA2235"	251	"Pfam"	"PF01261"	"Xylose isomerase-like TIM barrel"	17	223	"2.4E-27"	"IPR013022"	"Xylose isomerase-like, TIM barrel domain"	"-"
"PPA2236"	269	"Pfam"	"PF00106"	"short chain dehydrogenase"	5	190	"3.9E-38"	"IPR002347"	"Short-chain dehydrogenase/reductase SDR"	"-"
"PPA2237"	283	"Pfam"	"PF01553"	"Acyltransferase"	40	178	"3.1E-19"	"IPR002123"	"Phospholipid/glycerol acyltransferase"	"GO:0016746"
"PPA2238"	160	"Pfam"	"PF06445"	"GyrI-like small molecule binding domain"	5	159	"2.3E-6"	"IPR029442"	"GyrI-like small molecule binding domain"	"-"
"PPA2239"	397	"Pfam"	"PF07501"	"G5 domain"	204	275	"4.8E-20"	"IPR011098"	"G5 domain"	"-"
"PPA2239"	397	"Pfam"	"PF03330"	"Lytic transglycolase"	310	396	"3.5E-20"	"IPR009009"	"RlpA-like protein, double-psi beta-barrel domain"	"-"
"PPA2239"	397	"Pfam"	"PF03990"	"G5-linked-Ubiquitin-like domain"	89	127	"1.8E-6"	"IPR007137"	"Resuscitation-promoting factor, domain of unknown function DUF348"	"-"
"PPA2239"	397	"Pfam"	"PF03990"	"G5-linked-Ubiquitin-like domain"	32	72	"3.9E-11"	"IPR007137"	"Resuscitation-promoting factor, domain of unknown function DUF348"	"-"
"PPA2239"	397	"Pfam"	"PF03990"	"G5-linked-Ubiquitin-like domain"	146	184	"7.3E-8"	"IPR007137"	"Resuscitation-promoting factor, domain of unknown function DUF348"	"-"
"PPA2240"	752	"Pfam"	"PF00122"	"E1-E2 ATPase"	245	421	"3.8E-54"	"-"	"-"	""
"PPA2240"	752	"Pfam"	"PF00403"	"Heavy-metal-associated domain"	25	81	"1.6E-7"	"IPR006121"	"Heavy metal-associated domain, HMA"	"GO:0046872"
"PPA2240"	752	"Pfam"	"PF00702"	"haloacid dehalogenase-like hydrolase"	438	653	"2.0E-43"	"-"	"-"	""
"PPA2242"	130	"Pfam"	"PF00403"	"Heavy-metal-associated domain"	4	62	"2.8E-14"	"IPR006121"	"Heavy metal-associated domain, HMA"	"GO:0046872"
"PPA2243"	132	"Pfam"	"PF02583"	"Metal-sensitive transcriptional repressor"	47	127	"5.3E-30"	"IPR003735"	"Metal-sensitive transcriptional repressor"	"GO:0003677|GO:0006355|GO:0046872"
"PPA2244"	448	"Pfam"	"PF03796"	"DnaB-like helicase C terminal domain"	191	444	"2.5E-105"	"IPR007694"	"DNA helicase, DnaB-like, C-terminal"	"GO:0003678|GO:0005524|GO:0006260"
"PPA2244"	448	"Pfam"	"PF00772"	"DnaB-like helicase N terminal domain"	16	117	"1.3E-30"	"IPR007693"	"DNA helicase, DnaB-like, N-terminal"	"GO:0003678|GO:0005524|GO:0006260"
"PPA2245"	333	"Pfam"	"PF08240"	"Alcohol dehydrogenase GroES-like domain"	30	88	"4.7E-6"	"IPR013154"	"Alcohol dehydrogenase, N-terminal"	"-"
"PPA2245"	333	"Pfam"	"PF13602"	"Zinc-binding dehydrogenase"	194	331	"7.0E-13"	"-"	"-"	""
"PPA2247"	191	"Pfam"	"PF02245"	"Methylpurine-DNA glycosylase (MPG)"	5	183	"1.1E-58"	"IPR003180"	"Methylpurine-DNA glycosylase"	"GO:0003677|GO:0003905|GO:0006284"
"PPA2248"	416	"Pfam"	"PF02754"	"Cysteine-rich domain"	175	256	"1.6E-5"	"IPR004017"	"Cysteine-rich domain"	"-"
"PPA2248"	416	"Pfam"	"PF02754"	"Cysteine-rich domain"	307	389	"5.3E-4"	"IPR004017"	"Cysteine-rich domain"	"-"
"PPA2248"	416	"Pfam"	"PF13183"	"4Fe-4S dicluster domain"	18	80	"6.4E-8"	"IPR017896"	"4Fe-4S ferredoxin-type, iron-sulphur binding domain"	"-"
"PPA2249"	447	"Pfam"	"PF00890"	"FAD binding domain"	21	420	"3.1E-45"	"IPR003953"	"FAD-dependent oxidoreductase 2, FAD binding domain"	"-"
"PPA2250"	544	"Pfam"	"PF01266"	"FAD dependent oxidoreductase"	7	356	"2.6E-43"	"IPR006076"	"FAD dependent oxidoreductase"	"GO:0016491"
"PPA2251"	321	"Pfam"	"PF00389"	"D-isomer specific 2-hydroxyacid dehydrogenase, catalytic domain"	23	320	"5.2E-27"	"IPR006139"	"D-isomer specific 2-hydroxyacid dehydrogenase, catalytic domain"	"GO:0016616|GO:0051287"
"PPA2251"	321	"Pfam"	"PF02826"	"D-isomer specific 2-hydroxyacid dehydrogenase, NAD binding domain"	106	289	"3.3E-61"	"IPR006140"	"D-isomer specific 2-hydroxyacid dehydrogenase, NAD-binding domain"	"GO:0051287"
"PPA2252"	174	"Pfam"	"PF01047"	"MarR family"	50	105	"7.0E-12"	"IPR000835"	"MarR-type HTH domain"	"GO:0003700|GO:0006355"
"PPA2253"	575	"Pfam"	"PF00654"	"Voltage gated chloride channel"	106	451	"5.0E-75"	"IPR001807"	"Chloride channel, voltage gated"	"GO:0005247|GO:0006821|GO:0016020|GO:0055085"
"PPA2254"	468	"Pfam"	"PF00324"	"Amino acid permease"	26	450	"1.7E-91"	"IPR004841"	"Amino acid permease/ SLC12A domain"	"GO:0016020|GO:0055085"
"PPA2256"	177	"Pfam"	"PF12802"	"MarR family"	54	113	"2.3E-9"	"IPR000835"	"MarR-type HTH domain"	"GO:0003700|GO:0006355"
"PPA2257"	394	"Pfam"	"PF00149"	"Calcineurin-like phosphoesterase"	3	107	"1.0E-11"	"IPR004843"	"Calcineurin-like phosphoesterase domain, ApaH type"	"GO:0016787"
"PPA2258"	868	"Pfam"	"PF13175"	"AAA ATPase domain"	1	379	"5.3E-12"	"IPR041685"	"AAA domain, group 15"	"-"
"PPA2259"	448	"Pfam"	"PF01554"	"MatE"	25	184	"6.1E-31"	"IPR002528"	"Multi antimicrobial extrusion protein"	"GO:0015297|GO:0016020|GO:0042910|GO:0055085"
"PPA2259"	448	"Pfam"	"PF01554"	"MatE"	253	402	"7.8E-17"	"IPR002528"	"Multi antimicrobial extrusion protein"	"GO:0015297|GO:0016020|GO:0042910|GO:0055085"
"PPA2260"	215	"Pfam"	"PF00440"	"Bacterial regulatory proteins, tetR family"	25	69	"1.4E-7"	"IPR001647"	"DNA-binding HTH domain, TetR-type"	"GO:0003677"
"PPA2260"	215	"Pfam"	"PF13305"	"Tetracyclin repressor-like, C-terminal domain"	101	202	"8.0E-14"	"IPR025996"	"Tetracyclin repressor-like, C-terminal domain (WHG)"	"-"
"PPA2261"	290	"Pfam"	"PF01063"	"Amino-transferase class IV"	36	267	"3.2E-34"	"IPR001544"	"Aminotransferase class IV"	"GO:0003824"
"PPA2262"	162	"Pfam"	"PF04073"	"Aminoacyl-tRNA editing domain"	38	150	"4.3E-24"	"IPR007214"	"YbaK/aminoacyl-tRNA synthetase-associated domain"	"GO:0002161"
"PPA2265"	206	"Pfam"	"PF03734"	"L,D-transpeptidase catalytic domain"	89	205	"2.7E-12"	"IPR005490"	"L,D-transpeptidase catalytic domain"	"GO:0016740"
"PPA2266"	689	"Pfam"	"PF00795"	"Carbon-nitrogen hydrolase"	15	291	"5.2E-15"	"IPR003010"	"Carbon-nitrogen hydrolase"	"GO:0006807"
"PPA2266"	689	"Pfam"	"PF02540"	"NAD synthase"	357	529	"3.4E-23"	"IPR022310"	"NAD/GMP synthase"	"-"
"PPA2267"	748	"Pfam"	"PF00365"	"Phosphofructokinase"	14	319	"1.3E-108"	"IPR000023"	"Phosphofructokinase domain"	"GO:0003872|GO:0006096"
"PPA2267"	748	"Pfam"	"PF00365"	"Phosphofructokinase"	403	688	"1.2E-90"	"IPR000023"	"Phosphofructokinase domain"	"GO:0003872|GO:0006096"
"PPA2268"	370	"Pfam"	"PF05222"	"Alanine dehydrogenase/PNT, N-terminal domain"	4	137	"5.1E-43"	"IPR007886"	"Alanine dehydrogenase/pyridine nucleotide transhydrogenase, N-terminal"	"-"
"PPA2268"	370	"Pfam"	"PF01262"	"Alanine dehydrogenase/PNT, C-terminal domain"	141	351	"1.7E-69"	"IPR007698"	"Alanine dehydrogenase/pyridine nucleotide transhydrogenase, NAD(H)-binding domain"	"-"
"PPA2269"	499	"Pfam"	"PF00324"	"Amino acid permease"	31	455	"6.0E-103"	"IPR004841"	"Amino acid permease/ SLC12A domain"	"GO:0016020|GO:0055085"
"PPA2270"	427	"Pfam"	"PF03734"	"L,D-transpeptidase catalytic domain"	273	397	"1.5E-16"	"IPR005490"	"L,D-transpeptidase catalytic domain"	"GO:0016740"
"PPA2270"	427	"Pfam"	"PF17964"	"Bacterial Ig domain"	88	269	"4.2E-39"	"IPR041280"	"Bacterial Ig domain, transpeptidase-associated"	"-"
"PPA2271"	498	"Pfam"	"PF08239"	"Bacterial SH3 domain"	310	360	"1.5E-8"	"IPR003646"	"SH3-like domain, bacterial-type"	"-"
"PPA2271"	498	"Pfam"	"PF08239"	"Bacterial SH3 domain"	131	181	"4.1E-9"	"IPR003646"	"SH3-like domain, bacterial-type"	"-"
"PPA2271"	498	"Pfam"	"PF08239"	"Bacterial SH3 domain"	220	271	"7.6E-13"	"IPR003646"	"SH3-like domain, bacterial-type"	"-"
"PPA2271"	498	"Pfam"	"PF08239"	"Bacterial SH3 domain"	57	107	"1.6E-9"	"IPR003646"	"SH3-like domain, bacterial-type"	"-"
"PPA2271"	498	"Pfam"	"PF03330"	"Lytic transglycolase"	411	494	"4.5E-23"	"IPR009009"	"RlpA-like protein, double-psi beta-barrel domain"	"-"
"PPA2272"	428	"Pfam"	"PF00285"	"Citrate synthase, C-terminal domain"	45	410	"0.0"	"IPR002020"	"Citrate synthase"	"GO:0046912"
"PPA2273"	341	"Pfam"	"PF00962"	"Adenosine deaminase"	10	337	"8.5E-83"	"IPR001365"	"Adenosine deaminase domain"	"GO:0019239"
"PPA2274"	370	"Pfam"	"PF05222"	"Alanine dehydrogenase/PNT, N-terminal domain"	4	137	"5.1E-43"	"IPR007886"	"Alanine dehydrogenase/pyridine nucleotide transhydrogenase, N-terminal"	"-"
"PPA2274"	370	"Pfam"	"PF01262"	"Alanine dehydrogenase/PNT, C-terminal domain"	141	351	"1.7E-69"	"IPR007698"	"Alanine dehydrogenase/pyridine nucleotide transhydrogenase, NAD(H)-binding domain"	"-"
"PPA2275"	335	"Pfam"	"PF01037"	"Lrp/AsnC ligand binding domain"	64	134	"1.7E-10"	"IPR019887"	"Transcription regulator AsnC/Lrp, ligand binding domain"	"-"
"PPA2275"	335	"Pfam"	"PF13404"	"AsnC-type helix-turn-helix domain"	4	42	"1.1E-12"	"IPR000485"	"AsnC-type HTH domain"	"GO:0043565"
"PPA2275"	335	"Pfam"	"PF13404"	"AsnC-type helix-turn-helix domain"	169	208	"2.3E-7"	"IPR000485"	"AsnC-type HTH domain"	"GO:0043565"
"PPA2276"	347	"Pfam"	"PF01113"	"Dihydrodipicolinate reductase, N-terminus"	8	87	"2.1E-10"	"IPR000846"	"Dihydrodipicolinate reductase, N-terminal"	"GO:0008839|GO:0009089"
"PPA2276"	347	"Pfam"	"PF19328"	"2,4-diaminopentanoate dehydrogenase C-terminal domain"	143	341	"6.2E-87"	"IPR045760"	"2,4-diaminopentanoate dehydrogenase, C-terminal domain"	"-"
"PPA2278"	473	"Pfam"	"PF00291"	"Pyridoxal-phosphate dependent enzyme"	58	364	"2.2E-42"	"IPR001926"	"Pyridoxal-phosphate dependent enzyme"	"-"
"PPA2279"	140	"Pfam"	"PF16552"	"D-ornithine 4,5-aminomutase alpha-subunit"	8	112	"2.8E-39"	"IPR015130"	"D-Lysine 5,6-aminomutase alpha subunit"	"-"
"PPA2280"	772	"Pfam"	"PF02310"	"B12 binding domain"	637	757	"5.5E-13"	"IPR006158"	"Cobalamin (vitamin B12)-binding domain"	"GO:0031419|GO:0046872"
"PPA2280"	772	"Pfam"	"PF16554"	"Dimerisation domain of d-ornithine 4,5-aminomutase"	540	617	"2.4E-21"	"IPR028991"	"D-lysine 5,6-aminomutase beta subunit KamE, N-terminal"	"GO:0046983"
"PPA2280"	772	"Pfam"	"PF09043"	"D-Lysine 5,6-aminomutase TIM-barrel domain of alpha subunit"	101	483	"4.1E-36"	"IPR015130"	"D-Lysine 5,6-aminomutase alpha subunit"	"-"
"PPA2281"	476	"Pfam"	"PF13941"	"MutL protein"	6	433	"0.0"	"IPR006230"	"Protein MutL"	"-"
"PPA2282"	362	"Pfam"	"PF01168"	"Alanine racemase, N-terminal domain"	12	227	"3.8E-23"	"IPR001608"	"Alanine racemase, N-terminal"	"-"
"PPA2283"	491	"Pfam"	"PF00324"	"Amino acid permease"	47	485	"1.2E-101"	"IPR004841"	"Amino acid permease/ SLC12A domain"	"GO:0016020|GO:0055085"
"PPA2284"	504	"Pfam"	"PF00324"	"Amino acid permease"	51	483	"3.4E-100"	"IPR004841"	"Amino acid permease/ SLC12A domain"	"GO:0016020|GO:0055085"
"PPA2285"	375	"Pfam"	"PF00842"	"Alanine racemase, C-terminal domain"	246	371	"8.1E-47"	"IPR011079"	"Alanine racemase, C-terminal"	"-"
"PPA2285"	375	"Pfam"	"PF01168"	"Alanine racemase, N-terminal domain"	12	233	"2.6E-56"	"IPR001608"	"Alanine racemase, N-terminal"	"-"
"PPA2286"	474	"Pfam"	"PF02878"	"Phosphoglucomutase/phosphomannomutase, alpha/beta/alpha domain I"	5	139	"4.2E-36"	"IPR005844"	"Alpha-D-phosphohexomutase, alpha/beta/alpha domain I"	"GO:0005975|GO:0016868"
"PPA2286"	474	"Pfam"	"PF02879"	"Phosphoglucomutase/phosphomannomutase, alpha/beta/alpha domain II"	166	265	"6.3E-24"	"IPR005845"	"Alpha-D-phosphohexomutase, alpha/beta/alpha domain II"	"GO:0005975"
"PPA2286"	474	"Pfam"	"PF02880"	"Phosphoglucomutase/phosphomannomutase, alpha/beta/alpha domain III"	270	381	"8.9E-29"	"IPR005846"	"Alpha-D-phosphohexomutase, alpha/beta/alpha domain III"	"GO:0005975|GO:0016868"
"PPA2286"	474	"Pfam"	"PF00408"	"Phosphoglucomutase/phosphomannomutase, C-terminal domain"	419	457	"2.3E-8"	"IPR005843"	"Alpha-D-phosphohexomutase, C-terminal"	"GO:0016868|GO:0071704"
"PPA2287"	396	"Pfam"	"PF08544"	"GHMP kinases C terminal"	292	361	"3.4E-7"	"IPR013750"	"GHMP kinase, C-terminal domain"	"-"
"PPA2287"	396	"Pfam"	"PF00288"	"GHMP kinases N terminal domain"	92	141	"1.8E-7"	"IPR006204"	"GHMP kinase N-terminal domain"	"GO:0005524"
"PPA2287"	396	"Pfam"	"PF10509"	"Galactokinase galactose-binding signature"	4	38	"2.5E-10"	"IPR019539"	"Galactokinase, N-terminal  domain"	"-"
"PPA2288"	278	"Pfam"	"PF00483"	"Nucleotidyl transferase"	14	245	"5.5E-19"	"IPR005835"	"Nucleotidyl transferase domain"	"GO:0009058|GO:0016779"
"PPA2291"	288	"Pfam"	"PF04480"	"Protein of unknown function (DUF559)"	167	269	"1.6E-7"	"IPR007569"	"Domain of unknown function DUF559"	"-"
"PPA2292"	468	"Pfam"	"PF00206"	"Lyase"	12	344	"8.8E-110"	"IPR022761"	"Fumarate lyase, N-terminal"	"-"
"PPA2292"	468	"Pfam"	"PF10415"	"Fumarase C C-terminus"	411	463	"1.6E-19"	"IPR018951"	"Fumarase C, C-terminal"	"GO:0006099|GO:0016829"
"PPA2293"	303	"Pfam"	"PF00528"	"Binding-protein-dependent transport system inner membrane component"	115	293	"1.3E-16"	"IPR000515"	"ABC transporter type 1, transmembrane domain MetI-like"	"GO:0016020|GO:0055085"
"PPA2294"	302	"Pfam"	"PF00528"	"Binding-protein-dependent transport system inner membrane component"	119	300	"4.7E-13"	"IPR000515"	"ABC transporter type 1, transmembrane domain MetI-like"	"GO:0016020|GO:0055085"
"PPA2295"	444	"Pfam"	"PF01547"	"Bacterial extracellular solute-binding protein"	69	344	"4.7E-23"	"IPR006059"	"Bacterial extracellular solute-binding protein"	"-"
"PPA2296"	335	"Pfam"	"PF00356"	"Bacterial regulatory proteins, lacI family"	9	54	"3.3E-15"	"IPR000843"	"LacI-type HTH domain"	"GO:0003677|GO:0006355"
"PPA2296"	335	"Pfam"	"PF13377"	"Periplasmic binding protein-like domain"	179	334	"1.1E-28"	"IPR046335"	"Transcriptional regulator LacI/GalR-like, sensor domain"	"-"
"PPA2297"	230	"Pfam"	"PF05076"	"Suppressor of fused protein (SUFU)"	70	226	"3.9E-23"	"IPR020941"	"Suppressor of fused-like domain"	"-"
"PPA2298"	285	"Pfam"	"PF00924"	"Mechanosensitive ion channel"	89	282	"8.6E-35"	"IPR006685"	"Mechanosensitive ion channel MscS"	"GO:0016020|GO:0055085"
"PPA2299"	402	"Pfam"	"PF02595"	"Glycerate kinase family"	30	397	"8.1E-112"	"IPR004381"	"Glycerate kinase"	"GO:0008887|GO:0031388"
"PPA2301"	507	"Pfam"	"PF01743"	"Poly A polymerase head domain"	67	191	"1.3E-30"	"IPR002646"	"Poly A polymerase, head domain"	"GO:0003723|GO:0006396|GO:0016779"
"PPA2301"	507	"Pfam"	"PF01966"	"HD domain"	293	418	"8.0E-15"	"IPR006674"	"HD domain"	"-"
"PPA2301"	507	"Pfam"	"PF12627"	"Probable RNA and SrmB- binding site of polymerase A"	218	278	"4.1E-19"	"IPR032828"	"tRNA nucleotidyltransferase/poly(A) polymerase, RNA and SrmB- binding domain"	"-"
"PPA2302"	713	"Pfam"	"PF19516"	"Family of unknown function (DUF6049)"	478	650	"3.3E-12"	"IPR046112"	"Protein of unknown function DUF6049"	"-"
"PPA2304"	515	"Pfam"	"PF02782"	"FGGY family of carbohydrate kinases, C-terminal domain"	272	463	"6.5E-62"	"IPR018485"	"Carbohydrate kinase, FGGY, C-terminal"	"GO:0005975|GO:0016773"
"PPA2304"	515	"Pfam"	"PF00370"	"FGGY family of carbohydrate kinases, N-terminal domain"	15	263	"2.2E-78"	"IPR018484"	"Carbohydrate kinase, FGGY, N-terminal"	"GO:0005975|GO:0016773"
"PPA2305"	250	"Pfam"	"PF00230"	"Major intrinsic protein"	15	246	"6.0E-37"	"IPR000425"	"Major intrinsic protein"	"GO:0015267|GO:0016020|GO:0055085"
"PPA2306"	315	"Pfam"	"PF13518"	"Helix-turn-helix domain"	14	48	"2.1E-6"	"-"	"-"	""
"PPA2306"	315	"Pfam"	"PF04198"	"Putative sugar-binding domain"	63	312	"1.1E-52"	"IPR007324"	"Sugar-binding domain, putative"	"GO:0030246"
"PPA2307"	479	"Pfam"	"PF13180"	"PDZ domain"	387	473	"2.0E-14"	"IPR001478"	"PDZ domain"	"GO:0005515"
"PPA2307"	479	"Pfam"	"PF13365"	"Trypsin-like peptidase domain"	187	342	"5.9E-30"	"-"	"-"	""
"PPA2309"	350	"Pfam"	"PF07992"	"Pyridine nucleotide-disulphide oxidoreductase"	45	334	"2.3E-44"	"IPR023753"	"FAD/NAD(P)-binding domain"	"GO:0016491"
"PPA2310"	295	"Pfam"	"PF00849"	"RNA pseudouridylate synthase"	85	238	"5.5E-19"	"IPR006145"	"Pseudouridine synthase, RsuA/RluA-like"	"GO:0001522|GO:0003723|GO:0009451|GO:0009982"
"PPA2311"	415	"Pfam"	"PF07690"	"Major Facilitator Superfamily"	258	408	"1.1E-15"	"IPR011701"	"Major facilitator superfamily"	"GO:0022857|GO:0055085"
"PPA2312"	309	"Pfam"	"PF07859"	"alpha/beta hydrolase fold"	78	283	"1.2E-53"	"IPR013094"	"Alpha/beta hydrolase fold-3"	"GO:0016787"
"PPA2313"	145	"Pfam"	"PF02566"	"OsmC-like protein"	33	136	"6.4E-13"	"IPR003718"	"OsmC/Ohr family"	"-"
"PPA2314"	159	"Pfam"	"PF00085"	"Thioredoxin"	55	155	"9.3E-29"	"IPR013766"	"Thioredoxin domain"	"-"
"PPA2315"	355	"Pfam"	"PF07479"	"NAD-dependent glycerol-3-phosphate dehydrogenase C-terminus"	187	314	"8.0E-18"	"IPR006109"	"Glycerol-3-phosphate dehydrogenase, NAD-dependent, C-terminal"	"GO:0004367|GO:0005975"
"PPA2315"	355	"Pfam"	"PF01210"	"NAD-dependent glycerol-3-phosphate dehydrogenase N-terminus"	4	165	"2.3E-16"	"IPR011128"	"Glycerol-3-phosphate dehydrogenase, NAD-dependent, N-terminal"	"GO:0016616|GO:0046168|GO:0051287"
"PPA2318"	687	"Pfam"	"PF02780"	"Transketolase, C-terminal domain"	570	677	"1.5E-14"	"IPR033248"	"Transketolase, C-terminal domain"	"-"
"PPA2318"	687	"Pfam"	"PF00456"	"Transketolase, thiamine diphosphate binding domain"	11	353	"2.0E-123"	"IPR005474"	"Transketolase, N-terminal"	"-"
"PPA2318"	687	"Pfam"	"PF02779"	"Transketolase, pyrimidine binding domain"	365	545	"2.3E-45"	"IPR005475"	"Transketolase-like, pyrimidine-binding domain"	"-"
"PPA2319"	587	"Pfam"	"PF00370"	"FGGY family of carbohydrate kinases, N-terminal domain"	23	296	"3.8E-11"	"IPR018484"	"Carbohydrate kinase, FGGY, N-terminal"	"GO:0005975|GO:0016773"
"PPA2319"	587	"Pfam"	"PF02782"	"FGGY family of carbohydrate kinases, C-terminal domain"	309	505	"6.5E-39"	"IPR018485"	"Carbohydrate kinase, FGGY, C-terminal"	"GO:0005975|GO:0016773"
"PPA2320"	454	"Pfam"	"PF13685"	"Iron-containing alcohol dehydrogenase"	20	289	"8.1E-54"	"IPR032837"	"Glycerol-1-phosphate dehydrogenase"	"-"
"PPA2321"	534	"Pfam"	"PF00370"	"FGGY family of carbohydrate kinases, N-terminal domain"	7	255	"1.6E-42"	"IPR018484"	"Carbohydrate kinase, FGGY, N-terminal"	"GO:0005975|GO:0016773"
"PPA2321"	534	"Pfam"	"PF02782"	"FGGY family of carbohydrate kinases, C-terminal domain"	268	460	"6.3E-38"	"IPR018485"	"Carbohydrate kinase, FGGY, C-terminal"	"GO:0005975|GO:0016773"
"PPA2322"	285	"Pfam"	"PF13242"	"HAD-hyrolase-like"	193	266	"1.4E-19"	"-"	"-"	""
"PPA2322"	285	"Pfam"	"PF13344"	"Haloacid dehalogenase-like hydrolase"	15	115	"2.2E-22"	"IPR006357"	"HAD-superfamily hydrolase, subfamily IIA"	"-"
"PPA2324"	160	"Pfam"	"PF02502"	"Ribose/Galactose Isomerase"	5	143	"6.3E-40"	"IPR003500"	"Sugar-phosphate isomerase, RpiB/LacA/LacB family"	"GO:0005975|GO:0016853"
"PPA2325"	172	"Pfam"	"PF00596"	"Class II Aldolase and Adducin N-terminal domain"	1	132	"3.5E-35"	"IPR001303"	"Class II aldolase/adducin N-terminal"	"-"
"PPA2326"	268	"Pfam"	"PF08220"	"DeoR-like helix-turn-helix domain"	15	67	"1.3E-12"	"IPR001034"	"DeoR-type HTH domain"	"GO:0003700|GO:0006355"
"PPA2326"	268	"Pfam"	"PF00455"	"DeoR C terminal sensor domain"	85	240	"4.2E-46"	"IPR014036"	"DeoR C-terminal sensor domain"	"-"
"PPA2327"	357	"Pfam"	"PF03786"	"D-mannonate dehydratase (UxuA)"	1	353	"0.0"	"IPR004628"	"Mannonate dehydratase"	"GO:0006064|GO:0008927"
"PPA2328"	529	"Pfam"	"PF08125"	"Mannitol dehydrogenase C-terminal domain"	235	468	"2.2E-30"	"IPR013118"	"Mannitol dehydrogenase, C-terminal"	"GO:0016491"
"PPA2328"	529	"Pfam"	"PF01232"	"Mannitol dehydrogenase Rossmann domain"	37	200	"1.3E-14"	"IPR013131"	"Mannitol dehydrogenase, N-terminal"	"GO:0016491"
"PPA2329"	470	"Pfam"	"PF02614"	"Glucuronate isomerase"	23	453	"2.7E-72"	"IPR003766"	"Uronate isomerase"	"GO:0006064|GO:0008880"
"PPA2330"	335	"Pfam"	"PF13377"	"Periplasmic binding protein-like domain"	174	334	"1.5E-27"	"IPR046335"	"Transcriptional regulator LacI/GalR-like, sensor domain"	"-"
"PPA2330"	335	"Pfam"	"PF00356"	"Bacterial regulatory proteins, lacI family"	12	55	"6.1E-15"	"IPR000843"	"LacI-type HTH domain"	"GO:0003677|GO:0006355"
"PPA2331"	474	"Pfam"	"PF13347"	"MFS/sugar transport protein"	26	452	"1.8E-89"	"-"	"-"	""
"PPA2332"	830	"Pfam"	"PF13802"	"Galactose mutarotase-like"	189	255	"2.2E-19"	"IPR025887"	"Glycoside hydrolase family 31, N-terminal domain"	"-"
"PPA2332"	830	"Pfam"	"PF01055"	"Glycosyl hydrolases family 31"	283	721	"1.8E-102"	"IPR000322"	"Glycoside hydrolase family 31"	"GO:0004553|GO:0005975"
"PPA2333"	593	"Pfam"	"PF02837"	"Glycosyl hydrolases family 2, sugar binding domain"	14	179	"2.7E-32"	"IPR006104"	"Glycosyl hydrolases family 2, sugar binding domain"	"GO:0004553|GO:0005975"
"PPA2333"	593	"Pfam"	"PF02836"	"Glycosyl hydrolases family 2, TIM barrel domain"	277	591	"1.8E-80"	"IPR006103"	"Glycoside hydrolase family 2, catalytic domain"	"GO:0004553|GO:0005975"
"PPA2333"	593	"Pfam"	"PF00703"	"Glycosyl hydrolases family 2"	181	274	"2.4E-12"	"IPR006102"	"Glycoside hydrolase, family 2, immunoglobulin-like beta-sandwich"	"GO:0004553|GO:0005975"
"PPA2335"	277	"Pfam"	"PF11575"	"FhuF 2Fe-2S C-terminal domain"	254	276	"3.4E-4"	"IPR024726"	"Ferric iron reductase, C-terminal"	"GO:0051537"
"PPA2337"	465	"Pfam"	"PF00155"	"Aminotransferase class I and II"	87	432	"2.3E-31"	"IPR004839"	"Aminotransferase, class I/classII"	"GO:0009058|GO:0030170"
"PPA2338"	327	"Pfam"	"PF07478"	"D-ala D-ala ligase C-terminus"	118	319	"4.0E-46"	"IPR011095"	"D-alanine--D-alanine ligase, C-terminal"	"GO:0008716"
"PPA2339"	244	"Pfam"	"PF02104"	"SURF1 family"	33	226	"3.4E-17"	"IPR002994"	"Surfeit locus 1/Shy1"	"GO:0016020"
"PPA2340"	190	"Pfam"	"PF12823"	"Domain of unknown function (DUF3817)"	83	167	"4.0E-24"	"IPR023845"	"Domain of unknown function DUF3817, transmembrane"	"-"
"PPA2341"	306	"Pfam"	"PF17762"	"HTH domain found in ParB protein"	189	239	"2.0E-17"	"IPR041468"	"ParB/Spo0J, HTH domain"	"-"
"PPA2341"	306	"Pfam"	"PF02195"	"ParB-like nuclease domain"	51	137	"2.8E-23"	"IPR003115"	"ParB/Sulfiredoxin"	"-"
"PPA2342"	328	"Pfam"	"PF13614"	"AAA domain"	52	229	"1.4E-56"	"IPR025669"	"AAA domain"	"-"
"PPA2344"	208	"Pfam"	"PF02527"	"rRNA small subunit methyltransferase G"	19	182	"1.5E-48"	"IPR003682"	"rRNA small subunit methyltransferase G"	"GO:0005737|GO:0006364|GO:0008649"
"PPA2346"	342	"Pfam"	"PF01168"	"Alanine racemase, N-terminal domain"	6	159	"3.2E-20"	"IPR001608"	"Alanine racemase, N-terminal"	"-"
"PPA2347"	363	"Pfam"	"PF02388"	"FemAB family"	4	239	"4.5E-36"	"IPR003447"	"FemABX peptidyl transferase"	"GO:0016755|GO:0044038"
"PPA2347"	363	"Pfam"	"PF02388"	"FemAB family"	249	358	"5.3E-18"	"IPR003447"	"FemABX peptidyl transferase"	"GO:0016755|GO:0044038"
"PPA2349"	203	"Pfam"	"PF01424"	"R3H domain"	147	200	"1.7E-16"	"IPR001374"	"R3H domain"	"GO:0003676"
"PPA2350"	359	"Pfam"	"PF02096"	"60Kd inner membrane protein"	52	265	"2.8E-58"	"IPR001708"	"Membrane  insertase YidC/ALB3/OXA1/COX18"	"GO:0016021|GO:0032977"
"PPA2351"	167	"Pfam"	"PF01809"	"Putative membrane protein insertion efficiency factor"	38	103	"3.5E-24"	"IPR002696"	"Putative membrane protein insertion efficiency factor"	"-"
"PPA2352"	85	"Pfam"	"PF00825"	"Ribonuclease P"	13	79	"4.1E-18"	"IPR000100"	"Ribonuclease P"	"GO:0000049|GO:0004526|GO:0008033"
"PPA2353"	44	"Pfam"	"PF00468"	"Ribosomal protein L34"	1	44	"6.2E-22"	"IPR000271"	"Ribosomal protein L34"	"GO:0003735|GO:0005840|GO:0006412"
"PPA2359"	312	"Pfam"	"PF00480"	"ROK family"	11	301	"1.3E-54"	"IPR000600"	"ROK family"	"-"
"PPA2360"	182	"Pfam"	"PF11070"	"Protein of unknown function (DUF2871)"	4	73	"3.3E-20"	"IPR021299"	"Protein of unknown function DUF2871"	"-"
"PPA2382"	88	"Pfam"	"PF13490"	"Putative zinc-finger"	13	46	"9.8E-9"	"IPR027383"	"Putative zinc-finger"	"-"
"PPA2399"	142	"Pfam"	"PF12802"	"MarR family"	27	83	"7.7E-10"	"IPR000835"	"MarR-type HTH domain"	"GO:0003700|GO:0006355"
"PPA2401"	165	"Pfam"	"PF00583"	"Acetyltransferase (GNAT) family"	50	142	"5.5E-8"	"IPR000182"	"GNAT domain"	"GO:0016407"
"PPA2407"	100	"Pfam"	"PF09723"	"Zinc ribbon domain"	1	40	"7.8E-16"	"IPR013429"	"Putative regulatory protein, FmdB, Zinc ribbon domain"	"-"
