"protein_accession"	"sequence_length"	"analysis"	"signature_accession"	"signature_description"	"start_location"	"stop_location"	"e_value"	"interpro_annotations_accession"	"interpro_annotation_description"	"GO-annotation"
"PPA0001"	500	"PRINTS"	"PR00051"	"Bacterial chromosomal replication initiator (DNAA) signature"	196	216	"9.2E-51"	"IPR020591"	"Chromosomal replication control, initiator DnaA-like"	"-"
"PPA0001"	500	"PRINTS"	"PR00051"	"Bacterial chromosomal replication initiator (DNAA) signature"	228	242	"9.2E-51"	"IPR020591"	"Chromosomal replication control, initiator DnaA-like"	"-"
"PPA0001"	500	"PRINTS"	"PR00051"	"Bacterial chromosomal replication initiator (DNAA) signature"	260	274	"9.2E-51"	"IPR020591"	"Chromosomal replication control, initiator DnaA-like"	"-"
"PPA0001"	500	"PRINTS"	"PR00051"	"Bacterial chromosomal replication initiator (DNAA) signature"	294	321	"9.2E-51"	"IPR020591"	"Chromosomal replication control, initiator DnaA-like"	"-"
"PPA0001"	500	"PRINTS"	"PR00051"	"Bacterial chromosomal replication initiator (DNAA) signature"	457	476	"9.2E-51"	"IPR020591"	"Chromosomal replication control, initiator DnaA-like"	"-"
"PPA0008"	395	"PRINTS"	"PR00714"	"Phosphomannose isomerase type I signature"	4	22	"1.9E-51"	"IPR016305"	"Mannose-6-phosphate isomerase"	"GO:0004476|GO:0009298"
"PPA0008"	395	"PRINTS"	"PR00714"	"Phosphomannose isomerase type I signature"	31	46	"1.9E-51"	"IPR016305"	"Mannose-6-phosphate isomerase"	"GO:0004476|GO:0009298"
"PPA0008"	395	"PRINTS"	"PR00714"	"Phosphomannose isomerase type I signature"	76	97	"1.9E-51"	"IPR016305"	"Mannose-6-phosphate isomerase"	"GO:0004476|GO:0009298"
"PPA0008"	395	"PRINTS"	"PR00714"	"Phosphomannose isomerase type I signature"	121	144	"1.9E-51"	"IPR016305"	"Mannose-6-phosphate isomerase"	"GO:0004476|GO:0009298"
"PPA0008"	395	"PRINTS"	"PR00714"	"Phosphomannose isomerase type I signature"	222	237	"1.9E-51"	"IPR016305"	"Mannose-6-phosphate isomerase"	"GO:0004476|GO:0009298"
"PPA0008"	395	"PRINTS"	"PR00714"	"Phosphomannose isomerase type I signature"	238	257	"1.9E-51"	"IPR016305"	"Mannose-6-phosphate isomerase"	"GO:0004476|GO:0009298"
"PPA0008"	395	"PRINTS"	"PR00714"	"Phosphomannose isomerase type I signature"	257	276	"1.9E-51"	"IPR016305"	"Mannose-6-phosphate isomerase"	"GO:0004476|GO:0009298"
"PPA0008"	395	"PRINTS"	"PR00714"	"Phosphomannose isomerase type I signature"	276	295	"1.9E-51"	"IPR016305"	"Mannose-6-phosphate isomerase"	"GO:0004476|GO:0009298"
"PPA0009"	690	"PRINTS"	"PR01159"	"DNA gyrase subunit B signature"	43	53	"5.6E-69"	"IPR000565"	"DNA topoisomerase, type IIA, subunit B"	"GO:0003677|GO:0003918|GO:0005524|GO:0006265"
"PPA0009"	690	"PRINTS"	"PR01159"	"DNA gyrase subunit B signature"	220	235	"5.6E-69"	"IPR000565"	"DNA topoisomerase, type IIA, subunit B"	"GO:0003677|GO:0003918|GO:0005524|GO:0006265"
"PPA0009"	690	"PRINTS"	"PR01159"	"DNA gyrase subunit B signature"	235	248	"5.6E-69"	"IPR000565"	"DNA topoisomerase, type IIA, subunit B"	"GO:0003677|GO:0003918|GO:0005524|GO:0006265"
"PPA0009"	690	"PRINTS"	"PR01159"	"DNA gyrase subunit B signature"	267	289	"5.6E-69"	"IPR000565"	"DNA topoisomerase, type IIA, subunit B"	"GO:0003677|GO:0003918|GO:0005524|GO:0006265"
"PPA0009"	690	"PRINTS"	"PR01159"	"DNA gyrase subunit B signature"	291	309	"5.6E-69"	"IPR000565"	"DNA topoisomerase, type IIA, subunit B"	"GO:0003677|GO:0003918|GO:0005524|GO:0006265"
"PPA0009"	690	"PRINTS"	"PR01159"	"DNA gyrase subunit B signature"	361	377	"5.6E-69"	"IPR000565"	"DNA topoisomerase, type IIA, subunit B"	"GO:0003677|GO:0003918|GO:0005524|GO:0006265"
"PPA0009"	690	"PRINTS"	"PR01159"	"DNA gyrase subunit B signature"	409	423	"5.6E-69"	"IPR000565"	"DNA topoisomerase, type IIA, subunit B"	"GO:0003677|GO:0003918|GO:0005524|GO:0006265"
"PPA0009"	690	"PRINTS"	"PR01159"	"DNA gyrase subunit B signature"	423	443	"5.6E-69"	"IPR000565"	"DNA topoisomerase, type IIA, subunit B"	"GO:0003677|GO:0003918|GO:0005524|GO:0006265"
"PPA0009"	690	"PRINTS"	"PR01159"	"DNA gyrase subunit B signature"	520	529	"5.6E-69"	"IPR000565"	"DNA topoisomerase, type IIA, subunit B"	"GO:0003677|GO:0003918|GO:0005524|GO:0006265"
"PPA0009"	690	"PRINTS"	"PR01159"	"DNA gyrase subunit B signature"	643	655	"5.6E-69"	"IPR000565"	"DNA topoisomerase, type IIA, subunit B"	"GO:0003677|GO:0003918|GO:0005524|GO:0006265"
"PPA0009"	690	"PRINTS"	"PR01159"	"DNA gyrase subunit B signature"	659	675	"5.6E-69"	"IPR000565"	"DNA topoisomerase, type IIA, subunit B"	"GO:0003677|GO:0003918|GO:0005524|GO:0006265"
"PPA0009"	690	"PRINTS"	"PR00418"	"DNA topoisomerase II family signature"	72	87	"3.6E-64"	"-"	"-"	""
"PPA0009"	690	"PRINTS"	"PR00418"	"DNA topoisomerase II family signature"	107	120	"3.6E-64"	"-"	"-"	""
"PPA0009"	690	"PRINTS"	"PR00418"	"DNA topoisomerase II family signature"	150	164	"3.6E-64"	"-"	"-"	""
"PPA0009"	690	"PRINTS"	"PR00418"	"DNA topoisomerase II family signature"	317	330	"3.6E-64"	"-"	"-"	""
"PPA0009"	690	"PRINTS"	"PR00418"	"DNA topoisomerase II family signature"	470	484	"3.6E-64"	"-"	"-"	""
"PPA0009"	690	"PRINTS"	"PR00418"	"DNA topoisomerase II family signature"	536	552	"3.6E-64"	"-"	"-"	""
"PPA0009"	690	"PRINTS"	"PR00418"	"DNA topoisomerase II family signature"	554	571	"3.6E-64"	"-"	"-"	""
"PPA0009"	690	"PRINTS"	"PR00418"	"DNA topoisomerase II family signature"	574	586	"3.6E-64"	"-"	"-"	""
"PPA0009"	690	"PRINTS"	"PR00418"	"DNA topoisomerase II family signature"	622	638	"3.6E-64"	"-"	"-"	""
"PPA0012"	322	"PRINTS"	"PR00086"	"L-lactate dehydrogenase signature"	6	30	"6.0E-19"	"IPR001557"	"L-lactate/malate dehydrogenase"	"GO:0016616|GO:0019752"
"PPA0012"	322	"PRINTS"	"PR00086"	"L-lactate dehydrogenase signature"	31	55	"6.0E-19"	"IPR001557"	"L-lactate/malate dehydrogenase"	"GO:0016616|GO:0019752"
"PPA0012"	322	"PRINTS"	"PR00086"	"L-lactate dehydrogenase signature"	125	145	"6.0E-19"	"IPR001557"	"L-lactate/malate dehydrogenase"	"GO:0016616|GO:0019752"
"PPA0012"	322	"PRINTS"	"PR00086"	"L-lactate dehydrogenase signature"	149	167	"6.0E-19"	"IPR001557"	"L-lactate/malate dehydrogenase"	"GO:0016616|GO:0019752"
"PPA0012"	322	"PRINTS"	"PR00086"	"L-lactate dehydrogenase signature"	179	192	"6.0E-19"	"IPR001557"	"L-lactate/malate dehydrogenase"	"GO:0016616|GO:0019752"
"PPA0014"	335	"PRINTS"	"PR00036"	"LacI bacterial regulatory protein HTH signature"	6	16	"6.6E-6"	"IPR000843"	"LacI-type HTH domain"	"GO:0003677|GO:0006355"
"PPA0014"	335	"PRINTS"	"PR00036"	"LacI bacterial regulatory protein HTH signature"	16	26	"6.6E-6"	"IPR000843"	"LacI-type HTH domain"	"GO:0003677|GO:0006355"
"PPA0018"	309	"PRINTS"	"PR00990"	"Ribokinase signature"	10	31	"2.9E-30"	"IPR002139"	"Ribokinase/fructokinase"	"GO:0016301"
"PPA0018"	309	"PRINTS"	"PR00990"	"Ribokinase signature"	37	56	"2.9E-30"	"IPR002139"	"Ribokinase/fructokinase"	"GO:0016301"
"PPA0018"	309	"PRINTS"	"PR00990"	"Ribokinase signature"	107	120	"2.9E-30"	"IPR002139"	"Ribokinase/fructokinase"	"GO:0016301"
"PPA0018"	309	"PRINTS"	"PR00990"	"Ribokinase signature"	171	186	"2.9E-30"	"IPR002139"	"Ribokinase/fructokinase"	"GO:0016301"
"PPA0018"	309	"PRINTS"	"PR00990"	"Ribokinase signature"	219	230	"2.9E-30"	"IPR002139"	"Ribokinase/fructokinase"	"GO:0016301"
"PPA0031"	252	"PRINTS"	"PR00037"	"LacR bacterial regulatory protein HTH signature"	23	37	"7.6E-7"	"IPR001034"	"DeoR-type HTH domain"	"GO:0003700|GO:0006355"
"PPA0031"	252	"PRINTS"	"PR00037"	"LacR bacterial regulatory protein HTH signature"	37	55	"7.6E-7"	"IPR001034"	"DeoR-type HTH domain"	"GO:0003700|GO:0006355"
"PPA0055"	218	"PRINTS"	"PR00038"	"LuxR bacterial regulatory protein HTH signature"	158	172	"8.4E-13"	"IPR000792"	"Transcription regulator LuxR, C-terminal"	"GO:0006355"
"PPA0055"	218	"PRINTS"	"PR00038"	"LuxR bacterial regulatory protein HTH signature"	172	188	"8.4E-13"	"IPR000792"	"Transcription regulator LuxR, C-terminal"	"GO:0006355"
"PPA0055"	218	"PRINTS"	"PR00038"	"LuxR bacterial regulatory protein HTH signature"	188	200	"8.4E-13"	"IPR000792"	"Transcription regulator LuxR, C-terminal"	"GO:0006355"
"PPA0061"	462	"PRINTS"	"PR00732"	"Glycosyl hydrolase family 4 signature"	2	17	"1.1E-27"	"IPR001088"	"Glycoside hydrolase, family 4"	"GO:0004553|GO:0005975"
"PPA0061"	462	"PRINTS"	"PR00732"	"Glycosyl hydrolase family 4 signature"	71	87	"1.1E-27"	"IPR001088"	"Glycoside hydrolase, family 4"	"GO:0004553|GO:0005975"
"PPA0061"	462	"PRINTS"	"PR00732"	"Glycosyl hydrolase family 4 signature"	92	105	"1.1E-27"	"IPR001088"	"Glycoside hydrolase, family 4"	"GO:0004553|GO:0005975"
"PPA0061"	462	"PRINTS"	"PR00732"	"Glycosyl hydrolase family 4 signature"	106	126	"1.1E-27"	"IPR001088"	"Glycoside hydrolase, family 4"	"GO:0004553|GO:0005975"
"PPA0061"	462	"PRINTS"	"PR00732"	"Glycosyl hydrolase family 4 signature"	135	152	"1.1E-27"	"IPR001088"	"Glycoside hydrolase, family 4"	"GO:0004553|GO:0005975"
"PPA0061"	462	"PRINTS"	"PR00732"	"Glycosyl hydrolase family 4 signature"	160	171	"1.1E-27"	"IPR001088"	"Glycoside hydrolase, family 4"	"GO:0004553|GO:0005975"
"PPA0064"	214	"PRINTS"	"PR00413"	"Haloacid dehalogenase/epoxide hydrolase family signature"	10	21	"4.0E-9"	"IPR006439"	"HAD hydrolase, subfamily IA"	"-"
"PPA0064"	214	"PRINTS"	"PR00413"	"Haloacid dehalogenase/epoxide hydrolase family signature"	100	113	"4.0E-9"	"IPR006439"	"HAD hydrolase, subfamily IA"	"-"
"PPA0064"	214	"PRINTS"	"PR00413"	"Haloacid dehalogenase/epoxide hydrolase family signature"	131	147	"4.0E-9"	"IPR006439"	"HAD hydrolase, subfamily IA"	"-"
"PPA0064"	214	"PRINTS"	"PR00413"	"Haloacid dehalogenase/epoxide hydrolase family signature"	149	169	"4.0E-9"	"IPR006439"	"HAD hydrolase, subfamily IA"	"-"
"PPA0066"	512	"PRINTS"	"PR00738"	"Glycosyl hydrolase family 20 signature"	89	109	"3.1E-30"	"IPR025705"	"Beta-hexosaminidase"	"GO:0004563|GO:0005975"
"PPA0066"	512	"PRINTS"	"PR00738"	"Glycosyl hydrolase family 20 signature"	132	149	"3.1E-30"	"IPR025705"	"Beta-hexosaminidase"	"GO:0004563|GO:0005975"
"PPA0066"	512	"PRINTS"	"PR00738"	"Glycosyl hydrolase family 20 signature"	161	182	"3.1E-30"	"IPR025705"	"Beta-hexosaminidase"	"GO:0004563|GO:0005975"
"PPA0066"	512	"PRINTS"	"PR00738"	"Glycosyl hydrolase family 20 signature"	241	258	"3.1E-30"	"IPR025705"	"Beta-hexosaminidase"	"GO:0004563|GO:0005975"
"PPA0066"	512	"PRINTS"	"PR00738"	"Glycosyl hydrolase family 20 signature"	451	467	"3.1E-30"	"IPR025705"	"Beta-hexosaminidase"	"GO:0004563|GO:0005975"
"PPA0066"	512	"PRINTS"	"PR00738"	"Glycosyl hydrolase family 20 signature"	469	486	"3.1E-30"	"IPR025705"	"Beta-hexosaminidase"	"GO:0004563|GO:0005975"
"PPA0070"	271	"PRINTS"	"PR00455"	"TetR bacterial regulatory protein HTH signature"	82	95	"1.7E-6"	"IPR001647"	"DNA-binding HTH domain, TetR-type"	"GO:0003677"
"PPA0070"	271	"PRINTS"	"PR00455"	"TetR bacterial regulatory protein HTH signature"	103	126	"1.7E-6"	"IPR001647"	"DNA-binding HTH domain, TetR-type"	"GO:0003677"
"PPA0080"	428	"PRINTS"	"PR00762"	"Chloride channel signature"	104	123	"1.4E-12"	"IPR001807"	"Chloride channel, voltage gated"	"GO:0005247|GO:0006821|GO:0016020|GO:0055085"
"PPA0080"	428	"PRINTS"	"PR00762"	"Chloride channel signature"	155	174	"1.4E-12"	"IPR001807"	"Chloride channel, voltage gated"	"GO:0005247|GO:0006821|GO:0016020|GO:0055085"
"PPA0080"	428	"PRINTS"	"PR00762"	"Chloride channel signature"	321	341	"1.4E-12"	"IPR001807"	"Chloride channel, voltage gated"	"GO:0005247|GO:0006821|GO:0016020|GO:0055085"
"PPA0080"	428	"PRINTS"	"PR00762"	"Chloride channel signature"	353	369	"1.4E-12"	"IPR001807"	"Chloride channel, voltage gated"	"GO:0005247|GO:0006821|GO:0016020|GO:0055085"
"PPA0090"	402	"PRINTS"	"PR00476"	"ATP-dependent phosphofructokinase family signature"	36	55	"2.5E-50"	"IPR022953"	"ATP-dependent 6-phosphofructokinase"	"GO:0003872|GO:0006002|GO:0006096"
"PPA0090"	402	"PRINTS"	"PR00476"	"ATP-dependent phosphofructokinase family signature"	62	75	"2.5E-50"	"IPR022953"	"ATP-dependent 6-phosphofructokinase"	"GO:0003872|GO:0006002|GO:0006096"
"PPA0090"	402	"PRINTS"	"PR00476"	"ATP-dependent phosphofructokinase family signature"	130	146	"2.5E-50"	"IPR022953"	"ATP-dependent 6-phosphofructokinase"	"GO:0003872|GO:0006002|GO:0006096"
"PPA0090"	402	"PRINTS"	"PR00476"	"ATP-dependent phosphofructokinase family signature"	157	174	"2.5E-50"	"IPR022953"	"ATP-dependent 6-phosphofructokinase"	"GO:0003872|GO:0006002|GO:0006096"
"PPA0090"	402	"PRINTS"	"PR00476"	"ATP-dependent phosphofructokinase family signature"	175	193	"2.5E-50"	"IPR022953"	"ATP-dependent 6-phosphofructokinase"	"GO:0003872|GO:0006002|GO:0006096"
"PPA0090"	402	"PRINTS"	"PR00476"	"ATP-dependent phosphofructokinase family signature"	195	211	"2.5E-50"	"IPR022953"	"ATP-dependent 6-phosphofructokinase"	"GO:0003872|GO:0006002|GO:0006096"
"PPA0090"	402	"PRINTS"	"PR00476"	"ATP-dependent phosphofructokinase family signature"	213	230	"2.5E-50"	"IPR022953"	"ATP-dependent 6-phosphofructokinase"	"GO:0003872|GO:0006002|GO:0006096"
"PPA0090"	402	"PRINTS"	"PR00476"	"ATP-dependent phosphofructokinase family signature"	249	261	"2.5E-50"	"IPR022953"	"ATP-dependent 6-phosphofructokinase"	"GO:0003872|GO:0006002|GO:0006096"
"PPA0094"	490	"PRINTS"	"PR00145"	"Argininosuccinate lyase family signature"	136	158	"1.5E-6"	"-"	"-"	""
"PPA0094"	490	"PRINTS"	"PR00145"	"Argininosuccinate lyase family signature"	177	197	"1.5E-6"	"-"	"-"	""
"PPA0094"	490	"PRINTS"	"PR00145"	"Argininosuccinate lyase family signature"	319	335	"1.5E-6"	"-"	"-"	""
"PPA0094"	490	"PRINTS"	"PR00149"	"Fumarate lyase superfamily signature"	137	155	"1.3E-27"	"IPR000362"	"Fumarate lyase family"	"-"
"PPA0094"	490	"PRINTS"	"PR00149"	"Fumarate lyase superfamily signature"	182	200	"1.3E-27"	"IPR000362"	"Fumarate lyase family"	"-"
"PPA0094"	490	"PRINTS"	"PR00149"	"Fumarate lyase superfamily signature"	273	300	"1.3E-27"	"IPR000362"	"Fumarate lyase family"	"-"
"PPA0094"	490	"PRINTS"	"PR00149"	"Fumarate lyase superfamily signature"	319	335	"1.3E-27"	"IPR000362"	"Fumarate lyase family"	"-"
"PPA0097"	483	"PRINTS"	"PR00067"	"Catalase signature"	23	46	"2.4E-64"	"IPR018028"	"Catalase, mono-functional, haem-containing"	"GO:0004096|GO:0006979|GO:0020037"
"PPA0097"	483	"PRINTS"	"PR00067"	"Catalase signature"	85	103	"2.4E-64"	"IPR018028"	"Catalase, mono-functional, haem-containing"	"GO:0004096|GO:0006979|GO:0020037"
"PPA0097"	483	"PRINTS"	"PR00067"	"Catalase signature"	106	123	"2.4E-64"	"IPR018028"	"Catalase, mono-functional, haem-containing"	"GO:0004096|GO:0006979|GO:0020037"
"PPA0097"	483	"PRINTS"	"PR00067"	"Catalase signature"	125	143	"2.4E-64"	"IPR018028"	"Catalase, mono-functional, haem-containing"	"GO:0004096|GO:0006979|GO:0020037"
"PPA0097"	483	"PRINTS"	"PR00067"	"Catalase signature"	290	317	"2.4E-64"	"IPR018028"	"Catalase, mono-functional, haem-containing"	"GO:0004096|GO:0006979|GO:0020037"
"PPA0097"	483	"PRINTS"	"PR00067"	"Catalase signature"	322	348	"2.4E-64"	"IPR018028"	"Catalase, mono-functional, haem-containing"	"GO:0004096|GO:0006979|GO:0020037"
"PPA0116"	704	"PRINTS"	"PR00119"	"P-type cation-transporting ATPase superfamily signature"	168	182	"4.4E-25"	"-"	"-"	""
"PPA0116"	704	"PRINTS"	"PR00119"	"P-type cation-transporting ATPase superfamily signature"	319	333	"4.4E-25"	"-"	"-"	""
"PPA0116"	704	"PRINTS"	"PR00119"	"P-type cation-transporting ATPase superfamily signature"	485	495	"4.4E-25"	"-"	"-"	""
"PPA0116"	704	"PRINTS"	"PR00119"	"P-type cation-transporting ATPase superfamily signature"	538	557	"4.4E-25"	"-"	"-"	""
"PPA0116"	704	"PRINTS"	"PR00119"	"P-type cation-transporting ATPase superfamily signature"	561	573	"4.4E-25"	"-"	"-"	""
"PPA0118"	830	"PRINTS"	"PR00344"	"Bacterial sensor protein C-terminal signature"	750	764	"1.8E-9"	"IPR004358"	"Signal transduction histidine kinase-related protein, C-terminal"	"GO:0016310|GO:0016772"
"PPA0118"	830	"PRINTS"	"PR00344"	"Bacterial sensor protein C-terminal signature"	783	801	"1.8E-9"	"IPR004358"	"Signal transduction histidine kinase-related protein, C-terminal"	"GO:0016310|GO:0016772"
"PPA0118"	830	"PRINTS"	"PR00344"	"Bacterial sensor protein C-terminal signature"	807	820	"1.8E-9"	"IPR004358"	"Signal transduction histidine kinase-related protein, C-terminal"	"GO:0016310|GO:0016772"
"PPA0139"	459	"PRINTS"	"PR00469"	"Pyridine nucleotide disulphide reductase class-II signature"	78	100	"1.4E-5"	"-"	"-"	""
"PPA0139"	459	"PRINTS"	"PR00469"	"Pyridine nucleotide disulphide reductase class-II signature"	174	182	"1.4E-5"	"-"	"-"	""
"PPA0139"	459	"PRINTS"	"PR00469"	"Pyridine nucleotide disulphide reductase class-II signature"	211	235	"1.4E-5"	"-"	"-"	""
"PPA0139"	459	"PRINTS"	"PR00469"	"Pyridine nucleotide disulphide reductase class-II signature"	301	322	"1.4E-5"	"-"	"-"	""
"PPA0139"	459	"PRINTS"	"PR00469"	"Pyridine nucleotide disulphide reductase class-II signature"	334	352	"1.4E-5"	"-"	"-"	""
"PPA0139"	459	"PRINTS"	"PR00368"	"FAD-dependent pyridine nucleotide reductase signature"	79	98	"2.3E-18"	"-"	"-"	""
"PPA0139"	459	"PRINTS"	"PR00368"	"FAD-dependent pyridine nucleotide reductase signature"	173	191	"2.3E-18"	"-"	"-"	""
"PPA0139"	459	"PRINTS"	"PR00368"	"FAD-dependent pyridine nucleotide reductase signature"	215	233	"2.3E-18"	"-"	"-"	""
"PPA0139"	459	"PRINTS"	"PR00368"	"FAD-dependent pyridine nucleotide reductase signature"	299	315	"2.3E-18"	"-"	"-"	""
"PPA0139"	459	"PRINTS"	"PR00368"	"FAD-dependent pyridine nucleotide reductase signature"	324	346	"2.3E-18"	"-"	"-"	""
"PPA0140"	266	"PRINTS"	"PR00081"	"Glucose/ribitol dehydrogenase family signature"	9	26	"3.8E-34"	"IPR002347"	"Short-chain dehydrogenase/reductase SDR"	"-"
"PPA0140"	266	"PRINTS"	"PR00081"	"Glucose/ribitol dehydrogenase family signature"	83	94	"3.8E-34"	"IPR002347"	"Short-chain dehydrogenase/reductase SDR"	"-"
"PPA0140"	266	"PRINTS"	"PR00081"	"Glucose/ribitol dehydrogenase family signature"	131	147	"3.8E-34"	"IPR002347"	"Short-chain dehydrogenase/reductase SDR"	"-"
"PPA0140"	266	"PRINTS"	"PR00081"	"Glucose/ribitol dehydrogenase family signature"	157	176	"3.8E-34"	"IPR002347"	"Short-chain dehydrogenase/reductase SDR"	"-"
"PPA0140"	266	"PRINTS"	"PR00081"	"Glucose/ribitol dehydrogenase family signature"	178	195	"3.8E-34"	"IPR002347"	"Short-chain dehydrogenase/reductase SDR"	"-"
"PPA0140"	266	"PRINTS"	"PR00081"	"Glucose/ribitol dehydrogenase family signature"	226	246	"3.8E-34"	"IPR002347"	"Short-chain dehydrogenase/reductase SDR"	"-"
"PPA0140"	266	"PRINTS"	"PR00080"	"Short-chain dehydrogenase/reductase (SDR) superfamily signature"	83	94	"2.0E-7"	"IPR002347"	"Short-chain dehydrogenase/reductase SDR"	"-"
"PPA0140"	266	"PRINTS"	"PR00080"	"Short-chain dehydrogenase/reductase (SDR) superfamily signature"	137	145	"2.0E-7"	"IPR002347"	"Short-chain dehydrogenase/reductase SDR"	"-"
"PPA0140"	266	"PRINTS"	"PR00080"	"Short-chain dehydrogenase/reductase (SDR) superfamily signature"	157	176	"2.0E-7"	"IPR002347"	"Short-chain dehydrogenase/reductase SDR"	"-"
"PPA0141"	85	"PRINTS"	"PR00107"	"Phosphocarrier protein signature"	13	29	"1.2E-13"	"IPR000032"	"Phosphocarrier protein HPr-like"	"-"
"PPA0141"	85	"PRINTS"	"PR00107"	"Phosphocarrier protein signature"	39	54	"1.2E-13"	"IPR000032"	"Phosphocarrier protein HPr-like"	"-"
"PPA0141"	85	"PRINTS"	"PR00107"	"Phosphocarrier protein signature"	54	71	"1.2E-13"	"IPR000032"	"Phosphocarrier protein HPr-like"	"-"
"PPA0144"	253	"PRINTS"	"PR00037"	"LacR bacterial regulatory protein HTH signature"	24	38	"1.8E-7"	"IPR001034"	"DeoR-type HTH domain"	"GO:0003700|GO:0006355"
"PPA0144"	253	"PRINTS"	"PR00037"	"LacR bacterial regulatory protein HTH signature"	38	56	"1.8E-7"	"IPR001034"	"DeoR-type HTH domain"	"GO:0003700|GO:0006355"
"PPA0152"	460	"PRINTS"	"PR00368"	"FAD-dependent pyridine nucleotide reductase signature"	28	47	"4.6E-11"	"-"	"-"	""
"PPA0152"	460	"PRINTS"	"PR00368"	"FAD-dependent pyridine nucleotide reductase signature"	121	139	"4.6E-11"	"-"	"-"	""
"PPA0152"	460	"PRINTS"	"PR00368"	"FAD-dependent pyridine nucleotide reductase signature"	176	194	"4.6E-11"	"-"	"-"	""
"PPA0152"	460	"PRINTS"	"PR00411"	"Pyridine nucleotide disulphide reductase class-I signature"	27	49	"3.4E-11"	"-"	"-"	""
"PPA0152"	460	"PRINTS"	"PR00411"	"Pyridine nucleotide disulphide reductase class-I signature"	176	201	"3.4E-11"	"-"	"-"	""
"PPA0152"	460	"PRINTS"	"PR00411"	"Pyridine nucleotide disulphide reductase class-I signature"	313	320	"3.4E-11"	"-"	"-"	""
"PPA0163"	595	"PRINTS"	"PR00469"	"Pyridine nucleotide disulphide reductase class-II signature"	144	166	"1.8E-14"	"-"	"-"	""
"PPA0163"	595	"PRINTS"	"PR00469"	"Pyridine nucleotide disulphide reductase class-II signature"	269	293	"1.8E-14"	"-"	"-"	""
"PPA0163"	595	"PRINTS"	"PR00469"	"Pyridine nucleotide disulphide reductase class-II signature"	401	419	"1.8E-14"	"-"	"-"	""
"PPA0163"	595	"PRINTS"	"PR00368"	"FAD-dependent pyridine nucleotide reductase signature"	145	164	"1.7E-18"	"-"	"-"	""
"PPA0163"	595	"PRINTS"	"PR00368"	"FAD-dependent pyridine nucleotide reductase signature"	273	291	"1.7E-18"	"-"	"-"	""
"PPA0163"	595	"PRINTS"	"PR00368"	"FAD-dependent pyridine nucleotide reductase signature"	363	379	"1.7E-18"	"-"	"-"	""
"PPA0163"	595	"PRINTS"	"PR00368"	"FAD-dependent pyridine nucleotide reductase signature"	391	413	"1.7E-18"	"-"	"-"	""
"PPA0165"	273	"PRINTS"	"PR00035"	"GntR bacterial regulatory protein HTH signature"	72	86	"5.0E-10"	"IPR000524"	"Transcription regulator HTH, GntR"	"GO:0003700|GO:0006355"
"PPA0165"	273	"PRINTS"	"PR00035"	"GntR bacterial regulatory protein HTH signature"	86	102	"5.0E-10"	"IPR000524"	"Transcription regulator HTH, GntR"	"GO:0003700|GO:0006355"
"PPA0181"	510	"PRINTS"	"PR00982"	"Lysyl-tRNA synthetase signature"	207	217	"3.2E-31"	"IPR018149"	"Lysyl-tRNA synthetase, class II, C-terminal"	"GO:0000166|GO:0004824|GO:0005524|GO:0005737|GO:0006430"
"PPA0181"	510	"PRINTS"	"PR00982"	"Lysyl-tRNA synthetase signature"	223	239	"3.2E-31"	"IPR018149"	"Lysyl-tRNA synthetase, class II, C-terminal"	"GO:0000166|GO:0004824|GO:0005524|GO:0005737|GO:0006430"
"PPA0181"	510	"PRINTS"	"PR00982"	"Lysyl-tRNA synthetase signature"	252	265	"3.2E-31"	"IPR018149"	"Lysyl-tRNA synthetase, class II, C-terminal"	"GO:0000166|GO:0004824|GO:0005524|GO:0005737|GO:0006430"
"PPA0181"	510	"PRINTS"	"PR00982"	"Lysyl-tRNA synthetase signature"	270	287	"3.2E-31"	"IPR018149"	"Lysyl-tRNA synthetase, class II, C-terminal"	"GO:0000166|GO:0004824|GO:0005524|GO:0005737|GO:0006430"
"PPA0181"	510	"PRINTS"	"PR00982"	"Lysyl-tRNA synthetase signature"	392	408	"3.2E-31"	"IPR018149"	"Lysyl-tRNA synthetase, class II, C-terminal"	"GO:0000166|GO:0004824|GO:0005524|GO:0005737|GO:0006430"
"PPA0216"	1114	"PRINTS"	"PR00984"	"Isoleucyl-tRNA synthetase signature"	54	65	"9.2E-19"	"IPR002301"	"Isoleucine-tRNA ligase"	"GO:0000166|GO:0004822|GO:0005524|GO:0006428"
"PPA0216"	1114	"PRINTS"	"PR00984"	"Isoleucyl-tRNA synthetase signature"	237	260	"9.2E-19"	"IPR002301"	"Isoleucine-tRNA ligase"	"GO:0000166|GO:0004822|GO:0005524|GO:0006428"
"PPA0216"	1114	"PRINTS"	"PR00984"	"Isoleucyl-tRNA synthetase signature"	557	570	"9.2E-19"	"IPR002301"	"Isoleucine-tRNA ligase"	"GO:0000166|GO:0004822|GO:0005524|GO:0006428"
"PPA0216"	1114	"PRINTS"	"PR00984"	"Isoleucyl-tRNA synthetase signature"	599	608	"9.2E-19"	"IPR002301"	"Isoleucine-tRNA ligase"	"GO:0000166|GO:0004822|GO:0005524|GO:0006428"
"PPA0241"	929	"PRINTS"	"PR00417"	"Prokaryotic DNA topoisomerase I signature"	93	106	"2.6E-32"	"IPR013497"	"DNA topoisomerase, type IA, central"	"GO:0003677|GO:0003916|GO:0006265"
"PPA0241"	929	"PRINTS"	"PR00417"	"Prokaryotic DNA topoisomerase I signature"	177	195	"2.6E-32"	"IPR013497"	"DNA topoisomerase, type IA, central"	"GO:0003677|GO:0003916|GO:0006265"
"PPA0241"	929	"PRINTS"	"PR00417"	"Prokaryotic DNA topoisomerase I signature"	315	324	"2.6E-32"	"IPR013497"	"DNA topoisomerase, type IA, central"	"GO:0003677|GO:0003916|GO:0006265"
"PPA0241"	929	"PRINTS"	"PR00417"	"Prokaryotic DNA topoisomerase I signature"	392	408	"2.6E-32"	"IPR013497"	"DNA topoisomerase, type IA, central"	"GO:0003677|GO:0003916|GO:0006265"
"PPA0241"	929	"PRINTS"	"PR00417"	"Prokaryotic DNA topoisomerase I signature"	509	523	"2.6E-32"	"IPR013497"	"DNA topoisomerase, type IA, central"	"GO:0003677|GO:0003916|GO:0006265"
"PPA0250"	449	"PRINTS"	"PR00757"	"Flavin-containing amine oxidase signature"	3	22	"2.2E-27"	"IPR001613"	"Flavin amine oxidase"	"GO:0016491"
"PPA0250"	449	"PRINTS"	"PR00757"	"Flavin-containing amine oxidase signature"	195	217	"2.2E-27"	"IPR001613"	"Flavin amine oxidase"	"GO:0016491"
"PPA0250"	449	"PRINTS"	"PR00757"	"Flavin-containing amine oxidase signature"	292	311	"2.2E-27"	"IPR001613"	"Flavin amine oxidase"	"GO:0016491"
"PPA0250"	449	"PRINTS"	"PR00757"	"Flavin-containing amine oxidase signature"	375	394	"2.2E-27"	"IPR001613"	"Flavin amine oxidase"	"GO:0016491"
"PPA0250"	449	"PRINTS"	"PR00757"	"Flavin-containing amine oxidase signature"	396	418	"2.2E-27"	"IPR001613"	"Flavin amine oxidase"	"GO:0016491"
"PPA0250"	449	"PRINTS"	"PR00757"	"Flavin-containing amine oxidase signature"	427	444	"2.2E-27"	"IPR001613"	"Flavin amine oxidase"	"GO:0016491"
"PPA0257"	476	"PRINTS"	"PR00922"	"D-Ala-D-Ala carboxypeptidase 3 (S13) family signature"	130	149	"7.6E-19"	"IPR000667"	"Peptidase S13, D-Ala-D-Ala carboxypeptidase C"	"GO:0004185|GO:0006508"
"PPA0257"	476	"PRINTS"	"PR00922"	"D-Ala-D-Ala carboxypeptidase 3 (S13) family signature"	293	315	"7.6E-19"	"IPR000667"	"Peptidase S13, D-Ala-D-Ala carboxypeptidase C"	"GO:0004185|GO:0006508"
"PPA0257"	476	"PRINTS"	"PR00922"	"D-Ala-D-Ala carboxypeptidase 3 (S13) family signature"	350	364	"7.6E-19"	"IPR000667"	"Peptidase S13, D-Ala-D-Ala carboxypeptidase C"	"GO:0004185|GO:0006508"
"PPA0257"	476	"PRINTS"	"PR00922"	"D-Ala-D-Ala carboxypeptidase 3 (S13) family signature"	365	379	"7.6E-19"	"IPR000667"	"Peptidase S13, D-Ala-D-Ala carboxypeptidase C"	"GO:0004185|GO:0006508"
"PPA0257"	476	"PRINTS"	"PR00922"	"D-Ala-D-Ala carboxypeptidase 3 (S13) family signature"	430	443	"7.6E-19"	"IPR000667"	"Peptidase S13, D-Ala-D-Ala carboxypeptidase C"	"GO:0004185|GO:0006508"
"PPA0263"	368	"PRINTS"	"PR01021"	"OMPA domain signature"	264	286	"9.8E-13"	"IPR006664"	"Outer membrane protein, bacterial"	"GO:0016021"
"PPA0263"	368	"PRINTS"	"PR01021"	"OMPA domain signature"	295	310	"9.8E-13"	"IPR006664"	"Outer membrane protein, bacterial"	"GO:0016021"
"PPA0263"	368	"PRINTS"	"PR01021"	"OMPA domain signature"	310	326	"9.8E-13"	"IPR006664"	"Outer membrane protein, bacterial"	"GO:0016021"
"PPA0278"	844	"PRINTS"	"PR00300"	"ATP-dependent Clp protease ATP-binding subunit signature"	548	566	"4.7E-38"	"IPR001270"	"ClpA/B family"	"GO:0005524"
"PPA0278"	844	"PRINTS"	"PR00300"	"ATP-dependent Clp protease ATP-binding subunit signature"	593	611	"4.7E-38"	"IPR001270"	"ClpA/B family"	"GO:0005524"
"PPA0278"	844	"PRINTS"	"PR00300"	"ATP-dependent Clp protease ATP-binding subunit signature"	622	640	"4.7E-38"	"IPR001270"	"ClpA/B family"	"GO:0005524"
"PPA0278"	844	"PRINTS"	"PR00300"	"ATP-dependent Clp protease ATP-binding subunit signature"	655	669	"4.7E-38"	"IPR001270"	"ClpA/B family"	"GO:0005524"
"PPA0285"	495	"PRINTS"	"PR01036"	"Tetracycline resistance protein TetB signature"	125	145	"3.1E-5"	"-"	"-"	""
"PPA0285"	495	"PRINTS"	"PR01036"	"Tetracycline resistance protein TetB signature"	155	179	"3.1E-5"	"-"	"-"	""
"PPA0289"	218	"PRINTS"	"PR00038"	"LuxR bacterial regulatory protein HTH signature"	156	170	"5.7E-12"	"IPR000792"	"Transcription regulator LuxR, C-terminal"	"GO:0006355"
"PPA0289"	218	"PRINTS"	"PR00038"	"LuxR bacterial regulatory protein HTH signature"	170	186	"5.7E-12"	"IPR000792"	"Transcription regulator LuxR, C-terminal"	"GO:0006355"
"PPA0289"	218	"PRINTS"	"PR00038"	"LuxR bacterial regulatory protein HTH signature"	186	198	"5.7E-12"	"IPR000792"	"Transcription regulator LuxR, C-terminal"	"GO:0006355"
"PPA0302"	348	"PRINTS"	"PR00144"	"Delta-aminolevulinic acid dehydratase signature"	143	157	"1.1E-54"	"IPR001731"	"Delta-aminolevulinic acid dehydratase"	"GO:0004655|GO:0033014|GO:0046872"
"PPA0302"	348	"PRINTS"	"PR00144"	"Delta-aminolevulinic acid dehydratase signature"	174	193	"1.1E-54"	"IPR001731"	"Delta-aminolevulinic acid dehydratase"	"GO:0004655|GO:0033014|GO:0046872"
"PPA0302"	348	"PRINTS"	"PR00144"	"Delta-aminolevulinic acid dehydratase signature"	212	231	"1.1E-54"	"IPR001731"	"Delta-aminolevulinic acid dehydratase"	"GO:0004655|GO:0033014|GO:0046872"
"PPA0302"	348	"PRINTS"	"PR00144"	"Delta-aminolevulinic acid dehydratase signature"	263	279	"1.1E-54"	"IPR001731"	"Delta-aminolevulinic acid dehydratase"	"GO:0004655|GO:0033014|GO:0046872"
"PPA0302"	348	"PRINTS"	"PR00144"	"Delta-aminolevulinic acid dehydratase signature"	288	303	"1.1E-54"	"IPR001731"	"Delta-aminolevulinic acid dehydratase"	"GO:0004655|GO:0033014|GO:0046872"
"PPA0302"	348	"PRINTS"	"PR00144"	"Delta-aminolevulinic acid dehydratase signature"	318	337	"1.1E-54"	"IPR001731"	"Delta-aminolevulinic acid dehydratase"	"GO:0004655|GO:0033014|GO:0046872"
"PPA0304"	366	"PRINTS"	"PR00151"	"Porphobilinogen deaminase signature"	72	92	"9.4E-20"	"IPR000860"	"Porphobilinogen deaminase"	"GO:0004418|GO:0033014"
"PPA0304"	366	"PRINTS"	"PR00151"	"Porphobilinogen deaminase signature"	103	122	"9.4E-20"	"IPR000860"	"Porphobilinogen deaminase"	"GO:0004418|GO:0033014"
"PPA0304"	366	"PRINTS"	"PR00151"	"Porphobilinogen deaminase signature"	151	168	"9.4E-20"	"IPR000860"	"Porphobilinogen deaminase"	"GO:0004418|GO:0033014"
"PPA0304"	366	"PRINTS"	"PR00151"	"Porphobilinogen deaminase signature"	270	287	"9.4E-20"	"IPR000860"	"Porphobilinogen deaminase"	"GO:0004418|GO:0033014"
"PPA0312"	465	"PRINTS"	"PR01874"	"DNA repair protein radA signature"	12	36	"7.8E-82"	"-"	"-"	""
"PPA0312"	465	"PRINTS"	"PR01874"	"DNA repair protein radA signature"	78	106	"7.8E-82"	"-"	"-"	""
"PPA0312"	465	"PRINTS"	"PR01874"	"DNA repair protein radA signature"	120	137	"7.8E-82"	"-"	"-"	""
"PPA0312"	465	"PRINTS"	"PR01874"	"DNA repair protein radA signature"	170	194	"7.8E-82"	"-"	"-"	""
"PPA0312"	465	"PRINTS"	"PR01874"	"DNA repair protein radA signature"	209	237	"7.8E-82"	"-"	"-"	""
"PPA0312"	465	"PRINTS"	"PR01874"	"DNA repair protein radA signature"	244	270	"7.8E-82"	"-"	"-"	""
"PPA0312"	465	"PRINTS"	"PR01874"	"DNA repair protein radA signature"	319	342	"7.8E-82"	"-"	"-"	""
"PPA0313"	548	"PRINTS"	"PR00072"	"Malic enzyme signature"	74	98	"1.0E-65"	"IPR001891"	"Malic oxidoreductase"	"GO:0004470|GO:0004471"
"PPA0313"	548	"PRINTS"	"PR00072"	"Malic enzyme signature"	136	165	"1.0E-65"	"IPR001891"	"Malic oxidoreductase"	"GO:0004470|GO:0004471"
"PPA0313"	548	"PRINTS"	"PR00072"	"Malic enzyme signature"	172	194	"1.0E-65"	"IPR001891"	"Malic oxidoreductase"	"GO:0004470|GO:0004471"
"PPA0313"	548	"PRINTS"	"PR00072"	"Malic enzyme signature"	231	249	"1.0E-65"	"IPR001891"	"Malic oxidoreductase"	"GO:0004470|GO:0004471"
"PPA0313"	548	"PRINTS"	"PR00072"	"Malic enzyme signature"	256	272	"1.0E-65"	"IPR001891"	"Malic oxidoreductase"	"GO:0004470|GO:0004471"
"PPA0313"	548	"PRINTS"	"PR00072"	"Malic enzyme signature"	287	303	"1.0E-65"	"IPR001891"	"Malic oxidoreductase"	"GO:0004470|GO:0004471"
"PPA0313"	548	"PRINTS"	"PR00072"	"Malic enzyme signature"	397	413	"1.0E-65"	"IPR001891"	"Malic oxidoreductase"	"GO:0004470|GO:0004471"
"PPA0330"	264	"PRINTS"	"PR00080"	"Short-chain dehydrogenase/reductase (SDR) superfamily signature"	88	99	"6.9E-9"	"IPR002347"	"Short-chain dehydrogenase/reductase SDR"	"-"
"PPA0330"	264	"PRINTS"	"PR00080"	"Short-chain dehydrogenase/reductase (SDR) superfamily signature"	141	149	"6.9E-9"	"IPR002347"	"Short-chain dehydrogenase/reductase SDR"	"-"
"PPA0330"	264	"PRINTS"	"PR00080"	"Short-chain dehydrogenase/reductase (SDR) superfamily signature"	161	180	"6.9E-9"	"IPR002347"	"Short-chain dehydrogenase/reductase SDR"	"-"
"PPA0330"	264	"PRINTS"	"PR00081"	"Glucose/ribitol dehydrogenase family signature"	13	30	"9.4E-22"	"IPR002347"	"Short-chain dehydrogenase/reductase SDR"	"-"
"PPA0330"	264	"PRINTS"	"PR00081"	"Glucose/ribitol dehydrogenase family signature"	88	99	"9.4E-22"	"IPR002347"	"Short-chain dehydrogenase/reductase SDR"	"-"
"PPA0330"	264	"PRINTS"	"PR00081"	"Glucose/ribitol dehydrogenase family signature"	135	151	"9.4E-22"	"IPR002347"	"Short-chain dehydrogenase/reductase SDR"	"-"
"PPA0330"	264	"PRINTS"	"PR00081"	"Glucose/ribitol dehydrogenase family signature"	161	180	"9.4E-22"	"IPR002347"	"Short-chain dehydrogenase/reductase SDR"	"-"
"PPA0330"	264	"PRINTS"	"PR00081"	"Glucose/ribitol dehydrogenase family signature"	182	199	"9.4E-22"	"IPR002347"	"Short-chain dehydrogenase/reductase SDR"	"-"
"PPA0333"	466	"PRINTS"	"PR00368"	"FAD-dependent pyridine nucleotide reductase signature"	6	25	"5.0E-24"	"-"	"-"	""
"PPA0333"	466	"PRINTS"	"PR00368"	"FAD-dependent pyridine nucleotide reductase signature"	129	147	"5.0E-24"	"-"	"-"	""
"PPA0333"	466	"PRINTS"	"PR00368"	"FAD-dependent pyridine nucleotide reductase signature"	172	190	"5.0E-24"	"-"	"-"	""
"PPA0333"	466	"PRINTS"	"PR00368"	"FAD-dependent pyridine nucleotide reductase signature"	260	276	"5.0E-24"	"-"	"-"	""
"PPA0333"	466	"PRINTS"	"PR00368"	"FAD-dependent pyridine nucleotide reductase signature"	289	311	"5.0E-24"	"-"	"-"	""
"PPA0333"	466	"PRINTS"	"PR00411"	"Pyridine nucleotide disulphide reductase class-I signature"	5	27	"1.6E-40"	"-"	"-"	""
"PPA0333"	466	"PRINTS"	"PR00411"	"Pyridine nucleotide disulphide reductase class-I signature"	132	141	"1.6E-40"	"-"	"-"	""
"PPA0333"	466	"PRINTS"	"PR00411"	"Pyridine nucleotide disulphide reductase class-I signature"	172	197	"1.6E-40"	"-"	"-"	""
"PPA0333"	466	"PRINTS"	"PR00411"	"Pyridine nucleotide disulphide reductase class-I signature"	261	275	"1.6E-40"	"-"	"-"	""
"PPA0333"	466	"PRINTS"	"PR00411"	"Pyridine nucleotide disulphide reductase class-I signature"	304	311	"1.6E-40"	"-"	"-"	""
"PPA0333"	466	"PRINTS"	"PR00411"	"Pyridine nucleotide disulphide reductase class-I signature"	341	362	"1.6E-40"	"-"	"-"	""
"PPA0333"	466	"PRINTS"	"PR00411"	"Pyridine nucleotide disulphide reductase class-I signature"	406	421	"1.6E-40"	"-"	"-"	""
"PPA0350"	245	"PRINTS"	"PR00080"	"Short-chain dehydrogenase/reductase (SDR) superfamily signature"	70	81	"7.6E-7"	"IPR002347"	"Short-chain dehydrogenase/reductase SDR"	"-"
"PPA0350"	245	"PRINTS"	"PR00080"	"Short-chain dehydrogenase/reductase (SDR) superfamily signature"	123	131	"7.6E-7"	"IPR002347"	"Short-chain dehydrogenase/reductase SDR"	"-"
"PPA0350"	245	"PRINTS"	"PR00080"	"Short-chain dehydrogenase/reductase (SDR) superfamily signature"	143	162	"7.6E-7"	"IPR002347"	"Short-chain dehydrogenase/reductase SDR"	"-"
"PPA0350"	245	"PRINTS"	"PR00081"	"Glucose/ribitol dehydrogenase family signature"	4	21	"4.1E-23"	"IPR002347"	"Short-chain dehydrogenase/reductase SDR"	"-"
"PPA0350"	245	"PRINTS"	"PR00081"	"Glucose/ribitol dehydrogenase family signature"	70	81	"4.1E-23"	"IPR002347"	"Short-chain dehydrogenase/reductase SDR"	"-"
"PPA0350"	245	"PRINTS"	"PR00081"	"Glucose/ribitol dehydrogenase family signature"	117	133	"4.1E-23"	"IPR002347"	"Short-chain dehydrogenase/reductase SDR"	"-"
"PPA0350"	245	"PRINTS"	"PR00081"	"Glucose/ribitol dehydrogenase family signature"	143	162	"4.1E-23"	"IPR002347"	"Short-chain dehydrogenase/reductase SDR"	"-"
"PPA0350"	245	"PRINTS"	"PR00081"	"Glucose/ribitol dehydrogenase family signature"	164	181	"4.1E-23"	"IPR002347"	"Short-chain dehydrogenase/reductase SDR"	"-"
"PPA0351"	572	"PRINTS"	"PR01736"	"Phosphoenolpyruvate-protein phosphotransferase signature"	298	317	"9.8E-22"	"-"	"-"	""
"PPA0351"	572	"PRINTS"	"PR01736"	"Phosphoenolpyruvate-protein phosphotransferase signature"	443	458	"9.8E-22"	"-"	"-"	""
"PPA0351"	572	"PRINTS"	"PR01736"	"Phosphoenolpyruvate-protein phosphotransferase signature"	460	475	"9.8E-22"	"-"	"-"	""
"PPA0351"	572	"PRINTS"	"PR01736"	"Phosphoenolpyruvate-protein phosphotransferase signature"	494	506	"9.8E-22"	"-"	"-"	""
"PPA0352"	88	"PRINTS"	"PR00107"	"Phosphocarrier protein signature"	13	29	"6.3E-14"	"IPR000032"	"Phosphocarrier protein HPr-like"	"-"
"PPA0352"	88	"PRINTS"	"PR00107"	"Phosphocarrier protein signature"	39	54	"6.3E-14"	"IPR000032"	"Phosphocarrier protein HPr-like"	"-"
"PPA0352"	88	"PRINTS"	"PR00107"	"Phosphocarrier protein signature"	54	71	"6.3E-14"	"IPR000032"	"Phosphocarrier protein HPr-like"	"-"
"PPA0360"	393	"PRINTS"	"PR00344"	"Bacterial sensor protein C-terminal signature"	306	320	"2.1E-20"	"IPR004358"	"Signal transduction histidine kinase-related protein, C-terminal"	"GO:0016310|GO:0016772"
"PPA0360"	393	"PRINTS"	"PR00344"	"Bacterial sensor protein C-terminal signature"	324	334	"2.1E-20"	"IPR004358"	"Signal transduction histidine kinase-related protein, C-terminal"	"GO:0016310|GO:0016772"
"PPA0360"	393	"PRINTS"	"PR00344"	"Bacterial sensor protein C-terminal signature"	341	359	"2.1E-20"	"IPR004358"	"Signal transduction histidine kinase-related protein, C-terminal"	"GO:0016310|GO:0016772"
"PPA0360"	393	"PRINTS"	"PR00344"	"Bacterial sensor protein C-terminal signature"	365	378	"2.1E-20"	"IPR004358"	"Signal transduction histidine kinase-related protein, C-terminal"	"GO:0016310|GO:0016772"
"PPA0367"	331	"PRINTS"	"PR00139"	"Asparaginase/glutaminase family signature"	4	15	"4.6E-10"	"IPR006034"	"Asparaginase/glutaminase-like"	"-"
"PPA0367"	331	"PRINTS"	"PR00139"	"Asparaginase/glutaminase family signature"	79	97	"4.6E-10"	"IPR006034"	"Asparaginase/glutaminase-like"	"-"
"PPA0367"	331	"PRINTS"	"PR00139"	"Asparaginase/glutaminase family signature"	255	273	"4.6E-10"	"IPR006034"	"Asparaginase/glutaminase-like"	"-"
"PPA0372"	258	"PRINTS"	"PR00081"	"Glucose/ribitol dehydrogenase family signature"	4	21	"4.3E-34"	"IPR002347"	"Short-chain dehydrogenase/reductase SDR"	"-"
"PPA0372"	258	"PRINTS"	"PR00081"	"Glucose/ribitol dehydrogenase family signature"	76	87	"4.3E-34"	"IPR002347"	"Short-chain dehydrogenase/reductase SDR"	"-"
"PPA0372"	258	"PRINTS"	"PR00081"	"Glucose/ribitol dehydrogenase family signature"	136	152	"4.3E-34"	"IPR002347"	"Short-chain dehydrogenase/reductase SDR"	"-"
"PPA0372"	258	"PRINTS"	"PR00081"	"Glucose/ribitol dehydrogenase family signature"	162	181	"4.3E-34"	"IPR002347"	"Short-chain dehydrogenase/reductase SDR"	"-"
"PPA0372"	258	"PRINTS"	"PR00081"	"Glucose/ribitol dehydrogenase family signature"	183	200	"4.3E-34"	"IPR002347"	"Short-chain dehydrogenase/reductase SDR"	"-"
"PPA0372"	258	"PRINTS"	"PR00081"	"Glucose/ribitol dehydrogenase family signature"	217	237	"4.3E-34"	"IPR002347"	"Short-chain dehydrogenase/reductase SDR"	"-"
"PPA0372"	258	"PRINTS"	"PR00080"	"Short-chain dehydrogenase/reductase (SDR) superfamily signature"	76	87	"5.9E-10"	"IPR002347"	"Short-chain dehydrogenase/reductase SDR"	"-"
"PPA0372"	258	"PRINTS"	"PR00080"	"Short-chain dehydrogenase/reductase (SDR) superfamily signature"	142	150	"5.9E-10"	"IPR002347"	"Short-chain dehydrogenase/reductase SDR"	"-"
"PPA0372"	258	"PRINTS"	"PR00080"	"Short-chain dehydrogenase/reductase (SDR) superfamily signature"	162	181	"5.9E-10"	"IPR002347"	"Short-chain dehydrogenase/reductase SDR"	"-"
"PPA0384"	490	"PRINTS"	"PR00983"	"Cysteinyl-tRNA synthetase signature"	40	51	"8.2E-24"	"IPR024909"	"Cysteinyl-tRNA synthetase/mycothiol ligase"	"-"
"PPA0384"	490	"PRINTS"	"PR00983"	"Cysteinyl-tRNA synthetase signature"	76	85	"8.2E-24"	"IPR024909"	"Cysteinyl-tRNA synthetase/mycothiol ligase"	"-"
"PPA0384"	490	"PRINTS"	"PR00983"	"Cysteinyl-tRNA synthetase signature"	210	228	"8.2E-24"	"IPR024909"	"Cysteinyl-tRNA synthetase/mycothiol ligase"	"-"
"PPA0384"	490	"PRINTS"	"PR00983"	"Cysteinyl-tRNA synthetase signature"	241	262	"8.2E-24"	"IPR024909"	"Cysteinyl-tRNA synthetase/mycothiol ligase"	"-"
"PPA0416"	206	"PRINTS"	"PR00038"	"LuxR bacterial regulatory protein HTH signature"	146	160	"5.7E-8"	"IPR000792"	"Transcription regulator LuxR, C-terminal"	"GO:0006355"
"PPA0416"	206	"PRINTS"	"PR00038"	"LuxR bacterial regulatory protein HTH signature"	160	176	"5.7E-8"	"IPR000792"	"Transcription regulator LuxR, C-terminal"	"GO:0006355"
"PPA0416"	206	"PRINTS"	"PR00038"	"LuxR bacterial regulatory protein HTH signature"	176	188	"5.7E-8"	"IPR000792"	"Transcription regulator LuxR, C-terminal"	"GO:0006355"
"PPA0450"	160	"PRINTS"	"PR01487"	"Bacterial autoinducer-2 (AI-2) production protein LuxS signature"	14	32	"8.7E-43"	"IPR003815"	"S-ribosylhomocysteinase (LuxS)"	"GO:0005506|GO:0009372|GO:0043768"
"PPA0450"	160	"PRINTS"	"PR01487"	"Bacterial autoinducer-2 (AI-2) production protein LuxS signature"	37	55	"8.7E-43"	"IPR003815"	"S-ribosylhomocysteinase (LuxS)"	"GO:0005506|GO:0009372|GO:0043768"
"PPA0450"	160	"PRINTS"	"PR01487"	"Bacterial autoinducer-2 (AI-2) production protein LuxS signature"	58	76	"8.7E-43"	"IPR003815"	"S-ribosylhomocysteinase (LuxS)"	"GO:0005506|GO:0009372|GO:0043768"
"PPA0450"	160	"PRINTS"	"PR01487"	"Bacterial autoinducer-2 (AI-2) production protein LuxS signature"	82	100	"8.7E-43"	"IPR003815"	"S-ribosylhomocysteinase (LuxS)"	"GO:0005506|GO:0009372|GO:0043768"
"PPA0450"	160	"PRINTS"	"PR01487"	"Bacterial autoinducer-2 (AI-2) production protein LuxS signature"	123	142	"8.7E-43"	"IPR003815"	"S-ribosylhomocysteinase (LuxS)"	"GO:0005506|GO:0009372|GO:0043768"
"PPA0451"	393	"PRINTS"	"PR00714"	"Phosphomannose isomerase type I signature"	4	22	"1.2E-50"	"IPR016305"	"Mannose-6-phosphate isomerase"	"GO:0004476|GO:0009298"
"PPA0451"	393	"PRINTS"	"PR00714"	"Phosphomannose isomerase type I signature"	31	46	"1.2E-50"	"IPR016305"	"Mannose-6-phosphate isomerase"	"GO:0004476|GO:0009298"
"PPA0451"	393	"PRINTS"	"PR00714"	"Phosphomannose isomerase type I signature"	75	96	"1.2E-50"	"IPR016305"	"Mannose-6-phosphate isomerase"	"GO:0004476|GO:0009298"
"PPA0451"	393	"PRINTS"	"PR00714"	"Phosphomannose isomerase type I signature"	120	143	"1.2E-50"	"IPR016305"	"Mannose-6-phosphate isomerase"	"GO:0004476|GO:0009298"
"PPA0451"	393	"PRINTS"	"PR00714"	"Phosphomannose isomerase type I signature"	222	237	"1.2E-50"	"IPR016305"	"Mannose-6-phosphate isomerase"	"GO:0004476|GO:0009298"
"PPA0451"	393	"PRINTS"	"PR00714"	"Phosphomannose isomerase type I signature"	238	257	"1.2E-50"	"IPR016305"	"Mannose-6-phosphate isomerase"	"GO:0004476|GO:0009298"
"PPA0451"	393	"PRINTS"	"PR00714"	"Phosphomannose isomerase type I signature"	257	276	"1.2E-50"	"IPR016305"	"Mannose-6-phosphate isomerase"	"GO:0004476|GO:0009298"
"PPA0451"	393	"PRINTS"	"PR00714"	"Phosphomannose isomerase type I signature"	276	295	"1.2E-50"	"IPR016305"	"Mannose-6-phosphate isomerase"	"GO:0004476|GO:0009298"
"PPA0453"	544	"PRINTS"	"PR00298"	"60kDa chaperonin signature"	26	52	"5.1E-71"	"IPR001844"	"Chaperonin Cpn60/GroEL"	"GO:0042026|GO:0140662"
"PPA0453"	544	"PRINTS"	"PR00298"	"60kDa chaperonin signature"	82	109	"5.1E-71"	"IPR001844"	"Chaperonin Cpn60/GroEL"	"GO:0042026|GO:0140662"
"PPA0453"	544	"PRINTS"	"PR00298"	"60kDa chaperonin signature"	266	289	"5.1E-71"	"IPR001844"	"Chaperonin Cpn60/GroEL"	"GO:0042026|GO:0140662"
"PPA0453"	544	"PRINTS"	"PR00298"	"60kDa chaperonin signature"	348	373	"5.1E-71"	"IPR001844"	"Chaperonin Cpn60/GroEL"	"GO:0042026|GO:0140662"
"PPA0453"	544	"PRINTS"	"PR00298"	"60kDa chaperonin signature"	396	417	"5.1E-71"	"IPR001844"	"Chaperonin Cpn60/GroEL"	"GO:0042026|GO:0140662"
"PPA0467"	548	"PRINTS"	"PR00171"	"Sugar transporter signature"	38	48	"6.9E-16"	"IPR003663"	"Sugar/inositol transporter"	"GO:0016020|GO:0022857|GO:0055085"
"PPA0467"	548	"PRINTS"	"PR00171"	"Sugar transporter signature"	126	145	"6.9E-16"	"IPR003663"	"Sugar/inositol transporter"	"GO:0016020|GO:0022857|GO:0055085"
"PPA0467"	548	"PRINTS"	"PR00171"	"Sugar transporter signature"	346	356	"6.9E-16"	"IPR003663"	"Sugar/inositol transporter"	"GO:0016020|GO:0022857|GO:0055085"
"PPA0467"	548	"PRINTS"	"PR00171"	"Sugar transporter signature"	444	465	"6.9E-16"	"IPR003663"	"Sugar/inositol transporter"	"GO:0016020|GO:0022857|GO:0055085"
"PPA0467"	548	"PRINTS"	"PR00171"	"Sugar transporter signature"	467	479	"6.9E-16"	"IPR003663"	"Sugar/inositol transporter"	"GO:0016020|GO:0022857|GO:0055085"
"PPA0473"	694	"PRINTS"	"PR00851"	"Xeroderma pigmentosum group B protein signature"	335	357	"3.0E-29"	"-"	"-"	""
"PPA0473"	694	"PRINTS"	"PR00851"	"Xeroderma pigmentosum group B protein signature"	435	455	"3.0E-29"	"-"	"-"	""
"PPA0473"	694	"PRINTS"	"PR00851"	"Xeroderma pigmentosum group B protein signature"	600	618	"3.0E-29"	"-"	"-"	""
"PPA0473"	694	"PRINTS"	"PR00851"	"Xeroderma pigmentosum group B protein signature"	619	644	"3.0E-29"	"-"	"-"	""
"PPA0477"	127	"PRINTS"	"PR00050"	"Cold shock protein signature"	4	19	"2.5E-10"	"IPR002059"	"Cold-shock protein, DNA-binding"	"GO:0003676"
"PPA0477"	127	"PRINTS"	"PR00050"	"Cold shock protein signature"	24	33	"2.5E-10"	"IPR002059"	"Cold-shock protein, DNA-binding"	"GO:0003676"
"PPA0477"	127	"PRINTS"	"PR00050"	"Cold shock protein signature"	38	56	"2.5E-10"	"IPR002059"	"Cold-shock protein, DNA-binding"	"GO:0003676"
"PPA0487"	121	"PRINTS"	"PR00421"	"Thioredoxin family signature"	21	29	"2.8E-7"	"-"	"-"	""
"PPA0487"	121	"PRINTS"	"PR00421"	"Thioredoxin family signature"	29	38	"2.8E-7"	"-"	"-"	""
"PPA0487"	121	"PRINTS"	"PR00421"	"Thioredoxin family signature"	68	79	"2.8E-7"	"-"	"-"	""
"PPA0488"	538	"PRINTS"	"PR00171"	"Sugar transporter signature"	34	44	"1.9E-16"	"IPR003663"	"Sugar/inositol transporter"	"GO:0016020|GO:0022857|GO:0055085"
"PPA0488"	538	"PRINTS"	"PR00171"	"Sugar transporter signature"	122	141	"1.9E-16"	"IPR003663"	"Sugar/inositol transporter"	"GO:0016020|GO:0022857|GO:0055085"
"PPA0488"	538	"PRINTS"	"PR00171"	"Sugar transporter signature"	338	348	"1.9E-16"	"IPR003663"	"Sugar/inositol transporter"	"GO:0016020|GO:0022857|GO:0055085"
"PPA0488"	538	"PRINTS"	"PR00171"	"Sugar transporter signature"	434	455	"1.9E-16"	"IPR003663"	"Sugar/inositol transporter"	"GO:0016020|GO:0022857|GO:0055085"
"PPA0488"	538	"PRINTS"	"PR00171"	"Sugar transporter signature"	457	469	"1.9E-16"	"IPR003663"	"Sugar/inositol transporter"	"GO:0016020|GO:0022857|GO:0055085"
"PPA0528"	179	"PRINTS"	"PR00598"	"Bacterial regulatory protein MarR family signature"	85	101	"1.7E-5"	"IPR000835"	"MarR-type HTH domain"	"GO:0003700|GO:0006355"
"PPA0528"	179	"PRINTS"	"PR00598"	"Bacterial regulatory protein MarR family signature"	102	117	"1.7E-5"	"IPR000835"	"MarR-type HTH domain"	"GO:0003700|GO:0006355"
"PPA0528"	179	"PRINTS"	"PR00598"	"Bacterial regulatory protein MarR family signature"	121	137	"1.7E-5"	"IPR000835"	"MarR-type HTH domain"	"GO:0003700|GO:0006355"
"PPA0529"	227	"PRINTS"	"PR00455"	"TetR bacterial regulatory protein HTH signature"	27	40	"3.3E-10"	"IPR001647"	"DNA-binding HTH domain, TetR-type"	"GO:0003677"
"PPA0529"	227	"PRINTS"	"PR00455"	"TetR bacterial regulatory protein HTH signature"	48	71	"3.3E-10"	"IPR001647"	"DNA-binding HTH domain, TetR-type"	"GO:0003677"
"PPA0545"	426	"PRINTS"	"PR00148"	"Enolase signature"	37	51	"2.3E-47"	"IPR000941"	"Enolase"	"GO:0000015|GO:0000287|GO:0004634|GO:0006096"
"PPA0545"	426	"PRINTS"	"PR00148"	"Enolase signature"	107	123	"2.3E-47"	"IPR000941"	"Enolase"	"GO:0000015|GO:0000287|GO:0004634|GO:0006096"
"PPA0545"	426	"PRINTS"	"PR00148"	"Enolase signature"	161	174	"2.3E-47"	"IPR000941"	"Enolase"	"GO:0000015|GO:0000287|GO:0004634|GO:0006096"
"PPA0545"	426	"PRINTS"	"PR00148"	"Enolase signature"	309	320	"2.3E-47"	"IPR000941"	"Enolase"	"GO:0000015|GO:0000287|GO:0004634|GO:0006096"
"PPA0545"	426	"PRINTS"	"PR00148"	"Enolase signature"	332	346	"2.3E-47"	"IPR000941"	"Enolase"	"GO:0000015|GO:0000287|GO:0004634|GO:0006096"
"PPA0545"	426	"PRINTS"	"PR00148"	"Enolase signature"	361	378	"2.3E-47"	"IPR000941"	"Enolase"	"GO:0000015|GO:0000287|GO:0004634|GO:0006096"
"PPA0550"	231	"PRINTS"	"PR00502"	"NUDIX hydrolase family signature"	117	131	"5.8E-7"	"IPR020476"	"NUDIX hydrolase"	"-"
"PPA0550"	231	"PRINTS"	"PR00502"	"NUDIX hydrolase family signature"	131	146	"5.8E-7"	"IPR020476"	"NUDIX hydrolase"	"-"
"PPA0557"	539	"PRINTS"	"PR00176"	"Sodium/chloride neurotransmitter symporter signature"	32	53	"1.2E-28"	"IPR000175"	"Sodium:neurotransmitter symporter"	"GO:0016021"
"PPA0557"	539	"PRINTS"	"PR00176"	"Sodium/chloride neurotransmitter symporter signature"	61	80	"1.2E-28"	"IPR000175"	"Sodium:neurotransmitter symporter"	"GO:0016021"
"PPA0557"	539	"PRINTS"	"PR00176"	"Sodium/chloride neurotransmitter symporter signature"	105	131	"1.2E-28"	"IPR000175"	"Sodium:neurotransmitter symporter"	"GO:0016021"
"PPA0557"	539	"PRINTS"	"PR00176"	"Sodium/chloride neurotransmitter symporter signature"	332	351	"1.2E-28"	"IPR000175"	"Sodium:neurotransmitter symporter"	"GO:0016021"
"PPA0557"	539	"PRINTS"	"PR00176"	"Sodium/chloride neurotransmitter symporter signature"	410	430	"1.2E-28"	"IPR000175"	"Sodium:neurotransmitter symporter"	"GO:0016021"
"PPA0574"	428	"PRINTS"	"PR00932"	"Aminopeptidase I zinc metalloprotease (M18) signature"	83	99	"1.1E-34"	"IPR001948"	"Peptidase M18"	"GO:0004177|GO:0006508|GO:0008270"
"PPA0574"	428	"PRINTS"	"PR00932"	"Aminopeptidase I zinc metalloprotease (M18) signature"	116	136	"1.1E-34"	"IPR001948"	"Peptidase M18"	"GO:0004177|GO:0006508|GO:0008270"
"PPA0574"	428	"PRINTS"	"PR00932"	"Aminopeptidase I zinc metalloprotease (M18) signature"	260	278	"1.1E-34"	"IPR001948"	"Peptidase M18"	"GO:0004177|GO:0006508|GO:0008270"
"PPA0574"	428	"PRINTS"	"PR00932"	"Aminopeptidase I zinc metalloprotease (M18) signature"	303	319	"1.1E-34"	"IPR001948"	"Peptidase M18"	"GO:0004177|GO:0006508|GO:0008270"
"PPA0574"	428	"PRINTS"	"PR00932"	"Aminopeptidase I zinc metalloprotease (M18) signature"	392	407	"1.1E-34"	"IPR001948"	"Peptidase M18"	"GO:0004177|GO:0006508|GO:0008270"
"PPA0575"	357	"PRINTS"	"PR00326"	"GTP1/OBG GTP-binding protein family signature"	5	25	"9.8E-34"	"IPR006073"	"GTP binding domain"	"GO:0005525"
"PPA0575"	357	"PRINTS"	"PR00326"	"GTP1/OBG GTP-binding protein family signature"	26	44	"9.8E-34"	"IPR006073"	"GTP binding domain"	"GO:0005525"
"PPA0575"	357	"PRINTS"	"PR00326"	"GTP1/OBG GTP-binding protein family signature"	70	85	"9.8E-34"	"IPR006073"	"GTP binding domain"	"GO:0005525"
"PPA0575"	357	"PRINTS"	"PR00326"	"GTP1/OBG GTP-binding protein family signature"	87	105	"9.8E-34"	"IPR006073"	"GTP binding domain"	"GO:0005525"
"PPA0583"	414	"PRINTS"	"PR01466"	"Bacterial arginine deiminase signature"	3	23	"3.3E-48"	"IPR003876"	"Arginine deiminase"	"GO:0006527|GO:0016990"
"PPA0583"	414	"PRINTS"	"PR01466"	"Bacterial arginine deiminase signature"	154	172	"3.3E-48"	"IPR003876"	"Arginine deiminase"	"GO:0006527|GO:0016990"
"PPA0583"	414	"PRINTS"	"PR01466"	"Bacterial arginine deiminase signature"	182	197	"3.3E-48"	"IPR003876"	"Arginine deiminase"	"GO:0006527|GO:0016990"
"PPA0583"	414	"PRINTS"	"PR01466"	"Bacterial arginine deiminase signature"	348	365	"3.3E-48"	"IPR003876"	"Arginine deiminase"	"GO:0006527|GO:0016990"
"PPA0583"	414	"PRINTS"	"PR01466"	"Bacterial arginine deiminase signature"	368	382	"3.3E-48"	"IPR003876"	"Arginine deiminase"	"GO:0006527|GO:0016990"
"PPA0583"	414	"PRINTS"	"PR01466"	"Bacterial arginine deiminase signature"	391	409	"3.3E-48"	"IPR003876"	"Arginine deiminase"	"GO:0006527|GO:0016990"
"PPA0584"	334	"PRINTS"	"PR00100"	"Aspartate/ornithine carbamoyltransferase superfamily signature"	53	72	"9.6E-24"	"IPR006130"	"Aspartate/ornithine carbamoyltransferase"	"GO:0006520|GO:0016597|GO:0016743"
"PPA0584"	334	"PRINTS"	"PR00100"	"Aspartate/ornithine carbamoyltransferase superfamily signature"	135	146	"9.6E-24"	"IPR006130"	"Aspartate/ornithine carbamoyltransferase"	"GO:0006520|GO:0016597|GO:0016743"
"PPA0584"	334	"PRINTS"	"PR00100"	"Aspartate/ornithine carbamoyltransferase superfamily signature"	267	276	"9.6E-24"	"IPR006130"	"Aspartate/ornithine carbamoyltransferase"	"GO:0006520|GO:0016597|GO:0016743"
"PPA0584"	334	"PRINTS"	"PR00100"	"Aspartate/ornithine carbamoyltransferase superfamily signature"	298	321	"9.6E-24"	"IPR006130"	"Aspartate/ornithine carbamoyltransferase"	"GO:0006520|GO:0016597|GO:0016743"
"PPA0584"	334	"PRINTS"	"PR00102"	"Ornithine carbamoyltransferase signature"	51	65	"7.7E-30"	"IPR002292"	"Ornithine/putrescine carbamoyltransferase"	"GO:0016743"
"PPA0584"	334	"PRINTS"	"PR00102"	"Ornithine carbamoyltransferase signature"	84	97	"7.7E-30"	"IPR002292"	"Ornithine/putrescine carbamoyltransferase"	"GO:0016743"
"PPA0584"	334	"PRINTS"	"PR00102"	"Ornithine carbamoyltransferase signature"	124	138	"7.7E-30"	"IPR002292"	"Ornithine/putrescine carbamoyltransferase"	"GO:0016743"
"PPA0584"	334	"PRINTS"	"PR00102"	"Ornithine carbamoyltransferase signature"	229	239	"7.7E-30"	"IPR002292"	"Ornithine/putrescine carbamoyltransferase"	"GO:0016743"
"PPA0584"	334	"PRINTS"	"PR00102"	"Ornithine carbamoyltransferase signature"	312	323	"7.7E-30"	"IPR002292"	"Ornithine/putrescine carbamoyltransferase"	"GO:0016743"
"PPA0585"	301	"PRINTS"	"PR01469"	"Bacterial carbamate kinase signature"	41	60	"2.3E-65"	"-"	"-"	""
"PPA0585"	301	"PRINTS"	"PR01469"	"Bacterial carbamate kinase signature"	71	89	"2.3E-65"	"-"	"-"	""
"PPA0585"	301	"PRINTS"	"PR01469"	"Bacterial carbamate kinase signature"	103	122	"2.3E-65"	"-"	"-"	""
"PPA0585"	301	"PRINTS"	"PR01469"	"Bacterial carbamate kinase signature"	151	170	"2.3E-65"	"-"	"-"	""
"PPA0585"	301	"PRINTS"	"PR01469"	"Bacterial carbamate kinase signature"	174	192	"2.3E-65"	"-"	"-"	""
"PPA0585"	301	"PRINTS"	"PR01469"	"Bacterial carbamate kinase signature"	205	220	"2.3E-65"	"-"	"-"	""
"PPA0585"	301	"PRINTS"	"PR01469"	"Bacterial carbamate kinase signature"	256	271	"2.3E-65"	"-"	"-"	""
"PPA0586"	187	"PRINTS"	"PR01467"	"Bacterial arginine repressor signature"	39	52	"4.2E-21"	"IPR001669"	"Arginine repressor"	"GO:0003700|GO:0006355"
"PPA0586"	187	"PRINTS"	"PR01467"	"Bacterial arginine repressor signature"	55	70	"4.2E-21"	"IPR001669"	"Arginine repressor"	"GO:0003700|GO:0006355"
"PPA0586"	187	"PRINTS"	"PR01467"	"Bacterial arginine repressor signature"	113	126	"4.2E-21"	"IPR001669"	"Arginine repressor"	"GO:0003700|GO:0006355"
"PPA0586"	187	"PRINTS"	"PR01467"	"Bacterial arginine repressor signature"	143	158	"4.2E-21"	"IPR001669"	"Arginine repressor"	"GO:0003700|GO:0006355"
"PPA0589"	322	"PRINTS"	"PR00069"	"Aldo-keto reductase signature"	106	124	"3.8E-6"	"IPR020471"	"Aldo-keto reductase"	"GO:0016491"
"PPA0589"	322	"PRINTS"	"PR00069"	"Aldo-keto reductase signature"	137	154	"3.8E-6"	"IPR020471"	"Aldo-keto reductase"	"GO:0016491"
"PPA0598"	490	"PRINTS"	"PR00723"	"Subtilisin serine protease family (S8) signature"	185	204	"1.4E-13"	"IPR015500"	"Peptidase S8, subtilisin-related"	"-"
"PPA0598"	490	"PRINTS"	"PR00723"	"Subtilisin serine protease family (S8) signature"	248	261	"1.4E-13"	"IPR015500"	"Peptidase S8, subtilisin-related"	"-"
"PPA0598"	490	"PRINTS"	"PR00723"	"Subtilisin serine protease family (S8) signature"	428	444	"1.4E-13"	"IPR015500"	"Peptidase S8, subtilisin-related"	"-"
"PPA0607"	456	"PRINTS"	"PR00741"	"Glycosyl hydrolase family 29 signature"	123	139	"5.9E-17"	"IPR016286"	"Alpha-L-fucosidase, metazoa-type"	"GO:0004560|GO:0006004"
"PPA0607"	456	"PRINTS"	"PR00741"	"Glycosyl hydrolase family 29 signature"	170	189	"5.9E-17"	"IPR016286"	"Alpha-L-fucosidase, metazoa-type"	"GO:0004560|GO:0006004"
"PPA0607"	456	"PRINTS"	"PR00741"	"Glycosyl hydrolase family 29 signature"	317	338	"5.9E-17"	"IPR016286"	"Alpha-L-fucosidase, metazoa-type"	"GO:0004560|GO:0006004"
"PPA0607"	456	"PRINTS"	"PR00741"	"Glycosyl hydrolase family 29 signature"	350	372	"5.9E-17"	"IPR016286"	"Alpha-L-fucosidase, metazoa-type"	"GO:0004560|GO:0006004"
"PPA0627"	106	"PRINTS"	"PR00354"	"7Fe ferredoxin signature"	9	19	"1.5E-17"	"IPR000813"	"7Fe ferredoxin"	"GO:0009055"
"PPA0627"	106	"PRINTS"	"PR00354"	"7Fe ferredoxin signature"	19	29	"1.5E-17"	"IPR000813"	"7Fe ferredoxin"	"GO:0009055"
"PPA0627"	106	"PRINTS"	"PR00354"	"7Fe ferredoxin signature"	35	52	"1.5E-17"	"IPR000813"	"7Fe ferredoxin"	"GO:0009055"
"PPA0642"	293	"PRINTS"	"PR00146"	"Dihydrodipicolinate synthase signature"	40	61	"8.0E-30"	"IPR002220"	"DapA-like"	"GO:0016829"
"PPA0642"	293	"PRINTS"	"PR00146"	"Dihydrodipicolinate synthase signature"	76	94	"8.0E-30"	"IPR002220"	"DapA-like"	"GO:0016829"
"PPA0642"	293	"PRINTS"	"PR00146"	"Dihydrodipicolinate synthase signature"	108	124	"8.0E-30"	"IPR002220"	"DapA-like"	"GO:0016829"
"PPA0642"	293	"PRINTS"	"PR00146"	"Dihydrodipicolinate synthase signature"	133	150	"8.0E-30"	"IPR002220"	"DapA-like"	"GO:0016829"
"PPA0643"	137	"PRINTS"	"PR01506"	"Bacterial sec-independent translocation TatB protein signature"	1	21	"7.7E-6"	"-"	"-"	""
"PPA0643"	137	"PRINTS"	"PR01506"	"Bacterial sec-independent translocation TatB protein signature"	21	40	"7.7E-6"	"-"	"-"	""
"PPA0643"	137	"PRINTS"	"PR01506"	"Bacterial sec-independent translocation TatB protein signature"	40	58	"7.7E-6"	"-"	"-"	""
"PPA0661"	284	"PRINTS"	"PR00599"	"Methionine aminopeptidase-1 signature"	102	115	"8.5E-19"	"IPR001714"	"Peptidase M24, methionine aminopeptidase"	"-"
"PPA0661"	284	"PRINTS"	"PR00599"	"Methionine aminopeptidase-1 signature"	124	140	"8.5E-19"	"IPR001714"	"Peptidase M24, methionine aminopeptidase"	"-"
"PPA0661"	284	"PRINTS"	"PR00599"	"Methionine aminopeptidase-1 signature"	194	206	"8.5E-19"	"IPR001714"	"Peptidase M24, methionine aminopeptidase"	"-"
"PPA0661"	284	"PRINTS"	"PR00599"	"Methionine aminopeptidase-1 signature"	225	237	"8.5E-19"	"IPR001714"	"Peptidase M24, methionine aminopeptidase"	"-"
"PPA0676"	241	"PRINTS"	"PR00035"	"GntR bacterial regulatory protein HTH signature"	24	38	"2.0E-11"	"IPR000524"	"Transcription regulator HTH, GntR"	"GO:0003700|GO:0006355"
"PPA0676"	241	"PRINTS"	"PR00035"	"GntR bacterial regulatory protein HTH signature"	38	54	"2.0E-11"	"IPR000524"	"Transcription regulator HTH, GntR"	"GO:0003700|GO:0006355"
"PPA0690"	747	"PRINTS"	"PR00119"	"P-type cation-transporting ATPase superfamily signature"	291	305	"2.2E-20"	"-"	"-"	""
"PPA0690"	747	"PRINTS"	"PR00119"	"P-type cation-transporting ATPase superfamily signature"	441	455	"2.2E-20"	"-"	"-"	""
"PPA0690"	747	"PRINTS"	"PR00119"	"P-type cation-transporting ATPase superfamily signature"	585	595	"2.2E-20"	"-"	"-"	""
"PPA0690"	747	"PRINTS"	"PR00119"	"P-type cation-transporting ATPase superfamily signature"	638	657	"2.2E-20"	"-"	"-"	""
"PPA0690"	747	"PRINTS"	"PR00119"	"P-type cation-transporting ATPase superfamily signature"	661	673	"2.2E-20"	"-"	"-"	""
"PPA0694"	524	"PRINTS"	"PR00481"	"Cytosol aminopeptidase signature"	285	302	"3.8E-48"	"IPR011356"	"Peptidase M17, leucine aminopeptidase/peptidase B"	"GO:0005737|GO:0019538|GO:0030145|GO:0070006"
"PPA0694"	524	"PRINTS"	"PR00481"	"Cytosol aminopeptidase signature"	307	328	"3.8E-48"	"IPR011356"	"Peptidase M17, leucine aminopeptidase/peptidase B"	"GO:0005737|GO:0019538|GO:0030145|GO:0070006"
"PPA0694"	524	"PRINTS"	"PR00481"	"Cytosol aminopeptidase signature"	344	365	"3.8E-48"	"IPR011356"	"Peptidase M17, leucine aminopeptidase/peptidase B"	"GO:0005737|GO:0019538|GO:0030145|GO:0070006"
"PPA0694"	524	"PRINTS"	"PR00481"	"Cytosol aminopeptidase signature"	366	386	"3.8E-48"	"IPR011356"	"Peptidase M17, leucine aminopeptidase/peptidase B"	"GO:0005737|GO:0019538|GO:0030145|GO:0070006"
"PPA0694"	524	"PRINTS"	"PR00481"	"Cytosol aminopeptidase signature"	394	409	"3.8E-48"	"IPR011356"	"Peptidase M17, leucine aminopeptidase/peptidase B"	"GO:0005737|GO:0019538|GO:0030145|GO:0070006"
"PPA0701"	302	"PRINTS"	"PR01166"	"Cytochrome c oxidase subunit II signature"	110	122	"1.3E-16"	"-"	"-"	""
"PPA0701"	302	"PRINTS"	"PR01166"	"Cytochrome c oxidase subunit II signature"	145	164	"1.3E-16"	"-"	"-"	""
"PPA0701"	302	"PRINTS"	"PR01166"	"Cytochrome c oxidase subunit II signature"	181	202	"1.3E-16"	"-"	"-"	""
"PPA0701"	302	"PRINTS"	"PR01166"	"Cytochrome c oxidase subunit II signature"	205	225	"1.3E-16"	"-"	"-"	""
"PPA0701"	302	"PRINTS"	"PR01166"	"Cytochrome c oxidase subunit II signature"	225	242	"1.3E-16"	"-"	"-"	""
"PPA0701"	302	"PRINTS"	"PR01166"	"Cytochrome c oxidase subunit II signature"	243	260	"1.3E-16"	"-"	"-"	""
"PPA0702"	572	"PRINTS"	"PR01165"	"Cytochrome c oxidase subunit I signature"	31	56	"1.2E-97"	"IPR000883"	"Cytochrome c oxidase subunit I"	"GO:0004129|GO:0009060|GO:0016021|GO:0020037"
"PPA0702"	572	"PRINTS"	"PR01165"	"Cytochrome c oxidase subunit I signature"	78	101	"1.2E-97"	"IPR000883"	"Cytochrome c oxidase subunit I"	"GO:0004129|GO:0009060|GO:0016021|GO:0020037"
"PPA0702"	572	"PRINTS"	"PR01165"	"Cytochrome c oxidase subunit I signature"	105	129	"1.2E-97"	"IPR000883"	"Cytochrome c oxidase subunit I"	"GO:0004129|GO:0009060|GO:0016021|GO:0020037"
"PPA0702"	572	"PRINTS"	"PR01165"	"Cytochrome c oxidase subunit I signature"	148	160	"1.2E-97"	"IPR000883"	"Cytochrome c oxidase subunit I"	"GO:0004129|GO:0009060|GO:0016021|GO:0020037"
"PPA0702"	572	"PRINTS"	"PR01165"	"Cytochrome c oxidase subunit I signature"	180	198	"1.2E-97"	"IPR000883"	"Cytochrome c oxidase subunit I"	"GO:0004129|GO:0009060|GO:0016021|GO:0020037"
"PPA0702"	572	"PRINTS"	"PR01165"	"Cytochrome c oxidase subunit I signature"	209	228	"1.2E-97"	"IPR000883"	"Cytochrome c oxidase subunit I"	"GO:0004129|GO:0009060|GO:0016021|GO:0020037"
"PPA0702"	572	"PRINTS"	"PR01165"	"Cytochrome c oxidase subunit I signature"	238	259	"1.2E-97"	"IPR000883"	"Cytochrome c oxidase subunit I"	"GO:0004129|GO:0009060|GO:0016021|GO:0020037"
"PPA0702"	572	"PRINTS"	"PR01165"	"Cytochrome c oxidase subunit I signature"	259	280	"1.2E-97"	"IPR000883"	"Cytochrome c oxidase subunit I"	"GO:0004129|GO:0009060|GO:0016021|GO:0020037"
"PPA0702"	572	"PRINTS"	"PR01165"	"Cytochrome c oxidase subunit I signature"	305	320	"1.2E-97"	"IPR000883"	"Cytochrome c oxidase subunit I"	"GO:0004129|GO:0009060|GO:0016021|GO:0020037"
"PPA0702"	572	"PRINTS"	"PR01165"	"Cytochrome c oxidase subunit I signature"	327	348	"1.2E-97"	"IPR000883"	"Cytochrome c oxidase subunit I"	"GO:0004129|GO:0009060|GO:0016021|GO:0020037"
"PPA0702"	572	"PRINTS"	"PR01165"	"Cytochrome c oxidase subunit I signature"	362	380	"1.2E-97"	"IPR000883"	"Cytochrome c oxidase subunit I"	"GO:0004129|GO:0009060|GO:0016021|GO:0020037"
"PPA0702"	572	"PRINTS"	"PR01165"	"Cytochrome c oxidase subunit I signature"	390	409	"1.2E-97"	"IPR000883"	"Cytochrome c oxidase subunit I"	"GO:0004129|GO:0009060|GO:0016021|GO:0020037"
"PPA0702"	572	"PRINTS"	"PR01165"	"Cytochrome c oxidase subunit I signature"	440	461	"1.2E-97"	"IPR000883"	"Cytochrome c oxidase subunit I"	"GO:0004129|GO:0009060|GO:0016021|GO:0020037"
"PPA0711"	350	"PRINTS"	"PR00162"	"Rieske 2Fe-2S subunit signature"	261	272	"2.8E-5"	"IPR005805"	"Rieske iron-sulphur protein, C-terminal"	"GO:0016020|GO:0051537"
"PPA0711"	350	"PRINTS"	"PR00162"	"Rieske 2Fe-2S subunit signature"	283	295	"2.8E-5"	"IPR005805"	"Rieske iron-sulphur protein, C-terminal"	"GO:0016020|GO:0051537"
"PPA0711"	350	"PRINTS"	"PR00162"	"Rieske 2Fe-2S subunit signature"	297	309	"2.8E-5"	"IPR005805"	"Rieske iron-sulphur protein, C-terminal"	"GO:0016020|GO:0051537"
"PPA0718"	170	"PRINTS"	"PR00153"	"Cyclophilin peptidyl-prolyl cis-trans isomerase signature"	18	33	"1.2E-26"	"IPR002130"	"Cyclophilin-type peptidyl-prolyl cis-trans isomerase domain"	"GO:0000413|GO:0003755"
"PPA0718"	170	"PRINTS"	"PR00153"	"Cyclophilin peptidyl-prolyl cis-trans isomerase signature"	59	71	"1.2E-26"	"IPR002130"	"Cyclophilin-type peptidyl-prolyl cis-trans isomerase domain"	"GO:0000413|GO:0003755"
"PPA0718"	170	"PRINTS"	"PR00153"	"Cyclophilin peptidyl-prolyl cis-trans isomerase signature"	99	114	"1.2E-26"	"IPR002130"	"Cyclophilin-type peptidyl-prolyl cis-trans isomerase domain"	"GO:0000413|GO:0003755"
"PPA0718"	170	"PRINTS"	"PR00153"	"Cyclophilin peptidyl-prolyl cis-trans isomerase signature"	114	126	"1.2E-26"	"IPR002130"	"Cyclophilin-type peptidyl-prolyl cis-trans isomerase domain"	"GO:0000413|GO:0003755"
"PPA0718"	170	"PRINTS"	"PR00153"	"Cyclophilin peptidyl-prolyl cis-trans isomerase signature"	127	142	"1.2E-26"	"IPR002130"	"Cyclophilin-type peptidyl-prolyl cis-trans isomerase domain"	"GO:0000413|GO:0003755"
"PPA0761"	417	"PRINTS"	"PR00423"	"Cell division protein FtsZ signature"	96	116	"1.2E-50"	"IPR003008"	"Tubulin/FtsZ, GTPase domain"	"GO:0005525"
"PPA0761"	417	"PRINTS"	"PR00423"	"Cell division protein FtsZ signature"	124	145	"1.2E-50"	"IPR003008"	"Tubulin/FtsZ, GTPase domain"	"GO:0005525"
"PPA0761"	417	"PRINTS"	"PR00423"	"Cell division protein FtsZ signature"	187	209	"1.2E-50"	"IPR003008"	"Tubulin/FtsZ, GTPase domain"	"GO:0005525"
"PPA0761"	417	"PRINTS"	"PR00423"	"Cell division protein FtsZ signature"	210	231	"1.2E-50"	"IPR003008"	"Tubulin/FtsZ, GTPase domain"	"GO:0005525"
"PPA0766"	146	"PRINTS"	"PR00618"	"DksA/TraR zinc finger signature"	115	126	"1.2E-5"	"IPR020460"	"Zinc finger, DksA/TraR C4-type, bacteria"	"-"
"PPA0766"	146	"PRINTS"	"PR00618"	"DksA/TraR zinc finger signature"	127	139	"1.2E-5"	"IPR020460"	"Zinc finger, DksA/TraR C4-type, bacteria"	"-"
"PPA0767"	182	"PRINTS"	"PR00781"	"Lipoprotein signal peptidase family (A8) signature"	73	81	"5.1E-10"	"IPR001872"	"Peptidase A8, signal peptidase II"	"GO:0004190|GO:0006508|GO:0016020"
"PPA0767"	182	"PRINTS"	"PR00781"	"Lipoprotein signal peptidase family (A8) signature"	116	131	"5.1E-10"	"IPR001872"	"Peptidase A8, signal peptidase II"	"GO:0004190|GO:0006508|GO:0016020"
"PPA0767"	182	"PRINTS"	"PR00781"	"Lipoprotein signal peptidase family (A8) signature"	154	170	"5.1E-10"	"IPR001872"	"Peptidase A8, signal peptidase II"	"GO:0004190|GO:0006508|GO:0016020"
"PPA0769"	477	"PRINTS"	"PR01050"	"Pyruvate kinase family signature"	59	75	"3.3E-62"	"IPR001697"	"Pyruvate kinase"	"GO:0000287|GO:0004743|GO:0006096|GO:0030955"
"PPA0769"	477	"PRINTS"	"PR01050"	"Pyruvate kinase family signature"	190	204	"3.3E-62"	"IPR001697"	"Pyruvate kinase"	"GO:0000287|GO:0004743|GO:0006096|GO:0030955"
"PPA0769"	477	"PRINTS"	"PR01050"	"Pyruvate kinase family signature"	220	246	"3.3E-62"	"IPR001697"	"Pyruvate kinase"	"GO:0000287|GO:0004743|GO:0006096|GO:0030955"
"PPA0769"	477	"PRINTS"	"PR01050"	"Pyruvate kinase family signature"	247	271	"3.3E-62"	"IPR001697"	"Pyruvate kinase"	"GO:0000287|GO:0004743|GO:0006096|GO:0030955"
"PPA0769"	477	"PRINTS"	"PR01050"	"Pyruvate kinase family signature"	272	296	"3.3E-62"	"IPR001697"	"Pyruvate kinase"	"GO:0000287|GO:0004743|GO:0006096|GO:0030955"
"PPA0769"	477	"PRINTS"	"PR01050"	"Pyruvate kinase family signature"	297	315	"3.3E-62"	"IPR001697"	"Pyruvate kinase"	"GO:0000287|GO:0004743|GO:0006096|GO:0030955"
"PPA0769"	477	"PRINTS"	"PR01050"	"Pyruvate kinase family signature"	316	332	"3.3E-62"	"IPR001697"	"Pyruvate kinase"	"GO:0000287|GO:0004743|GO:0006096|GO:0030955"
"PPA0774"	931	"PRINTS"	"PR00868"	"DNA-polymerase family A (pol I) signature"	656	678	"5.5E-74"	"IPR002298"	"DNA polymerase A"	"GO:0003887|GO:0006261"
"PPA0774"	931	"PRINTS"	"PR00868"	"DNA-polymerase family A (pol I) signature"	679	694	"5.5E-74"	"IPR002298"	"DNA polymerase A"	"GO:0003887|GO:0006261"
"PPA0774"	931	"PRINTS"	"PR00868"	"DNA-polymerase family A (pol I) signature"	702	725	"5.5E-74"	"IPR002298"	"DNA polymerase A"	"GO:0003887|GO:0006261"
"PPA0774"	931	"PRINTS"	"PR00868"	"DNA-polymerase family A (pol I) signature"	732	745	"5.5E-74"	"IPR002298"	"DNA polymerase A"	"GO:0003887|GO:0006261"
"PPA0774"	931	"PRINTS"	"PR00868"	"DNA-polymerase family A (pol I) signature"	756	781	"5.5E-74"	"IPR002298"	"DNA polymerase A"	"GO:0003887|GO:0006261"
"PPA0774"	931	"PRINTS"	"PR00868"	"DNA-polymerase family A (pol I) signature"	793	804	"5.5E-74"	"IPR002298"	"DNA polymerase A"	"GO:0003887|GO:0006261"
"PPA0774"	931	"PRINTS"	"PR00868"	"DNA-polymerase family A (pol I) signature"	815	826	"5.5E-74"	"IPR002298"	"DNA polymerase A"	"GO:0003887|GO:0006261"
"PPA0774"	931	"PRINTS"	"PR00868"	"DNA-polymerase family A (pol I) signature"	847	863	"5.5E-74"	"IPR002298"	"DNA polymerase A"	"GO:0003887|GO:0006261"
"PPA0774"	931	"PRINTS"	"PR00868"	"DNA-polymerase family A (pol I) signature"	877	890	"5.5E-74"	"IPR002298"	"DNA polymerase A"	"GO:0003887|GO:0006261"
"PPA0778"	498	"PRINTS"	"PR00681"	"Ribosomal protein S1 signature"	53	71	"1.3E-86"	"IPR035104"	"Ribosomal protein S1-like"	"-"
"PPA0778"	498	"PRINTS"	"PR00681"	"Ribosomal protein S1 signature"	71	85	"1.3E-86"	"IPR035104"	"Ribosomal protein S1-like"	"-"
"PPA0778"	498	"PRINTS"	"PR00681"	"Ribosomal protein S1 signature"	119	138	"1.3E-86"	"IPR035104"	"Ribosomal protein S1-like"	"-"
"PPA0778"	498	"PRINTS"	"PR00681"	"Ribosomal protein S1 signature"	143	159	"1.3E-86"	"IPR035104"	"Ribosomal protein S1-like"	"-"
"PPA0778"	498	"PRINTS"	"PR00681"	"Ribosomal protein S1 signature"	160	177	"1.3E-86"	"IPR035104"	"Ribosomal protein S1-like"	"-"
"PPA0778"	498	"PRINTS"	"PR00681"	"Ribosomal protein S1 signature"	189	209	"1.3E-86"	"IPR035104"	"Ribosomal protein S1-like"	"-"
"PPA0778"	498	"PRINTS"	"PR00681"	"Ribosomal protein S1 signature"	246	267	"1.3E-86"	"IPR035104"	"Ribosomal protein S1-like"	"-"
"PPA0778"	498	"PRINTS"	"PR00681"	"Ribosomal protein S1 signature"	324	343	"1.3E-86"	"IPR035104"	"Ribosomal protein S1-like"	"-"
"PPA0778"	498	"PRINTS"	"PR00681"	"Ribosomal protein S1 signature"	363	381	"1.3E-86"	"IPR035104"	"Ribosomal protein S1-like"	"-"
"PPA0808"	135	"PRINTS"	"PR00162"	"Rieske 2Fe-2S subunit signature"	73	84	"5.1E-7"	"IPR005805"	"Rieske iron-sulphur protein, C-terminal"	"GO:0016020|GO:0051537"
"PPA0808"	135	"PRINTS"	"PR00162"	"Rieske 2Fe-2S subunit signature"	93	105	"5.1E-7"	"IPR005805"	"Rieske iron-sulphur protein, C-terminal"	"GO:0016020|GO:0051537"
"PPA0808"	135	"PRINTS"	"PR00162"	"Rieske 2Fe-2S subunit signature"	106	118	"5.1E-7"	"IPR005805"	"Rieske iron-sulphur protein, C-terminal"	"GO:0016020|GO:0051537"
"PPA0816"	335	"PRINTS"	"PR00078"	"Glyceraldehyde-3-phosphate dehydrogenase signature"	110	123	"1.3E-41"	"IPR020831"	"Glyceraldehyde/Erythrose phosphate dehydrogenase family"	"GO:0016620"
"PPA0816"	335	"PRINTS"	"PR00078"	"Glyceraldehyde-3-phosphate dehydrogenase signature"	147	165	"1.3E-41"	"IPR020831"	"Glyceraldehyde/Erythrose phosphate dehydrogenase family"	"GO:0016620"
"PPA0816"	335	"PRINTS"	"PR00078"	"Glyceraldehyde-3-phosphate dehydrogenase signature"	174	190	"1.3E-41"	"IPR020831"	"Glyceraldehyde/Erythrose phosphate dehydrogenase family"	"GO:0016620"
"PPA0816"	335	"PRINTS"	"PR00078"	"Glyceraldehyde-3-phosphate dehydrogenase signature"	230	247	"1.3E-41"	"IPR020831"	"Glyceraldehyde/Erythrose phosphate dehydrogenase family"	"GO:0016620"
"PPA0816"	335	"PRINTS"	"PR00078"	"Glyceraldehyde-3-phosphate dehydrogenase signature"	270	285	"1.3E-41"	"IPR020831"	"Glyceraldehyde/Erythrose phosphate dehydrogenase family"	"GO:0016620"
"PPA0817"	402	"PRINTS"	"PR00477"	"Phosphoglycerate kinase family signature"	9	25	"4.7E-79"	"IPR001576"	"Phosphoglycerate kinase"	"GO:0004618|GO:0006096"
"PPA0817"	402	"PRINTS"	"PR00477"	"Phosphoglycerate kinase family signature"	30	52	"4.7E-79"	"IPR001576"	"Phosphoglycerate kinase"	"GO:0004618|GO:0006096"
"PPA0817"	402	"PRINTS"	"PR00477"	"Phosphoglycerate kinase family signature"	108	123	"4.7E-79"	"IPR001576"	"Phosphoglycerate kinase"	"GO:0004618|GO:0006096"
"PPA0817"	402	"PRINTS"	"PR00477"	"Phosphoglycerate kinase family signature"	140	162	"4.7E-79"	"IPR001576"	"Phosphoglycerate kinase"	"GO:0004618|GO:0006096"
"PPA0817"	402	"PRINTS"	"PR00477"	"Phosphoglycerate kinase family signature"	170	192	"4.7E-79"	"IPR001576"	"Phosphoglycerate kinase"	"GO:0004618|GO:0006096"
"PPA0817"	402	"PRINTS"	"PR00477"	"Phosphoglycerate kinase family signature"	193	212	"4.7E-79"	"IPR001576"	"Phosphoglycerate kinase"	"GO:0004618|GO:0006096"
"PPA0817"	402	"PRINTS"	"PR00477"	"Phosphoglycerate kinase family signature"	319	344	"4.7E-79"	"IPR001576"	"Phosphoglycerate kinase"	"GO:0004618|GO:0006096"
"PPA0817"	402	"PRINTS"	"PR00477"	"Phosphoglycerate kinase family signature"	352	363	"4.7E-79"	"IPR001576"	"Phosphoglycerate kinase"	"GO:0004618|GO:0006096"
"PPA0817"	402	"PRINTS"	"PR00477"	"Phosphoglycerate kinase family signature"	376	393	"4.7E-79"	"IPR001576"	"Phosphoglycerate kinase"	"GO:0004618|GO:0006096"
"PPA0823"	142	"PRINTS"	"PR01243"	"Nucleoside diphosphate kinase signature"	11	33	"1.0E-40"	"IPR001564"	"Nucleoside diphosphate kinase"	"GO:0004550|GO:0006165|GO:0006183|GO:0006228|GO:0006241"
"PPA0823"	142	"PRINTS"	"PR01243"	"Nucleoside diphosphate kinase signature"	55	74	"1.0E-40"	"IPR001564"	"Nucleoside diphosphate kinase"	"GO:0004550|GO:0006165|GO:0006183|GO:0006228|GO:0006241"
"PPA0823"	142	"PRINTS"	"PR01243"	"Nucleoside diphosphate kinase signature"	75	92	"1.0E-40"	"IPR001564"	"Nucleoside diphosphate kinase"	"GO:0004550|GO:0006165|GO:0006183|GO:0006228|GO:0006241"
"PPA0823"	142	"PRINTS"	"PR01243"	"Nucleoside diphosphate kinase signature"	96	112	"1.0E-40"	"IPR001564"	"Nucleoside diphosphate kinase"	"GO:0004550|GO:0006165|GO:0006183|GO:0006228|GO:0006241"
"PPA0823"	142	"PRINTS"	"PR01243"	"Nucleoside diphosphate kinase signature"	119	138	"1.0E-40"	"IPR001564"	"Nucleoside diphosphate kinase"	"GO:0004550|GO:0006165|GO:0006183|GO:0006228|GO:0006241"
"PPA0829"	89	"PRINTS"	"PR00063"	"Ribosomal protein L27 signature"	4	28	"1.8E-35"	"IPR001684"	"Ribosomal protein L27"	"GO:0003735|GO:0005840|GO:0006412"
"PPA0829"	89	"PRINTS"	"PR00063"	"Ribosomal protein L27 signature"	29	53	"1.8E-35"	"IPR001684"	"Ribosomal protein L27"	"GO:0003735|GO:0005840|GO:0006412"
"PPA0829"	89	"PRINTS"	"PR00063"	"Ribosomal protein L27 signature"	54	78	"1.8E-35"	"IPR001684"	"Ribosomal protein L27"	"GO:0003735|GO:0005840|GO:0006412"
"PPA0831"	202	"PRINTS"	"PR00455"	"TetR bacterial regulatory protein HTH signature"	13	26	"1.6E-5"	"IPR001647"	"DNA-binding HTH domain, TetR-type"	"GO:0003677"
"PPA0831"	202	"PRINTS"	"PR00455"	"TetR bacterial regulatory protein HTH signature"	34	57	"1.6E-5"	"IPR001647"	"DNA-binding HTH domain, TetR-type"	"GO:0003677"
"PPA0832"	587	"PRINTS"	"PR01036"	"Tetracycline resistance protein TetB signature"	23	47	"2.3E-9"	"-"	"-"	""
"PPA0832"	587	"PRINTS"	"PR01036"	"Tetracycline resistance protein TetB signature"	113	133	"2.3E-9"	"-"	"-"	""
"PPA0832"	587	"PRINTS"	"PR01036"	"Tetracycline resistance protein TetB signature"	273	298	"2.3E-9"	"-"	"-"	""
"PPA0832"	587	"PRINTS"	"PR01036"	"Tetracycline resistance protein TetB signature"	308	332	"2.3E-9"	"-"	"-"	""
"PPA0833"	505	"PRINTS"	"PR00326"	"GTP1/OBG GTP-binding protein family signature"	165	185	"1.9E-34"	"IPR006073"	"GTP binding domain"	"GO:0005525"
"PPA0833"	505	"PRINTS"	"PR00326"	"GTP1/OBG GTP-binding protein family signature"	186	204	"1.9E-34"	"IPR006073"	"GTP binding domain"	"GO:0005525"
"PPA0833"	505	"PRINTS"	"PR00326"	"GTP1/OBG GTP-binding protein family signature"	213	228	"1.9E-34"	"IPR006073"	"GTP binding domain"	"GO:0005525"
"PPA0833"	505	"PRINTS"	"PR00326"	"GTP1/OBG GTP-binding protein family signature"	230	248	"1.9E-34"	"IPR006073"	"GTP binding domain"	"GO:0005525"
"PPA0834"	411	"PRINTS"	"PR00474"	"Glutamate 5-kinase family signature"	69	83	"1.0E-51"	"IPR001057"	"Glutamate/acetylglutamate kinase"	"-"
"PPA0834"	411	"PRINTS"	"PR00474"	"Glutamate 5-kinase family signature"	103	131	"1.0E-51"	"IPR001057"	"Glutamate/acetylglutamate kinase"	"-"
"PPA0834"	411	"PRINTS"	"PR00474"	"Glutamate 5-kinase family signature"	143	164	"1.0E-51"	"IPR001057"	"Glutamate/acetylglutamate kinase"	"-"
"PPA0834"	411	"PRINTS"	"PR00474"	"Glutamate 5-kinase family signature"	175	202	"1.0E-51"	"IPR001057"	"Glutamate/acetylglutamate kinase"	"-"
"PPA0834"	411	"PRINTS"	"PR00474"	"Glutamate 5-kinase family signature"	234	254	"1.0E-51"	"IPR001057"	"Glutamate/acetylglutamate kinase"	"-"
"PPA0885"	342	"PRINTS"	"PR01099"	"Hydroxyethylthiazole kinase family signature"	93	100	"4.8E-25"	"IPR000417"	"Hydroxyethylthiazole kinase"	"GO:0004417|GO:0009228"
"PPA0885"	342	"PRINTS"	"PR01099"	"Hydroxyethylthiazole kinase family signature"	106	127	"4.8E-25"	"IPR000417"	"Hydroxyethylthiazole kinase"	"GO:0004417|GO:0009228"
"PPA0885"	342	"PRINTS"	"PR01099"	"Hydroxyethylthiazole kinase family signature"	137	145	"4.8E-25"	"IPR000417"	"Hydroxyethylthiazole kinase"	"GO:0004417|GO:0009228"
"PPA0885"	342	"PRINTS"	"PR01099"	"Hydroxyethylthiazole kinase family signature"	163	180	"4.8E-25"	"IPR000417"	"Hydroxyethylthiazole kinase"	"GO:0004417|GO:0009228"
"PPA0885"	342	"PRINTS"	"PR01099"	"Hydroxyethylthiazole kinase family signature"	193	207	"4.8E-25"	"IPR000417"	"Hydroxyethylthiazole kinase"	"GO:0004417|GO:0009228"
"PPA0885"	342	"PRINTS"	"PR01099"	"Hydroxyethylthiazole kinase family signature"	237	254	"4.8E-25"	"IPR000417"	"Hydroxyethylthiazole kinase"	"GO:0004417|GO:0009228"
"PPA0887"	322	"PRINTS"	"PR00086"	"L-lactate dehydrogenase signature"	15	39	"3.3E-34"	"IPR001557"	"L-lactate/malate dehydrogenase"	"GO:0016616|GO:0019752"
"PPA0887"	322	"PRINTS"	"PR00086"	"L-lactate dehydrogenase signature"	40	64	"3.3E-34"	"IPR001557"	"L-lactate/malate dehydrogenase"	"GO:0016616|GO:0019752"
"PPA0887"	322	"PRINTS"	"PR00086"	"L-lactate dehydrogenase signature"	126	146	"3.3E-34"	"IPR001557"	"L-lactate/malate dehydrogenase"	"GO:0016616|GO:0019752"
"PPA0887"	322	"PRINTS"	"PR00086"	"L-lactate dehydrogenase signature"	150	168	"3.3E-34"	"IPR001557"	"L-lactate/malate dehydrogenase"	"GO:0016616|GO:0019752"
"PPA0887"	322	"PRINTS"	"PR00086"	"L-lactate dehydrogenase signature"	180	193	"3.3E-34"	"IPR001557"	"L-lactate/malate dehydrogenase"	"GO:0016616|GO:0019752"
"PPA0888"	568	"PRINTS"	"PR00072"	"Malic enzyme signature"	92	116	"4.5E-71"	"IPR001891"	"Malic oxidoreductase"	"GO:0004470|GO:0004471"
"PPA0888"	568	"PRINTS"	"PR00072"	"Malic enzyme signature"	154	183	"4.5E-71"	"IPR001891"	"Malic oxidoreductase"	"GO:0004470|GO:0004471"
"PPA0888"	568	"PRINTS"	"PR00072"	"Malic enzyme signature"	190	212	"4.5E-71"	"IPR001891"	"Malic oxidoreductase"	"GO:0004470|GO:0004471"
"PPA0888"	568	"PRINTS"	"PR00072"	"Malic enzyme signature"	249	267	"4.5E-71"	"IPR001891"	"Malic oxidoreductase"	"GO:0004470|GO:0004471"
"PPA0888"	568	"PRINTS"	"PR00072"	"Malic enzyme signature"	274	290	"4.5E-71"	"IPR001891"	"Malic oxidoreductase"	"GO:0004470|GO:0004471"
"PPA0888"	568	"PRINTS"	"PR00072"	"Malic enzyme signature"	305	321	"4.5E-71"	"IPR001891"	"Malic oxidoreductase"	"GO:0004470|GO:0004471"
"PPA0888"	568	"PRINTS"	"PR00072"	"Malic enzyme signature"	415	431	"4.5E-71"	"IPR001891"	"Malic oxidoreductase"	"GO:0004470|GO:0004471"
"PPA0893"	826	"PRINTS"	"PR00985"	"Leucyl-tRNA synthetase signature"	133	150	"6.5E-49"	"IPR002302"	"Leucine-tRNA ligase"	"GO:0000166|GO:0004823|GO:0005524|GO:0006429"
"PPA0893"	826	"PRINTS"	"PR00985"	"Leucyl-tRNA synthetase signature"	159	175	"6.5E-49"	"IPR002302"	"Leucine-tRNA ligase"	"GO:0000166|GO:0004823|GO:0005524|GO:0006429"
"PPA0893"	826	"PRINTS"	"PR00985"	"Leucyl-tRNA synthetase signature"	191	204	"6.5E-49"	"IPR002302"	"Leucine-tRNA ligase"	"GO:0000166|GO:0004823|GO:0005524|GO:0006429"
"PPA0893"	826	"PRINTS"	"PR00985"	"Leucyl-tRNA synthetase signature"	222	241	"6.5E-49"	"IPR002302"	"Leucine-tRNA ligase"	"GO:0000166|GO:0004823|GO:0005524|GO:0006429"
"PPA0893"	826	"PRINTS"	"PR00985"	"Leucyl-tRNA synthetase signature"	501	519	"6.5E-49"	"IPR002302"	"Leucine-tRNA ligase"	"GO:0000166|GO:0004823|GO:0005524|GO:0006429"
"PPA0893"	826	"PRINTS"	"PR00985"	"Leucyl-tRNA synthetase signature"	540	562	"6.5E-49"	"IPR002302"	"Leucine-tRNA ligase"	"GO:0000166|GO:0004823|GO:0005524|GO:0006429"
"PPA0893"	826	"PRINTS"	"PR00985"	"Leucyl-tRNA synthetase signature"	573	583	"6.5E-49"	"IPR002302"	"Leucine-tRNA ligase"	"GO:0000166|GO:0004823|GO:0005524|GO:0006429"
"PPA0901"	611	"PRINTS"	"PR00315"	"GTP-binding elongation factor signature"	16	29	"1.3E-13"	"IPR000795"	"Translational (tr)-type GTP-binding domain"	"GO:0003924|GO:0005525"
"PPA0901"	611	"PRINTS"	"PR00315"	"GTP-binding elongation factor signature"	59	67	"1.3E-13"	"IPR000795"	"Translational (tr)-type GTP-binding domain"	"GO:0003924|GO:0005525"
"PPA0901"	611	"PRINTS"	"PR00315"	"GTP-binding elongation factor signature"	83	93	"1.3E-13"	"IPR000795"	"Translational (tr)-type GTP-binding domain"	"GO:0003924|GO:0005525"
"PPA0901"	611	"PRINTS"	"PR00315"	"GTP-binding elongation factor signature"	99	110	"1.3E-13"	"IPR000795"	"Translational (tr)-type GTP-binding domain"	"GO:0003924|GO:0005525"
"PPA0901"	611	"PRINTS"	"PR00315"	"GTP-binding elongation factor signature"	135	144	"1.3E-13"	"IPR000795"	"Translational (tr)-type GTP-binding domain"	"GO:0003924|GO:0005525"
"PPA0913"	253	"PRINTS"	"PR00377"	"Inositol monophosphatase superfamily signature"	39	59	"1.4E-16"	"IPR000760"	"Inositol monophosphatase-like"	"GO:0046855"
"PPA0913"	253	"PRINTS"	"PR00377"	"Inositol monophosphatase superfamily signature"	87	103	"1.4E-16"	"IPR000760"	"Inositol monophosphatase-like"	"GO:0046855"
"PPA0913"	253	"PRINTS"	"PR00377"	"Inositol monophosphatase superfamily signature"	200	224	"1.4E-16"	"IPR000760"	"Inositol monophosphatase-like"	"GO:0046855"
"PPA0916"	392	"PRINTS"	"PR00625"	"DnaJ domain signature"	6	24	"3.3E-18"	"IPR001623"	"DnaJ domain"	"-"
"PPA0916"	392	"PRINTS"	"PR00625"	"DnaJ domain signature"	39	59	"3.3E-18"	"IPR001623"	"DnaJ domain"	"-"
"PPA0916"	392	"PRINTS"	"PR00625"	"DnaJ domain signature"	59	78	"3.3E-18"	"IPR001623"	"DnaJ domain"	"-"
"PPA0926"	218	"PRINTS"	"PR00038"	"LuxR bacterial regulatory protein HTH signature"	150	164	"9.2E-13"	"IPR000792"	"Transcription regulator LuxR, C-terminal"	"GO:0006355"
"PPA0926"	218	"PRINTS"	"PR00038"	"LuxR bacterial regulatory protein HTH signature"	164	180	"9.2E-13"	"IPR000792"	"Transcription regulator LuxR, C-terminal"	"GO:0006355"
"PPA0926"	218	"PRINTS"	"PR00038"	"LuxR bacterial regulatory protein HTH signature"	180	192	"9.2E-13"	"IPR000792"	"Transcription regulator LuxR, C-terminal"	"GO:0006355"
"PPA0932"	307	"PRINTS"	"PR00793"	"Prolyl aminopeptidase (S33) family signature"	49	57	"1.1E-12"	"IPR002410"	"Peptidase S33"	"GO:0006508|GO:0008233"
"PPA0932"	307	"PRINTS"	"PR00793"	"Prolyl aminopeptidase (S33) family signature"	75	86	"1.1E-12"	"IPR002410"	"Peptidase S33"	"GO:0006508|GO:0008233"
"PPA0932"	307	"PRINTS"	"PR00793"	"Prolyl aminopeptidase (S33) family signature"	125	139	"1.1E-12"	"IPR002410"	"Peptidase S33"	"GO:0006508|GO:0008233"
"PPA0932"	307	"PRINTS"	"PR00111"	"Alpha/beta hydrolase fold signature"	72	87	"8.8E-7"	"IPR000073"	"Alpha/beta hydrolase fold-1"	"-"
"PPA0932"	307	"PRINTS"	"PR00111"	"Alpha/beta hydrolase fold signature"	125	138	"8.8E-7"	"IPR000073"	"Alpha/beta hydrolase fold-1"	"-"
"PPA0932"	307	"PRINTS"	"PR00111"	"Alpha/beta hydrolase fold signature"	139	152	"8.8E-7"	"IPR000073"	"Alpha/beta hydrolase fold-1"	"-"
"PPA0947"	223	"PRINTS"	"PR00038"	"LuxR bacterial regulatory protein HTH signature"	157	171	"2.1E-6"	"IPR000792"	"Transcription regulator LuxR, C-terminal"	"GO:0006355"
"PPA0947"	223	"PRINTS"	"PR00038"	"LuxR bacterial regulatory protein HTH signature"	171	187	"2.1E-6"	"IPR000792"	"Transcription regulator LuxR, C-terminal"	"GO:0006355"
"PPA0947"	223	"PRINTS"	"PR00038"	"LuxR bacterial regulatory protein HTH signature"	187	199	"2.1E-6"	"IPR000792"	"Transcription regulator LuxR, C-terminal"	"GO:0006355"
"PPA0949"	506	"PRINTS"	"PR01043"	"Glycyl-tRNA synthetase signature"	69	83	"7.8E-55"	"IPR002315"	"Glycyl-tRNA synthetase"	"GO:0000166|GO:0004820|GO:0005524|GO:0005737|GO:0006426"
"PPA0949"	506	"PRINTS"	"PR01043"	"Glycyl-tRNA synthetase signature"	183	195	"7.8E-55"	"IPR002315"	"Glycyl-tRNA synthetase"	"GO:0000166|GO:0004820|GO:0005524|GO:0005737|GO:0006426"
"PPA0949"	506	"PRINTS"	"PR01043"	"Glycyl-tRNA synthetase signature"	204	221	"7.8E-55"	"IPR002315"	"Glycyl-tRNA synthetase"	"GO:0000166|GO:0004820|GO:0005524|GO:0005737|GO:0006426"
"PPA0949"	506	"PRINTS"	"PR01043"	"Glycyl-tRNA synthetase signature"	236	253	"7.8E-55"	"IPR002315"	"Glycyl-tRNA synthetase"	"GO:0000166|GO:0004820|GO:0005524|GO:0005737|GO:0006426"
"PPA0949"	506	"PRINTS"	"PR01043"	"Glycyl-tRNA synthetase signature"	253	263	"7.8E-55"	"IPR002315"	"Glycyl-tRNA synthetase"	"GO:0000166|GO:0004820|GO:0005524|GO:0005737|GO:0006426"
"PPA0949"	506	"PRINTS"	"PR01043"	"Glycyl-tRNA synthetase signature"	363	375	"7.8E-55"	"IPR002315"	"Glycyl-tRNA synthetase"	"GO:0000166|GO:0004820|GO:0005524|GO:0005737|GO:0006426"
"PPA0949"	506	"PRINTS"	"PR01043"	"Glycyl-tRNA synthetase signature"	449	468	"7.8E-55"	"IPR002315"	"Glycyl-tRNA synthetase"	"GO:0000166|GO:0004820|GO:0005524|GO:0005737|GO:0006426"
"PPA0958"	270	"PRINTS"	"PR00046"	"Major sigma-70 factor signature"	89	102	"3.8E-12"	"IPR000943"	"RNA polymerase sigma-70"	"GO:0003700|GO:0006352|GO:0006355"
"PPA0958"	270	"PRINTS"	"PR00046"	"Major sigma-70 factor signature"	113	121	"3.8E-12"	"IPR000943"	"RNA polymerase sigma-70"	"GO:0003700|GO:0006352|GO:0006355"
"PPA0958"	270	"PRINTS"	"PR00046"	"Major sigma-70 factor signature"	214	226	"3.8E-12"	"IPR000943"	"RNA polymerase sigma-70"	"GO:0003700|GO:0006352|GO:0006355"
"PPA0958"	270	"PRINTS"	"PR00046"	"Major sigma-70 factor signature"	234	249	"3.8E-12"	"IPR000943"	"RNA polymerase sigma-70"	"GO:0003700|GO:0006352|GO:0006355"
"PPA0958"	270	"PRINTS"	"PR00046"	"Major sigma-70 factor signature"	249	260	"3.8E-12"	"IPR000943"	"RNA polymerase sigma-70"	"GO:0003700|GO:0006352|GO:0006355"
"PPA0964"	470	"PRINTS"	"PR00035"	"GntR bacterial regulatory protein HTH signature"	43	57	"3.6E-5"	"IPR000524"	"Transcription regulator HTH, GntR"	"GO:0003700|GO:0006355"
"PPA0964"	470	"PRINTS"	"PR00035"	"GntR bacterial regulatory protein HTH signature"	57	73	"3.6E-5"	"IPR000524"	"Transcription regulator HTH, GntR"	"GO:0003700|GO:0006355"
"PPA0987"	481	"PRINTS"	"PR00171"	"Sugar transporter signature"	41	51	"1.9E-16"	"IPR003663"	"Sugar/inositol transporter"	"GO:0016020|GO:0022857|GO:0055085"
"PPA0987"	481	"PRINTS"	"PR00171"	"Sugar transporter signature"	120	139	"1.9E-16"	"IPR003663"	"Sugar/inositol transporter"	"GO:0016020|GO:0022857|GO:0055085"
"PPA0987"	481	"PRINTS"	"PR00171"	"Sugar transporter signature"	276	286	"1.9E-16"	"IPR003663"	"Sugar/inositol transporter"	"GO:0016020|GO:0022857|GO:0055085"
"PPA0987"	481	"PRINTS"	"PR00171"	"Sugar transporter signature"	367	388	"1.9E-16"	"IPR003663"	"Sugar/inositol transporter"	"GO:0016020|GO:0022857|GO:0055085"
"PPA0987"	481	"PRINTS"	"PR00171"	"Sugar transporter signature"	390	402	"1.9E-16"	"IPR003663"	"Sugar/inositol transporter"	"GO:0016020|GO:0022857|GO:0055085"
"PPA0997"	314	"PRINTS"	"PR00100"	"Aspartate/ornithine carbamoyltransferase superfamily signature"	57	76	"1.3E-19"	"IPR006130"	"Aspartate/ornithine carbamoyltransferase"	"GO:0006520|GO:0016597|GO:0016743"
"PPA0997"	314	"PRINTS"	"PR00100"	"Aspartate/ornithine carbamoyltransferase superfamily signature"	143	154	"1.3E-19"	"IPR006130"	"Aspartate/ornithine carbamoyltransferase"	"GO:0006520|GO:0016597|GO:0016743"
"PPA0997"	314	"PRINTS"	"PR00100"	"Aspartate/ornithine carbamoyltransferase superfamily signature"	261	270	"1.3E-19"	"IPR006130"	"Aspartate/ornithine carbamoyltransferase"	"GO:0006520|GO:0016597|GO:0016743"
"PPA0997"	314	"PRINTS"	"PR00100"	"Aspartate/ornithine carbamoyltransferase superfamily signature"	273	296	"1.3E-19"	"IPR006130"	"Aspartate/ornithine carbamoyltransferase"	"GO:0006520|GO:0016597|GO:0016743"
"PPA0997"	314	"PRINTS"	"PR00101"	"Aspartate carbamoyltransferase signature"	47	69	"1.4E-28"	"-"	"-"	""
"PPA0997"	314	"PRINTS"	"PR00101"	"Aspartate carbamoyltransferase signature"	85	94	"1.4E-28"	"-"	"-"	""
"PPA0997"	314	"PRINTS"	"PR00101"	"Aspartate carbamoyltransferase signature"	142	159	"1.4E-28"	"-"	"-"	""
"PPA0997"	314	"PRINTS"	"PR00101"	"Aspartate carbamoyltransferase signature"	224	233	"1.4E-28"	"-"	"-"	""
"PPA0997"	314	"PRINTS"	"PR00101"	"Aspartate carbamoyltransferase signature"	265	270	"1.4E-28"	"-"	"-"	""
"PPA0997"	314	"PRINTS"	"PR00101"	"Aspartate carbamoyltransferase signature"	289	303	"1.4E-28"	"-"	"-"	""
"PPA0999"	362	"PRINTS"	"PR00096"	"Glutamine amidotransferase superfamily signature"	215	224	"1.0E-11"	"-"	"-"	""
"PPA0999"	362	"PRINTS"	"PR00096"	"Glutamine amidotransferase superfamily signature"	242	253	"1.0E-11"	"-"	"-"	""
"PPA0999"	362	"PRINTS"	"PR00096"	"Glutamine amidotransferase superfamily signature"	328	341	"1.0E-11"	"-"	"-"	""
"PPA0999"	362	"PRINTS"	"PR00097"	"Anthranilate synthase component II signature"	215	224	"5.8E-7"	"-"	"-"	""
"PPA0999"	362	"PRINTS"	"PR00097"	"Anthranilate synthase component II signature"	242	253	"5.8E-7"	"-"	"-"	""
"PPA0999"	362	"PRINTS"	"PR00097"	"Anthranilate synthase component II signature"	328	341	"5.8E-7"	"-"	"-"	""
"PPA0999"	362	"PRINTS"	"PR00099"	"Carbamoyl-phosphate synthase protein GATase domain signature"	173	187	"8.1E-37"	"-"	"-"	""
"PPA0999"	362	"PRINTS"	"PR00099"	"Carbamoyl-phosphate synthase protein GATase domain signature"	212	226	"8.1E-37"	"-"	"-"	""
"PPA0999"	362	"PRINTS"	"PR00099"	"Carbamoyl-phosphate synthase protein GATase domain signature"	242	258	"8.1E-37"	"-"	"-"	""
"PPA0999"	362	"PRINTS"	"PR00099"	"Carbamoyl-phosphate synthase protein GATase domain signature"	259	276	"8.1E-37"	"-"	"-"	""
"PPA0999"	362	"PRINTS"	"PR00099"	"Carbamoyl-phosphate synthase protein GATase domain signature"	284	295	"8.1E-37"	"-"	"-"	""
"PPA1000"	1068	"PRINTS"	"PR00098"	"Carbamoyl-phosphate synthase protein CPSase domain signature"	19	33	"1.0E-61"	"IPR005483"	"Carbamoyl-phosphate synthase large subunit, CPSase domain"	"GO:0006807"
"PPA1000"	1068	"PRINTS"	"PR00098"	"Carbamoyl-phosphate synthase protein CPSase domain signature"	48	58	"1.0E-61"	"IPR005483"	"Carbamoyl-phosphate synthase large subunit, CPSase domain"	"GO:0006807"
"PPA1000"	1068	"PRINTS"	"PR00098"	"Carbamoyl-phosphate synthase protein CPSase domain signature"	168	180	"1.0E-61"	"IPR005483"	"Carbamoyl-phosphate synthase large subunit, CPSase domain"	"GO:0006807"
"PPA1000"	1068	"PRINTS"	"PR00098"	"Carbamoyl-phosphate synthase protein CPSase domain signature"	204	223	"1.0E-61"	"IPR005483"	"Carbamoyl-phosphate synthase large subunit, CPSase domain"	"GO:0006807"
"PPA1000"	1068	"PRINTS"	"PR00098"	"Carbamoyl-phosphate synthase protein CPSase domain signature"	239	256	"1.0E-61"	"IPR005483"	"Carbamoyl-phosphate synthase large subunit, CPSase domain"	"GO:0006807"
"PPA1000"	1068	"PRINTS"	"PR00098"	"Carbamoyl-phosphate synthase protein CPSase domain signature"	296	325	"1.0E-61"	"IPR005483"	"Carbamoyl-phosphate synthase large subunit, CPSase domain"	"GO:0006807"
"PPA1000"	1068	"PRINTS"	"PR00098"	"Carbamoyl-phosphate synthase protein CPSase domain signature"	378	396	"1.0E-61"	"IPR005483"	"Carbamoyl-phosphate synthase large subunit, CPSase domain"	"GO:0006807"
"PPA1010"	267	"PRINTS"	"PR00037"	"LacR bacterial regulatory protein HTH signature"	33	47	"1.1E-6"	"IPR001034"	"DeoR-type HTH domain"	"GO:0003700|GO:0006355"
"PPA1010"	267	"PRINTS"	"PR00037"	"LacR bacterial regulatory protein HTH signature"	47	65	"1.1E-6"	"IPR001034"	"DeoR-type HTH domain"	"GO:0003700|GO:0006355"
"PPA1012"	348	"PRINTS"	"PR00142"	"RecA protein signature"	95	124	"2.5E-84"	"IPR013765"	"DNA recombination and repair protein RecA"	"GO:0003697|GO:0005524|GO:0006281"
"PPA1012"	348	"PRINTS"	"PR00142"	"RecA protein signature"	129	158	"2.5E-84"	"IPR013765"	"DNA recombination and repair protein RecA"	"GO:0003697|GO:0005524|GO:0006281"
"PPA1012"	348	"PRINTS"	"PR00142"	"RecA protein signature"	167	196	"2.5E-84"	"IPR013765"	"DNA recombination and repair protein RecA"	"GO:0003697|GO:0005524|GO:0006281"
"PPA1012"	348	"PRINTS"	"PR00142"	"RecA protein signature"	212	240	"2.5E-84"	"IPR013765"	"DNA recombination and repair protein RecA"	"GO:0003697|GO:0005524|GO:0006281"
"PPA1012"	348	"PRINTS"	"PR00142"	"RecA protein signature"	245	274	"2.5E-84"	"IPR013765"	"DNA recombination and repair protein RecA"	"GO:0003697|GO:0005524|GO:0006281"
"PPA1012"	348	"PRINTS"	"PR00142"	"RecA protein signature"	299	316	"2.5E-84"	"IPR013765"	"DNA recombination and repair protein RecA"	"GO:0003697|GO:0005524|GO:0006281"
"PPA1021"	483	"PRINTS"	"PR00326"	"GTP1/OBG GTP-binding protein family signature"	265	285	"1.6E-6"	"IPR006073"	"GTP binding domain"	"GO:0005525"
"PPA1021"	483	"PRINTS"	"PR00326"	"GTP1/OBG GTP-binding protein family signature"	332	350	"1.6E-6"	"IPR006073"	"GTP binding domain"	"GO:0005525"
"PPA1026"	950	"PRINTS"	"PR01183"	"Ribonucleotide reductase large chain signature"	227	246	"8.1E-16"	"IPR000788"	"Ribonucleotide reductase large subunit, C-terminal"	"GO:0006260"
"PPA1026"	950	"PRINTS"	"PR01183"	"Ribonucleotide reductase large chain signature"	355	366	"8.1E-16"	"IPR000788"	"Ribonucleotide reductase large subunit, C-terminal"	"GO:0006260"
"PPA1026"	950	"PRINTS"	"PR01183"	"Ribonucleotide reductase large chain signature"	389	412	"8.1E-16"	"IPR000788"	"Ribonucleotide reductase large subunit, C-terminal"	"GO:0006260"
"PPA1026"	950	"PRINTS"	"PR01183"	"Ribonucleotide reductase large chain signature"	427	449	"8.1E-16"	"IPR000788"	"Ribonucleotide reductase large subunit, C-terminal"	"GO:0006260"
"PPA1026"	950	"PRINTS"	"PR01183"	"Ribonucleotide reductase large chain signature"	534	561	"8.1E-16"	"IPR000788"	"Ribonucleotide reductase large subunit, C-terminal"	"GO:0006260"
"PPA1028"	284	"PRINTS"	"PR01438"	"Universal stress protein signature"	12	30	"5.1E-10"	"IPR006015"	"Universal stress protein A family"	"-"
"PPA1028"	284	"PRINTS"	"PR01438"	"Universal stress protein signature"	109	121	"5.1E-10"	"IPR006015"	"Universal stress protein A family"	"-"
"PPA1028"	284	"PRINTS"	"PR01438"	"Universal stress protein signature"	127	149	"5.1E-10"	"IPR006015"	"Universal stress protein A family"	"-"
"PPA1031"	312	"PRINTS"	"PR00046"	"Major sigma-70 factor signature"	107	120	"4.7E-22"	"IPR000943"	"RNA polymerase sigma-70"	"GO:0003700|GO:0006352|GO:0006355"
"PPA1031"	312	"PRINTS"	"PR00046"	"Major sigma-70 factor signature"	131	139	"4.7E-22"	"IPR000943"	"RNA polymerase sigma-70"	"GO:0003700|GO:0006352|GO:0006355"
"PPA1031"	312	"PRINTS"	"PR00046"	"Major sigma-70 factor signature"	255	267	"4.7E-22"	"IPR000943"	"RNA polymerase sigma-70"	"GO:0003700|GO:0006352|GO:0006355"
"PPA1031"	312	"PRINTS"	"PR00046"	"Major sigma-70 factor signature"	276	291	"4.7E-22"	"IPR000943"	"RNA polymerase sigma-70"	"GO:0003700|GO:0006352|GO:0006355"
"PPA1031"	312	"PRINTS"	"PR00046"	"Major sigma-70 factor signature"	291	302	"4.7E-22"	"IPR000943"	"RNA polymerase sigma-70"	"GO:0003700|GO:0006352|GO:0006355"
"PPA1032"	506	"PRINTS"	"PR00046"	"Major sigma-70 factor signature"	297	310	"6.4E-29"	"IPR000943"	"RNA polymerase sigma-70"	"GO:0003700|GO:0006352|GO:0006355"
"PPA1032"	506	"PRINTS"	"PR00046"	"Major sigma-70 factor signature"	321	329	"6.4E-29"	"IPR000943"	"RNA polymerase sigma-70"	"GO:0003700|GO:0006352|GO:0006355"
"PPA1032"	506	"PRINTS"	"PR00046"	"Major sigma-70 factor signature"	445	457	"6.4E-29"	"IPR000943"	"RNA polymerase sigma-70"	"GO:0003700|GO:0006352|GO:0006355"
"PPA1032"	506	"PRINTS"	"PR00046"	"Major sigma-70 factor signature"	466	481	"6.4E-29"	"IPR000943"	"RNA polymerase sigma-70"	"GO:0003700|GO:0006352|GO:0006355"
"PPA1032"	506	"PRINTS"	"PR00046"	"Major sigma-70 factor signature"	481	492	"6.4E-29"	"IPR000943"	"RNA polymerase sigma-70"	"GO:0003700|GO:0006352|GO:0006355"
"PPA1039"	424	"PRINTS"	"PR00419"	"Adrenodoxin reductase family signature"	8	30	"1.7E-6"	"-"	"-"	""
"PPA1039"	424	"PRINTS"	"PR00419"	"Adrenodoxin reductase family signature"	32	45	"1.7E-6"	"-"	"-"	""
"PPA1042"	698	"PRINTS"	"PR01159"	"DNA gyrase subunit B signature"	10	20	"2.4E-35"	"IPR000565"	"DNA topoisomerase, type IIA, subunit B"	"GO:0003677|GO:0003918|GO:0005524|GO:0006265"
"PPA1042"	698	"PRINTS"	"PR01159"	"DNA gyrase subunit B signature"	201	216	"2.4E-35"	"IPR000565"	"DNA topoisomerase, type IIA, subunit B"	"GO:0003677|GO:0003918|GO:0005524|GO:0006265"
"PPA1042"	698	"PRINTS"	"PR01159"	"DNA gyrase subunit B signature"	216	229	"2.4E-35"	"IPR000565"	"DNA topoisomerase, type IIA, subunit B"	"GO:0003677|GO:0003918|GO:0005524|GO:0006265"
"PPA1042"	698	"PRINTS"	"PR01159"	"DNA gyrase subunit B signature"	252	274	"2.4E-35"	"IPR000565"	"DNA topoisomerase, type IIA, subunit B"	"GO:0003677|GO:0003918|GO:0005524|GO:0006265"
"PPA1042"	698	"PRINTS"	"PR01159"	"DNA gyrase subunit B signature"	362	378	"2.4E-35"	"IPR000565"	"DNA topoisomerase, type IIA, subunit B"	"GO:0003677|GO:0003918|GO:0005524|GO:0006265"
"PPA1042"	698	"PRINTS"	"PR01159"	"DNA gyrase subunit B signature"	428	448	"2.4E-35"	"IPR000565"	"DNA topoisomerase, type IIA, subunit B"	"GO:0003677|GO:0003918|GO:0005524|GO:0006265"
"PPA1042"	698	"PRINTS"	"PR01159"	"DNA gyrase subunit B signature"	524	533	"2.4E-35"	"IPR000565"	"DNA topoisomerase, type IIA, subunit B"	"GO:0003677|GO:0003918|GO:0005524|GO:0006265"
"PPA1042"	698	"PRINTS"	"PR01159"	"DNA gyrase subunit B signature"	649	661	"2.4E-35"	"IPR000565"	"DNA topoisomerase, type IIA, subunit B"	"GO:0003677|GO:0003918|GO:0005524|GO:0006265"
"PPA1042"	698	"PRINTS"	"PR01159"	"DNA gyrase subunit B signature"	665	681	"2.4E-35"	"IPR000565"	"DNA topoisomerase, type IIA, subunit B"	"GO:0003677|GO:0003918|GO:0005524|GO:0006265"
"PPA1042"	698	"PRINTS"	"PR00418"	"DNA topoisomerase II family signature"	39	54	"3.6E-54"	"-"	"-"	""
"PPA1042"	698	"PRINTS"	"PR00418"	"DNA topoisomerase II family signature"	74	87	"3.6E-54"	"-"	"-"	""
"PPA1042"	698	"PRINTS"	"PR00418"	"DNA topoisomerase II family signature"	117	131	"3.6E-54"	"-"	"-"	""
"PPA1042"	698	"PRINTS"	"PR00418"	"DNA topoisomerase II family signature"	319	332	"3.6E-54"	"-"	"-"	""
"PPA1042"	698	"PRINTS"	"PR00418"	"DNA topoisomerase II family signature"	474	488	"3.6E-54"	"-"	"-"	""
"PPA1042"	698	"PRINTS"	"PR00418"	"DNA topoisomerase II family signature"	540	556	"3.6E-54"	"-"	"-"	""
"PPA1042"	698	"PRINTS"	"PR00418"	"DNA topoisomerase II family signature"	558	575	"3.6E-54"	"-"	"-"	""
"PPA1042"	698	"PRINTS"	"PR00418"	"DNA topoisomerase II family signature"	578	590	"3.6E-54"	"-"	"-"	""
"PPA1042"	698	"PRINTS"	"PR00418"	"DNA topoisomerase II family signature"	628	644	"3.6E-54"	"-"	"-"	""
"PPA1057"	219	"PRINTS"	"PR00335"	"TrkA potassium uptake protein signature"	2	16	"1.8E-9"	"IPR006036"	"Potassium uptake protein TrkA"	"GO:0005886|GO:0006813|GO:0015079"
"PPA1057"	219	"PRINTS"	"PR00335"	"TrkA potassium uptake protein signature"	19	33	"1.8E-9"	"IPR006036"	"Potassium uptake protein TrkA"	"GO:0005886|GO:0006813|GO:0015079"
"PPA1057"	219	"PRINTS"	"PR00335"	"TrkA potassium uptake protein signature"	59	69	"1.8E-9"	"IPR006036"	"Potassium uptake protein TrkA"	"GO:0005886|GO:0006813|GO:0015079"
"PPA1057"	219	"PRINTS"	"PR00335"	"TrkA potassium uptake protein signature"	72	86	"1.8E-9"	"IPR006036"	"Potassium uptake protein TrkA"	"GO:0005886|GO:0006813|GO:0015079"
"PPA1058"	225	"PRINTS"	"PR00335"	"TrkA potassium uptake protein signature"	7	21	"2.7E-7"	"IPR006036"	"Potassium uptake protein TrkA"	"GO:0005886|GO:0006813|GO:0015079"
"PPA1058"	225	"PRINTS"	"PR00335"	"TrkA potassium uptake protein signature"	24	38	"2.7E-7"	"IPR006036"	"Potassium uptake protein TrkA"	"GO:0005886|GO:0006813|GO:0015079"
"PPA1058"	225	"PRINTS"	"PR00335"	"TrkA potassium uptake protein signature"	65	75	"2.7E-7"	"IPR006036"	"Potassium uptake protein TrkA"	"GO:0005886|GO:0006813|GO:0015079"
"PPA1058"	225	"PRINTS"	"PR00335"	"TrkA potassium uptake protein signature"	78	92	"2.7E-7"	"IPR006036"	"Potassium uptake protein TrkA"	"GO:0005886|GO:0006813|GO:0015079"
"PPA1061"	888	"PRINTS"	"PR00415"	"Aconitase family signature"	141	154	"2.3E-40"	"IPR001030"	"Aconitase/3-isopropylmalate dehydratase large subunit, alpha/beta/alpha domain"	"-"
"PPA1061"	888	"PRINTS"	"PR00415"	"Aconitase family signature"	165	173	"2.3E-40"	"IPR001030"	"Aconitase/3-isopropylmalate dehydratase large subunit, alpha/beta/alpha domain"	"-"
"PPA1061"	888	"PRINTS"	"PR00415"	"Aconitase family signature"	198	211	"2.3E-40"	"IPR001030"	"Aconitase/3-isopropylmalate dehydratase large subunit, alpha/beta/alpha domain"	"-"
"PPA1061"	888	"PRINTS"	"PR00415"	"Aconitase family signature"	212	227	"2.3E-40"	"IPR001030"	"Aconitase/3-isopropylmalate dehydratase large subunit, alpha/beta/alpha domain"	"-"
"PPA1061"	888	"PRINTS"	"PR00415"	"Aconitase family signature"	274	287	"2.3E-40"	"IPR001030"	"Aconitase/3-isopropylmalate dehydratase large subunit, alpha/beta/alpha domain"	"-"
"PPA1061"	888	"PRINTS"	"PR00415"	"Aconitase family signature"	288	301	"2.3E-40"	"IPR001030"	"Aconitase/3-isopropylmalate dehydratase large subunit, alpha/beta/alpha domain"	"-"
"PPA1061"	888	"PRINTS"	"PR00415"	"Aconitase family signature"	367	381	"2.3E-40"	"IPR001030"	"Aconitase/3-isopropylmalate dehydratase large subunit, alpha/beta/alpha domain"	"-"
"PPA1061"	888	"PRINTS"	"PR00415"	"Aconitase family signature"	424	435	"2.3E-40"	"IPR001030"	"Aconitase/3-isopropylmalate dehydratase large subunit, alpha/beta/alpha domain"	"-"
"PPA1061"	888	"PRINTS"	"PR00415"	"Aconitase family signature"	486	499	"2.3E-40"	"IPR001030"	"Aconitase/3-isopropylmalate dehydratase large subunit, alpha/beta/alpha domain"	"-"
"PPA1073"	446	"PRINTS"	"PR00344"	"Bacterial sensor protein C-terminal signature"	374	388	"2.2E-6"	"IPR004358"	"Signal transduction histidine kinase-related protein, C-terminal"	"GO:0016310|GO:0016772"
"PPA1073"	446	"PRINTS"	"PR00344"	"Bacterial sensor protein C-terminal signature"	392	410	"2.2E-6"	"IPR004358"	"Signal transduction histidine kinase-related protein, C-terminal"	"GO:0016310|GO:0016772"
"PPA1073"	446	"PRINTS"	"PR00344"	"Bacterial sensor protein C-terminal signature"	416	429	"2.2E-6"	"IPR004358"	"Signal transduction histidine kinase-related protein, C-terminal"	"GO:0016310|GO:0016772"
"PPA1076"	684	"PRINTS"	"PR01047"	"Threonyl-tRNA synthetase signature"	356	384	"3.4E-48"	"IPR002320"	"Threonine-tRNA ligase, class IIa"	"GO:0004829|GO:0005524|GO:0005737|GO:0006435"
"PPA1076"	684	"PRINTS"	"PR01047"	"Threonyl-tRNA synthetase signature"	389	412	"3.4E-48"	"IPR002320"	"Threonine-tRNA ligase, class IIa"	"GO:0004829|GO:0005524|GO:0005737|GO:0006435"
"PPA1076"	684	"PRINTS"	"PR01047"	"Threonyl-tRNA synthetase signature"	497	525	"3.4E-48"	"IPR002320"	"Threonine-tRNA ligase, class IIa"	"GO:0004829|GO:0005524|GO:0005737|GO:0006435"
"PPA1076"	684	"PRINTS"	"PR01047"	"Threonyl-tRNA synthetase signature"	540	553	"3.4E-48"	"IPR002320"	"Threonine-tRNA ligase, class IIa"	"GO:0004829|GO:0005524|GO:0005737|GO:0006435"
"PPA1076"	684	"PRINTS"	"PR01047"	"Threonyl-tRNA synthetase signature"	567	579	"3.4E-48"	"IPR002320"	"Threonine-tRNA ligase, class IIa"	"GO:0004829|GO:0005524|GO:0005737|GO:0006435"
"PPA1090"	399	"PRINTS"	"PR00476"	"ATP-dependent phosphofructokinase family signature"	8	27	"1.0E-14"	"IPR022953"	"ATP-dependent 6-phosphofructokinase"	"GO:0003872|GO:0006002|GO:0006096"
"PPA1090"	399	"PRINTS"	"PR00476"	"ATP-dependent phosphofructokinase family signature"	112	128	"1.0E-14"	"IPR022953"	"ATP-dependent 6-phosphofructokinase"	"GO:0003872|GO:0006002|GO:0006096"
"PPA1090"	399	"PRINTS"	"PR00476"	"ATP-dependent phosphofructokinase family signature"	145	162	"1.0E-14"	"IPR022953"	"ATP-dependent 6-phosphofructokinase"	"GO:0003872|GO:0006002|GO:0006096"
"PPA1090"	399	"PRINTS"	"PR00476"	"ATP-dependent phosphofructokinase family signature"	184	200	"1.0E-14"	"IPR022953"	"ATP-dependent 6-phosphofructokinase"	"GO:0003872|GO:0006002|GO:0006096"
"PPA1135"	490	"PRINTS"	"PR00419"	"Adrenodoxin reductase family signature"	149	171	"1.9E-24"	"-"	"-"	""
"PPA1135"	490	"PRINTS"	"PR00419"	"Adrenodoxin reductase family signature"	172	185	"1.9E-24"	"-"	"-"	""
"PPA1135"	490	"PRINTS"	"PR00419"	"Adrenodoxin reductase family signature"	214	224	"1.9E-24"	"-"	"-"	""
"PPA1135"	490	"PRINTS"	"PR00419"	"Adrenodoxin reductase family signature"	288	302	"1.9E-24"	"-"	"-"	""
"PPA1146"	476	"PRINTS"	"PR00131"	"Glycosyl hydrolase family 1 signature"	309	323	"2.8E-14"	"IPR001360"	"Glycoside hydrolase family 1"	"GO:0004553|GO:0005975"
"PPA1146"	476	"PRINTS"	"PR00131"	"Glycosyl hydrolase family 1 signature"	374	382	"2.8E-14"	"IPR001360"	"Glycoside hydrolase family 1"	"GO:0004553|GO:0005975"
"PPA1146"	476	"PRINTS"	"PR00131"	"Glycosyl hydrolase family 1 signature"	395	406	"2.8E-14"	"IPR001360"	"Glycoside hydrolase family 1"	"GO:0004553|GO:0005975"
"PPA1146"	476	"PRINTS"	"PR00131"	"Glycosyl hydrolase family 1 signature"	416	433	"2.8E-14"	"IPR001360"	"Glycoside hydrolase family 1"	"GO:0004553|GO:0005975"
"PPA1146"	476	"PRINTS"	"PR00131"	"Glycosyl hydrolase family 1 signature"	441	453	"2.8E-14"	"IPR001360"	"Glycoside hydrolase family 1"	"GO:0004553|GO:0005975"
"PPA1152"	439	"PRINTS"	"PR00083"	"Histidinol dehydrogenase signature"	33	57	"9.2E-66"	"IPR012131"	"Histidinol dehydrogenase"	"GO:0016616|GO:0046872|GO:0051287"
"PPA1152"	439	"PRINTS"	"PR00083"	"Histidinol dehydrogenase signature"	136	162	"9.2E-66"	"IPR012131"	"Histidinol dehydrogenase"	"GO:0016616|GO:0046872|GO:0051287"
"PPA1152"	439	"PRINTS"	"PR00083"	"Histidinol dehydrogenase signature"	209	234	"9.2E-66"	"IPR012131"	"Histidinol dehydrogenase"	"GO:0016616|GO:0046872|GO:0051287"
"PPA1152"	439	"PRINTS"	"PR00083"	"Histidinol dehydrogenase signature"	238	259	"9.2E-66"	"IPR012131"	"Histidinol dehydrogenase"	"GO:0016616|GO:0046872|GO:0051287"
"PPA1152"	439	"PRINTS"	"PR00083"	"Histidinol dehydrogenase signature"	260	279	"9.2E-66"	"IPR012131"	"Histidinol dehydrogenase"	"GO:0016616|GO:0046872|GO:0051287"
"PPA1152"	439	"PRINTS"	"PR00083"	"Histidinol dehydrogenase signature"	330	355	"9.2E-66"	"IPR012131"	"Histidinol dehydrogenase"	"GO:0016616|GO:0046872|GO:0051287"
"PPA1152"	439	"PRINTS"	"PR00083"	"Histidinol dehydrogenase signature"	371	389	"9.2E-66"	"IPR012131"	"Histidinol dehydrogenase"	"GO:0016616|GO:0046872|GO:0051287"
"PPA1158"	196	"PRINTS"	"PR00696"	"Crossover junction endodeoxyribonuclease RUVC signature"	16	29	"2.6E-34"	"IPR002176"	"Crossover junction endodeoxyribonuclease RuvC"	"GO:0004520|GO:0006281|GO:0006310"
"PPA1158"	196	"PRINTS"	"PR00696"	"Crossover junction endodeoxyribonuclease RUVC signature"	74	90	"2.6E-34"	"IPR002176"	"Crossover junction endodeoxyribonuclease RuvC"	"GO:0004520|GO:0006281|GO:0006310"
"PPA1158"	196	"PRINTS"	"PR00696"	"Crossover junction endodeoxyribonuclease RUVC signature"	96	112	"2.6E-34"	"IPR002176"	"Crossover junction endodeoxyribonuclease RuvC"	"GO:0004520|GO:0006281|GO:0006310"
"PPA1158"	196	"PRINTS"	"PR00696"	"Crossover junction endodeoxyribonuclease RUVC signature"	120	139	"2.6E-34"	"IPR002176"	"Crossover junction endodeoxyribonuclease RuvC"	"GO:0004520|GO:0006281|GO:0006310"
"PPA1158"	196	"PRINTS"	"PR00696"	"Crossover junction endodeoxyribonuclease RUVC signature"	152	164	"2.6E-34"	"IPR002176"	"Crossover junction endodeoxyribonuclease RuvC"	"GO:0004520|GO:0006281|GO:0006310"
"PPA1163"	391	"PRINTS"	"PR01755"	"Bacterial translocase SecF protein signature"	68	83	"3.0E-17"	"IPR022645"	"Protein-export membrane protein SecD/SecF, bacterial"	"-"
"PPA1163"	391	"PRINTS"	"PR01755"	"Bacterial translocase SecF protein signature"	231	249	"3.0E-17"	"IPR022645"	"Protein-export membrane protein SecD/SecF, bacterial"	"-"
"PPA1163"	391	"PRINTS"	"PR01755"	"Bacterial translocase SecF protein signature"	265	280	"3.0E-17"	"IPR022645"	"Protein-export membrane protein SecD/SecF, bacterial"	"-"
"PPA1175"	606	"PRINTS"	"PR01042"	"Aspartyl-tRNA synthetase signature"	192	204	"5.2E-26"	"IPR002312"	"Aspartyl/Asparaginyl-tRNA synthetase, class IIb"	"GO:0000166|GO:0004812|GO:0005524|GO:0006418"
"PPA1175"	606	"PRINTS"	"PR01042"	"Aspartyl-tRNA synthetase signature"	209	222	"5.2E-26"	"IPR002312"	"Aspartyl/Asparaginyl-tRNA synthetase, class IIb"	"GO:0000166|GO:0004812|GO:0005524|GO:0006418"
"PPA1175"	606	"PRINTS"	"PR01042"	"Aspartyl-tRNA synthetase signature"	477	493	"5.2E-26"	"IPR002312"	"Aspartyl/Asparaginyl-tRNA synthetase, class IIb"	"GO:0000166|GO:0004812|GO:0005524|GO:0006418"
"PPA1175"	606	"PRINTS"	"PR01042"	"Aspartyl-tRNA synthetase signature"	521	535	"5.2E-26"	"IPR002312"	"Aspartyl/Asparaginyl-tRNA synthetase, class IIb"	"GO:0000166|GO:0004812|GO:0005524|GO:0006418"
"PPA1178"	892	"PRINTS"	"PR00980"	"Alanyl-tRNA synthetase signature"	69	80	"6.6E-24"	"IPR002318"	"Alanine-tRNA ligase, class IIc"	"GO:0000166|GO:0005737"
"PPA1178"	892	"PRINTS"	"PR00980"	"Alanyl-tRNA synthetase signature"	204	215	"6.6E-24"	"IPR002318"	"Alanine-tRNA ligase, class IIc"	"GO:0000166|GO:0005737"
"PPA1178"	892	"PRINTS"	"PR00980"	"Alanyl-tRNA synthetase signature"	237	250	"6.6E-24"	"IPR002318"	"Alanine-tRNA ligase, class IIc"	"GO:0000166|GO:0005737"
"PPA1178"	892	"PRINTS"	"PR00980"	"Alanyl-tRNA synthetase signature"	287	303	"6.6E-24"	"IPR002318"	"Alanine-tRNA ligase, class IIc"	"GO:0000166|GO:0005737"
"PPA1178"	892	"PRINTS"	"PR00980"	"Alanyl-tRNA synthetase signature"	311	324	"6.6E-24"	"IPR002318"	"Alanine-tRNA ligase, class IIc"	"GO:0000166|GO:0005737"
"PPA1183"	167	"PRINTS"	"PR01100"	"Shikimate kinase family signature"	2	17	"1.7E-15"	"-"	"-"	""
"PPA1183"	167	"PRINTS"	"PR01100"	"Shikimate kinase family signature"	26	39	"1.7E-15"	"-"	"-"	""
"PPA1183"	167	"PRINTS"	"PR01100"	"Shikimate kinase family signature"	54	62	"1.7E-15"	"-"	"-"	""
"PPA1183"	167	"PRINTS"	"PR01100"	"Shikimate kinase family signature"	71	80	"1.7E-15"	"-"	"-"	""
"PPA1183"	167	"PRINTS"	"PR01100"	"Shikimate kinase family signature"	91	108	"1.7E-15"	"-"	"-"	""
"PPA1196"	458	"PRINTS"	"PR02008"	"RNA (C5-cytosine) methyltransferase signature"	230	244	"1.7E-19"	"IPR023267"	"RNA (C5-cytosine) methyltransferase"	"GO:0001510"
"PPA1196"	458	"PRINTS"	"PR02008"	"RNA (C5-cytosine) methyltransferase signature"	264	274	"1.7E-19"	"IPR023267"	"RNA (C5-cytosine) methyltransferase"	"GO:0001510"
"PPA1196"	458	"PRINTS"	"PR02008"	"RNA (C5-cytosine) methyltransferase signature"	330	342	"1.7E-19"	"IPR023267"	"RNA (C5-cytosine) methyltransferase"	"GO:0001510"
"PPA1196"	458	"PRINTS"	"PR02008"	"RNA (C5-cytosine) methyltransferase signature"	380	396	"1.7E-19"	"IPR023267"	"RNA (C5-cytosine) methyltransferase"	"GO:0001510"
"PPA1196"	458	"PRINTS"	"PR02008"	"RNA (C5-cytosine) methyltransferase signature"	434	451	"1.7E-19"	"IPR023267"	"RNA (C5-cytosine) methyltransferase"	"GO:0001510"
"PPA1205"	206	"PRINTS"	"PR00455"	"TetR bacterial regulatory protein HTH signature"	17	30	"1.8E-6"	"IPR001647"	"DNA-binding HTH domain, TetR-type"	"GO:0003677"
"PPA1205"	206	"PRINTS"	"PR00455"	"TetR bacterial regulatory protein HTH signature"	38	61	"1.8E-6"	"IPR001647"	"DNA-binding HTH domain, TetR-type"	"GO:0003677"
"PPA1210"	456	"PRINTS"	"PR00326"	"GTP1/OBG GTP-binding protein family signature"	197	217	"2.4E-8"	"IPR006073"	"GTP binding domain"	"GO:0005525"
"PPA1210"	456	"PRINTS"	"PR00326"	"GTP1/OBG GTP-binding protein family signature"	219	237	"2.4E-8"	"IPR006073"	"GTP binding domain"	"GO:0005525"
"PPA1210"	456	"PRINTS"	"PR00326"	"GTP1/OBG GTP-binding protein family signature"	246	261	"2.4E-8"	"IPR006073"	"GTP binding domain"	"GO:0005525"
"PPA1211"	304	"PRINTS"	"PR00990"	"Ribokinase signature"	5	26	"1.8E-30"	"IPR002139"	"Ribokinase/fructokinase"	"GO:0016301"
"PPA1211"	304	"PRINTS"	"PR00990"	"Ribokinase signature"	32	51	"1.8E-30"	"IPR002139"	"Ribokinase/fructokinase"	"GO:0016301"
"PPA1211"	304	"PRINTS"	"PR00990"	"Ribokinase signature"	103	116	"1.8E-30"	"IPR002139"	"Ribokinase/fructokinase"	"GO:0016301"
"PPA1211"	304	"PRINTS"	"PR00990"	"Ribokinase signature"	172	187	"1.8E-30"	"IPR002139"	"Ribokinase/fructokinase"	"GO:0016301"
"PPA1211"	304	"PRINTS"	"PR00990"	"Ribokinase signature"	216	227	"1.8E-30"	"IPR002139"	"Ribokinase/fructokinase"	"GO:0016301"
"PPA1220"	163	"PRINTS"	"PR00033"	"AsnC bacterial regulatory protein HTH signature"	16	32	"6.4E-15"	"IPR000485"	"AsnC-type HTH domain"	"GO:0043565"
"PPA1220"	163	"PRINTS"	"PR00033"	"AsnC bacterial regulatory protein HTH signature"	32	43	"6.4E-15"	"IPR000485"	"AsnC-type HTH domain"	"GO:0043565"
"PPA1220"	163	"PRINTS"	"PR00033"	"AsnC bacterial regulatory protein HTH signature"	43	62	"6.4E-15"	"IPR000485"	"AsnC-type HTH domain"	"GO:0043565"
"PPA1227"	467	"PRINTS"	"PR00368"	"FAD-dependent pyridine nucleotide reductase signature"	7	26	"5.0E-34"	"-"	"-"	""
"PPA1227"	467	"PRINTS"	"PR00368"	"FAD-dependent pyridine nucleotide reductase signature"	137	155	"5.0E-34"	"-"	"-"	""
"PPA1227"	467	"PRINTS"	"PR00368"	"FAD-dependent pyridine nucleotide reductase signature"	175	193	"5.0E-34"	"-"	"-"	""
"PPA1227"	467	"PRINTS"	"PR00368"	"FAD-dependent pyridine nucleotide reductase signature"	264	280	"5.0E-34"	"-"	"-"	""
"PPA1227"	467	"PRINTS"	"PR00368"	"FAD-dependent pyridine nucleotide reductase signature"	293	315	"5.0E-34"	"-"	"-"	""
"PPA1227"	467	"PRINTS"	"PR00411"	"Pyridine nucleotide disulphide reductase class-I signature"	6	28	"1.4E-58"	"-"	"-"	""
"PPA1227"	467	"PRINTS"	"PR00411"	"Pyridine nucleotide disulphide reductase class-I signature"	38	53	"1.4E-58"	"-"	"-"	""
"PPA1227"	467	"PRINTS"	"PR00411"	"Pyridine nucleotide disulphide reductase class-I signature"	140	149	"1.4E-58"	"-"	"-"	""
"PPA1227"	467	"PRINTS"	"PR00411"	"Pyridine nucleotide disulphide reductase class-I signature"	175	200	"1.4E-58"	"-"	"-"	""
"PPA1227"	467	"PRINTS"	"PR00411"	"Pyridine nucleotide disulphide reductase class-I signature"	265	279	"1.4E-58"	"-"	"-"	""
"PPA1227"	467	"PRINTS"	"PR00411"	"Pyridine nucleotide disulphide reductase class-I signature"	308	315	"1.4E-58"	"-"	"-"	""
"PPA1227"	467	"PRINTS"	"PR00411"	"Pyridine nucleotide disulphide reductase class-I signature"	344	365	"1.4E-58"	"-"	"-"	""
"PPA1227"	467	"PRINTS"	"PR00411"	"Pyridine nucleotide disulphide reductase class-I signature"	409	424	"1.4E-58"	"-"	"-"	""
"PPA1227"	467	"PRINTS"	"PR00411"	"Pyridine nucleotide disulphide reductase class-I signature"	431	451	"1.4E-58"	"-"	"-"	""
"PPA1229"	139	"PRINTS"	"PR00778"	"Bacterial regulatory protein ArsR family signature"	23	38	"2.8E-11"	"IPR001845"	"HTH ArsR-type DNA-binding domain"	"GO:0003700|GO:0006355"
"PPA1229"	139	"PRINTS"	"PR00778"	"Bacterial regulatory protein ArsR family signature"	55	70	"2.8E-11"	"IPR001845"	"HTH ArsR-type DNA-binding domain"	"GO:0003700|GO:0006355"
"PPA1229"	139	"PRINTS"	"PR00778"	"Bacterial regulatory protein ArsR family signature"	70	85	"2.8E-11"	"IPR001845"	"HTH ArsR-type DNA-binding domain"	"GO:0003700|GO:0006355"
"PPA1233"	398	"PRINTS"	"PR01035"	"Tetracycline resistance protein signature"	19	35	"5.3E-12"	"IPR001958"	"Tetracycline resistance protein TetA/multidrug resistance protein MdtG"	"GO:0022857"
"PPA1233"	398	"PRINTS"	"PR01035"	"Tetracycline resistance protein signature"	132	154	"5.3E-12"	"IPR001958"	"Tetracycline resistance protein TetA/multidrug resistance protein MdtG"	"GO:0022857"
"PPA1233"	398	"PRINTS"	"PR01035"	"Tetracycline resistance protein signature"	160	180	"5.3E-12"	"IPR001958"	"Tetracycline resistance protein TetA/multidrug resistance protein MdtG"	"GO:0022857"
"PPA1233"	398	"PRINTS"	"PR01035"	"Tetracycline resistance protein signature"	349	372	"5.3E-12"	"IPR001958"	"Tetracycline resistance protein TetA/multidrug resistance protein MdtG"	"GO:0022857"
"PPA1240"	314	"PRINTS"	"PR00126"	"ATP synthase gamma subunit signature"	74	93	"2.3E-32"	"IPR000131"	"ATP synthase, F1 complex, gamma subunit"	"GO:0015986|GO:0045261|GO:0046933"
"PPA1240"	314	"PRINTS"	"PR00126"	"ATP synthase gamma subunit signature"	170	187	"2.3E-32"	"IPR000131"	"ATP synthase, F1 complex, gamma subunit"	"GO:0015986|GO:0045261|GO:0046933"
"PPA1240"	314	"PRINTS"	"PR00126"	"ATP synthase gamma subunit signature"	254	273	"2.3E-32"	"IPR000131"	"ATP synthase, F1 complex, gamma subunit"	"GO:0015986|GO:0045261|GO:0046933"
"PPA1240"	314	"PRINTS"	"PR00126"	"ATP synthase gamma subunit signature"	285	306	"2.3E-32"	"IPR000131"	"ATP synthase, F1 complex, gamma subunit"	"GO:0015986|GO:0045261|GO:0046933"
"PPA1242"	263	"PRINTS"	"PR00125"	"ATP synthase delta subunit signature"	222	237	"1.3E-7"	"IPR000711"	"ATPase, OSCP/delta subunit"	"GO:0015986|GO:0046933"
"PPA1242"	263	"PRINTS"	"PR00125"	"ATP synthase delta subunit signature"	237	255	"1.3E-7"	"IPR000711"	"ATPase, OSCP/delta subunit"	"GO:0015986|GO:0046933"
"PPA1244"	73	"PRINTS"	"PR00124"	"ATP synthase C subunit signature"	10	29	"7.8E-16"	"IPR000454"	"ATP synthase, F0 complex, subunit C"	"GO:0015078|GO:0015986|GO:0045263"
"PPA1244"	73	"PRINTS"	"PR00124"	"ATP synthase C subunit signature"	31	46	"7.8E-16"	"IPR000454"	"ATP synthase, F0 complex, subunit C"	"GO:0015078|GO:0015986|GO:0045263"
"PPA1244"	73	"PRINTS"	"PR00124"	"ATP synthase C subunit signature"	48	73	"7.8E-16"	"IPR000454"	"ATP synthase, F0 complex, subunit C"	"GO:0015078|GO:0015986|GO:0045263"
"PPA1245"	258	"PRINTS"	"PR00123"	"ATP synthase A subunit signature"	91	107	"5.2E-19"	"IPR000568"	"ATP synthase, F0 complex, subunit A"	"GO:0015078|GO:0015986|GO:0045263"
"PPA1245"	258	"PRINTS"	"PR00123"	"ATP synthase A subunit signature"	175	197	"5.2E-19"	"IPR000568"	"ATP synthase, F0 complex, subunit A"	"GO:0015078|GO:0015986|GO:0045263"
"PPA1245"	258	"PRINTS"	"PR00123"	"ATP synthase A subunit signature"	237	252	"5.2E-19"	"IPR000568"	"ATP synthase, F0 complex, subunit A"	"GO:0015078|GO:0015986|GO:0045263"
"PPA1253"	69	"PRINTS"	"PR01249"	"Ribosomal protein L31 signature"	2	19	"5.3E-23"	"IPR002150"	"Ribosomal protein L31"	"GO:0003735|GO:0005840|GO:0006412"
"PPA1253"	69	"PRINTS"	"PR01249"	"Ribosomal protein L31 signature"	32	47	"5.3E-23"	"IPR002150"	"Ribosomal protein L31"	"GO:0003735|GO:0005840|GO:0006412"
"PPA1253"	69	"PRINTS"	"PR01249"	"Ribosomal protein L31 signature"	47	65	"5.3E-23"	"IPR002150"	"Ribosomal protein L31"	"GO:0003735|GO:0005840|GO:0006412"
"PPA1256"	296	"PRINTS"	"PR00958"	"Homoserine kinase signature"	12	27	"6.2E-35"	"-"	"-"	""
"PPA1256"	296	"PRINTS"	"PR00958"	"Homoserine kinase signature"	98	113	"6.2E-35"	"-"	"-"	""
"PPA1256"	296	"PRINTS"	"PR00958"	"Homoserine kinase signature"	134	147	"6.2E-35"	"-"	"-"	""
"PPA1256"	296	"PRINTS"	"PR00958"	"Homoserine kinase signature"	173	190	"6.2E-35"	"-"	"-"	""
"PPA1256"	296	"PRINTS"	"PR00958"	"Homoserine kinase signature"	250	265	"6.2E-35"	"-"	"-"	""
"PPA1259"	476	"PRINTS"	"PR01181"	"Diaminopimelate decarboxylase signature"	110	127	"1.2E-21"	"IPR002986"	"Diaminopimelate decarboxylase, LysA"	"GO:0008836|GO:0009089"
"PPA1259"	476	"PRINTS"	"PR01181"	"Diaminopimelate decarboxylase signature"	199	208	"1.2E-21"	"IPR002986"	"Diaminopimelate decarboxylase, LysA"	"GO:0008836|GO:0009089"
"PPA1259"	476	"PRINTS"	"PR01181"	"Diaminopimelate decarboxylase signature"	349	367	"1.2E-21"	"IPR002986"	"Diaminopimelate decarboxylase, LysA"	"GO:0008836|GO:0009089"
"PPA1259"	476	"PRINTS"	"PR01181"	"Diaminopimelate decarboxylase signature"	432	454	"1.2E-21"	"IPR002986"	"Diaminopimelate decarboxylase, LysA"	"GO:0008836|GO:0009089"
"PPA1259"	476	"PRINTS"	"PR01179"	"Ornithine/diaminopimelate/arginine (ODA) decarboxylase family signature"	92	110	"2.0E-12"	"IPR000183"	"Ornithine/DAP/Arg decarboxylase"	"GO:0003824"
"PPA1259"	476	"PRINTS"	"PR01179"	"Ornithine/diaminopimelate/arginine (ODA) decarboxylase family signature"	227	240	"2.0E-12"	"IPR000183"	"Ornithine/DAP/Arg decarboxylase"	"GO:0003824"
"PPA1259"	476	"PRINTS"	"PR01179"	"Ornithine/diaminopimelate/arginine (ODA) decarboxylase family signature"	316	335	"2.0E-12"	"IPR000183"	"Ornithine/DAP/Arg decarboxylase"	"GO:0003824"
"PPA1259"	476	"PRINTS"	"PR01179"	"Ornithine/diaminopimelate/arginine (ODA) decarboxylase family signature"	422	435	"2.0E-12"	"IPR000183"	"Ornithine/DAP/Arg decarboxylase"	"GO:0003824"
"PPA1271"	297	"PRINTS"	"PR00377"	"Inositol monophosphatase superfamily signature"	75	95	"1.7E-14"	"IPR000760"	"Inositol monophosphatase-like"	"GO:0046855"
"PPA1271"	297	"PRINTS"	"PR00377"	"Inositol monophosphatase superfamily signature"	116	132	"1.7E-14"	"IPR000760"	"Inositol monophosphatase-like"	"GO:0046855"
"PPA1271"	297	"PRINTS"	"PR00377"	"Inositol monophosphatase superfamily signature"	170	193	"1.7E-14"	"IPR000760"	"Inositol monophosphatase-like"	"GO:0046855"
"PPA1271"	297	"PRINTS"	"PR00377"	"Inositol monophosphatase superfamily signature"	245	269	"1.7E-14"	"IPR000760"	"Inositol monophosphatase-like"	"GO:0046855"
"PPA1327"	363	"PRINTS"	"PR01039"	"Tryptophanyl-tRNA synthetase signature"	48	64	"1.7E-23"	"IPR002306"	"Tryptophan-tRNA ligase"	"GO:0000166|GO:0004830|GO:0005524|GO:0006436"
"PPA1327"	363	"PRINTS"	"PR01039"	"Tryptophanyl-tRNA synthetase signature"	99	118	"1.7E-23"	"IPR002306"	"Tryptophan-tRNA ligase"	"GO:0000166|GO:0004830|GO:0005524|GO:0006436"
"PPA1327"	363	"PRINTS"	"PR01039"	"Tryptophanyl-tRNA synthetase signature"	175	196	"1.7E-23"	"IPR002306"	"Tryptophan-tRNA ligase"	"GO:0000166|GO:0004830|GO:0005524|GO:0006436"
"PPA1327"	363	"PRINTS"	"PR01039"	"Tryptophanyl-tRNA synthetase signature"	231	241	"1.7E-23"	"IPR002306"	"Tryptophan-tRNA ligase"	"GO:0000166|GO:0004830|GO:0005524|GO:0006436"
"PPA1333"	901	"PRINTS"	"PR00906"	"SecA protein signature"	61	85	"2.0E-68"	"IPR000185"	"Protein translocase subunit SecA"	"GO:0005524|GO:0006605|GO:0006886"
"PPA1333"	901	"PRINTS"	"PR00906"	"SecA protein signature"	99	113	"2.0E-68"	"IPR000185"	"Protein translocase subunit SecA"	"GO:0005524|GO:0006605|GO:0006886"
"PPA1333"	901	"PRINTS"	"PR00906"	"SecA protein signature"	115	125	"2.0E-68"	"IPR000185"	"Protein translocase subunit SecA"	"GO:0005524|GO:0006605|GO:0006886"
"PPA1333"	901	"PRINTS"	"PR00906"	"SecA protein signature"	168	188	"2.0E-68"	"IPR000185"	"Protein translocase subunit SecA"	"GO:0005524|GO:0006605|GO:0006886"
"PPA1333"	901	"PRINTS"	"PR00906"	"SecA protein signature"	319	341	"2.0E-68"	"IPR000185"	"Protein translocase subunit SecA"	"GO:0005524|GO:0006605|GO:0006886"
"PPA1333"	901	"PRINTS"	"PR00906"	"SecA protein signature"	356	373	"2.0E-68"	"IPR000185"	"Protein translocase subunit SecA"	"GO:0005524|GO:0006605|GO:0006886"
"PPA1333"	901	"PRINTS"	"PR00906"	"SecA protein signature"	393	406	"2.0E-68"	"IPR000185"	"Protein translocase subunit SecA"	"GO:0005524|GO:0006605|GO:0006886"
"PPA1337"	582	"PRINTS"	"PR00344"	"Bacterial sensor protein C-terminal signature"	482	496	"7.7E-9"	"IPR004358"	"Signal transduction histidine kinase-related protein, C-terminal"	"GO:0016310|GO:0016772"
"PPA1337"	582	"PRINTS"	"PR00344"	"Bacterial sensor protein C-terminal signature"	500	510	"7.7E-9"	"IPR004358"	"Signal transduction histidine kinase-related protein, C-terminal"	"GO:0016310|GO:0016772"
"PPA1337"	582	"PRINTS"	"PR00344"	"Bacterial sensor protein C-terminal signature"	517	535	"7.7E-9"	"IPR004358"	"Signal transduction histidine kinase-related protein, C-terminal"	"GO:0016310|GO:0016772"
"PPA1337"	582	"PRINTS"	"PR00344"	"Bacterial sensor protein C-terminal signature"	541	554	"7.7E-9"	"IPR004358"	"Signal transduction histidine kinase-related protein, C-terminal"	"GO:0016310|GO:0016772"
"PPA1346"	486	"PRINTS"	"PR00145"	"Argininosuccinate lyase family signature"	120	142	"1.3E-47"	"-"	"-"	""
"PPA1346"	486	"PRINTS"	"PR00145"	"Argininosuccinate lyase family signature"	161	181	"1.3E-47"	"-"	"-"	""
"PPA1346"	486	"PRINTS"	"PR00145"	"Argininosuccinate lyase family signature"	212	228	"1.3E-47"	"-"	"-"	""
"PPA1346"	486	"PRINTS"	"PR00145"	"Argininosuccinate lyase family signature"	250	274	"1.3E-47"	"-"	"-"	""
"PPA1346"	486	"PRINTS"	"PR00145"	"Argininosuccinate lyase family signature"	294	310	"1.3E-47"	"-"	"-"	""
"PPA1346"	486	"PRINTS"	"PR00145"	"Argininosuccinate lyase family signature"	329	348	"1.3E-47"	"-"	"-"	""
"PPA1346"	486	"PRINTS"	"PR00149"	"Fumarate lyase superfamily signature"	121	139	"8.3E-22"	"IPR000362"	"Fumarate lyase family"	"-"
"PPA1346"	486	"PRINTS"	"PR00149"	"Fumarate lyase superfamily signature"	166	184	"8.3E-22"	"IPR000362"	"Fumarate lyase family"	"-"
"PPA1346"	486	"PRINTS"	"PR00149"	"Fumarate lyase superfamily signature"	250	277	"8.3E-22"	"IPR000362"	"Fumarate lyase family"	"-"
"PPA1346"	486	"PRINTS"	"PR00149"	"Fumarate lyase superfamily signature"	294	310	"8.3E-22"	"IPR000362"	"Fumarate lyase family"	"-"
"PPA1348"	310	"PRINTS"	"PR00474"	"Glutamate 5-kinase family signature"	67	81	"8.3E-5"	"IPR001057"	"Glutamate/acetylglutamate kinase"	"-"
"PPA1348"	310	"PRINTS"	"PR00474"	"Glutamate 5-kinase family signature"	205	232	"8.3E-5"	"IPR001057"	"Glutamate/acetylglutamate kinase"	"-"
"PPA1348"	310	"PRINTS"	"PR00474"	"Glutamate 5-kinase family signature"	256	276	"8.3E-5"	"IPR001057"	"Glutamate/acetylglutamate kinase"	"-"
"PPA1362"	135	"PRINTS"	"PR00415"	"Aconitase family signature"	30	43	"6.0E-9"	"IPR001030"	"Aconitase/3-isopropylmalate dehydratase large subunit, alpha/beta/alpha domain"	"-"
"PPA1362"	135	"PRINTS"	"PR00415"	"Aconitase family signature"	44	57	"6.0E-9"	"IPR001030"	"Aconitase/3-isopropylmalate dehydratase large subunit, alpha/beta/alpha domain"	"-"
"PPA1363"	111	"PRINTS"	"PR00415"	"Aconitase family signature"	40	53	"3.6E-18"	"IPR001030"	"Aconitase/3-isopropylmalate dehydratase large subunit, alpha/beta/alpha domain"	"-"
"PPA1363"	111	"PRINTS"	"PR00415"	"Aconitase family signature"	64	72	"3.6E-18"	"IPR001030"	"Aconitase/3-isopropylmalate dehydratase large subunit, alpha/beta/alpha domain"	"-"
"PPA1363"	111	"PRINTS"	"PR00415"	"Aconitase family signature"	75	88	"3.6E-18"	"IPR001030"	"Aconitase/3-isopropylmalate dehydratase large subunit, alpha/beta/alpha domain"	"-"
"PPA1363"	111	"PRINTS"	"PR00415"	"Aconitase family signature"	89	104	"3.6E-18"	"IPR001030"	"Aconitase/3-isopropylmalate dehydratase large subunit, alpha/beta/alpha domain"	"-"
"PPA1375"	136	"PRINTS"	"PR00332"	"Histidine triad family signature"	4	20	"1.3E-12"	"IPR001310"	"Histidine triad (HIT) protein"	"-"
"PPA1375"	136	"PRINTS"	"PR00332"	"Histidine triad family signature"	25	43	"1.3E-12"	"IPR001310"	"Histidine triad (HIT) protein"	"-"
"PPA1375"	136	"PRINTS"	"PR00332"	"Histidine triad family signature"	91	101	"1.3E-12"	"IPR001310"	"Histidine triad (HIT) protein"	"-"
"PPA1378"	261	"PRINTS"	"PR01840"	"Bacterial Sec-independent translocation TatC protein family signature"	2	29	"7.7E-31"	"IPR002033"	"Sec-independent periplasmic protein translocase TatC"	"GO:0016021"
"PPA1378"	261	"PRINTS"	"PR01840"	"Bacterial Sec-independent translocation TatC protein family signature"	87	105	"7.7E-31"	"IPR002033"	"Sec-independent periplasmic protein translocase TatC"	"GO:0016021"
"PPA1378"	261	"PRINTS"	"PR01840"	"Bacterial Sec-independent translocation TatC protein family signature"	105	131	"7.7E-31"	"IPR002033"	"Sec-independent periplasmic protein translocase TatC"	"GO:0016021"
"PPA1378"	261	"PRINTS"	"PR01840"	"Bacterial Sec-independent translocation TatC protein family signature"	157	185	"7.7E-31"	"IPR002033"	"Sec-independent periplasmic protein translocase TatC"	"GO:0016021"
"PPA1383"	347	"PRINTS"	"PR00987"	"Glutamyl-tRNA synthetase signature"	31	43	"2.4E-14"	"IPR000924"	"Glutamyl/glutaminyl-tRNA synthetase"	"GO:0000166|GO:0004812|GO:0005524|GO:0043039"
"PPA1383"	347	"PRINTS"	"PR00987"	"Glutamyl-tRNA synthetase signature"	45	56	"2.4E-14"	"IPR000924"	"Glutamyl/glutaminyl-tRNA synthetase"	"GO:0000166|GO:0004812|GO:0005524|GO:0043039"
"PPA1383"	347	"PRINTS"	"PR00987"	"Glutamyl-tRNA synthetase signature"	60	73	"2.4E-14"	"IPR000924"	"Glutamyl/glutaminyl-tRNA synthetase"	"GO:0000166|GO:0004812|GO:0005524|GO:0043039"
"PPA1383"	347	"PRINTS"	"PR00987"	"Glutamyl-tRNA synthetase signature"	201	211	"2.4E-14"	"IPR000924"	"Glutamyl/glutaminyl-tRNA synthetase"	"GO:0000166|GO:0004812|GO:0005524|GO:0043039"
"PPA1404"	418	"PRINTS"	"PR01040"	"Tyrosyl-tRNA synthetase signature"	44	66	"8.5E-26"	"IPR002307"	"Tyrosine-tRNA ligase"	"GO:0000166|GO:0004831|GO:0005524|GO:0006437"
"PPA1404"	418	"PRINTS"	"PR01040"	"Tyrosyl-tRNA synthetase signature"	160	175	"8.5E-26"	"IPR002307"	"Tyrosine-tRNA ligase"	"GO:0000166|GO:0004831|GO:0005524|GO:0006437"
"PPA1404"	418	"PRINTS"	"PR01040"	"Tyrosyl-tRNA synthetase signature"	181	203	"8.5E-26"	"IPR002307"	"Tyrosine-tRNA ligase"	"GO:0000166|GO:0004831|GO:0005524|GO:0006437"
"PPA1404"	418	"PRINTS"	"PR01040"	"Tyrosyl-tRNA synthetase signature"	214	226	"8.5E-26"	"IPR002307"	"Tyrosine-tRNA ligase"	"GO:0000166|GO:0004831|GO:0005524|GO:0006437"
"PPA1405"	182	"PRINTS"	"PR01467"	"Bacterial arginine repressor signature"	29	42	"6.6E-22"	"IPR001669"	"Arginine repressor"	"GO:0003700|GO:0006355"
"PPA1405"	182	"PRINTS"	"PR01467"	"Bacterial arginine repressor signature"	45	60	"6.6E-22"	"IPR001669"	"Arginine repressor"	"GO:0003700|GO:0006355"
"PPA1405"	182	"PRINTS"	"PR01467"	"Bacterial arginine repressor signature"	103	116	"6.6E-22"	"IPR001669"	"Arginine repressor"	"GO:0003700|GO:0006355"
"PPA1405"	182	"PRINTS"	"PR01467"	"Bacterial arginine repressor signature"	133	148	"6.6E-22"	"IPR001669"	"Arginine repressor"	"GO:0003700|GO:0006355"
"PPA1406"	203	"PRINTS"	"PR00400"	"Tetracycline repressor protein signature"	35	58	"1.6E-9"	"IPR003012"	"Tetracycline transcriptional regulator, TetR"	"GO:0045892|GO:0046677"
"PPA1406"	203	"PRINTS"	"PR00400"	"Tetracycline repressor protein signature"	90	109	"1.6E-9"	"IPR003012"	"Tetracycline transcriptional regulator, TetR"	"GO:0045892|GO:0046677"
"PPA1406"	203	"PRINTS"	"PR00400"	"Tetracycline repressor protein signature"	146	165	"1.6E-9"	"IPR003012"	"Tetracycline transcriptional regulator, TetR"	"GO:0045892|GO:0046677"
"PPA1406"	203	"PRINTS"	"PR00455"	"TetR bacterial regulatory protein HTH signature"	23	36	"1.4E-6"	"IPR001647"	"DNA-binding HTH domain, TetR-type"	"GO:0003677"
"PPA1406"	203	"PRINTS"	"PR00455"	"TetR bacterial regulatory protein HTH signature"	44	67	"1.4E-6"	"IPR001647"	"DNA-binding HTH domain, TetR-type"	"GO:0003677"
"PPA1412"	123	"PRINTS"	"PR00062"	"Ribosomal protein L20 signature"	12	41	"3.4E-37"	"IPR005813"	"Ribosomal protein L20"	"GO:0003735|GO:0005840|GO:0006412|GO:0019843"
"PPA1412"	123	"PRINTS"	"PR00062"	"Ribosomal protein L20 signature"	42	71	"3.4E-37"	"IPR005813"	"Ribosomal protein L20"	"GO:0003735|GO:0005840|GO:0006412|GO:0019843"
"PPA1412"	123	"PRINTS"	"PR00062"	"Ribosomal protein L20 signature"	75	101	"3.4E-37"	"IPR005813"	"Ribosomal protein L20"	"GO:0003735|GO:0005840|GO:0006412|GO:0019843"
"PPA1413"	68	"PRINTS"	"PR00064"	"Ribosomal protein L35 signature"	3	20	"1.1E-14"	"IPR001706"	"Ribosomal protein L35, non-mitochondrial"	"GO:0003735|GO:0005840|GO:0006412"
"PPA1413"	68	"PRINTS"	"PR00064"	"Ribosomal protein L35 signature"	21	35	"1.1E-14"	"IPR001706"	"Ribosomal protein L35, non-mitochondrial"	"GO:0003735|GO:0005840|GO:0006412"
"PPA1413"	68	"PRINTS"	"PR00064"	"Ribosomal protein L35 signature"	36	54	"1.1E-14"	"IPR001706"	"Ribosomal protein L35, non-mitochondrial"	"GO:0003735|GO:0005840|GO:0006412"
"PPA1423"	436	"PRINTS"	"PR00143"	"Citrate synthase signature"	174	187	"4.5E-46"	"IPR002020"	"Citrate synthase"	"GO:0046912"
"PPA1423"	436	"PRINTS"	"PR00143"	"Citrate synthase signature"	228	243	"4.5E-46"	"IPR002020"	"Citrate synthase"	"GO:0046912"
"PPA1423"	436	"PRINTS"	"PR00143"	"Citrate synthase signature"	250	278	"4.5E-46"	"IPR002020"	"Citrate synthase"	"GO:0046912"
"PPA1423"	436	"PRINTS"	"PR00143"	"Citrate synthase signature"	304	324	"4.5E-46"	"IPR002020"	"Citrate synthase"	"GO:0046912"
"PPA1423"	436	"PRINTS"	"PR00143"	"Citrate synthase signature"	367	383	"4.5E-46"	"IPR002020"	"Citrate synthase"	"GO:0046912"
"PPA1423"	436	"PRINTS"	"PR00143"	"Citrate synthase signature"	387	401	"4.5E-46"	"IPR002020"	"Citrate synthase"	"GO:0046912"
"PPA1434"	274	"PRINTS"	"PR00727"	"Bacterial leader peptidase 1 (S26A) family signature"	58	74	"4.5E-20"	"IPR000223"	"Peptidase S26A, signal peptidase I"	"GO:0006508|GO:0008236|GO:0016020"
"PPA1434"	274	"PRINTS"	"PR00727"	"Bacterial leader peptidase 1 (S26A) family signature"	131	143	"4.5E-20"	"IPR000223"	"Peptidase S26A, signal peptidase I"	"GO:0006508|GO:0008236|GO:0016020"
"PPA1434"	274	"PRINTS"	"PR00727"	"Bacterial leader peptidase 1 (S26A) family signature"	184	203	"4.5E-20"	"IPR000223"	"Peptidase S26A, signal peptidase I"	"GO:0006508|GO:0008236|GO:0016020"
"PPA1435"	117	"PRINTS"	"PR00061"	"Ribosomal protein L19 signature"	4	33	"9.8E-43"	"IPR001857"	"Ribosomal protein L19"	"GO:0003735|GO:0005840|GO:0006412"
"PPA1435"	117	"PRINTS"	"PR00061"	"Ribosomal protein L19 signature"	34	63	"9.8E-43"	"IPR001857"	"Ribosomal protein L19"	"GO:0003735|GO:0005840|GO:0006412"
"PPA1435"	117	"PRINTS"	"PR00061"	"Ribosomal protein L19 signature"	88	113	"9.8E-43"	"IPR001857"	"Ribosomal protein L19"	"GO:0003735|GO:0005840|GO:0006412"
"PPA1463"	157	"PRINTS"	"PR01020"	"Lipopolysaccharide core biosynthesis protein signature"	1	19	"1.1E-39"	"IPR001980"	"Phosphopantetheine adenylyltransferase"	"GO:0004595|GO:0015937"
"PPA1463"	157	"PRINTS"	"PR01020"	"Lipopolysaccharide core biosynthesis protein signature"	19	40	"1.1E-39"	"IPR001980"	"Phosphopantetheine adenylyltransferase"	"GO:0004595|GO:0015937"
"PPA1463"	157	"PRINTS"	"PR01020"	"Lipopolysaccharide core biosynthesis protein signature"	48	72	"1.1E-39"	"IPR001980"	"Phosphopantetheine adenylyltransferase"	"GO:0004595|GO:0015937"
"PPA1463"	157	"PRINTS"	"PR01020"	"Lipopolysaccharide core biosynthesis protein signature"	84	100	"1.1E-39"	"IPR001980"	"Phosphopantetheine adenylyltransferase"	"GO:0004595|GO:0015937"
"PPA1463"	157	"PRINTS"	"PR01020"	"Lipopolysaccharide core biosynthesis protein signature"	110	132	"1.1E-39"	"IPR001980"	"Phosphopantetheine adenylyltransferase"	"GO:0004595|GO:0015937"
"PPA1493"	964	"PRINTS"	"PR00315"	"GTP-binding elongation factor signature"	462	475	"8.1E-10"	"IPR000795"	"Translational (tr)-type GTP-binding domain"	"GO:0003924|GO:0005525"
"PPA1493"	964	"PRINTS"	"PR00315"	"GTP-binding elongation factor signature"	514	524	"8.1E-10"	"IPR000795"	"Translational (tr)-type GTP-binding domain"	"GO:0003924|GO:0005525"
"PPA1493"	964	"PRINTS"	"PR00315"	"GTP-binding elongation factor signature"	530	541	"8.1E-10"	"IPR000795"	"Translational (tr)-type GTP-binding domain"	"GO:0003924|GO:0005525"
"PPA1493"	964	"PRINTS"	"PR00315"	"GTP-binding elongation factor signature"	566	575	"8.1E-10"	"IPR000795"	"Translational (tr)-type GTP-binding domain"	"GO:0003924|GO:0005525"
"PPA1499"	585	"PRINTS"	"PR01046"	"Prolyl-tRNA synthetase signature"	70	88	"4.2E-15"	"IPR002316"	"Proline-tRNA ligase, class IIa"	"GO:0004827|GO:0005524|GO:0005737|GO:0006433"
"PPA1499"	585	"PRINTS"	"PR01046"	"Prolyl-tRNA synthetase signature"	106	117	"4.2E-15"	"IPR002316"	"Proline-tRNA ligase, class IIa"	"GO:0004827|GO:0005524|GO:0005737|GO:0006433"
"PPA1499"	585	"PRINTS"	"PR01046"	"Prolyl-tRNA synthetase signature"	136	144	"4.2E-15"	"IPR002316"	"Proline-tRNA ligase, class IIa"	"GO:0004827|GO:0005524|GO:0005737|GO:0006433"
"PPA1499"	585	"PRINTS"	"PR01046"	"Prolyl-tRNA synthetase signature"	146	157	"4.2E-15"	"IPR002316"	"Proline-tRNA ligase, class IIa"	"GO:0004827|GO:0005524|GO:0005737|GO:0006433"
"PPA1501"	507	"PRINTS"	"PR00691"	"Adhesin B signature"	27	48	"1.3E-10"	"IPR006129"	"Adhesin B"	"GO:0007155"
"PPA1501"	507	"PRINTS"	"PR00691"	"Adhesin B signature"	52	70	"1.3E-10"	"IPR006129"	"Adhesin B"	"GO:0007155"
"PPA1501"	507	"PRINTS"	"PR00690"	"Adhesin family signature"	27	45	"2.3E-8"	"IPR006128"	"Adhesion lipoprotein"	"GO:0007155"
"PPA1501"	507	"PRINTS"	"PR00690"	"Adhesin family signature"	58	71	"2.3E-8"	"IPR006128"	"Adhesion lipoprotein"	"GO:0007155"
"PPA1513"	445	"PRINTS"	"PR00082"	"Glutamate/leucine/phenylalanine/valine dehydrogenase signature"	112	126	"2.8E-29"	"IPR006095"	"Glutamate/phenylalanine/leucine/valine dehydrogenase"	"GO:0006520|GO:0016491"
"PPA1513"	445	"PRINTS"	"PR00082"	"Glutamate/leucine/phenylalanine/valine dehydrogenase signature"	192	214	"2.8E-29"	"IPR006095"	"Glutamate/phenylalanine/leucine/valine dehydrogenase"	"GO:0006520|GO:0016491"
"PPA1513"	445	"PRINTS"	"PR00082"	"Glutamate/leucine/phenylalanine/valine dehydrogenase signature"	234	254	"2.8E-29"	"IPR006095"	"Glutamate/phenylalanine/leucine/valine dehydrogenase"	"GO:0006520|GO:0016491"
"PPA1513"	445	"PRINTS"	"PR00082"	"Glutamate/leucine/phenylalanine/valine dehydrogenase signature"	369	380	"2.8E-29"	"IPR006095"	"Glutamate/phenylalanine/leucine/valine dehydrogenase"	"GO:0006520|GO:0016491"
"PPA1521"	283	"PRINTS"	"PR00395"	"Ribosomal protein S2 signature"	6	24	"5.1E-38"	"IPR001865"	"Ribosomal protein S2"	"GO:0003735|GO:0005840|GO:0006412"
"PPA1521"	283	"PRINTS"	"PR00395"	"Ribosomal protein S2 signature"	37	46	"5.1E-38"	"IPR001865"	"Ribosomal protein S2"	"GO:0003735|GO:0005840|GO:0006412"
"PPA1521"	283	"PRINTS"	"PR00395"	"Ribosomal protein S2 signature"	87	104	"5.1E-38"	"IPR001865"	"Ribosomal protein S2"	"GO:0003735|GO:0005840|GO:0006412"
"PPA1521"	283	"PRINTS"	"PR00395"	"Ribosomal protein S2 signature"	159	176	"5.1E-38"	"IPR001865"	"Ribosomal protein S2"	"GO:0003735|GO:0005840|GO:0006412"
"PPA1521"	283	"PRINTS"	"PR00395"	"Ribosomal protein S2 signature"	176	187	"5.1E-38"	"IPR001865"	"Ribosomal protein S2"	"GO:0003735|GO:0005840|GO:0006412"
"PPA1521"	283	"PRINTS"	"PR00395"	"Ribosomal protein S2 signature"	197	211	"5.1E-38"	"IPR001865"	"Ribosomal protein S2"	"GO:0003735|GO:0005840|GO:0006412"
"PPA1525"	200	"PRINTS"	"PR01576"	"Peptide deformylase signature"	51	80	"6.0E-27"	"IPR023635"	"Peptide deformylase"	"GO:0042586"
"PPA1525"	200	"PRINTS"	"PR01576"	"Peptide deformylase signature"	113	124	"6.0E-27"	"IPR023635"	"Peptide deformylase"	"GO:0042586"
"PPA1525"	200	"PRINTS"	"PR01576"	"Peptide deformylase signature"	125	143	"6.0E-27"	"IPR023635"	"Peptide deformylase"	"GO:0042586"
"PPA1525"	200	"PRINTS"	"PR01576"	"Peptide deformylase signature"	144	173	"6.0E-27"	"IPR023635"	"Peptide deformylase"	"GO:0042586"
"PPA1528"	322	"PRINTS"	"PR00721"	"Stomatin signature"	9	30	"4.5E-31"	"IPR001972"	"Stomatin/HflK/HflC family"	"GO:0016020"
"PPA1528"	322	"PRINTS"	"PR00721"	"Stomatin signature"	44	61	"4.5E-31"	"IPR001972"	"Stomatin/HflK/HflC family"	"GO:0016020"
"PPA1528"	322	"PRINTS"	"PR00721"	"Stomatin signature"	64	87	"4.5E-31"	"IPR001972"	"Stomatin/HflK/HflC family"	"GO:0016020"
"PPA1528"	322	"PRINTS"	"PR00721"	"Stomatin signature"	88	106	"4.5E-31"	"IPR001972"	"Stomatin/HflK/HflC family"	"GO:0016020"
"PPA1528"	322	"PRINTS"	"PR00721"	"Stomatin signature"	107	128	"4.5E-31"	"IPR001972"	"Stomatin/HflK/HflC family"	"GO:0016020"
"PPA1533"	239	"PRINTS"	"PR00080"	"Short-chain dehydrogenase/reductase (SDR) superfamily signature"	72	83	"2.3E-9"	"IPR002347"	"Short-chain dehydrogenase/reductase SDR"	"-"
"PPA1533"	239	"PRINTS"	"PR00080"	"Short-chain dehydrogenase/reductase (SDR) superfamily signature"	125	133	"2.3E-9"	"IPR002347"	"Short-chain dehydrogenase/reductase SDR"	"-"
"PPA1533"	239	"PRINTS"	"PR00080"	"Short-chain dehydrogenase/reductase (SDR) superfamily signature"	145	164	"2.3E-9"	"IPR002347"	"Short-chain dehydrogenase/reductase SDR"	"-"
"PPA1533"	239	"PRINTS"	"PR00081"	"Glucose/ribitol dehydrogenase family signature"	9	26	"8.7E-40"	"IPR002347"	"Short-chain dehydrogenase/reductase SDR"	"-"
"PPA1533"	239	"PRINTS"	"PR00081"	"Glucose/ribitol dehydrogenase family signature"	72	83	"8.7E-40"	"IPR002347"	"Short-chain dehydrogenase/reductase SDR"	"-"
"PPA1533"	239	"PRINTS"	"PR00081"	"Glucose/ribitol dehydrogenase family signature"	119	135	"8.7E-40"	"IPR002347"	"Short-chain dehydrogenase/reductase SDR"	"-"
"PPA1533"	239	"PRINTS"	"PR00081"	"Glucose/ribitol dehydrogenase family signature"	145	164	"8.7E-40"	"IPR002347"	"Short-chain dehydrogenase/reductase SDR"	"-"
"PPA1533"	239	"PRINTS"	"PR00081"	"Glucose/ribitol dehydrogenase family signature"	166	183	"8.7E-40"	"IPR002347"	"Short-chain dehydrogenase/reductase SDR"	"-"
"PPA1533"	239	"PRINTS"	"PR00081"	"Glucose/ribitol dehydrogenase family signature"	199	219	"8.7E-40"	"IPR002347"	"Short-chain dehydrogenase/reductase SDR"	"-"
"PPA1555"	361	"PRINTS"	"PR00036"	"LacI bacterial regulatory protein HTH signature"	5	15	"1.8E-5"	"IPR000843"	"LacI-type HTH domain"	"GO:0003677|GO:0006355"
"PPA1555"	361	"PRINTS"	"PR00036"	"LacI bacterial regulatory protein HTH signature"	15	25	"1.8E-5"	"IPR000843"	"LacI-type HTH domain"	"GO:0003677|GO:0006355"
"PPA1563"	524	"PRINTS"	"PR00079"	"Glucose-6-phosphate dehydrogenase signature"	182	195	"1.8E-45"	"IPR001282"	"Glucose-6-phosphate dehydrogenase"	"GO:0006006|GO:0016614|GO:0050661"
"PPA1563"	524	"PRINTS"	"PR00079"	"Glucose-6-phosphate dehydrogenase signature"	206	234	"1.8E-45"	"IPR001282"	"Glucose-6-phosphate dehydrogenase"	"GO:0006006|GO:0016614|GO:0050661"
"PPA1563"	524	"PRINTS"	"PR00079"	"Glucose-6-phosphate dehydrogenase signature"	258	275	"1.8E-45"	"IPR001282"	"Glucose-6-phosphate dehydrogenase"	"GO:0006006|GO:0016614|GO:0050661"
"PPA1563"	524	"PRINTS"	"PR00079"	"Glucose-6-phosphate dehydrogenase signature"	276	292	"1.8E-45"	"IPR001282"	"Glucose-6-phosphate dehydrogenase"	"GO:0006006|GO:0016614|GO:0050661"
"PPA1563"	524	"PRINTS"	"PR00079"	"Glucose-6-phosphate dehydrogenase signature"	365	391	"1.8E-45"	"IPR001282"	"Glucose-6-phosphate dehydrogenase"	"GO:0006006|GO:0016614|GO:0050661"
"PPA1568"	870	"PRINTS"	"PR00986"	"Valyl-tRNA synthetase signature"	56	67	"7.5E-20"	"IPR002303"	"Valine-tRNA ligase"	"GO:0000166|GO:0004832|GO:0005524|GO:0006438"
"PPA1568"	870	"PRINTS"	"PR00986"	"Valyl-tRNA synthetase signature"	267	284	"7.5E-20"	"IPR002303"	"Valine-tRNA ligase"	"GO:0000166|GO:0004832|GO:0005524|GO:0006438"
"PPA1568"	870	"PRINTS"	"PR00986"	"Valyl-tRNA synthetase signature"	396	409	"7.5E-20"	"IPR002303"	"Valine-tRNA ligase"	"GO:0000166|GO:0004832|GO:0005524|GO:0006438"
"PPA1568"	870	"PRINTS"	"PR00986"	"Valyl-tRNA synthetase signature"	516	537	"7.5E-20"	"IPR002303"	"Valine-tRNA ligase"	"GO:0000166|GO:0004832|GO:0005524|GO:0006438"
"PPA1568"	870	"PRINTS"	"PR00986"	"Valyl-tRNA synthetase signature"	547	565	"7.5E-20"	"IPR002303"	"Valine-tRNA ligase"	"GO:0000166|GO:0004832|GO:0005524|GO:0006438"
"PPA1572"	253	"PRINTS"	"PR00127"	"Clp protease catalytic subunit P signature"	77	92	"6.5E-41"	"IPR001907"	"ATP-dependent Clp protease proteolytic subunit"	"GO:0004176|GO:0004252|GO:0006508"
"PPA1572"	253	"PRINTS"	"PR00127"	"Clp protease catalytic subunit P signature"	117	137	"6.5E-41"	"IPR001907"	"ATP-dependent Clp protease proteolytic subunit"	"GO:0004176|GO:0004252|GO:0006508"
"PPA1572"	253	"PRINTS"	"PR00127"	"Clp protease catalytic subunit P signature"	148	165	"6.5E-41"	"IPR001907"	"ATP-dependent Clp protease proteolytic subunit"	"GO:0004176|GO:0004252|GO:0006508"
"PPA1572"	253	"PRINTS"	"PR00127"	"Clp protease catalytic subunit P signature"	169	188	"6.5E-41"	"IPR001907"	"ATP-dependent Clp protease proteolytic subunit"	"GO:0004176|GO:0004252|GO:0006508"
"PPA1572"	253	"PRINTS"	"PR00127"	"Clp protease catalytic subunit P signature"	228	247	"6.5E-41"	"IPR001907"	"ATP-dependent Clp protease proteolytic subunit"	"GO:0004176|GO:0004252|GO:0006508"
"PPA1573"	212	"PRINTS"	"PR00127"	"Clp protease catalytic subunit P signature"	28	43	"2.4E-47"	"IPR001907"	"ATP-dependent Clp protease proteolytic subunit"	"GO:0004176|GO:0004252|GO:0006508"
"PPA1573"	212	"PRINTS"	"PR00127"	"Clp protease catalytic subunit P signature"	68	88	"2.4E-47"	"IPR001907"	"ATP-dependent Clp protease proteolytic subunit"	"GO:0004176|GO:0004252|GO:0006508"
"PPA1573"	212	"PRINTS"	"PR00127"	"Clp protease catalytic subunit P signature"	99	116	"2.4E-47"	"IPR001907"	"ATP-dependent Clp protease proteolytic subunit"	"GO:0004176|GO:0004252|GO:0006508"
"PPA1573"	212	"PRINTS"	"PR00127"	"Clp protease catalytic subunit P signature"	120	139	"2.4E-47"	"IPR001907"	"ATP-dependent Clp protease proteolytic subunit"	"GO:0004176|GO:0004252|GO:0006508"
"PPA1573"	212	"PRINTS"	"PR00127"	"Clp protease catalytic subunit P signature"	177	196	"2.4E-47"	"IPR001907"	"ATP-dependent Clp protease proteolytic subunit"	"GO:0004176|GO:0004252|GO:0006508"
"PPA1586"	416	"PRINTS"	"PR00506"	"D21 class N6 adenine-specific DNA methyltransferase signature"	189	201	"2.8E-12"	"IPR002295"	"N4/N6-methyltransferase, Type III restriction-modification enzyme EcoPI Mod subunit-like"	"GO:0003677|GO:0006306|GO:0008170"
"PPA1586"	416	"PRINTS"	"PR00506"	"D21 class N6 adenine-specific DNA methyltransferase signature"	322	344	"2.8E-12"	"IPR002295"	"N4/N6-methyltransferase, Type III restriction-modification enzyme EcoPI Mod subunit-like"	"GO:0003677|GO:0006306|GO:0008170"
"PPA1586"	416	"PRINTS"	"PR00506"	"D21 class N6 adenine-specific DNA methyltransferase signature"	345	359	"2.8E-12"	"IPR002295"	"N4/N6-methyltransferase, Type III restriction-modification enzyme EcoPI Mod subunit-like"	"GO:0003677|GO:0006306|GO:0008170"
"PPA1611"	663	"PRINTS"	"PR00506"	"D21 class N6 adenine-specific DNA methyltransferase signature"	102	114	"3.5E-22"	"IPR002295"	"N4/N6-methyltransferase, Type III restriction-modification enzyme EcoPI Mod subunit-like"	"GO:0003677|GO:0006306|GO:0008170"
"PPA1611"	663	"PRINTS"	"PR00506"	"D21 class N6 adenine-specific DNA methyltransferase signature"	136	155	"3.5E-22"	"IPR002295"	"N4/N6-methyltransferase, Type III restriction-modification enzyme EcoPI Mod subunit-like"	"GO:0003677|GO:0006306|GO:0008170"
"PPA1611"	663	"PRINTS"	"PR00506"	"D21 class N6 adenine-specific DNA methyltransferase signature"	393	415	"3.5E-22"	"IPR002295"	"N4/N6-methyltransferase, Type III restriction-modification enzyme EcoPI Mod subunit-like"	"GO:0003677|GO:0006306|GO:0008170"
"PPA1611"	663	"PRINTS"	"PR00506"	"D21 class N6 adenine-specific DNA methyltransferase signature"	416	430	"3.5E-22"	"IPR002295"	"N4/N6-methyltransferase, Type III restriction-modification enzyme EcoPI Mod subunit-like"	"GO:0003677|GO:0006306|GO:0008170"
"PPA1621"	1120	"PRINTS"	"PR00982"	"Lysyl-tRNA synthetase signature"	810	820	"4.3E-29"	"IPR018149"	"Lysyl-tRNA synthetase, class II, C-terminal"	"GO:0000166|GO:0004824|GO:0005524|GO:0005737|GO:0006430"
"PPA1621"	1120	"PRINTS"	"PR00982"	"Lysyl-tRNA synthetase signature"	826	842	"4.3E-29"	"IPR018149"	"Lysyl-tRNA synthetase, class II, C-terminal"	"GO:0000166|GO:0004824|GO:0005524|GO:0005737|GO:0006430"
"PPA1621"	1120	"PRINTS"	"PR00982"	"Lysyl-tRNA synthetase signature"	855	868	"4.3E-29"	"IPR018149"	"Lysyl-tRNA synthetase, class II, C-terminal"	"GO:0000166|GO:0004824|GO:0005524|GO:0005737|GO:0006430"
"PPA1621"	1120	"PRINTS"	"PR00982"	"Lysyl-tRNA synthetase signature"	873	890	"4.3E-29"	"IPR018149"	"Lysyl-tRNA synthetase, class II, C-terminal"	"GO:0000166|GO:0004824|GO:0005524|GO:0005737|GO:0006430"
"PPA1621"	1120	"PRINTS"	"PR00982"	"Lysyl-tRNA synthetase signature"	1001	1017	"4.3E-29"	"IPR018149"	"Lysyl-tRNA synthetase, class II, C-terminal"	"GO:0000166|GO:0004824|GO:0005524|GO:0005737|GO:0006430"
"PPA1627"	864	"PRINTS"	"PR00756"	"Membrane alanyl dipeptidase (M1) family signature"	139	154	"1.1E-18"	"IPR001930"	"Peptidase M1, alanine aminopeptidase/leukotriene A4 hydrolase"	"GO:0006508"
"PPA1627"	864	"PRINTS"	"PR00756"	"Membrane alanyl dipeptidase (M1) family signature"	188	203	"1.1E-18"	"IPR001930"	"Peptidase M1, alanine aminopeptidase/leukotriene A4 hydrolase"	"GO:0006508"
"PPA1627"	864	"PRINTS"	"PR00756"	"Membrane alanyl dipeptidase (M1) family signature"	271	281	"1.1E-18"	"IPR001930"	"Peptidase M1, alanine aminopeptidase/leukotriene A4 hydrolase"	"GO:0006508"
"PPA1627"	864	"PRINTS"	"PR00756"	"Membrane alanyl dipeptidase (M1) family signature"	305	320	"1.1E-18"	"IPR001930"	"Peptidase M1, alanine aminopeptidase/leukotriene A4 hydrolase"	"GO:0006508"
"PPA1627"	864	"PRINTS"	"PR00756"	"Membrane alanyl dipeptidase (M1) family signature"	324	336	"1.1E-18"	"IPR001930"	"Peptidase M1, alanine aminopeptidase/leukotriene A4 hydrolase"	"GO:0006508"
"PPA1629"	482	"PRINTS"	"PR00076"	"6-phosphogluconate dehydrogenase signature"	9	32	"7.3E-79"	"IPR006183"	"6-phosphogluconate dehydrogenase"	"GO:0004616"
"PPA1629"	482	"PRINTS"	"PR00076"	"6-phosphogluconate dehydrogenase signature"	72	101	"7.3E-79"	"IPR006183"	"6-phosphogluconate dehydrogenase"	"GO:0004616"
"PPA1629"	482	"PRINTS"	"PR00076"	"6-phosphogluconate dehydrogenase signature"	125	150	"7.3E-79"	"IPR006183"	"6-phosphogluconate dehydrogenase"	"GO:0004616"
"PPA1629"	482	"PRINTS"	"PR00076"	"6-phosphogluconate dehydrogenase signature"	173	201	"7.3E-79"	"IPR006183"	"6-phosphogluconate dehydrogenase"	"GO:0004616"
"PPA1629"	482	"PRINTS"	"PR00076"	"6-phosphogluconate dehydrogenase signature"	255	282	"7.3E-79"	"IPR006183"	"6-phosphogluconate dehydrogenase"	"GO:0004616"
"PPA1629"	482	"PRINTS"	"PR00076"	"6-phosphogluconate dehydrogenase signature"	363	385	"7.3E-79"	"IPR006183"	"6-phosphogluconate dehydrogenase"	"GO:0004616"
"PPA1671"	156	"PRINTS"	"PR00070"	"Dihydrofolate reductase signature"	14	24	"6.4E-9"	"-"	"-"	""
"PPA1671"	156	"PRINTS"	"PR00070"	"Dihydrofolate reductase signature"	28	36	"6.4E-9"	"-"	"-"	""
"PPA1671"	156	"PRINTS"	"PR00070"	"Dihydrofolate reductase signature"	41	52	"6.4E-9"	"-"	"-"	""
"PPA1671"	156	"PRINTS"	"PR00070"	"Dihydrofolate reductase signature"	93	107	"6.4E-9"	"-"	"-"	""
"PPA1672"	269	"PRINTS"	"PR00108"	"Thymidylate synthase family signature"	42	63	"5.0E-47"	"IPR000398"	"Thymidylate synthase"	"GO:0004799|GO:0006231"
"PPA1672"	269	"PRINTS"	"PR00108"	"Thymidylate synthase family signature"	114	133	"5.0E-47"	"IPR000398"	"Thymidylate synthase"	"GO:0004799|GO:0006231"
"PPA1672"	269	"PRINTS"	"PR00108"	"Thymidylate synthase family signature"	140	155	"5.0E-47"	"IPR000398"	"Thymidylate synthase"	"GO:0004799|GO:0006231"
"PPA1672"	269	"PRINTS"	"PR00108"	"Thymidylate synthase family signature"	164	190	"5.0E-47"	"IPR000398"	"Thymidylate synthase"	"GO:0004799|GO:0006231"
"PPA1672"	269	"PRINTS"	"PR00108"	"Thymidylate synthase family signature"	202	219	"5.0E-47"	"IPR000398"	"Thymidylate synthase"	"GO:0004799|GO:0006231"
"PPA1677"	654	"PRINTS"	"PR00326"	"GTP1/OBG GTP-binding protein family signature"	24	44	"3.3E-6"	"IPR006073"	"GTP binding domain"	"GO:0005525"
"PPA1677"	654	"PRINTS"	"PR00326"	"GTP1/OBG GTP-binding protein family signature"	45	63	"3.3E-6"	"IPR006073"	"GTP binding domain"	"GO:0005525"
"PPA1700"	985	"PRINTS"	"PR00132"	"Glycosyl hydrolase family 2 signature"	144	159	"3.1E-29"	"IPR006101"	"Glycoside hydrolase, family 2"	"GO:0004553|GO:0005975"
"PPA1700"	985	"PRINTS"	"PR00132"	"Glycosyl hydrolase family 2 signature"	305	319	"3.1E-29"	"IPR006101"	"Glycoside hydrolase, family 2"	"GO:0004553|GO:0005975"
"PPA1700"	985	"PRINTS"	"PR00132"	"Glycosyl hydrolase family 2 signature"	336	354	"3.1E-29"	"IPR006101"	"Glycoside hydrolase, family 2"	"GO:0004553|GO:0005975"
"PPA1700"	985	"PRINTS"	"PR00132"	"Glycosyl hydrolase family 2 signature"	411	426	"3.1E-29"	"IPR006101"	"Glycoside hydrolase, family 2"	"GO:0004553|GO:0005975"
"PPA1700"	985	"PRINTS"	"PR00132"	"Glycosyl hydrolase family 2 signature"	496	511	"3.1E-29"	"IPR006101"	"Glycoside hydrolase, family 2"	"GO:0004553|GO:0005975"
"PPA1707"	524	"PRINTS"	"PR01070"	"Acetyl-CoA carboxylase carboxyl transferase beta subunit signature"	100	114	"7.3E-7"	"IPR000438"	"Acetyl-CoA carboxylase carboxyl transferase, beta subunit"	"GO:0003989|GO:0006633|GO:0009317"
"PPA1707"	524	"PRINTS"	"PR01070"	"Acetyl-CoA carboxylase carboxyl transferase beta subunit signature"	134	152	"7.3E-7"	"IPR000438"	"Acetyl-CoA carboxylase carboxyl transferase, beta subunit"	"GO:0003989|GO:0006633|GO:0009317"
"PPA1707"	524	"PRINTS"	"PR01070"	"Acetyl-CoA carboxylase carboxyl transferase beta subunit signature"	199	210	"7.3E-7"	"IPR000438"	"Acetyl-CoA carboxylase carboxyl transferase, beta subunit"	"GO:0003989|GO:0006633|GO:0009317"
"PPA1711"	244	"PRINTS"	"PR00080"	"Short-chain dehydrogenase/reductase (SDR) superfamily signature"	83	94	"1.6E-6"	"IPR002347"	"Short-chain dehydrogenase/reductase SDR"	"-"
"PPA1711"	244	"PRINTS"	"PR00080"	"Short-chain dehydrogenase/reductase (SDR) superfamily signature"	137	145	"1.6E-6"	"IPR002347"	"Short-chain dehydrogenase/reductase SDR"	"-"
"PPA1711"	244	"PRINTS"	"PR00080"	"Short-chain dehydrogenase/reductase (SDR) superfamily signature"	158	177	"1.6E-6"	"IPR002347"	"Short-chain dehydrogenase/reductase SDR"	"-"
"PPA1711"	244	"PRINTS"	"PR00081"	"Glucose/ribitol dehydrogenase family signature"	18	35	"1.2E-22"	"IPR002347"	"Short-chain dehydrogenase/reductase SDR"	"-"
"PPA1711"	244	"PRINTS"	"PR00081"	"Glucose/ribitol dehydrogenase family signature"	83	94	"1.2E-22"	"IPR002347"	"Short-chain dehydrogenase/reductase SDR"	"-"
"PPA1711"	244	"PRINTS"	"PR00081"	"Glucose/ribitol dehydrogenase family signature"	131	147	"1.2E-22"	"IPR002347"	"Short-chain dehydrogenase/reductase SDR"	"-"
"PPA1711"	244	"PRINTS"	"PR00081"	"Glucose/ribitol dehydrogenase family signature"	158	177	"1.2E-22"	"IPR002347"	"Short-chain dehydrogenase/reductase SDR"	"-"
"PPA1711"	244	"PRINTS"	"PR00081"	"Glucose/ribitol dehydrogenase family signature"	178	195	"1.2E-22"	"IPR002347"	"Short-chain dehydrogenase/reductase SDR"	"-"
"PPA1721"	459	"PRINTS"	"PR00368"	"FAD-dependent pyridine nucleotide reductase signature"	4	23	"3.3E-34"	"-"	"-"	""
"PPA1721"	459	"PRINTS"	"PR00368"	"FAD-dependent pyridine nucleotide reductase signature"	135	153	"3.3E-34"	"-"	"-"	""
"PPA1721"	459	"PRINTS"	"PR00368"	"FAD-dependent pyridine nucleotide reductase signature"	174	192	"3.3E-34"	"-"	"-"	""
"PPA1721"	459	"PRINTS"	"PR00368"	"FAD-dependent pyridine nucleotide reductase signature"	258	274	"3.3E-34"	"-"	"-"	""
"PPA1721"	459	"PRINTS"	"PR00368"	"FAD-dependent pyridine nucleotide reductase signature"	287	309	"3.3E-34"	"-"	"-"	""
"PPA1721"	459	"PRINTS"	"PR00411"	"Pyridine nucleotide disulphide reductase class-I signature"	3	25	"1.5E-46"	"-"	"-"	""
"PPA1721"	459	"PRINTS"	"PR00411"	"Pyridine nucleotide disulphide reductase class-I signature"	35	50	"1.5E-46"	"-"	"-"	""
"PPA1721"	459	"PRINTS"	"PR00411"	"Pyridine nucleotide disulphide reductase class-I signature"	138	147	"1.5E-46"	"-"	"-"	""
"PPA1721"	459	"PRINTS"	"PR00411"	"Pyridine nucleotide disulphide reductase class-I signature"	174	199	"1.5E-46"	"-"	"-"	""
"PPA1721"	459	"PRINTS"	"PR00411"	"Pyridine nucleotide disulphide reductase class-I signature"	259	273	"1.5E-46"	"-"	"-"	""
"PPA1721"	459	"PRINTS"	"PR00411"	"Pyridine nucleotide disulphide reductase class-I signature"	302	309	"1.5E-46"	"-"	"-"	""
"PPA1721"	459	"PRINTS"	"PR00411"	"Pyridine nucleotide disulphide reductase class-I signature"	338	359	"1.5E-46"	"-"	"-"	""
"PPA1721"	459	"PRINTS"	"PR00411"	"Pyridine nucleotide disulphide reductase class-I signature"	403	418	"1.5E-46"	"-"	"-"	""
"PPA1723"	558	"PRINTS"	"PR00509"	"Phosphoglucomutase/phosphomannomutase family signature"	154	168	"6.6E-7"	"IPR005841"	"Alpha-D-phosphohexomutase superfamily"	"GO:0005975|GO:0016868"
"PPA1723"	558	"PRINTS"	"PR00509"	"Phosphoglucomutase/phosphomannomutase family signature"	233	252	"6.6E-7"	"IPR005841"	"Alpha-D-phosphohexomutase superfamily"	"GO:0005975|GO:0016868"
"PPA1723"	558	"PRINTS"	"PR00509"	"Phosphoglucomutase/phosphomannomutase family signature"	300	315	"6.6E-7"	"IPR005841"	"Alpha-D-phosphohexomutase superfamily"	"GO:0005975|GO:0016868"
"PPA1728"	601	"PRINTS"	"PR01041"	"Methionyl-tRNA synthetase signature"	16	29	"4.6E-22"	"IPR033911"	"Methioninyl-tRNA synthetase core domain"	"GO:0004825|GO:0006431"
"PPA1728"	601	"PRINTS"	"PR01041"	"Methionyl-tRNA synthetase signature"	49	63	"4.6E-22"	"IPR033911"	"Methioninyl-tRNA synthetase core domain"	"GO:0004825|GO:0006431"
"PPA1728"	601	"PRINTS"	"PR01041"	"Methionyl-tRNA synthetase signature"	97	108	"4.6E-22"	"IPR033911"	"Methioninyl-tRNA synthetase core domain"	"GO:0004825|GO:0006431"
"PPA1728"	601	"PRINTS"	"PR01041"	"Methionyl-tRNA synthetase signature"	262	273	"4.6E-22"	"IPR033911"	"Methioninyl-tRNA synthetase core domain"	"GO:0004825|GO:0006431"
"PPA1728"	601	"PRINTS"	"PR01041"	"Methionyl-tRNA synthetase signature"	302	317	"4.6E-22"	"IPR033911"	"Methioninyl-tRNA synthetase core domain"	"GO:0004825|GO:0006431"
"PPA1728"	601	"PRINTS"	"PR01041"	"Methionyl-tRNA synthetase signature"	409	420	"4.6E-22"	"IPR033911"	"Methioninyl-tRNA synthetase core domain"	"GO:0004825|GO:0006431"
"PPA1734"	419	"PRINTS"	"PR01733"	"Mycoplasma P48 major surface lipoprotein signature"	47	62	"6.1E-7"	"IPR008107"	"Mycoplasma P48 major surface lipoprotein"	"-"
"PPA1734"	419	"PRINTS"	"PR01733"	"Mycoplasma P48 major surface lipoprotein signature"	220	237	"6.1E-7"	"IPR008107"	"Mycoplasma P48 major surface lipoprotein"	"-"
"PPA1734"	419	"PRINTS"	"PR01733"	"Mycoplasma P48 major surface lipoprotein signature"	240	253	"6.1E-7"	"IPR008107"	"Mycoplasma P48 major surface lipoprotein"	"-"
"PPA1734"	419	"PRINTS"	"PR01733"	"Mycoplasma P48 major surface lipoprotein signature"	342	358	"6.1E-7"	"IPR008107"	"Mycoplasma P48 major surface lipoprotein"	"-"
"PPA1739"	283	"PRINTS"	"PR01575"	"Formyltetrahydrofolate deformylase signature"	9	35	"3.0E-34"	"IPR004810"	"Formyltetrahydrofolate deformylase"	"GO:0006189|GO:0008864"
"PPA1739"	283	"PRINTS"	"PR01575"	"Formyltetrahydrofolate deformylase signature"	41	53	"3.0E-34"	"IPR004810"	"Formyltetrahydrofolate deformylase"	"GO:0006189|GO:0008864"
"PPA1739"	283	"PRINTS"	"PR01575"	"Formyltetrahydrofolate deformylase signature"	88	110	"3.0E-34"	"IPR004810"	"Formyltetrahydrofolate deformylase"	"GO:0006189|GO:0008864"
"PPA1739"	283	"PRINTS"	"PR01575"	"Formyltetrahydrofolate deformylase signature"	110	137	"3.0E-34"	"IPR004810"	"Formyltetrahydrofolate deformylase"	"GO:0006189|GO:0008864"
"PPA1739"	283	"PRINTS"	"PR01575"	"Formyltetrahydrofolate deformylase signature"	234	256	"3.0E-34"	"IPR004810"	"Formyltetrahydrofolate deformylase"	"GO:0006189|GO:0008864"
"PPA1739"	283	"PRINTS"	"PR01575"	"Formyltetrahydrofolate deformylase signature"	256	281	"3.0E-34"	"IPR004810"	"Formyltetrahydrofolate deformylase"	"GO:0006189|GO:0008864"
"PPA1743"	287	"PRINTS"	"PR00085"	"Tetrahydrofolate dehydrogenase/cyclohydrolase family signature"	33	55	"1.5E-60"	"IPR000672"	"Tetrahydrofolate dehydrogenase/cyclohydrolase"	"GO:0004488"
"PPA1743"	287	"PRINTS"	"PR00085"	"Tetrahydrofolate dehydrogenase/cyclohydrolase family signature"	74	101	"1.5E-60"	"IPR000672"	"Tetrahydrofolate dehydrogenase/cyclohydrolase"	"GO:0004488"
"PPA1743"	287	"PRINTS"	"PR00085"	"Tetrahydrofolate dehydrogenase/cyclohydrolase family signature"	109	130	"1.5E-60"	"IPR000672"	"Tetrahydrofolate dehydrogenase/cyclohydrolase"	"GO:0004488"
"PPA1743"	287	"PRINTS"	"PR00085"	"Tetrahydrofolate dehydrogenase/cyclohydrolase family signature"	154	174	"1.5E-60"	"IPR000672"	"Tetrahydrofolate dehydrogenase/cyclohydrolase"	"GO:0004488"
"PPA1743"	287	"PRINTS"	"PR00085"	"Tetrahydrofolate dehydrogenase/cyclohydrolase family signature"	205	234	"1.5E-60"	"IPR000672"	"Tetrahydrofolate dehydrogenase/cyclohydrolase"	"GO:0004488"
"PPA1743"	287	"PRINTS"	"PR00085"	"Tetrahydrofolate dehydrogenase/cyclohydrolase family signature"	256	274	"1.5E-60"	"IPR000672"	"Tetrahydrofolate dehydrogenase/cyclohydrolase"	"GO:0004488"
"PPA1754"	297	"PRINTS"	"PR01798"	"Succinyl-CoA synthase signature"	87	104	"2.9E-35"	"-"	"-"	""
"PPA1754"	297	"PRINTS"	"PR01798"	"Succinyl-CoA synthase signature"	181	199	"2.9E-35"	"-"	"-"	""
"PPA1754"	297	"PRINTS"	"PR01798"	"Succinyl-CoA synthase signature"	212	225	"2.9E-35"	"-"	"-"	""
"PPA1754"	297	"PRINTS"	"PR01798"	"Succinyl-CoA synthase signature"	244	261	"2.9E-35"	"-"	"-"	""
"PPA1764"	530	"PRINTS"	"PR00099"	"Carbamoyl-phosphate synthase protein GATase domain signature"	21	35	"2.4E-5"	"-"	"-"	""
"PPA1764"	530	"PRINTS"	"PR00099"	"Carbamoyl-phosphate synthase protein GATase domain signature"	62	76	"2.4E-5"	"-"	"-"	""
"PPA1764"	530	"PRINTS"	"PR00099"	"Carbamoyl-phosphate synthase protein GATase domain signature"	92	108	"2.4E-5"	"-"	"-"	""
"PPA1764"	530	"PRINTS"	"PR00097"	"Anthranilate synthase component II signature"	65	74	"3.0E-6"	"-"	"-"	""
"PPA1764"	530	"PRINTS"	"PR00097"	"Anthranilate synthase component II signature"	92	103	"3.0E-6"	"-"	"-"	""
"PPA1764"	530	"PRINTS"	"PR00097"	"Anthranilate synthase component II signature"	180	193	"3.0E-6"	"-"	"-"	""
"PPA1764"	530	"PRINTS"	"PR00096"	"Glutamine amidotransferase superfamily signature"	65	74	"3.0E-7"	"-"	"-"	""
"PPA1764"	530	"PRINTS"	"PR00096"	"Glutamine amidotransferase superfamily signature"	92	103	"3.0E-7"	"-"	"-"	""
"PPA1764"	530	"PRINTS"	"PR00096"	"Glutamine amidotransferase superfamily signature"	180	193	"3.0E-7"	"-"	"-"	""
"PPA1770"	584	"PRINTS"	"PR00175"	"Sodium/alanine symporter signature"	132	154	"8.9E-45"	"IPR001463"	"Sodium:alanine symporter"	"GO:0005283|GO:0006814|GO:0006865|GO:0016020"
"PPA1770"	584	"PRINTS"	"PR00175"	"Sodium/alanine symporter signature"	237	255	"8.9E-45"	"IPR001463"	"Sodium:alanine symporter"	"GO:0005283|GO:0006814|GO:0006865|GO:0016020"
"PPA1770"	584	"PRINTS"	"PR00175"	"Sodium/alanine symporter signature"	265	284	"8.9E-45"	"IPR001463"	"Sodium:alanine symporter"	"GO:0005283|GO:0006814|GO:0006865|GO:0016020"
"PPA1770"	584	"PRINTS"	"PR00175"	"Sodium/alanine symporter signature"	355	373	"8.9E-45"	"IPR001463"	"Sodium:alanine symporter"	"GO:0005283|GO:0006814|GO:0006865|GO:0016020"
"PPA1770"	584	"PRINTS"	"PR00175"	"Sodium/alanine symporter signature"	399	421	"8.9E-45"	"IPR001463"	"Sodium:alanine symporter"	"GO:0005283|GO:0006814|GO:0006865|GO:0016020"
"PPA1770"	584	"PRINTS"	"PR00175"	"Sodium/alanine symporter signature"	460	480	"8.9E-45"	"IPR001463"	"Sodium:alanine symporter"	"GO:0005283|GO:0006814|GO:0006865|GO:0016020"
"PPA1772"	531	"PRINTS"	"PR00298"	"60kDa chaperonin signature"	27	53	"1.9E-68"	"IPR001844"	"Chaperonin Cpn60/GroEL"	"GO:0042026|GO:0140662"
"PPA1772"	531	"PRINTS"	"PR00298"	"60kDa chaperonin signature"	83	110	"1.9E-68"	"IPR001844"	"Chaperonin Cpn60/GroEL"	"GO:0042026|GO:0140662"
"PPA1772"	531	"PRINTS"	"PR00298"	"60kDa chaperonin signature"	267	290	"1.9E-68"	"IPR001844"	"Chaperonin Cpn60/GroEL"	"GO:0042026|GO:0140662"
"PPA1772"	531	"PRINTS"	"PR00298"	"60kDa chaperonin signature"	349	374	"1.9E-68"	"IPR001844"	"Chaperonin Cpn60/GroEL"	"GO:0042026|GO:0140662"
"PPA1772"	531	"PRINTS"	"PR00298"	"60kDa chaperonin signature"	397	418	"1.9E-68"	"IPR001844"	"Chaperonin Cpn60/GroEL"	"GO:0042026|GO:0140662"
"PPA1773"	98	"PRINTS"	"PR00297"	"10kDa chaperonin signature"	5	20	"1.1E-30"	"IPR020818"	"GroES chaperonin family"	"GO:0005524|GO:0006457|GO:0140662"
"PPA1773"	98	"PRINTS"	"PR00297"	"10kDa chaperonin signature"	27	48	"1.1E-30"	"IPR020818"	"GroES chaperonin family"	"GO:0005524|GO:0006457|GO:0140662"
"PPA1773"	98	"PRINTS"	"PR00297"	"10kDa chaperonin signature"	62	74	"1.1E-30"	"IPR020818"	"GroES chaperonin family"	"GO:0005524|GO:0006457|GO:0140662"
"PPA1773"	98	"PRINTS"	"PR00297"	"10kDa chaperonin signature"	83	96	"1.1E-30"	"IPR020818"	"GroES chaperonin family"	"GO:0005524|GO:0006457|GO:0140662"
"PPA1782"	347	"PRINTS"	"PR00789"	"O-sialoglycoprotein endopeptidase (M22) metallo-protease family signature"	7	20	"5.4E-50"	"IPR017861"	"Kae1/TsaD family"	"-"
"PPA1782"	347	"PRINTS"	"PR00789"	"O-sialoglycoprotein endopeptidase (M22) metallo-protease family signature"	78	98	"5.4E-50"	"IPR017861"	"Kae1/TsaD family"	"-"
"PPA1782"	347	"PRINTS"	"PR00789"	"O-sialoglycoprotein endopeptidase (M22) metallo-protease family signature"	99	118	"5.4E-50"	"IPR017861"	"Kae1/TsaD family"	"-"
"PPA1782"	347	"PRINTS"	"PR00789"	"O-sialoglycoprotein endopeptidase (M22) metallo-protease family signature"	133	145	"5.4E-50"	"IPR017861"	"Kae1/TsaD family"	"-"
"PPA1782"	347	"PRINTS"	"PR00789"	"O-sialoglycoprotein endopeptidase (M22) metallo-protease family signature"	157	178	"5.4E-50"	"IPR017861"	"Kae1/TsaD family"	"-"
"PPA1782"	347	"PRINTS"	"PR00789"	"O-sialoglycoprotein endopeptidase (M22) metallo-protease family signature"	273	282	"5.4E-50"	"IPR017861"	"Kae1/TsaD family"	"-"
"PPA1801"	450	"PRINTS"	"PR00509"	"Phosphoglucomutase/phosphomannomutase family signature"	97	111	"1.8E-12"	"IPR005841"	"Alpha-D-phosphohexomutase superfamily"	"GO:0005975|GO:0016868"
"PPA1801"	450	"PRINTS"	"PR00509"	"Phosphoglucomutase/phosphomannomutase family signature"	176	195	"1.8E-12"	"IPR005841"	"Alpha-D-phosphohexomutase superfamily"	"GO:0005975|GO:0016868"
"PPA1801"	450	"PRINTS"	"PR00509"	"Phosphoglucomutase/phosphomannomutase family signature"	236	251	"1.8E-12"	"IPR005841"	"Alpha-D-phosphohexomutase superfamily"	"GO:0005975|GO:0016868"
"PPA1815"	253	"PRINTS"	"PR00081"	"Glucose/ribitol dehydrogenase family signature"	9	26	"8.0E-38"	"IPR002347"	"Short-chain dehydrogenase/reductase SDR"	"-"
"PPA1815"	253	"PRINTS"	"PR00081"	"Glucose/ribitol dehydrogenase family signature"	77	88	"8.0E-38"	"IPR002347"	"Short-chain dehydrogenase/reductase SDR"	"-"
"PPA1815"	253	"PRINTS"	"PR00081"	"Glucose/ribitol dehydrogenase family signature"	124	140	"8.0E-38"	"IPR002347"	"Short-chain dehydrogenase/reductase SDR"	"-"
"PPA1815"	253	"PRINTS"	"PR00081"	"Glucose/ribitol dehydrogenase family signature"	151	170	"8.0E-38"	"IPR002347"	"Short-chain dehydrogenase/reductase SDR"	"-"
"PPA1815"	253	"PRINTS"	"PR00081"	"Glucose/ribitol dehydrogenase family signature"	172	189	"8.0E-38"	"IPR002347"	"Short-chain dehydrogenase/reductase SDR"	"-"
"PPA1815"	253	"PRINTS"	"PR00081"	"Glucose/ribitol dehydrogenase family signature"	205	225	"8.0E-38"	"IPR002347"	"Short-chain dehydrogenase/reductase SDR"	"-"
"PPA1815"	253	"PRINTS"	"PR00080"	"Short-chain dehydrogenase/reductase (SDR) superfamily signature"	77	88	"7.5E-8"	"IPR002347"	"Short-chain dehydrogenase/reductase SDR"	"-"
"PPA1815"	253	"PRINTS"	"PR00080"	"Short-chain dehydrogenase/reductase (SDR) superfamily signature"	130	138	"7.5E-8"	"IPR002347"	"Short-chain dehydrogenase/reductase SDR"	"-"
"PPA1815"	253	"PRINTS"	"PR00080"	"Short-chain dehydrogenase/reductase (SDR) superfamily signature"	151	170	"7.5E-8"	"IPR002347"	"Short-chain dehydrogenase/reductase SDR"	"-"
"PPA1818"	205	"PRINTS"	"PR01703"	"Manganese superoxide dismutase signature"	7	18	"1.0E-22"	"IPR001189"	"Manganese/iron superoxide dismutase"	"GO:0004784|GO:0006801|GO:0046872"
"PPA1818"	205	"PRINTS"	"PR01703"	"Manganese superoxide dismutase signature"	28	41	"1.0E-22"	"IPR001189"	"Manganese/iron superoxide dismutase"	"GO:0004784|GO:0006801|GO:0046872"
"PPA1818"	205	"PRINTS"	"PR01703"	"Manganese superoxide dismutase signature"	67	80	"1.0E-22"	"IPR001189"	"Manganese/iron superoxide dismutase"	"GO:0004784|GO:0006801|GO:0046872"
"PPA1818"	205	"PRINTS"	"PR01703"	"Manganese superoxide dismutase signature"	121	129	"1.0E-22"	"IPR001189"	"Manganese/iron superoxide dismutase"	"GO:0004784|GO:0006801|GO:0046872"
"PPA1818"	205	"PRINTS"	"PR01703"	"Manganese superoxide dismutase signature"	159	171	"1.0E-22"	"IPR001189"	"Manganese/iron superoxide dismutase"	"GO:0004784|GO:0006801|GO:0046872"
"PPA1819"	174	"PRINTS"	"PR00742"	"Glycosyl hydrolase family 35 signature"	78	95	"1.1E-9"	"IPR001944"	"Glycoside hydrolase, family 35"	"GO:0004553|GO:0005975"
"PPA1819"	174	"PRINTS"	"PR00742"	"Glycosyl hydrolase family 35 signature"	100	118	"1.1E-9"	"IPR001944"	"Glycoside hydrolase, family 35"	"GO:0004553|GO:0005975"
"PPA1819"	174	"PRINTS"	"PR00742"	"Glycosyl hydrolase family 35 signature"	156	174	"1.1E-9"	"IPR001944"	"Glycoside hydrolase, family 35"	"GO:0004553|GO:0005975"
"PPA1820"	1418	"PRINTS"	"PR00738"	"Glycosyl hydrolase family 20 signature"	1092	1112	"2.0E-28"	"IPR025705"	"Beta-hexosaminidase"	"GO:0004563|GO:0005975"
"PPA1820"	1418	"PRINTS"	"PR00738"	"Glycosyl hydrolase family 20 signature"	1134	1151	"2.0E-28"	"IPR025705"	"Beta-hexosaminidase"	"GO:0004563|GO:0005975"
"PPA1820"	1418	"PRINTS"	"PR00738"	"Glycosyl hydrolase family 20 signature"	1163	1184	"2.0E-28"	"IPR025705"	"Beta-hexosaminidase"	"GO:0004563|GO:0005975"
"PPA1820"	1418	"PRINTS"	"PR00738"	"Glycosyl hydrolase family 20 signature"	1241	1258	"2.0E-28"	"IPR025705"	"Beta-hexosaminidase"	"GO:0004563|GO:0005975"
"PPA1820"	1418	"PRINTS"	"PR00738"	"Glycosyl hydrolase family 20 signature"	1297	1315	"2.0E-28"	"IPR025705"	"Beta-hexosaminidase"	"GO:0004563|GO:0005975"
"PPA1820"	1418	"PRINTS"	"PR00738"	"Glycosyl hydrolase family 20 signature"	1319	1332	"2.0E-28"	"IPR025705"	"Beta-hexosaminidase"	"GO:0004563|GO:0005975"
"PPA1833"	279	"PRINTS"	"PR00599"	"Methionine aminopeptidase-1 signature"	78	91	"1.4E-19"	"IPR001714"	"Peptidase M24, methionine aminopeptidase"	"-"
"PPA1833"	279	"PRINTS"	"PR00599"	"Methionine aminopeptidase-1 signature"	100	116	"1.4E-19"	"IPR001714"	"Peptidase M24, methionine aminopeptidase"	"-"
"PPA1833"	279	"PRINTS"	"PR00599"	"Methionine aminopeptidase-1 signature"	172	184	"1.4E-19"	"IPR001714"	"Peptidase M24, methionine aminopeptidase"	"-"
"PPA1833"	279	"PRINTS"	"PR00599"	"Methionine aminopeptidase-1 signature"	203	215	"1.4E-19"	"IPR001714"	"Peptidase M24, methionine aminopeptidase"	"-"
"PPA1834"	189	"PRINTS"	"PR00094"	"Adenylate kinase signature"	4	17	"3.2E-34"	"IPR000850"	"Adenylate kinase/UMP-CMP kinase"	"GO:0005524|GO:0006139|GO:0019205"
"PPA1834"	189	"PRINTS"	"PR00094"	"Adenylate kinase signature"	32	46	"3.2E-34"	"IPR000850"	"Adenylate kinase/UMP-CMP kinase"	"GO:0005524|GO:0006139|GO:0019205"
"PPA1834"	189	"PRINTS"	"PR00094"	"Adenylate kinase signature"	81	97	"3.2E-34"	"IPR000850"	"Adenylate kinase/UMP-CMP kinase"	"GO:0005524|GO:0006139|GO:0019205"
"PPA1834"	189	"PRINTS"	"PR00094"	"Adenylate kinase signature"	133	148	"3.2E-34"	"IPR000850"	"Adenylate kinase/UMP-CMP kinase"	"GO:0005524|GO:0006139|GO:0019205"
"PPA1834"	189	"PRINTS"	"PR00094"	"Adenylate kinase signature"	150	164	"3.2E-34"	"IPR000850"	"Adenylate kinase/UMP-CMP kinase"	"GO:0005524|GO:0006139|GO:0019205"
"PPA1835"	439	"PRINTS"	"PR00303"	"Preprotein translocase SecY subunit signature"	18	36	"6.4E-100"	"-"	"-"	""
"PPA1835"	439	"PRINTS"	"PR00303"	"Preprotein translocase SecY subunit signature"	74	94	"6.4E-100"	"-"	"-"	""
"PPA1835"	439	"PRINTS"	"PR00303"	"Preprotein translocase SecY subunit signature"	115	138	"6.4E-100"	"-"	"-"	""
"PPA1835"	439	"PRINTS"	"PR00303"	"Preprotein translocase SecY subunit signature"	156	181	"6.4E-100"	"-"	"-"	""
"PPA1835"	439	"PRINTS"	"PR00303"	"Preprotein translocase SecY subunit signature"	182	205	"6.4E-100"	"-"	"-"	""
"PPA1835"	439	"PRINTS"	"PR00303"	"Preprotein translocase SecY subunit signature"	276	295	"6.4E-100"	"-"	"-"	""
"PPA1835"	439	"PRINTS"	"PR00303"	"Preprotein translocase SecY subunit signature"	317	339	"6.4E-100"	"-"	"-"	""
"PPA1835"	439	"PRINTS"	"PR00303"	"Preprotein translocase SecY subunit signature"	372	390	"6.4E-100"	"-"	"-"	""
"PPA1835"	439	"PRINTS"	"PR00303"	"Preprotein translocase SecY subunit signature"	406	424	"6.4E-100"	"-"	"-"	""
"PPA1846"	180	"PRINTS"	"PR00059"	"Ribosomal protein L6 signature"	72	97	"4.4E-31"	"IPR019906"	"Ribosomal protein L6, bacterial-type"	"GO:0003735|GO:0005840|GO:0006412|GO:0019843"
"PPA1846"	180	"PRINTS"	"PR00059"	"Ribosomal protein L6 signature"	101	117	"4.4E-31"	"IPR019906"	"Ribosomal protein L6, bacterial-type"	"GO:0003735|GO:0005840|GO:0006412|GO:0019843"
"PPA1846"	180	"PRINTS"	"PR00059"	"Ribosomal protein L6 signature"	143	164	"4.4E-31"	"IPR019906"	"Ribosomal protein L6, bacterial-type"	"GO:0003735|GO:0005840|GO:0006412|GO:0019843"
"PPA1853"	90	"PRINTS"	"PR00973"	"Ribosomal protein S17 family signature"	31	54	"4.5E-11"	"IPR000266"	"Ribosomal protein S17/S11"	"GO:0003735|GO:0005840|GO:0006412"
"PPA1853"	90	"PRINTS"	"PR00973"	"Ribosomal protein S17 family signature"	63	73	"4.5E-11"	"IPR000266"	"Ribosomal protein S17/S11"	"GO:0003735|GO:0005840|GO:0006412"
"PPA1853"	90	"PRINTS"	"PR00973"	"Ribosomal protein S17 family signature"	73	80	"4.5E-11"	"IPR000266"	"Ribosomal protein S17/S11"	"GO:0003735|GO:0005840|GO:0006412"
"PPA1856"	139	"PRINTS"	"PR00060"	"Ribosomal protein L16 signature"	24	36	"3.7E-40"	"IPR000114"	"Ribosomal protein L16"	"GO:0003735|GO:0006412|GO:0019843"
"PPA1856"	139	"PRINTS"	"PR00060"	"Ribosomal protein L16 signature"	42	53	"3.7E-40"	"IPR000114"	"Ribosomal protein L16"	"GO:0003735|GO:0006412|GO:0019843"
"PPA1856"	139	"PRINTS"	"PR00060"	"Ribosomal protein L16 signature"	58	87	"3.7E-40"	"IPR000114"	"Ribosomal protein L16"	"GO:0003735|GO:0006412|GO:0019843"
"PPA1856"	139	"PRINTS"	"PR00060"	"Ribosomal protein L16 signature"	88	117	"3.7E-40"	"IPR000114"	"Ribosomal protein L16"	"GO:0003735|GO:0006412|GO:0019843"
"PPA1859"	93	"PRINTS"	"PR00975"	"Ribosomal protein S19 family signature"	33	52	"2.1E-23"	"IPR002222"	"Ribosomal protein S19/S15"	"GO:0003735|GO:0005840|GO:0006412"
"PPA1859"	93	"PRINTS"	"PR00975"	"Ribosomal protein S19 family signature"	53	65	"2.1E-23"	"IPR002222"	"Ribosomal protein S19/S15"	"GO:0003735|GO:0005840|GO:0006412"
"PPA1859"	93	"PRINTS"	"PR00975"	"Ribosomal protein S19 family signature"	65	80	"2.1E-23"	"IPR002222"	"Ribosomal protein S19/S15"	"GO:0003735|GO:0005840|GO:0006412"
"PPA1865"	103	"PRINTS"	"PR00971"	"Ribosomal protein S10 family signature"	5	18	"9.9E-21"	"IPR001848"	"Ribosomal protein S10"	"GO:0003735|GO:0005840|GO:0006412"
"PPA1865"	103	"PRINTS"	"PR00971"	"Ribosomal protein S10 family signature"	40	55	"9.9E-21"	"IPR001848"	"Ribosomal protein S10"	"GO:0003735|GO:0005840|GO:0006412"
"PPA1865"	103	"PRINTS"	"PR00971"	"Ribosomal protein S10 family signature"	61	75	"9.9E-21"	"IPR001848"	"Ribosomal protein S10"	"GO:0003735|GO:0005840|GO:0006412"
"PPA1869"	497	"PRINTS"	"PR00987"	"Glutamyl-tRNA synthetase signature"	10	22	"1.1E-17"	"IPR000924"	"Glutamyl/glutaminyl-tRNA synthetase"	"GO:0000166|GO:0004812|GO:0005524|GO:0043039"
"PPA1869"	497	"PRINTS"	"PR00987"	"Glutamyl-tRNA synthetase signature"	24	35	"1.1E-17"	"IPR000924"	"Glutamyl/glutaminyl-tRNA synthetase"	"GO:0000166|GO:0004812|GO:0005524|GO:0043039"
"PPA1869"	497	"PRINTS"	"PR00987"	"Glutamyl-tRNA synthetase signature"	39	52	"1.1E-17"	"IPR000924"	"Glutamyl/glutaminyl-tRNA synthetase"	"GO:0000166|GO:0004812|GO:0005524|GO:0043039"
"PPA1869"	497	"PRINTS"	"PR00987"	"Glutamyl-tRNA synthetase signature"	195	205	"1.1E-17"	"IPR000924"	"Glutamyl/glutaminyl-tRNA synthetase"	"GO:0000166|GO:0004812|GO:0005524|GO:0043039"
"PPA1869"	497	"PRINTS"	"PR00987"	"Glutamyl-tRNA synthetase signature"	211	219	"1.1E-17"	"IPR000924"	"Glutamyl/glutaminyl-tRNA synthetase"	"GO:0000166|GO:0004812|GO:0005524|GO:0043039"
"PPA1870"	565	"PRINTS"	"PR00987"	"Glutamyl-tRNA synthetase signature"	36	48	"1.9E-6"	"IPR000924"	"Glutamyl/glutaminyl-tRNA synthetase"	"GO:0000166|GO:0004812|GO:0005524|GO:0043039"
"PPA1870"	565	"PRINTS"	"PR00987"	"Glutamyl-tRNA synthetase signature"	65	78	"1.9E-6"	"IPR000924"	"Glutamyl/glutaminyl-tRNA synthetase"	"GO:0000166|GO:0004812|GO:0005524|GO:0043039"
"PPA1870"	565	"PRINTS"	"PR00987"	"Glutamyl-tRNA synthetase signature"	214	224	"1.9E-6"	"IPR000924"	"Glutamyl/glutaminyl-tRNA synthetase"	"GO:0000166|GO:0004812|GO:0005524|GO:0043039"
"PPA1871"	648	"PRINTS"	"PR01607"	"Apyrase family signature"	48	66	"1.4E-20"	"IPR006179"	"5'-Nucleotidase/apyrase"	"GO:0009166|GO:0016787"
"PPA1871"	648	"PRINTS"	"PR01607"	"Apyrase family signature"	247	264	"1.4E-20"	"IPR006179"	"5'-Nucleotidase/apyrase"	"GO:0009166|GO:0016787"
"PPA1871"	648	"PRINTS"	"PR01607"	"Apyrase family signature"	280	303	"1.4E-20"	"IPR006179"	"5'-Nucleotidase/apyrase"	"GO:0009166|GO:0016787"
"PPA1871"	648	"PRINTS"	"PR01607"	"Apyrase family signature"	312	332	"1.4E-20"	"IPR006179"	"5'-Nucleotidase/apyrase"	"GO:0009166|GO:0016787"
"PPA1871"	648	"PRINTS"	"PR01607"	"Apyrase family signature"	444	467	"1.4E-20"	"IPR006179"	"5'-Nucleotidase/apyrase"	"GO:0009166|GO:0016787"
"PPA1871"	648	"PRINTS"	"PR01607"	"Apyrase family signature"	544	563	"1.4E-20"	"IPR006179"	"5'-Nucleotidase/apyrase"	"GO:0009166|GO:0016787"
"PPA1873"	397	"PRINTS"	"PR00315"	"GTP-binding elongation factor signature"	14	27	"2.1E-24"	"IPR000795"	"Translational (tr)-type GTP-binding domain"	"GO:0003924|GO:0005525"
"PPA1873"	397	"PRINTS"	"PR00315"	"GTP-binding elongation factor signature"	60	68	"2.1E-24"	"IPR000795"	"Translational (tr)-type GTP-binding domain"	"GO:0003924|GO:0005525"
"PPA1873"	397	"PRINTS"	"PR00315"	"GTP-binding elongation factor signature"	80	90	"2.1E-24"	"IPR000795"	"Translational (tr)-type GTP-binding domain"	"GO:0003924|GO:0005525"
"PPA1873"	397	"PRINTS"	"PR00315"	"GTP-binding elongation factor signature"	96	107	"2.1E-24"	"IPR000795"	"Translational (tr)-type GTP-binding domain"	"GO:0003924|GO:0005525"
"PPA1873"	397	"PRINTS"	"PR00315"	"GTP-binding elongation factor signature"	133	142	"2.1E-24"	"IPR000795"	"Translational (tr)-type GTP-binding domain"	"GO:0003924|GO:0005525"
"PPA1875"	697	"PRINTS"	"PR00315"	"GTP-binding elongation factor signature"	11	24	"6.5E-16"	"IPR000795"	"Translational (tr)-type GTP-binding domain"	"GO:0003924|GO:0005525"
"PPA1875"	697	"PRINTS"	"PR00315"	"GTP-binding elongation factor signature"	57	65	"6.5E-16"	"IPR000795"	"Translational (tr)-type GTP-binding domain"	"GO:0003924|GO:0005525"
"PPA1875"	697	"PRINTS"	"PR00315"	"GTP-binding elongation factor signature"	77	87	"6.5E-16"	"IPR000795"	"Translational (tr)-type GTP-binding domain"	"GO:0003924|GO:0005525"
"PPA1875"	697	"PRINTS"	"PR00315"	"GTP-binding elongation factor signature"	93	104	"6.5E-16"	"IPR000795"	"Translational (tr)-type GTP-binding domain"	"GO:0003924|GO:0005525"
"PPA1875"	697	"PRINTS"	"PR00315"	"GTP-binding elongation factor signature"	129	138	"6.5E-16"	"IPR000795"	"Translational (tr)-type GTP-binding domain"	"GO:0003924|GO:0005525"
"PPA1878"	140	"PRINTS"	"PR01034"	"Ribosomal protein S12 signature"	44	59	"7.7E-58"	"IPR006032"	"Ribosomal protein S12/S23"	"GO:0003735|GO:0005840|GO:0006412"
"PPA1878"	140	"PRINTS"	"PR01034"	"Ribosomal protein S12 signature"	59	74	"7.7E-58"	"IPR006032"	"Ribosomal protein S12/S23"	"GO:0003735|GO:0005840|GO:0006412"
"PPA1878"	140	"PRINTS"	"PR01034"	"Ribosomal protein S12 signature"	75	94	"7.7E-58"	"IPR006032"	"Ribosomal protein S12/S23"	"GO:0003735|GO:0005840|GO:0006412"
"PPA1878"	140	"PRINTS"	"PR01034"	"Ribosomal protein S12 signature"	94	111	"7.7E-58"	"IPR006032"	"Ribosomal protein S12/S23"	"GO:0003735|GO:0005840|GO:0006412"
"PPA1878"	140	"PRINTS"	"PR01034"	"Ribosomal protein S12 signature"	111	127	"7.7E-58"	"IPR006032"	"Ribosomal protein S12/S23"	"GO:0003735|GO:0005840|GO:0006412"
"PPA1878"	140	"PRINTS"	"PR01034"	"Ribosomal protein S12 signature"	127	139	"7.7E-58"	"IPR006032"	"Ribosomal protein S12/S23"	"GO:0003735|GO:0005840|GO:0006412"
"PPA1891"	303	"PRINTS"	"PR00338"	"Transcription termination factor NUSG signature"	170	182	"1.2E-12"	"IPR001062"	"Transcription antitermination protein, NusG"	"GO:0032784"
"PPA1891"	303	"PRINTS"	"PR00338"	"Transcription termination factor NUSG signature"	261	276	"1.2E-12"	"IPR001062"	"Transcription antitermination protein, NusG"	"GO:0032784"
"PPA1891"	303	"PRINTS"	"PR00338"	"Transcription termination factor NUSG signature"	279	295	"1.2E-12"	"IPR001062"	"Transcription antitermination protein, NusG"	"GO:0032784"
"PPA1895"	138	"PRINTS"	"PR01483"	"Fatty acid synthase signature"	20	42	"3.7E-8"	"IPR003965"	"Fatty acid synthase"	"GO:0004312|GO:0005835|GO:0006633"
"PPA1895"	138	"PRINTS"	"PR01483"	"Fatty acid synthase signature"	42	63	"3.7E-8"	"IPR003965"	"Fatty acid synthase"	"GO:0004312|GO:0005835|GO:0006633"
"PPA1909"	660	"PRINTS"	"PR00786"	"Neprilysin metalloprotease (M13) family signature"	444	456	"3.2E-20"	"IPR018497"	"Peptidase M13, C-terminal domain"	"GO:0004222|GO:0006508"
"PPA1909"	660	"PRINTS"	"PR00786"	"Neprilysin metalloprotease (M13) family signature"	462	474	"3.2E-20"	"IPR018497"	"Peptidase M13, C-terminal domain"	"GO:0004222|GO:0006508"
"PPA1909"	660	"PRINTS"	"PR00786"	"Neprilysin metalloprotease (M13) family signature"	483	499	"3.2E-20"	"IPR018497"	"Peptidase M13, C-terminal domain"	"GO:0004222|GO:0006508"
"PPA1909"	660	"PRINTS"	"PR00786"	"Neprilysin metalloprotease (M13) family signature"	558	569	"3.2E-20"	"IPR018497"	"Peptidase M13, C-terminal domain"	"GO:0004222|GO:0006508"
"PPA1923"	497	"PRINTS"	"PR01437"	"NADH-ubiquinone oxidoreductase subunit 4 signature"	135	154	"3.7E-34"	"IPR003918"	"NADH:ubiquinone oxidoreductase"	"GO:0008137|GO:0042773"
"PPA1923"	497	"PRINTS"	"PR01437"	"NADH-ubiquinone oxidoreductase subunit 4 signature"	165	189	"3.7E-34"	"IPR003918"	"NADH:ubiquinone oxidoreductase"	"GO:0008137|GO:0042773"
"PPA1923"	497	"PRINTS"	"PR01437"	"NADH-ubiquinone oxidoreductase subunit 4 signature"	234	258	"3.7E-34"	"IPR003918"	"NADH:ubiquinone oxidoreductase"	"GO:0008137|GO:0042773"
"PPA1923"	497	"PRINTS"	"PR01437"	"NADH-ubiquinone oxidoreductase subunit 4 signature"	322	341	"3.7E-34"	"IPR003918"	"NADH:ubiquinone oxidoreductase"	"GO:0008137|GO:0042773"
"PPA1923"	497	"PRINTS"	"PR01437"	"NADH-ubiquinone oxidoreductase subunit 4 signature"	374	400	"3.7E-34"	"IPR003918"	"NADH:ubiquinone oxidoreductase"	"GO:0008137|GO:0042773"
"PPA1924"	628	"PRINTS"	"PR01434"	"NADH-ubiquinone oxidoreductase chain 5 signature"	91	116	"5.7E-63"	"-"	"-"	""
"PPA1924"	628	"PRINTS"	"PR01434"	"NADH-ubiquinone oxidoreductase chain 5 signature"	119	139	"5.7E-63"	"-"	"-"	""
"PPA1924"	628	"PRINTS"	"PR01434"	"NADH-ubiquinone oxidoreductase chain 5 signature"	166	187	"5.7E-63"	"-"	"-"	""
"PPA1924"	628	"PRINTS"	"PR01434"	"NADH-ubiquinone oxidoreductase chain 5 signature"	231	252	"5.7E-63"	"-"	"-"	""
"PPA1924"	628	"PRINTS"	"PR01434"	"NADH-ubiquinone oxidoreductase chain 5 signature"	253	279	"5.7E-63"	"-"	"-"	""
"PPA1924"	628	"PRINTS"	"PR01434"	"NADH-ubiquinone oxidoreductase chain 5 signature"	321	333	"5.7E-63"	"-"	"-"	""
"PPA1924"	628	"PRINTS"	"PR01434"	"NADH-ubiquinone oxidoreductase chain 5 signature"	424	443	"5.7E-63"	"-"	"-"	""
"PPA1924"	628	"PRINTS"	"PR01435"	"NADH-plastoquinone oxidoreductase chain 5 signature"	93	113	"9.4E-11"	"-"	"-"	""
"PPA1924"	628	"PRINTS"	"PR01435"	"NADH-plastoquinone oxidoreductase chain 5 signature"	366	388	"9.4E-11"	"-"	"-"	""
"PPA1924"	628	"PRINTS"	"PR01435"	"NADH-plastoquinone oxidoreductase chain 5 signature"	423	445	"9.4E-11"	"-"	"-"	""
"PPA1924"	628	"PRINTS"	"PR01435"	"NADH-plastoquinone oxidoreductase chain 5 signature"	498	519	"9.4E-11"	"-"	"-"	""
"PPA1938"	420	"PRINTS"	"PR00420"	"Aromatic-ring hydroxylase (flavoprotein monooxygenase) signature"	8	30	"9.6E-11"	"-"	"-"	""
"PPA1938"	420	"PRINTS"	"PR00420"	"Aromatic-ring hydroxylase (flavoprotein monooxygenase) signature"	153	168	"9.6E-11"	"-"	"-"	""
"PPA1938"	420	"PRINTS"	"PR00420"	"Aromatic-ring hydroxylase (flavoprotein monooxygenase) signature"	290	305	"9.6E-11"	"-"	"-"	""
"PPA1952"	321	"PRINTS"	"PR00086"	"L-lactate dehydrogenase signature"	7	31	"4.4E-24"	"IPR001557"	"L-lactate/malate dehydrogenase"	"GO:0016616|GO:0019752"
"PPA1952"	321	"PRINTS"	"PR00086"	"L-lactate dehydrogenase signature"	32	56	"4.4E-24"	"IPR001557"	"L-lactate/malate dehydrogenase"	"GO:0016616|GO:0019752"
"PPA1952"	321	"PRINTS"	"PR00086"	"L-lactate dehydrogenase signature"	126	146	"4.4E-24"	"IPR001557"	"L-lactate/malate dehydrogenase"	"GO:0016616|GO:0019752"
"PPA1952"	321	"PRINTS"	"PR00086"	"L-lactate dehydrogenase signature"	150	168	"4.4E-24"	"IPR001557"	"L-lactate/malate dehydrogenase"	"GO:0016616|GO:0019752"
"PPA1952"	321	"PRINTS"	"PR00086"	"L-lactate dehydrogenase signature"	180	193	"4.4E-24"	"IPR001557"	"L-lactate/malate dehydrogenase"	"GO:0016616|GO:0019752"
"PPA1973"	255	"PRINTS"	"PR00721"	"Stomatin signature"	30	52	"1.2E-61"	"IPR001972"	"Stomatin/HflK/HflC family"	"GO:0016020"
"PPA1973"	255	"PRINTS"	"PR00721"	"Stomatin signature"	77	98	"1.2E-61"	"IPR001972"	"Stomatin/HflK/HflC family"	"GO:0016020"
"PPA1973"	255	"PRINTS"	"PR00721"	"Stomatin signature"	112	129	"1.2E-61"	"IPR001972"	"Stomatin/HflK/HflC family"	"GO:0016020"
"PPA1973"	255	"PRINTS"	"PR00721"	"Stomatin signature"	132	155	"1.2E-61"	"IPR001972"	"Stomatin/HflK/HflC family"	"GO:0016020"
"PPA1973"	255	"PRINTS"	"PR00721"	"Stomatin signature"	156	174	"1.2E-61"	"IPR001972"	"Stomatin/HflK/HflC family"	"GO:0016020"
"PPA1973"	255	"PRINTS"	"PR00721"	"Stomatin signature"	175	196	"1.2E-61"	"IPR001972"	"Stomatin/HflK/HflC family"	"GO:0016020"
"PPA1973"	255	"PRINTS"	"PR00721"	"Stomatin signature"	200	223	"1.2E-61"	"IPR001972"	"Stomatin/HflK/HflC family"	"GO:0016020"
"PPA1976"	695	"PRINTS"	"PR00099"	"Carbamoyl-phosphate synthase protein GATase domain signature"	49	63	"2.3E-5"	"-"	"-"	""
"PPA1976"	695	"PRINTS"	"PR00099"	"Carbamoyl-phosphate synthase protein GATase domain signature"	81	97	"2.3E-5"	"-"	"-"	""
"PPA1976"	695	"PRINTS"	"PR00096"	"Glutamine amidotransferase superfamily signature"	52	61	"1.1E-11"	"-"	"-"	""
"PPA1976"	695	"PRINTS"	"PR00096"	"Glutamine amidotransferase superfamily signature"	81	92	"1.1E-11"	"-"	"-"	""
"PPA1976"	695	"PRINTS"	"PR00096"	"Glutamine amidotransferase superfamily signature"	168	181	"1.1E-11"	"-"	"-"	""
"PPA1976"	695	"PRINTS"	"PR00097"	"Anthranilate synthase component II signature"	2	16	"3.4E-26"	"-"	"-"	""
"PPA1976"	695	"PRINTS"	"PR00097"	"Anthranilate synthase component II signature"	52	61	"3.4E-26"	"-"	"-"	""
"PPA1976"	695	"PRINTS"	"PR00097"	"Anthranilate synthase component II signature"	81	92	"3.4E-26"	"-"	"-"	""
"PPA1976"	695	"PRINTS"	"PR00097"	"Anthranilate synthase component II signature"	125	137	"3.4E-26"	"-"	"-"	""
"PPA1976"	695	"PRINTS"	"PR00097"	"Anthranilate synthase component II signature"	168	181	"3.4E-26"	"-"	"-"	""
"PPA1979"	844	"PRINTS"	"PR00756"	"Membrane alanyl dipeptidase (M1) family signature"	131	146	"1.8E-18"	"IPR001930"	"Peptidase M1, alanine aminopeptidase/leukotriene A4 hydrolase"	"GO:0006508"
"PPA1979"	844	"PRINTS"	"PR00756"	"Membrane alanyl dipeptidase (M1) family signature"	178	193	"1.8E-18"	"IPR001930"	"Peptidase M1, alanine aminopeptidase/leukotriene A4 hydrolase"	"GO:0006508"
"PPA1979"	844	"PRINTS"	"PR00756"	"Membrane alanyl dipeptidase (M1) family signature"	263	273	"1.8E-18"	"IPR001930"	"Peptidase M1, alanine aminopeptidase/leukotriene A4 hydrolase"	"GO:0006508"
"PPA1979"	844	"PRINTS"	"PR00756"	"Membrane alanyl dipeptidase (M1) family signature"	297	312	"1.8E-18"	"IPR001930"	"Peptidase M1, alanine aminopeptidase/leukotriene A4 hydrolase"	"GO:0006508"
"PPA1979"	844	"PRINTS"	"PR00756"	"Membrane alanyl dipeptidase (M1) family signature"	316	328	"1.8E-18"	"IPR001930"	"Peptidase M1, alanine aminopeptidase/leukotriene A4 hydrolase"	"GO:0006508"
"PPA1981"	468	"PRINTS"	"PR00368"	"FAD-dependent pyridine nucleotide reductase signature"	25	44	"1.0E-34"	"-"	"-"	""
"PPA1981"	468	"PRINTS"	"PR00368"	"FAD-dependent pyridine nucleotide reductase signature"	143	161	"1.0E-34"	"-"	"-"	""
"PPA1981"	468	"PRINTS"	"PR00368"	"FAD-dependent pyridine nucleotide reductase signature"	182	200	"1.0E-34"	"-"	"-"	""
"PPA1981"	468	"PRINTS"	"PR00368"	"FAD-dependent pyridine nucleotide reductase signature"	265	281	"1.0E-34"	"-"	"-"	""
"PPA1981"	468	"PRINTS"	"PR00368"	"FAD-dependent pyridine nucleotide reductase signature"	294	316	"1.0E-34"	"-"	"-"	""
"PPA1981"	468	"PRINTS"	"PR00411"	"Pyridine nucleotide disulphide reductase class-I signature"	24	46	"5.4E-49"	"-"	"-"	""
"PPA1981"	468	"PRINTS"	"PR00411"	"Pyridine nucleotide disulphide reductase class-I signature"	58	73	"5.4E-49"	"-"	"-"	""
"PPA1981"	468	"PRINTS"	"PR00411"	"Pyridine nucleotide disulphide reductase class-I signature"	146	155	"5.4E-49"	"-"	"-"	""
"PPA1981"	468	"PRINTS"	"PR00411"	"Pyridine nucleotide disulphide reductase class-I signature"	182	207	"5.4E-49"	"-"	"-"	""
"PPA1981"	468	"PRINTS"	"PR00411"	"Pyridine nucleotide disulphide reductase class-I signature"	266	280	"5.4E-49"	"-"	"-"	""
"PPA1981"	468	"PRINTS"	"PR00411"	"Pyridine nucleotide disulphide reductase class-I signature"	309	316	"5.4E-49"	"-"	"-"	""
"PPA1981"	468	"PRINTS"	"PR00411"	"Pyridine nucleotide disulphide reductase class-I signature"	345	366	"5.4E-49"	"-"	"-"	""
"PPA1981"	468	"PRINTS"	"PR00411"	"Pyridine nucleotide disulphide reductase class-I signature"	413	428	"5.4E-49"	"-"	"-"	""
"PPA1981"	468	"PRINTS"	"PR00411"	"Pyridine nucleotide disulphide reductase class-I signature"	435	455	"5.4E-49"	"-"	"-"	""
"PPA1982"	491	"PRINTS"	"PR00483"	"Bacterial acid phosphatase class A signature"	242	268	"4.3E-7"	"IPR001011"	"Acid phosphatase, class A, bacterial"	"GO:0003993|GO:0030288"
"PPA1982"	491	"PRINTS"	"PR00483"	"Bacterial acid phosphatase class A signature"	274	298	"4.3E-7"	"IPR001011"	"Acid phosphatase, class A, bacterial"	"GO:0003993|GO:0030288"
"PPA1990"	568	"PRINTS"	"PR00368"	"FAD-dependent pyridine nucleotide reductase signature"	264	283	"2.7E-39"	"-"	"-"	""
"PPA1990"	568	"PRINTS"	"PR00368"	"FAD-dependent pyridine nucleotide reductase signature"	360	378	"2.7E-39"	"-"	"-"	""
"PPA1990"	568	"PRINTS"	"PR00368"	"FAD-dependent pyridine nucleotide reductase signature"	402	420	"2.7E-39"	"-"	"-"	""
"PPA1990"	568	"PRINTS"	"PR00368"	"FAD-dependent pyridine nucleotide reductase signature"	487	503	"2.7E-39"	"-"	"-"	""
"PPA1990"	568	"PRINTS"	"PR00368"	"FAD-dependent pyridine nucleotide reductase signature"	513	535	"2.7E-39"	"-"	"-"	""
"PPA1990"	568	"PRINTS"	"PR00469"	"Pyridine nucleotide disulphide reductase class-II signature"	263	285	"1.8E-62"	"-"	"-"	""
"PPA1990"	568	"PRINTS"	"PR00469"	"Pyridine nucleotide disulphide reductase class-II signature"	295	310	"1.8E-62"	"-"	"-"	""
"PPA1990"	568	"PRINTS"	"PR00469"	"Pyridine nucleotide disulphide reductase class-II signature"	315	325	"1.8E-62"	"-"	"-"	""
"PPA1990"	568	"PRINTS"	"PR00469"	"Pyridine nucleotide disulphide reductase class-II signature"	361	369	"1.8E-62"	"-"	"-"	""
"PPA1990"	568	"PRINTS"	"PR00469"	"Pyridine nucleotide disulphide reductase class-II signature"	383	395	"1.8E-62"	"-"	"-"	""
"PPA1990"	568	"PRINTS"	"PR00469"	"Pyridine nucleotide disulphide reductase class-II signature"	398	422	"1.8E-62"	"-"	"-"	""
"PPA1990"	568	"PRINTS"	"PR00469"	"Pyridine nucleotide disulphide reductase class-II signature"	450	466	"1.8E-62"	"-"	"-"	""
"PPA1990"	568	"PRINTS"	"PR00469"	"Pyridine nucleotide disulphide reductase class-II signature"	489	510	"1.8E-62"	"-"	"-"	""
"PPA1990"	568	"PRINTS"	"PR00469"	"Pyridine nucleotide disulphide reductase class-II signature"	523	541	"1.8E-62"	"-"	"-"	""
"PPA1991"	314	"PRINTS"	"PR00039"	"LysR bacterial regulatory protein HTH signature"	18	29	"9.7E-7"	"IPR000847"	"Transcription regulator HTH, LysR"	"GO:0003700|GO:0006355"
"PPA1991"	314	"PRINTS"	"PR00039"	"LysR bacterial regulatory protein HTH signature"	29	39	"9.7E-7"	"IPR000847"	"Transcription regulator HTH, LysR"	"GO:0003700|GO:0006355"
"PPA1991"	314	"PRINTS"	"PR00039"	"LysR bacterial regulatory protein HTH signature"	39	50	"9.7E-7"	"IPR000847"	"Transcription regulator HTH, LysR"	"GO:0003700|GO:0006355"
"PPA1992"	477	"PRINTS"	"PR00149"	"Fumarate lyase superfamily signature"	98	116	"5.8E-9"	"IPR000362"	"Fumarate lyase family"	"-"
"PPA1992"	477	"PRINTS"	"PR00149"	"Fumarate lyase superfamily signature"	143	161	"5.8E-9"	"IPR000362"	"Fumarate lyase family"	"-"
"PPA1992"	477	"PRINTS"	"PR00149"	"Fumarate lyase superfamily signature"	237	264	"5.8E-9"	"IPR000362"	"Fumarate lyase family"	"-"
"PPA1992"	477	"PRINTS"	"PR00149"	"Fumarate lyase superfamily signature"	280	296	"5.8E-9"	"IPR000362"	"Fumarate lyase family"	"-"
"PPA1996"	244	"PRINTS"	"PR00035"	"GntR bacterial regulatory protein HTH signature"	40	54	"3.6E-7"	"IPR000524"	"Transcription regulator HTH, GntR"	"GO:0003700|GO:0006355"
"PPA1996"	244	"PRINTS"	"PR00035"	"GntR bacterial regulatory protein HTH signature"	54	70	"3.6E-7"	"IPR000524"	"Transcription regulator HTH, GntR"	"GO:0003700|GO:0006355"
"PPA1998"	306	"PRINTS"	"PR00146"	"Dihydrodipicolinate synthase signature"	38	59	"3.2E-7"	"IPR002220"	"DapA-like"	"GO:0016829"
"PPA1998"	306	"PRINTS"	"PR00146"	"Dihydrodipicolinate synthase signature"	74	92	"3.2E-7"	"IPR002220"	"DapA-like"	"GO:0016829"
"PPA1998"	306	"PRINTS"	"PR00146"	"Dihydrodipicolinate synthase signature"	106	122	"3.2E-7"	"IPR002220"	"DapA-like"	"GO:0016829"
"PPA1998"	306	"PRINTS"	"PR00146"	"Dihydrodipicolinate synthase signature"	131	148	"3.2E-7"	"IPR002220"	"DapA-like"	"GO:0016829"
"PPA2003"	620	"PRINTS"	"PR00315"	"GTP-binding elongation factor signature"	9	22	"5.6E-16"	"IPR000795"	"Translational (tr)-type GTP-binding domain"	"GO:0003924|GO:0005525"
"PPA2003"	620	"PRINTS"	"PR00315"	"GTP-binding elongation factor signature"	53	61	"5.6E-16"	"IPR000795"	"Translational (tr)-type GTP-binding domain"	"GO:0003924|GO:0005525"
"PPA2003"	620	"PRINTS"	"PR00315"	"GTP-binding elongation factor signature"	78	88	"5.6E-16"	"IPR000795"	"Translational (tr)-type GTP-binding domain"	"GO:0003924|GO:0005525"
"PPA2003"	620	"PRINTS"	"PR00315"	"GTP-binding elongation factor signature"	94	105	"5.6E-16"	"IPR000795"	"Translational (tr)-type GTP-binding domain"	"GO:0003924|GO:0005525"
"PPA2003"	620	"PRINTS"	"PR00315"	"GTP-binding elongation factor signature"	130	139	"5.6E-16"	"IPR000795"	"Translational (tr)-type GTP-binding domain"	"GO:0003924|GO:0005525"
"PPA2007"	524	"PRINTS"	"PR01070"	"Acetyl-CoA carboxylase carboxyl transferase beta subunit signature"	105	119	"1.8E-5"	"IPR000438"	"Acetyl-CoA carboxylase carboxyl transferase, beta subunit"	"GO:0003989|GO:0006633|GO:0009317"
"PPA2007"	524	"PRINTS"	"PR01070"	"Acetyl-CoA carboxylase carboxyl transferase beta subunit signature"	139	157	"1.8E-5"	"IPR000438"	"Acetyl-CoA carboxylase carboxyl transferase, beta subunit"	"GO:0003989|GO:0006633|GO:0009317"
"PPA2007"	524	"PRINTS"	"PR01070"	"Acetyl-CoA carboxylase carboxyl transferase beta subunit signature"	175	192	"1.8E-5"	"IPR000438"	"Acetyl-CoA carboxylase carboxyl transferase, beta subunit"	"GO:0003989|GO:0006633|GO:0009317"
"PPA2021"	857	"PRINTS"	"PR00300"	"ATP-dependent Clp protease ATP-binding subunit signature"	602	620	"1.2E-41"	"IPR001270"	"ClpA/B family"	"GO:0005524"
"PPA2021"	857	"PRINTS"	"PR00300"	"ATP-dependent Clp protease ATP-binding subunit signature"	647	665	"1.2E-41"	"IPR001270"	"ClpA/B family"	"GO:0005524"
"PPA2021"	857	"PRINTS"	"PR00300"	"ATP-dependent Clp protease ATP-binding subunit signature"	676	694	"1.2E-41"	"IPR001270"	"ClpA/B family"	"GO:0005524"
"PPA2021"	857	"PRINTS"	"PR00300"	"ATP-dependent Clp protease ATP-binding subunit signature"	709	723	"1.2E-41"	"IPR001270"	"ClpA/B family"	"GO:0005524"
"PPA2026"	403	"PRINTS"	"PR00447"	"Natural resistance-associated macrophage protein signature"	85	111	"3.5E-24"	"IPR001046"	"NRAMP family"	"GO:0016020|GO:0030001|GO:0046873"
"PPA2026"	403	"PRINTS"	"PR00447"	"Natural resistance-associated macrophage protein signature"	113	132	"3.5E-24"	"IPR001046"	"NRAMP family"	"GO:0016020|GO:0030001|GO:0046873"
"PPA2026"	403	"PRINTS"	"PR00447"	"Natural resistance-associated macrophage protein signature"	139	160	"3.5E-24"	"IPR001046"	"NRAMP family"	"GO:0016020|GO:0030001|GO:0046873"
"PPA2026"	403	"PRINTS"	"PR00447"	"Natural resistance-associated macrophage protein signature"	188	211	"3.5E-24"	"IPR001046"	"NRAMP family"	"GO:0016020|GO:0030001|GO:0046873"
"PPA2026"	403	"PRINTS"	"PR00447"	"Natural resistance-associated macrophage protein signature"	290	309	"3.5E-24"	"IPR001046"	"NRAMP family"	"GO:0016020|GO:0030001|GO:0046873"
"PPA2028"	224	"PRINTS"	"PR00038"	"LuxR bacterial regulatory protein HTH signature"	160	174	"5.9E-14"	"IPR000792"	"Transcription regulator LuxR, C-terminal"	"GO:0006355"
"PPA2028"	224	"PRINTS"	"PR00038"	"LuxR bacterial regulatory protein HTH signature"	174	190	"5.9E-14"	"IPR000792"	"Transcription regulator LuxR, C-terminal"	"GO:0006355"
"PPA2028"	224	"PRINTS"	"PR00038"	"LuxR bacterial regulatory protein HTH signature"	190	202	"5.9E-14"	"IPR000792"	"Transcription regulator LuxR, C-terminal"	"GO:0006355"
"PPA2038"	380	"PRINTS"	"PR00625"	"DnaJ domain signature"	12	30	"3.3E-18"	"IPR001623"	"DnaJ domain"	"-"
"PPA2038"	380	"PRINTS"	"PR00625"	"DnaJ domain signature"	30	45	"3.3E-18"	"IPR001623"	"DnaJ domain"	"-"
"PPA2038"	380	"PRINTS"	"PR00625"	"DnaJ domain signature"	47	67	"3.3E-18"	"IPR001623"	"DnaJ domain"	"-"
"PPA2038"	380	"PRINTS"	"PR00625"	"DnaJ domain signature"	67	86	"3.3E-18"	"IPR001623"	"DnaJ domain"	"-"
"PPA2039"	221	"PRINTS"	"PR00773"	"GrpE protein signature"	67	83	"8.4E-25"	"IPR000740"	"GrpE nucleotide exchange factor"	"GO:0000774|GO:0006457|GO:0042803|GO:0051087"
"PPA2039"	221	"PRINTS"	"PR00773"	"GrpE protein signature"	95	110	"8.4E-25"	"IPR000740"	"GrpE nucleotide exchange factor"	"GO:0000774|GO:0006457|GO:0042803|GO:0051087"
"PPA2039"	221	"PRINTS"	"PR00773"	"GrpE protein signature"	142	157	"8.4E-25"	"IPR000740"	"GrpE nucleotide exchange factor"	"GO:0000774|GO:0006457|GO:0042803|GO:0051087"
"PPA2039"	221	"PRINTS"	"PR00773"	"GrpE protein signature"	169	188	"8.4E-25"	"IPR000740"	"GrpE nucleotide exchange factor"	"GO:0000774|GO:0006457|GO:0042803|GO:0051087"
"PPA2040"	617	"PRINTS"	"PR00301"	"70kDa heat shock protein signature"	3	16	"6.8E-76"	"-"	"-"	""
"PPA2040"	617	"PRINTS"	"PR00301"	"70kDa heat shock protein signature"	31	43	"6.8E-76"	"-"	"-"	""
"PPA2040"	617	"PRINTS"	"PR00301"	"70kDa heat shock protein signature"	54	62	"6.8E-76"	"-"	"-"	""
"PPA2040"	617	"PRINTS"	"PR00301"	"70kDa heat shock protein signature"	114	134	"6.8E-76"	"-"	"-"	""
"PPA2040"	617	"PRINTS"	"PR00301"	"70kDa heat shock protein signature"	174	184	"6.8E-76"	"-"	"-"	""
"PPA2040"	617	"PRINTS"	"PR00301"	"70kDa heat shock protein signature"	306	322	"6.8E-76"	"-"	"-"	""
"PPA2040"	617	"PRINTS"	"PR00301"	"70kDa heat shock protein signature"	337	357	"6.8E-76"	"-"	"-"	""
"PPA2040"	617	"PRINTS"	"PR00301"	"70kDa heat shock protein signature"	360	379	"6.8E-76"	"-"	"-"	""
"PPA2040"	617	"PRINTS"	"PR00301"	"70kDa heat shock protein signature"	441	457	"6.8E-76"	"-"	"-"	""
"PPA2050"	334	"PRINTS"	"PR00508"	"S21 class N4 adenine-specific DNA methyltransferase signature"	258	272	"6.8E-5"	"IPR001091"	"Restriction/modification DNA-methyltransferase"	"GO:0003677|GO:0006306|GO:0008170"
"PPA2050"	334	"PRINTS"	"PR00508"	"S21 class N4 adenine-specific DNA methyltransferase signature"	282	302	"6.8E-5"	"IPR001091"	"Restriction/modification DNA-methyltransferase"	"GO:0003677|GO:0006306|GO:0008170"
"PPA2070"	436	"PRINTS"	"PR00741"	"Glycosyl hydrolase family 29 signature"	88	103	"6.9E-28"	"IPR016286"	"Alpha-L-fucosidase, metazoa-type"	"GO:0004560|GO:0006004"
"PPA2070"	436	"PRINTS"	"PR00741"	"Glycosyl hydrolase family 29 signature"	127	143	"6.9E-28"	"IPR016286"	"Alpha-L-fucosidase, metazoa-type"	"GO:0004560|GO:0006004"
"PPA2070"	436	"PRINTS"	"PR00741"	"Glycosyl hydrolase family 29 signature"	218	234	"6.9E-28"	"IPR016286"	"Alpha-L-fucosidase, metazoa-type"	"GO:0004560|GO:0006004"
"PPA2070"	436	"PRINTS"	"PR00741"	"Glycosyl hydrolase family 29 signature"	246	267	"6.9E-28"	"IPR016286"	"Alpha-L-fucosidase, metazoa-type"	"GO:0004560|GO:0006004"
"PPA2070"	436	"PRINTS"	"PR00741"	"Glycosyl hydrolase family 29 signature"	315	336	"6.9E-28"	"IPR016286"	"Alpha-L-fucosidase, metazoa-type"	"GO:0004560|GO:0006004"
"PPA2070"	436	"PRINTS"	"PR00741"	"Glycosyl hydrolase family 29 signature"	348	370	"6.9E-28"	"IPR016286"	"Alpha-L-fucosidase, metazoa-type"	"GO:0004560|GO:0006004"
"PPA2097"	703	"PRINTS"	"PR01607"	"Apyrase family signature"	48	66	"2.3E-23"	"IPR006179"	"5'-Nucleotidase/apyrase"	"GO:0009166|GO:0016787"
"PPA2097"	703	"PRINTS"	"PR01607"	"Apyrase family signature"	218	235	"2.3E-23"	"IPR006179"	"5'-Nucleotidase/apyrase"	"GO:0009166|GO:0016787"
"PPA2097"	703	"PRINTS"	"PR01607"	"Apyrase family signature"	249	272	"2.3E-23"	"IPR006179"	"5'-Nucleotidase/apyrase"	"GO:0009166|GO:0016787"
"PPA2097"	703	"PRINTS"	"PR01607"	"Apyrase family signature"	276	296	"2.3E-23"	"IPR006179"	"5'-Nucleotidase/apyrase"	"GO:0009166|GO:0016787"
"PPA2097"	703	"PRINTS"	"PR01607"	"Apyrase family signature"	409	432	"2.3E-23"	"IPR006179"	"5'-Nucleotidase/apyrase"	"GO:0009166|GO:0016787"
"PPA2097"	703	"PRINTS"	"PR01607"	"Apyrase family signature"	488	507	"2.3E-23"	"IPR006179"	"5'-Nucleotidase/apyrase"	"GO:0009166|GO:0016787"
"PPA2110"	158	"PRINTS"	"PR00719"	"LMW phosphotyrosine protein phosphatase signature"	9	26	"7.3E-18"	"IPR017867"	"Protein-tyrosine phosphatase, low molecular weight"	"GO:0004725|GO:0006470"
"PPA2110"	158	"PRINTS"	"PR00719"	"LMW phosphotyrosine protein phosphatase signature"	50	66	"7.3E-18"	"IPR017867"	"Protein-tyrosine phosphatase, low molecular weight"	"GO:0004725|GO:0006470"
"PPA2110"	158	"PRINTS"	"PR00719"	"LMW phosphotyrosine protein phosphatase signature"	84	99	"7.3E-18"	"IPR017867"	"Protein-tyrosine phosphatase, low molecular weight"	"GO:0004725|GO:0006470"
"PPA2110"	158	"PRINTS"	"PR00719"	"LMW phosphotyrosine protein phosphatase signature"	125	140	"7.3E-18"	"IPR017867"	"Protein-tyrosine phosphatase, low molecular weight"	"GO:0004725|GO:0006470"
"PPA2113"	476	"PRINTS"	"PR00344"	"Bacterial sensor protein C-terminal signature"	393	407	"3.5E-13"	"IPR004358"	"Signal transduction histidine kinase-related protein, C-terminal"	"GO:0016310|GO:0016772"
"PPA2113"	476	"PRINTS"	"PR00344"	"Bacterial sensor protein C-terminal signature"	411	421	"3.5E-13"	"IPR004358"	"Signal transduction histidine kinase-related protein, C-terminal"	"GO:0016310|GO:0016772"
"PPA2113"	476	"PRINTS"	"PR00344"	"Bacterial sensor protein C-terminal signature"	426	444	"3.5E-13"	"IPR004358"	"Signal transduction histidine kinase-related protein, C-terminal"	"GO:0016310|GO:0016772"
"PPA2113"	476	"PRINTS"	"PR00344"	"Bacterial sensor protein C-terminal signature"	450	463	"3.5E-13"	"IPR004358"	"Signal transduction histidine kinase-related protein, C-terminal"	"GO:0016310|GO:0016772"
"PPA2116"	397	"PRINTS"	"PR00834"	"HtrA/DegQ protease family signature"	226	238	"4.3E-12"	"IPR001940"	"Peptidase S1C"	"GO:0004252|GO:0006508"
"PPA2116"	397	"PRINTS"	"PR00834"	"HtrA/DegQ protease family signature"	248	268	"4.3E-12"	"IPR001940"	"Peptidase S1C"	"GO:0004252|GO:0006508"
"PPA2116"	397	"PRINTS"	"PR00834"	"HtrA/DegQ protease family signature"	286	310	"4.3E-12"	"IPR001940"	"Peptidase S1C"	"GO:0004252|GO:0006508"
"PPA2116"	397	"PRINTS"	"PR00834"	"HtrA/DegQ protease family signature"	326	343	"4.3E-12"	"IPR001940"	"Peptidase S1C"	"GO:0004252|GO:0006508"
"PPA2121"	856	"PRINTS"	"PR01183"	"Ribonucleotide reductase large chain signature"	312	331	"3.5E-41"	"IPR000788"	"Ribonucleotide reductase large subunit, C-terminal"	"GO:0006260"
"PPA2121"	856	"PRINTS"	"PR01183"	"Ribonucleotide reductase large chain signature"	447	458	"3.5E-41"	"IPR000788"	"Ribonucleotide reductase large subunit, C-terminal"	"GO:0006260"
"PPA2121"	856	"PRINTS"	"PR01183"	"Ribonucleotide reductase large chain signature"	488	511	"3.5E-41"	"IPR000788"	"Ribonucleotide reductase large subunit, C-terminal"	"GO:0006260"
"PPA2121"	856	"PRINTS"	"PR01183"	"Ribonucleotide reductase large chain signature"	526	548	"3.5E-41"	"IPR000788"	"Ribonucleotide reductase large subunit, C-terminal"	"GO:0006260"
"PPA2121"	856	"PRINTS"	"PR01183"	"Ribonucleotide reductase large chain signature"	554	577	"3.5E-41"	"IPR000788"	"Ribonucleotide reductase large subunit, C-terminal"	"GO:0006260"
"PPA2121"	856	"PRINTS"	"PR01183"	"Ribonucleotide reductase large chain signature"	629	656	"3.5E-41"	"IPR000788"	"Ribonucleotide reductase large subunit, C-terminal"	"GO:0006260"
"PPA2128"	556	"PRINTS"	"PR01038"	"Arginyl-tRNA synthetase signature"	109	124	"1.3E-23"	"IPR001278"	"Arginine-tRNA ligase"	"GO:0004814|GO:0005524|GO:0006420"
"PPA2128"	556	"PRINTS"	"PR01038"	"Arginyl-tRNA synthetase signature"	124	140	"1.3E-23"	"IPR001278"	"Arginine-tRNA ligase"	"GO:0004814|GO:0005524|GO:0006420"
"PPA2128"	556	"PRINTS"	"PR01038"	"Arginyl-tRNA synthetase signature"	148	161	"1.3E-23"	"IPR001278"	"Arginine-tRNA ligase"	"GO:0004814|GO:0005524|GO:0006420"
"PPA2128"	556	"PRINTS"	"PR01038"	"Arginyl-tRNA synthetase signature"	291	312	"1.3E-23"	"IPR001278"	"Arginine-tRNA ligase"	"GO:0004814|GO:0005524|GO:0006420"
"PPA2129"	273	"PRINTS"	"PR00069"	"Aldo-keto reductase signature"	36	60	"1.5E-36"	"IPR020471"	"Aldo-keto reductase"	"GO:0016491"
"PPA2129"	273	"PRINTS"	"PR00069"	"Aldo-keto reductase signature"	92	110	"1.5E-36"	"IPR020471"	"Aldo-keto reductase"	"GO:0016491"
"PPA2129"	273	"PRINTS"	"PR00069"	"Aldo-keto reductase signature"	126	143	"1.5E-36"	"IPR020471"	"Aldo-keto reductase"	"GO:0016491"
"PPA2129"	273	"PRINTS"	"PR00069"	"Aldo-keto reductase signature"	194	218	"1.5E-36"	"IPR020471"	"Aldo-keto reductase"	"GO:0016491"
"PPA2131"	560	"PRINTS"	"PR00662"	"Glucose-6-phosphate isomerase signature"	152	171	"1.1E-52"	"IPR001672"	"Phosphoglucose isomerase (PGI)"	"GO:0004347|GO:0006094|GO:0006096"
"PPA2131"	560	"PRINTS"	"PR00662"	"Glucose-6-phosphate isomerase signature"	275	293	"1.1E-52"	"IPR001672"	"Phosphoglucose isomerase (PGI)"	"GO:0004347|GO:0006094|GO:0006096"
"PPA2131"	560	"PRINTS"	"PR00662"	"Glucose-6-phosphate isomerase signature"	352	373	"1.1E-52"	"IPR001672"	"Phosphoglucose isomerase (PGI)"	"GO:0004347|GO:0006094|GO:0006096"
"PPA2131"	560	"PRINTS"	"PR00662"	"Glucose-6-phosphate isomerase signature"	475	493	"1.1E-52"	"IPR001672"	"Phosphoglucose isomerase (PGI)"	"GO:0004347|GO:0006094|GO:0006096"
"PPA2131"	560	"PRINTS"	"PR00662"	"Glucose-6-phosphate isomerase signature"	493	507	"1.1E-52"	"IPR001672"	"Phosphoglucose isomerase (PGI)"	"GO:0004347|GO:0006094|GO:0006096"
"PPA2131"	560	"PRINTS"	"PR00662"	"Glucose-6-phosphate isomerase signature"	507	520	"1.1E-52"	"IPR001672"	"Phosphoglucose isomerase (PGI)"	"GO:0004347|GO:0006094|GO:0006096"
"PPA2134"	176	"PRINTS"	"PR01346"	"Helicobacter neutrophil-activating protein A family signature"	53	69	"1.4E-10"	"IPR002177"	"DNA-binding protein Dps"	"-"
"PPA2134"	176	"PRINTS"	"PR01346"	"Helicobacter neutrophil-activating protein A family signature"	77	93	"1.4E-10"	"IPR002177"	"DNA-binding protein Dps"	"-"
"PPA2134"	176	"PRINTS"	"PR01346"	"Helicobacter neutrophil-activating protein A family signature"	148	166	"1.4E-10"	"IPR002177"	"DNA-binding protein Dps"	"-"
"PPA2147"	643	"PRINTS"	"PR01806"	"Virulence factor MviN signature"	146	165	"4.9E-14"	"IPR004268"	"Peptidoglycan biosynthesis protein MurJ"	"-"
"PPA2147"	643	"PRINTS"	"PR01806"	"Virulence factor MviN signature"	241	265	"4.9E-14"	"IPR004268"	"Peptidoglycan biosynthesis protein MurJ"	"-"
"PPA2147"	643	"PRINTS"	"PR01806"	"Virulence factor MviN signature"	265	286	"4.9E-14"	"IPR004268"	"Peptidoglycan biosynthesis protein MurJ"	"-"
"PPA2147"	643	"PRINTS"	"PR01806"	"Virulence factor MviN signature"	383	409	"4.9E-14"	"IPR004268"	"Peptidoglycan biosynthesis protein MurJ"	"-"
"PPA2147"	643	"PRINTS"	"PR01806"	"Virulence factor MviN signature"	478	497	"4.9E-14"	"IPR004268"	"Peptidoglycan biosynthesis protein MurJ"	"-"
"PPA2157"	81	"PRINTS"	"PR01249"	"Ribosomal protein L31 signature"	2	19	"1.2E-19"	"IPR002150"	"Ribosomal protein L31"	"GO:0003735|GO:0005840|GO:0006412"
"PPA2157"	81	"PRINTS"	"PR01249"	"Ribosomal protein L31 signature"	45	60	"1.2E-19"	"IPR002150"	"Ribosomal protein L31"	"GO:0003735|GO:0005840|GO:0006412"
"PPA2157"	81	"PRINTS"	"PR01249"	"Ribosomal protein L31 signature"	60	78	"1.2E-19"	"IPR002150"	"Ribosomal protein L31"	"GO:0003735|GO:0005840|GO:0006412"
"PPA2164"	656	"PRINTS"	"PR00133"	"Glycosyl hydrolase family 3 signature"	172	191	"9.0E-5"	"IPR001764"	"Glycoside hydrolase, family 3, N-terminal"	"GO:0004553|GO:0005975"
"PPA2164"	656	"PRINTS"	"PR00133"	"Glycosyl hydrolase family 3 signature"	250	266	"9.0E-5"	"IPR001764"	"Glycoside hydrolase, family 3, N-terminal"	"GO:0004553|GO:0005975"
"PPA2164"	656	"PRINTS"	"PR00133"	"Glycosyl hydrolase family 3 signature"	325	343	"9.0E-5"	"IPR001764"	"Glycoside hydrolase, family 3, N-terminal"	"GO:0004553|GO:0005975"
"PPA2174"	415	"PRINTS"	"PR00793"	"Prolyl aminopeptidase (S33) family signature"	50	58	"1.9E-7"	"IPR002410"	"Peptidase S33"	"GO:0006508|GO:0008233"
"PPA2174"	415	"PRINTS"	"PR00793"	"Prolyl aminopeptidase (S33) family signature"	84	95	"1.9E-7"	"IPR002410"	"Peptidase S33"	"GO:0006508|GO:0008233"
"PPA2174"	415	"PRINTS"	"PR00793"	"Prolyl aminopeptidase (S33) family signature"	138	152	"1.9E-7"	"IPR002410"	"Peptidase S33"	"GO:0006508|GO:0008233"
"PPA2188"	233	"PRINTS"	"PR00096"	"Glutamine amidotransferase superfamily signature"	78	89	"7.6E-5"	"-"	"-"	""
"PPA2188"	233	"PRINTS"	"PR00096"	"Glutamine amidotransferase superfamily signature"	167	180	"7.6E-5"	"-"	"-"	""
"PPA2192"	411	"PRINTS"	"PR00959"	"Mevalonate kinase family signature"	48	72	"9.5E-34"	"-"	"-"	""
"PPA2192"	411	"PRINTS"	"PR00959"	"Mevalonate kinase family signature"	142	164	"9.5E-34"	"-"	"-"	""
"PPA2192"	411	"PRINTS"	"PR00959"	"Mevalonate kinase family signature"	190	209	"9.5E-34"	"-"	"-"	""
"PPA2192"	411	"PRINTS"	"PR00959"	"Mevalonate kinase family signature"	356	373	"9.5E-34"	"-"	"-"	""
"PPA2192"	411	"PRINTS"	"PR00473"	"Galactokinase signature"	50	68	"8.1E-20"	"IPR000705"	"Galactokinase"	"GO:0004335|GO:0005524|GO:0006012|GO:0046835"
"PPA2192"	411	"PRINTS"	"PR00473"	"Galactokinase signature"	115	126	"8.1E-20"	"IPR000705"	"Galactokinase"	"GO:0004335|GO:0005524|GO:0006012|GO:0046835"
"PPA2192"	411	"PRINTS"	"PR00473"	"Galactokinase signature"	135	153	"8.1E-20"	"IPR000705"	"Galactokinase"	"GO:0004335|GO:0005524|GO:0006012|GO:0046835"
"PPA2192"	411	"PRINTS"	"PR00473"	"Galactokinase signature"	293	307	"8.1E-20"	"IPR000705"	"Galactokinase"	"GO:0004335|GO:0005524|GO:0006012|GO:0046835"
"PPA2212"	449	"PRINTS"	"PR00420"	"Aromatic-ring hydroxylase (flavoprotein monooxygenase) signature"	26	48	"1.1E-5"	"-"	"-"	""
"PPA2212"	449	"PRINTS"	"PR00420"	"Aromatic-ring hydroxylase (flavoprotein monooxygenase) signature"	170	185	"1.1E-5"	"-"	"-"	""
"PPA2219"	424	"PRINTS"	"PR00981"	"Seryl-tRNA synthetase signature"	263	275	"1.0E-27"	"IPR002317"	"Serine-tRNA ligase, type1"	"GO:0000166|GO:0004828|GO:0005524|GO:0006434"
"PPA2219"	424	"PRINTS"	"PR00981"	"Seryl-tRNA synthetase signature"	275	288	"1.0E-27"	"IPR002317"	"Serine-tRNA ligase, type1"	"GO:0000166|GO:0004828|GO:0005524|GO:0006434"
"PPA2219"	424	"PRINTS"	"PR00981"	"Seryl-tRNA synthetase signature"	315	328	"1.0E-27"	"IPR002317"	"Serine-tRNA ligase, type1"	"GO:0000166|GO:0004828|GO:0005524|GO:0006434"
"PPA2219"	424	"PRINTS"	"PR00981"	"Seryl-tRNA synthetase signature"	332	348	"1.0E-27"	"IPR002317"	"Serine-tRNA ligase, type1"	"GO:0000166|GO:0004828|GO:0005524|GO:0006434"
"PPA2219"	424	"PRINTS"	"PR00981"	"Seryl-tRNA synthetase signature"	350	366	"1.0E-27"	"IPR002317"	"Serine-tRNA ligase, type1"	"GO:0000166|GO:0004828|GO:0005524|GO:0006434"
"PPA2228"	79	"PRINTS"	"PR00974"	"Ribosomal protein S18 family signature"	32	42	"5.9E-18"	"IPR001648"	"Ribosomal protein S18"	"GO:0003735|GO:0005840|GO:0006412"
"PPA2228"	79	"PRINTS"	"PR00974"	"Ribosomal protein S18 family signature"	42	49	"5.9E-18"	"IPR001648"	"Ribosomal protein S18"	"GO:0003735|GO:0005840|GO:0006412"
"PPA2228"	79	"PRINTS"	"PR00974"	"Ribosomal protein S18 family signature"	50	64	"5.9E-18"	"IPR001648"	"Ribosomal protein S18"	"GO:0003735|GO:0005840|GO:0006412"
"PPA2228"	79	"PRINTS"	"PR00974"	"Ribosomal protein S18 family signature"	64	74	"5.9E-18"	"IPR001648"	"Ribosomal protein S18"	"GO:0003735|GO:0005840|GO:0006412"
"PPA2234"	644	"PRINTS"	"PR00154"	"AMP-binding signature"	213	224	"8.8E-5"	"IPR020459"	"AMP-binding"	"-"
"PPA2234"	644	"PRINTS"	"PR00154"	"AMP-binding signature"	225	233	"8.8E-5"	"IPR020459"	"AMP-binding"	"-"
"PPA2236"	269	"PRINTS"	"PR00080"	"Short-chain dehydrogenase/reductase (SDR) superfamily signature"	78	89	"8.7E-10"	"IPR002347"	"Short-chain dehydrogenase/reductase SDR"	"-"
"PPA2236"	269	"PRINTS"	"PR00080"	"Short-chain dehydrogenase/reductase (SDR) superfamily signature"	132	140	"8.7E-10"	"IPR002347"	"Short-chain dehydrogenase/reductase SDR"	"-"
"PPA2236"	269	"PRINTS"	"PR00080"	"Short-chain dehydrogenase/reductase (SDR) superfamily signature"	149	168	"8.7E-10"	"IPR002347"	"Short-chain dehydrogenase/reductase SDR"	"-"
"PPA2236"	269	"PRINTS"	"PR00081"	"Glucose/ribitol dehydrogenase family signature"	3	20	"1.4E-22"	"IPR002347"	"Short-chain dehydrogenase/reductase SDR"	"-"
"PPA2236"	269	"PRINTS"	"PR00081"	"Glucose/ribitol dehydrogenase family signature"	78	89	"1.4E-22"	"IPR002347"	"Short-chain dehydrogenase/reductase SDR"	"-"
"PPA2236"	269	"PRINTS"	"PR00081"	"Glucose/ribitol dehydrogenase family signature"	126	142	"1.4E-22"	"IPR002347"	"Short-chain dehydrogenase/reductase SDR"	"-"
"PPA2236"	269	"PRINTS"	"PR00081"	"Glucose/ribitol dehydrogenase family signature"	149	168	"1.4E-22"	"IPR002347"	"Short-chain dehydrogenase/reductase SDR"	"-"
"PPA2236"	269	"PRINTS"	"PR00081"	"Glucose/ribitol dehydrogenase family signature"	170	187	"1.4E-22"	"IPR002347"	"Short-chain dehydrogenase/reductase SDR"	"-"
"PPA2240"	752	"PRINTS"	"PR00119"	"P-type cation-transporting ATPase superfamily signature"	292	306	"9.1E-26"	"-"	"-"	""
"PPA2240"	752	"PRINTS"	"PR00119"	"P-type cation-transporting ATPase superfamily signature"	442	456	"9.1E-26"	"-"	"-"	""
"PPA2240"	752	"PRINTS"	"PR00119"	"P-type cation-transporting ATPase superfamily signature"	564	575	"9.1E-26"	"-"	"-"	""
"PPA2240"	752	"PRINTS"	"PR00119"	"P-type cation-transporting ATPase superfamily signature"	586	596	"9.1E-26"	"-"	"-"	""
"PPA2240"	752	"PRINTS"	"PR00119"	"P-type cation-transporting ATPase superfamily signature"	639	658	"9.1E-26"	"-"	"-"	""
"PPA2240"	752	"PRINTS"	"PR00119"	"P-type cation-transporting ATPase superfamily signature"	662	674	"9.1E-26"	"-"	"-"	""
"PPA2240"	752	"PRINTS"	"PR00943"	"Copper-transporting ATPase signature"	63	83	"6.1E-9"	"-"	"-"	""
"PPA2240"	752	"PRINTS"	"PR00943"	"Copper-transporting ATPase signature"	212	231	"6.1E-9"	"-"	"-"	""
"PPA2240"	752	"PRINTS"	"PR00943"	"Copper-transporting ATPase signature"	232	250	"6.1E-9"	"-"	"-"	""
"PPA2240"	752	"PRINTS"	"PR00943"	"Copper-transporting ATPase signature"	365	379	"6.1E-9"	"-"	"-"	""
"PPA2240"	752	"PRINTS"	"PR00943"	"Copper-transporting ATPase signature"	425	440	"6.1E-9"	"-"	"-"	""
"PPA2240"	752	"PRINTS"	"PR00943"	"Copper-transporting ATPase signature"	616	633	"6.1E-9"	"-"	"-"	""
"PPA2250"	544	"PRINTS"	"PR01001"	"FAD-dependent glycerol-3-phosphate dehydrogenase family signature"	6	18	"2.1E-18"	"IPR000447"	"FAD-dependent glycerol-3-phosphate dehydrogenase"	"GO:0004368|GO:0006072|GO:0009331"
"PPA2250"	544	"PRINTS"	"PR01001"	"FAD-dependent glycerol-3-phosphate dehydrogenase family signature"	19	29	"2.1E-18"	"IPR000447"	"FAD-dependent glycerol-3-phosphate dehydrogenase"	"GO:0004368|GO:0006072|GO:0009331"
"PPA2250"	544	"PRINTS"	"PR01001"	"FAD-dependent glycerol-3-phosphate dehydrogenase family signature"	35	47	"2.1E-18"	"IPR000447"	"FAD-dependent glycerol-3-phosphate dehydrogenase"	"GO:0004368|GO:0006072|GO:0009331"
"PPA2250"	544	"PRINTS"	"PR01001"	"FAD-dependent glycerol-3-phosphate dehydrogenase family signature"	307	313	"2.1E-18"	"IPR000447"	"FAD-dependent glycerol-3-phosphate dehydrogenase"	"GO:0004368|GO:0006072|GO:0009331"
"PPA2250"	544	"PRINTS"	"PR01001"	"FAD-dependent glycerol-3-phosphate dehydrogenase family signature"	345	357	"2.1E-18"	"IPR000447"	"FAD-dependent glycerol-3-phosphate dehydrogenase"	"GO:0004368|GO:0006072|GO:0009331"
"PPA2252"	174	"PRINTS"	"PR00598"	"Bacterial regulatory protein MarR family signature"	65	81	"8.4E-8"	"IPR000835"	"MarR-type HTH domain"	"GO:0003700|GO:0006355"
"PPA2252"	174	"PRINTS"	"PR00598"	"Bacterial regulatory protein MarR family signature"	82	97	"8.4E-8"	"IPR000835"	"MarR-type HTH domain"	"GO:0003700|GO:0006355"
"PPA2252"	174	"PRINTS"	"PR00598"	"Bacterial regulatory protein MarR family signature"	101	117	"8.4E-8"	"IPR000835"	"MarR-type HTH domain"	"GO:0003700|GO:0006355"
"PPA2253"	575	"PRINTS"	"PR00762"	"Chloride channel signature"	148	167	"6.3E-22"	"IPR001807"	"Chloride channel, voltage gated"	"GO:0005247|GO:0006821|GO:0016020|GO:0055085"
"PPA2253"	575	"PRINTS"	"PR00762"	"Chloride channel signature"	199	218	"6.3E-22"	"IPR001807"	"Chloride channel, voltage gated"	"GO:0005247|GO:0006821|GO:0016020|GO:0055085"
"PPA2253"	575	"PRINTS"	"PR00762"	"Chloride channel signature"	369	389	"6.3E-22"	"IPR001807"	"Chloride channel, voltage gated"	"GO:0005247|GO:0006821|GO:0016020|GO:0055085"
"PPA2253"	575	"PRINTS"	"PR00762"	"Chloride channel signature"	403	419	"6.3E-22"	"IPR001807"	"Chloride channel, voltage gated"	"GO:0005247|GO:0006821|GO:0016020|GO:0055085"
"PPA2253"	575	"PRINTS"	"PR00762"	"Chloride channel signature"	421	440	"6.3E-22"	"IPR001807"	"Chloride channel, voltage gated"	"GO:0005247|GO:0006821|GO:0016020|GO:0055085"
"PPA2256"	177	"PRINTS"	"PR00598"	"Bacterial regulatory protein MarR family signature"	74	90	"2.7E-6"	"IPR000835"	"MarR-type HTH domain"	"GO:0003700|GO:0006355"
"PPA2256"	177	"PRINTS"	"PR00598"	"Bacterial regulatory protein MarR family signature"	91	106	"2.7E-6"	"IPR000835"	"MarR-type HTH domain"	"GO:0003700|GO:0006355"
"PPA2256"	177	"PRINTS"	"PR00598"	"Bacterial regulatory protein MarR family signature"	110	126	"2.7E-6"	"IPR000835"	"MarR-type HTH domain"	"GO:0003700|GO:0006355"
"PPA2256"	177	"PRINTS"	"PR00598"	"Bacterial regulatory protein MarR family signature"	141	161	"2.7E-6"	"IPR000835"	"MarR-type HTH domain"	"GO:0003700|GO:0006355"
"PPA2267"	748	"PRINTS"	"PR00476"	"ATP-dependent phosphofructokinase family signature"	17	36	"9.0E-89"	"IPR022953"	"ATP-dependent 6-phosphofructokinase"	"GO:0003872|GO:0006002|GO:0006096"
"PPA2267"	748	"PRINTS"	"PR00476"	"ATP-dependent phosphofructokinase family signature"	42	55	"9.0E-89"	"IPR022953"	"ATP-dependent 6-phosphofructokinase"	"GO:0003872|GO:0006002|GO:0006096"
"PPA2267"	748	"PRINTS"	"PR00476"	"ATP-dependent phosphofructokinase family signature"	106	122	"9.0E-89"	"IPR022953"	"ATP-dependent 6-phosphofructokinase"	"GO:0003872|GO:0006002|GO:0006096"
"PPA2267"	748	"PRINTS"	"PR00476"	"ATP-dependent phosphofructokinase family signature"	156	173	"9.0E-89"	"IPR022953"	"ATP-dependent 6-phosphofructokinase"	"GO:0003872|GO:0006002|GO:0006096"
"PPA2267"	748	"PRINTS"	"PR00476"	"ATP-dependent phosphofructokinase family signature"	174	192	"9.0E-89"	"IPR022953"	"ATP-dependent 6-phosphofructokinase"	"GO:0003872|GO:0006002|GO:0006096"
"PPA2267"	748	"PRINTS"	"PR00476"	"ATP-dependent phosphofructokinase family signature"	194	210	"9.0E-89"	"IPR022953"	"ATP-dependent 6-phosphofructokinase"	"GO:0003872|GO:0006002|GO:0006096"
"PPA2267"	748	"PRINTS"	"PR00476"	"ATP-dependent phosphofructokinase family signature"	212	229	"9.0E-89"	"IPR022953"	"ATP-dependent 6-phosphofructokinase"	"GO:0003872|GO:0006002|GO:0006096"
"PPA2267"	748	"PRINTS"	"PR00476"	"ATP-dependent phosphofructokinase family signature"	251	263	"9.0E-89"	"IPR022953"	"ATP-dependent 6-phosphofructokinase"	"GO:0003872|GO:0006002|GO:0006096"
"PPA2267"	748	"PRINTS"	"PR00476"	"ATP-dependent phosphofructokinase family signature"	285	307	"9.0E-89"	"IPR022953"	"ATP-dependent 6-phosphofructokinase"	"GO:0003872|GO:0006002|GO:0006096"
"PPA2272"	428	"PRINTS"	"PR00143"	"Citrate synthase signature"	163	176	"7.6E-51"	"IPR002020"	"Citrate synthase"	"GO:0046912"
"PPA2272"	428	"PRINTS"	"PR00143"	"Citrate synthase signature"	217	232	"7.6E-51"	"IPR002020"	"Citrate synthase"	"GO:0046912"
"PPA2272"	428	"PRINTS"	"PR00143"	"Citrate synthase signature"	239	267	"7.6E-51"	"IPR002020"	"Citrate synthase"	"GO:0046912"
"PPA2272"	428	"PRINTS"	"PR00143"	"Citrate synthase signature"	295	315	"7.6E-51"	"IPR002020"	"Citrate synthase"	"GO:0046912"
"PPA2272"	428	"PRINTS"	"PR00143"	"Citrate synthase signature"	358	374	"7.6E-51"	"IPR002020"	"Citrate synthase"	"GO:0046912"
"PPA2272"	428	"PRINTS"	"PR00143"	"Citrate synthase signature"	378	392	"7.6E-51"	"IPR002020"	"Citrate synthase"	"GO:0046912"
"PPA2275"	335	"PRINTS"	"PR00033"	"AsnC bacterial regulatory protein HTH signature"	2	18	"1.4E-7"	"IPR000485"	"AsnC-type HTH domain"	"GO:0043565"
"PPA2275"	335	"PRINTS"	"PR00033"	"AsnC bacterial regulatory protein HTH signature"	18	29	"1.4E-7"	"IPR000485"	"AsnC-type HTH domain"	"GO:0043565"
"PPA2275"	335	"PRINTS"	"PR00033"	"AsnC bacterial regulatory protein HTH signature"	29	48	"1.4E-7"	"IPR000485"	"AsnC-type HTH domain"	"GO:0043565"
"PPA2285"	375	"PRINTS"	"PR00992"	"Alanine racemase signature"	30	46	"2.2E-52"	"IPR000821"	"Alanine racemase"	"GO:0006522|GO:0008784"
"PPA2285"	375	"PRINTS"	"PR00992"	"Alanine racemase signature"	67	85	"2.2E-52"	"IPR000821"	"Alanine racemase"	"GO:0006522|GO:0008784"
"PPA2285"	375	"PRINTS"	"PR00992"	"Alanine racemase signature"	128	140	"2.2E-52"	"IPR000821"	"Alanine racemase"	"GO:0006522|GO:0008784"
"PPA2285"	375	"PRINTS"	"PR00992"	"Alanine racemase signature"	162	173	"2.2E-52"	"IPR000821"	"Alanine racemase"	"GO:0006522|GO:0008784"
"PPA2285"	375	"PRINTS"	"PR00992"	"Alanine racemase signature"	206	233	"2.2E-52"	"IPR000821"	"Alanine racemase"	"GO:0006522|GO:0008784"
"PPA2285"	375	"PRINTS"	"PR00992"	"Alanine racemase signature"	261	276	"2.2E-52"	"IPR000821"	"Alanine racemase"	"GO:0006522|GO:0008784"
"PPA2285"	375	"PRINTS"	"PR00992"	"Alanine racemase signature"	278	293	"2.2E-52"	"IPR000821"	"Alanine racemase"	"GO:0006522|GO:0008784"
"PPA2285"	375	"PRINTS"	"PR00992"	"Alanine racemase signature"	299	316	"2.2E-52"	"IPR000821"	"Alanine racemase"	"GO:0006522|GO:0008784"
"PPA2285"	375	"PRINTS"	"PR00992"	"Alanine racemase signature"	355	368	"2.2E-52"	"IPR000821"	"Alanine racemase"	"GO:0006522|GO:0008784"
"PPA2286"	474	"PRINTS"	"PR00509"	"Phosphoglucomutase/phosphomannomutase family signature"	97	111	"4.2E-13"	"IPR005841"	"Alpha-D-phosphohexomutase superfamily"	"GO:0005975|GO:0016868"
"PPA2286"	474	"PRINTS"	"PR00509"	"Phosphoglucomutase/phosphomannomutase family signature"	183	202	"4.2E-13"	"IPR005841"	"Alpha-D-phosphohexomutase superfamily"	"GO:0005975|GO:0016868"
"PPA2286"	474	"PRINTS"	"PR00509"	"Phosphoglucomutase/phosphomannomutase family signature"	217	230	"4.2E-13"	"IPR005841"	"Alpha-D-phosphohexomutase superfamily"	"GO:0005975|GO:0016868"
"PPA2286"	474	"PRINTS"	"PR00509"	"Phosphoglucomutase/phosphomannomutase family signature"	245	260	"4.2E-13"	"IPR005841"	"Alpha-D-phosphohexomutase superfamily"	"GO:0005975|GO:0016868"
"PPA2287"	396	"PRINTS"	"PR00959"	"Mevalonate kinase family signature"	6	30	"2.1E-19"	"-"	"-"	""
"PPA2287"	396	"PRINTS"	"PR00959"	"Mevalonate kinase family signature"	97	119	"2.1E-19"	"-"	"-"	""
"PPA2287"	396	"PRINTS"	"PR00959"	"Mevalonate kinase family signature"	338	355	"2.1E-19"	"-"	"-"	""
"PPA2287"	396	"PRINTS"	"PR00473"	"Galactokinase signature"	8	26	"2.2E-10"	"IPR000705"	"Galactokinase"	"GO:0004335|GO:0005524|GO:0006012|GO:0046835"
"PPA2287"	396	"PRINTS"	"PR00473"	"Galactokinase signature"	70	81	"2.2E-10"	"IPR000705"	"Galactokinase"	"GO:0004335|GO:0005524|GO:0006012|GO:0046835"
"PPA2287"	396	"PRINTS"	"PR00473"	"Galactokinase signature"	90	108	"2.2E-10"	"IPR000705"	"Galactokinase"	"GO:0004335|GO:0005524|GO:0006012|GO:0046835"
"PPA2287"	396	"PRINTS"	"PR00473"	"Galactokinase signature"	274	288	"2.2E-10"	"IPR000705"	"Galactokinase"	"GO:0004335|GO:0005524|GO:0006012|GO:0046835"
"PPA2292"	468	"PRINTS"	"PR00149"	"Fumarate lyase superfamily signature"	136	154	"6.0E-35"	"IPR000362"	"Fumarate lyase family"	"-"
"PPA2292"	468	"PRINTS"	"PR00149"	"Fumarate lyase superfamily signature"	182	200	"6.0E-35"	"IPR000362"	"Fumarate lyase family"	"-"
"PPA2292"	468	"PRINTS"	"PR00149"	"Fumarate lyase superfamily signature"	273	300	"6.0E-35"	"IPR000362"	"Fumarate lyase family"	"-"
"PPA2292"	468	"PRINTS"	"PR00149"	"Fumarate lyase superfamily signature"	319	335	"6.0E-35"	"IPR000362"	"Fumarate lyase family"	"-"
"PPA2292"	468	"PRINTS"	"PR00145"	"Argininosuccinate lyase family signature"	135	157	"2.8E-8"	"-"	"-"	""
"PPA2292"	468	"PRINTS"	"PR00145"	"Argininosuccinate lyase family signature"	177	197	"2.8E-8"	"-"	"-"	""
"PPA2292"	468	"PRINTS"	"PR00145"	"Argininosuccinate lyase family signature"	319	335	"2.8E-8"	"-"	"-"	""
"PPA2296"	335	"PRINTS"	"PR00036"	"LacI bacterial regulatory protein HTH signature"	9	19	"2.5E-5"	"IPR000843"	"LacI-type HTH domain"	"GO:0003677|GO:0006355"
"PPA2296"	335	"PRINTS"	"PR00036"	"LacI bacterial regulatory protein HTH signature"	19	29	"2.5E-5"	"IPR000843"	"LacI-type HTH domain"	"GO:0003677|GO:0006355"
"PPA2305"	250	"PRINTS"	"PR00783"	"Major intrinsic protein family signature"	11	30	"3.5E-31"	"IPR000425"	"Major intrinsic protein"	"GO:0015267|GO:0016020|GO:0055085"
"PPA2305"	250	"PRINTS"	"PR00783"	"Major intrinsic protein family signature"	98	117	"3.5E-31"	"IPR000425"	"Major intrinsic protein"	"GO:0015267|GO:0016020|GO:0055085"
"PPA2305"	250	"PRINTS"	"PR00783"	"Major intrinsic protein family signature"	153	171	"3.5E-31"	"IPR000425"	"Major intrinsic protein"	"GO:0015267|GO:0016020|GO:0055085"
"PPA2305"	250	"PRINTS"	"PR00783"	"Major intrinsic protein family signature"	182	204	"3.5E-31"	"IPR000425"	"Major intrinsic protein"	"GO:0015267|GO:0016020|GO:0055085"
"PPA2305"	250	"PRINTS"	"PR00783"	"Major intrinsic protein family signature"	229	249	"3.5E-31"	"IPR000425"	"Major intrinsic protein"	"GO:0015267|GO:0016020|GO:0055085"
"PPA2307"	479	"PRINTS"	"PR00834"	"HtrA/DegQ protease family signature"	196	208	"9.1E-31"	"IPR001940"	"Peptidase S1C"	"GO:0004252|GO:0006508"
"PPA2307"	479	"PRINTS"	"PR00834"	"HtrA/DegQ protease family signature"	219	239	"9.1E-31"	"IPR001940"	"Peptidase S1C"	"GO:0004252|GO:0006508"
"PPA2307"	479	"PRINTS"	"PR00834"	"HtrA/DegQ protease family signature"	313	330	"9.1E-31"	"IPR001940"	"Peptidase S1C"	"GO:0004252|GO:0006508"
"PPA2307"	479	"PRINTS"	"PR00834"	"HtrA/DegQ protease family signature"	335	352	"9.1E-31"	"IPR001940"	"Peptidase S1C"	"GO:0004252|GO:0006508"
"PPA2307"	479	"PRINTS"	"PR00834"	"HtrA/DegQ protease family signature"	423	435	"9.1E-31"	"IPR001940"	"Peptidase S1C"	"GO:0004252|GO:0006508"
"PPA2309"	350	"PRINTS"	"PR00368"	"FAD-dependent pyridine nucleotide reductase signature"	46	65	"2.8E-34"	"-"	"-"	""
"PPA2309"	350	"PRINTS"	"PR00368"	"FAD-dependent pyridine nucleotide reductase signature"	145	163	"2.8E-34"	"-"	"-"	""
"PPA2309"	350	"PRINTS"	"PR00368"	"FAD-dependent pyridine nucleotide reductase signature"	187	205	"2.8E-34"	"-"	"-"	""
"PPA2309"	350	"PRINTS"	"PR00368"	"FAD-dependent pyridine nucleotide reductase signature"	271	287	"2.8E-34"	"-"	"-"	""
"PPA2309"	350	"PRINTS"	"PR00368"	"FAD-dependent pyridine nucleotide reductase signature"	298	320	"2.8E-34"	"-"	"-"	""
"PPA2309"	350	"PRINTS"	"PR00469"	"Pyridine nucleotide disulphide reductase class-II signature"	45	67	"2.2E-75"	"-"	"-"	""
"PPA2309"	350	"PRINTS"	"PR00469"	"Pyridine nucleotide disulphide reductase class-II signature"	79	94	"2.2E-75"	"-"	"-"	""
"PPA2309"	350	"PRINTS"	"PR00469"	"Pyridine nucleotide disulphide reductase class-II signature"	100	110	"2.2E-75"	"-"	"-"	""
"PPA2309"	350	"PRINTS"	"PR00469"	"Pyridine nucleotide disulphide reductase class-II signature"	146	154	"2.2E-75"	"-"	"-"	""
"PPA2309"	350	"PRINTS"	"PR00469"	"Pyridine nucleotide disulphide reductase class-II signature"	168	180	"2.2E-75"	"-"	"-"	""
"PPA2309"	350	"PRINTS"	"PR00469"	"Pyridine nucleotide disulphide reductase class-II signature"	183	207	"2.2E-75"	"-"	"-"	""
"PPA2309"	350	"PRINTS"	"PR00469"	"Pyridine nucleotide disulphide reductase class-II signature"	235	251	"2.2E-75"	"-"	"-"	""
"PPA2309"	350	"PRINTS"	"PR00469"	"Pyridine nucleotide disulphide reductase class-II signature"	273	294	"2.2E-75"	"-"	"-"	""
"PPA2309"	350	"PRINTS"	"PR00469"	"Pyridine nucleotide disulphide reductase class-II signature"	308	326	"2.2E-75"	"-"	"-"	""
"PPA2314"	159	"PRINTS"	"PR00421"	"Thioredoxin family signature"	74	82	"7.2E-6"	"-"	"-"	""
"PPA2314"	159	"PRINTS"	"PR00421"	"Thioredoxin family signature"	82	91	"7.2E-6"	"-"	"-"	""
"PPA2314"	159	"PRINTS"	"PR00421"	"Thioredoxin family signature"	122	133	"7.2E-6"	"-"	"-"	""
"PPA2315"	355	"PRINTS"	"PR00077"	"NAD-dependent glycerol-3-phosphate dehydrogenase signature"	6	23	"3.1E-10"	"IPR006168"	"Glycerol-3-phosphate dehydrogenase, NAD-dependent"	"GO:0004367|GO:0006072|GO:0009331"
"PPA2315"	355	"PRINTS"	"PR00077"	"NAD-dependent glycerol-3-phosphate dehydrogenase signature"	140	160	"3.1E-10"	"IPR006168"	"Glycerol-3-phosphate dehydrogenase, NAD-dependent"	"GO:0004367|GO:0006072|GO:0009331"
"PPA2315"	355	"PRINTS"	"PR00077"	"NAD-dependent glycerol-3-phosphate dehydrogenase signature"	180	204	"3.1E-10"	"IPR006168"	"Glycerol-3-phosphate dehydrogenase, NAD-dependent"	"GO:0004367|GO:0006072|GO:0009331"
"PPA2315"	355	"PRINTS"	"PR00077"	"NAD-dependent glycerol-3-phosphate dehydrogenase signature"	255	272	"3.1E-10"	"IPR006168"	"Glycerol-3-phosphate dehydrogenase, NAD-dependent"	"GO:0004367|GO:0006072|GO:0009331"
"PPA2333"	593	"PRINTS"	"PR00132"	"Glycosyl hydrolase family 2 signature"	285	299	"2.1E-15"	"IPR006101"	"Glycoside hydrolase, family 2"	"GO:0004553|GO:0005975"
"PPA2333"	593	"PRINTS"	"PR00132"	"Glycosyl hydrolase family 2 signature"	316	334	"2.1E-15"	"IPR006101"	"Glycoside hydrolase, family 2"	"GO:0004553|GO:0005975"
"PPA2333"	593	"PRINTS"	"PR00132"	"Glycosyl hydrolase family 2 signature"	400	415	"2.1E-15"	"IPR006101"	"Glycoside hydrolase, family 2"	"GO:0004553|GO:0005975"
"PPA2333"	593	"PRINTS"	"PR00132"	"Glycosyl hydrolase family 2 signature"	498	513	"2.1E-15"	"IPR006101"	"Glycoside hydrolase, family 2"	"GO:0004553|GO:0005975"
"PPA2346"	342	"PRINTS"	"PR00992"	"Alanine racemase signature"	22	38	"6.8E-5"	"IPR000821"	"Alanine racemase"	"GO:0006522|GO:0008784"
"PPA2346"	342	"PRINTS"	"PR00992"	"Alanine racemase signature"	58	76	"6.8E-5"	"IPR000821"	"Alanine racemase"	"GO:0006522|GO:0008784"
"PPA2346"	342	"PRINTS"	"PR00992"	"Alanine racemase signature"	118	130	"6.8E-5"	"IPR000821"	"Alanine racemase"	"GO:0006522|GO:0008784"
"PPA2399"	142	"PRINTS"	"PR00598"	"Bacterial regulatory protein MarR family signature"	43	59	"3.1E-12"	"IPR000835"	"MarR-type HTH domain"	"GO:0003700|GO:0006355"
"PPA2399"	142	"PRINTS"	"PR00598"	"Bacterial regulatory protein MarR family signature"	60	75	"3.1E-12"	"IPR000835"	"MarR-type HTH domain"	"GO:0003700|GO:0006355"
"PPA2399"	142	"PRINTS"	"PR00598"	"Bacterial regulatory protein MarR family signature"	79	95	"3.1E-12"	"IPR000835"	"MarR-type HTH domain"	"GO:0003700|GO:0006355"
"PPA2399"	142	"PRINTS"	"PR00598"	"Bacterial regulatory protein MarR family signature"	109	129	"3.1E-12"	"IPR000835"	"MarR-type HTH domain"	"GO:0003700|GO:0006355"
