"protein_accession"	"sequence_length"	"analysis"	"signature_accession"	"signature_description"	"start_location"	"stop_location"	"e_value"	"interpro_annotations_accession"	"interpro_annotation_description"	"GO-annotation"
"PPA0001"	500	"PANTHER"	"PTHR30050"	"CHROMOSOMAL REPLICATION INITIATOR PROTEIN DNAA"	39	499	"0.0"	"-"	"-"	""
"PPA0001"	500	"PANTHER"	"PTHR30050:SF2"	"CHROMOSOMAL REPLICATION INITIATOR PROTEIN DNAA"	39	499	"0.0"	"IPR001957"	"Chromosomal replication control, initiator DnaA"	"GO:0003677|GO:0003688|GO:0005524|GO:0006270|GO:0006275"
"PPA0002"	503	"PANTHER"	"PTHR30478"	"DNA POLYMERASE III SUBUNIT BETA"	119	501	"7.3E-78"	"IPR001001"	"DNA polymerase III, beta sliding clamp"	"GO:0003677|GO:0006260|GO:0009360"
"PPA0004"	394	"PANTHER"	"PTHR32182:SF0"	"DNA REPLICATION AND REPAIR PROTEIN RECF"	1	385	"8.0E-44"	"IPR001238"	"DNA-binding, RecF"	"GO:0003697|GO:0005524|GO:0006281"
"PPA0004"	394	"PANTHER"	"PTHR32182"	"DNA REPLICATION AND REPAIR PROTEIN RECF"	1	385	"8.0E-44"	"-"	"-"	""
"PPA0005"	202	"PANTHER"	"PTHR36456"	"UPF0232 PROTEIN SCO3875"	82	202	"5.9E-24"	"-"	"-"	""
"PPA0008"	395	"PANTHER"	"PTHR10309:SF0"	"MANNOSE-6-PHOSPHATE ISOMERASE"	3	382	"7.6E-65"	"-"	"-"	""
"PPA0008"	395	"PANTHER"	"PTHR10309"	"MANNOSE-6-PHOSPHATE ISOMERASE"	3	382	"7.6E-65"	"IPR016305"	"Mannose-6-phosphate isomerase"	"GO:0004476|GO:0009298"
"PPA0009"	690	"PANTHER"	"PTHR45866"	"DNA GYRASE/TOPOISOMERASE SUBUNIT B"	40	686	"0.0"	"-"	"-"	""
"PPA0009"	690	"PANTHER"	"PTHR45866:SF1"	"DNA GYRASE SUBUNIT B, MITOCHONDRIAL"	40	686	"0.0"	"-"	"-"	""
"PPA0010"	891	"PANTHER"	"PTHR43493"	"DNA GYRASE/TOPOISOMERASE SUBUNIT A"	26	846	"0.0"	"-"	"-"	""
"PPA0010"	891	"PANTHER"	"PTHR43493:SF5"	"DNA GYRASE SUBUNIT A, CHLOROPLASTIC/MITOCHONDRIAL"	26	846	"0.0"	"-"	"-"	""
"PPA0012"	322	"PANTHER"	"PTHR43128"	"L-2-HYDROXYCARBOXYLATE DEHYDROGENASE (NAD(P)(+))"	8	317	"7.0E-58"	"-"	"-"	""
"PPA0012"	322	"PANTHER"	"PTHR43128:SF16"	"L-LACTATE DEHYDROGENASE"	8	317	"7.0E-58"	"-"	"-"	""
"PPA0014"	335	"PANTHER"	"PTHR30146"	"LACI-RELATED TRANSCRIPTIONAL REPRESSOR"	1	330	"2.8E-100"	"-"	"-"	""
"PPA0015"	501	"PANTHER"	"PTHR43790"	"CARBOHYDRATE TRANSPORT ATP-BINDING PROTEIN MG119-RELATED"	2	492	"0.0"	"-"	"-"	""
"PPA0015"	501	"PANTHER"	"PTHR43790:SF3"	"D-ALLOSE IMPORT ATP-BINDING PROTEIN ALSA-RELATED"	2	492	"0.0"	"-"	"-"	""
"PPA0016"	325	"PANTHER"	"PTHR32196:SF21"	"ABC TRANSPORTER PERMEASE PROTEIN YPHD-RELATED"	12	324	"1.8E-102"	"-"	"-"	""
"PPA0016"	325	"PANTHER"	"PTHR32196"	"ABC TRANSPORTER PERMEASE PROTEIN YPHD-RELATED-RELATED"	12	324	"1.8E-102"	"-"	"-"	""
"PPA0017"	313	"PANTHER"	"PTHR46847"	"D-ALLOSE-BINDING PERIPLASMIC PROTEIN-RELATED"	8	312	"4.2E-100"	"-"	"-"	""
"PPA0017"	313	"PANTHER"	"PTHR46847:SF1"	"D-ALLOSE-BINDING PERIPLASMIC PROTEIN-RELATED"	8	312	"4.2E-100"	"-"	"-"	""
"PPA0018"	309	"PANTHER"	"PTHR10584:SF166"	"RIBOKINASE"	5	303	"7.4E-71"	"-"	"-"	""
"PPA0018"	309	"PANTHER"	"PTHR10584"	"SUGAR KINASE"	5	303	"7.4E-71"	"-"	"-"	""
"PPA0019"	127	"PANTHER"	"PTHR37831"	"D-RIBOSE PYRANASE"	1	127	"4.8E-34"	"IPR023064"	"D-ribose pyranase"	"GO:0016872"
"PPA0021"	158	"PANTHER"	"PTHR47738"	"PTS SYSTEM FRUCTOSE-LIKE EIIA COMPONENT-RELATED"	4	148	"1.8E-31"	"-"	"-"	""
"PPA0021"	158	"PANTHER"	"PTHR47738:SF3"	"SUGAR PHOSPHOTRANSFERASE SYSTEM, EIIA 2, PUTATIVE-RELATED"	4	148	"1.8E-31"	"-"	"-"	""
"PPA0022"	418	"PANTHER"	"PTHR37324"	"PTS SYSTEM GALACTITOL-SPECIFIC EIIC COMPONENT"	2	397	"2.7E-99"	"IPR013853"	"Galactitol permease IIC component"	"GO:0015577|GO:0015796"
"PPA0030"	192	"PANTHER"	"PTHR43481"	"FRUCTOSE-1-PHOSPHATE PHOSPHATASE"	1	175	"1.9E-25"	"-"	"-"	""
"PPA0031"	252	"PANTHER"	"PTHR30363:SF29"	"GLYCEROL-3-PHOSPHATE REGULON REPRESSOR"	1	251	"1.7E-41"	"-"	"-"	""
"PPA0031"	252	"PANTHER"	"PTHR30363"	"HTH-TYPE TRANSCRIPTIONAL REGULATOR SRLR-RELATED"	1	251	"1.7E-41"	"-"	"-"	""
"PPA0034"	352	"PANTHER"	"PTHR43643"	"HISTIDINOL-PHOSPHATE AMINOTRANSFERASE 2"	6	350	"1.5E-111"	"-"	"-"	""
"PPA0034"	352	"PANTHER"	"PTHR43643:SF3"	"HISTIDINOL-PHOSPHATE AMINOTRANSFERASE 2"	6	350	"1.5E-111"	"-"	"-"	""
"PPA0037"	188	"PANTHER"	"PTHR43415:SF4"	"PUTATIVE-RELATED"	16	187	"9.5E-49"	"-"	"-"	""
"PPA0037"	188	"PANTHER"	"PTHR43415"	"SPERMIDINE N(1)-ACETYLTRANSFERASE"	16	187	"9.5E-49"	"-"	"-"	""
"PPA0041"	492	"PANTHER"	"PTHR30258"	"TYPE II SECRETION SYSTEM PROTEIN GSPE-RELATED"	122	446	"4.6E-46"	"-"	"-"	""
"PPA0041"	492	"PANTHER"	"PTHR30258:SF3"	"ATP/GTP-BINDING PROTEIN-RELATED"	122	446	"4.6E-46"	"-"	"-"	""
"PPA0042"	293	"PANTHER"	"PTHR35007:SF4"	"INTEGRAL MEMBRANE PROTEIN-RELATED"	8	274	"6.3E-23"	"-"	"-"	""
"PPA0042"	293	"PANTHER"	"PTHR35007"	"INTEGRAL MEMBRANE PROTEIN-RELATED"	8	274	"6.3E-23"	"-"	"-"	""
"PPA0043"	300	"PANTHER"	"PTHR35007"	"INTEGRAL MEMBRANE PROTEIN-RELATED"	5	291	"5.8E-23"	"-"	"-"	""
"PPA0047"	920	"PANTHER"	"PTHR34700"	"POTASSIUM BINDING PROTEIN KBP"	230	330	"9.1E-21"	"-"	"-"	""
"PPA0047"	920	"PANTHER"	"PTHR34700"	"POTASSIUM BINDING PROTEIN KBP"	61	207	"9.1E-21"	"-"	"-"	""
"PPA0048"	470	"PANTHER"	"PTHR23513"	"INTEGRAL MEMBRANE EFFLUX PROTEIN-RELATED"	27	452	"4.0E-64"	"-"	"-"	""
"PPA0048"	470	"PANTHER"	"PTHR23513:SF17"	"MEMBRANE PROTEIN-RELATED"	27	452	"4.0E-64"	"-"	"-"	""
"PPA0049"	569	"PANTHER"	"PTHR48099:SF12"	"MONOFUNCTIONAL C1-TETRAHYDROFOLATE SYNTHASE, MITOCHONDRIAL"	159	562	"0.0"	"-"	"-"	""
"PPA0049"	569	"PANTHER"	"PTHR48099:SF12"	"MONOFUNCTIONAL C1-TETRAHYDROFOLATE SYNTHASE, MITOCHONDRIAL"	8	154	"0.0"	"-"	"-"	""
"PPA0049"	569	"PANTHER"	"PTHR48099"	"C-1-TETRAHYDROFOLATE SYNTHASE, CYTOPLASMIC-RELATED"	159	562	"0.0"	"-"	"-"	""
"PPA0049"	569	"PANTHER"	"PTHR48099"	"C-1-TETRAHYDROFOLATE SYNTHASE, CYTOPLASMIC-RELATED"	8	154	"0.0"	"-"	"-"	""
"PPA0053"	823	"PANTHER"	"PTHR30572"	"MEMBRANE COMPONENT OF TRANSPORTER-RELATED"	114	372	"1.0E-64"	"-"	"-"	""
"PPA0053"	823	"PANTHER"	"PTHR30572"	"MEMBRANE COMPONENT OF TRANSPORTER-RELATED"	684	823	"1.0E-64"	"-"	"-"	""
"PPA0054"	344	"PANTHER"	"PTHR24220"	"IMPORT ATP-BINDING PROTEIN"	112	330	"1.9E-75"	"-"	"-"	""
"PPA0054"	344	"PANTHER"	"PTHR24220:SF672"	"ABC TRANSPORTER, ATP-BINDING PROTEIN"	112	330	"1.9E-75"	"-"	"-"	""
"PPA0055"	218	"PANTHER"	"PTHR43214"	"TWO-COMPONENT RESPONSE REGULATOR"	5	216	"1.9E-60"	"-"	"-"	""
"PPA0055"	218	"PANTHER"	"PTHR43214:SF35"	"TWO COMPONENT RESPONSE REGULATOR-RELATED"	5	216	"1.9E-60"	"-"	"-"	""
"PPA0057"	276	"PANTHER"	"PTHR43744:SF12"	"ABC TRANSPORTER PERMEASE PROTEIN MG189-RELATED"	3	275	"1.6E-86"	"-"	"-"	""
"PPA0057"	276	"PANTHER"	"PTHR43744"	"ABC TRANSPORTER PERMEASE PROTEIN MG189-RELATED-RELATED"	3	275	"1.6E-86"	"-"	"-"	""
"PPA0058"	298	"PANTHER"	"PTHR30193"	"ABC TRANSPORTER PERMEASE PROTEIN"	2	295	"2.9E-77"	"-"	"-"	""
"PPA0059"	434	"PANTHER"	"PTHR43649"	"ARABINOSE-BINDING PROTEIN-RELATED"	5	418	"5.9E-42"	"-"	"-"	""
"PPA0059"	434	"PANTHER"	"PTHR43649:SF5"	"SRRA"	5	418	"5.9E-42"	"-"	"-"	""
"PPA0060"	228	"PANTHER"	"PTHR30363"	"HTH-TYPE TRANSCRIPTIONAL REGULATOR SRLR-RELATED"	5	227	"9.3E-39"	"-"	"-"	""
"PPA0061"	462	"PANTHER"	"PTHR32092"	"6-PHOSPHO-BETA-GLUCOSIDASE-RELATED"	1	459	"3.7E-112"	"IPR001088"	"Glycoside hydrolase, family 4"	"GO:0004553|GO:0005975"
"PPA0061"	462	"PANTHER"	"PTHR32092:SF5"	"6-PHOSPHO-BETA-GLUCOSIDASE"	1	459	"3.7E-112"	"-"	"-"	""
"PPA0062"	1042	"PANTHER"	"PTHR46017"	"ALPHA-MANNOSIDASE 2C1"	76	1040	"0.0"	"-"	"-"	""
"PPA0062"	1042	"PANTHER"	"PTHR46017:SF1"	"ALPHA-MANNOSIDASE 2C1"	76	1040	"0.0"	"-"	"-"	""
"PPA0063"	351	"PANTHER"	"PTHR10151"	"ECTONUCLEOTIDE PYROPHOSPHATASE/PHOSPHODIESTERASE"	2	272	"9.5E-12"	"-"	"-"	""
"PPA0064"	214	"PANTHER"	"PTHR46193:SF10"	"6-PHOSPHOGLUCONATE PHOSPHATASE"	10	188	"1.9E-33"	"-"	"-"	""
"PPA0064"	214	"PANTHER"	"PTHR46193"	"6-PHOSPHOGLUCONATE PHOSPHATASE"	10	188	"1.9E-33"	"-"	"-"	""
"PPA0065"	431	"PANTHER"	"PTHR31047"	"MEIOTICALLY UP-REGULATED GENE 157 PROTEIN"	42	423	"2.0E-123"	"IPR008313"	"Metal-independent alpha-mannosidase"	"-"
"PPA0065"	431	"PANTHER"	"PTHR31047:SF0"	"MEIOTICALLY UP-REGULATED GENE 157 PROTEIN"	42	423	"2.0E-123"	"-"	"-"	""
"PPA0066"	512	"PANTHER"	"PTHR22600"	"BETA-HEXOSAMINIDASE"	10	508	"1.2E-91"	"IPR025705"	"Beta-hexosaminidase"	"GO:0004563|GO:0005975"
"PPA0066"	512	"PANTHER"	"PTHR22600:SF21"	"BETA-HEXOSAMINIDASE"	10	508	"1.2E-91"	"-"	"-"	""
"PPA0067"	311	"PANTHER"	"PTHR10584"	"SUGAR KINASE"	6	282	"3.4E-20"	"-"	"-"	""
"PPA0068"	456	"PANTHER"	"PTHR24421:SF10"	"NITRATE/NITRITE SENSOR PROTEIN NARX"	127	451	"5.6E-55"	"-"	"-"	""
"PPA0068"	456	"PANTHER"	"PTHR24421"	"NITRATE/NITRITE SENSOR PROTEIN NARX-RELATED"	127	451	"5.6E-55"	"-"	"-"	""
"PPA0069"	329	"PANTHER"	"PTHR43725"	"UDP-GLUCOSE 4-EPIMERASE"	1	319	"4.2E-78"	"-"	"-"	""
"PPA0070"	271	"PANTHER"	"PTHR30055"	"HTH-TYPE TRANSCRIPTIONAL REGULATOR RUTR"	63	254	"5.9E-20"	"-"	"-"	""
"PPA0071"	909	"PANTHER"	"PTHR33406"	"MEMBRANE PROTEIN MJ1562-RELATED"	5	722	"0.0"	"-"	"-"	""
"PPA0071"	909	"PANTHER"	"PTHR33406:SF2"	"MEMBRANE PROTEIN SCO6666-RELATED"	5	722	"0.0"	"-"	"-"	""
"PPA0072"	789	"PANTHER"	"PTHR43077"	"TRANSPORT PERMEASE YVFS-RELATED"	405	583	"1.4E-54"	"-"	"-"	""
"PPA0072"	789	"PANTHER"	"PTHR43077"	"TRANSPORT PERMEASE YVFS-RELATED"	17	348	"1.4E-54"	"-"	"-"	""
"PPA0072"	789	"PANTHER"	"PTHR43077:SF5"	"PHAGE INFECTION PROTEIN"	17	348	"1.4E-54"	"-"	"-"	""
"PPA0072"	789	"PANTHER"	"PTHR43077:SF5"	"PHAGE INFECTION PROTEIN"	405	583	"1.4E-54"	"-"	"-"	""
"PPA0074"	253	"PANTHER"	"PTHR24220:SF636"	"NICKEL IMPORT SYSTEM ATP-BINDING PROTEIN NIKE"	29	247	"3.5E-68"	"-"	"-"	""
"PPA0074"	253	"PANTHER"	"PTHR24220"	"IMPORT ATP-BINDING PROTEIN"	29	247	"3.5E-68"	"-"	"-"	""
"PPA0075"	270	"PANTHER"	"PTHR42912"	"METHYLTRANSFERASE"	52	249	"1.9E-13"	"-"	"-"	""
"PPA0076"	336	"PANTHER"	"PTHR30535"	"VITAMIN B12-BINDING PROTEIN"	11	335	"1.8E-85"	"-"	"-"	""
"PPA0076"	336	"PANTHER"	"PTHR30535:SF7"	"IRON(III) DICITRATE-BINDING PROTEIN-RELATED"	11	335	"1.8E-85"	"-"	"-"	""
"PPA0077"	340	"PANTHER"	"PTHR30472"	"FERRIC ENTEROBACTIN TRANSPORT SYSTEM PERMEASE PROTEIN"	3	334	"7.9E-96"	"IPR000522"	"ABC transporter, permease protein, BtuC-like"	"GO:0016020|GO:0022857"
"PPA0077"	340	"PANTHER"	"PTHR30472:SF67"	"PERMEASE OF ABC TRANSPORTER-RELATED"	3	334	"7.9E-96"	"-"	"-"	""
"PPA0078"	255	"PANTHER"	"PTHR42794"	"HEMIN IMPORT ATP-BINDING PROTEIN HMUV"	6	249	"1.9E-79"	"-"	"-"	""
"PPA0078"	255	"PANTHER"	"PTHR42794:SF2"	"IRON(III) TRANSPORT SYSTEM, ATP-BINDING PROTEIN-RELATED"	6	249	"1.9E-79"	"-"	"-"	""
"PPA0079"	485	"PANTHER"	"PTHR43353"	"SUCCINATE-SEMIALDEHYDE DEHYDROGENASE, MITOCHONDRIAL"	12	482	"0.0"	"-"	"-"	""
"PPA0080"	428	"PANTHER"	"PTHR43427"	"CHLORIDE CHANNEL PROTEIN CLC-E"	8	397	"7.7E-43"	"-"	"-"	""
"PPA0080"	428	"PANTHER"	"PTHR43427:SF6"	"CHLORIDE CHANNEL PROTEIN CLC-E"	8	397	"7.7E-43"	"-"	"-"	""
"PPA0081"	788	"PANTHER"	"PTHR11468"	"GLYCOGEN PHOSPHORYLASE"	3	785	"0.0"	"IPR000811"	"Glycosyl transferase, family 35"	"GO:0005975|GO:0008184"
"PPA0081"	788	"PANTHER"	"PTHR11468:SF3"	"GLYCOGEN PHOSPHORYLASE"	3	785	"0.0"	"-"	"-"	""
"PPA0084"	403	"PANTHER"	"PTHR18964:SF168"	"N-ACETYLMANNOSAMINE KINASE"	27	393	"4.3E-60"	"-"	"-"	""
"PPA0084"	403	"PANTHER"	"PTHR18964"	"ROK (REPRESSOR, ORF, KINASE) FAMILY"	27	393	"4.3E-60"	"IPR000600"	"ROK family"	"-"
"PPA0085"	447	"PANTHER"	"PTHR43649"	"ARABINOSE-BINDING PROTEIN-RELATED"	4	443	"2.2E-34"	"-"	"-"	""
"PPA0086"	311	"PANTHER"	"PTHR30193"	"ABC TRANSPORTER PERMEASE PROTEIN"	26	308	"2.2E-72"	"-"	"-"	""
"PPA0087"	293	"PANTHER"	"PTHR32243:SF24"	"ABC TRANSPORTER PERMEASE PROTEIN AMYC-RELATED"	11	293	"6.8E-65"	"-"	"-"	""
"PPA0087"	293	"PANTHER"	"PTHR32243"	"MALTOSE TRANSPORT SYSTEM PERMEASE-RELATED"	11	293	"6.8E-65"	"-"	"-"	""
"PPA0088"	373	"PANTHER"	"PTHR30146"	"LACI-RELATED TRANSCRIPTIONAL REPRESSOR"	33	370	"7.5E-83"	"-"	"-"	""
"PPA0088"	373	"PANTHER"	"PTHR30146:SF109"	"HTH-TYPE TRANSCRIPTIONAL REGULATOR MALR"	33	370	"7.5E-83"	"-"	"-"	""
"PPA0089"	729	"PANTHER"	"PTHR31084"	"ALPHA-L-FUCOSIDASE 2"	5	710	"0.0"	"-"	"-"	""
"PPA0090"	402	"PANTHER"	"PTHR13697"	"PHOSPHOFRUCTOKINASE"	30	398	"1.3E-110"	"-"	"-"	""
"PPA0090"	402	"PANTHER"	"PTHR13697:SF52"	"ATP-DEPENDENT 6-PHOSPHOFRUCTOKINASE 1"	30	398	"1.3E-110"	"-"	"-"	""
"PPA0094"	490	"PANTHER"	"PTHR42696"	"ASPARTATE AMMONIA-LYASE"	2	469	"0.0"	"-"	"-"	""
"PPA0095"	432	"PANTHER"	"PTHR36106"	"ANAEROBIC C4-DICARBOXYLATE TRANSPORTER DCUB"	1	422	"0.0"	"IPR004668"	"Anaerobic c4-dicarboxylate membrane transporter"	"GO:0015556|GO:0015740|GO:0016021"
"PPA0095"	432	"PANTHER"	"PTHR36106:SF2"	"ANAEROBIC C4-DICARBOXYLATE TRANSPORTER DCUA"	1	422	"0.0"	"-"	"-"	""
"PPA0096"	96	"PANTHER"	"PTHR31435"	"PROTEIN NATD1"	6	91	"4.0E-19"	"IPR045057"	"Gcn5-related N-acetyltransferase"	"-"
"PPA0096"	96	"PANTHER"	"PTHR31435:SF10"	"ACETYLTRANSFERASE"	6	91	"4.0E-19"	"-"	"-"	""
"PPA0097"	483	"PANTHER"	"PTHR11465:SF50"	"CATALASE"	9	477	"0.0"	"-"	"-"	""
"PPA0097"	483	"PANTHER"	"PTHR11465"	"CATALASE"	9	477	"0.0"	"IPR018028"	"Catalase, mono-functional, haem-containing"	"GO:0004096|GO:0006979|GO:0020037"
"PPA0098"	581	"PANTHER"	"PTHR24221"	"ATP-BINDING CASSETTE SUB-FAMILY B"	64	563	"8.6E-75"	"IPR039421"	"Type 1 protein exporter"	"-"
"PPA0098"	581	"PANTHER"	"PTHR24221:SF533"	"ABC TRANSPORTER RELATED"	64	563	"8.6E-75"	"-"	"-"	""
"PPA0099"	588	"PANTHER"	"PTHR43394:SF1"	"ATP-DEPENDENT PERMEASE MDL1, MITOCHONDRIAL"	44	582	"6.4E-50"	"-"	"-"	""
"PPA0099"	588	"PANTHER"	"PTHR43394"	"ATP-DEPENDENT PERMEASE MDL1, MITOCHONDRIAL"	44	582	"6.4E-50"	"-"	"-"	""
"PPA0100"	328	"PANTHER"	"PTHR32039:SF14"	"MAGNESIUM-CHELATASE SUBUNIT CHLI HOMOLOG"	1	324	"0.0"	"-"	"-"	""
"PPA0100"	328	"PANTHER"	"PTHR32039"	"MAGNESIUM-CHELATASE SUBUNIT CHLI"	1	324	"0.0"	"IPR045006"	"Magnesium-chelatase subunit ChlI-like"	"-"
"PPA0101"	654	"PANTHER"	"PTHR32039"	"MAGNESIUM-CHELATASE SUBUNIT CHLI"	2	52	"7.3E-109"	"IPR045006"	"Magnesium-chelatase subunit ChlI-like"	"-"
"PPA0101"	654	"PANTHER"	"PTHR32039"	"MAGNESIUM-CHELATASE SUBUNIT CHLI"	58	370	"7.3E-109"	"IPR045006"	"Magnesium-chelatase subunit ChlI-like"	"-"
"PPA0101"	654	"PANTHER"	"PTHR32039:SF14"	"MAGNESIUM-CHELATASE SUBUNIT CHLI HOMOLOG"	58	370	"7.3E-109"	"-"	"-"	""
"PPA0101"	654	"PANTHER"	"PTHR32039:SF14"	"MAGNESIUM-CHELATASE SUBUNIT CHLI HOMOLOG"	2	52	"7.3E-109"	"-"	"-"	""
"PPA0102"	1340	"PANTHER"	"PTHR44119"	"MAGNESIUM-CHELATASE SUBUNIT CHLH, CHLOROPLASTIC"	47	1309	"0.0"	"IPR003672"	"CobN/magnesium chelatase"	"GO:0009058"
"PPA0102"	1340	"PANTHER"	"PTHR44119:SF6"	"AEROBIC COBALTOCHELATASE SUBUNIT COBN"	47	1309	"0.0"	"-"	"-"	""
"PPA0103"	364	"PANTHER"	"PTHR43273"	"ANAEROBIC SULFATASE-MATURATING ENZYME HOMOLOG ASLB-RELATED"	3	334	"6.1E-35"	"IPR023867"	"Anaerobic sulphatase maturase, radical SAM"	"GO:0016491"
"PPA0104"	333	"PANTHER"	"PTHR42734"	"METAL TRANSPORT SYSTEM ATP-BINDING PROTEIN TM_0124-RELATED"	3	244	"1.3E-57"	"-"	"-"	""
"PPA0105"	379	"PANTHER"	"PTHR30472"	"FERRIC ENTEROBACTIN TRANSPORT SYSTEM PERMEASE PROTEIN"	40	374	"4.7E-105"	"IPR000522"	"ABC transporter, permease protein, BtuC-like"	"GO:0016020|GO:0022857"
"PPA0105"	379	"PANTHER"	"PTHR30472:SF41"	"TRANSPORT SYSTEM PERMEASE PROTEIN"	40	374	"4.7E-105"	"-"	"-"	""
"PPA0106"	414	"PANTHER"	"PTHR30535"	"VITAMIN B12-BINDING PROTEIN"	14	410	"3.9E-44"	"-"	"-"	""
"PPA0106"	414	"PANTHER"	"PTHR30535:SF28"	"IRON ABC TRANSPORTER, SUBSTRATE-BINDING PROTEIN-RELATED"	14	410	"3.9E-44"	"-"	"-"	""
"PPA0107"	422	"PANTHER"	"PTHR30535:SF28"	"IRON ABC TRANSPORTER, SUBSTRATE-BINDING PROTEIN-RELATED"	7	417	"3.0E-53"	"-"	"-"	""
"PPA0107"	422	"PANTHER"	"PTHR30535"	"VITAMIN B12-BINDING PROTEIN"	7	417	"3.0E-53"	"-"	"-"	""
"PPA0109"	594	"PANTHER"	"PTHR37417"	"67 KDA MYOSIN-CROSS-REACTIVE ANTIGEN FAMILY PROTEIN (AFU_ORTHOLOGUE AFUA_5G09970)"	34	573	"0.0"	"IPR010354"	"Oleate hydratase"	"GO:0006631|GO:0050151|GO:0071949"
"PPA0109"	594	"PANTHER"	"PTHR37417:SF3"	"MYOSIN-CROSSREACTIVE PROTEIN-RELATED"	34	573	"0.0"	"-"	"-"	""
"PPA0110"	569	"PANTHER"	"PTHR20858:SF17"	"HYDROXYMETHYLPYRIMIDINE/PHOSPHOMETHYLPYRIMIDINE KINASE THI20-RELATED"	59	337	"1.6E-85"	"-"	"-"	""
"PPA0110"	569	"PANTHER"	"PTHR20858"	"PHOSPHOMETHYLPYRIMIDINE KINASE"	59	337	"1.6E-85"	"IPR045029"	"Hydroxymethylpyrimidine kinase/phosphomethylpyrimidine kinase"	"GO:0008972|GO:0009228"
"PPA0112"	217	"PANTHER"	"PTHR20857"	"THIAMINE-PHOSPHATE PYROPHOSPHORYLASE"	4	214	"9.2E-36"	"-"	"-"	""
"PPA0115"	556	"PANTHER"	"PTHR30607"	"POTASSIUM-TRANSPORTING ATPASE A CHAIN"	9	555	"0.0"	"IPR004623"	"Potassium-transporting ATPase A chain"	"GO:0006813|GO:0008556"
"PPA0116"	704	"PANTHER"	"PTHR43743"	"POTASSIUM-TRANSPORTING ATPASE ATP-BINDING SUBUNIT"	15	701	"0.0"	"IPR006391"	"P-type ATPase, B chain, subfamily IA"	"GO:0005524|GO:0006813|GO:0008556|GO:0016021"
"PPA0117"	201	"PANTHER"	"PTHR30042"	"POTASSIUM-TRANSPORTING ATPASE C CHAIN"	8	199	"4.9E-63"	"IPR003820"	"Potassium-transporting ATPase C chain"	"GO:0006813|GO:0008556|GO:0016021"
"PPA0118"	830	"PANTHER"	"PTHR45569"	"SENSOR PROTEIN KDPD"	4	822	"0.0"	"-"	"-"	""
"PPA0119"	227	"PANTHER"	"PTHR48111"	"REGULATOR OF RPOS"	1	223	"8.2E-57"	"IPR039420"	"Transcriptional regulatory protein WalR-like"	"-"
"PPA0119"	227	"PANTHER"	"PTHR48111:SF21"	"TRANSCRIPTIONAL REGULATORY PROTEIN AFSQ1"	1	223	"8.2E-57"	"-"	"-"	""
"PPA0122"	457	"PANTHER"	"PTHR43690"	"NARDILYSIN"	28	400	"5.4E-25"	"-"	"-"	""
"PPA0122"	457	"PANTHER"	"PTHR43690:SF21"	"PROCESSING PROTEASE"	28	400	"5.4E-25"	"-"	"-"	""
"PPA0126"	781	"PANTHER"	"PTHR32282:SF8"	"PENICILLIN-BINDING PROTEIN 1A"	42	756	"0.0"	"-"	"-"	""
"PPA0126"	781	"PANTHER"	"PTHR32282"	"BINDING PROTEIN TRANSPEPTIDASE, PUTATIVE-RELATED"	42	756	"0.0"	"-"	"-"	""
"PPA0128"	391	"PANTHER"	"PTHR12468:SF2"	"GPI MANNOSYLTRANSFERASE 2"	43	222	"2.1E-21"	"-"	"-"	""
"PPA0128"	391	"PANTHER"	"PTHR12468"	"GPI MANNOSYLTRANSFERASE 2"	43	222	"2.1E-21"	"IPR007315"	"GPI mannosyltransferase 2"	"GO:0000009|GO:0004376|GO:0006506"
"PPA0130"	420	"PANTHER"	"PTHR12526"	"GLYCOSYLTRANSFERASE"	188	409	"4.3E-19"	"-"	"-"	""
"PPA0134"	205	"PANTHER"	"PTHR43300"	"ACETYLTRANSFERASE"	6	168	"1.2E-43"	"-"	"-"	""
"PPA0134"	205	"PANTHER"	"PTHR43300:SF1"	"UDP-2-ACETAMIDO-3-AMINO-2,3-DIDEOXY-D-GLUCURONATE N-ACETYLTRANSFERASE"	6	168	"1.2E-43"	"-"	"-"	""
"PPA0135"	370	"PANTHER"	"PTHR30244"	"TRANSAMINASE"	4	365	"2.3E-109"	"IPR000653"	"DegT/DnrJ/EryC1/StrS aminotransferase"	"-"
"PPA0135"	370	"PANTHER"	"PTHR30244:SF3"	"UDP-4-AMINO-4-DEOXY-L-ARABINOSE--OXOGLUTARATE AMINOTRANSFERASE"	4	365	"2.3E-109"	"-"	"-"	""
"PPA0136"	330	"PANTHER"	"PTHR43377"	"BILIVERDIN REDUCTASE A"	3	325	"9.3E-49"	"-"	"-"	""
"PPA0136"	330	"PANTHER"	"PTHR43377:SF1"	"BILIVERDIN REDUCTASE A"	3	325	"9.3E-49"	"-"	"-"	""
"PPA0138"	525	"PANTHER"	"PTHR11654:SF119"	"DIPEPTIDE PERMEASE D"	36	514	"1.6E-90"	"-"	"-"	""
"PPA0138"	525	"PANTHER"	"PTHR11654"	"OLIGOPEPTIDE TRANSPORTER-RELATED"	36	514	"1.6E-90"	"IPR000109"	"Proton-dependent oligopeptide transporter family"	"GO:0016020|GO:0022857|GO:0055085"
"PPA0139"	459	"PANTHER"	"PTHR43557"	"APOPTOSIS-INDUCING FACTOR 1"	77	433	"1.6E-79"	"-"	"-"	""
"PPA0139"	459	"PANTHER"	"PTHR43557:SF2"	"SD06560P"	77	433	"1.6E-79"	"-"	"-"	""
"PPA0140"	266	"PANTHER"	"PTHR24321"	"DEHYDROGENASES, SHORT CHAIN"	5	264	"2.7E-59"	"-"	"-"	""
"PPA0141"	85	"PANTHER"	"PTHR33705"	"PHOSPHOCARRIER PROTEIN HPR"	1	80	"1.5E-15"	"-"	"-"	""
"PPA0142"	670	"PANTHER"	"PTHR30505:SF28"	"PTS SYSTEM 2-O-ALPHA-MANNOSYL-D-GLYCERATE-SPECIFIC EIIABC COMPONENT-RELATED"	4	663	"0.0"	"-"	"-"	""
"PPA0142"	670	"PANTHER"	"PTHR30505"	"FRUCTOSE-LIKE PERMEASE"	4	663	"0.0"	"-"	"-"	""
"PPA0143"	316	"PANTHER"	"PTHR46566"	"1-PHOSPHOFRUCTOKINASE-RELATED"	1	310	"2.7E-71"	"-"	"-"	""
"PPA0144"	253	"PANTHER"	"PTHR30363"	"HTH-TYPE TRANSCRIPTIONAL REGULATOR SRLR-RELATED"	1	253	"3.5E-63"	"-"	"-"	""
"PPA0144"	253	"PANTHER"	"PTHR30363:SF29"	"GLYCEROL-3-PHOSPHATE REGULON REPRESSOR"	1	253	"3.5E-63"	"-"	"-"	""
"PPA0145"	432	"PANTHER"	"PTHR43491"	"UDP-N-ACETYL-D-MANNOSAMINE DEHYDROGENASE"	2	415	"9.6E-94"	"-"	"-"	""
"PPA0147"	371	"PANTHER"	"PTHR45947:SF8"	"ALPHA-MONOGLUCOSYLDIACYLGLYCEROL SYNTHASE"	9	358	"6.1E-42"	"-"	"-"	""
"PPA0147"	371	"PANTHER"	"PTHR45947"	"SULFOQUINOVOSYL TRANSFERASE SQD2"	9	358	"6.1E-42"	"-"	"-"	""
"PPA0148"	357	"PANTHER"	"PTHR43174"	"UDP-N-ACETYLGLUCOSAMINE 2-EPIMERASE"	1	350	"4.7E-109"	"IPR029767"	"UDP-N-acetylglucosamine 2-epimerase WecB-like"	"GO:0008761"
"PPA0148"	357	"PANTHER"	"PTHR43174:SF1"	"UDP-N-ACETYLGLUCOSAMINE 2-EPIMERASE"	1	350	"4.7E-109"	"-"	"-"	""
"PPA0149"	373	"PANTHER"	"PTHR12526:SF563"	"GLYCOSYL TRANSFERASE-RELATED"	9	372	"4.9E-47"	"-"	"-"	""
"PPA0149"	373	"PANTHER"	"PTHR12526"	"GLYCOSYLTRANSFERASE"	9	372	"4.9E-47"	"-"	"-"	""
"PPA0152"	460	"PANTHER"	"PTHR43706"	"NADH DEHYDROGENASE"	23	418	"2.7E-100"	"IPR045024"	"Alternative NADH dehydrogenase"	"GO:0003954|GO:0006116"
"PPA0152"	460	"PANTHER"	"PTHR43706:SF13"	"NADH DEHYDROGENASE-RELATED"	23	418	"2.7E-100"	"-"	"-"	""
"PPA0155"	838	"PANTHER"	"PTHR43519"	"ATP-DEPENDENT RNA HELICASE HRPB"	19	833	"0.0"	"-"	"-"	""
"PPA0157"	699	"PANTHER"	"PTHR43553"	"HEAVY METAL TRANSPORTER"	22	236	"7.6E-79"	"-"	"-"	""
"PPA0157"	699	"PANTHER"	"PTHR43553"	"HEAVY METAL TRANSPORTER"	259	443	"7.6E-79"	"-"	"-"	""
"PPA0157"	699	"PANTHER"	"PTHR43553:SF1"	"ABC TRANSPORTER I FAMILY MEMBER 11, CHLOROPLASTIC"	22	236	"7.6E-79"	"-"	"-"	""
"PPA0157"	699	"PANTHER"	"PTHR43553:SF1"	"ABC TRANSPORTER I FAMILY MEMBER 11, CHLOROPLASTIC"	259	443	"7.6E-79"	"-"	"-"	""
"PPA0158"	391	"PANTHER"	"PTHR12526:SF585"	"COLANIC ACID BIOSYNTHESIS GLYCOSYL TRANSFERASE WCAI-RELATED"	91	386	"2.3E-38"	"-"	"-"	""
"PPA0158"	391	"PANTHER"	"PTHR12526"	"GLYCOSYLTRANSFERASE"	91	386	"2.3E-38"	"-"	"-"	""
"PPA0159"	139	"PANTHER"	"PTHR36974"	"MEMBRANE PROTEIN-RELATED"	12	135	"2.4E-19"	"-"	"-"	""
"PPA0161"	335	"PANTHER"	"PTHR48109"	"DIHYDROOROTATE DEHYDROGENASE (QUINONE), MITOCHONDRIAL-RELATED"	1	332	"1.7E-102"	"-"	"-"	""
"PPA0161"	335	"PANTHER"	"PTHR48109:SF3"	"SLL0744 PROTEIN"	1	332	"1.7E-102"	"-"	"-"	""
"PPA0162"	1204	"PANTHER"	"PTHR32154"	"PYRUVATE-FLAVODOXIN OXIDOREDUCTASE-RELATED"	10	1181	"0.0"	"-"	"-"	""
"PPA0162"	1204	"PANTHER"	"PTHR32154:SF0"	"PYRUVATE-FLAVODOXIN OXIDOREDUCTASE-RELATED"	10	1181	"0.0"	"-"	"-"	""
"PPA0163"	595	"PANTHER"	"PTHR11938:SF135"	"NAD-DEPENDENT DIHYDROPYRIMIDINE DEHYDROGENASE SUBUNIT PRET"	40	532	"1.5E-103"	"-"	"-"	""
"PPA0163"	595	"PANTHER"	"PTHR11938"	"FAD NADPH DEHYDROGENASE/OXIDOREDUCTASE"	40	532	"1.5E-103"	"-"	"-"	""
"PPA0164"	124	"PANTHER"	"PTHR33777"	"UPF0045 PROTEIN ECM15"	19	121	"2.2E-17"	"-"	"-"	""
"PPA0165"	273	"PANTHER"	"PTHR43537"	"TRANSCRIPTIONAL REGULATOR, GNTR FAMILY"	52	267	"3.2E-33"	"-"	"-"	""
"PPA0165"	273	"PANTHER"	"PTHR43537:SF34"	"PYRUVATE DEHYDROGENASE COMPLEX REPRESSOR"	52	267	"3.2E-33"	"-"	"-"	""
"PPA0166"	562	"PANTHER"	"PTHR30003:SF0"	"L-LACTATE PERMEASE"	6	553	"0.0"	"-"	"-"	""
"PPA0166"	562	"PANTHER"	"PTHR30003"	"L-LACTATE PERMEASE"	6	553	"0.0"	"IPR003804"	"L-lactate permease"	"GO:0005887|GO:0015129|GO:0015727"
"PPA0167"	264	"PANTHER"	"PTHR30296"	"UNCHARACTERIZED PROTEIN YKGE"	21	262	"9.9E-91"	"-"	"-"	""
"PPA0168"	511	"PANTHER"	"PTHR47153"	"LACTATE UTILIZATION PROTEIN B"	30	509	"0.0"	"IPR004452"	"4Fe-4S binding protein"	"GO:0019516"
"PPA0169"	226	"PANTHER"	"PTHR43682"	"LACTATE UTILIZATION PROTEIN C"	10	223	"5.4E-30"	"-"	"-"	""
"PPA0170"	220	"PANTHER"	"PTHR43335"	"ABC TRANSPORTER, ATP-BINDING PROTEIN"	3	202	"1.7E-48"	"-"	"-"	""
"PPA0170"	220	"PANTHER"	"PTHR43335:SF2"	"ABC TRANSPORTER, ATP-BINDING PROTEIN"	3	202	"1.7E-48"	"-"	"-"	""
"PPA0173"	534	"PANTHER"	"PTHR24222:SF30"	"ATP-BINDING/PERMEASE PROTEIN CYDC"	18	530	"2.0E-93"	"-"	"-"	""
"PPA0173"	534	"PANTHER"	"PTHR24222"	"ABC TRANSPORTER B FAMILY"	18	530	"2.0E-93"	"-"	"-"	""
"PPA0174"	546	"PANTHER"	"PTHR24221:SF261"	"ATP-BINDING/PERMEASE PROTEIN CYDD"	12	543	"1.2E-108"	"-"	"-"	""
"PPA0174"	546	"PANTHER"	"PTHR24221"	"ATP-BINDING CASSETTE SUB-FAMILY B"	12	543	"1.2E-108"	"IPR039421"	"Type 1 protein exporter"	"-"
"PPA0175"	357	"PANTHER"	"PTHR43141:SF5"	"CYTOCHROME BD-I UBIQUINOL OXIDASE SUBUNIT 2"	13	352	"2.1E-106"	"-"	"-"	""
"PPA0175"	357	"PANTHER"	"PTHR43141"	"CYTOCHROME BD2 SUBUNIT II"	13	352	"2.1E-106"	"IPR003317"	"Cytochrome ubiquinol oxidase subunit 2"	"GO:0016020"
"PPA0176"	506	"PANTHER"	"PTHR30365:SF0"	"CYTOCHROME BD-I UBIQUINOL OXIDASE SUBUNIT 1"	1	492	"0.0"	"-"	"-"	""
"PPA0176"	506	"PANTHER"	"PTHR30365"	"CYTOCHROME D UBIQUINOL OXIDASE"	1	492	"0.0"	"IPR002585"	"Cytochrome ubiquinol oxidase subunit 1"	"GO:0009055|GO:0019646|GO:0070069"
"PPA0177"	517	"PANTHER"	"PTHR42770:SF15"	"GLUTAMATE/GAMMA-AMINOBUTYRATE ANTIPORTER-RELATED"	26	445	"4.9E-50"	"-"	"-"	""
"PPA0177"	517	"PANTHER"	"PTHR42770"	"AMINO ACID TRANSPORTER-RELATED"	26	445	"4.9E-50"	"-"	"-"	""
"PPA0178"	666	"PANTHER"	"PTHR24221"	"ATP-BINDING CASSETTE SUB-FAMILY B"	41	658	"0.0"	"IPR039421"	"Type 1 protein exporter"	"-"
"PPA0178"	666	"PANTHER"	"PTHR24221:SF499"	"ABC TRANSPORTER, ATP-BINDING/PERMEASE PROTEIN"	41	658	"0.0"	"-"	"-"	""
"PPA0179"	578	"PANTHER"	"PTHR24221"	"ATP-BINDING CASSETTE SUB-FAMILY B"	5	573	"0.0"	"IPR039421"	"Type 1 protein exporter"	"-"
"PPA0179"	578	"PANTHER"	"PTHR24221:SF276"	"ABC TRANSPORTER ATP-BINDING PROTEIN MG014-RELATED"	5	573	"0.0"	"-"	"-"	""
"PPA0180"	369	"PANTHER"	"PTHR43236"	"ANTITOXIN HIGA1"	15	273	"1.2E-17"	"-"	"-"	""
"PPA0181"	510	"PANTHER"	"PTHR42918"	"LYSYL-TRNA SYNTHETASE"	5	509	"0.0"	"-"	"-"	""
"PPA0183"	276	"PANTHER"	"PTHR37313:SF4"	"CONSERVED MEMBRANE PROTEIN-RELATED"	43	275	"1.5E-55"	"-"	"-"	""
"PPA0183"	276	"PANTHER"	"PTHR37313"	"UPF0749 PROTEIN RV1825"	43	275	"1.5E-55"	"IPR010273"	"Protein of unknown function DUF881"	"-"
"PPA0184"	632	"PANTHER"	"PTHR43289:SF18"	"SERINE/THREONINE-PROTEIN KINASE PRKC"	7	477	"8.8E-97"	"-"	"-"	""
"PPA0184"	632	"PANTHER"	"PTHR43289"	"MITOGEN-ACTIVATED PROTEIN KINASE KINASE KINASE 20-RELATED"	7	477	"8.8E-97"	"-"	"-"	""
"PPA0185"	475	"PANTHER"	"PTHR30627:SF2"	"PEPTIDOGLYCAN D,D-TRANSPEPTIDASE MRDA"	74	474	"6.6E-106"	"-"	"-"	""
"PPA0185"	475	"PANTHER"	"PTHR30627"	"PEPTIDOGLYCAN D,D-TRANSPEPTIDASE"	74	474	"6.6E-106"	"-"	"-"	""
"PPA0186"	463	"PANTHER"	"PTHR30474:SF3"	"INTEGRAL MEMBRANE CELL-CYCLE PROTEIN-RELATED"	43	443	"0.0"	"-"	"-"	""
"PPA0186"	463	"PANTHER"	"PTHR30474"	"CELL CYCLE PROTEIN"	43	443	"0.0"	"IPR001182"	"Probable peptidoglycan glycosyltransferase FtsW/RodA"	"GO:0016021|GO:0051301"
"PPA0187"	495	"PANTHER"	"PTHR13832"	"PROTEIN PHOSPHATASE 2C"	23	244	"3.1E-13"	"IPR015655"	"Protein phosphatase 2C family"	"GO:0004722|GO:0006470"
"PPA0187"	495	"PANTHER"	"PTHR13832:SF321"	"PROTEIN PHOSPHATASE 1G"	23	244	"3.1E-13"	"-"	"-"	""
"PPA0188"	162	"PANTHER"	"PTHR23308"	"NUCLEAR INHIBITOR OF PROTEIN PHOSPHATASE-1"	69	155	"2.5E-12"	"-"	"-"	""
"PPA0189"	229	"PANTHER"	"PTHR23308"	"NUCLEAR INHIBITOR OF PROTEIN PHOSPHATASE-1"	91	221	"1.1E-12"	"-"	"-"	""
"PPA0195"	421	"PANTHER"	"PTHR32305:SF15"	"PROTEIN RHSA-RELATED"	57	245	"2.7E-16"	"-"	"-"	""
"PPA0195"	421	"PANTHER"	"PTHR32305:SF15"	"PROTEIN RHSA-RELATED"	222	414	"2.7E-16"	"-"	"-"	""
"PPA0195"	421	"PANTHER"	"PTHR32305"	"-"	222	414	"2.7E-16"	"-"	"-"	""
"PPA0195"	421	"PANTHER"	"PTHR32305"	"-"	57	245	"2.7E-16"	"-"	"-"	""
"PPA0199"	953	"PANTHER"	"PTHR32305"	"-"	11	165	"5.2E-12"	"-"	"-"	""
"PPA0199"	953	"PANTHER"	"PTHR32305:SF15"	"PROTEIN RHSA-RELATED"	11	165	"5.2E-12"	"-"	"-"	""
"PPA0200"	930	"PANTHER"	"PTHR32305"	"-"	690	868	"2.2E-18"	"-"	"-"	""
"PPA0200"	930	"PANTHER"	"PTHR32305"	"-"	417	663	"2.2E-18"	"-"	"-"	""
"PPA0200"	930	"PANTHER"	"PTHR32305:SF15"	"PROTEIN RHSA-RELATED"	690	868	"2.2E-18"	"-"	"-"	""
"PPA0200"	930	"PANTHER"	"PTHR32305:SF15"	"PROTEIN RHSA-RELATED"	417	663	"2.2E-18"	"-"	"-"	""
"PPA0204"	957	"PANTHER"	"PTHR11669"	"REPLICATION FACTOR C / DNA POLYMERASE III GAMMA-TAU SUBUNIT"	108	755	"1.5E-121"	"-"	"-"	""
"PPA0204"	957	"PANTHER"	"PTHR11669:SF0"	"PROTEIN STICHEL-LIKE 2"	108	755	"1.5E-121"	"-"	"-"	""
"PPA0205"	107	"PANTHER"	"PTHR33449:SF1"	"NUCLEOID-ASSOCIATED PROTEIN YBAB"	17	99	"2.8E-17"	"-"	"-"	""
"PPA0205"	107	"PANTHER"	"PTHR33449"	"NUCLEOID-ASSOCIATED PROTEIN YBAB"	17	99	"2.8E-17"	"IPR004401"	"Nucleoid-associated protein YbaB/EbfC family"	"GO:0003677"
"PPA0206"	201	"PANTHER"	"PTHR30446"	"RECOMBINATION PROTEIN RECR"	2	196	"6.6E-82"	"IPR000093"	"DNA recombination protein RecR"	"GO:0003677|GO:0006281|GO:0006310"
"PPA0207"	191	"PANTHER"	"PTHR43252"	"TRANSCRIPTIONAL REGULATOR YQJI"	3	163	"2.2E-21"	"-"	"-"	""
"PPA0208"	260	"PANTHER"	"PTHR24220"	"IMPORT ATP-BINDING PROTEIN"	16	243	"7.9E-75"	"-"	"-"	""
"PPA0209"	879	"PANTHER"	"PTHR30287"	"MEMBRANE COMPONENT OF PREDICTED ABC SUPERFAMILY METABOLITE UPTAKE TRANSPORTER"	28	532	"1.0E-23"	"IPR038766"	"Membrane component of ABC transporter, predicted"	"-"
"PPA0210"	611	"PANTHER"	"PTHR34390"	"UPF0442 PROTEIN YJJB-RELATED"	414	552	"1.2E-39"	"-"	"-"	""
"PPA0210"	611	"PANTHER"	"PTHR34390"	"UPF0442 PROTEIN YJJB-RELATED"	140	397	"1.2E-39"	"-"	"-"	""
"PPA0211"	266	"PANTHER"	"PTHR10000"	"PHOSPHOSERINE PHOSPHATASE"	2	264	"3.9E-41"	"-"	"-"	""
"PPA0212"	269	"PANTHER"	"PTHR10000"	"PHOSPHOSERINE PHOSPHATASE"	2	266	"2.4E-48"	"-"	"-"	""
"PPA0213"	299	"PANTHER"	"PTHR24220"	"IMPORT ATP-BINDING PROTEIN"	58	280	"2.0E-44"	"-"	"-"	""
"PPA0216"	1114	"PANTHER"	"PTHR42780:SF1"	"ISOLEUCINE--TRNA LIGASE, CYTOPLASMIC"	17	1093	"0.0"	"-"	"-"	""
"PPA0216"	1114	"PANTHER"	"PTHR42780"	"SOLEUCYL-TRNA SYNTHETASE"	17	1093	"0.0"	"IPR023586"	"Isoleucine-tRNA ligase, type 2"	"GO:0004822"
"PPA0217"	316	"PANTHER"	"PTHR30501"	"UNCHARACTERIZED"	3	313	"7.9E-93"	"IPR021144"	"Uncharacterised protein family UPF0597"	"-"
"PPA0218"	471	"PANTHER"	"PTHR35334"	"SERINE TRANSPORTER"	46	471	"0.0"	"-"	"-"	""
"PPA0218"	471	"PANTHER"	"PTHR35334:SF4"	"SERINE TRANSPORTER-RELATED"	46	471	"0.0"	"-"	"-"	""
"PPA0219"	306	"PANTHER"	"PTHR22604"	"OXIDOREDUCTASES"	1	302	"1.8E-73"	"-"	"-"	""
"PPA0220"	99	"PANTHER"	"PTHR38839"	"TRANSCRIPTIONAL REGULATOR WHID-RELATED"	3	76	"2.6E-19"	"IPR003482"	"Transcription factor WhiB"	"-"
"PPA0221"	151	"PANTHER"	"PTHR43760"	"ENDORIBONUCLEASE-RELATED"	4	151	"1.5E-49"	"-"	"-"	""
"PPA0222"	233	"PANTHER"	"PTHR24567"	"CRP FAMILY TRANSCRIPTIONAL REGULATORY PROTEIN"	9	228	"1.4E-31"	"-"	"-"	""
"PPA0222"	233	"PANTHER"	"PTHR24567:SF68"	"CAMP-ACTIVATED GLOBAL TRANSCRIPTIONAL REGULATOR CRP"	9	228	"1.4E-31"	"-"	"-"	""
"PPA0223"	308	"PANTHER"	"PTHR10359"	"A/G-SPECIFIC ADENINE GLYCOSYLASE/ENDONUCLEASE III"	77	293	"4.4E-71"	"-"	"-"	""
"PPA0224"	195	"PANTHER"	"PTHR42852"	"THIOL:DISULFIDE INTERCHANGE PROTEIN DSBE"	53	192	"2.2E-22"	"-"	"-"	""
"PPA0225"	218	"PANTHER"	"PTHR12992"	"NUDIX HYDROLASE"	30	182	"1.7E-31"	"IPR045121"	"Coenzyme A pyrophosphatase"	"GO:0010945"
"PPA0225"	218	"PANTHER"	"PTHR12992:SF11"	"NUCLEOSIDE DIPHOSPHATE-LINKED MOIETY X MOTIF 8"	30	182	"1.7E-31"	"-"	"-"	""
"PPA0227"	420	"PANTHER"	"PTHR30341"	"SODIUM ION/PROTON ANTIPORTER NHAA-RELATED"	24	396	"1.7E-106"	"IPR004670"	"Na+/H+ antiporter NhaA"	"GO:0006814|GO:0006885|GO:0016021"
"PPA0229"	325	"PANTHER"	"PTHR43384"	"SEPTUM SITE-DETERMINING PROTEIN MIND HOMOLOG, CHLOROPLASTIC-RELATED"	9	302	"3.0E-19"	"-"	"-"	""
"PPA0229"	325	"PANTHER"	"PTHR43384:SF11"	"SEPTUM SITE DETERMINING PROTEIN-RELATED"	9	302	"3.0E-19"	"-"	"-"	""
"PPA0230"	388	"PANTHER"	"PTHR30258:SF3"	"ATP/GTP-BINDING PROTEIN-RELATED"	45	346	"9.2E-75"	"-"	"-"	""
"PPA0230"	388	"PANTHER"	"PTHR30258"	"TYPE II SECRETION SYSTEM PROTEIN GSPE-RELATED"	45	346	"9.2E-75"	"-"	"-"	""
"PPA0231"	256	"PANTHER"	"PTHR35007:SF4"	"INTEGRAL MEMBRANE PROTEIN-RELATED"	25	250	"2.6E-14"	"-"	"-"	""
"PPA0231"	256	"PANTHER"	"PTHR35007"	"INTEGRAL MEMBRANE PROTEIN-RELATED"	25	250	"2.6E-14"	"-"	"-"	""
"PPA0232"	236	"PANTHER"	"PTHR35007"	"INTEGRAL MEMBRANE PROTEIN-RELATED"	34	232	"4.3E-20"	"-"	"-"	""
"PPA0237"	754	"PANTHER"	"PTHR47957"	"ATP-DEPENDENT HELICASE HRQ1"	8	745	"0.0"	"-"	"-"	""
"PPA0237"	754	"PANTHER"	"PTHR47957:SF3"	"ATP-DEPENDENT HELICASE HRQ1"	8	745	"0.0"	"-"	"-"	""
"PPA0238"	505	"PANTHER"	"PTHR45875"	"METHYLTRANSFERASE N6AMT1"	165	285	"3.1E-20"	"-"	"-"	""
"PPA0238"	505	"PANTHER"	"PTHR45875:SF1"	"METHYLTRANSFERASE N6AMT1"	165	285	"3.1E-20"	"-"	"-"	""
"PPA0241"	929	"PANTHER"	"PTHR42785"	"DNA TOPOISOMERASE, TYPE IA, CORE"	3	819	"0.0"	"IPR000380"	"DNA topoisomerase, type IA"	"GO:0003677|GO:0003917|GO:0006265"
"PPA0241"	929	"PANTHER"	"PTHR42785"	"DNA TOPOISOMERASE, TYPE IA, CORE"	826	891	"0.0"	"IPR000380"	"DNA topoisomerase, type IA"	"GO:0003677|GO:0003917|GO:0006265"
"PPA0243"	228	"PANTHER"	"PTHR10344"	"THYMIDYLATE KINASE"	26	223	"3.8E-65"	"-"	"-"	""
"PPA0243"	228	"PANTHER"	"PTHR10344:SF4"	"THYMIDYLATE KINASE"	26	223	"3.8E-65"	"-"	"-"	""
"PPA0244"	399	"PANTHER"	"PTHR11669:SF8"	"DNA POLYMERASE III SUBUNIT DELTA'"	4	387	"2.9E-58"	"-"	"-"	""
"PPA0244"	399	"PANTHER"	"PTHR11669"	"REPLICATION FACTOR C / DNA POLYMERASE III GAMMA-TAU SUBUNIT"	4	387	"2.9E-58"	"-"	"-"	""
"PPA0245"	268	"PANTHER"	"PTHR33452"	"OXIDOREDUCTASE CATD-RELATED"	114	263	"2.5E-19"	"-"	"-"	""
"PPA0247"	560	"PANTHER"	"PTHR43487"	"TRIPEPTIDYL AMINOPEPTIDASE"	64	560	"5.7E-103"	"-"	"-"	""
"PPA0249"	558	"PANTHER"	"PTHR33361"	"-"	16	556	"3.7E-56"	"IPR010281"	"Protein of unknown function DUF885"	"-"
"PPA0250"	449	"PANTHER"	"PTHR43563"	"AMINE OXIDASE"	1	447	"1.6E-91"	"-"	"-"	""
"PPA0252"	155	"PANTHER"	"PTHR20935:SF1"	"BLR5857 PROTEIN"	1	138	"9.6E-14"	"-"	"-"	""
"PPA0252"	155	"PANTHER"	"PTHR20935"	"PHOSPHOGLYCERATE MUTASE-RELATED"	1	138	"9.6E-14"	"-"	"-"	""
"PPA0256"	210	"PANTHER"	"PTHR10286:SF0"	"SOLUBLE INORGANIC PYROPHOSPHATASE 2"	38	202	"2.9E-48"	"-"	"-"	""
"PPA0256"	210	"PANTHER"	"PTHR10286"	"INORGANIC PYROPHOSPHATASE"	38	202	"2.9E-48"	"IPR008162"	"Inorganic pyrophosphatase"	"GO:0000287|GO:0004427|GO:0005737|GO:0006796"
"PPA0257"	476	"PANTHER"	"PTHR30023"	"D-ALANYL-D-ALANINE CARBOXYPEPTIDASE"	77	250	"6.4E-75"	"IPR000667"	"Peptidase S13, D-Ala-D-Ala carboxypeptidase C"	"GO:0004185|GO:0006508"
"PPA0257"	476	"PANTHER"	"PTHR30023"	"D-ALANYL-D-ALANINE CARBOXYPEPTIDASE"	255	459	"6.4E-75"	"IPR000667"	"Peptidase S13, D-Ala-D-Ala carboxypeptidase C"	"GO:0004185|GO:0006508"
"PPA0258"	311	"PANTHER"	"PTHR43033"	"TRNA(ILE)-LYSIDINE SYNTHASE-RELATED"	16	232	"4.3E-38"	"IPR012094"	"tRNA(Ile)-lysidine synthase"	"GO:0000166|GO:0005524|GO:0008033|GO:0016879"
"PPA0259"	184	"PANTHER"	"PTHR43340:SF1"	"HYPOXANTHINE PHOSPHORIBOSYLTRANSFERASE"	9	183	"1.9E-54"	"-"	"-"	""
"PPA0259"	184	"PANTHER"	"PTHR43340"	"HYPOXANTHINE-GUANINE PHOSPHORIBOSYLTRANSFERASE"	9	183	"1.9E-54"	"-"	"-"	""
"PPA0260"	717	"PANTHER"	"PTHR23076"	"METALLOPROTEASE M41 FTSH"	92	608	"0.0"	"-"	"-"	""
"PPA0261"	191	"PANTHER"	"PTHR11109"	"GTP CYCLOHYDROLASE I"	8	188	"1.9E-67"	"IPR001474"	"GTP cyclohydrolase I"	"GO:0003934|GO:0046654"
"PPA0263"	368	"PANTHER"	"PTHR30128"	"OUTER MEMBRANE PROTEIN, OMPA-RELATED"	197	366	"4.3E-19"	"-"	"-"	""
"PPA0263"	368	"PANTHER"	"PTHR30128:SF54"	"OUTER MEMBRANE PORIN F"	197	366	"4.3E-19"	"-"	"-"	""
"PPA0271"	281	"PANTHER"	"PTHR20941"	"FOLATE SYNTHESIS PROTEINS"	8	276	"4.8E-95"	"IPR045031"	"Dihydropteroate synthase"	"GO:0004156|GO:0009396"
"PPA0272"	120	"PANTHER"	"PTHR42844:SF1"	"DIHYDRONEOPTERIN ALDOLASE 1-RELATED"	3	115	"5.5E-21"	"-"	"-"	""
"PPA0272"	120	"PANTHER"	"PTHR42844"	"DIHYDRONEOPTERIN ALDOLASE 1-RELATED"	3	115	"5.5E-21"	"IPR006156"	"Dihydroneopterin aldolase"	"GO:0004150|GO:0006760"
"PPA0273"	185	"PANTHER"	"PTHR43071:SF1"	"2-AMINO-4-HYDROXY-6-HYDROXYMETHYLDIHYDROPTERIDINE PYROPHOSPHOKINASE"	2	157	"3.8E-41"	"-"	"-"	""
"PPA0273"	185	"PANTHER"	"PTHR43071"	"2-AMINO-4-HYDROXY-6-HYDROXYMETHYLDIHYDROPTERIDINE PYROPHOSPHOKINASE"	2	157	"3.8E-41"	"-"	"-"	""
"PPA0276"	396	"PANTHER"	"PTHR11993"	"NADH-UBIQUINONE OXIDOREDUCTASE 49 KDA SUBUNIT"	35	395	"1.0E-64"	"IPR022885"	"NAD(P)H-quinone oxidoreductase subunit D/H"	"GO:0016651"
"PPA0276"	396	"PANTHER"	"PTHR11993:SF36"	"NADH-QUINONE OXIDOREDUCTASE SUBUNIT C/D"	35	395	"1.0E-64"	"-"	"-"	""
"PPA0278"	844	"PANTHER"	"PTHR11638:SF156"	"ATP-DEPENDENT CLP PROTEASE"	1	805	"0.0"	"-"	"-"	""
"PPA0278"	844	"PANTHER"	"PTHR11638"	"ATP-DEPENDENT CLP PROTEASE"	1	805	"0.0"	"-"	"-"	""
"PPA0282"	256	"PANTHER"	"PTHR30292"	"UNCHARACTERIZED PROTEIN YBGL-RELATED"	1	254	"5.4E-92"	"IPR005501"	"LamB/YcsF/PxpA-like"	"-"
"PPA0283"	206	"PANTHER"	"PTHR34698"	"5-OXOPROLINASE SUBUNIT B"	1	203	"1.2E-51"	"IPR010016"	"KipI family"	"-"
"PPA0284"	289	"PANTHER"	"PTHR43309"	"5-OXOPROLINASE SUBUNIT C"	5	285	"1.4E-67"	"-"	"-"	""
"PPA0285"	495	"PANTHER"	"PTHR42718"	"MAJOR FACILITATOR SUPERFAMILY MULTIDRUG TRANSPORTER MFSC"	2	490	"9.4E-111"	"-"	"-"	""
"PPA0286"	299	"PANTHER"	"PTHR11092"	"SUGAR NUCLEOTIDE EPIMERASE RELATED"	1	294	"1.5E-76"	"-"	"-"	""
"PPA0286"	299	"PANTHER"	"PTHR11092:SF0"	"EPIMERASE FAMILY PROTEIN SDR39U1"	1	294	"1.5E-76"	"-"	"-"	""
"PPA0287"	302	"PANTHER"	"PTHR43731:SF14"	"PRESENILINS-ASSOCIATED RHOMBOID-LIKE PROTEIN, MITOCHONDRIAL"	22	274	"7.5E-34"	"-"	"-"	""
"PPA0287"	302	"PANTHER"	"PTHR43731"	"RHOMBOID PROTEASE"	22	274	"7.5E-34"	"-"	"-"	""
"PPA0289"	218	"PANTHER"	"PTHR43214:SF35"	"TWO COMPONENT RESPONSE REGULATOR-RELATED"	4	209	"1.6E-48"	"-"	"-"	""
"PPA0289"	218	"PANTHER"	"PTHR43214"	"TWO-COMPONENT RESPONSE REGULATOR"	4	209	"1.6E-48"	"-"	"-"	""
"PPA0290"	410	"PANTHER"	"PTHR24421"	"NITRATE/NITRITE SENSOR PROTEIN NARX-RELATED"	63	409	"5.0E-36"	"-"	"-"	""
"PPA0292"	303	"PANTHER"	"PTHR30185:SF14"	"CRYPTIC BETA-GLUCOSIDE BGL OPERON ANTITERMINATOR-RELATED"	21	294	"3.9E-26"	"-"	"-"	""
"PPA0292"	303	"PANTHER"	"PTHR30185"	"CRYPTIC BETA-GLUCOSIDE BGL OPERON ANTITERMINATOR"	21	294	"3.9E-26"	"-"	"-"	""
"PPA0293"	157	"PANTHER"	"PTHR45008"	"PTS SYSTEM GLUCOSE-SPECIFIC EIIA COMPONENT"	14	147	"4.8E-47"	"-"	"-"	""
"PPA0294"	559	"PANTHER"	"PTHR30009"	"CYTOCHROME C-TYPE SYNTHESIS PROTEIN AND PTS TRANSMEMBRANE COMPONENT"	50	553	"0.0"	"-"	"-"	""
"PPA0294"	559	"PANTHER"	"PTHR30009:SF20"	"PTS SYSTEM GLUCOSE-SPECIFIC EIICB COMPONENT-RELATED"	50	553	"0.0"	"-"	"-"	""
"PPA0295"	439	"PANTHER"	"PTHR43791"	"PERMEASE-RELATED"	17	433	"2.8E-93"	"-"	"-"	""
"PPA0295"	439	"PANTHER"	"PTHR43791:SF90"	"4-HYDROXYPHENYLACETATE CATABOLISM PROTEIN"	17	433	"2.8E-93"	"-"	"-"	""
"PPA0296"	346	"PANTHER"	"PTHR30004:SF6"	"D-THREONATE 4-PHOSPHATE DEHYDROGENASE"	4	329	"1.3E-97"	"-"	"-"	""
"PPA0296"	346	"PANTHER"	"PTHR30004"	"4-HYDROXYTHREONINE-4-PHOSPHATE DEHYDROGENASE"	4	329	"1.3E-97"	"IPR005255"	"PdxA family"	"GO:0051287"
"PPA0298"	423	"PANTHER"	"PTHR30304"	"D-TAGATOSE-1,6-BISPHOSPHATE ALDOLASE"	1	413	"1.6E-59"	"-"	"-"	""
"PPA0298"	423	"PANTHER"	"PTHR30304:SF3"	"3-OXO-TETRONATE KINASE"	1	413	"1.6E-59"	"-"	"-"	""
"PPA0299"	309	"PANTHER"	"PTHR30363"	"HTH-TYPE TRANSCRIPTIONAL REGULATOR SRLR-RELATED"	49	259	"3.1E-28"	"-"	"-"	""
"PPA0299"	309	"PANTHER"	"PTHR30363:SF44"	"REGULATORY PROTEIN, DEOR FAMILY-RELATED"	49	259	"3.1E-28"	"-"	"-"	""
"PPA0300"	291	"PANTHER"	"PTHR42944"	"ADENINE DNA GLYCOSYLASE"	10	215	"1.5E-66"	"IPR044298"	"Adenine/Thymine-DNA glycosylase"	"GO:0006284|GO:0016798"
"PPA0301"	436	"PANTHER"	"PTHR43713"	"GLUTAMATE-1-SEMIALDEHYDE 2,1-AMINOMUTASE"	4	426	"0.0"	"-"	"-"	""
"PPA0302"	348	"PANTHER"	"PTHR11458"	"DELTA-AMINOLEVULINIC ACID DEHYDRATASE"	25	341	"7.5E-103"	"IPR001731"	"Delta-aminolevulinic acid dehydratase"	"GO:0004655|GO:0033014|GO:0046872"
"PPA0302"	348	"PANTHER"	"PTHR11458:SF1"	"DELTA-AMINOLEVULINIC ACID DEHYDRATASE"	25	341	"7.5E-103"	"-"	"-"	""
"PPA0303"	241	"PANTHER"	"PTHR38042"	"UROPORPHYRINOGEN-III SYNTHASE, CHLOROPLASTIC"	11	238	"2.0E-27"	"IPR039793"	"Uroporphyrinogen-III synthase"	"GO:0004852|GO:0006780"
"PPA0304"	366	"PANTHER"	"PTHR11557"	"PORPHOBILINOGEN DEAMINASE"	33	358	"8.3E-85"	"IPR000860"	"Porphobilinogen deaminase"	"GO:0004418|GO:0033014"
"PPA0304"	366	"PANTHER"	"PTHR11557:SF0"	"PORPHOBILINOGEN DEAMINASE"	33	358	"8.3E-85"	"-"	"-"	""
"PPA0305"	482	"PANTHER"	"PTHR42923"	"PROTOPORPHYRINOGEN OXIDASE"	16	481	"4.4E-14"	"-"	"-"	""
"PPA0305"	482	"PANTHER"	"PTHR42923:SF3"	"PROTOPORPHYRINOGEN OXIDASE"	16	481	"4.4E-14"	"-"	"-"	""
"PPA0306"	426	"PANTHER"	"PTHR21091"	"METHYLTETRAHYDROFOLATE:HOMOCYSTEINE METHYLTRANSFERASE RELATED"	76	425	"1.0E-110"	"-"	"-"	""
"PPA0306"	426	"PANTHER"	"PTHR21091:SF169"	"UROPORPHYRINOGEN DECARBOXYLASE"	76	425	"1.0E-110"	"-"	"-"	""
"PPA0307"	444	"PANTHER"	"PTHR43013"	"GLUTAMYL-TRNA REDUCTASE"	15	400	"9.3E-59"	"-"	"-"	""
"PPA0308"	683	"PANTHER"	"PTHR11108"	"FERROCHELATASE"	17	329	"2.9E-54"	"IPR001015"	"Ferrochelatase"	"GO:0004325|GO:0006783"
"PPA0308"	683	"PANTHER"	"PTHR11108:SF1"	"FERROCHELATASE, MITOCHONDRIAL"	17	329	"2.9E-54"	"-"	"-"	""
"PPA0311"	344	"PANTHER"	"PTHR34185"	"DIADENYLATE CYCLASE"	2	334	"1.3E-100"	"-"	"-"	""
"PPA0311"	344	"PANTHER"	"PTHR34185:SF3"	"DNA INTEGRITY SCANNING PROTEIN DISA"	2	334	"1.3E-100"	"-"	"-"	""
"PPA0312"	465	"PANTHER"	"PTHR32472"	"DNA REPAIR PROTEIN RADA"	9	453	"0.0"	"-"	"-"	""
"PPA0312"	465	"PANTHER"	"PTHR32472:SF10"	"DNA REPAIR PROTEIN RADA-LIKE PROTEIN"	9	453	"0.0"	"-"	"-"	""
"PPA0313"	548	"PANTHER"	"PTHR23406"	"MALIC ENZYME-RELATED"	8	545	"0.0"	"-"	"-"	""
"PPA0313"	548	"PANTHER"	"PTHR23406:SF34"	"MALIC ENZYME-RELATED"	8	545	"0.0"	"-"	"-"	""
"PPA0315"	295	"PANTHER"	"PTHR12110"	"HYDROXYPYRUVATE ISOMERASE"	20	277	"4.1E-52"	"-"	"-"	""
"PPA0315"	295	"PANTHER"	"PTHR12110:SF47"	"XYLOSE ISOMERASE DOMAIN PROTEIN TIM BARREL"	20	277	"4.1E-52"	"-"	"-"	""
"PPA0318"	437	"PANTHER"	"PTHR46278:SF2"	"DEHYDROGENASE, PUTATIVE-RELATED"	94	434	"4.5E-106"	"-"	"-"	""
"PPA0318"	437	"PANTHER"	"PTHR46278"	"DEHYDROGENASE, PUTATIVE-RELATED"	94	434	"4.5E-106"	"-"	"-"	""
"PPA0319"	263	"PANTHER"	"PTHR11645:SF0"	"PYRROLINE-5-CARBOXYLATE REDUCTASE 2"	3	262	"3.9E-69"	"-"	"-"	""
"PPA0319"	263	"PANTHER"	"PTHR11645"	"PYRROLINE-5-CARBOXYLATE REDUCTASE"	3	262	"3.9E-69"	"IPR000304"	"Pyrroline-5-carboxylate reductase"	"GO:0004735|GO:0006561"
"PPA0323"	571	"PANTHER"	"PTHR45790:SF3"	"UROPORPHYRINOGEN-III C-METHYLTRANSFERASE"	21	295	"6.4E-33"	"-"	"-"	""
"PPA0323"	571	"PANTHER"	"PTHR45790"	"SIROHEME SYNTHASE-RELATED"	21	295	"6.4E-33"	"-"	"-"	""
"PPA0324"	222	"PANTHER"	"PTHR48100"	"BROAD-SPECIFICITY PHOSPHATASE YOR283W-RELATED"	4	177	"1.4E-17"	"-"	"-"	""
"PPA0324"	222	"PANTHER"	"PTHR48100:SF36"	"ADENOSYLCOBALAMIN/ALPHA-RIBAZOLE PHOSPHATASE"	4	177	"1.4E-17"	"-"	"-"	""
"PPA0325"	189	"PANTHER"	"PTHR42852"	"THIOL:DISULFIDE INTERCHANGE PROTEIN DSBE"	48	187	"4.9E-25"	"-"	"-"	""
"PPA0326"	253	"PANTHER"	"PTHR31272"	"CYTOCHROME C-TYPE BIOGENESIS PROTEIN HI_1454-RELATED"	19	242	"3.5E-47"	"-"	"-"	""
"PPA0326"	253	"PANTHER"	"PTHR31272:SF4"	"CYTOCHROME C-TYPE BIOGENESIS PROTEIN HI_1454-RELATED"	19	242	"3.5E-47"	"-"	"-"	""
"PPA0327"	503	"PANTHER"	"PTHR31566"	"CYTOCHROME C BIOGENESIS PROTEIN CCS1, CHLOROPLASTIC"	2	456	"3.9E-61"	"IPR023494"	"Cytochrome c biogenesis protein Ccs1/CcsB/ResB"	"-"
"PPA0328"	293	"PANTHER"	"PTHR30071:SF17"	"CYTOCHROME C ASSEMBLY PROTEIN-RELATED"	8	293	"4.2E-60"	"-"	"-"	""
"PPA0328"	293	"PANTHER"	"PTHR30071"	"HEME EXPORTER PROTEIN C"	8	293	"4.2E-60"	"IPR045062"	"Cytochrome c-type biogenesis protein CcsA/CcmC"	"GO:0017004|GO:0020037"
"PPA0330"	264	"PANTHER"	"PTHR43131"	"DEHYDROGENASE"	11	255	"7.2E-61"	"-"	"-"	""
"PPA0333"	466	"PANTHER"	"PTHR43014"	"MERCURIC REDUCTASE"	2	456	"1.4E-92"	"-"	"-"	""
"PPA0334"	338	"PANTHER"	"PTHR30535"	"VITAMIN B12-BINDING PROTEIN"	14	334	"1.2E-37"	"-"	"-"	""
"PPA0335"	252	"PANTHER"	"PTHR42794"	"HEMIN IMPORT ATP-BINDING PROTEIN HMUV"	1	246	"1.5E-81"	"-"	"-"	""
"PPA0336"	341	"PANTHER"	"PTHR30472"	"FERRIC ENTEROBACTIN TRANSPORT SYSTEM PERMEASE PROTEIN"	13	338	"1.2E-81"	"IPR000522"	"ABC transporter, permease protein, BtuC-like"	"GO:0016020|GO:0022857"
"PPA0337"	295	"PANTHER"	"PTHR30157"	"FERRIC REDUCTASE, NADPH-DEPENDENT"	3	292	"9.6E-39"	"IPR039374"	"Siderophore-interacting protein"	"-"
"PPA0338"	258	"PANTHER"	"PTHR43423"	"ABC TRANSPORTER I FAMILY MEMBER 17"	6	258	"8.0E-97"	"IPR005670"	"Phosphate transport system permease protein 1"	"GO:0005315|GO:0016020|GO:0035435"
"PPA0338"	258	"PANTHER"	"PTHR43423:SF9"	"PHOSPHATE IMPORT ATP-BINDING PROTEIN PSTB 3"	6	258	"8.0E-97"	"-"	"-"	""
"PPA0339"	308	"PANTHER"	"PTHR42922"	"PHOSPHATE TRANSPORT SYSTEM PERMEASE PROTEIN PSTA"	25	302	"2.1E-80"	"-"	"-"	""
"PPA0340"	334	"PANTHER"	"PTHR30425"	"PHOSPHATE TRANSPORT SYSTEM PERMEASE PROTEIN PST"	12	330	"3.8E-68"	"-"	"-"	""
"PPA0340"	334	"PANTHER"	"PTHR30425:SF1"	"PHOSPHATE TRANSPORT SYSTEM PERMEASE PROTEIN PSTC"	12	330	"3.8E-68"	"-"	"-"	""
"PPA0341"	383	"PANTHER"	"PTHR42996"	"PHOSPHATE-BINDING PROTEIN PSTS"	32	376	"2.1E-74"	"-"	"-"	""
"PPA0342"	313	"PANTHER"	"PTHR21340:SF0"	"BIS(5'-NUCLEOSYL)-TETRAPHOSPHATASE [ASYMMETRICAL]"	9	146	"2.7E-19"	"-"	"-"	""
"PPA0342"	313	"PANTHER"	"PTHR21340"	"DIADENOSINE 5,5-P1,P4-TETRAPHOSPHATE PYROPHOSPHOHYDROLASE MUTT"	9	146	"2.7E-19"	"-"	"-"	""
"PPA0343"	701	"PANTHER"	"PTHR30218"	"POLYPHOSPHATE KINASE"	19	699	"0.0"	"IPR003414"	"Polyphosphate kinase"	"GO:0006799|GO:0008976|GO:0009358"
"PPA0344"	237	"PANTHER"	"PTHR48111:SF16"	"TRANSCRIPTIONAL REGULATORY PROTEIN GLNR"	37	235	"9.3E-55"	"-"	"-"	""
"PPA0344"	237	"PANTHER"	"PTHR48111"	"REGULATOR OF RPOS"	37	235	"9.3E-55"	"IPR039420"	"Transcriptional regulatory protein WalR-like"	"-"
"PPA0346"	145	"PANTHER"	"PTHR10472:SF5"	"D-AMINOACYL-TRNA DEACYLASE 1"	1	142	"1.2E-33"	"-"	"-"	""
"PPA0346"	145	"PANTHER"	"PTHR10472"	"D-TYROSYL-TRNA TYR  DEACYLASE"	1	142	"1.2E-33"	"IPR003732"	"D-aminoacyl-tRNA deacylase DTD"	"GO:0002161|GO:0005737|GO:0051499"
"PPA0347"	166	"PANTHER"	"PTHR15854:SF4"	"THAP DOMAIN-CONTAINING PROTEIN 4"	6	165	"1.7E-25"	"-"	"-"	""
"PPA0347"	166	"PANTHER"	"PTHR15854"	"THAP4 PROTEIN"	6	165	"1.7E-25"	"IPR045165"	"Nitrobindin family"	"-"
"PPA0348"	313	"PANTHER"	"PTHR22602"	"UNCHARACTERIZED"	36	281	"1.7E-20"	"IPR045179"	"YgfZ/GcvT"	"-"
"PPA0349"	461	"PANTHER"	"PTHR30576:SF0"	"UNDECAPRENYL-PHOSPHATE N-ACETYLGALACTOSAMINYL 1-PHOSPHATE TRANSFERASE-RELATED"	47	432	"3.1E-90"	"-"	"-"	""
"PPA0349"	461	"PANTHER"	"PTHR30576"	"COLANIC BIOSYNTHESIS UDP-GLUCOSE LIPID CARRIER TRANSFERASE"	47	432	"3.1E-90"	"-"	"-"	""
"PPA0350"	245	"PANTHER"	"PTHR24322"	"PKSB"	2	240	"6.3E-60"	"-"	"-"	""
"PPA0350"	245	"PANTHER"	"PTHR24322:SF736"	"PKSB"	2	240	"6.3E-60"	"-"	"-"	""
"PPA0351"	572	"PANTHER"	"PTHR46244"	"PHOSPHOENOLPYRUVATE-PROTEIN PHOSPHOTRANSFERASE"	14	559	"0.0"	"-"	"-"	""
"PPA0352"	88	"PANTHER"	"PTHR33705"	"PHOSPHOCARRIER PROTEIN HPR"	1	84	"8.5E-20"	"-"	"-"	""
"PPA0353"	270	"PANTHER"	"PTHR32125:SF4"	"2-C-METHYL-D-ERYTHRITOL 4-PHOSPHATE CYTIDYLYLTRANSFERASE, CHLOROPLASTIC"	11	233	"2.1E-46"	"-"	"-"	""
"PPA0353"	270	"PANTHER"	"PTHR32125"	"2-C-METHYL-D-ERYTHRITOL 4-PHOSPHATE CYTIDYLYLTRANSFERASE, CHLOROPLASTIC"	11	233	"2.1E-46"	"-"	"-"	""
"PPA0354"	168	"PANTHER"	"PTHR43181"	"2-C-METHYL-D-ERYTHRITOL 2,4-CYCLODIPHOSPHATE SYNTHASE, CHLOROPLASTIC"	2	157	"2.2E-39"	"IPR003526"	"2-C-methyl-D-erythritol 2,4-cyclodiphosphate synthase"	"GO:0008685|GO:0016114"
"PPA0354"	168	"PANTHER"	"PTHR43181:SF1"	"2-C-METHYL-D-ERYTHRITOL 2,4-CYCLODIPHOSPHATE SYNTHASE, CHLOROPLASTIC"	2	157	"2.2E-39"	"-"	"-"	""
"PPA0355"	134	"PANTHER"	"PTHR40398"	"PTS SYSTEM GLUCITOL/SORBITOL-SPECIFIC EIIA COMPONENT"	7	128	"1.0E-22"	"IPR004716"	"Phosphotransferase system, glucitol/sorbitol-specific IIA component"	"GO:0005737|GO:0008982|GO:0009401"
"PPA0357"	161	"PANTHER"	"PTHR38447"	"TRANSCRIPTION FACTOR YDEB-RELATED"	2	161	"4.8E-51"	"-"	"-"	""
"PPA0359"	226	"PANTHER"	"PTHR48111"	"REGULATOR OF RPOS"	1	224	"1.0E-78"	"IPR039420"	"Transcriptional regulatory protein WalR-like"	"-"
"PPA0359"	226	"PANTHER"	"PTHR48111:SF45"	"SENSORY TRANSDUCTION PROTEIN REGX3"	1	224	"1.0E-78"	"-"	"-"	""
"PPA0360"	393	"PANTHER"	"PTHR45453"	"PHOSPHATE REGULON SENSOR PROTEIN PHOR"	125	382	"3.8E-62"	"-"	"-"	""
"PPA0361"	248	"PANTHER"	"PTHR42930:SF3"	"PHOSPHATE-SPECIFIC TRANSPORT SYSTEM ACCESSORY PROTEIN PHOU"	27	238	"5.1E-50"	"-"	"-"	""
"PPA0361"	248	"PANTHER"	"PTHR42930"	"PHOSPHATE-SPECIFIC TRANSPORT SYSTEM ACCESSORY PROTEIN PHOU"	27	238	"5.1E-50"	"IPR028366"	"Phosphate transport system protein PhoU"	"GO:0030643|GO:0045936"
"PPA0363"	356	"PANTHER"	"PTHR10587:SF125"	"POLYSACCHARIDE DEACETYLASE YHEN-RELATED"	143	355	"2.4E-34"	"-"	"-"	""
"PPA0363"	356	"PANTHER"	"PTHR10587"	"GLYCOSYL TRANSFERASE-RELATED"	143	355	"2.4E-34"	"-"	"-"	""
"PPA0364"	249	"PANTHER"	"PTHR11931"	"PHOSPHOGLYCERATE MUTASE"	3	243	"9.9E-89"	"IPR005952"	"Phosphoglycerate mutase 1"	"GO:0004619|GO:0006096|GO:0016868"
"PPA0365"	152	"PANTHER"	"PTHR47738"	"PTS SYSTEM FRUCTOSE-LIKE EIIA COMPONENT-RELATED"	7	134	"1.2E-22"	"-"	"-"	""
"PPA0365"	152	"PANTHER"	"PTHR47738:SF3"	"SUGAR PHOSPHOTRANSFERASE SYSTEM, EIIA 2, PUTATIVE-RELATED"	7	134	"1.2E-22"	"-"	"-"	""
"PPA0367"	331	"PANTHER"	"PTHR11707"	"L-ASPARAGINASE"	5	330	"5.1E-86"	"-"	"-"	""
"PPA0368"	482	"PANTHER"	"PTHR43495:SF1"	"L-ASPARAGINE PERMEASE"	11	467	"0.0"	"-"	"-"	""
"PPA0368"	482	"PANTHER"	"PTHR43495"	"GABA PERMEASE"	11	467	"0.0"	"-"	"-"	""
"PPA0369"	491	"PANTHER"	"PTHR11680:SF28"	"SERINE HYDROXYMETHYLTRANSFERASE, MITOCHONDRIAL"	24	483	"0.0"	"-"	"-"	""
"PPA0369"	491	"PANTHER"	"PTHR11680"	"SERINE HYDROXYMETHYLTRANSFERASE"	24	483	"0.0"	"IPR001085"	"Serine hydroxymethyltransferase"	"GO:0004372|GO:0019264|GO:0030170|GO:0035999"
"PPA0370"	366	"PANTHER"	"PTHR43320:SF2"	"2-DEHYDRO-3-DEOXYGLUCONOKINASE"	12	365	"6.3E-62"	"-"	"-"	""
"PPA0370"	366	"PANTHER"	"PTHR43320"	"SUGAR KINASE"	12	365	"6.3E-62"	"-"	"-"	""
"PPA0371"	215	"PANTHER"	"PTHR30246"	"2-KETO-3-DEOXY-6-PHOSPHOGLUCONATE ALDOLASE"	3	210	"4.8E-59"	"IPR000887"	"KDPG/KHG aldolase"	"GO:0016829"
"PPA0372"	258	"PANTHER"	"PTHR42760"	"SHORT-CHAIN DEHYDROGENASES/REDUCTASES FAMILY MEMBER"	2	254	"7.0E-57"	"-"	"-"	""
"PPA0377"	235	"PANTHER"	"PTHR12110:SF27"	"BLR2842 PROTEIN"	3	230	"1.4E-53"	"-"	"-"	""
"PPA0377"	235	"PANTHER"	"PTHR12110"	"HYDROXYPYRUVATE ISOMERASE"	3	230	"1.4E-53"	"-"	"-"	""
"PPA0378"	274	"PANTHER"	"PTHR42840"	"NAD(P)-BINDING ROSSMANN-FOLD SUPERFAMILY PROTEIN-RELATED"	2	184	"4.8E-61"	"-"	"-"	""
"PPA0378"	274	"PANTHER"	"PTHR42840:SF8"	"OXIDOREDUCTASE-RELATED"	2	184	"4.8E-61"	"-"	"-"	""
"PPA0379"	101	"PANTHER"	"PTHR10996:SF253"	"DEHYDROGENASE-RELATED"	1	87	"5.8E-23"	"-"	"-"	""
"PPA0379"	101	"PANTHER"	"PTHR10996"	"2-HYDROXYACID DEHYDROGENASE-RELATED"	1	87	"5.8E-23"	"-"	"-"	""
"PPA0380"	813	"PANTHER"	"PTHR38481"	"HYALURONATE LYASE"	9	697	"5.7E-72"	"IPR038970"	"Polysaccharide lyase 8"	"GO:0016829"
"PPA0381"	290	"PANTHER"	"PTHR35339"	"-"	55	268	"1.4E-46"	"IPR016624"	"Uncharacterised conserved protein UCP014753"	"-"
"PPA0382"	290	"PANTHER"	"PTHR35339:SF4"	"-"	50	232	"1.8E-24"	"-"	"-"	""
"PPA0382"	290	"PANTHER"	"PTHR35339"	"-"	50	232	"1.8E-24"	"IPR016624"	"Uncharacterised conserved protein UCP014753"	"-"
"PPA0383"	318	"PANTHER"	"PTHR46429:SF1"	"23S RRNA (GUANOSINE-2'-O-)-METHYLTRANSFERASE RLMB"	71	313	"1.1E-77"	"-"	"-"	""
"PPA0383"	318	"PANTHER"	"PTHR46429"	"-"	71	313	"1.1E-77"	"IPR004441"	"RNA methyltransferase TrmH family"	"GO:0006396|GO:0008173"
"PPA0384"	490	"PANTHER"	"PTHR10890:SF30"	"CYSTEINE--TRNA LIGASE"	13	488	"0.0"	"-"	"-"	""
"PPA0384"	490	"PANTHER"	"PTHR10890"	"CYSTEINYL-TRNA SYNTHETASE"	13	488	"0.0"	"IPR024909"	"Cysteinyl-tRNA synthetase/mycothiol ligase"	"-"
"PPA0387"	172	"PANTHER"	"PTHR34297:SF3"	"ALKALINE SHOCK PROTEIN 23"	21	160	"5.1E-33"	"-"	"-"	""
"PPA0387"	172	"PANTHER"	"PTHR34297"	"HYPOTHETICAL CYTOSOLIC PROTEIN-RELATED"	21	160	"5.1E-33"	"IPR005531"	"Alkaline shock protein Asp23"	"-"
"PPA0392"	191	"PANTHER"	"PTHR43133"	"RNA POLYMERASE ECF-TYPE SIGMA FACTO"	18	188	"2.5E-36"	"IPR039425"	"RNA polymerase sigma-70 like"	"-"
"PPA0395"	439	"PANTHER"	"PTHR43875"	"MALTODEXTRIN IMPORT ATP-BINDING PROTEIN MSMX"	74	438	"0.0"	"-"	"-"	""
"PPA0396"	478	"PANTHER"	"PTHR30182"	"L-SERINE DEHYDRATASE"	4	474	"0.0"	"-"	"-"	""
"PPA0396"	478	"PANTHER"	"PTHR30182:SF1"	"L-SERINE DEHYDRATASE 1"	4	474	"0.0"	"-"	"-"	""
"PPA0397"	769	"PANTHER"	"PTHR43377"	"BILIVERDIN REDUCTASE A"	609	746	"1.3E-49"	"-"	"-"	""
"PPA0397"	769	"PANTHER"	"PTHR43377"	"BILIVERDIN REDUCTASE A"	379	590	"1.3E-49"	"-"	"-"	""
"PPA0397"	769	"PANTHER"	"PTHR43377:SF2"	"ZGC:154075"	609	746	"1.3E-49"	"-"	"-"	""
"PPA0397"	769	"PANTHER"	"PTHR43377:SF2"	"ZGC:154075"	379	590	"1.3E-49"	"-"	"-"	""
"PPA0398"	430	"PANTHER"	"PTHR43649"	"ARABINOSE-BINDING PROTEIN-RELATED"	5	424	"2.2E-55"	"-"	"-"	""
"PPA0399"	318	"PANTHER"	"PTHR30193"	"ABC TRANSPORTER PERMEASE PROTEIN"	25	317	"6.3E-83"	"-"	"-"	""
"PPA0400"	293	"PANTHER"	"PTHR43744"	"ABC TRANSPORTER PERMEASE PROTEIN MG189-RELATED-RELATED"	24	293	"5.5E-92"	"-"	"-"	""
"PPA0402"	345	"PANTHER"	"PTHR43401"	"L-THREONINE 3-DEHYDROGENASE"	1	341	"8.3E-106"	"-"	"-"	""
"PPA0403"	398	"PANTHER"	"PTHR13693:SF90"	"2-AMINO-3-KETOBUTYRATE COENZYME A LIGASE"	1	396	"0.0"	"-"	"-"	""
"PPA0403"	398	"PANTHER"	"PTHR13693"	"CLASS II AMINOTRANSFERASE/8-AMINO-7-OXONONANOATE SYNTHASE"	1	396	"0.0"	"-"	"-"	""
"PPA0404"	307	"PANTHER"	"PTHR30177:SF4"	"GLYCINE BETAINE UPTAKE SYSTEM PERMEASE PROTEIN YEHW"	37	305	"3.8E-40"	"-"	"-"	""
"PPA0404"	307	"PANTHER"	"PTHR30177"	"GLYCINE BETAINE/L-PROLINE TRANSPORT SYSTEM PERMEASE PROTEIN PROW"	37	305	"3.8E-40"	"-"	"-"	""
"PPA0405"	231	"PANTHER"	"PTHR30151"	"ALKANE SULFONATE ABC TRANSPORTER-RELATED, MEMBRANE SUBUNIT"	5	223	"9.8E-43"	"-"	"-"	""
"PPA0405"	231	"PANTHER"	"PTHR30151:SF23"	"OSMOPROTECTANT IMPORT PERMEASE PROTEIN OSMY"	5	223	"9.8E-43"	"-"	"-"	""
"PPA0406"	215	"PANTHER"	"PTHR30151"	"ALKANE SULFONATE ABC TRANSPORTER-RELATED, MEMBRANE SUBUNIT"	8	213	"4.0E-44"	"-"	"-"	""
"PPA0406"	215	"PANTHER"	"PTHR30151:SF23"	"OSMOPROTECTANT IMPORT PERMEASE PROTEIN OSMY"	8	213	"4.0E-44"	"-"	"-"	""
"PPA0407"	278	"PANTHER"	"PTHR43117"	"OSMOPROTECTANT IMPORT ATP-BINDING PROTEIN OSMV"	1	243	"7.8E-85"	"-"	"-"	""
"PPA0408"	266	"PANTHER"	"PTHR42709"	"ALKALINE PHOSPHATASE LIKE PROTEIN"	104	264	"4.6E-14"	"-"	"-"	""
"PPA0409"	123	"PANTHER"	"PTHR36849"	"CYTOPLASMIC PROTEIN-RELATED"	19	120	"4.9E-30"	"-"	"-"	""
"PPA0410"	223	"PANTHER"	"PTHR11106:SF27"	"POLY [ADP-RIBOSE] POLYMERASE"	56	208	"3.0E-49"	"-"	"-"	""
"PPA0410"	223	"PANTHER"	"PTHR11106"	"GANGLIOSIDE INDUCED DIFFERENTIATION ASSOCIATED PROTEIN 2-RELATED"	56	208	"3.0E-49"	"-"	"-"	""
"PPA0411"	338	"PANTHER"	"PTHR43205"	"PROSTAGLANDIN REDUCTASE"	9	337	"1.0E-95"	"IPR045010"	"Medium-chain dehydrogenase/reductase"	"GO:0016628"
"PPA0411"	338	"PANTHER"	"PTHR43205:SF7"	"PROSTAGLANDIN REDUCTASE 1"	9	337	"1.0E-95"	"-"	"-"	""
"PPA0412"	337	"PANTHER"	"PTHR24220:SF364"	"DRUG RESISTANCE ABC TRANSPORTER,ATP-BINDING PROTEIN-RELATED"	23	326	"1.1E-71"	"-"	"-"	""
"PPA0412"	337	"PANTHER"	"PTHR24220"	"IMPORT ATP-BINDING PROTEIN"	23	326	"1.1E-71"	"-"	"-"	""
"PPA0415"	388	"PANTHER"	"PTHR24421"	"NITRATE/NITRITE SENSOR PROTEIN NARX-RELATED"	35	386	"1.1E-47"	"-"	"-"	""
"PPA0415"	388	"PANTHER"	"PTHR24421:SF50"	"SENSOR HISTIDINE KINASE DESK"	35	386	"1.1E-47"	"-"	"-"	""
"PPA0416"	206	"PANTHER"	"PTHR43214"	"TWO-COMPONENT RESPONSE REGULATOR"	2	206	"6.6E-44"	"-"	"-"	""
"PPA0416"	206	"PANTHER"	"PTHR43214:SF24"	"NITRATE/NITRITE RESPONSE REGULATOR PROTEIN NARL"	2	206	"6.6E-44"	"-"	"-"	""
"PPA0417"	235	"PANTHER"	"PTHR48100"	"BROAD-SPECIFICITY PHOSPHATASE YOR283W-RELATED"	48	202	"7.6E-27"	"-"	"-"	""
"PPA0417"	235	"PANTHER"	"PTHR48100:SF34"	"BROAD-SPECIFICITY PHOSPHATASE YOR283W"	48	202	"7.6E-27"	"-"	"-"	""
"PPA0418"	342	"PANTHER"	"PTHR34308"	"COBALAMIN BIOSYNTHESIS PROTEIN CBIB"	16	316	"5.7E-76"	"IPR004485"	"Cobalamin biosynthesis CobD/CbiB"	"GO:0009236|GO:0016021|GO:0048472"
"PPA0419"	484	"PANTHER"	"PTHR21343:SF1"	"COBYRIC ACID SYNTHASE"	3	483	"0.0"	"IPR004459"	"Cobyric acid synthase CobQ"	"GO:0003824|GO:0009236"
"PPA0419"	484	"PANTHER"	"PTHR21343"	"DETHIOBIOTIN SYNTHETASE"	3	483	"0.0"	"-"	"-"	""
"PPA0420"	251	"PANTHER"	"PTHR43467"	"COBALT-PRECORRIN-2 C(20)-METHYLTRANSFERASE"	7	244	"1.6E-52"	"-"	"-"	""
"PPA0421"	323	"PANTHER"	"PTHR45790:SF4"	"COBALT-PRECORRIN-4 C(11)-METHYLTRANSFERASE"	42	294	"6.0E-86"	"-"	"-"	""
"PPA0421"	323	"PANTHER"	"PTHR45790"	"SIROHEME SYNTHASE-RELATED"	42	294	"6.0E-86"	"-"	"-"	""
"PPA0422"	856	"PANTHER"	"PTHR47036"	"COBALT-FACTOR III C(17)-METHYLTRANSFERASE-RELATED"	558	808	"8.2E-87"	"-"	"-"	""
"PPA0423"	422	"PANTHER"	"PTHR33542"	"SIROHYDROCHLORIN FERROCHELATASE, CHLOROPLASTIC"	9	234	"8.4E-36"	"-"	"-"	""
"PPA0423"	422	"PANTHER"	"PTHR33542"	"SIROHYDROCHLORIN FERROCHELATASE, CHLOROPLASTIC"	182	279	"8.4E-36"	"-"	"-"	""
"PPA0425"	354	"PANTHER"	"PTHR30472:SF67"	"PERMEASE OF ABC TRANSPORTER-RELATED"	10	346	"1.6E-99"	"-"	"-"	""
"PPA0425"	354	"PANTHER"	"PTHR30472"	"FERRIC ENTEROBACTIN TRANSPORT SYSTEM PERMEASE PROTEIN"	10	346	"1.6E-99"	"IPR000522"	"ABC transporter, permease protein, BtuC-like"	"GO:0016020|GO:0022857"
"PPA0426"	263	"PANTHER"	"PTHR42794"	"HEMIN IMPORT ATP-BINDING PROTEIN HMUV"	4	254	"6.1E-71"	"-"	"-"	""
"PPA0427"	356	"PANTHER"	"PTHR30535:SF7"	"IRON(III) DICITRATE-BINDING PROTEIN-RELATED"	9	329	"3.2E-59"	"-"	"-"	""
"PPA0427"	356	"PANTHER"	"PTHR30535"	"VITAMIN B12-BINDING PROTEIN"	9	329	"3.2E-59"	"-"	"-"	""
"PPA0428"	408	"PANTHER"	"PTHR43566"	"CONSERVED PROTEIN"	1	407	"2.6E-98"	"-"	"-"	""
"PPA0428"	408	"PANTHER"	"PTHR43566:SF2"	"CONSERVED PROTEIN"	1	407	"2.6E-98"	"-"	"-"	""
"PPA0429"	217	"PANTHER"	"PTHR43588"	"COBALT-PRECORRIN-8 METHYLMUTASE"	1	209	"2.7E-59"	"-"	"-"	""
"PPA0430"	227	"PANTHER"	"PTHR43627"	"-"	1	220	"4.4E-79"	"IPR018024"	"Cobalamin (vitamin B12) transport protein CbiM"	"GO:0006824|GO:0009236|GO:0016021|GO:0043190"
"PPA0432"	144	"PANTHER"	"PTHR38662"	"-"	24	116	"3.6E-19"	"IPR003705"	"Cobalt transport protein CbiN"	"GO:0006824|GO:0009236|GO:0015087|GO:0016020"
"PPA0433"	281	"PANTHER"	"PTHR43723"	"COBALT TRANSPORT PROTEIN CBIQ"	1	274	"7.2E-36"	"-"	"-"	""
"PPA0434"	278	"PANTHER"	"PTHR43553"	"HEAVY METAL TRANSPORTER"	16	246	"2.4E-85"	"-"	"-"	""
"PPA0434"	278	"PANTHER"	"PTHR43553:SF15"	"ABC TRANSPORTER ATP-BINDING PROTEIN SCO5958-RELATED"	16	246	"2.4E-85"	"-"	"-"	""
"PPA0436"	198	"PANTHER"	"PTHR43182"	"COBALT-PRECORRIN-6B C(15)-METHYLTRANSFERASE (DECARBOXYLATING)"	12	197	"4.1E-41"	"-"	"-"	""
"PPA0436"	198	"PANTHER"	"PTHR43182:SF1"	"COBALT-PRECORRIN-6B C(15)-METHYLTRANSFERASE (DECARBOXYLATING)"	12	197	"4.1E-41"	"-"	"-"	""
"PPA0437"	204	"PANTHER"	"PTHR46638"	"CORRINOID ADENOSYLTRANSFERASE"	12	204	"3.7E-57"	"-"	"-"	""
"PPA0438"	807	"PANTHER"	"PTHR43873"	"COBYRINATE A,C-DIAMIDE SYNTHASE"	4	459	"2.6E-118"	"IPR004484"	"Cobyrinic acid a,c-diamide synthase CbiA"	"GO:0042242"
"PPA0439"	258	"PANTHER"	"PTHR45790"	"SIROHEME SYNTHASE-RELATED"	9	245	"7.6E-82"	"-"	"-"	""
"PPA0440"	346	"PANTHER"	"PTHR36925"	"COBALT-PRECORRIN-6A REDUCTASE"	97	339	"1.2E-44"	"IPR003723"	"Precorrin-6x reductase"	"GO:0009236|GO:0016994"
"PPA0441"	555	"PANTHER"	"PTHR43463"	"NICOTINATE-NUCLEOTIDE--DIMETHYLBENZIMIDAZOLE PHOSPHORIBOSYLTRANSFERASE"	12	357	"3.5E-108"	"-"	"-"	""
"PPA0442"	295	"PANTHER"	"PTHR34148"	"ADENOSYLCOBINAMIDE-GDP RIBAZOLETRANSFERASE"	32	289	"9.6E-38"	"IPR003805"	"Adenosylcobinamide-GDP ribazoletransferase"	"GO:0008818|GO:0051073"
"PPA0443"	254	"PANTHER"	"PTHR30535:SF35"	"PERIPLASMIC BINDING PROTEIN"	2	254	"1.1E-70"	"-"	"-"	""
"PPA0443"	254	"PANTHER"	"PTHR30535"	"VITAMIN B12-BINDING PROTEIN"	2	254	"1.1E-70"	"-"	"-"	""
"PPA0446"	529	"PANTHER"	"PTHR33843"	"ASCORBATE-SPECIFIC PTS SYSTEM EIIC COMPONENT"	7	464	"0.0"	"-"	"-"	""
"PPA0446"	529	"PANTHER"	"PTHR33843:SF4"	"INNER MEMBRANE PROTEIN-RELATED"	7	464	"0.0"	"-"	"-"	""
"PPA0447"	309	"PANTHER"	"PTHR36203"	"ASCORBATE-SPECIFIC PTS SYSTEM EIIA COMPONENT"	59	205	"3.1E-43"	"-"	"-"	""
"PPA0447"	309	"PANTHER"	"PTHR36203:SF2"	"POSSIBLE SUGAR-TRANSPORT PROTEIN"	59	205	"3.1E-43"	"-"	"-"	""
"PPA0450"	160	"PANTHER"	"PTHR35799"	"S-RIBOSYLHOMOCYSTEINE LYASE"	11	158	"1.7E-55"	"IPR003815"	"S-ribosylhomocysteinase (LuxS)"	"GO:0005506|GO:0009372|GO:0043768"
"PPA0451"	393	"PANTHER"	"PTHR10309"	"MANNOSE-6-PHOSPHATE ISOMERASE"	2	381	"1.5E-64"	"IPR016305"	"Mannose-6-phosphate isomerase"	"GO:0004476|GO:0009298"
"PPA0453"	544	"PANTHER"	"PTHR45633"	"60 KDA HEAT SHOCK PROTEIN, MITOCHONDRIAL"	1	543	"0.0"	"-"	"-"	""
"PPA0453"	544	"PANTHER"	"PTHR45633:SF41"	"60 KDA CHAPERONIN 2"	1	543	"0.0"	"-"	"-"	""
"PPA0454"	358	"PANTHER"	"PTHR10683"	"TRANSALDOLASE"	11	280	"9.7E-28"	"IPR001585"	"Transaldolase/Fructose-6-phosphate aldolase"	"GO:0005975"
"PPA0455"	247	"PANTHER"	"PTHR44846:SF1"	"MANNOSYL-D-GLYCERATE TRANSPORT/METABOLISM SYSTEM REPRESSOR MNGR-RELATED"	11	242	"2.8E-55"	"-"	"-"	""
"PPA0455"	247	"PANTHER"	"PTHR44846"	"-"	11	242	"2.8E-55"	"-"	"-"	""
"PPA0456"	329	"PANTHER"	"PTHR43085"	"HEXOKINASE FAMILY MEMBER"	9	307	"1.0E-61"	"-"	"-"	""
"PPA0456"	329	"PANTHER"	"PTHR43085:SF42"	"1-PHOSPHOFRUCTOKINASE"	9	307	"1.0E-61"	"-"	"-"	""
"PPA0458"	290	"PANTHER"	"PTHR39193"	"5-DEOXY-GLUCURONATE ISOMERASE"	1	271	"1.1E-65"	"IPR024203"	"5-deoxy-glucuronate isomerase, IolB"	"GO:0008880|GO:0019310"
"PPA0459"	632	"PANTHER"	"PTHR18968:SF9"	"3D-(3,5/4)-TRIHYDROXYCYCLOHEXANE-1,2-DIONE HYDROLASE"	1	395	"0.0"	"IPR030817"	"3,5/4-Trihydroxycyclohexa-1,2-dione hydrolase"	"GO:0016823|GO:0019310|GO:0030976"
"PPA0459"	632	"PANTHER"	"PTHR18968:SF9"	"3D-(3,5/4)-TRIHYDROXYCYCLOHEXANE-1,2-DIONE HYDROLASE"	401	629	"0.0"	"IPR030817"	"3,5/4-Trihydroxycyclohexa-1,2-dione hydrolase"	"GO:0016823|GO:0019310|GO:0030976"
"PPA0459"	632	"PANTHER"	"PTHR18968"	"THIAMINE PYROPHOSPHATE ENZYMES"	401	629	"0.0"	"IPR045229"	"Thiamine pyrophosphate enzyme"	"-"
"PPA0459"	632	"PANTHER"	"PTHR18968"	"THIAMINE PYROPHOSPHATE ENZYMES"	1	395	"0.0"	"IPR045229"	"Thiamine pyrophosphate enzyme"	"-"
"PPA0461"	497	"PANTHER"	"PTHR43866:SF4"	"MALONATE-SEMIALDEHYDE DEHYDROGENASE"	2	495	"0.0"	"-"	"-"	""
"PPA0461"	497	"PANTHER"	"PTHR43866"	"MALONATE-SEMIALDEHYDE DEHYDROGENASE"	2	495	"0.0"	"IPR010061"	"Methylmalonate-semialdehyde dehydrogenase"	"GO:0004491"
"PPA0462"	326	"PANTHER"	"PTHR30146"	"LACI-RELATED TRANSCRIPTIONAL REPRESSOR"	1	324	"2.0E-49"	"-"	"-"	""
"PPA0462"	326	"PANTHER"	"PTHR30146:SF109"	"HTH-TYPE TRANSCRIPTIONAL REGULATOR MALR"	1	324	"2.0E-49"	"-"	"-"	""
"PPA0463"	404	"PANTHER"	"PTHR43818"	"BCDNA.GH03377"	11	398	"3.2E-57"	"-"	"-"	""
"PPA0463"	404	"PANTHER"	"PTHR43818:SF11"	"BCDNA.GH03377"	11	398	"3.2E-57"	"-"	"-"	""
"PPA0464"	332	"PANTHER"	"PTHR12110:SF42"	"PROTEIN IOLH"	1	309	"6.1E-34"	"-"	"-"	""
"PPA0464"	332	"PANTHER"	"PTHR12110"	"HYDROXYPYRUVATE ISOMERASE"	1	309	"6.1E-34"	"-"	"-"	""
"PPA0465"	288	"PANTHER"	"PTHR12110:SF42"	"PROTEIN IOLH"	3	285	"1.3E-40"	"-"	"-"	""
"PPA0465"	288	"PANTHER"	"PTHR12110"	"HYDROXYPYRUVATE ISOMERASE"	3	285	"1.3E-40"	"-"	"-"	""
"PPA0466"	403	"PANTHER"	"PTHR43818"	"BCDNA.GH03377"	7	392	"1.5E-53"	"-"	"-"	""
"PPA0467"	548	"PANTHER"	"PTHR48023:SF4"	"D-XYLOSE-PROTON SYMPORTER-LIKE 2"	231	545	"4.5E-103"	"-"	"-"	""
"PPA0467"	548	"PANTHER"	"PTHR48023:SF4"	"D-XYLOSE-PROTON SYMPORTER-LIKE 2"	31	186	"4.5E-103"	"-"	"-"	""
"PPA0467"	548	"PANTHER"	"PTHR48023"	"D-XYLOSE-PROTON SYMPORTER-LIKE 2"	31	186	"4.5E-103"	"-"	"-"	""
"PPA0467"	548	"PANTHER"	"PTHR48023"	"D-XYLOSE-PROTON SYMPORTER-LIKE 2"	231	545	"4.5E-103"	"-"	"-"	""
"PPA0468"	287	"PANTHER"	"PTHR12110"	"HYDROXYPYRUVATE ISOMERASE"	12	285	"7.1E-25"	"-"	"-"	""
"PPA0469"	355	"PANTHER"	"PTHR42840:SF12"	"OXIDOREDUCTASE"	3	354	"3.9E-87"	"-"	"-"	""
"PPA0469"	355	"PANTHER"	"PTHR42840"	"NAD(P)-BINDING ROSSMANN-FOLD SUPERFAMILY PROTEIN-RELATED"	3	354	"3.9E-87"	"-"	"-"	""
"PPA0470"	360	"PANTHER"	"PTHR39430"	"MEMBRANE-ASSOCIATED PROTEASE-RELATED"	87	347	"3.0E-49"	"-"	"-"	""
"PPA0471"	231	"PANTHER"	"PTHR12598"	"COPPER HOMEOSTASIS PROTEIN CUTC"	3	227	"2.0E-30"	"IPR005627"	"Copper homeostasis protein CutC"	"-"
"PPA0472"	334	"PANTHER"	"PTHR35333"	"BETA-LACTAMASE"	64	288	"6.3E-14"	"IPR000871"	"Beta-lactamase, class-A"	"GO:0008800|GO:0030655|GO:0046677"
"PPA0473"	694	"PANTHER"	"PTHR11274"	"RAD25/XP-B DNA REPAIR HELICASE"	149	683	"7.7E-113"	"-"	"-"	""
"PPA0476"	261	"PANTHER"	"PTHR11280:SF5"	"GLUCOSAMINE-6-PHOSPHATE ISOMERASE"	1	247	"7.4E-78"	"-"	"-"	""
"PPA0476"	261	"PANTHER"	"PTHR11280"	"GLUCOSAMINE-6-PHOSPHATE ISOMERASE"	1	247	"7.4E-78"	"IPR004547"	"Glucosamine-6-phosphate isomerase"	"GO:0004342|GO:0006044"
"PPA0477"	127	"PANTHER"	"PTHR11544:SF124"	"COLD SHOCK-LIKE PROTEIN B CSPB-RELATED"	1	126	"4.0E-40"	"-"	"-"	""
"PPA0477"	127	"PANTHER"	"PTHR11544"	"COLD SHOCK DOMAIN CONTAINING PROTEINS"	1	126	"4.0E-40"	"-"	"-"	""
"PPA0480"	503	"PANTHER"	"PTHR43337:SF1"	"XANTHINE/URACIL PERMEASE C887.17-RELATED"	4	492	"2.7E-110"	"-"	"-"	""
"PPA0480"	503	"PANTHER"	"PTHR43337"	"XANTHINE/URACIL PERMEASE C887.17-RELATED"	4	492	"2.7E-110"	"IPR045018"	"Azaguanine-like transporters"	"GO:0015205"
"PPA0483"	372	"PANTHER"	"PTHR21152"	"AMINOTRANSFERASE CLASS V"	11	369	"9.9E-40"	"-"	"-"	""
"PPA0484"	376	"PANTHER"	"PTHR11113"	"N-ACETYLGLUCOSAMINE-6-PHOSPHATE DEACETYLASE"	22	375	"3.8E-72"	"-"	"-"	""
"PPA0484"	376	"PANTHER"	"PTHR11113:SF14"	"N-ACETYLGLUCOSAMINE-6-PHOSPHATE DEACETYLASE"	22	375	"3.8E-72"	"IPR003764"	"N-acetylglucosamine-6-phosphate deacetylase"	"GO:0006044|GO:0008448"
"PPA0485"	232	"PANTHER"	"PTHR33238"	"IRON (METAL) DEPENDENT REPRESSOR, DTXR FAMILY"	3	230	"9.8E-57"	"-"	"-"	""
"PPA0485"	232	"PANTHER"	"PTHR33238:SF10"	"IRON-DEPENDENT REPRESSOR IDER"	3	230	"9.8E-57"	"-"	"-"	""
"PPA0487"	121	"PANTHER"	"PTHR45663"	"GEO12009P1"	2	113	"8.5E-36"	"-"	"-"	""
"PPA0487"	121	"PANTHER"	"PTHR45663:SF31"	"THIOREDOXIN 2"	2	113	"8.5E-36"	"-"	"-"	""
"PPA0488"	538	"PANTHER"	"PTHR48020"	"PROTON MYO-INOSITOL COTRANSPORTER"	20	532	"1.2E-99"	"-"	"-"	""
"PPA0489"	465	"PANTHER"	"PTHR43511"	"-"	57	459	"1.2E-100"	"IPR016267"	"UTP--glucose-1-phosphate uridylyltransferase"	"GO:0003983|GO:0006011"
"PPA0489"	465	"PANTHER"	"PTHR43511:SF4"	"UTP--GLUCOSE-1-PHOSPHATE URIDYLYLTRANSFERASE"	57	459	"1.2E-100"	"-"	"-"	""
"PPA0491"	122	"PANTHER"	"PTHR30266"	"MECHANOSENSITIVE CHANNEL MSCL"	2	51	"3.3E-15"	"IPR037673"	"Large-conductance mechanosensitive channel/anditomin synthesis protein L"	"-"
"PPA0493"	195	"PANTHER"	"PTHR23407:SF1"	"5-FORMYLTETRAHYDROFOLATE CYCLO-LIGASE"	6	189	"2.9E-14"	"IPR002698"	"5-formyltetrahydrofolate cyclo-ligase"	"-"
"PPA0493"	195	"PANTHER"	"PTHR23407"	"ATPASE INHIBITOR/5-FORMYLTETRAHYDROFOLATE CYCLO-LIGASE"	6	189	"2.9E-14"	"-"	"-"	""
"PPA0494"	435	"PANTHER"	"PTHR10192"	"MOLYBDOPTERIN BIOSYNTHESIS PROTEIN"	35	430	"1.1E-48"	"IPR038987"	"Molybdopterin biosynthesis protein MoeA-like"	"-"
"PPA0495"	224	"PANTHER"	"PTHR43792:SF8"	"[RIBOSOMAL PROTEIN S5]-ALANINE N-ACETYLTRANSFERASE"	7	199	"1.4E-32"	"-"	"-"	""
"PPA0495"	224	"PANTHER"	"PTHR43792"	"GNAT FAMILY, PUTATIVE (AFU_ORTHOLOGUE AFUA_3G00765)-RELATED-RELATED"	7	199	"1.4E-32"	"-"	"-"	""
"PPA0497"	225	"PANTHER"	"PTHR34227"	"CHAPERONE PROTEIN YCDY"	17	222	"1.5E-24"	"-"	"-"	""
"PPA0498"	161	"PANTHER"	"PTHR22960:SF24"	"CYCLIC PYRANOPTERIN MONOPHOSPHATE SYNTHASE, MITOCHONDRIAL"	6	158	"2.1E-56"	"-"	"-"	""
"PPA0498"	161	"PANTHER"	"PTHR22960"	"MOLYBDOPTERIN COFACTOR SYNTHESIS PROTEIN A"	6	158	"2.1E-56"	"-"	"-"	""
"PPA0499"	444	"PANTHER"	"PTHR10192"	"MOLYBDOPTERIN BIOSYNTHESIS PROTEIN"	14	429	"2.2E-79"	"IPR038987"	"Molybdopterin biosynthesis protein MoeA-like"	"-"
"PPA0500"	140	"PANTHER"	"PTHR23404:SF2"	"MOLYBDOPTERIN SYNTHASE CATALYTIC SUBUNIT"	2	132	"6.5E-29"	"-"	"-"	""
"PPA0500"	140	"PANTHER"	"PTHR23404"	"MOLYBDOPTERIN SYNTHASE RELATED"	2	132	"6.5E-29"	"-"	"-"	""
"PPA0502"	346	"PANTHER"	"PTHR22960:SF27"	"GTP 3',8-CYCLASE"	15	346	"2.6E-88"	"-"	"-"	""
"PPA0502"	346	"PANTHER"	"PTHR22960"	"MOLYBDOPTERIN COFACTOR SYNTHESIS PROTEIN A"	15	346	"2.6E-88"	"-"	"-"	""
"PPA0504"	256	"PANTHER"	"PTHR30632"	"MOLYBDATE-BINDING PERIPLASMIC PROTEIN"	7	254	"1.3E-49"	"-"	"-"	""
"PPA0504"	256	"PANTHER"	"PTHR30632:SF0"	"MOLYBDATE-BINDING PROTEIN MODA"	7	254	"1.3E-49"	"-"	"-"	""
"PPA0505"	604	"PANTHER"	"PTHR24220"	"IMPORT ATP-BINDING PROTEIN"	368	587	"1.7E-55"	"-"	"-"	""
"PPA0505"	604	"PANTHER"	"PTHR24220:SF673"	"FE(3+) IONS IMPORT ATP-BINDING PROTEIN FBPC"	368	587	"1.7E-55"	"-"	"-"	""
"PPA0507"	237	"PANTHER"	"PTHR30598"	"NITRATE REDUCTASE PRIVATE CHAPERONE, REDOX ENZYME MATURATION PROTEIN  REMP  FAMILY"	2	224	"1.2E-80"	"-"	"-"	""
"PPA0507"	237	"PANTHER"	"PTHR30598:SF3"	"RESPIRATORY NITRATE REDUCTASE 1 GAMMA CHAIN"	2	224	"1.2E-80"	"-"	"-"	""
"PPA0508"	223	"PANTHER"	"PTHR43680"	"NITRATE REDUCTASE MOLYBDENUM COFACTOR ASSEMBLY CHAPERONE"	22	212	"7.6E-44"	"IPR003765"	"Nitrate reductase chaperone, NarJ"	"GO:0051082|GO:0051131"
"PPA0508"	223	"PANTHER"	"PTHR43680:SF2"	"NITRATE REDUCTASE MOLYBDENUM COFACTOR ASSEMBLY CHAPERONE NARW-RELATED"	22	212	"7.6E-44"	"-"	"-"	""
"PPA0509"	507	"PANTHER"	"PTHR43518:SF1"	"RESPIRATORY NITRATE REDUCTASE 1 BETA CHAIN"	1	466	"0.0"	"-"	"-"	""
"PPA0509"	507	"PANTHER"	"PTHR43518"	"NITRATE REDUCTASE BETA SUBUNIT"	1	466	"0.0"	"-"	"-"	""
"PPA0510"	1245	"PANTHER"	"PTHR43105:SF2"	"RESPIRATORY NITRATE REDUCTASE 2 ALPHA CHAIN"	16	1245	"0.0"	"-"	"-"	""
"PPA0510"	1245	"PANTHER"	"PTHR43105"	"RESPIRATORY NITRATE REDUCTASE"	16	1245	"0.0"	"-"	"-"	""
"PPA0511"	438	"PANTHER"	"PTHR23515:SF6"	"NITRATE/NITRITE TRANSPORTER NARU"	6	432	"6.1E-75"	"-"	"-"	""
"PPA0511"	438	"PANTHER"	"PTHR23515"	"HIGH-AFFINITY NITRATE TRANSPORTER 2.3"	6	432	"6.1E-75"	"IPR044772"	"Nitrate transporter"	"GO:0015112"
"PPA0512"	224	"PANTHER"	"PTHR19136"	"MOLYBDENUM COFACTOR GUANYLYLTRANSFERASE"	21	138	"2.1E-14"	"-"	"-"	""
"PPA0512"	224	"PANTHER"	"PTHR19136:SF81"	"MOLYBDENUM COFACTOR GUANYLYLTRANSFERASE"	21	138	"2.1E-14"	"-"	"-"	""
"PPA0513"	166	"PANTHER"	"PTHR43764"	"MOLYBDENUM COFACTOR BIOSYNTHESIS"	1	164	"1.1E-38"	"-"	"-"	""
"PPA0515"	336	"PANTHER"	"PTHR38095"	"ANAEROBIC DIMETHYL SULFOXIDE REDUCTASE CHAIN YNFH"	1	178	"2.7E-28"	"IPR007059"	"DMSO reductase anchor subunit (DmsC)"	"GO:0016021|GO:0019645"
"PPA0516"	213	"PANTHER"	"PTHR43177"	"PROTEIN NRFC"	11	213	"7.8E-84"	"-"	"-"	""
"PPA0516"	213	"PANTHER"	"PTHR43177:SF5"	"ANAEROBIC DIMETHYL SULFOXIDE REDUCTASE CHAIN B-RELATED"	11	213	"7.8E-84"	"-"	"-"	""
"PPA0517"	853	"PANTHER"	"PTHR43742"	"TRIMETHYLAMINE-N-OXIDE REDUCTASE"	14	853	"0.0"	"-"	"-"	""
"PPA0517"	853	"PANTHER"	"PTHR43742:SF3"	"DIMETHYL SULFOXIDE REDUCTASE DMSA"	14	853	"0.0"	"-"	"-"	""
"PPA0518"	281	"PANTHER"	"PTHR10953:SF102"	"ADENYLYLTRANSFERASE AND SULFURTRANSFERASE MOCS3"	25	258	"4.2E-66"	"-"	"-"	""
"PPA0518"	281	"PANTHER"	"PTHR10953"	"UBIQUITIN-ACTIVATING ENZYME E1"	25	258	"4.2E-66"	"IPR045886"	"ThiF/MoeB/HesA family"	"-"
"PPA0519"	277	"PANTHER"	"PTHR34266"	"THIAZOLE SYNTHASE"	10	264	"1.7E-100"	"IPR008867"	"Thiazole synthase"	"GO:0009228"
"PPA0520"	415	"PANTHER"	"PTHR13847"	"SARCOSINE DEHYDROGENASE-RELATED"	42	401	"2.4E-36"	"-"	"-"	""
"PPA0520"	415	"PANTHER"	"PTHR13847:SF44"	"FAD-DEPENDENT OXIDOREDUCTASE DOMAIN-CONTAINING PROTEIN 1"	42	401	"2.4E-36"	"-"	"-"	""
"PPA0522"	481	"PANTHER"	"PTHR11119:SF3"	"LD30822P"	25	443	"3.6E-55"	"-"	"-"	""
"PPA0522"	481	"PANTHER"	"PTHR11119"	"XANTHINE-URACIL / VITAMIN C PERMEASE FAMILY MEMBER"	25	443	"3.6E-55"	"-"	"-"	""
"PPA0523"	527	"PANTHER"	"PTHR10050"	"DOLICHYL-PHOSPHATE-MANNOSE--PROTEIN MANNOSYLTRANSFERASE"	330	526	"3.1E-56"	"IPR027005"	"Glycosyltransferase 39-like"	"-"
"PPA0523"	527	"PANTHER"	"PTHR10050"	"DOLICHYL-PHOSPHATE-MANNOSE--PROTEIN MANNOSYLTRANSFERASE"	25	306	"3.1E-56"	"IPR027005"	"Glycosyltransferase 39-like"	"-"
"PPA0523"	527	"PANTHER"	"PTHR10050:SF51"	"PROTEIN O-MANNOSYL-TRANSFERASE 1-RELATED"	330	526	"3.1E-56"	"-"	"-"	""
"PPA0523"	527	"PANTHER"	"PTHR10050:SF51"	"PROTEIN O-MANNOSYL-TRANSFERASE 1-RELATED"	25	306	"3.1E-56"	"-"	"-"	""
"PPA0524"	286	"PANTHER"	"PTHR46111"	"RIBOSOMAL RNA SMALL SUBUNIT METHYLTRANSFERASE I"	4	281	"5.0E-80"	"IPR008189"	"rRNA small subunit methyltransferase I"	"GO:0008168"
"PPA0524"	286	"PANTHER"	"PTHR46111:SF1"	"RIBOSOMAL RNA SMALL SUBUNIT METHYLTRANSFERASE I"	4	281	"5.0E-80"	"-"	"-"	""
"PPA0525"	302	"PANTHER"	"PTHR46124"	"D-AMINOACYL-TRNA DEACYLASE"	25	299	"8.7E-66"	"-"	"-"	""
"PPA0525"	302	"PANTHER"	"PTHR46124:SF2"	"D-AMINOACYL-TRNA DEACYLASE"	25	299	"8.7E-66"	"-"	"-"	""
"PPA0526"	298	"PANTHER"	"PTHR11727"	"DIMETHYLADENOSINE TRANSFERASE"	13	286	"2.0E-50"	"IPR001737"	"Ribosomal RNA adenine methyltransferase KsgA/Erm"	"-"
"PPA0526"	298	"PANTHER"	"PTHR11727:SF7"	"DIMETHYLADENOSINE TRANSFERASE-RELATED"	13	286	"2.0E-50"	"-"	"-"	""
"PPA0527"	323	"PANTHER"	"PTHR43527"	"4-DIPHOSPHOCYTIDYL-2-C-METHYL-D-ERYTHRITOL KINASE, CHLOROPLASTIC"	16	294	"1.1E-59"	"-"	"-"	""
"PPA0528"	179	"PANTHER"	"PTHR33164"	"TRANSCRIPTIONAL REGULATOR, MARR FAMILY"	15	175	"6.9E-27"	"-"	"-"	""
"PPA0528"	179	"PANTHER"	"PTHR33164:SF63"	"HTH-TYPE TRANSCRIPTIONAL REGULATOR ROT"	15	175	"6.9E-27"	"-"	"-"	""
"PPA0529"	227	"PANTHER"	"PTHR30055:SF185"	"TRANSCRIPTIONAL REGULATORY PROTEIN (PROBABLY TETR-FAMILY)-RELATED"	12	216	"1.4E-77"	"-"	"-"	""
"PPA0529"	227	"PANTHER"	"PTHR30055"	"HTH-TYPE TRANSCRIPTIONAL REGULATOR RUTR"	12	216	"1.4E-77"	"-"	"-"	""
"PPA0530"	432	"PANTHER"	"PTHR43584:SF3"	"BIFUNCTIONAL PROTEIN GLMU"	17	403	"7.1E-111"	"-"	"-"	""
"PPA0530"	432	"PANTHER"	"PTHR43584"	"NUCLEOTIDYL TRANSFERASE"	17	403	"7.1E-111"	"-"	"-"	""
"PPA0531"	322	"PANTHER"	"PTHR10210:SF41"	"RIBOSE-PHOSPHATE PYROPHOSPHOKINASE"	10	322	"1.3E-120"	"-"	"-"	""
"PPA0531"	322	"PANTHER"	"PTHR10210"	"RIBOSE-PHOSPHATE DIPHOSPHOKINASE FAMILY MEMBER"	10	322	"1.3E-120"	"IPR005946"	"Ribose-phosphate pyrophosphokinase"	"GO:0000287|GO:0004749|GO:0009165"
"PPA0535"	229	"PANTHER"	"PTHR33284:SF1"	"RIBOSOMAL PROTEIN L25/GLN-TRNA SYNTHETASE, ANTI-CODON-BINDING DOMAIN-CONTAINING PROTEIN"	30	213	"9.9E-24"	"-"	"-"	""
"PPA0535"	229	"PANTHER"	"PTHR33284"	"RIBOSOMAL PROTEIN L25/GLN-TRNA SYNTHETASE, ANTI-CODON-BINDING DOMAIN-CONTAINING PROTEIN"	30	213	"9.9E-24"	"-"	"-"	""
"PPA0536"	200	"PANTHER"	"PTHR17224:SF1"	"PEPTIDYL-TRNA HYDROLASE-RELATED"	4	196	"4.0E-49"	"-"	"-"	""
"PPA0536"	200	"PANTHER"	"PTHR17224"	"PEPTIDYL-TRNA HYDROLASE"	4	196	"4.0E-49"	"IPR001328"	"Peptidyl-tRNA hydrolase"	"GO:0004045"
"PPA0539"	351	"PANTHER"	"PTHR43401"	"L-THREONINE 3-DEHYDROGENASE"	1	345	"1.9E-84"	"-"	"-"	""
"PPA0540"	379	"PANTHER"	"PTHR36844"	"PROTEASE PRSW"	43	365	"1.0E-18"	"IPR026898"	"Intramembrane metalloprotease PrsW"	"GO:0008233"
"PPA0541"	1222	"PANTHER"	"PTHR14025:SF29"	"TRANSCRIPTION-REPAIR-COUPLING FACTOR"	108	1144	"0.0"	"-"	"-"	""
"PPA0541"	1222	"PANTHER"	"PTHR14025"	"FANCONI ANEMIA GROUP M FANCM FAMILY MEMBER"	108	1144	"0.0"	"-"	"-"	""
"PPA0543"	212	"PANTHER"	"PTHR30522"	"NUCLEOSIDE TRIPHOSPHATE PYROPHOSPHOHYDROLASE"	4	208	"1.7E-57"	"IPR011551"	"NTP pyrophosphohydrolase MazG"	"-"
"PPA0545"	426	"PANTHER"	"PTHR11902"	"ENOLASE"	5	417	"0.0"	"IPR000941"	"Enolase"	"GO:0000015|GO:0000287|GO:0004634|GO:0006096"
"PPA0545"	426	"PANTHER"	"PTHR11902:SF1"	"ENOLASE"	5	417	"0.0"	"-"	"-"	""
"PPA0547"	180	"PANTHER"	"PTHR37163"	"CONSERVED PROTEIN"	5	159	"2.7E-28"	"IPR007511"	"Protein of unknown function DUF501"	"-"
"PPA0548"	310	"PANTHER"	"PTHR30005:SF13"	"EXOPOLYPHOSPHATASE 2"	6	305	"3.9E-91"	"-"	"-"	""
"PPA0548"	310	"PANTHER"	"PTHR30005"	"EXOPOLYPHOSPHATASE"	6	305	"3.9E-91"	"-"	"-"	""
"PPA0549"	277	"PANTHER"	"PTHR41282"	"CONSERVED TRANSMEMBRANE PROTEIN-RELATED"	23	276	"1.4E-60"	"IPR010539"	"Protein of unknown function UCP009160"	"-"
"PPA0550"	231	"PANTHER"	"PTHR43046"	"GDP-MANNOSE MANNOSYL HYDROLASE"	73	221	"5.3E-14"	"-"	"-"	""
"PPA0554"	662	"PANTHER"	"PTHR31645"	"OLIGOPEPTIDE TRANSPORTER YGL114W-RELATED"	19	617	"7.0E-93"	"IPR045035"	"Metal-nicotianamine transporter YSL-like"	"GO:0035673"
"PPA0554"	662	"PANTHER"	"PTHR31645:SF0"	"OLIGOPEPTIDE TRANSPORTER YGL114W-RELATED"	19	617	"7.0E-93"	"-"	"-"	""
"PPA0555"	287	"PANTHER"	"PTHR43625:SF40"	"PYRIDOXAL REDUCTASE-RELATED"	12	286	"6.1E-41"	"-"	"-"	""
"PPA0555"	287	"PANTHER"	"PTHR43625"	"AFLATOXIN B1 ALDEHYDE REDUCTASE"	12	286	"6.1E-41"	"-"	"-"	""
"PPA0556"	210	"PANTHER"	"PTHR42799"	"MITOCHONDRIAL PEPTIDE METHIONINE SULFOXIDE REDUCTASE"	22	205	"1.8E-67"	"-"	"-"	""
"PPA0556"	210	"PANTHER"	"PTHR42799:SF2"	"MITOCHONDRIAL PEPTIDE METHIONINE SULFOXIDE REDUCTASE"	22	205	"1.8E-67"	"-"	"-"	""
"PPA0557"	539	"PANTHER"	"PTHR11616"	"SODIUM/CHLORIDE DEPENDENT TRANSPORTER"	20	503	"1.1E-108"	"IPR000175"	"Sodium:neurotransmitter symporter"	"GO:0016021"
"PPA0557"	539	"PANTHER"	"PTHR11616:SF240"	"SODIUM- AND CHLORIDE-DEPENDENT GABA TRANSPORTER INE"	20	503	"1.1E-108"	"-"	"-"	""
"PPA0558"	238	"PANTHER"	"PTHR11264"	"URACIL-DNA GLYCOSYLASE"	18	235	"8.0E-63"	"IPR002043"	"Uracil-DNA glycosylase family 1"	"GO:0004844|GO:0006281|GO:0006284"
"PPA0559"	408	"PANTHER"	"PTHR21716"	"TRANSMEMBRANE PROTEIN"	53	391	"1.0E-66"	"IPR002549"	"Transmembrane protein TqsA-like"	"-"
"PPA0559"	408	"PANTHER"	"PTHR21716:SF35"	"PERMEASE PERM-RELATED"	53	391	"1.0E-66"	"-"	"-"	""
"PPA0561"	168	"PANTHER"	"PTHR30437:SF4"	"TRANSCRIPTION ELONGATION FACTOR GREA"	3	166	"2.4E-35"	"-"	"-"	""
"PPA0561"	168	"PANTHER"	"PTHR30437"	"TRANSCRIPTION ELONGATION FACTOR GREA"	3	166	"2.4E-35"	"IPR023459"	"Transcription elongation factor GreA/GreB family"	"GO:0070063"
"PPA0563"	671	"PANTHER"	"PTHR42899"	"SPERMATOGENESIS-ASSOCIATED PROTEIN 20"	379	665	"0.0"	"IPR024705"	"Spermatogenesis-associated protein 20"	"-"
"PPA0563"	671	"PANTHER"	"PTHR42899"	"SPERMATOGENESIS-ASSOCIATED PROTEIN 20"	2	352	"0.0"	"IPR024705"	"Spermatogenesis-associated protein 20"	"-"
"PPA0564"	273	"PANTHER"	"PTHR10291"	"DEHYDRODOLICHYL DIPHOSPHATE SYNTHASE FAMILY MEMBER"	19	272	"1.5E-62"	"IPR001441"	"Decaprenyl diphosphate synthase-like"	"GO:0016765"
"PPA0564"	273	"PANTHER"	"PTHR10291:SF0"	"DEHYDRODOLICHYL DIPHOSPHATE SYNTHASE COMPLEX SUBUNIT DHDDS"	19	272	"1.5E-62"	"-"	"-"	""
"PPA0565"	223	"PANTHER"	"PTHR20855"	"ADIPOR/PROGESTIN RECEPTOR-RELATED"	26	218	"6.2E-32"	"IPR004254"	"AdipoR/Haemolysin-III-related"	"GO:0016021"
"PPA0565"	223	"PANTHER"	"PTHR20855:SF117"	"HEMOLYSIN-RELATED"	26	218	"6.2E-32"	"-"	"-"	""
"PPA0566"	449	"PANTHER"	"PTHR30473"	"PROTEIN PHOH"	22	444	"0.0"	"-"	"-"	""
"PPA0566"	449	"PANTHER"	"PTHR30473:SF2"	"PHOH-LIKE PROTEIN PHOH2 (PHOSPHATE STARVATION-INDUCIBLE PROTEIN PSIH)-RELATED"	22	444	"0.0"	"-"	"-"	""
"PPA0568"	78	"PANTHER"	"PTHR34137"	"EXODEOXYRIBONUCLEASE 7 SMALL SUBUNIT"	11	76	"7.0E-16"	"IPR003761"	"Exonuclease VII, small subunit"	"GO:0006308|GO:0008855|GO:0009318"
"PPA0569"	415	"PANTHER"	"PTHR30008"	"EXODEOXYRIBONUCLEASE 7 LARGE SUBUNIT"	318	401	"1.8E-96"	"IPR003753"	"Exonuclease VII, large subunit"	"GO:0006308|GO:0008855|GO:0009318"
"PPA0569"	415	"PANTHER"	"PTHR30008"	"EXODEOXYRIBONUCLEASE 7 LARGE SUBUNIT"	7	336	"1.8E-96"	"IPR003753"	"Exonuclease VII, large subunit"	"GO:0006308|GO:0008855|GO:0009318"
"PPA0570"	508	"PANTHER"	"PTHR31956"	"NON-SPECIFIC PHOSPHOLIPASE C4-RELATED"	51	390	"3.5E-14"	"IPR007312"	"Phosphoesterase"	"GO:0016788"
"PPA0570"	508	"PANTHER"	"PTHR31956:SF28"	"NON-SPECIFIC PHOSPHOLIPASE C4-RELATED"	51	390	"3.5E-14"	"-"	"-"	""
"PPA0571"	423	"PANTHER"	"PTHR47197"	"PROTEIN NIRF"	29	399	"4.5E-58"	"-"	"-"	""
"PPA0572"	323	"PANTHER"	"PTHR30426"	"4-HYDROXY-3-METHYLBUT-2-ENYL DIPHOSPHATE REDUCTASE"	11	318	"8.8E-109"	"IPR003451"	"4-hydroxy-3-methylbut-2-enyl diphosphate reductase"	"GO:0019288|GO:0046872|GO:0050992|GO:0051745"
"PPA0573"	406	"PANTHER"	"PTHR30563"	"DNA RECOMBINATION PROTEIN RMUC"	27	376	"1.6E-59"	"IPR003798"	"DNA recombination RmuC"	"-"
"PPA0574"	428	"PANTHER"	"PTHR28570"	"ASPARTYL AMINOPEPTIDASE"	13	423	"1.3E-118"	"IPR001948"	"Peptidase M18"	"GO:0004177|GO:0006508|GO:0008270"
"PPA0574"	428	"PANTHER"	"PTHR28570:SF3"	"ASPARTYL AMINOPEPTIDASE"	13	423	"1.3E-118"	"-"	"-"	""
"PPA0575"	357	"PANTHER"	"PTHR23305"	"OBG GTPASE FAMILY"	1	357	"0.0"	"-"	"-"	""
"PPA0575"	357	"PANTHER"	"PTHR23305:SF18"	"OBG-LIKE ATPASE 1"	1	357	"0.0"	"-"	"-"	""
"PPA0578"	408	"PANTHER"	"PTHR23514"	"BYPASS OF STOP CODON PROTEIN 6"	20	405	"9.7E-52"	"-"	"-"	""
"PPA0579"	205	"PANTHER"	"PTHR33164:SF5"	"MULTIPLE ANTIBIOTIC RESISTANCE PROTEIN MARR"	66	200	"9.8E-27"	"-"	"-"	""
"PPA0579"	205	"PANTHER"	"PTHR33164"	"TRANSCRIPTIONAL REGULATOR, MARR FAMILY"	66	200	"9.8E-27"	"-"	"-"	""
"PPA0580"	142	"PANTHER"	"PTHR33797"	"ORGANIC HYDROPEROXIDE RESISTANCE PROTEIN-LIKE"	5	140	"1.5E-45"	"IPR019953"	"Organic hydroperoxide resistance protein famiy"	"GO:0006979"
"PPA0581"	229	"PANTHER"	"PTHR48094"	"PROTEIN/NUCLEIC ACID DEGLYCASE DJ-1-RELATED"	3	224	"5.2E-57"	"-"	"-"	""
"PPA0581"	229	"PANTHER"	"PTHR48094:SF11"	"GLUTAMINE AMIDOTRANSFERASE-LIKE CLASS 1 DOMAIN-CONTAINING PROTEIN 1"	3	224	"5.2E-57"	"-"	"-"	""
"PPA0582"	493	"PANTHER"	"PTHR42770:SF4"	"ARGININE/ORNITHINE ANTIPORTER-RELATED"	21	477	"0.0"	"-"	"-"	""
"PPA0582"	493	"PANTHER"	"PTHR42770"	"AMINO ACID TRANSPORTER-RELATED"	21	477	"0.0"	"-"	"-"	""
"PPA0583"	414	"PANTHER"	"PTHR47271"	"ARGININE DEIMINASE"	5	411	"1.1E-106"	"-"	"-"	""
"PPA0584"	334	"PANTHER"	"PTHR45753"	"ORNITHINE CARBAMOYLTRANSFERASE, MITOCHONDRIAL"	1	334	"0.0"	"-"	"-"	""
"PPA0584"	334	"PANTHER"	"PTHR45753:SF2"	"ORNITHINE CARBAMOYLTRANSFERASE, CATABOLIC"	1	334	"0.0"	"-"	"-"	""
"PPA0585"	301	"PANTHER"	"PTHR30409"	"CARBAMATE KINASE"	2	300	"7.9E-115"	"IPR003964"	"Carbamate kinase"	"GO:0006525|GO:0008804"
"PPA0586"	187	"PANTHER"	"PTHR34471"	"ARGININE REPRESSOR"	21	174	"1.2E-35"	"IPR001669"	"Arginine repressor"	"GO:0003700|GO:0006355"
"PPA0588"	172	"PANTHER"	"PTHR34875:SF6"	"UPF0237 PROTEIN MJ1558"	2	168	"8.7E-42"	"-"	"-"	""
"PPA0588"	172	"PANTHER"	"PTHR34875"	"UPF0237 PROTEIN MJ1558"	2	168	"8.7E-42"	"-"	"-"	""
"PPA0589"	322	"PANTHER"	"PTHR43364"	"NADH-SPECIFIC METHYLGLYOXAL REDUCTASE-RELATED"	7	317	"9.5E-95"	"-"	"-"	""
"PPA0589"	322	"PANTHER"	"PTHR43364:SF6"	"OXIDOREDUCTASE-RELATED"	7	317	"9.5E-95"	"-"	"-"	""
"PPA0590"	167	"PANTHER"	"PTHR43110"	"THIOL PEROXIDASE"	1	166	"2.5E-54"	"-"	"-"	""
"PPA0591"	474	"PANTHER"	"PTHR43341:SF1"	"AMINO ACID TRANSPORTER 1-RELATED"	4	472	"0.0"	"-"	"-"	""
"PPA0591"	474	"PANTHER"	"PTHR43341"	"AMINO ACID PERMEASE"	4	472	"0.0"	"-"	"-"	""
"PPA0592"	411	"PANTHER"	"PTHR43862"	"MALTODEXTRIN GLUCOSIDASE"	44	379	"1.9E-64"	"-"	"-"	""
"PPA0593"	388	"PANTHER"	"PTHR43750:SF2"	"UDP-GLUCOSE 6-DEHYDROGENASE"	1	388	"0.0"	"-"	"-"	""
"PPA0593"	388	"PANTHER"	"PTHR43750"	"UDP-GLUCOSE 6-DEHYDROGENASE TUAD"	1	388	"0.0"	"-"	"-"	""
"PPA0594"	312	"PANTHER"	"PTHR11614"	"PHOSPHOLIPASE-RELATED"	11	308	"1.1E-22"	"-"	"-"	""
"PPA0594"	312	"PANTHER"	"PTHR11614:SF87"	"MONOGLYCERIDE LIPASE"	11	308	"1.1E-22"	"-"	"-"	""
"PPA0595"	636	"PANTHER"	"PTHR48101"	"METHYLMALONYL-COA MUTASE, MITOCHONDRIAL-RELATED"	19	634	"2.5E-123"	"-"	"-"	""
"PPA0595"	636	"PANTHER"	"PTHR48101:SF2"	"METHYLMALONYL-COA MUTASE SMALL SUBUNIT-RELATED"	19	634	"2.5E-123"	"-"	"-"	""
"PPA0596"	729	"PANTHER"	"PTHR48101:SF4"	"METHYLMALONYL-COA MUTASE, MITOCHONDRIAL"	28	724	"0.0"	"-"	"-"	""
"PPA0596"	729	"PANTHER"	"PTHR48101"	"METHYLMALONYL-COA MUTASE, MITOCHONDRIAL-RELATED"	28	724	"0.0"	"-"	"-"	""
"PPA0597"	348	"PANTHER"	"PTHR23408"	"METHYLMALONYL-COA MUTASE"	11	332	"1.9E-113"	"IPR005129"	"SIMIBI class G3E GTPase, ArgK/MeaB"	"GO:0003924|GO:0005525"
"PPA0598"	490	"PANTHER"	"PTHR43806:SF37"	"SUBTILASE-TYPE SERINE PROTEASE DR_A0283-RELATED"	51	482	"3.6E-70"	"-"	"-"	""
"PPA0598"	490	"PANTHER"	"PTHR43806"	"PEPTIDASE S8"	51	482	"3.6E-70"	"-"	"-"	""
"PPA0600"	266	"PANTHER"	"PTHR43023"	"PROTEIN TRIGALACTOSYLDIACYLGLYCEROL 3, CHLOROPLASTIC"	14	265	"6.1E-104"	"-"	"-"	""
"PPA0600"	266	"PANTHER"	"PTHR43023:SF4"	"AMINO ACID ABC TRANSPORTER ATP-BINDING PROTEIN"	14	265	"6.1E-104"	"-"	"-"	""
"PPA0601"	182	"PANTHER"	"PTHR30450"	"ABC TRANSPORTER PERMEASE"	11	150	"2.6E-44"	"-"	"-"	""
"PPA0601"	182	"PANTHER"	"PTHR30450:SF2"	"ABC TRANSPORTER PERMEASE PROTEIN"	11	150	"2.6E-44"	"-"	"-"	""
"PPA0603"	332	"PANTHER"	"PTHR30146"	"LACI-RELATED TRANSCRIPTIONAL REPRESSOR"	3	329	"3.3E-75"	"-"	"-"	""
"PPA0603"	332	"PANTHER"	"PTHR30146:SF109"	"HTH-TYPE TRANSCRIPTIONAL REGULATOR MALR"	3	329	"3.3E-75"	"-"	"-"	""
"PPA0604"	406	"PANTHER"	"PTHR43649"	"ARABINOSE-BINDING PROTEIN-RELATED"	11	264	"1.8E-32"	"-"	"-"	""
"PPA0604"	406	"PANTHER"	"PTHR43649:SF5"	"SRRA"	11	264	"1.8E-32"	"-"	"-"	""
"PPA0605"	161	"PANTHER"	"PTHR30193"	"ABC TRANSPORTER PERMEASE PROTEIN"	2	143	"1.4E-30"	"-"	"-"	""
"PPA0605"	161	"PANTHER"	"PTHR30193:SF37"	"INNER MEMBRANE ABC TRANSPORTER PERMEASE PROTEIN YCJO"	2	143	"1.4E-30"	"-"	"-"	""
"PPA0606"	296	"PANTHER"	"PTHR43744"	"ABC TRANSPORTER PERMEASE PROTEIN MG189-RELATED-RELATED"	19	295	"1.7E-67"	"-"	"-"	""
"PPA0606"	296	"PANTHER"	"PTHR43744:SF3"	"LACTOSE TRANSPORT SYSTEM PERMEASE PROTEIN LACG"	19	295	"1.7E-67"	"-"	"-"	""
"PPA0607"	456	"PANTHER"	"PTHR10030"	"ALPHA-L-FUCOSIDASE"	38	440	"7.8E-62"	"IPR000933"	"Glycoside hydrolase, family 29"	"GO:0004560|GO:0005975"
"PPA0607"	456	"PANTHER"	"PTHR10030:SF40"	"PLASMA ALPHA-L-FUCOSIDASE"	38	440	"7.8E-62"	"-"	"-"	""
"PPA0608"	191	"PANTHER"	"PTHR37840"	"L-FUCOSE ISOMERASE"	2	160	"2.5E-38"	"-"	"-"	""
"PPA0609"	351	"PANTHER"	"PTHR37840"	"L-FUCOSE ISOMERASE"	6	332	"1.5E-115"	"-"	"-"	""
"PPA0612"	254	"PANTHER"	"PTHR24220"	"IMPORT ATP-BINDING PROTEIN"	33	252	"3.7E-66"	"-"	"-"	""
"PPA0615"	284	"PANTHER"	"PTHR30477"	"ABC-TRANSPORTER METAL-BINDING PROTEIN"	18	280	"1.0E-45"	"IPR001626"	"ABC transporter, TroCD-like"	"GO:0005887|GO:0043190|GO:0055085"
"PPA0616"	267	"PANTHER"	"PTHR42734"	"METAL TRANSPORT SYSTEM ATP-BINDING PROTEIN TM_0124-RELATED"	8	247	"6.2E-58"	"-"	"-"	""
"PPA0617"	305	"PANTHER"	"PTHR42953"	"HIGH-AFFINITY ZINC UPTAKE SYSTEM PROTEIN ZNUA-RELATED"	3	304	"3.9E-53"	"-"	"-"	""
"PPA0618"	183	"PANTHER"	"PTHR43540"	"PEROXYUREIDOACRYLATE/UREIDOACRYLATE AMIDOHYDROLASE-RELATED"	2	182	"1.0E-16"	"-"	"-"	""
"PPA0619"	487	"PANTHER"	"PTHR31806"	"PURINE-CYTOSINE PERMEASE FCY2-RELATED"	9	431	"3.1E-55"	"IPR026030"	"Purine-cytosine permease Fcy2/21/22"	"GO:0016021|GO:0022857|GO:0055085"
"PPA0619"	487	"PANTHER"	"PTHR31806:SF1"	"PURINE-CYTOSINE PERMEASE FCY2-RELATED"	9	431	"3.1E-55"	"-"	"-"	""
"PPA0620"	1152	"PANTHER"	"PTHR42862"	"DELTA-1-PYRROLINE-5-CARBOXYLATE DEHYDROGENASE 1, ISOFORM A-RELATED"	513	1141	"1.1E-108"	"-"	"-"	""
"PPA0621"	349	"PANTHER"	"PTHR43401"	"L-THREONINE 3-DEHYDROGENASE"	4	347	"8.9E-74"	"-"	"-"	""
"PPA0622"	576	"PANTHER"	"PTHR28629"	"TRIOKINASE/FMN CYCLASE"	2	558	"4.7E-108"	"-"	"-"	""
"PPA0622"	576	"PANTHER"	"PTHR28629:SF4"	"TRIOKINASE/FMN CYCLASE"	2	558	"4.7E-108"	"-"	"-"	""
"PPA0623"	167	"PANTHER"	"PTHR43363:SF1"	"HYPOXANTHINE PHOSPHORIBOSYLTRANSFERASE"	14	165	"2.5E-39"	"-"	"-"	""
"PPA0623"	167	"PANTHER"	"PTHR43363"	"HYPOXANTHINE PHOSPHORIBOSYLTRANSFERASE"	14	165	"2.5E-39"	"-"	"-"	""
"PPA0624"	166	"PANTHER"	"PTHR43072:SF23"	"L-AMINO ACID N-ACYLTRANSFERASE MNAT"	1	166	"4.0E-35"	"-"	"-"	""
"PPA0624"	166	"PANTHER"	"PTHR43072"	"N-ACETYLTRANSFERASE"	1	166	"4.0E-35"	"-"	"-"	""
"PPA0625"	554	"PANTHER"	"PTHR10160"	"NAD(P) TRANSHYDROGENASE"	41	553	"0.0"	"-"	"-"	""
"PPA0625"	554	"PANTHER"	"PTHR10160:SF19"	"NICOTINAMIDE NUCLEOTIDE TRANSHYDROGENASE"	41	553	"0.0"	"-"	"-"	""
"PPA0626"	473	"PANTHER"	"PTHR44758"	"NAD(P) TRANSHYDROGENASE SUBUNIT BETA"	17	473	"0.0"	"-"	"-"	""
"PPA0627"	106	"PANTHER"	"PTHR42859:SF2"	"FERREDOXIN 1"	1	77	"4.3E-30"	"-"	"-"	""
"PPA0627"	106	"PANTHER"	"PTHR42859"	"OXIDOREDUCTASE"	1	77	"4.3E-30"	"-"	"-"	""
"PPA0628"	367	"PANTHER"	"PTHR42832"	"AMINO ACID AMINOTRANSFERASE"	2	366	"7.1E-77"	"-"	"-"	""
"PPA0628"	367	"PANTHER"	"PTHR42832:SF3"	"LL-DIAMINOPIMELATE AMINOTRANSFERASE"	2	366	"7.1E-77"	"-"	"-"	""
"PPA0632"	376	"PANTHER"	"PTHR10488"	"GLYCINE AMIDINOTRANSFERASE, MITOCHONDRIAL"	3	366	"4.2E-103"	"IPR033195"	"Glycine/inosamine-phosphate amidinotransferase"	"GO:0015067"
"PPA0633"	353	"PANTHER"	"PTHR22911"	"ACYL-MALONYL CONDENSING ENZYME-RELATED"	20	327	"4.2E-17"	"-"	"-"	""
"PPA0633"	353	"PANTHER"	"PTHR22911:SF79"	"CYSTINE TRANSPORTER YIJE-RELATED"	20	327	"4.2E-17"	"-"	"-"	""
"PPA0634"	431	"PANTHER"	"PTHR43528"	"ALPHA-KETOGLUTARATE PERMEASE"	3	427	"3.5E-126"	"-"	"-"	""
"PPA0636"	359	"PANTHER"	"PTHR43808:SF22"	"SUCCINYL-DIAMINOPIMELATE DESUCCINYLASE DAPE-RELATED"	6	357	"8.4E-123"	"-"	"-"	""
"PPA0636"	359	"PANTHER"	"PTHR43808"	"ACETYLORNITHINE DEACETYLASE"	6	357	"8.4E-123"	"-"	"-"	""
"PPA0639"	394	"PANTHER"	"PTHR12526:SF590"	"ALPHA-MALTOSE-1-PHOSPHATE SYNTHASE"	8	391	"5.8E-82"	"-"	"-"	""
"PPA0639"	394	"PANTHER"	"PTHR12526"	"GLYCOSYLTRANSFERASE"	8	391	"5.8E-82"	"-"	"-"	""
"PPA0640"	408	"PANTHER"	"PTHR43523:SF2"	"GLUCOSE-1-PHOSPHATE ADENYLYLTRANSFERASE"	6	403	"0.0"	"-"	"-"	""
"PPA0640"	408	"PANTHER"	"PTHR43523"	"GLUCOSE-1-PHOSPHATE ADENYLYLTRANSFERASE-RELATED"	6	403	"0.0"	"IPR011831"	"Glucose-1-phosphate adenylyltransferase"	"GO:0005978|GO:0008878"
"PPA0641"	217	"PANTHER"	"PTHR10509"	"O-METHYLTRANSFERASE-RELATED"	13	216	"7.2E-28"	"-"	"-"	""
"PPA0641"	217	"PANTHER"	"PTHR10509:SF14"	"CATECHOL O-METHYLTRANSFERASE DOMAIN-CONTAINING PROTEIN 1"	13	216	"7.2E-28"	"-"	"-"	""
"PPA0642"	293	"PANTHER"	"PTHR12128"	"DIHYDRODIPICOLINATE SYNTHASE"	8	284	"6.1E-70"	"IPR002220"	"DapA-like"	"GO:0016829"
"PPA0642"	293	"PANTHER"	"PTHR12128:SF15"	"4-HYDROXY-2-OXOGLUTARATE ALDOLASE, MITOCHONDRIAL"	8	284	"6.1E-70"	"-"	"-"	""
"PPA0644"	524	"PANTHER"	"PTHR31308"	"-"	64	507	"4.0E-60"	"-"	"-"	""
"PPA0644"	524	"PANTHER"	"PTHR31308:SF3"	"PUTATIVE-RELATED"	64	507	"4.0E-60"	"-"	"-"	""
"PPA0645"	386	"PANTHER"	"PTHR42961"	"IRON-SULFUR PROTEIN NUBPL"	9	367	"1.5E-88"	"IPR044304"	"Iron-sulfur protein NUBPL-like"	"GO:0005524|GO:0016226|GO:0051536"
"PPA0646"	171	"PANTHER"	"PTHR41386"	"INTEGRAL MEMBRANE PROTEIN-RELATED"	25	165	"6.8E-40"	"IPR010406"	"Protein of unknown function DUF1003"	"-"
"PPA0647"	421	"PANTHER"	"PTHR43773"	"MAGNESIUM TRANSPORTER MGTE"	161	409	"3.4E-65"	"IPR006669"	"Magnesium transporter MgtE"	"GO:0015095|GO:0015693|GO:0016020"
"PPA0647"	421	"PANTHER"	"PTHR43773:SF1"	"MAGNESIUM TRANSPORTER MGTE"	161	409	"3.4E-65"	"-"	"-"	""
"PPA0649"	290	"PANTHER"	"PTHR35457"	"HEME A SYNTHASE"	8	288	"8.5E-20"	"-"	"-"	""
"PPA0650"	498	"PANTHER"	"PTHR43226:SF4"	"XAA-PRO AMINOPEPTIDASE 3"	54	491	"1.1E-87"	"-"	"-"	""
"PPA0650"	498	"PANTHER"	"PTHR43226"	"XAA-PRO AMINOPEPTIDASE 3"	54	491	"1.1E-87"	"-"	"-"	""
"PPA0651"	245	"PANTHER"	"PTHR39082"	"PHOSPHOLIPASE C-BETA-2-RELATED"	7	242	"1.4E-28"	"-"	"-"	""
"PPA0656"	404	"PANTHER"	"PTHR30535:SF7"	"IRON(III) DICITRATE-BINDING PROTEIN-RELATED"	78	398	"7.9E-68"	"-"	"-"	""
"PPA0656"	404	"PANTHER"	"PTHR30535"	"VITAMIN B12-BINDING PROTEIN"	78	398	"7.9E-68"	"-"	"-"	""
"PPA0657"	344	"PANTHER"	"PTHR30472:SF67"	"PERMEASE OF ABC TRANSPORTER-RELATED"	6	341	"3.4E-80"	"-"	"-"	""
"PPA0657"	344	"PANTHER"	"PTHR30472"	"FERRIC ENTEROBACTIN TRANSPORT SYSTEM PERMEASE PROTEIN"	6	341	"3.4E-80"	"IPR000522"	"ABC transporter, permease protein, BtuC-like"	"GO:0016020|GO:0022857"
"PPA0658"	257	"PANTHER"	"PTHR42794"	"HEMIN IMPORT ATP-BINDING PROTEIN HMUV"	1	246	"1.7E-78"	"-"	"-"	""
"PPA0660"	761	"PANTHER"	"PTHR30252:SF3"	"PYRUVATE/PROTON SYMPORTER BTST"	38	717	"0.0"	"-"	"-"	""
"PPA0660"	761	"PANTHER"	"PTHR30252"	"INNER MEMBRANE PEPTIDE TRANSPORTER"	38	717	"0.0"	"-"	"-"	""
"PPA0661"	284	"PANTHER"	"PTHR43330:SF16"	"METHIONINE AMINOPEPTIDASE 2"	2	282	"1.2E-122"	"-"	"-"	""
"PPA0661"	284	"PANTHER"	"PTHR43330"	"METHIONINE AMINOPEPTIDASE"	2	282	"1.2E-122"	"-"	"-"	""
"PPA0664"	468	"PANTHER"	"PTHR43785"	"GAMMA-GLUTAMYLPUTRESCINE SYNTHETASE"	36	464	"2.3E-110"	"-"	"-"	""
"PPA0664"	468	"PANTHER"	"PTHR43785:SF2"	"TYPE-1 GLUTAMINE SYNTHETASE 1-RELATED"	36	464	"2.3E-110"	"-"	"-"	""
"PPA0666"	983	"PANTHER"	"PTHR30621"	"GLUTAMINE SYNTHETASE ADENYLYLTRANSFERASE"	66	980	"0.0"	"IPR023057"	"Bifunctional glutamine synthetase adenylyltransferase/adenylyl-removing enzyme"	"GO:0008882"
"PPA0667"	440	"PANTHER"	"PTHR34390"	"UPF0442 PROTEIN YJJB-RELATED"	278	415	"3.6E-41"	"-"	"-"	""
"PPA0667"	440	"PANTHER"	"PTHR34390"	"UPF0442 PROTEIN YJJB-RELATED"	24	256	"3.6E-41"	"-"	"-"	""
"PPA0668"	393	"PANTHER"	"PTHR13799"	"NGG1 INTERACTING FACTOR 3"	20	378	"5.3E-66"	"IPR002678"	"DUF34/NIF3"	"-"
"PPA0669"	349	"PANTHER"	"PTHR30336"	"INNER MEMBRANE PROTEIN, PROBABLE PERMEASE"	37	345	"4.1E-45"	"-"	"-"	""
"PPA0669"	349	"PANTHER"	"PTHR30336:SF18"	"MEMBRANE PROTEIN-RELATED"	37	345	"4.1E-45"	"-"	"-"	""
"PPA0671"	473	"PANTHER"	"PTHR43407"	"GLUTAMINE SYNTHETASE"	5	472	"0.0"	"-"	"-"	""
"PPA0673"	370	"PANTHER"	"PTHR45947"	"SULFOQUINOVOSYL TRANSFERASE SQD2"	13	364	"7.4E-38"	"-"	"-"	""
"PPA0673"	370	"PANTHER"	"PTHR45947:SF8"	"ALPHA-MONOGLUCOSYLDIACYLGLYCEROL SYNTHASE"	13	364	"7.4E-38"	"-"	"-"	""
"PPA0674"	202	"PANTHER"	"PTHR30353"	"INNER MEMBRANE PROTEIN DEDA-RELATED"	3	186	"8.5E-18"	"IPR032818"	"DedA family"	"-"
"PPA0675"	462	"PANTHER"	"PTHR30009:SF4"	"PTS SYSTEM N-ACETYLGLUCOSAMINE-SPECIFIC EIICBA COMPONENT"	19	439	"0.0"	"-"	"-"	""
"PPA0675"	462	"PANTHER"	"PTHR30009"	"CYTOCHROME C-TYPE SYNTHESIS PROTEIN AND PTS TRANSMEMBRANE COMPONENT"	19	439	"0.0"	"-"	"-"	""
"PPA0676"	241	"PANTHER"	"PTHR44846:SF1"	"MANNOSYL-D-GLYCERATE TRANSPORT/METABOLISM SYSTEM REPRESSOR MNGR-RELATED"	2	223	"5.1E-58"	"-"	"-"	""
"PPA0676"	241	"PANTHER"	"PTHR44846"	"-"	2	223	"5.1E-58"	"-"	"-"	""
"PPA0677"	82	"PANTHER"	"PTHR30009"	"CYTOCHROME C-TYPE SYNTHESIS PROTEIN AND PTS TRANSMEMBRANE COMPONENT"	3	79	"1.9E-17"	"-"	"-"	""
"PPA0678"	76	"PANTHER"	"PTHR30009"	"CYTOCHROME C-TYPE SYNTHESIS PROTEIN AND PTS TRANSMEMBRANE COMPONENT"	2	74	"6.0E-23"	"-"	"-"	""
"PPA0679"	164	"PANTHER"	"PTHR45008"	"PTS SYSTEM GLUCOSE-SPECIFIC EIIA COMPONENT"	2	147	"1.2E-34"	"-"	"-"	""
"PPA0682"	601	"PANTHER"	"PTHR42855"	"ABC TRANSPORTER ATP-BINDING SUBUNIT"	96	597	"0.0"	"-"	"-"	""
"PPA0682"	601	"PANTHER"	"PTHR42855"	"ABC TRANSPORTER ATP-BINDING SUBUNIT"	5	95	"0.0"	"-"	"-"	""
"PPA0684"	563	"PANTHER"	"PTHR10628:SF25"	"SIALIDASE A"	43	559	"3.5E-28"	"-"	"-"	""
"PPA0684"	563	"PANTHER"	"PTHR10628"	"SIALIDASE"	43	559	"3.5E-28"	"IPR026856"	"Sialidase family"	"GO:0004308"
"PPA0685"	771	"PANTHER"	"PTHR10628"	"SIALIDASE"	317	763	"7.2E-58"	"IPR026856"	"Sialidase family"	"GO:0004308"
"PPA0686"	510	"PANTHER"	"PTHR23508"	"CARBOXYLIC ACID TRANSPORTER PROTEIN HOMOLOG"	16	497	"0.0"	"-"	"-"	""
"PPA0686"	510	"PANTHER"	"PTHR23508:SF3"	"SIALIC ACID TRANSPORTER NANT"	16	497	"0.0"	"-"	"-"	""
"PPA0689"	330	"PANTHER"	"PTHR10949"	"LIPOYL SYNTHASE"	14	304	"8.8E-96"	"IPR003698"	"Lipoyl synthase"	"GO:0009107|GO:0016992|GO:0051539"
"PPA0690"	747	"PANTHER"	"PTHR43520"	"ATP7, ISOFORM B"	18	743	"0.0"	"-"	"-"	""
"PPA0690"	747	"PANTHER"	"PTHR43520:SF8"	"ATP7, ISOFORM B"	18	743	"0.0"	"-"	"-"	""
"PPA0692"	272	"PANTHER"	"PTHR10993:SF7"	"LIPOYLTRANSFERASE 2, MITOCHONDRIAL-RELATED"	45	231	"1.5E-57"	"-"	"-"	""
"PPA0692"	272	"PANTHER"	"PTHR10993"	"OCTANOYLTRANSFERASE"	45	231	"1.5E-57"	"-"	"-"	""
"PPA0693"	457	"PANTHER"	"PTHR43416:SF8"	"LIPOAMIDE ACYLTRANSFERASE COMPONENT OF BRANCHED-CHAIN ALPHA-KETO ACID DEHYDROGENASE COMPLEX"	2	451	"1.9E-124"	"-"	"-"	""
"PPA0693"	457	"PANTHER"	"PTHR43416"	"DIHYDROLIPOYLLYSINE-RESIDUE SUCCINYLTRANSFERASE COMPONENT OF 2-OXOGLUTARATE DEHYDROGENASE COMPLEX, MITOCHONDRIAL-RELATED"	2	451	"1.9E-124"	"-"	"-"	""
"PPA0694"	524	"PANTHER"	"PTHR11963"	"LEUCINE AMINOPEPTIDASE-RELATED"	67	519	"2.4E-123"	"IPR011356"	"Peptidase M17, leucine aminopeptidase/peptidase B"	"GO:0005737|GO:0019538|GO:0030145|GO:0070006"
"PPA0694"	524	"PANTHER"	"PTHR11963:SF23"	"ZGC:152830"	67	519	"2.4E-123"	"-"	"-"	""
"PPA0698"	267	"PANTHER"	"PTHR31088:SF6"	"MEMBRANE-ASSOCIATED PROTEIN VIPP1, CHLOROPLASTIC"	2	244	"2.1E-49"	"-"	"-"	""
"PPA0698"	267	"PANTHER"	"PTHR31088"	"MEMBRANE-ASSOCIATED PROTEIN VIPP1, CHLOROPLASTIC"	2	244	"2.1E-49"	"IPR007157"	"PspA/IM30"	"-"
"PPA0700"	117	"PANTHER"	"PTHR43011:SF1"	"IRON-SULFUR CLUSTER ASSEMBLY 2 HOMOLOG, MITOCHONDRIAL"	10	117	"9.8E-26"	"-"	"-"	""
"PPA0700"	117	"PANTHER"	"PTHR43011"	"IRON-SULFUR CLUSTER ASSEMBLY 2 HOMOLOG, MITOCHONDRIAL"	10	117	"9.8E-26"	"-"	"-"	""
"PPA0701"	302	"PANTHER"	"PTHR22888"	"CYTOCHROME C OXIDASE, SUBUNIT II"	51	276	"1.9E-46"	"IPR045187"	"Cytochrome c/quinol oxidase subunit II"	"GO:0004129"
"PPA0702"	572	"PANTHER"	"PTHR10422"	"CYTOCHROME C OXIDASE SUBUNIT 1"	29	536	"0.0"	"IPR000883"	"Cytochrome c oxidase subunit I"	"GO:0004129|GO:0009060|GO:0016021|GO:0020037"
"PPA0702"	572	"PANTHER"	"PTHR10422:SF18"	"CYTOCHROME C OXIDASE SUBUNIT 1"	29	536	"0.0"	"-"	"-"	""
"PPA0705"	185	"PANTHER"	"PTHR24220"	"IMPORT ATP-BINDING PROTEIN"	1	185	"1.1E-57"	"-"	"-"	""
"PPA0707"	204	"PANTHER"	"PTHR15020"	"FLAVIN REDUCTASE-RELATED"	2	202	"1.1E-41"	"-"	"-"	""
"PPA0707"	204	"PANTHER"	"PTHR15020:SF38"	"UPF0659 PROTEIN YMR090W"	2	202	"1.1E-41"	"-"	"-"	""
"PPA0708"	486	"PANTHER"	"PTHR43170:SF5"	"GMP REDUCTASE"	7	467	"1.1E-103"	"-"	"-"	""
"PPA0708"	486	"PANTHER"	"PTHR43170"	"GMP REDUCTASE"	7	467	"1.1E-103"	"-"	"-"	""
"PPA0710"	559	"PANTHER"	"PTHR19271:SF16"	"CYTOCHROME B"	40	454	"8.7E-58"	"-"	"-"	""
"PPA0710"	559	"PANTHER"	"PTHR19271"	"CYTOCHROME B"	40	454	"8.7E-58"	"-"	"-"	""
"PPA0711"	350	"PANTHER"	"PTHR10134:SF20"	"CYTOCHROME B-C1 COMPLEX SUBUNIT RIESKE, MITOCHONDRIAL-RELATED"	120	321	"2.6E-19"	"-"	"-"	""
"PPA0711"	350	"PANTHER"	"PTHR10134"	"CYTOCHROME B-C1 COMPLEX SUBUNIT RIESKE, MITOCHONDRIAL"	120	321	"2.6E-19"	"IPR014349"	"Rieske iron-sulphur protein"	"GO:0051537"
"PPA0712"	267	"PANTHER"	"PTHR33751"	"CBB3-TYPE CYTOCHROME C OXIDASE SUBUNIT FIXP"	10	221	"5.3E-32"	"-"	"-"	""
"PPA0713"	193	"PANTHER"	"PTHR11403"	"CYTOCHROME C OXIDASE SUBUNIT III"	1	191	"3.5E-38"	"IPR024791"	"Cytochrome c oxidase subunit III"	"GO:0009055|GO:0016020|GO:0019646"
"PPA0718"	170	"PANTHER"	"PTHR45625:SF5"	"PEPTIDYLPROLYL ISOMERASE DOMAIN AND WD REPEAT-CONTAINING PROTEIN 1"	2	169	"3.1E-62"	"-"	"-"	""
"PPA0718"	170	"PANTHER"	"PTHR45625"	"PEPTIDYL-PROLYL CIS-TRANS ISOMERASE-RELATED"	2	169	"3.1E-62"	"IPR044666"	"Cyclophilin-type peptidyl-prolyl cis-trans isomerase, cyclophilin A-like"	"-"
"PPA0720"	633	"PANTHER"	"PTHR30562"	"UVRC/OXIDOREDUCTASE"	258	585	"5.8E-61"	"-"	"-"	""
"PPA0721"	385	"PANTHER"	"PTHR47053"	"MUREIN DD-ENDOPEPTIDASE MEPH-RELATED"	137	384	"1.0E-45"	"-"	"-"	""
"PPA0722"	356	"PANTHER"	"PTHR18964:SF168"	"N-ACETYLMANNOSAMINE KINASE"	3	315	"8.2E-90"	"-"	"-"	""
"PPA0722"	356	"PANTHER"	"PTHR18964"	"ROK (REPRESSOR, ORF, KINASE) FAMILY"	3	315	"8.2E-90"	"IPR000600"	"ROK family"	"-"
"PPA0724"	251	"PANTHER"	"PTHR10434"	"1-ACYL-SN-GLYCEROL-3-PHOSPHATE ACYLTRANSFERASE"	23	213	"4.8E-28"	"-"	"-"	""
"PPA0724"	251	"PANTHER"	"PTHR10434:SF11"	"1-ACYL-SN-GLYCEROL-3-PHOSPHATE ACYLTRANSFERASE 1, CHLOROPLASTIC"	23	213	"4.8E-28"	"-"	"-"	""
"PPA0726"	472	"PANTHER"	"PTHR21337"	"PHOSPHO-2-DEHYDRO-3-DEOXYHEPTONATE ALDOLASE 1, 2"	16	459	"0.0"	"IPR002480"	"DAHP synthetase, class II"	"GO:0003849|GO:0009073"
"PPA0726"	472	"PANTHER"	"PTHR21337:SF0"	"PHOSPHO-2-DEHYDRO-3-DEOXYHEPTONATE ALDOLASE 1, CHLOROPLASTIC"	16	459	"0.0"	"-"	"-"	""
"PPA0727"	215	"PANTHER"	"PTHR43546"	"UPF0173 METAL-DEPENDENT HYDROLASE MJ1163-RELATED"	1	171	"1.4E-17"	"-"	"-"	""
"PPA0727"	215	"PANTHER"	"PTHR43546:SF3"	"UPF0173 METAL-DEPENDENT HYDROLASE MJ1163"	1	171	"1.4E-17"	"-"	"-"	""
"PPA0728"	318	"PANTHER"	"PTHR42920:SF21"	"PERMEASE-RELATED"	8	282	"2.3E-58"	"-"	"-"	""
"PPA0728"	318	"PANTHER"	"PTHR42920"	"OS03G0707200 PROTEIN-RELATED"	8	282	"2.3E-58"	"-"	"-"	""
"PPA0729"	470	"PANTHER"	"PTHR43289:SF18"	"SERINE/THREONINE-PROTEIN KINASE PRKC"	9	352	"9.2E-80"	"-"	"-"	""
"PPA0729"	470	"PANTHER"	"PTHR43289"	"MITOGEN-ACTIVATED PROTEIN KINASE KINASE KINASE 20-RELATED"	9	352	"9.2E-80"	"-"	"-"	""
"PPA0732"	365	"PANTHER"	"PTHR12001:SF76"	"GERANYLGERANYL PYROPHOSPHATE SYNTHETASE IDSA2 (GGPPSASE) (GGPP SYNTHETASE) (GERANYLGERANYL DIPHOSPHATE SYNTHASE)-RELATED"	11	363	"4.1E-81"	"-"	"-"	""
"PPA0732"	365	"PANTHER"	"PTHR12001"	"GERANYLGERANYL PYROPHOSPHATE SYNTHASE"	11	363	"4.1E-81"	"-"	"-"	""
"PPA0733"	753	"PANTHER"	"PTHR11070"	"UVRD / RECB / PCRA DNA HELICASE FAMILY MEMBER"	84	720	"9.3E-101"	"IPR000212"	"DNA helicase, UvrD/REP type"	"GO:0003677|GO:0003678|GO:0005524"
"PPA0733"	753	"PANTHER"	"PTHR11070:SF45"	"ATP-DEPENDENT DNA HELICASE UVRD2"	84	720	"9.3E-101"	"-"	"-"	""
"PPA0737"	152	"PANTHER"	"PTHR11527"	"HEAT-SHOCK PROTEIN 20 FAMILY MEMBER"	9	127	"3.7E-21"	"-"	"-"	""
"PPA0737"	152	"PANTHER"	"PTHR11527:SF175"	"HEAT SHOCK PROTEIN 42"	9	127	"3.7E-21"	"-"	"-"	""
"PPA0738"	456	"PANTHER"	"PTHR30354"	"GNT FAMILY GLUCONATE TRANSPORTER"	13	456	"0.0"	"IPR003474"	"Gluconate transporter"	"GO:0015128|GO:0016020|GO:0035429"
"PPA0738"	456	"PANTHER"	"PTHR30354:SF22"	"HIGH-AFFINITY GLUCONATE TRANSPORTER"	13	456	"0.0"	"-"	"-"	""
"PPA0739"	159	"PANTHER"	"PTHR43442:SF3"	"GLUCONOKINASE-RELATED"	12	140	"1.9E-46"	"-"	"-"	""
"PPA0739"	159	"PANTHER"	"PTHR43442"	"GLUCONOKINASE-RELATED"	12	140	"1.9E-46"	"IPR006001"	"Carbohydrate kinase, thermoresistant glucokinase"	"GO:0005975|GO:0016301"
"PPA0740"	235	"PANTHER"	"PTHR43537:SF34"	"PYRUVATE DEHYDROGENASE COMPLEX REPRESSOR"	8	230	"3.4E-29"	"-"	"-"	""
"PPA0740"	235	"PANTHER"	"PTHR43537"	"TRANSCRIPTIONAL REGULATOR, GNTR FAMILY"	8	230	"3.4E-29"	"-"	"-"	""
"PPA0741"	276	"PANTHER"	"PTHR43537:SF34"	"PYRUVATE DEHYDROGENASE COMPLEX REPRESSOR"	37	246	"9.9E-24"	"-"	"-"	""
"PPA0741"	276	"PANTHER"	"PTHR43537"	"TRANSCRIPTIONAL REGULATOR, GNTR FAMILY"	37	246	"9.9E-24"	"-"	"-"	""
"PPA0742"	994	"PANTHER"	"PTHR11773"	"GLYCINE DEHYDROGENASE, DECARBOXYLATING"	12	990	"0.0"	"IPR020581"	"Glycine cleavage system P protein"	"GO:0004375|GO:0006546"
"PPA0742"	994	"PANTHER"	"PTHR11773:SF7"	"GLYCINE DEHYDROGENASE (DECARBOXYLATING)"	12	990	"0.0"	"-"	"-"	""
"PPA0743"	123	"PANTHER"	"PTHR11715"	"GLYCINE CLEAVAGE SYSTEM H PROTEIN"	3	122	"1.4E-41"	"IPR002930"	"Glycine cleavage system H-protein"	"GO:0005960|GO:0019464"
"PPA0743"	123	"PANTHER"	"PTHR11715:SF3"	"GLYCINE CLEAVAGE SYSTEM H PROTEIN, MITOCHONDRIAL"	3	122	"1.4E-41"	"-"	"-"	""
"PPA0744"	371	"PANTHER"	"PTHR43757:SF2"	"AMINOMETHYLTRANSFERASE, MITOCHONDRIAL"	4	369	"2.4E-98"	"-"	"-"	""
"PPA0744"	371	"PANTHER"	"PTHR43757"	"AMINOMETHYLTRANSFERASE"	4	369	"2.4E-98"	"IPR028896"	"Aminomethyltransferase-like"	"-"
"PPA0746"	737	"PANTHER"	"PTHR42736"	"PROTEIN-GLUTAMINE GAMMA-GLUTAMYLTRANSFERASE"	40	713	"9.2E-49"	"-"	"-"	""
"PPA0747"	380	"PANTHER"	"PTHR34351"	"SLR1927 PROTEIN-RELATED"	4	247	"7.6E-38"	"-"	"-"	""
"PPA0748"	347	"PANTHER"	"PTHR11603"	"AAA FAMILY ATPASE"	32	341	"4.0E-125"	"-"	"-"	""
"PPA0748"	347	"PANTHER"	"PTHR11603:SF132"	"MOXR PROTEIN"	32	341	"4.0E-125"	"-"	"-"	""
"PPA0749"	160	"PANTHER"	"PTHR34701"	"TRANSCRIPTIONAL REGULATOR MRAZ"	20	156	"9.5E-40"	"IPR003444"	"Transcriptional regulator MraZ"	"GO:0003700|GO:0006355"
"PPA0750"	337	"PANTHER"	"PTHR11265"	"S-ADENOSYL-METHYLTRANSFERASE MRAW"	12	322	"8.5E-89"	"IPR002903"	"Ribosomal RNA small subunit methyltransferase H"	"GO:0008168"
"PPA0752"	641	"PANTHER"	"PTHR30627:SF1"	"PEPTIDOGLYCAN D,D-TRANSPEPTIDASE FTSI"	48	634	"0.0"	"-"	"-"	""
"PPA0752"	641	"PANTHER"	"PTHR30627"	"PEPTIDOGLYCAN D,D-TRANSPEPTIDASE"	48	634	"0.0"	"-"	"-"	""
"PPA0753"	499	"PANTHER"	"PTHR23135:SF4"	"UDP-N-ACETYLMURAMOYL-L-ALANYL-D-GLUTAMATE--2,6-DIAMINOPIMELATE LIGASE MURE HOMOLOG, CHLOROPLASTIC"	12	486	"0.0"	"-"	"-"	""
"PPA0753"	499	"PANTHER"	"PTHR23135"	"MUR LIGASE FAMILY MEMBER"	12	486	"0.0"	"-"	"-"	""
"PPA0754"	485	"PANTHER"	"PTHR43024"	"UDP-N-ACETYLMURAMOYL-TRIPEPTIDE--D-ALANYL-D-ALANINE LIGASE"	1	481	"2.9E-107"	"-"	"-"	""
"PPA0755"	356	"PANTHER"	"PTHR22926:SF5"	"PHOSPHO-N-ACETYLMURAMOYL-PENTAPEPTIDE-TRANSFERASE HOMOLOG"	7	341	"9.1E-83"	"-"	"-"	""
"PPA0755"	356	"PANTHER"	"PTHR22926"	"PHOSPHO-N-ACETYLMURAMOYL-PENTAPEPTIDE-TRANSFERASE"	7	341	"9.1E-83"	"IPR000715"	"Glycosyl transferase, family 4"	"GO:0008963|GO:0016021"
"PPA0756"	493	"PANTHER"	"PTHR43692"	"UDP-N-ACETYLMURAMOYLALANINE--D-GLUTAMATE LIGASE"	18	485	"4.4E-117"	"-"	"-"	""
"PPA0757"	440	"PANTHER"	"PTHR30474:SF2"	"PEPTIDOGLYCAN GLYCOSYLTRANSFERASE FTSW-RELATED"	53	421	"1.1E-91"	"-"	"-"	""
"PPA0757"	440	"PANTHER"	"PTHR30474"	"CELL CYCLE PROTEIN"	53	421	"1.1E-91"	"IPR001182"	"Probable peptidoglycan glycosyltransferase FtsW/RodA"	"GO:0016021|GO:0051301"
"PPA0758"	372	"PANTHER"	"PTHR21015"	"UDP-N-ACETYLGLUCOSAMINE--N-ACETYLMURAMYL-(PENTAPEPTIDE) PYROPHOSPHORYL-UNDECAPRENOL N-ACETYLGLUCOSAMINE TRANSFERASE 1"	1	357	"2.6E-76"	"-"	"-"	""
"PPA0759"	471	"PANTHER"	"PTHR43445"	"UDP-N-ACETYLMURAMATE--L-ALANINE LIGASE-RELATED"	17	465	"5.3E-130"	"-"	"-"	""
"PPA0759"	471	"PANTHER"	"PTHR43445:SF3"	"UDP-N-ACETYLMURAMATE--L-ALANINE LIGASE"	17	465	"5.3E-130"	"-"	"-"	""
"PPA0760"	237	"PANTHER"	"PTHR37820"	"CELL DIVISION PROTEIN DIVIB"	11	236	"7.2E-33"	"-"	"-"	""
"PPA0761"	417	"PANTHER"	"PTHR30314:SF3"	"MITOCHONDRIAL DIVISION PROTEIN FSZA"	6	417	"0.0"	"-"	"-"	""
"PPA0761"	417	"PANTHER"	"PTHR30314"	"CELL DIVISION PROTEIN FTSZ-RELATED"	6	417	"0.0"	"IPR045061"	"Tubulin-like protein  FtsZ/CetZ"	"GO:0003924|GO:0005525"
"PPA0762"	261	"PANTHER"	"PTHR30616"	"UNCHARACTERIZED PROTEIN YFIH"	35	255	"2.7E-44"	"IPR003730"	"Multi-copper polyphenol oxidoreductase"	"-"
"PPA0763"	172	"PANTHER"	"PTHR35798"	"CELL DIVISION PROTEIN SEPF"	1	171	"8.1E-40"	"IPR023052"	"Cell division protein SepF"	"GO:0090529"
"PPA0765"	361	"PANTHER"	"PTHR35794"	"CELL DIVISION PROTEIN DIVIVA"	1	132	"8.9E-12"	"IPR007793"	"DivIVA family"	"-"
"PPA0765"	361	"PANTHER"	"PTHR35794"	"CELL DIVISION PROTEIN DIVIVA"	231	322	"8.9E-12"	"IPR007793"	"DivIVA family"	"-"
"PPA0766"	146	"PANTHER"	"PTHR33823:SF2"	"RNA POLYMERASE-BINDING TRANSCRIPTION FACTOR DKSA"	25	145	"8.3E-27"	"-"	"-"	""
"PPA0766"	146	"PANTHER"	"PTHR33823"	"RNA POLYMERASE-BINDING TRANSCRIPTION FACTOR DKSA-RELATED"	25	145	"8.3E-27"	"-"	"-"	""
"PPA0767"	182	"PANTHER"	"PTHR33695"	"LIPOPROTEIN SIGNAL PEPTIDASE"	28	178	"2.5E-27"	"IPR001872"	"Peptidase A8, signal peptidase II"	"GO:0004190|GO:0006508|GO:0016020"
"PPA0768"	306	"PANTHER"	"PTHR21600"	"MITOCHONDRIAL RNA PSEUDOURIDINE SYNTHASE"	11	304	"3.2E-77"	"-"	"-"	""
"PPA0768"	306	"PANTHER"	"PTHR21600:SF57"	"RIBOSOMAL LARGE SUBUNIT PSEUDOURIDINE SYNTHASE D"	11	304	"3.2E-77"	"-"	"-"	""
"PPA0769"	477	"PANTHER"	"PTHR11817:SF92"	"PYRUVATE KINASE I"	2	472	"0.0"	"-"	"-"	""
"PPA0769"	477	"PANTHER"	"PTHR11817"	"PYRUVATE KINASE"	2	472	"0.0"	"IPR001697"	"Pyruvate kinase"	"GO:0000287|GO:0004743|GO:0006096|GO:0030955"
"PPA0770"	143	"PANTHER"	"PTHR28259:SF14"	"FLUORIDE ION TRANSPORTER CRCB-RELATED"	16	131	"2.9E-19"	"-"	"-"	""
"PPA0770"	143	"PANTHER"	"PTHR28259"	"FLUORIDE EXPORT PROTEIN 1-RELATED"	16	131	"2.9E-19"	"IPR003691"	"Putative fluoride ion transporter CrcB"	"GO:0016021"
"PPA0771"	123	"PANTHER"	"PTHR28259"	"FLUORIDE EXPORT PROTEIN 1-RELATED"	2	118	"5.3E-20"	"IPR003691"	"Putative fluoride ion transporter CrcB"	"GO:0016021"
"PPA0771"	123	"PANTHER"	"PTHR28259:SF14"	"FLUORIDE ION TRANSPORTER CRCB-RELATED"	2	118	"5.3E-20"	"-"	"-"	""
"PPA0772"	210	"PANTHER"	"PTHR43367"	"-"	20	207	"1.5E-38"	"-"	"-"	""
"PPA0773"	137	"PANTHER"	"PTHR43240"	"1,4-DIHYDROXY-2-NAPHTHOYL-COA THIOESTERASE 1"	20	136	"2.8E-12"	"-"	"-"	""
"PPA0773"	137	"PANTHER"	"PTHR43240:SF1"	"BLR5584 PROTEIN"	20	136	"2.8E-12"	"-"	"-"	""
"PPA0774"	931	"PANTHER"	"PTHR10133:SF27"	"DNA POLYMERASE THETA"	409	929	"0.0"	"-"	"-"	""
"PPA0774"	931	"PANTHER"	"PTHR10133:SF27"	"DNA POLYMERASE THETA"	33	295	"0.0"	"-"	"-"	""
"PPA0774"	931	"PANTHER"	"PTHR10133"	"DNA POLYMERASE I"	409	929	"0.0"	"IPR002298"	"DNA polymerase A"	"GO:0003887|GO:0006261"
"PPA0774"	931	"PANTHER"	"PTHR10133"	"DNA POLYMERASE I"	33	295	"0.0"	"IPR002298"	"DNA polymerase A"	"GO:0003887|GO:0006261"
"PPA0775"	809	"PANTHER"	"PTHR11748:SF65"	"FAD LINKED OXIDASE, N-TERMINAL"	4	800	"0.0"	"-"	"-"	""
"PPA0775"	809	"PANTHER"	"PTHR11748"	"D-LACTATE DEHYDROGENASE"	4	800	"0.0"	"-"	"-"	""
"PPA0776"	155	"PANTHER"	"PTHR11748"	"D-LACTATE DEHYDROGENASE"	8	139	"3.1E-31"	"-"	"-"	""
"PPA0776"	155	"PANTHER"	"PTHR11748:SF65"	"FAD LINKED OXIDASE, N-TERMINAL"	8	139	"3.1E-31"	"-"	"-"	""
"PPA0778"	498	"PANTHER"	"PTHR10724"	"30S RIBOSOMAL PROTEIN S1"	38	384	"2.1E-118"	"-"	"-"	""
"PPA0778"	498	"PANTHER"	"PTHR10724:SF7"	"30S RIBOSOMAL PROTEIN S1, CHLOROPLASTIC"	38	384	"2.1E-118"	"IPR035104"	"Ribosomal protein S1-like"	"-"
"PPA0780"	439	"PANTHER"	"PTHR30535:SF4"	"HIGH-AFFINITY HEME UPTAKE SYSTEM PROTEIN ISDE"	82	437	"8.7E-55"	"-"	"-"	""
"PPA0780"	439	"PANTHER"	"PTHR30535"	"VITAMIN B12-BINDING PROTEIN"	82	437	"8.7E-55"	"-"	"-"	""
"PPA0781"	352	"PANTHER"	"PTHR30472"	"FERRIC ENTEROBACTIN TRANSPORT SYSTEM PERMEASE PROTEIN"	21	346	"8.7E-90"	"IPR000522"	"ABC transporter, permease protein, BtuC-like"	"GO:0016020|GO:0022857"
"PPA0781"	352	"PANTHER"	"PTHR30472:SF25"	"ABC TRANSPORTER PERMEASE PROTEIN MJ0876-RELATED"	21	346	"8.7E-90"	"-"	"-"	""
"PPA0782"	259	"PANTHER"	"PTHR42794"	"HEMIN IMPORT ATP-BINDING PROTEIN HMUV"	1	249	"4.2E-80"	"-"	"-"	""
"PPA0782"	259	"PANTHER"	"PTHR42794:SF1"	"HEMIN IMPORT ATP-BINDING PROTEIN HMUV"	1	249	"4.2E-80"	"-"	"-"	""
"PPA0783"	569	"PANTHER"	"PTHR24221:SF261"	"ATP-BINDING/PERMEASE PROTEIN CYDD"	14	546	"6.1E-73"	"-"	"-"	""
"PPA0783"	569	"PANTHER"	"PTHR24221"	"ATP-BINDING CASSETTE SUB-FAMILY B"	14	546	"6.1E-73"	"IPR039421"	"Type 1 protein exporter"	"-"
"PPA0784"	556	"PANTHER"	"PTHR24222"	"ABC TRANSPORTER B FAMILY"	24	551	"4.2E-81"	"-"	"-"	""
"PPA0784"	556	"PANTHER"	"PTHR24222:SF30"	"ATP-BINDING/PERMEASE PROTEIN CYDC"	24	551	"4.2E-81"	"-"	"-"	""
"PPA0785"	231	"PANTHER"	"PTHR10695:SF46"	"BIFUNCTIONAL COENZYME A SYNTHASE-RELATED"	29	223	"7.1E-43"	"-"	"-"	""
"PPA0785"	231	"PANTHER"	"PTHR10695"	"DEPHOSPHO-COA KINASE-RELATED"	29	223	"7.1E-43"	"-"	"-"	""
"PPA0787"	273	"PANTHER"	"PTHR32039"	"MAGNESIUM-CHELATASE SUBUNIT CHLI"	35	262	"2.7E-120"	"IPR045006"	"Magnesium-chelatase subunit ChlI-like"	"-"
"PPA0787"	273	"PANTHER"	"PTHR32039:SF14"	"MAGNESIUM-CHELATASE SUBUNIT CHLI HOMOLOG"	35	262	"2.7E-120"	"-"	"-"	""
"PPA0788"	600	"PANTHER"	"PTHR43473"	"MAGNESIUM-CHELATASE SUBUNIT CHLD, CHLOROPLASTIC"	61	530	"1.8E-68"	"-"	"-"	""
"PPA0788"	600	"PANTHER"	"PTHR43473"	"MAGNESIUM-CHELATASE SUBUNIT CHLD, CHLOROPLASTIC"	3	58	"1.8E-68"	"-"	"-"	""
"PPA0790"	470	"PANTHER"	"PTHR44119"	"MAGNESIUM-CHELATASE SUBUNIT CHLH, CHLOROPLASTIC"	19	462	"0.0"	"IPR003672"	"CobN/magnesium chelatase"	"GO:0009058"
"PPA0791"	857	"PANTHER"	"PTHR44119"	"MAGNESIUM-CHELATASE SUBUNIT CHLH, CHLOROPLASTIC"	16	802	"3.8E-103"	"IPR003672"	"CobN/magnesium chelatase"	"GO:0009058"
"PPA0792"	265	"PANTHER"	"PTHR42794"	"HEMIN IMPORT ATP-BINDING PROTEIN HMUV"	6	259	"1.0E-76"	"-"	"-"	""
"PPA0793"	270	"PANTHER"	"PTHR30472"	"FERRIC ENTEROBACTIN TRANSPORT SYSTEM PERMEASE PROTEIN"	1	268	"1.6E-76"	"IPR000522"	"ABC transporter, permease protein, BtuC-like"	"GO:0016020|GO:0022857"
"PPA0794"	259	"PANTHER"	"PTHR30535"	"VITAMIN B12-BINDING PROTEIN"	17	254	"2.8E-38"	"-"	"-"	""
"PPA0796"	91	"PANTHER"	"PTHR42798"	"LIPOPROTEIN-RELEASING SYSTEM ATP-BINDING PROTEIN LOLD"	1	90	"3.9E-24"	"-"	"-"	""
"PPA0797"	93	"PANTHER"	"PTHR24220"	"IMPORT ATP-BINDING PROTEIN"	5	93	"2.3E-20"	"-"	"-"	""
"PPA0803"	701	"PANTHER"	"PTHR24029"	"UVRABC SYSTEM PROTEIN B"	10	698	"0.0"	"IPR004807"	"UvrABC system, subunit B"	"GO:0003677|GO:0005524|GO:0006289|GO:0009380|GO:0016887"
"PPA0803"	701	"PANTHER"	"PTHR24029:SF0"	"UVRABC SYSTEM PROTEIN B"	10	698	"0.0"	"-"	"-"	""
"PPA0804"	329	"PANTHER"	"PTHR30238:SF0"	"THYLAKOID MEMBRANE PROTEIN TERC, CHLOROPLASTIC"	19	324	"1.1E-78"	"IPR022369"	"Integral membrane protein TerC, riboswitch-linked"	"GO:0016021"
"PPA0804"	329	"PANTHER"	"PTHR30238"	"MEMBRANE BOUND PREDICTED REDOX MODULATOR"	19	324	"1.1E-78"	"-"	"-"	""
"PPA0805"	218	"PANTHER"	"PTHR46233"	"HYDROXYACYLGLUTATHIONE HYDROLASE GLOC"	15	218	"7.7E-51"	"-"	"-"	""
"PPA0805"	218	"PANTHER"	"PTHR46233:SF1"	"HYDROLASE-RELATED"	15	218	"7.7E-51"	"-"	"-"	""
"PPA0807"	989	"PANTHER"	"PTHR43152"	"UVRABC SYSTEM PROTEIN A"	5	949	"0.0"	"-"	"-"	""
"PPA0807"	989	"PANTHER"	"PTHR43152:SF3"	"UVRABC SYSTEM PROTEIN A"	5	949	"0.0"	"-"	"-"	""
"PPA0809"	248	"PANTHER"	"PTHR48100"	"BROAD-SPECIFICITY PHOSPHATASE YOR283W-RELATED"	1	231	"3.5E-21"	"-"	"-"	""
"PPA0809"	248	"PANTHER"	"PTHR48100:SF26"	"PHOSPHOGLYCERATE MUTASE"	1	231	"3.5E-21"	"-"	"-"	""
"PPA0812"	686	"PANTHER"	"PTHR30562:SF1"	"UVRABC SYSTEM PROTEIN C"	15	660	"0.0"	"-"	"-"	""
"PPA0812"	686	"PANTHER"	"PTHR30562"	"UVRC/OXIDOREDUCTASE"	15	660	"0.0"	"-"	"-"	""
"PPA0813"	291	"PANTHER"	"PTHR30448"	"UNCHARACTERIZED"	4	290	"2.5E-84"	"IPR005337"	"RapZ-like family"	"GO:0005524"
"PPA0814"	322	"PANTHER"	"PTHR30135"	"UNCHARACTERIZED PROTEIN YVCK-RELATED"	8	318	"9.4E-85"	"IPR010119"	"Gluconeogenesis factor"	"-"
"PPA0815"	329	"PANTHER"	"PTHR37307"	"CELL DIVISION PROTEIN WHIA-RELATED"	1	310	"1.6E-90"	"IPR003802"	"Sporulation regulator WhiA"	"GO:0043937"
"PPA0816"	335	"PANTHER"	"PTHR43148"	"GLYCERALDEHYDE-3-PHOSPHATE DEHYDROGENASE 2"	1	333	"0.0"	"IPR020831"	"Glyceraldehyde/Erythrose phosphate dehydrogenase family"	"GO:0016620"
"PPA0816"	335	"PANTHER"	"PTHR43148:SF11"	"GLYCERALDEHYDE-3-PHOSPHATE DEHYDROGENASE 1"	1	333	"0.0"	"-"	"-"	""
"PPA0817"	402	"PANTHER"	"PTHR11406"	"PHOSPHOGLYCERATE KINASE"	2	401	"0.0"	"IPR001576"	"Phosphoglycerate kinase"	"GO:0004618|GO:0006096"
"PPA0817"	402	"PANTHER"	"PTHR11406:SF23"	"PHOSPHOGLYCERATE KINASE 1, CHLOROPLASTIC-RELATED"	2	401	"0.0"	"-"	"-"	""
"PPA0818"	259	"PANTHER"	"PTHR21139:SF25"	"SENESCENCE MARKER PROTEIN-30 (SMP-30)"	2	256	"4.0E-83"	"-"	"-"	""
"PPA0818"	259	"PANTHER"	"PTHR21139"	"TRIOSEPHOSPHATE ISOMERASE"	2	256	"4.0E-83"	"IPR000652"	"Triosephosphate isomerase"	"GO:0004807"
"PPA0821"	481	"PANTHER"	"PTHR11136"	"FOLYLPOLYGLUTAMATE SYNTHASE-RELATED"	18	436	"6.8E-98"	"IPR001645"	"Folylpolyglutamate synthetase"	"GO:0004326|GO:0005524|GO:0009396"
"PPA0821"	481	"PANTHER"	"PTHR11136:SF0"	"DIHYDROFOLATE SYNTHETASE-RELATED"	18	436	"6.8E-98"	"-"	"-"	""
"PPA0823"	142	"PANTHER"	"PTHR11349:SF101"	"NUCLEOSIDE DIPHOSPHATE KINASE, CYTOSOLIC"	6	138	"9.9E-42"	"-"	"-"	""
"PPA0823"	142	"PANTHER"	"PTHR11349"	"NUCLEOSIDE DIPHOSPHATE KINASE"	6	138	"9.9E-42"	"-"	"-"	""
"PPA0824"	650	"PANTHER"	"PTHR42731:SF1"	"SLL1084 PROTEIN"	10	622	"0.0"	"-"	"-"	""
"PPA0824"	650	"PANTHER"	"PTHR42731"	"SLL1084 PROTEIN"	10	622	"0.0"	"-"	"-"	""
"PPA0825"	244	"PANTHER"	"PTHR42731"	"SLL1084 PROTEIN"	17	228	"2.4E-36"	"-"	"-"	""
"PPA0825"	244	"PANTHER"	"PTHR42731:SF6"	"-"	17	228	"2.4E-36"	"-"	"-"	""
"PPA0826"	874	"PANTHER"	"PTHR30001"	"RIBONUCLEASE"	432	838	"0.0"	"IPR004659"	"Ribonuclease E/G"	"GO:0003723|GO:0004540|GO:0006396"
"PPA0826"	874	"PANTHER"	"PTHR30001:SF0"	"RIBONUCLEASE G"	432	838	"0.0"	"-"	"-"	""
"PPA0827"	102	"PANTHER"	"PTHR21349"	"50S RIBOSOMAL PROTEIN L21"	2	102	"4.7E-21"	"IPR028909"	"Ribosomal protein L21-like"	"GO:0005840"
"PPA0829"	89	"PANTHER"	"PTHR15893"	"RIBOSOMAL PROTEIN L27"	1	85	"3.6E-31"	"IPR001684"	"Ribosomal protein L27"	"GO:0003735|GO:0005840|GO:0006412"
"PPA0831"	202	"PANTHER"	"PTHR30055"	"HTH-TYPE TRANSCRIPTIONAL REGULATOR RUTR"	2	197	"4.1E-15"	"-"	"-"	""
"PPA0832"	587	"PANTHER"	"PTHR23501:SF147"	"COMD"	13	528	"0.0"	"-"	"-"	""
"PPA0832"	587	"PANTHER"	"PTHR23501"	"MAJOR FACILITATOR SUPERFAMILY"	13	528	"0.0"	"-"	"-"	""
"PPA0833"	505	"PANTHER"	"PTHR11702:SF31"	"MITOCHONDRIAL RIBOSOME-ASSOCIATED GTPASE 2"	4	404	"2.2E-125"	"-"	"-"	""
"PPA0833"	505	"PANTHER"	"PTHR11702"	"DEVELOPMENTALLY REGULATED GTP-BINDING PROTEIN-RELATED"	4	404	"2.2E-125"	"IPR045086"	"OBG-type GTPase"	"GO:0003924|GO:0005525"
"PPA0834"	411	"PANTHER"	"PTHR43654:SF3"	"GLUTAMATE 5-KINASE"	31	388	"5.7E-112"	"-"	"-"	""
"PPA0834"	411	"PANTHER"	"PTHR43654"	"GLUTAMATE 5-KINASE"	31	388	"5.7E-112"	"-"	"-"	""
"PPA0835"	415	"PANTHER"	"PTHR11063:SF8"	"DELTA-1-PYRROLINE-5-CARBOXYLATE SYNTHASE"	6	414	"9.4E-124"	"-"	"-"	""
"PPA0835"	415	"PANTHER"	"PTHR11063"	"GLUTAMATE SEMIALDEHYDE DEHYDROGENASE"	6	414	"9.4E-124"	"-"	"-"	""
"PPA0836"	290	"PANTHER"	"PTHR39321"	"NICOTINATE-NUCLEOTIDE ADENYLYLTRANSFERASE-RELATED"	86	279	"2.1E-33"	"-"	"-"	""
"PPA0837"	134	"PANTHER"	"PTHR21043"	"IOJAP SUPERFAMILY ORTHOLOG"	10	120	"1.7E-24"	"IPR004394"	"Protein Iojap/ribosomal silencing factor RsfS"	"-"
"PPA0838"	195	"PANTHER"	"PTHR48100"	"BROAD-SPECIFICITY PHOSPHATASE YOR283W-RELATED"	2	158	"8.7E-20"	"-"	"-"	""
"PPA0838"	195	"PANTHER"	"PTHR48100:SF18"	"GLUCOSYL-3-PHOSPHOGLYCERATE PHOSPHATASE"	2	158	"8.7E-20"	"-"	"-"	""
"PPA0844"	199	"PANTHER"	"PTHR19211"	"ATP-BINDING TRANSPORT PROTEIN-RELATED"	38	180	"6.8E-27"	"-"	"-"	""
"PPA0844"	199	"PANTHER"	"PTHR19211:SF116"	"ABC TRANSPORTER ATP BINDING PROTEIN-RELATED"	38	180	"6.8E-27"	"-"	"-"	""
"PPA0845"	177	"PANTHER"	"PTHR19211:SF116"	"ABC TRANSPORTER ATP BINDING PROTEIN-RELATED"	3	166	"7.5E-22"	"-"	"-"	""
"PPA0845"	177	"PANTHER"	"PTHR19211"	"ATP-BINDING TRANSPORT PROTEIN-RELATED"	3	166	"7.5E-22"	"-"	"-"	""
"PPA0849"	563	"PANTHER"	"PTHR43788:SF6"	"RECBCD ENZYME SUBUNIT RECD"	64	437	"1.2E-14"	"-"	"-"	""
"PPA0849"	563	"PANTHER"	"PTHR43788"	"DNA2/NAM7 HELICASE FAMILY MEMBER"	64	437	"1.2E-14"	"-"	"-"	""
"PPA0851"	535	"PANTHER"	"PTHR43581:SF1"	"ATP-DEPENDENT ENDONUCLEASE, OLD FAMILY-RELATED"	168	415	"2.4E-35"	"-"	"-"	""
"PPA0851"	535	"PANTHER"	"PTHR43581:SF1"	"ATP-DEPENDENT ENDONUCLEASE, OLD FAMILY-RELATED"	1	51	"2.4E-35"	"-"	"-"	""
"PPA0851"	535	"PANTHER"	"PTHR43581"	"ATP/GTP PHOSPHATASE"	1	51	"2.4E-35"	"-"	"-"	""
"PPA0851"	535	"PANTHER"	"PTHR43581"	"ATP/GTP PHOSPHATASE"	168	415	"2.4E-35"	"-"	"-"	""
"PPA0852"	562	"PANTHER"	"PTHR11070"	"UVRD / RECB / PCRA DNA HELICASE FAMILY MEMBER"	18	536	"2.4E-51"	"IPR000212"	"DNA helicase, UvrD/REP type"	"GO:0003677|GO:0003678|GO:0005524"
"PPA0862"	439	"PANTHER"	"PTHR37809"	"RIBOSOMAL PROTEIN S12 METHYLTHIOTRANSFERASE ACCESSORY FACTOR YCAO"	64	438	"2.4E-53"	"-"	"-"	""
"PPA0869"	168	"PANTHER"	"PTHR31862"	"UPF0261 DOMAIN PROTEIN (AFU_ORTHOLOGUE AFUA_1G10120)"	1	158	"7.7E-57"	"-"	"-"	""
"PPA0870"	103	"PANTHER"	"PTHR31862"	"UPF0261 DOMAIN PROTEIN (AFU_ORTHOLOGUE AFUA_1G10120)"	13	100	"9.0E-32"	"-"	"-"	""
"PPA0873"	62	"PANTHER"	"PTHR31862"	"UPF0261 DOMAIN PROTEIN (AFU_ORTHOLOGUE AFUA_1G10120)"	1	51	"1.7E-13"	"-"	"-"	""
"PPA0874"	230	"PANTHER"	"PTHR31862"	"UPF0261 DOMAIN PROTEIN (AFU_ORTHOLOGUE AFUA_1G10120)"	3	226	"2.1E-65"	"-"	"-"	""
"PPA0875"	462	"PANTHER"	"PTHR46577"	"HTH-TYPE TRANSCRIPTIONAL REGULATORY PROTEIN GABR"	18	459	"5.4E-71"	"-"	"-"	""
"PPA0877"	779	"PANTHER"	"PTHR43152"	"UVRABC SYSTEM PROTEIN A"	16	767	"0.0"	"-"	"-"	""
"PPA0877"	779	"PANTHER"	"PTHR43152:SF2"	"ANTIBIOTIC/DRUG RESISTANCE ABC TRANSPORTER-RELATED"	16	767	"0.0"	"-"	"-"	""
"PPA0878"	314	"PANTHER"	"PTHR34294"	"TRANSCRIPTIONAL REGULATOR-RELATED"	6	311	"2.2E-72"	"-"	"-"	""
"PPA0879"	330	"PANTHER"	"PTHR10819"	"PHOSPHOTRIESTERASE-RELATED"	62	323	"1.7E-43"	"IPR001559"	"Phosphotriesterase"	"GO:0008270|GO:0009056"
"PPA0880"	217	"PANTHER"	"PTHR35039"	"3-KETO-L-GULONATE-6-PHOSPHATE DECARBOXYLASE SGBH-RELATED"	2	213	"2.3E-54"	"-"	"-"	""
"PPA0881"	295	"PANTHER"	"PTHR43489:SF8"	"L-RIBULOSE-5-PHOSPHATE 3-EPIMERASE ULAE"	6	288	"1.1E-58"	"-"	"-"	""
"PPA0881"	295	"PANTHER"	"PTHR43489"	"ISOMERASE"	6	288	"1.1E-58"	"-"	"-"	""
"PPA0882"	222	"PANTHER"	"PTHR22789:SF8"	"L-RIBULOSE-5-PHOSPHATE 4-EPIMERASE SGBE"	1	212	"1.3E-69"	"-"	"-"	""
"PPA0882"	222	"PANTHER"	"PTHR22789"	"FUCULOSE PHOSPHATE ALDOLASE"	1	212	"1.3E-69"	"-"	"-"	""
"PPA0883"	316	"PANTHER"	"PTHR43320"	"SUGAR KINASE"	2	302	"9.9E-59"	"-"	"-"	""
"PPA0883"	316	"PANTHER"	"PTHR43320:SF2"	"2-DEHYDRO-3-DEOXYGLUCONOKINASE"	2	302	"9.9E-59"	"-"	"-"	""
"PPA0884"	452	"PANTHER"	"PTHR23508"	"CARBOXYLIC ACID TRANSPORTER PROTEIN HOMOLOG"	17	450	"6.6E-61"	"-"	"-"	""
"PPA0886"	270	"PANTHER"	"PTHR20857"	"THIAMINE-PHOSPHATE PYROPHOSPHORYLASE"	56	269	"1.2E-56"	"-"	"-"	""
"PPA0887"	322	"PANTHER"	"PTHR43128:SF16"	"L-LACTATE DEHYDROGENASE"	9	317	"1.1E-93"	"-"	"-"	""
"PPA0887"	322	"PANTHER"	"PTHR43128"	"L-2-HYDROXYCARBOXYLATE DEHYDROGENASE (NAD(P)(+))"	9	317	"1.1E-93"	"-"	"-"	""
"PPA0888"	568	"PANTHER"	"PTHR23406"	"MALIC ENZYME-RELATED"	20	564	"0.0"	"-"	"-"	""
"PPA0888"	568	"PANTHER"	"PTHR23406:SF34"	"MALIC ENZYME-RELATED"	20	564	"0.0"	"-"	"-"	""
"PPA0892"	352	"PANTHER"	"PTHR31851"	"FE(2+)/MN(2+) TRANSPORTER PCL1"	110	348	"6.6E-42"	"IPR008217"	"Ccc1 family"	"GO:0005384|GO:0030026"
"PPA0893"	826	"PANTHER"	"PTHR43740"	"LEUCYL-TRNA SYNTHETASE"	6	825	"0.0"	"IPR002302"	"Leucine-tRNA ligase"	"GO:0000166|GO:0004823|GO:0005524|GO:0006429"
"PPA0894"	283	"PANTHER"	"PTHR21180"	"ENDONUCLEASE/EXONUCLEASE/PHOSPHATASE FAMILY DOMAIN-CONTAINING PROTEIN 1"	109	283	"2.3E-30"	"-"	"-"	""
"PPA0894"	283	"PANTHER"	"PTHR21180:SF32"	"ENDONUCLEASE/EXONUCLEASE/PHOSPHATASE FAMILY DOMAIN-CONTAINING PROTEIN 1"	109	283	"2.3E-30"	"-"	"-"	""
"PPA0895"	784	"PANTHER"	"PTHR30619"	"DNA INTERNALIZATION/COMPETENCE PROTEIN COMEC/REC2"	216	775	"1.1E-77"	"-"	"-"	""
"PPA0896"	569	"PANTHER"	"PTHR47396"	"TYPE I RESTRICTION ENZYME ECOKI R PROTEIN"	4	363	"1.8E-41"	"-"	"-"	""
"PPA0897"	321	"PANTHER"	"PTHR34388"	"DNA POLYMERASE III SUBUNIT DELTA"	9	318	"1.2E-46"	"-"	"-"	""
"PPA0898"	88	"PANTHER"	"PTHR33398:SF1"	"30S RIBOSOMAL PROTEIN S20"	1	87	"2.1E-21"	"-"	"-"	""
"PPA0898"	88	"PANTHER"	"PTHR33398"	"30S RIBOSOMAL PROTEIN S20"	1	87	"2.1E-21"	"IPR002583"	"Ribosomal protein S20"	"GO:0003723|GO:0003735|GO:0005840|GO:0006412"
"PPA0901"	611	"PANTHER"	"PTHR43512:SF4"	"TRANSLATION FACTOR GUF1, MITOCHONDRIAL"	10	603	"0.0"	"-"	"-"	""
"PPA0901"	611	"PANTHER"	"PTHR43512"	"TRANSLATION FACTOR GUF1-RELATED"	10	603	"0.0"	"IPR006297"	"Elongation factor 4"	"GO:0005525"
"PPA0902"	335	"PANTHER"	"PTHR48073"	"O-SUCCINYLBENZOATE SYNTHASE-RELATED"	79	287	"1.2E-36"	"-"	"-"	""
"PPA0903"	538	"PANTHER"	"PTHR42916"	"2-SUCCINYL-5-ENOLPYRUVYL-6-HYDROXY-3-CYCLOHEXENE-1-CARBOXYLATE SYNTHASE"	31	516	"4.7E-84"	"IPR004433"	"2-succinyl-5-enolpyruvyl-6-hydroxy-3-cyclohexene-1-carboxylic-acid synthase"	"GO:0009234|GO:0030976|GO:0070204"
"PPA0904"	451	"PANTHER"	"PTHR42839"	"ISOCHORISMATE SYNTHASE ENTC"	119	440	"1.7E-66"	"-"	"-"	""
"PPA0906"	416	"PANTHER"	"PTHR43201"	"ACYL-COA SYNTHETASE"	69	403	"7.4E-33"	"-"	"-"	""
"PPA0907"	329	"PANTHER"	"PTHR43113"	"NUCLEOSIDE-DIPHOSPHATE-SUGAR EPIMERASE"	50	327	"3.1E-96"	"IPR010198"	"1,4-Dihydroxy-2-naphthoyl-CoA synthase, MenB"	"GO:0008935|GO:0009234"
"PPA0908"	250	"PANTHER"	"PTHR43731:SF9"	"SLR1461 PROTEIN"	67	249	"2.4E-50"	"-"	"-"	""
"PPA0908"	250	"PANTHER"	"PTHR43731"	"RHOMBOID PROTEASE"	67	249	"2.4E-50"	"-"	"-"	""
"PPA0909"	222	"PANTHER"	"PTHR24095"	"ACETYL-COENZYME A SYNTHETASE"	1	43	"3.4E-84"	"-"	"-"	""
"PPA0909"	222	"PANTHER"	"PTHR24095"	"ACETYL-COENZYME A SYNTHETASE"	46	222	"3.4E-84"	"-"	"-"	""
"PPA0911"	393	"PANTHER"	"PTHR13932"	"COPROPORPHYRINIGEN III OXIDASE"	17	382	"9.1E-103"	"IPR034505"	"Anaerobic coproporphyrinogen-III oxidase"	"-"
"PPA0913"	253	"PANTHER"	"PTHR20854:SF42"	"INOSITOL-1-MONOPHOSPHATASE"	8	252	"4.6E-32"	"-"	"-"	""
"PPA0913"	253	"PANTHER"	"PTHR20854"	"INOSITOL MONOPHOSPHATASE"	8	252	"4.6E-32"	"-"	"-"	""
"PPA0914"	262	"PANTHER"	"PTHR42951"	"METALLO-BETA-LACTAMASE DOMAIN-CONTAINING"	154	245	"5.4E-26"	"-"	"-"	""
"PPA0914"	262	"PANTHER"	"PTHR42951"	"METALLO-BETA-LACTAMASE DOMAIN-CONTAINING"	49	138	"5.4E-26"	"-"	"-"	""
"PPA0914"	262	"PANTHER"	"PTHR42951:SF4"	"METALLO-BETA-LACTAMASE DOMAIN-CONTAINING PROTEIN 2"	49	138	"5.4E-26"	"-"	"-"	""
"PPA0914"	262	"PANTHER"	"PTHR42951:SF4"	"METALLO-BETA-LACTAMASE DOMAIN-CONTAINING PROTEIN 2"	154	245	"5.4E-26"	"-"	"-"	""
"PPA0915"	339	"PANTHER"	"PTHR34824"	"HEAT-INDUCIBLE TRANSCRIPTION REPRESSOR HRCA"	2	337	"1.2E-86"	"IPR002571"	"Heat-inducible transcription repressor HrcA"	"GO:0003677|GO:0006355"
"PPA0916"	392	"PANTHER"	"PTHR43096"	"DNAJ HOMOLOG 1, MITOCHONDRIAL-RELATED"	1	376	"1.9E-119"	"-"	"-"	""
"PPA0916"	392	"PANTHER"	"PTHR43096:SF48"	"CHAPERONE PROTEIN DNAJ"	1	376	"1.9E-119"	"-"	"-"	""
"PPA0917"	246	"PANTHER"	"PTHR30027"	"RIBOSOMAL RNA SMALL SUBUNIT METHYLTRANSFERASE E"	13	239	"1.0E-37"	"IPR006700"	"Ribosomal RNA small subunit methyltransferase E"	"GO:0006364|GO:0008168"
"PPA0918"	348	"PANTHER"	"PTHR43401:SF2"	"L-THREONINE 3-DEHYDROGENASE"	1	348	"1.2E-89"	"-"	"-"	""
"PPA0918"	348	"PANTHER"	"PTHR43401"	"L-THREONINE 3-DEHYDROGENASE"	1	348	"1.2E-89"	"-"	"-"	""
"PPA0919"	635	"PANTHER"	"PTHR30181"	"MANNITOL PERMEASE IIC COMPONENT"	18	633	"0.0"	"-"	"-"	""
"PPA0919"	635	"PANTHER"	"PTHR30181:SF2"	"PTS SYSTEM MANNITOL-SPECIFIC EIICBA COMPONENT"	18	633	"0.0"	"-"	"-"	""
"PPA0921"	716	"PANTHER"	"PTHR13710"	"DNA HELICASE RECQ FAMILY MEMBER"	29	392	"2.7E-81"	"-"	"-"	""
"PPA0923"	279	"PANTHER"	"PTHR22911"	"ACYL-MALONYL CONDENSING ENZYME-RELATED"	5	268	"2.2E-67"	"-"	"-"	""
"PPA0923"	279	"PANTHER"	"PTHR22911:SF37"	"THREONINE/HOMOSERINE EXPORTER RHTA"	5	268	"2.2E-67"	"-"	"-"	""
"PPA0924"	413	"PANTHER"	"PTHR46499"	"QUEUINE TRNA-RIBOSYLTRANSFERASE"	1	403	"5.6E-114"	"-"	"-"	""
"PPA0925"	449	"PANTHER"	"PTHR24421"	"NITRATE/NITRITE SENSOR PROTEIN NARX-RELATED"	37	436	"3.7E-57"	"-"	"-"	""
"PPA0925"	449	"PANTHER"	"PTHR24421:SF10"	"NITRATE/NITRITE SENSOR PROTEIN NARX"	37	436	"3.7E-57"	"-"	"-"	""
"PPA0926"	218	"PANTHER"	"PTHR43214"	"TWO-COMPONENT RESPONSE REGULATOR"	2	208	"8.0E-61"	"-"	"-"	""
"PPA0926"	218	"PANTHER"	"PTHR43214:SF35"	"TWO COMPONENT RESPONSE REGULATOR-RELATED"	2	208	"8.0E-61"	"-"	"-"	""
"PPA0927"	306	"PANTHER"	"PTHR43158"	"SKFA PEPTIDE EXPORT ATP-BINDING PROTEIN SKFE"	26	236	"3.9E-61"	"-"	"-"	""
"PPA0927"	306	"PANTHER"	"PTHR43158:SF2"	"SKFA PEPTIDE EXPORT ATP-BINDING PROTEIN SKFE"	26	236	"3.9E-61"	"-"	"-"	""
"PPA0931"	272	"PANTHER"	"PTHR34300"	"QUEUOSINE PRECURSOR TRANSPORTER-RELATED"	59	261	"8.7E-31"	"IPR003744"	"Queuosine precursor transporter"	"GO:1990397"
"PPA0931"	272	"PANTHER"	"PTHR34300:SF2"	"QUEUOSINE PRECURSOR TRANSPORTER-RELATED"	59	261	"8.7E-31"	"-"	"-"	""
"PPA0932"	307	"PANTHER"	"PTHR43722"	"PROLINE IMINOPEPTIDASE"	11	307	"9.5E-107"	"IPR005944"	"Proline iminopeptidase"	"GO:0004177|GO:0005737|GO:0006508"
"PPA0936"	339	"PANTHER"	"PTHR30473"	"PROTEIN PHOH"	16	326	"3.3E-126"	"-"	"-"	""
"PPA0936"	339	"PANTHER"	"PTHR30473:SF1"	"PHOH-LIKE PROTEIN"	16	326	"3.3E-126"	"-"	"-"	""
"PPA0938"	432	"PANTHER"	"PTHR22777"	"HEMOLYSIN-RELATED"	4	409	"5.1E-83"	"-"	"-"	""
"PPA0939"	340	"PANTHER"	"PTHR42698"	"GTPASE ERA"	18	340	"2.5E-82"	"IPR005662"	"GTP-binding protein Era"	"GO:0003723|GO:0005525"
"PPA0939"	340	"PANTHER"	"PTHR42698:SF2"	"GTPASE ERA-LIKE, CHLOROPLASTIC"	18	340	"2.5E-82"	"-"	"-"	""
"PPA0940"	496	"PANTHER"	"PTHR22642"	"IMIDAZOLONEPROPIONASE"	3	493	"1.1E-76"	"-"	"-"	""
"PPA0941"	581	"PANTHER"	"PTHR46911"	"-"	16	575	"0.0"	"-"	"-"	""
"PPA0941"	581	"PANTHER"	"PTHR46911:SF1"	"2-ISOPROPYLMALATE SYNTHASE"	16	575	"0.0"	"-"	"-"	""
"PPA0942"	268	"PANTHER"	"PTHR10291:SF36"	"BIFUNCTIONAL PROTEIN CRTB/UPPS"	23	263	"8.5E-115"	"-"	"-"	""
"PPA0942"	268	"PANTHER"	"PTHR10291"	"DEHYDRODOLICHYL DIPHOSPHATE SYNTHASE FAMILY MEMBER"	23	263	"8.5E-115"	"IPR001441"	"Decaprenyl diphosphate synthase-like"	"GO:0016765"
"PPA0944"	246	"PANTHER"	"PTHR33991"	"DNA REPAIR PROTEIN RECO"	1	245	"1.4E-54"	"IPR003717"	"Recombination protein O, RecO"	"GO:0006281|GO:0006310"
"PPA0945"	387	"PANTHER"	"PTHR24421"	"NITRATE/NITRITE SENSOR PROTEIN NARX-RELATED"	22	381	"1.5E-28"	"-"	"-"	""
"PPA0947"	223	"PANTHER"	"PTHR43214:SF35"	"TWO COMPONENT RESPONSE REGULATOR-RELATED"	3	211	"6.0E-48"	"-"	"-"	""
"PPA0947"	223	"PANTHER"	"PTHR43214"	"TWO-COMPONENT RESPONSE REGULATOR"	3	211	"6.0E-48"	"-"	"-"	""
"PPA0948"	137	"PANTHER"	"PTHR33202:SF2"	"FERRIC UPTAKE REGULATION PROTEIN"	5	130	"4.3E-34"	"-"	"-"	""
"PPA0948"	137	"PANTHER"	"PTHR33202"	"ZINC UPTAKE REGULATION PROTEIN"	5	130	"4.3E-34"	"IPR002481"	"Ferric-uptake regulator"	"GO:0003700|GO:0006355"
"PPA0949"	506	"PANTHER"	"PTHR10745:SF0"	"GLYCINE--TRNA LIGASE"	51	267	"0.0"	"-"	"-"	""
"PPA0949"	506	"PANTHER"	"PTHR10745:SF0"	"GLYCINE--TRNA LIGASE"	268	357	"0.0"	"-"	"-"	""
"PPA0949"	506	"PANTHER"	"PTHR10745:SF0"	"GLYCINE--TRNA LIGASE"	356	497	"0.0"	"-"	"-"	""
"PPA0949"	506	"PANTHER"	"PTHR10745"	"GLYCYL-TRNA SYNTHETASE/DNA POLYMERASE SUBUNIT GAMMA-2"	51	267	"0.0"	"IPR027031"	"Glycyl-tRNA synthetase/DNA polymerase subunit gamma-2"	"-"
"PPA0949"	506	"PANTHER"	"PTHR10745"	"GLYCYL-TRNA SYNTHETASE/DNA POLYMERASE SUBUNIT GAMMA-2"	356	497	"0.0"	"IPR027031"	"Glycyl-tRNA synthetase/DNA polymerase subunit gamma-2"	"-"
"PPA0949"	506	"PANTHER"	"PTHR10745"	"GLYCYL-TRNA SYNTHETASE/DNA POLYMERASE SUBUNIT GAMMA-2"	268	357	"0.0"	"IPR027031"	"Glycyl-tRNA synthetase/DNA polymerase subunit gamma-2"	"-"
"PPA0951"	710	"PANTHER"	"PTHR11632:SF53"	"FUMARATE REDUCTASE FLAVOPROTEIN SUBUNIT"	105	709	"0.0"	"IPR011280"	"Succinate dehydrogenase/fumarate reductase flavoprotein subunit, low-GC Gram-positive bacteria"	"-"
"PPA0951"	710	"PANTHER"	"PTHR11632"	"SUCCINATE DEHYDROGENASE 2 FLAVOPROTEIN SUBUNIT"	105	709	"0.0"	"IPR030664"	"FAD-dependent oxidoreductase SdhA/FrdA/AprA"	"-"
"PPA0952"	252	"PANTHER"	"PTHR11921"	"SUCCINATE DEHYDROGENASE IRON-SULFUR PROTEIN"	1	241	"2.4E-78"	"-"	"-"	""
"PPA0952"	252	"PANTHER"	"PTHR11921:SF41"	"4FE-4S FERREDOXIN IRON-SULFUR BINDING DOMAIN PROTEIN"	1	241	"2.4E-78"	"-"	"-"	""
"PPA0953"	588	"PANTHER"	"PTHR43463"	"NICOTINATE-NUCLEOTIDE--DIMETHYLBENZIMIDAZOLE PHOSPHORIBOSYLTRANSFERASE"	271	574	"4.4E-46"	"-"	"-"	""
"PPA0954"	411	"PANTHER"	"PTHR11082:SF25"	"TRNA-DIHYDROURIDINE SYNTHASE B"	47	358	"6.4E-80"	"-"	"-"	""
"PPA0954"	411	"PANTHER"	"PTHR11082"	"TRNA-DIHYDROURIDINE SYNTHASE"	47	358	"6.4E-80"	"-"	"-"	""
"PPA0955"	369	"PANTHER"	"PTHR11373:SF25"	"DEOXYGUANOSINETRIPHOSPHATE TRIPHOSPHOHYDROLASE-LIKE PROTEIN"	40	241	"3.3E-65"	"-"	"-"	""
"PPA0955"	369	"PANTHER"	"PTHR11373:SF25"	"DEOXYGUANOSINETRIPHOSPHATE TRIPHOSPHOHYDROLASE-LIKE PROTEIN"	263	354	"3.3E-65"	"-"	"-"	""
"PPA0955"	369	"PANTHER"	"PTHR11373"	"DEOXYNUCLEOSIDE TRIPHOSPHATE TRIPHOSPHOHYDROLASE"	263	354	"3.3E-65"	"-"	"-"	""
"PPA0955"	369	"PANTHER"	"PTHR11373"	"DEOXYNUCLEOSIDE TRIPHOSPHATE TRIPHOSPHOHYDROLASE"	40	241	"3.3E-65"	"-"	"-"	""
"PPA0956"	240	"PANTHER"	"PTHR30028"	"UPF0014 INNER MEMBRANE PROTEIN YBBM-RELATED"	3	220	"1.2E-30"	"IPR005226"	"UPF0014 family"	"-"
"PPA0957"	623	"PANTHER"	"PTHR30313"	"DNA PRIMASE"	7	614	"0.0"	"-"	"-"	""
"PPA0958"	270	"PANTHER"	"PTHR30603:SF45"	"RNA POLYMERASE SIGMA FACTOR SIGF, CHLOROPLASTIC"	10	180	"2.8E-24"	"-"	"-"	""
"PPA0958"	270	"PANTHER"	"PTHR30603:SF45"	"RNA POLYMERASE SIGMA FACTOR SIGF, CHLOROPLASTIC"	211	263	"2.8E-24"	"-"	"-"	""
"PPA0958"	270	"PANTHER"	"PTHR30603"	"RNA POLYMERASE SIGMA FACTOR RPO"	10	180	"2.8E-24"	"-"	"-"	""
"PPA0958"	270	"PANTHER"	"PTHR30603"	"RNA POLYMERASE SIGMA FACTOR RPO"	211	263	"2.8E-24"	"-"	"-"	""
"PPA0960"	326	"PANTHER"	"PTHR30137"	"LUCIFERASE-LIKE MONOOXYGENASE"	2	323	"2.0E-69"	"-"	"-"	""
"PPA0960"	326	"PANTHER"	"PTHR30137:SF6"	"LUCIFERASE-LIKE MONOOXYGENASE"	2	323	"2.0E-69"	"-"	"-"	""
"PPA0961"	467	"PANTHER"	"PTHR10788"	"TREHALOSE-6-PHOSPHATE SYNTHASE"	11	465	"6.6E-128"	"IPR001830"	"Glycosyl transferase, family 20"	"GO:0003824|GO:0005992"
"PPA0961"	467	"PANTHER"	"PTHR10788:SF97"	"BCDNA.GH08860"	11	465	"6.6E-128"	"-"	"-"	""
"PPA0962"	352	"PANTHER"	"PTHR43768"	"TREHALOSE 6-PHOSPHATE PHOSPHATASE"	90	303	"5.5E-22"	"IPR044651"	"Trehalose 6-phosphate  OTSB-like"	"GO:0004805|GO:0005992"
"PPA0962"	352	"PANTHER"	"PTHR43768:SF3"	"TREHALOSE 6-PHOSPHATE PHOSPHATASE"	90	303	"5.5E-22"	"-"	"-"	""
"PPA0963"	311	"PANTHER"	"PTHR10314"	"CYSTATHIONINE BETA-SYNTHASE"	3	306	"6.8E-119"	"-"	"-"	""
"PPA0964"	470	"PANTHER"	"PTHR46577"	"HTH-TYPE TRANSCRIPTIONAL REGULATORY PROTEIN GABR"	17	462	"1.7E-112"	"-"	"-"	""
"PPA0965"	304	"PANTHER"	"PTHR31829:SF0"	"PYRIDOXAL 5'-PHOSPHATE SYNTHASE SUBUNIT SNZ1-RELATED"	11	304	"0.0"	"-"	"-"	""
"PPA0965"	304	"PANTHER"	"PTHR31829"	"PYRIDOXAL 5'-PHOSPHATE SYNTHASE SUBUNIT SNZ1-RELATED"	11	304	"0.0"	"IPR001852"	"Pyridoxal 5'-phosphate synthase subunit PdxS/SNZ"	"GO:0042819|GO:0042823"
"PPA0966"	201	"PANTHER"	"PTHR31559:SF0"	"PYRIDOXAL 5'-PHOSPHATE SYNTHASE SUBUNIT SNO1-RELATED"	1	199	"5.7E-55"	"-"	"-"	""
"PPA0966"	201	"PANTHER"	"PTHR31559"	"PYRIDOXAL 5'-PHOSPHATE SYNTHASE SUBUNIT SNO"	1	199	"5.7E-55"	"IPR002161"	"Pyridoxal 5'-phosphate synthase subunit PdxT/SNO"	"GO:0004359|GO:0042819|GO:0042823"
"PPA0967"	423	"PANTHER"	"PTHR42684:SF17"	"ADENOSYLMETHIONINE-8-AMINO-7-OXONONANOATE AMINOTRANSFERASE"	3	407	"0.0"	"-"	"-"	""
"PPA0967"	423	"PANTHER"	"PTHR42684"	"ADENOSYLMETHIONINE-8-AMINO-7-OXONONANOATE AMINOTRANSFERASE"	3	407	"0.0"	"-"	"-"	""
"PPA0968"	234	"PANTHER"	"PTHR43210"	"DETHIOBIOTIN SYNTHETASE"	9	217	"9.5E-35"	"IPR004472"	"Dethiobiotin synthase BioD"	"GO:0000287|GO:0004141|GO:0005524|GO:0009102"
"PPA0968"	234	"PANTHER"	"PTHR43210:SF2"	"DETHIOBIOTIN SYNTHETASE"	9	217	"9.5E-35"	"-"	"-"	""
"PPA0969"	453	"PANTHER"	"PTHR42770:SF16"	"AMINO ACID PERMEASE-RELATED"	12	444	"3.2E-98"	"-"	"-"	""
"PPA0969"	453	"PANTHER"	"PTHR42770"	"AMINO ACID TRANSPORTER-RELATED"	12	444	"3.2E-98"	"-"	"-"	""
"PPA0973"	265	"PANTHER"	"PTHR10000"	"PHOSPHOSERINE PHOSPHATASE"	1	257	"8.4E-29"	"-"	"-"	""
"PPA0974"	372	"PANTHER"	"PTHR11603:SF148"	"METHANOL DEHYDROGENASE REGULATORY PROTEIN"	25	337	"1.8E-128"	"-"	"-"	""
"PPA0974"	372	"PANTHER"	"PTHR11603"	"AAA FAMILY ATPASE"	25	337	"1.8E-128"	"-"	"-"	""
"PPA0975"	347	"PANTHER"	"PTHR33608"	"BLL2464 PROTEIN"	31	330	"4.8E-56"	"-"	"-"	""
"PPA0976"	322	"PANTHER"	"PTHR22550"	"SPORE GERMINATION PROTEIN"	17	284	"3.1E-22"	"-"	"-"	""
"PPA0977"	318	"PANTHER"	"PTHR22550"	"SPORE GERMINATION PROTEIN"	45	280	"2.7E-21"	"-"	"-"	""
"PPA0978"	238	"PANTHER"	"PTHR10146:SF14"	"PYRIDOXAL PHOSPHATE HOMEOSTASIS PROTEIN"	2	232	"4.5E-59"	"-"	"-"	""
"PPA0978"	238	"PANTHER"	"PTHR10146"	"PROLINE SYNTHETASE CO-TRANSCRIBED BACTERIAL HOMOLOG PROTEIN"	2	232	"4.5E-59"	"IPR011078"	"Pyridoxal phosphate homeostasis protein"	"GO:0030170"
"PPA0980"	423	"PANTHER"	"PTHR11712"	"POLYKETIDE SYNTHASE-RELATED"	2	417	"0.0"	"IPR000794"	"Beta-ketoacyl synthase"	"-"
"PPA0980"	423	"PANTHER"	"PTHR11712:SF336"	"3-OXOACYL-[ACYL-CARRIER-PROTEIN] SYNTHASE 2"	2	417	"0.0"	"-"	"-"	""
"PPA0982"	81	"PANTHER"	"PTHR20863"	"ACYL CARRIER PROTEIN"	2	80	"3.2E-21"	"IPR003231"	"Acyl carrier protein (ACP)"	"GO:0006633"
"PPA0982"	81	"PANTHER"	"PTHR20863:SF28"	"ACYL CARRIER PROTEIN"	2	80	"3.2E-21"	"-"	"-"	""
"PPA0983"	332	"PANTHER"	"PTHR34069"	"3-OXOACYL-[ACYL-CARRIER-PROTEIN] SYNTHASE 3"	15	331	"4.8E-89"	"-"	"-"	""
"PPA0983"	332	"PANTHER"	"PTHR34069:SF2"	"3-OXOACYL-[ACYL-CARRIER-PROTEIN] SYNTHASE 3"	15	331	"4.8E-89"	"-"	"-"	""
"PPA0984"	333	"PANTHER"	"PTHR42681"	"MALONYL-COA-ACYL CARRIER PROTEIN TRANSACYLASE, MITOCHONDRIAL"	23	315	"3.3E-55"	"-"	"-"	""
"PPA0985"	304	"PANTHER"	"PTHR21708"	"PROBABLE 2-DEHYDROPANTOATE 2-REDUCTASE"	1	303	"2.0E-50"	"-"	"-"	""
"PPA0985"	304	"PANTHER"	"PTHR21708:SF26"	"2-DEHYDROPANTOATE 2-REDUCTASE-RELATED"	1	303	"2.0E-50"	"-"	"-"	""
"PPA0987"	481	"PANTHER"	"PTHR48020"	"PROTON MYO-INOSITOL COTRANSPORTER"	23	468	"1.0E-95"	"-"	"-"	""
"PPA0988"	413	"PANTHER"	"PTHR33744:SF7"	"-"	32	412	"4.2E-108"	"-"	"-"	""
"PPA0988"	413	"PANTHER"	"PTHR33744"	"CARBOHYDRATE DIACID REGULATOR"	32	412	"4.2E-108"	"-"	"-"	""
"PPA0989"	917	"PANTHER"	"PTHR43825:SF3"	"PYRUVATE DEHYDROGENASE E1 COMPONENT"	17	905	"0.0"	"IPR004660"	"Pyruvate dehydrogenase E1 component"	"GO:0016491"
"PPA0989"	917	"PANTHER"	"PTHR43825"	"PYRUVATE DEHYDROGENASE E1 COMPONENT"	17	905	"0.0"	"-"	"-"	""
"PPA0992"	81	"PANTHER"	"PTHR42715"	"BETA-GLUCOSIDASE"	1	68	"2.5E-18"	"-"	"-"	""
"PPA0993"	193	"PANTHER"	"PTHR11080"	"PYRAZINAMIDASE/NICOTINAMIDASE"	71	193	"2.8E-36"	"-"	"-"	""
"PPA0993"	193	"PANTHER"	"PTHR11080"	"PYRAZINAMIDASE/NICOTINAMIDASE"	3	64	"2.8E-36"	"-"	"-"	""
"PPA0994"	336	"PANTHER"	"PTHR43150"	"HYPERKINETIC, ISOFORM M"	7	332	"0.0"	"IPR005399"	"Potassium channel, voltage-dependent, beta subunit, KCNAB-related"	"-"
"PPA0994"	336	"PANTHER"	"PTHR43150:SF4"	"L-GLYCERALDEHYDE 3-PHOSPHATE REDUCTASE"	7	332	"0.0"	"-"	"-"	""
"PPA0995"	191	"PANTHER"	"PTHR11608"	"BIFUNCTIONAL PROTEIN PYRR"	11	186	"3.8E-66"	"-"	"-"	""
"PPA0997"	314	"PANTHER"	"PTHR11405"	"CARBAMOYLTRANSFERASE FAMILY MEMBER"	10	311	"6.2E-77"	"-"	"-"	""
"PPA0997"	314	"PANTHER"	"PTHR11405:SF16"	"ASPARTATE CARBAMOYLTRANSFERASE, CHLOROPLASTIC"	10	311	"6.2E-77"	"IPR002082"	"Aspartate carbamoyltransferase"	"GO:0004070|GO:0006207"
"PPA0998"	445	"PANTHER"	"PTHR43668:SF1"	"DIHYDROOROTASE-RELATED"	6	429	"5.6E-130"	"-"	"-"	""
"PPA0998"	445	"PANTHER"	"PTHR43668"	"ALLANTOINASE"	6	429	"5.6E-130"	"-"	"-"	""
"PPA0999"	362	"PANTHER"	"PTHR11405"	"CARBAMOYLTRANSFERASE FAMILY MEMBER"	3	355	"1.4E-124"	"-"	"-"	""
"PPA0999"	362	"PANTHER"	"PTHR11405:SF4"	"CARBAMOYL-PHOSPHATE SYNTHASE ARGININE-SPECIFIC SMALL CHAIN"	3	355	"1.4E-124"	"-"	"-"	""
"PPA1000"	1068	"PANTHER"	"PTHR11405"	"CARBAMOYLTRANSFERASE FAMILY MEMBER"	3	1060	"0.0"	"-"	"-"	""
"PPA1000"	1068	"PANTHER"	"PTHR11405:SF5"	"CAD PROTEIN"	3	1060	"0.0"	"-"	"-"	""
"PPA1001"	264	"PANTHER"	"PTHR43513:SF3"	"DIHYDROOROTATE DEHYDROGENASE B (NAD(+)), ELECTRON TRANSFER SUBUNIT-RELATED"	14	263	"1.5E-61"	"-"	"-"	""
"PPA1001"	264	"PANTHER"	"PTHR43513"	"DIHYDROOROTATE DEHYDROGENASE B (NAD(+)), ELECTRON TRANSFER SUBUNIT"	14	263	"1.5E-61"	"-"	"-"	""
"PPA1002"	307	"PANTHER"	"PTHR48109:SF1"	"DIHYDROOROTATE DEHYDROGENASE (FUMARATE)"	4	300	"3.7E-90"	"-"	"-"	""
"PPA1002"	307	"PANTHER"	"PTHR48109"	"DIHYDROOROTATE DEHYDROGENASE (QUINONE), MITOCHONDRIAL-RELATED"	4	300	"3.7E-90"	"-"	"-"	""
"PPA1003"	236	"PANTHER"	"PTHR32119:SF2"	"OROTIDINE 5'-PHOSPHATE DECARBOXYLASE"	4	231	"9.4E-52"	"IPR014732"	"Orotidine 5'-phosphate decarboxylase"	"GO:0004590|GO:0044205"
"PPA1003"	236	"PANTHER"	"PTHR32119"	"OROTIDINE 5'-PHOSPHATE DECARBOXYLASE"	4	231	"9.4E-52"	"-"	"-"	""
"PPA1004"	216	"PANTHER"	"PTHR19278:SF9"	"URIDINE 5'-MONOPHOSPHATE SYNTHASE"	5	208	"1.8E-40"	"-"	"-"	""
"PPA1004"	216	"PANTHER"	"PTHR19278"	"OROTATE PHOSPHORIBOSYLTRANSFERASE"	5	208	"1.8E-40"	"-"	"-"	""
"PPA1005"	268	"PANTHER"	"PTHR12149"	"FRUCTOSAMINE 3 KINASE-RELATED PROTEIN"	25	266	"6.7E-20"	"IPR016477"	"Fructosamine/Ketosamine-3-kinase"	"-"
"PPA1006"	481	"PANTHER"	"PTHR43837"	"RIBOSOMAL PROTEIN S12 METHYLTHIOTRANSFERASE RIMO"	9	478	"0.0"	"IPR005840"	"Ribosomal protein S12 methylthiotransferase RimO"	"GO:0005737|GO:0016740|GO:0018339|GO:0051539"
"PPA1007"	204	"PANTHER"	"PTHR14269:SF11"	"CARDIOLIPIN SYNTHASE (CMP-FORMING)"	8	181	"5.4E-35"	"-"	"-"	""
"PPA1007"	204	"PANTHER"	"PTHR14269"	"CDP-DIACYLGLYCEROL--GLYCEROL-3-PHOSPHATE 3-PHOSPHATIDYLTRANSFERASE-RELATED"	8	181	"5.4E-35"	"-"	"-"	""
"PPA1008"	161	"PANTHER"	"PTHR13939:SF0"	"NICOTINAMIDE-NUCLEOTIDE AMIDOHYDROLASE PNCC"	7	151	"2.7E-33"	"-"	"-"	""
"PPA1008"	161	"PANTHER"	"PTHR13939"	"NICOTINAMIDE-NUCLEOTIDE AMIDOHYDROLASE PNCC"	7	151	"2.7E-33"	"-"	"-"	""
"PPA1010"	267	"PANTHER"	"PTHR30363:SF29"	"GLYCEROL-3-PHOSPHATE REGULON REPRESSOR"	12	260	"5.7E-53"	"-"	"-"	""
"PPA1010"	267	"PANTHER"	"PTHR30363"	"HTH-TYPE TRANSCRIPTIONAL REGULATOR SRLR-RELATED"	12	260	"5.7E-53"	"-"	"-"	""
"PPA1012"	348	"PANTHER"	"PTHR45900:SF1"	"MITOCHONDRIAL DNA REPAIR PROTEIN RECA HOMOLOG"	1	332	"0.0"	"-"	"-"	""
"PPA1012"	348	"PANTHER"	"PTHR45900"	"RECA"	1	332	"0.0"	"IPR013765"	"DNA recombination and repair protein RecA"	"GO:0003697|GO:0005524|GO:0006281"
"PPA1013"	171	"PANTHER"	"PTHR33602"	"REGULATORY PROTEIN RECX FAMILY PROTEIN"	5	146	"6.3E-19"	"IPR003783"	"Regulatory protein RecX"	"GO:0006282"
"PPA1014"	542	"PANTHER"	"PTHR12826"	"RIBONUCLEASE Y"	3	538	"0.0"	"-"	"-"	""
"PPA1014"	542	"PANTHER"	"PTHR12826:SF15"	"RIBONUCLEASE Y"	3	538	"0.0"	"IPR017705"	"Ribonuclease Y"	"GO:0003723|GO:0006402|GO:0016020"
"PPA1015"	299	"PANTHER"	"PTHR10091"	"ALDOSE-1-EPIMERASE"	12	296	"8.1E-43"	"-"	"-"	""
"PPA1015"	299	"PANTHER"	"PTHR10091:SF15"	"ALDOSE-1-EPIMERASE-RELATED"	12	296	"8.1E-43"	"-"	"-"	""
"PPA1016"	513	"PANTHER"	"PTHR43652:SF6"	"ARGININE REPRESSOR-RELATED"	9	513	"0.0"	"IPR018387"	"Uncharacterised protein YcgA/YfcC"	"-"
"PPA1016"	513	"PANTHER"	"PTHR43652"	"BASIC AMINO ACID ANTIPORTER YFCC-RELATED"	9	513	"0.0"	"-"	"-"	""
"PPA1017"	494	"PANTHER"	"PTHR43020"	"CDK5 REGULATORY SUBUNIT-ASSOCIATED PROTEIN 1"	9	453	"0.0"	"-"	"-"	""
"PPA1019"	319	"PANTHER"	"PTHR11088"	"TRNA DIMETHYLALLYLTRANSFERASE"	10	290	"5.3E-59"	"IPR039657"	"Dimethylallyltransferase"	"-"
"PPA1019"	319	"PANTHER"	"PTHR11088:SF25"	"TRNA DIMETHYLALLYLTRANSFERASE"	10	290	"5.3E-59"	"-"	"-"	""
"PPA1020"	273	"PANTHER"	"PTHR31689"	"DIAMINOPIMELATE EPIMERASE, CHLOROPLASTIC"	3	269	"1.2E-60"	"IPR001653"	"Diaminopimelate epimerase, DapF"	"GO:0008837|GO:0009089"
"PPA1020"	273	"PANTHER"	"PTHR31689:SF0"	"DIAMINOPIMELATE EPIMERASE, CHLOROPLASTIC"	3	269	"1.2E-60"	"-"	"-"	""
"PPA1021"	483	"PANTHER"	"PTHR10229:SF0"	"GTP-BINDING PROTEIN 6-RELATED"	40	472	"0.0"	"-"	"-"	""
"PPA1021"	483	"PANTHER"	"PTHR10229"	"GTP-BINDING PROTEIN HFLX"	40	472	"0.0"	"IPR016496"	"GTPase HflX"	"GO:0005525"
"PPA1022"	682	"PANTHER"	"PTHR11472:SF59"	"ATP-DEPENDENT DNA HELICASE DING"	309	664	"9.9E-76"	"-"	"-"	""
"PPA1022"	682	"PANTHER"	"PTHR11472:SF59"	"ATP-DEPENDENT DNA HELICASE DING"	32	274	"9.9E-76"	"-"	"-"	""
"PPA1022"	682	"PANTHER"	"PTHR11472"	"DNA REPAIR DEAD HELICASE RAD3/XP-D SUBFAMILY MEMBER"	309	664	"9.9E-76"	"IPR045028"	"Helicase superfamily 1/2, DinG/Rad3-like"	"-"
"PPA1022"	682	"PANTHER"	"PTHR11472"	"DNA REPAIR DEAD HELICASE RAD3/XP-D SUBFAMILY MEMBER"	32	274	"9.9E-76"	"IPR045028"	"Helicase superfamily 1/2, DinG/Rad3-like"	"-"
"PPA1023"	224	"PANTHER"	"PTHR33516"	"LEXA REPRESSOR"	30	223	"6.9E-17"	"-"	"-"	""
"PPA1025"	169	"PANTHER"	"PTHR30455"	"TRANSCRIPTIONAL REPRESSOR NRDR"	2	151	"5.5E-51"	"IPR003796"	"Ribonucleotide reductase regulator NrdR-like"	"GO:0008270|GO:0045892"
"PPA1026"	950	"PANTHER"	"PTHR43371"	"VITAMIN B12-DEPENDENT RIBONUCLEOTIDE REDUCTASE"	43	950	"0.0"	"-"	"-"	""
"PPA1028"	284	"PANTHER"	"PTHR46268"	"STRESS RESPONSE PROTEIN NHAX"	14	149	"1.8E-30"	"-"	"-"	""
"PPA1028"	284	"PANTHER"	"PTHR46268"	"STRESS RESPONSE PROTEIN NHAX"	163	283	"1.8E-30"	"-"	"-"	""
"PPA1028"	284	"PANTHER"	"PTHR46268:SF11"	"UNIVERSAL STRESS PROTEIN YXIE"	163	283	"1.8E-30"	"-"	"-"	""
"PPA1028"	284	"PANTHER"	"PTHR46268:SF11"	"UNIVERSAL STRESS PROTEIN YXIE"	14	149	"1.8E-30"	"-"	"-"	""
"PPA1029"	1361	"PANTHER"	"PTHR18934"	"ATP-DEPENDENT RNA HELICASE"	20	811	"0.0"	"-"	"-"	""
"PPA1029"	1361	"PANTHER"	"PTHR18934:SF99"	"DEAH (ASP-GLU-ALA-HIS) BOX POLYPEPTIDE 37"	20	811	"0.0"	"-"	"-"	""
"PPA1030"	298	"PANTHER"	"PTHR11066"	"ACYL-COA THIOESTERASE"	6	279	"4.1E-60"	"IPR003703"	"Acyl-CoA thioesterase"	"GO:0006637|GO:0047617"
"PPA1030"	298	"PANTHER"	"PTHR11066:SF34"	"ACYL-COENZYME A THIOESTERASE 8"	6	279	"4.1E-60"	"-"	"-"	""
"PPA1031"	312	"PANTHER"	"PTHR30603:SF45"	"RNA POLYMERASE SIGMA FACTOR SIGF, CHLOROPLASTIC"	9	304	"7.8E-93"	"-"	"-"	""
"PPA1031"	312	"PANTHER"	"PTHR30603"	"RNA POLYMERASE SIGMA FACTOR RPO"	9	304	"7.8E-93"	"-"	"-"	""
"PPA1032"	506	"PANTHER"	"PTHR30603:SF45"	"RNA POLYMERASE SIGMA FACTOR SIGF, CHLOROPLASTIC"	97	506	"6.8E-128"	"-"	"-"	""
"PPA1032"	506	"PANTHER"	"PTHR30603"	"RNA POLYMERASE SIGMA FACTOR RPO"	97	506	"6.8E-128"	"-"	"-"	""
"PPA1033"	857	"PANTHER"	"PTHR43730"	"BETA-MANNOSIDASE"	26	833	"0.0"	"-"	"-"	""
"PPA1035"	428	"PANTHER"	"PTHR48081"	"AB HYDROLASE SUPERFAMILY PROTEIN C4A8.06C"	172	406	"5.1E-27"	"-"	"-"	""
"PPA1039"	424	"PANTHER"	"PTHR42841:SF4"	"AMP-BINDING ENZYME"	2	423	"3.7E-31"	"-"	"-"	""
"PPA1039"	424	"PANTHER"	"PTHR42841"	"AMINE OXIDASE"	2	423	"3.7E-31"	"-"	"-"	""
"PPA1042"	698	"PANTHER"	"PTHR45866"	"DNA GYRASE/TOPOISOMERASE SUBUNIT B"	4	697	"0.0"	"-"	"-"	""
"PPA1042"	698	"PANTHER"	"PTHR45866:SF1"	"DNA GYRASE SUBUNIT B, MITOCHONDRIAL"	4	697	"0.0"	"-"	"-"	""
"PPA1043"	439	"PANTHER"	"PTHR36106"	"ANAEROBIC C4-DICARBOXYLATE TRANSPORTER DCUB"	1	438	"0.0"	"IPR004668"	"Anaerobic c4-dicarboxylate membrane transporter"	"GO:0015556|GO:0015740|GO:0016021"
"PPA1043"	439	"PANTHER"	"PTHR36106:SF2"	"ANAEROBIC C4-DICARBOXYLATE TRANSPORTER DCUA"	1	438	"0.0"	"-"	"-"	""
"PPA1044"	447	"PANTHER"	"PTHR23519"	"AUTOPHAGY-RELATED PROTEIN 22"	7	433	"6.6E-69"	"-"	"-"	""
"PPA1045"	844	"PANTHER"	"PTHR43493"	"DNA GYRASE/TOPOISOMERASE SUBUNIT A"	11	760	"0.0"	"-"	"-"	""
"PPA1046"	364	"PANTHER"	"PTHR28208"	"PHOSPHATIDATE PHOSPHATASE APP1"	90	318	"1.7E-39"	"-"	"-"	""
"PPA1048"	375	"PANTHER"	"PTHR10151"	"ECTONUCLEOTIDE PYROPHOSPHATASE/PHOSPHODIESTERASE"	63	364	"4.6E-23"	"-"	"-"	""
"PPA1048"	375	"PANTHER"	"PTHR10151:SF117"	"BLR5306 PROTEIN"	63	364	"4.6E-23"	"-"	"-"	""
"PPA1049"	216	"PANTHER"	"PTHR11441:SF0"	"THYMIDINE KINASE, CYTOSOLIC"	3	194	"1.0E-17"	"-"	"-"	""
"PPA1049"	216	"PANTHER"	"PTHR11441"	"THYMIDINE KINASE"	3	194	"1.0E-17"	"IPR001267"	"Thymidine kinase"	"GO:0004797|GO:0005524"
"PPA1054"	152	"PANTHER"	"PTHR11241"	"DEOXYURIDINE 5'-TRIPHOSPHATE NUCLEOTIDOHYDROLASE"	13	143	"3.8E-38"	"IPR008181"	"Deoxyuridine triphosphate nucleotidohydrolase"	"GO:0000287|GO:0004170|GO:0006226|GO:0046081"
"PPA1054"	152	"PANTHER"	"PTHR11241:SF0"	"DEOXYURIDINE TRIPHOSPHATASE"	13	143	"3.8E-38"	"-"	"-"	""
"PPA1057"	219	"PANTHER"	"PTHR43833"	"POTASSIUM CHANNEL PROTEIN 2-RELATED-RELATED"	1	216	"4.1E-43"	"-"	"-"	""
"PPA1057"	219	"PANTHER"	"PTHR43833:SF5"	"VOLTAGE-GATED POTASSIUM CHANNEL KCH"	1	216	"4.1E-43"	"-"	"-"	""
"PPA1058"	225	"PANTHER"	"PTHR43833:SF8"	"TRK SYSTEM POTASSIUM UPTAKE PROTEIN TRKA"	6	223	"7.8E-89"	"-"	"-"	""
"PPA1058"	225	"PANTHER"	"PTHR43833"	"POTASSIUM CHANNEL PROTEIN 2-RELATED-RELATED"	6	223	"7.8E-89"	"-"	"-"	""
"PPA1059"	674	"PANTHER"	"PTHR47704"	"POTASSIUM TRANSPORTER KIMA"	4	646	"0.0"	"-"	"-"	""
"PPA1060"	393	"PANTHER"	"PTHR11061"	"RNA M5U METHYLTRANSFERASE"	173	390	"1.2E-68"	"IPR010280"	"(Uracil-5)-methyltransferase family"	"GO:0006396|GO:0008173"
"PPA1060"	393	"PANTHER"	"PTHR11061"	"RNA M5U METHYLTRANSFERASE"	10	144	"1.2E-68"	"IPR010280"	"(Uracil-5)-methyltransferase family"	"GO:0006396|GO:0008173"
"PPA1061"	888	"PANTHER"	"PTHR11670:SF54"	"IRON REGULATORY PROTEIN 1A-RELATED"	9	886	"0.0"	"-"	"-"	""
"PPA1061"	888	"PANTHER"	"PTHR11670"	"ACONITASE/IRON-RESPONSIVE ELEMENT FAMILY MEMBER"	9	886	"0.0"	"IPR006249"	"Aconitase/Iron-responsive element-binding protein 2"	"-"
"PPA1062"	634	"PANTHER"	"PTHR43322:SF5"	"1-DEOXY-D-XYLULOSE-5-PHOSPHATE SYNTHASE, CHLOROPLASTIC"	9	628	"0.0"	"-"	"-"	""
"PPA1062"	634	"PANTHER"	"PTHR43322"	"1-D-DEOXYXYLULOSE 5-PHOSPHATE SYNTHASE-RELATED"	9	628	"0.0"	"IPR005477"	"Deoxyxylulose-5-phosphate synthase"	"GO:0008661|GO:0016114"
"PPA1063"	412	"PANTHER"	"PTHR47649"	"RIBONUCLEASE D"	17	363	"7.8E-37"	"-"	"-"	""
"PPA1065"	148	"PANTHER"	"PTHR10173"	"METHIONINE SULFOXIDE REDUCTASE"	15	146	"5.9E-50"	"IPR028427"	"Peptide methionine sulfoxide reductase MsrB"	"GO:0006979|GO:0016671|GO:0030091"
"PPA1067"	222	"PANTHER"	"PTHR35568"	"TRANSCRIPTIONAL REGULATOR DAUR"	2	209	"2.3E-32"	"IPR039446"	"Transcriptional regulator DauR-like"	"-"
"PPA1068"	458	"PANTHER"	"PTHR32325"	"BETA-ELIMINATING LYASE-LIKE PROTEIN-RELATED"	2	457	"0.0"	"-"	"-"	""
"PPA1069"	484	"PANTHER"	"PTHR43495"	"GABA PERMEASE"	33	477	"0.0"	"-"	"-"	""
"PPA1069"	484	"PANTHER"	"PTHR43495:SF4"	"AROMATIC AMINO ACID TRANSPORT PROTEIN AROP"	33	477	"0.0"	"-"	"-"	""
"PPA1072"	353	"PANTHER"	"PTHR42683"	"ALDEHYDE REDUCTASE"	17	345	"1.5E-113"	"-"	"-"	""
"PPA1072"	353	"PANTHER"	"PTHR42683:SF65"	"CINNAMYL ALCOHOL DEHYDROGENASE 8"	17	345	"1.5E-113"	"-"	"-"	""
"PPA1073"	446	"PANTHER"	"PTHR24421"	"NITRATE/NITRITE SENSOR PROTEIN NARX-RELATED"	78	432	"5.1E-52"	"-"	"-"	""
"PPA1076"	684	"PANTHER"	"PTHR11451"	"THREONINE-TRNA LIGASE"	3	662	"0.0"	"IPR002320"	"Threonine-tRNA ligase, class IIa"	"GO:0004829|GO:0005524|GO:0005737|GO:0006435"
"PPA1077"	405	"PANTHER"	"PTHR42997"	"HIT FAMILY HYDROLASE"	240	401	"2.0E-54"	"-"	"-"	""
"PPA1079"	217	"PANTHER"	"PTHR14269"	"CDP-DIACYLGLYCEROL--GLYCEROL-3-PHOSPHATE 3-PHOSPHATIDYLTRANSFERASE-RELATED"	11	204	"3.7E-66"	"-"	"-"	""
"PPA1079"	217	"PANTHER"	"PTHR14269:SF37"	"CDP-DIACYLGLYCEROL--GLYCEROL-3-PHOSPHATE 3-PHOSPHATIDYL-TRANSFERASE 1-RELATED"	11	204	"3.7E-66"	"-"	"-"	""
"PPA1080"	255	"PANTHER"	"PTHR37313"	"UPF0749 PROTEIN RV1825"	17	251	"1.3E-34"	"IPR010273"	"Protein of unknown function DUF881"	"-"
"PPA1082"	250	"PANTHER"	"PTHR37313:SF2"	"UPF0749 PROTEIN RV1825"	28	249	"1.9E-42"	"-"	"-"	""
"PPA1082"	250	"PANTHER"	"PTHR37313"	"UPF0749 PROTEIN RV1825"	28	249	"1.9E-42"	"IPR010273"	"Protein of unknown function DUF881"	"-"
"PPA1083"	134	"PANTHER"	"PTHR11715:SF3"	"GLYCINE CLEAVAGE SYSTEM H PROTEIN, MITOCHONDRIAL"	8	128	"9.6E-22"	"-"	"-"	""
"PPA1083"	134	"PANTHER"	"PTHR11715"	"GLYCINE CLEAVAGE SYSTEM H PROTEIN"	8	128	"9.6E-22"	"IPR002930"	"Glycine cleavage system H-protein"	"GO:0005960|GO:0019464"
"PPA1084"	192	"PANTHER"	"PTHR23308:SF57"	"GLYCOGEN ACCUMULATION REGULATOR GARA"	15	181	"7.8E-37"	"-"	"-"	""
"PPA1084"	192	"PANTHER"	"PTHR23308"	"NUCLEAR INHIBITOR OF PROTEIN PHOSPHATASE-1"	15	181	"7.8E-37"	"-"	"-"	""
"PPA1085"	237	"PANTHER"	"PTHR30204"	"REDOX-CYCLING DRUG-SENSING TRANSCRIPTIONAL ACTIVATOR SOXR"	7	126	"7.8E-12"	"-"	"-"	""
"PPA1087"	195	"PANTHER"	"PTHR30204"	"REDOX-CYCLING DRUG-SENSING TRANSCRIPTIONAL ACTIVATOR SOXR"	34	175	"2.8E-64"	"-"	"-"	""
"PPA1087"	195	"PANTHER"	"PTHR30204:SF3"	"-"	34	175	"2.8E-64"	"-"	"-"	""
"PPA1088"	418	"PANTHER"	"PTHR30213"	"UNCHARACTERIZED"	6	290	"1.4E-40"	"IPR017039"	"Virulence factor BrkB"	"-"
"PPA1088"	418	"PANTHER"	"PTHR30213:SF1"	"INNER MEMBRANE PROTEIN YHJD"	6	290	"1.4E-40"	"-"	"-"	""
"PPA1089"	383	"PANTHER"	"PTHR11360"	"MONOCARBOXYLATE TRANSPORTER"	18	363	"1.5E-23"	"-"	"-"	""
"PPA1089"	383	"PANTHER"	"PTHR11360:SF3"	"OXALATE/FORMATE ANTIPORTER"	18	363	"1.5E-23"	"-"	"-"	""
"PPA1090"	399	"PANTHER"	"PTHR45770"	"-"	5	397	"9.2E-59"	"-"	"-"	""
"PPA1090"	399	"PANTHER"	"PTHR45770:SF11"	"ATP-DEPENDENT 6-PHOSPHOFRUCTOKINASE"	5	397	"9.2E-59"	"-"	"-"	""
"PPA1092"	222	"PANTHER"	"PTHR42828"	"DHBP SYNTHASE RIBB-LIKE ALPHA/BETA DOMAIN-CONTAINING PROTEIN"	16	218	"8.2E-50"	"-"	"-"	""
"PPA1093"	233	"PANTHER"	"PTHR46832:SF1"	"5'-METHYLTHIOADENOSINE/S-ADENOSYLHOMOCYSTEINE NUCLEOSIDASE"	3	228	"4.2E-49"	"-"	"-"	""
"PPA1093"	233	"PANTHER"	"PTHR46832"	"5'-METHYLTHIOADENOSINE/S-ADENOSYLHOMOCYSTEINE NUCLEOSIDASE"	3	228	"4.2E-49"	"-"	"-"	""
"PPA1094"	309	"PANTHER"	"PTHR12358:SF31"	"LD11247P-RELATED"	46	296	"3.4E-13"	"-"	"-"	""
"PPA1094"	309	"PANTHER"	"PTHR12358"	"SPHINGOSINE KINASE"	46	296	"3.4E-13"	"-"	"-"	""
"PPA1095"	216	"PANTHER"	"PTHR16301:SF20"	"IMPACT FAMILY MEMBER YIGZ"	3	203	"1.6E-34"	"-"	"-"	""
"PPA1095"	216	"PANTHER"	"PTHR16301"	"IMPACT-RELATED"	3	203	"1.6E-34"	"IPR023582"	"Impact family"	"-"
"PPA1096"	584	"PANTHER"	"PTHR30509"	"P-HYDROXYBENZOIC ACID EFFLUX PUMP SUBUNIT-RELATED"	275	480	"1.3E-21"	"-"	"-"	""
"PPA1096"	584	"PANTHER"	"PTHR30509:SF33"	"INTEGRAL MEMBRANE PROTEIN-RELATED"	275	480	"1.3E-21"	"-"	"-"	""
"PPA1100"	258	"PANTHER"	"PTHR45625"	"PEPTIDYL-PROLYL CIS-TRANS ISOMERASE-RELATED"	41	253	"5.3E-28"	"IPR044666"	"Cyclophilin-type peptidyl-prolyl cis-trans isomerase, cyclophilin A-like"	"-"
"PPA1100"	258	"PANTHER"	"PTHR45625:SF3"	"PEPTIDYL-PROLYL CIS-TRANS ISOMERASE B-RELATED"	41	253	"5.3E-28"	"-"	"-"	""
"PPA1101"	272	"PANTHER"	"PTHR46118"	"-"	12	264	"1.9E-66"	"-"	"-"	""
"PPA1102"	265	"PANTHER"	"PTHR38814"	"ENDONUCLEASE NUCS"	30	259	"1.7E-57"	"IPR002793"	"Endonuclease NucS"	"GO:0004519"
"PPA1104"	152	"PANTHER"	"PTHR43048"	"METHYLMALONYL-COA EPIMERASE"	12	144	"6.9E-24"	"-"	"-"	""
"PPA1105"	543	"PANTHER"	"PTHR22573:SF57"	"PHOSPHOGLUCOMUTASE"	2	542	"0.0"	"-"	"-"	""
"PPA1105"	543	"PANTHER"	"PTHR22573"	"PHOSPHOHEXOMUTASE FAMILY MEMBER"	2	542	"0.0"	"IPR045244"	"Phosphoglucomutase"	"GO:0004614|GO:0005975"
"PPA1107"	247	"PANTHER"	"PTHR46193"	"6-PHOSPHOGLUCONATE PHOSPHATASE"	14	242	"6.3E-57"	"-"	"-"	""
"PPA1107"	247	"PANTHER"	"PTHR46193:SF15"	"PHOSPHOGLUCOMUTASE-RELATED"	14	242	"6.3E-57"	"-"	"-"	""
"PPA1108"	835	"PANTHER"	"PTHR11051:SF13"	"GLYCOSYL TRANSFERASE-RELATED"	14	789	"0.0"	"-"	"-"	""
"PPA1108"	835	"PANTHER"	"PTHR11051"	"GLYCOSYL HYDROLASE-RELATED"	14	789	"0.0"	"-"	"-"	""
"PPA1109"	681	"PANTHER"	"PTHR30175"	"PHOSPHOTRANSFERASE SYSTEM TRANSPORT PROTEIN"	5	680	"0.0"	"-"	"-"	""
"PPA1109"	681	"PANTHER"	"PTHR30175:SF1"	"PTS SYSTEM ARBUTIN-, CELLOBIOSE-, AND SALICIN-SPECIFIC EIIBC COMPONENT-RELATED"	5	680	"0.0"	"-"	"-"	""
"PPA1110"	264	"PANTHER"	"PTHR43046"	"GDP-MANNOSE MANNOSYL HYDROLASE"	114	241	"3.0E-16"	"-"	"-"	""
"PPA1111"	644	"PANTHER"	"PTHR43651:SF3"	"1,4-ALPHA-GLUCAN-BRANCHING ENZYME"	19	605	"0.0"	"-"	"-"	""
"PPA1111"	644	"PANTHER"	"PTHR43651"	"1,4-ALPHA-GLUCAN-BRANCHING ENZYME"	19	605	"0.0"	"IPR037439"	"1,4-alpha-glucan-branching enzyme"	"GO:0003844|GO:0005978"
"PPA1113"	615	"PANTHER"	"PTHR43276"	"ALPHA-1,4-GLUCAN:MALTOSE-1-PHOSPHATE MALTOSYLTRANSFERASE 2"	66	609	"0.0"	"-"	"-"	""
"PPA1113"	615	"PANTHER"	"PTHR43276:SF3"	"ALPHA-1,4-GLUCAN:MALTOSE-1-PHOSPHATE MALTOSYLTRANSFERASE 2"	66	609	"0.0"	"-"	"-"	""
"PPA1114"	708	"PANTHER"	"PTHR10357"	"ALPHA-AMYLASE FAMILY MEMBER"	73	703	"0.0"	"-"	"-"	""
"PPA1114"	708	"PANTHER"	"PTHR10357:SF203"	"ALPHA-1,4-GLUCAN:MALTOSE-1-PHOSPHATE MALTOSYLTRANSFERASE"	73	703	"0.0"	"IPR026585"	"Alpha-1,4-glucan:maltose-1-phosphate maltosyltransferase"	"GO:0016757"
"PPA1115"	706	"PANTHER"	"PTHR43002"	"GLYCOGEN DEBRANCHING ENZYME"	11	663	"0.0"	"-"	"-"	""
"PPA1115"	706	"PANTHER"	"PTHR43002:SF1"	"ISOAMYLASE 1, CHLOROPLASTIC"	11	663	"0.0"	"-"	"-"	""
"PPA1116"	379	"PANTHER"	"PTHR11601"	"CYSTEINE DESULFURYLASE FAMILY MEMBER"	10	373	"6.2E-94"	"-"	"-"	""
"PPA1116"	379	"PANTHER"	"PTHR11601:SF34"	"CYSTEINE DESULFURASE, MITOCHONDRIAL"	10	373	"6.2E-94"	"IPR010240"	"Cysteine desulfurase IscS"	"GO:0030170|GO:0031071|GO:0044571"
"PPA1117"	366	"PANTHER"	"PTHR11933:SF5"	"MITOCHONDRIAL TRNA-SPECIFIC 2-THIOURIDYLASE 1"	2	355	"3.7E-91"	"-"	"-"	""
"PPA1117"	366	"PANTHER"	"PTHR11933"	"TRNA  5-METHYLAMINOMETHYL-2-THIOURIDYLATE -METHYLTRANSFERASE"	2	355	"3.7E-91"	"-"	"-"	""
"PPA1122"	107	"PANTHER"	"PTHR15004"	"UNCHARACTERIZED"	10	103	"3.4E-12"	"IPR003837"	"Glu-tRNAGln amidotransferase C subunit"	"GO:0006450"
"PPA1122"	107	"PANTHER"	"PTHR15004:SF0"	"GLUTAMYL-TRNA(GLN) AMIDOTRANSFERASE SUBUNIT C, MITOCHONDRIAL"	10	103	"3.4E-12"	"-"	"-"	""
"PPA1123"	501	"PANTHER"	"PTHR11895:SF151"	"GLUTAMYL-TRNA(GLN) AMIDOTRANSFERASE SUBUNIT A"	7	481	"0.0"	"-"	"-"	""
"PPA1123"	501	"PANTHER"	"PTHR11895"	"TRANSAMIDASE"	7	481	"0.0"	"IPR000120"	"Amidase"	"GO:0003824"
"PPA1124"	497	"PANTHER"	"PTHR11659"	"GLUTAMYL-TRNA GLN  AMIDOTRANSFERASE SUBUNIT B  MITOCHONDRIAL AND PROKARYOTIC  PET112-RELATED"	12	496	"0.0"	"IPR017959"	"Aspartyl/glutamyl-tRNA(Asn/Gln) amidotransferase, subunit B /E"	"GO:0016884"
"PPA1124"	497	"PANTHER"	"PTHR11659:SF0"	"GLUTAMYL-TRNA(GLN) AMIDOTRANSFERASE SUBUNIT B, MITOCHONDRIAL"	12	496	"0.0"	"-"	"-"	""
"PPA1126"	125	"PANTHER"	"PTHR42945"	"HISTIDINE BIOSYNTHESIS BIFUNCTIONAL PROTEIN"	21	117	"4.2E-44"	"-"	"-"	""
"PPA1126"	125	"PANTHER"	"PTHR42945:SF4"	"HISTIDINE BIOSYNTHESIS BIFUNCTIONAL PROTEIN HISIE"	21	117	"4.2E-44"	"-"	"-"	""
"PPA1130"	266	"PANTHER"	"PTHR22854:SF2"	"TRYPTOPHAN BIOSYNTHESIS PROTEIN TRPCF"	6	261	"1.0E-65"	"-"	"-"	""
"PPA1130"	266	"PANTHER"	"PTHR22854"	"TRYPTOPHAN BIOSYNTHESIS PROTEIN"	6	261	"1.0E-65"	"IPR045186"	"Indole-3-glycerol phosphate synthase"	"GO:0004425"
"PPA1131"	418	"PANTHER"	"PTHR48077:SF3"	"TRYPTOPHAN SYNTHASE"	4	403	"0.0"	"-"	"-"	""
"PPA1131"	418	"PANTHER"	"PTHR48077"	"TRYPTOPHAN SYNTHASE-RELATED"	4	403	"0.0"	"-"	"-"	""
"PPA1132"	165	"PANTHER"	"PTHR43406:SF1"	"TRYPTOPHAN SYNTHASE ALPHA CHAIN, CHLOROPLASTIC"	6	132	"2.0E-22"	"-"	"-"	""
"PPA1132"	165	"PANTHER"	"PTHR43406"	"TRYPTOPHAN SYNTHASE, ALPHA CHAIN"	6	132	"2.0E-22"	"IPR002028"	"Tryptophan synthase, alpha chain"	"GO:0004834|GO:0006568"
"PPA1133"	296	"PANTHER"	"PTHR30589"	"PROLIPOPROTEIN DIACYLGLYCERYL TRANSFERASE"	20	280	"3.8E-80"	"IPR001640"	"Phosphatidylglycerol--prolipoprotein diacylglyceryl transferase Lgt"	"GO:0005887|GO:0008961|GO:0042158"
"PPA1134"	1505	"PANTHER"	"PTHR11938"	"FAD NADPH DEHYDROGENASE/OXIDOREDUCTASE"	7	1490	"0.0"	"-"	"-"	""
"PPA1134"	1505	"PANTHER"	"PTHR11938:SF133"	"GLUTAMATE SYNTHASE [NADH]"	7	1490	"0.0"	"-"	"-"	""
"PPA1135"	490	"PANTHER"	"PTHR43518:SF2"	"GLUTAMATE SYNTHASE [NADPH] SMALL CHAIN"	1	490	"0.0"	"-"	"-"	""
"PPA1135"	490	"PANTHER"	"PTHR43518"	"NITRATE REDUCTASE BETA SUBUNIT"	1	490	"0.0"	"-"	"-"	""
"PPA1137"	690	"PANTHER"	"PTHR43645"	"D-ALANYL-D-ALANINE CARBOXYPEPTIDASE-RELATED"	246	649	"9.8E-42"	"-"	"-"	""
"PPA1137"	690	"PANTHER"	"PTHR43645:SF4"	"D-ALANYL-D-ALANINE CARBOXYPEPTIDASE-RELATED"	246	649	"9.8E-42"	"-"	"-"	""
"PPA1140"	290	"PANTHER"	"PTHR30514"	"GLUCOKINASE"	5	287	"2.2E-78"	"-"	"-"	""
"PPA1140"	290	"PANTHER"	"PTHR30514:SF1"	"HTH-TYPE TRANSCRIPTIONAL REGULATOR HEXR-RELATED"	5	287	"2.2E-78"	"-"	"-"	""
"PPA1141"	304	"PANTHER"	"PTHR10088:SF5"	"N-ACETYLMURAMIC ACID 6-PHOSPHATE ETHERASE"	3	298	"8.4E-107"	"IPR005488"	"N-acetylmuramic acid 6-phosphate etherase MurQ"	"GO:0016835|GO:0046348"
"PPA1141"	304	"PANTHER"	"PTHR10088"	"GLUCOKINASE REGULATORY PROTEIN"	3	298	"8.4E-107"	"IPR040190"	"N-acetylmuramic acid 6-phosphate etherase/glucokinase regulatory protein"	"-"
"PPA1142"	519	"PANTHER"	"PTHR30175:SF3"	"PTS SYSTEM N-ACETYLMURAMIC ACID-SPECIFIC EIIBC COMPONENT"	17	514	"0.0"	"-"	"-"	""
"PPA1142"	519	"PANTHER"	"PTHR30175"	"PHOSPHOTRANSFERASE SYSTEM TRANSPORT PROTEIN"	17	514	"0.0"	"-"	"-"	""
"PPA1144"	311	"PANTHER"	"PTHR43190"	"N-ACETYL-D-GLUCOSAMINE KINASE"	2	235	"3.0E-28"	"-"	"-"	""
"PPA1144"	311	"PANTHER"	"PTHR43190:SF3"	"N-ACETYL-D-GLUCOSAMINE KINASE"	2	235	"3.0E-28"	"-"	"-"	""
"PPA1146"	476	"PANTHER"	"PTHR10353:SF35"	"ARYL-PHOSPHO-BETA-D-GLUCOSIDASE BGLH"	3	474	"2.0E-124"	"-"	"-"	""
"PPA1146"	476	"PANTHER"	"PTHR10353"	"GLYCOSYL HYDROLASE"	3	474	"2.0E-124"	"IPR001360"	"Glycoside hydrolase family 1"	"GO:0004553|GO:0005975"
"PPA1147"	103	"PANTHER"	"PTHR34581"	"PTS SYSTEM N,N'-DIACETYLCHITOBIOSE-SPECIFIC EIIB COMPONENT"	1	100	"1.4E-20"	"-"	"-"	""
"PPA1148"	422	"PANTHER"	"PTHR33989"	"-"	1	419	"0.0"	"-"	"-"	""
"PPA1148"	422	"PANTHER"	"PTHR33989:SF11"	"LICHENAN PERMEASE IIC COMPONENT"	1	419	"0.0"	"-"	"-"	""
"PPA1149"	106	"PANTHER"	"PTHR34382"	"PTS SYSTEM N,N'-DIACETYLCHITOBIOSE-SPECIFIC EIIA COMPONENT"	2	98	"3.7E-25"	"IPR003188"	"Phosphotransferase system, lactose/cellobiose-type IIA subunit"	"GO:0009401"
"PPA1150"	1220	"PANTHER"	"PTHR32294:SF0"	"DNA POLYMERASE III SUBUNIT ALPHA"	36	1214	"0.0"	"-"	"-"	""
"PPA1150"	1220	"PANTHER"	"PTHR32294"	"DNA POLYMERASE III SUBUNIT ALPHA"	36	1214	"0.0"	"IPR004805"	"DNA polymerase III, alpha subunit"	"GO:0006260|GO:0008408"
"PPA1152"	439	"PANTHER"	"PTHR21256"	"HISTIDINOL DEHYDROGENASE  HDH"	5	437	"0.0"	"IPR012131"	"Histidinol dehydrogenase"	"GO:0016616|GO:0046872|GO:0051287"
"PPA1152"	439	"PANTHER"	"PTHR21256:SF2"	"HISTIDINE BIOSYNTHESIS TRIFUNCTIONAL PROTEIN"	5	437	"0.0"	"-"	"-"	""
"PPA1153"	388	"PANTHER"	"PTHR43643:SF3"	"HISTIDINOL-PHOSPHATE AMINOTRANSFERASE 2"	44	376	"1.7E-70"	"-"	"-"	""
"PPA1153"	388	"PANTHER"	"PTHR43643"	"HISTIDINOL-PHOSPHATE AMINOTRANSFERASE 2"	44	376	"1.7E-70"	"-"	"-"	""
"PPA1154"	206	"PANTHER"	"PTHR23133"	"IMIDAZOLEGLYCEROL-PHOSPHATE DEHYDRATASE HIS7"	3	204	"1.2E-75"	"IPR000807"	"Imidazoleglycerol-phosphate dehydratase"	"GO:0000105|GO:0004424"
"PPA1155"	217	"PANTHER"	"PTHR42701"	"IMIDAZOLE GLYCEROL PHOSPHATE SYNTHASE SUBUNIT HISH"	16	214	"1.7E-54"	"IPR010139"	"Imidazole glycerol phosphate synthase, subunit H"	"GO:0000105|GO:0016763"
"PPA1156"	255	"PANTHER"	"PTHR43090:SF2"	"1-(5-PHOSPHORIBOSYL)-5-[(5-PHOSPHORIBOSYLAMINO)METHYLIDENEAMINO] IMIDAZOLE-4-CARBOXAMIDE ISOMERASE"	7	234	"3.5E-34"	"-"	"-"	""
"PPA1156"	255	"PANTHER"	"PTHR43090"	"1-(5-PHOSPHORIBOSYL)-5-[(5-PHOSPHORIBOSYLAMINO)METHYLIDENEAMINO] IMIDAZOLE-4-CARBOXAMIDE ISOMERASE"	7	234	"3.5E-34"	"IPR044524"	"Histidine biosynthesis, HisA-like"	"GO:0000105|GO:0003949"
"PPA1157"	264	"PANTHER"	"PTHR12532"	"UNCHARACTERIZED"	1	255	"8.1E-89"	"IPR002876"	"Transcriptional regulator TACO1-like"	"-"
"PPA1157"	264	"PANTHER"	"PTHR12532:SF6"	"TRANSCRIPTIONAL REGULATORY PROTEIN YEBC-RELATED"	1	255	"8.1E-89"	"-"	"-"	""
"PPA1158"	196	"PANTHER"	"PTHR30194"	"CROSSOVER JUNCTION ENDODEOXYRIBONUCLEASE RUVC"	14	172	"9.8E-49"	"IPR002176"	"Crossover junction endodeoxyribonuclease RuvC"	"GO:0004520|GO:0006281|GO:0006310"
"PPA1160"	342	"PANTHER"	"PTHR42848"	"-"	16	335	"3.2E-126"	"IPR004605"	"DNA helicase, Holliday junction RuvB-type"	"GO:0003677|GO:0005524|GO:0006281|GO:0006310|GO:0009378"
"PPA1162"	566	"PANTHER"	"PTHR30081"	"PROTEIN-EXPORT MEMBRANE PROTEIN SEC"	13	522	"3.1E-111"	"IPR022813"	"Protein-export membrane protein SecD/SecF, archaeal and bacterial"	"-"
"PPA1162"	566	"PANTHER"	"PTHR30081:SF1"	"PROTEIN TRANSLOCASE SUBUNIT SECD"	13	522	"3.1E-111"	"-"	"-"	""
"PPA1163"	391	"PANTHER"	"PTHR30081:SF8"	"PROTEIN TRANSLOCASE SUBUNIT SECF"	26	330	"3.0E-69"	"-"	"-"	""
"PPA1163"	391	"PANTHER"	"PTHR30081"	"PROTEIN-EXPORT MEMBRANE PROTEIN SEC"	26	330	"3.0E-69"	"IPR022813"	"Protein-export membrane protein SecD/SecF, archaeal and bacterial"	"-"
"PPA1164"	177	"PANTHER"	"PTHR32315"	"ADENINE PHOSPHORIBOSYLTRANSFERASE"	4	166	"1.6E-58"	"-"	"-"	""
"PPA1165"	364	"PANTHER"	"PTHR43833"	"POTASSIUM CHANNEL PROTEIN 2-RELATED-RELATED"	36	349	"4.0E-59"	"-"	"-"	""
"PPA1165"	364	"PANTHER"	"PTHR43833:SF9"	"POTASSIUM CHANNEL PROTEIN 2-RELATED"	36	349	"4.0E-59"	"-"	"-"	""
"PPA1166"	774	"PANTHER"	"PTHR21262:SF36"	"BIFUNCTIONAL (P)PPGPP SYNTHASE/HYDROLASE SPOT"	63	771	"0.0"	"-"	"-"	""
"PPA1166"	774	"PANTHER"	"PTHR21262"	"GUANOSINE-3',5'-BIS DIPHOSPHATE  3'-PYROPHOSPHOHYDROLASE"	63	771	"0.0"	"-"	"-"	""
"PPA1168"	223	"PANTHER"	"PTHR46233"	"HYDROXYACYLGLUTATHIONE HYDROLASE GLOC"	3	220	"1.2E-47"	"-"	"-"	""
"PPA1169"	454	"PANTHER"	"PTHR11476:SF7"	"HISTIDYL-TRNA SYNTHETASE"	4	431	"6.2E-76"	"-"	"-"	""
"PPA1169"	454	"PANTHER"	"PTHR11476"	"HISTIDYL-TRNA SYNTHETASE"	4	431	"6.2E-76"	"-"	"-"	""
"PPA1171"	196	"PANTHER"	"PTHR43441"	"RIBOSOMAL-PROTEIN-SERINE ACETYLTRANSFERASE"	17	192	"2.6E-29"	"-"	"-"	""
"PPA1172"	1477	"PANTHER"	"PTHR32329:SF4"	"ACTIVATOR OF 2-HYDROXYACYL-COA DEHYDRATASE-RELATED"	16	1436	"0.0"	"-"	"-"	""
"PPA1172"	1477	"PANTHER"	"PTHR32329"	"BIFUNCTIONAL PROTEIN [INCLUDES 2-HYDROXYACYL-COA DEHYDRATASE (N-TER) AND ITS ACTIVATOR DOMAIN (C_TERM)-RELATED"	16	1436	"0.0"	"-"	"-"	""
"PPA1173"	214	"PANTHER"	"PTHR30055"	"HTH-TYPE TRANSCRIPTIONAL REGULATOR RUTR"	7	144	"5.5E-12"	"-"	"-"	""
"PPA1175"	606	"PANTHER"	"PTHR22594"	"ASPARTYL/LYSYL-TRNA SYNTHETASE"	3	582	"0.0"	"-"	"-"	""
"PPA1175"	606	"PANTHER"	"PTHR22594:SF5"	"ASPARTATE--TRNA LIGASE, MITOCHONDRIAL"	3	582	"0.0"	"IPR004524"	"Aspartate-tRNA ligase, type 1"	"GO:0005524|GO:0016874"
"PPA1176"	461	"PANTHER"	"PTHR13779"	"WERNER HELICASE-INTERACTING PROTEIN 1 FAMILY MEMBER"	23	440	"0.0"	"-"	"-"	""
"PPA1178"	892	"PANTHER"	"PTHR11777:SF9"	"ALANINE--TRNA LIGASE, MITOCHONDRIAL"	1	886	"0.0"	"-"	"-"	""
"PPA1178"	892	"PANTHER"	"PTHR11777"	"ALANYL-TRNA SYNTHETASE"	1	886	"0.0"	"-"	"-"	""
"PPA1179"	160	"PANTHER"	"PTHR33317"	"POLYNUCLEOTIDYL TRANSFERASE, RIBONUCLEASE H-LIKE SUPERFAMILY PROTEIN"	12	150	"4.5E-24"	"IPR005227"	"Putative pre-16S rRNA nuclease"	"GO:0006364"
"PPA1180"	369	"PANTHER"	"PTHR30518"	"UNCHARACTERIZED"	24	360	"2.9E-82"	"IPR003770"	"Endolytic murein transglycosylase"	"-"
"PPA1181"	268	"PANTHER"	"PTHR21089:SF1"	"BIFUNCTIONAL 3-DEHYDROQUINATE DEHYDRATASE/SHIKIMATE DEHYDROGENASE, CHLOROPLASTIC"	2	250	"5.0E-43"	"-"	"-"	""
"PPA1181"	268	"PANTHER"	"PTHR21089"	"SHIKIMATE DEHYDROGENASE"	2	250	"5.0E-43"	"IPR022893"	"Shikimate dehydrogenase family"	"GO:0004764"
"PPA1182"	398	"PANTHER"	"PTHR21085"	"CHORISMATE SYNTHASE"	1	378	"1.3E-99"	"IPR000453"	"Chorismate synthase"	"GO:0004107|GO:0009073"
"PPA1183"	167	"PANTHER"	"PTHR21087:SF16"	"SHIKIMATE KINASE 1, CHLOROPLASTIC"	2	153	"6.9E-30"	"-"	"-"	""
"PPA1183"	167	"PANTHER"	"PTHR21087"	"SHIKIMATE KINASE"	2	153	"6.9E-30"	"-"	"-"	""
"PPA1184"	361	"PANTHER"	"PTHR43622:SF7"	"3-DEHYDROQUINATE SYNTHASE, CHLOROPLASTIC"	9	357	"1.1E-82"	"-"	"-"	""
"PPA1184"	361	"PANTHER"	"PTHR43622"	"3-DEHYDROQUINATE SYNTHASE"	9	357	"1.1E-82"	"-"	"-"	""
"PPA1185"	413	"PANTHER"	"PTHR33393"	"POLYGLUTAMINE SYNTHESIS ACCESSORY PROTEIN RV0574C-RELATED"	87	372	"1.2E-44"	"-"	"-"	""
"PPA1185"	413	"PANTHER"	"PTHR33393:SF12"	"CAPSULE BIOSYNTHESIS PROTEIN CAPA"	87	372	"1.2E-44"	"-"	"-"	""
"PPA1186"	316	"PANTHER"	"PTHR34383"	"POLYPHOSPHATE:AMP PHOSPHOTRANSFERASE-RELATED"	63	308	"3.7E-109"	"-"	"-"	""
"PPA1186"	316	"PANTHER"	"PTHR34383:SF1"	"POLYPHOSPHATE:GDP PHOSPHOTRANSFERASE"	63	308	"3.7E-109"	"-"	"-"	""
"PPA1187"	244	"PANTHER"	"PTHR30053"	"ELONGATION FACTOR P"	58	241	"1.7E-72"	"IPR020599"	"Translation elongation factor P/YeiP"	"-"
"PPA1187"	244	"PANTHER"	"PTHR30053:SF1"	"ELONGATION FACTOR P"	58	241	"1.7E-72"	"-"	"-"	""
"PPA1188"	261	"PANTHER"	"PTHR11078"	"N UTILIZATION SUBSTANCE PROTEIN B-RELATED"	62	165	"7.6E-19"	"IPR011605"	"NusB antitermination factor"	"GO:0006353"
"PPA1190"	199	"PANTHER"	"PTHR23117"	"GUANYLATE KINASE-RELATED"	18	198	"2.3E-56"	"-"	"-"	""
"PPA1191"	115	"PANTHER"	"PTHR34476"	"DNA-DIRECTED RNA POLYMERASE SUBUNIT OMEGA"	9	97	"6.0E-23"	"IPR003716"	"DNA-directed RNA polymerase, omega subunit"	"GO:0003899|GO:0006351"
"PPA1192"	410	"PANTHER"	"PTHR14359"	"HOMO-OLIGOMERIC FLAVIN CONTAINING CYS DECARBOXYLASE FAMILY"	4	239	"5.6E-37"	"-"	"-"	""
"PPA1192"	410	"PANTHER"	"PTHR14359:SF6"	"PHOSPHOPANTOTHENOYLCYSTEINE DECARBOXYLASE"	4	239	"5.6E-37"	"-"	"-"	""
"PPA1193"	397	"PANTHER"	"PTHR11964:SF1"	"S-ADENOSYLMETHIONINE SYNTHASE"	3	386	"0.0"	"-"	"-"	""
"PPA1193"	397	"PANTHER"	"PTHR11964"	"S-ADENOSYLMETHIONINE SYNTHETASE"	3	386	"0.0"	"IPR002133"	"S-adenosylmethionine synthetase"	"GO:0004478|GO:0005524|GO:0006556"
"PPA1194"	672	"PANTHER"	"PTHR30580:SF0"	"PRIMOSOMAL PROTEIN N'"	24	121	"1.1E-90"	"-"	"-"	""
"PPA1194"	672	"PANTHER"	"PTHR30580:SF0"	"PRIMOSOMAL PROTEIN N'"	186	648	"1.1E-90"	"-"	"-"	""
"PPA1194"	672	"PANTHER"	"PTHR30580"	"PRIMOSOMAL PROTEIN N"	24	121	"1.1E-90"	"-"	"-"	""
"PPA1194"	672	"PANTHER"	"PTHR30580"	"PRIMOSOMAL PROTEIN N"	186	648	"1.1E-90"	"-"	"-"	""
"PPA1195"	315	"PANTHER"	"PTHR11138"	"METHIONYL-TRNA FORMYLTRANSFERASE"	2	310	"5.0E-69"	"-"	"-"	""
"PPA1195"	315	"PANTHER"	"PTHR11138:SF5"	"TRANSFERASE, PUTATIVE-RELATED"	2	310	"5.0E-69"	"-"	"-"	""
"PPA1196"	458	"PANTHER"	"PTHR22807:SF53"	"RIBOSOMAL RNA SMALL SUBUNIT METHYLTRANSFERASE B-RELATED"	14	452	"1.9E-65"	"-"	"-"	""
"PPA1196"	458	"PANTHER"	"PTHR22807"	"NOP2 YEAST -RELATED NOL1/NOP2/FMU SUN  DOMAIN-CONTAINING"	14	452	"1.9E-65"	"IPR023267"	"RNA (C5-cytosine) methyltransferase"	"GO:0001510"
"PPA1199"	223	"PANTHER"	"PTHR11749"	"RIBULOSE-5-PHOSPHATE-3-EPIMERASE"	3	215	"6.1E-73"	"IPR000056"	"Ribulose-phosphate 3-epimerase-like"	"GO:0005975|GO:0016857"
"PPA1201"	669	"PANTHER"	"PTHR12133"	"TRNA (ADENINE(58)-N(1))-METHYLTRANSFERASE"	370	603	"3.1E-62"	"IPR014816"	"tRNA (1-methyladenosine) methyltransferase catalytic subunit Gcd14"	"GO:0016429|GO:0030488|GO:0031515"
"PPA1201"	669	"PANTHER"	"PTHR12133:SF1"	"TRNA (ADENINE(58)-N(1))-METHYLTRANSFERASE, MITOCHONDRIAL"	370	603	"3.1E-62"	"-"	"-"	""
"PPA1203"	728	"PANTHER"	"PTHR43077:SF5"	"PHAGE INFECTION PROTEIN"	343	699	"4.5E-76"	"-"	"-"	""
"PPA1203"	728	"PANTHER"	"PTHR43077:SF5"	"PHAGE INFECTION PROTEIN"	23	304	"4.5E-76"	"-"	"-"	""
"PPA1203"	728	"PANTHER"	"PTHR43077"	"TRANSPORT PERMEASE YVFS-RELATED"	343	699	"4.5E-76"	"-"	"-"	""
"PPA1203"	728	"PANTHER"	"PTHR43077"	"TRANSPORT PERMEASE YVFS-RELATED"	23	304	"4.5E-76"	"-"	"-"	""
"PPA1204"	301	"PANTHER"	"PTHR43790:SF4"	"CARBOHYDRATE TRANSPORT ATP-BINDING PROTEIN MG119-RELATED"	41	205	"6.2E-13"	"-"	"-"	""
"PPA1204"	301	"PANTHER"	"PTHR43790:SF4"	"CARBOHYDRATE TRANSPORT ATP-BINDING PROTEIN MG119-RELATED"	15	111	"6.2E-13"	"-"	"-"	""
"PPA1204"	301	"PANTHER"	"PTHR43790"	"CARBOHYDRATE TRANSPORT ATP-BINDING PROTEIN MG119-RELATED"	41	205	"6.2E-13"	"-"	"-"	""
"PPA1204"	301	"PANTHER"	"PTHR43790"	"CARBOHYDRATE TRANSPORT ATP-BINDING PROTEIN MG119-RELATED"	15	111	"6.2E-13"	"-"	"-"	""
"PPA1205"	206	"PANTHER"	"PTHR30055"	"HTH-TYPE TRANSCRIPTIONAL REGULATOR RUTR"	3	204	"5.9E-15"	"-"	"-"	""
"PPA1206"	278	"PANTHER"	"PTHR11599:SF63"	"PROTEASOME SUBUNIT BETA"	43	226	"4.3E-22"	"-"	"-"	""
"PPA1206"	278	"PANTHER"	"PTHR11599"	"PROTEASOME SUBUNIT ALPHA/BETA"	43	226	"4.3E-22"	"-"	"-"	""
"PPA1207"	226	"PANTHER"	"PTHR11599:SF69"	"PROTEASOME SUBUNIT ALPHA"	57	167	"2.3E-15"	"IPR022296"	"Proteasome, alpha subunit, bacterial"	"GO:0004298|GO:0019773|GO:0051603"
"PPA1207"	226	"PANTHER"	"PTHR11599"	"PROTEASOME SUBUNIT ALPHA/BETA"	57	167	"2.3E-15"	"-"	"-"	""
"PPA1208"	423	"PANTHER"	"PTHR21363"	"PREPHENATE DEHYDROGENASE"	71	353	"9.5E-45"	"-"	"-"	""
"PPA1209"	223	"PANTHER"	"PTHR21299:SF2"	"CYTIDYLATE KINASE"	1	219	"1.0E-50"	"-"	"-"	""
"PPA1209"	223	"PANTHER"	"PTHR21299"	"CYTIDYLATE KINASE/PANTOATE-BETA-ALANINE LIGASE"	1	219	"1.0E-50"	"-"	"-"	""
"PPA1210"	456	"PANTHER"	"PTHR43834:SF2"	"GTP-BINDING PROTEIN"	20	455	"0.0"	"-"	"-"	""
"PPA1210"	456	"PANTHER"	"PTHR43834"	"GTPASE DER"	20	455	"0.0"	"-"	"-"	""
"PPA1211"	304	"PANTHER"	"PTHR10584:SF166"	"RIBOKINASE"	2	291	"2.0E-81"	"-"	"-"	""
"PPA1211"	304	"PANTHER"	"PTHR10584"	"SUGAR KINASE"	2	291	"2.0E-81"	"-"	"-"	""
"PPA1213"	477	"PANTHER"	"PTHR43702:SF3"	"L-FUCOSE-PROTON SYMPORTER"	30	456	"5.3E-101"	"-"	"-"	""
"PPA1213"	477	"PANTHER"	"PTHR43702"	"L-FUCOSE-PROTON SYMPORTER"	30	456	"5.3E-101"	"-"	"-"	""
"PPA1214"	217	"PANTHER"	"PTHR10889"	"DEOXYRIBOSE-PHOSPHATE ALDOLASE"	3	213	"1.9E-83"	"IPR011343"	"Deoxyribose-phosphate aldolase"	"GO:0004139|GO:0005737|GO:0009264"
"PPA1214"	217	"PANTHER"	"PTHR10889:SF1"	"ALDOLASE, PUTATIVE (AFU_ORTHOLOGUE AFUA_3G06590)-RELATED"	3	213	"1.9E-83"	"IPR028581"	"Deoxyribose-phosphate aldolase type I"	"GO:0004139"
"PPA1215"	379	"PANTHER"	"PTHR34294:SF1"	"TRANSCRIPTIONAL REGULATOR-RELATED"	75	377	"7.1E-40"	"-"	"-"	""
"PPA1215"	379	"PANTHER"	"PTHR34294"	"TRANSCRIPTIONAL REGULATOR-RELATED"	75	377	"7.1E-40"	"-"	"-"	""
"PPA1216"	262	"PANTHER"	"PTHR10000"	"PHOSPHOSERINE PHOSPHATASE"	1	257	"2.1E-43"	"-"	"-"	""
"PPA1216"	262	"PANTHER"	"PTHR10000:SF53"	"5-AMINO-6-(5-PHOSPHO-D-RIBITYLAMINO)URACIL PHOSPHATASE YBJI-RELATED"	1	257	"2.1E-43"	"-"	"-"	""
"PPA1217"	405	"PANTHER"	"PTHR21432"	"ACETYL-COA HYDROLASE-RELATED"	58	401	"2.3E-79"	"-"	"-"	""
"PPA1218"	419	"PANTHER"	"PTHR42912:SF58"	"METHYLTRANSFERASE"	219	406	"2.2E-27"	"-"	"-"	""
"PPA1218"	419	"PANTHER"	"PTHR42912"	"METHYLTRANSFERASE"	219	406	"2.2E-27"	"-"	"-"	""
"PPA1220"	163	"PANTHER"	"PTHR30154"	"LEUCINE-RESPONSIVE REGULATORY PROTEIN"	16	156	"6.7E-38"	"-"	"-"	""
"PPA1220"	163	"PANTHER"	"PTHR30154:SF35"	"ASNC-FAMILY TRANSCRIPTIONAL REGULATORY PROTEIN-RELATED"	16	156	"6.7E-38"	"-"	"-"	""
"PPA1221"	529	"PANTHER"	"PTHR38686"	"APOLIPOPROTEIN N-ACYLTRANSFERASE"	3	510	"7.4E-70"	"-"	"-"	""
"PPA1222"	272	"PANTHER"	"PTHR43398"	"DOLICHOL-PHOSPHATE MANNOSYLTRANSFERASE SUBUNIT 1"	7	244	"2.7E-74"	"IPR039528"	"DPM1-like"	"GO:0004582"
"PPA1224"	241	"PANTHER"	"PTHR43805"	"GLYCEROPHOSPHORYL DIESTER PHOSPHODIESTERASE"	5	231	"1.5E-47"	"-"	"-"	""
"PPA1225"	292	"PANTHER"	"PTHR10534"	"PYRIDOXAL KINASE"	4	258	"2.9E-49"	"IPR004625"	"Pyridoxine kinase"	"GO:0008478|GO:0009443"
"PPA1226"	548	"PANTHER"	"PTHR43783"	"UDP-N-ACETYLGLUCOSAMINE 1-CARBOXYVINYLTRANSFERASE"	107	544	"7.5E-88"	"-"	"-"	""
"PPA1227"	467	"PANTHER"	"PTHR22912"	"DISULFIDE OXIDOREDUCTASE"	4	459	"0.0"	"-"	"-"	""
"PPA1228"	303	"PANTHER"	"PTHR11562"	"CATION EFFLUX PROTEIN/ ZINC TRANSPORTER"	5	291	"2.0E-67"	"-"	"-"	""
"PPA1228"	303	"PANTHER"	"PTHR11562:SF17"	"RE54080P-RELATED"	5	291	"2.0E-67"	"-"	"-"	""
"PPA1229"	139	"PANTHER"	"PTHR33154:SF18"	"ARSENICAL RESISTANCE OPERON REPRESSOR"	18	95	"1.4E-15"	"-"	"-"	""
"PPA1229"	139	"PANTHER"	"PTHR33154"	"TRANSCRIPTIONAL REGULATOR, ARSR FAMILY"	18	95	"1.4E-15"	"-"	"-"	""
"PPA1232"	141	"PANTHER"	"PTHR47814"	"PEPTIDYL-TRNA HYDROLASE ARFB"	12	139	"1.1E-32"	"-"	"-"	""
"PPA1233"	398	"PANTHER"	"PTHR43683"	"MULTIDRUG EFFLUX PROTEIN YFMO"	6	390	"4.4E-117"	"-"	"-"	""
"PPA1235"	278	"PANTHER"	"PTHR33693"	"TYPE-5 URACIL-DNA GLYCOSYLASE"	43	274	"4.1E-42"	"-"	"-"	""
"PPA1235"	278	"PANTHER"	"PTHR33693:SF3"	"TYPE-5 URACIL-DNA GLYCOSYLASE"	43	274	"4.1E-42"	"-"	"-"	""
"PPA1236"	221	"PANTHER"	"PTHR12213"	"CORRINOID ADENOSYLTRANSFERASE"	4	194	"2.5E-47"	"IPR029499"	"Corrinoid adenosyltransferase, PduO-type"	"-"
"PPA1236"	221	"PANTHER"	"PTHR12213:SF0"	"CORRINOID ADENOSYLTRANSFERASE"	4	194	"2.5E-47"	"-"	"-"	""
"PPA1238"	146	"PANTHER"	"PTHR13822"	"ATP SYNTHASE DELTA/EPSILON CHAIN"	6	137	"7.8E-13"	"IPR001469"	"ATP synthase, F1 complex, delta/epsilon subunit"	"GO:0015986|GO:0045261|GO:0046933"
"PPA1239"	484	"PANTHER"	"PTHR15184"	"ATP SYNTHASE"	14	483	"0.0"	"-"	"-"	""
"PPA1240"	314	"PANTHER"	"PTHR11693"	"ATP SYNTHASE GAMMA CHAIN"	3	307	"3.0E-64"	"IPR000131"	"ATP synthase, F1 complex, gamma subunit"	"GO:0015986|GO:0045261|GO:0046933"
"PPA1240"	314	"PANTHER"	"PTHR11693:SF23"	"ATP SYNTHASE GAMMA CHAIN 1, CHLOROPLASTIC"	3	307	"3.0E-64"	"-"	"-"	""
"PPA1241"	545	"PANTHER"	"PTHR48082"	"ATP SYNTHASE SUBUNIT ALPHA, MITOCHONDRIAL"	5	514	"0.0"	"-"	"-"	""
"PPA1242"	263	"PANTHER"	"PTHR11910:SF1"	"ATP SYNTHASE SUBUNIT O, MITOCHONDRIAL"	82	262	"7.9E-21"	"-"	"-"	""
"PPA1242"	263	"PANTHER"	"PTHR11910"	"ATP SYNTHASE DELTA CHAIN"	82	262	"7.9E-21"	"IPR000711"	"ATPase, OSCP/delta subunit"	"GO:0015986|GO:0046933"
"PPA1243"	184	"PANTHER"	"PTHR33445"	"ATP SYNTHASE SUBUNIT B', CHLOROPLASTIC"	18	170	"1.4E-32"	"-"	"-"	""
"PPA1243"	184	"PANTHER"	"PTHR33445:SF1"	"ATP SYNTHASE SUBUNIT B"	18	170	"1.4E-32"	"-"	"-"	""
"PPA1245"	258	"PANTHER"	"PTHR11410"	"ATP SYNTHASE SUBUNIT A"	17	252	"1.4E-34"	"IPR045083"	"ATP synthase, F0 complex, subunit A, bacterial/mitochondria"	"GO:0015078|GO:0015986|GO:0045263"
"PPA1248"	367	"PANTHER"	"PTHR22926:SF3"	"UNDECAPRENYL-PHOSPHATE ALPHA-N-ACETYLGLUCOSAMINYL 1-PHOSPHATE TRANSFERASE"	1	356	"2.8E-75"	"-"	"-"	""
"PPA1248"	367	"PANTHER"	"PTHR22926"	"PHOSPHO-N-ACETYLMURAMOYL-PENTAPEPTIDE-TRANSFERASE"	1	356	"2.8E-75"	"IPR000715"	"Glycosyl transferase, family 4"	"GO:0008963|GO:0016021"
"PPA1249"	307	"PANTHER"	"PTHR17490"	"SUA5"	61	295	"1.3E-51"	"-"	"-"	""
"PPA1249"	307	"PANTHER"	"PTHR17490:SF16"	"SI:CH211-153B23.4"	61	295	"1.3E-51"	"-"	"-"	""
"PPA1250"	291	"PANTHER"	"PTHR18895"	"HEMK METHYLTRANSFERASE"	10	287	"8.1E-58"	"-"	"-"	""
"PPA1252"	361	"PANTHER"	"PTHR43804"	"LD18447P"	7	346	"1.7E-101"	"-"	"-"	""
"PPA1252"	361	"PANTHER"	"PTHR43804:SF7"	"LD18447P"	7	346	"1.7E-101"	"-"	"-"	""
"PPA1253"	69	"PANTHER"	"PTHR33280:SF6"	"50S RIBOSOMAL PROTEIN L31"	1	68	"1.8E-29"	"-"	"-"	""
"PPA1253"	69	"PANTHER"	"PTHR33280"	"50S RIBOSOMAL PROTEIN L31, CHLOROPLASTIC"	1	68	"1.8E-29"	"IPR002150"	"Ribosomal protein L31"	"GO:0003735|GO:0005840|GO:0006412"
"PPA1254"	633	"PANTHER"	"PTHR46425"	"TRANSCRIPTION TERMINATION FACTOR RHO"	12	627	"0.0"	"IPR004665"	"Transcription termination factor Rho"	"GO:0003723|GO:0005524|GO:0006353|GO:0008186"
"PPA1256"	296	"PANTHER"	"PTHR20861:SF1"	"HOMOSERINE KINASE"	2	276	"6.0E-62"	"-"	"-"	""
"PPA1256"	296	"PANTHER"	"PTHR20861"	"HOMOSERINE/4-DIPHOSPHOCYTIDYL-2-C-METHYL-D-ERYTHRITOL KINASE"	2	276	"6.0E-62"	"-"	"-"	""
"PPA1257"	356	"PANTHER"	"PTHR10314"	"CYSTATHIONINE BETA-SYNTHASE"	12	335	"1.1E-85"	"-"	"-"	""
"PPA1257"	356	"PANTHER"	"PTHR10314:SF5"	"THREONINE SYNTHASE 1, CHLOROPLASTIC"	12	335	"1.1E-85"	"-"	"-"	""
"PPA1258"	441	"PANTHER"	"PTHR43331"	"HOMOSERINE DEHYDROGENASE"	12	330	"3.2E-109"	"-"	"-"	""
"PPA1259"	476	"PANTHER"	"PTHR43727:SF2"	"DIAMINOPIMELATE DECARBOXYLASE 1, CHLOROPLASTIC-RELATED"	39	463	"3.7E-100"	"-"	"-"	""
"PPA1259"	476	"PANTHER"	"PTHR43727"	"DIAMINOPIMELATE DECARBOXYLASE"	39	463	"3.7E-100"	"-"	"-"	""
"PPA1261"	1236	"PANTHER"	"PTHR23152:SF4"	"2-OXOGLUTARATE DEHYDROGENASE E1 COMPONENT DHKTD1, MITOCHONDRIAL-RELATED"	9	1235	"0.0"	"-"	"-"	""
"PPA1261"	1236	"PANTHER"	"PTHR23152"	"2-OXOGLUTARATE DEHYDROGENASE"	9	1235	"0.0"	"IPR011603"	"2-oxoglutarate dehydrogenase E1 component"	"GO:0004591|GO:0006099|GO:0030976"
"PPA1264"	141	"PANTHER"	"PTHR38839"	"TRANSCRIPTIONAL REGULATOR WHID-RELATED"	58	134	"2.2E-27"	"IPR003482"	"Transcription factor WhiB"	"-"
"PPA1264"	141	"PANTHER"	"PTHR38839:SF5"	"TRANSCRIPTIONAL REGULATOR WHID"	58	134	"2.2E-27"	"-"	"-"	""
"PPA1265"	491	"PANTHER"	"PTHR43711:SF25"	"SENSOR HISTIDINE KINASE PDTAS-RELATED"	1	489	"6.6E-128"	"-"	"-"	""
"PPA1265"	491	"PANTHER"	"PTHR43711"	"TWO-COMPONENT HISTIDINE KINASE"	1	489	"6.6E-128"	"-"	"-"	""
"PPA1266"	225	"PANTHER"	"PTHR43133"	"RNA POLYMERASE ECF-TYPE SIGMA FACTO"	12	199	"2.4E-59"	"IPR039425"	"RNA polymerase sigma-70 like"	"-"
"PPA1266"	225	"PANTHER"	"PTHR43133:SF25"	"ECF RNA POLYMERASE SIGMA FACTOR SIGR"	12	199	"2.4E-59"	"-"	"-"	""
"PPA1268"	429	"PANTHER"	"PTHR21090"	"AROM/DEHYDROQUINATE SYNTHASE"	16	425	"7.5E-101"	"-"	"-"	""
"PPA1268"	429	"PANTHER"	"PTHR21090:SF5"	"PENTAFUNCTIONAL AROM POLYPEPTIDE"	16	425	"7.5E-101"	"-"	"-"	""
"PPA1269"	333	"PANTHER"	"PTHR32120"	"SMALL RIBOSOMAL SUBUNIT BIOGENESIS GTPASE RSGA"	30	328	"3.6E-56"	"IPR004881"	"Ribosome biogenesis GTPase RsgA"	"GO:0003924|GO:0005525"
"PPA1271"	297	"PANTHER"	"PTHR43200:SF6"	"3'(2'),5'-BISPHOSPHATE NUCLEOTIDASE"	41	294	"2.9E-43"	"-"	"-"	""
"PPA1271"	297	"PANTHER"	"PTHR43200"	"PHOSPHATASE"	41	294	"2.9E-43"	"-"	"-"	""
"PPA1272"	417	"PANTHER"	"PTHR10996:SF165"	"D-3-PHOSPHOGLYCERATE DEHYDROGENASE 1-RELATED"	21	383	"9.2E-130"	"-"	"-"	""
"PPA1272"	417	"PANTHER"	"PTHR10996"	"2-HYDROXYACID DEHYDROGENASE-RELATED"	21	383	"9.2E-130"	"-"	"-"	""
"PPA1273"	261	"PANTHER"	"PTHR43776"	"TRANSPORT ATP-BINDING PROTEIN"	4	257	"1.1E-93"	"-"	"-"	""
"PPA1273"	261	"PANTHER"	"PTHR43776:SF7"	"GLUTATHIONE IMPORT ATP-BINDING PROTEIN GSIA"	4	257	"1.1E-93"	"-"	"-"	""
"PPA1274"	269	"PANTHER"	"PTHR24220:SF607"	"NICKEL IMPORT ATP-BINDING PROTEIN NIKD"	1	254	"2.4E-101"	"-"	"-"	""
"PPA1274"	269	"PANTHER"	"PTHR24220"	"IMPORT ATP-BINDING PROTEIN"	1	254	"2.4E-101"	"-"	"-"	""
"PPA1275"	270	"PANTHER"	"PTHR43386"	"OLIGOPEPTIDE TRANSPORT SYSTEM PERMEASE PROTEIN APPC"	3	267	"1.6E-76"	"-"	"-"	""
"PPA1275"	270	"PANTHER"	"PTHR43386:SF13"	"TRANSPORT SYSTEM INTEGRAL MEMBRANE PROTEIN-RELATED"	3	267	"1.6E-76"	"-"	"-"	""
"PPA1276"	325	"PANTHER"	"PTHR43163"	"DIPEPTIDE TRANSPORT SYSTEM PERMEASE PROTEIN DPPB-RELATED"	11	315	"1.4E-84"	"-"	"-"	""
"PPA1277"	495	"PANTHER"	"PTHR30290:SF38"	"PERIPLASMIC DIPEPTIDE TRANSPORT PROTEIN"	4	486	"5.0E-74"	"-"	"-"	""
"PPA1277"	495	"PANTHER"	"PTHR30290"	"PERIPLASMIC BINDING COMPONENT OF ABC TRANSPORTER"	4	486	"5.0E-74"	"IPR039424"	"Solute-binding protein family 5"	"-"
"PPA1280"	221	"PANTHER"	"PTHR13696"	"P-LOOP CONTAINING NUCLEOSIDE TRIPHOSPHATE HYDROLASE"	31	171	"2.9E-20"	"-"	"-"	""
"PPA1280"	221	"PANTHER"	"PTHR13696:SF94"	"PARA FAMILY PLASMID PARTITIONING PROTEIN"	31	171	"2.9E-20"	"-"	"-"	""
"PPA1284"	406	"PANTHER"	"PTHR23517:SF2"	"MULTIDRUG RESISTANCE PROTEIN MDTH"	20	404	"4.6E-21"	"-"	"-"	""
"PPA1284"	406	"PANTHER"	"PTHR23517"	"RESISTANCE PROTEIN MDTM, PUTATIVE-RELATED-RELATED"	20	404	"4.6E-21"	"-"	"-"	""
"PPA1286"	237	"PANTHER"	"PTHR11487"	"THIOESTERASE"	4	222	"1.9E-14"	"IPR012223"	"Thioesterase type II, NRPS/PKS/S-FAS"	"GO:0009058"
"PPA1287"	579	"PANTHER"	"PTHR43171"	"EBONY"	83	573	"2.4E-75"	"-"	"-"	""
"PPA1288"	1098	"PANTHER"	"PTHR45527"	"NONRIBOSOMAL PEPTIDE SYNTHETASE"	27	980	"0.0"	"-"	"-"	""
"PPA1289"	329	"PANTHER"	"PTHR13812"	"KETIMINE REDUCTASE MU-CRYSTALLIN"	7	314	"9.3E-33"	"IPR003462"	"Ornithine cyclodeaminase/mu-crystallin"	"-"
"PPA1289"	329	"PANTHER"	"PTHR13812:SF19"	"KETIMINE REDUCTASE MU-CRYSTALLIN"	7	314	"9.3E-33"	"-"	"-"	""
"PPA1290"	333	"PANTHER"	"PTHR10314"	"CYSTATHIONINE BETA-SYNTHASE"	15	310	"1.3E-57"	"-"	"-"	""
"PPA1290"	333	"PANTHER"	"PTHR10314:SF211"	"CYSTEINE SYNTHASE 1"	15	310	"1.3E-57"	"-"	"-"	""
"PPA1291"	242	"PANTHER"	"PTHR12215"	"PHOSPHOPANTETHEINE TRANSFERASE"	22	202	"4.3E-21"	"-"	"-"	""
"PPA1310"	392	"PANTHER"	"PTHR10046"	"ATP DEPENDENT LON PROTEASE FAMILY MEMBER"	51	387	"2.8E-63"	"IPR027065"	"Lon protease"	"GO:0004176|GO:0004252|GO:0005524|GO:0030163"
"PPA1310"	392	"PANTHER"	"PTHR10046:SF48"	"ENDOPEPTIDASE LA"	51	387	"2.8E-63"	"-"	"-"	""
"PPA1311"	453	"PANTHER"	"PTHR39420:SF2"	"-"	30	445	"4.9E-92"	"-"	"-"	""
"PPA1311"	453	"PANTHER"	"PTHR39420"	"-"	30	445	"4.9E-92"	"IPR018766"	"Zinicin-like metallopeptidase type 2"	"-"
"PPA1312"	222	"PANTHER"	"PTHR30399"	"UNCHARACTERIZED PROTEIN YGJP"	74	198	"5.0E-17"	"-"	"-"	""
"PPA1312"	222	"PANTHER"	"PTHR30399:SF1"	"SLL8048 PROTEIN"	74	198	"5.0E-17"	"-"	"-"	""
"PPA1314"	706	"PANTHER"	"PTHR11070"	"UVRD / RECB / PCRA DNA HELICASE FAMILY MEMBER"	24	585	"1.2E-97"	"IPR000212"	"DNA helicase, UvrD/REP type"	"GO:0003677|GO:0003678|GO:0005524"
"PPA1315"	1049	"PANTHER"	"PTHR30591"	"RECBCD ENZYME SUBUNIT RECC"	265	959	"6.9E-60"	"-"	"-"	""
"PPA1315"	1049	"PANTHER"	"PTHR30591"	"RECBCD ENZYME SUBUNIT RECC"	20	243	"6.9E-60"	"-"	"-"	""
"PPA1316"	1078	"PANTHER"	"PTHR11070:SF23"	"RECBCD ENZYME SUBUNIT RECB"	886	1027	"5.1E-124"	"IPR004586"	"RecBCD enzyme subunit RecB"	"GO:0005524|GO:0006281|GO:0008854"
"PPA1316"	1078	"PANTHER"	"PTHR11070:SF23"	"RECBCD ENZYME SUBUNIT RECB"	213	692	"5.1E-124"	"IPR004586"	"RecBCD enzyme subunit RecB"	"GO:0005524|GO:0006281|GO:0008854"
"PPA1316"	1078	"PANTHER"	"PTHR11070:SF23"	"RECBCD ENZYME SUBUNIT RECB"	11	166	"5.1E-124"	"IPR004586"	"RecBCD enzyme subunit RecB"	"GO:0005524|GO:0006281|GO:0008854"
"PPA1316"	1078	"PANTHER"	"PTHR11070"	"UVRD / RECB / PCRA DNA HELICASE FAMILY MEMBER"	886	1027	"5.1E-124"	"IPR000212"	"DNA helicase, UvrD/REP type"	"GO:0003677|GO:0003678|GO:0005524"
"PPA1316"	1078	"PANTHER"	"PTHR11070"	"UVRD / RECB / PCRA DNA HELICASE FAMILY MEMBER"	213	692	"5.1E-124"	"IPR000212"	"DNA helicase, UvrD/REP type"	"GO:0003677|GO:0003678|GO:0005524"
"PPA1316"	1078	"PANTHER"	"PTHR11070"	"UVRD / RECB / PCRA DNA HELICASE FAMILY MEMBER"	11	166	"5.1E-124"	"IPR000212"	"DNA helicase, UvrD/REP type"	"GO:0003677|GO:0003678|GO:0005524"
"PPA1317"	628	"PANTHER"	"PTHR43788"	"DNA2/NAM7 HELICASE FAMILY MEMBER"	130	625	"8.3E-104"	"-"	"-"	""
"PPA1317"	628	"PANTHER"	"PTHR43788:SF6"	"RECBCD ENZYME SUBUNIT RECD"	130	625	"8.3E-104"	"-"	"-"	""
"PPA1318"	250	"PANTHER"	"PTHR42904:SF6"	"PEROXISOMAL NADH PYROPHOSPHATASE NUDT12"	53	234	"8.5E-52"	"-"	"-"	""
"PPA1318"	250	"PANTHER"	"PTHR42904"	"NUDIX HYDROLASE, NUDC SUBFAMILY"	53	234	"8.5E-52"	"-"	"-"	""
"PPA1319"	1072	"PANTHER"	"PTHR11070:SF55"	"ATP-DEPENDENT DNA HELICASE-RELATED"	18	772	"0.0"	"-"	"-"	""
"PPA1319"	1072	"PANTHER"	"PTHR11070:SF55"	"ATP-DEPENDENT DNA HELICASE-RELATED"	847	1056	"0.0"	"-"	"-"	""
"PPA1319"	1072	"PANTHER"	"PTHR11070"	"UVRD / RECB / PCRA DNA HELICASE FAMILY MEMBER"	847	1056	"0.0"	"IPR000212"	"DNA helicase, UvrD/REP type"	"GO:0003677|GO:0003678|GO:0005524"
"PPA1319"	1072	"PANTHER"	"PTHR11070"	"UVRD / RECB / PCRA DNA HELICASE FAMILY MEMBER"	18	772	"0.0"	"IPR000212"	"DNA helicase, UvrD/REP type"	"GO:0003677|GO:0003678|GO:0005524"
"PPA1320"	1061	"PANTHER"	"PTHR11070"	"UVRD / RECB / PCRA DNA HELICASE FAMILY MEMBER"	14	457	"3.5E-98"	"IPR000212"	"DNA helicase, UvrD/REP type"	"GO:0003677|GO:0003678|GO:0005524"
"PPA1320"	1061	"PANTHER"	"PTHR11070"	"UVRD / RECB / PCRA DNA HELICASE FAMILY MEMBER"	497	975	"3.5E-98"	"IPR000212"	"DNA helicase, UvrD/REP type"	"GO:0003677|GO:0003678|GO:0005524"
"PPA1320"	1061	"PANTHER"	"PTHR11070:SF59"	"POSSIBLE ATP-DEPENDENT DNA HELICASE"	14	457	"3.5E-98"	"-"	"-"	""
"PPA1320"	1061	"PANTHER"	"PTHR11070:SF59"	"POSSIBLE ATP-DEPENDENT DNA HELICASE"	497	975	"3.5E-98"	"-"	"-"	""
"PPA1325"	561	"PANTHER"	"PTHR47963"	"DEAD-BOX ATP-DEPENDENT RNA HELICASE 47, MITOCHONDRIAL"	54	422	"9.9E-123"	"-"	"-"	""
"PPA1325"	561	"PANTHER"	"PTHR47963:SF5"	"DEAD-BOX ATP-DEPENDENT RNA HELICASE CSHA"	54	422	"9.9E-123"	"-"	"-"	""
"PPA1326"	502	"PANTHER"	"PTHR43495:SF1"	"L-ASPARAGINE PERMEASE"	35	489	"0.0"	"-"	"-"	""
"PPA1326"	502	"PANTHER"	"PTHR43495"	"GABA PERMEASE"	35	489	"0.0"	"-"	"-"	""
"PPA1327"	363	"PANTHER"	"PTHR10055"	"TRYPTOPHANYL-TRNA SYNTHETASE"	36	361	"1.4E-73"	"-"	"-"	""
"PPA1327"	363	"PANTHER"	"PTHR10055:SF9"	"TRYPTOPHAN--TRNA LIGASE"	36	361	"1.4E-73"	"-"	"-"	""
"PPA1328"	286	"PANTHER"	"PTHR42924"	"EXONUCLEASE"	1	259	"1.4E-61"	"-"	"-"	""
"PPA1328"	286	"PANTHER"	"PTHR42924:SF3"	"EXPRESSED PROTEIN"	1	259	"1.4E-61"	"-"	"-"	""
"PPA1329"	1539	"PANTHER"	"PTHR43403"	"-"	63	1502	"0.0"	"IPR007780"	"NAD-glutamate dehydrogenase, bacteria"	"GO:0004352|GO:0019551"
"PPA1333"	901	"PANTHER"	"PTHR30612"	"SECA INNER MEMBRANE COMPONENT OF SEC PROTEIN SECRETION SYSTEM"	14	822	"0.0"	"IPR000185"	"Protein translocase subunit SecA"	"GO:0005524|GO:0006605|GO:0006886"
"PPA1334"	222	"PANTHER"	"PTHR33231:SF1"	"30S RIBOSOMAL PROTEIN"	17	216	"3.8E-28"	"-"	"-"	""
"PPA1334"	222	"PANTHER"	"PTHR33231"	"30S RIBOSOMAL PROTEIN"	17	216	"3.8E-28"	"-"	"-"	""
"PPA1335"	215	"PANTHER"	"PTHR47505"	"DNA UTILIZATION PROTEIN YHGH"	1	208	"1.9E-28"	"-"	"-"	""
"PPA1337"	582	"PANTHER"	"PTHR44936"	"SENSOR PROTEIN CREC"	249	557	"1.3E-59"	"-"	"-"	""
"PPA1337"	582	"PANTHER"	"PTHR44936:SF4"	"SENSOR PROTEIN RSTB"	249	557	"1.3E-59"	"-"	"-"	""
"PPA1338"	236	"PANTHER"	"PTHR48111:SF4"	"TRANSCRIPTIONAL REGULATORY PROTEIN BAER"	10	232	"2.5E-70"	"-"	"-"	""
"PPA1338"	236	"PANTHER"	"PTHR48111"	"REGULATOR OF RPOS"	10	232	"2.5E-70"	"IPR039420"	"Transcriptional regulatory protein WalR-like"	"-"
"PPA1339"	192	"PANTHER"	"PTHR30327"	"UNCHARACTERIZED PROTEIN YQGE"	12	169	"2.1E-16"	"IPR003774"	"Protein of unknown function UPF0301"	"-"
"PPA1342"	179	"PANTHER"	"PTHR40658"	"-"	1	174	"2.0E-56"	"IPR012550"	"Protein of unknown function DUF1706"	"-"
"PPA1342"	179	"PANTHER"	"PTHR40658:SF4"	"HYPOTHETICAL CYTOSOLIC PROTEIN"	1	174	"2.0E-56"	"-"	"-"	""
"PPA1346"	486	"PANTHER"	"PTHR43814"	"ARGININOSUCCINATE LYASE"	19	474	"0.0"	"IPR009049"	"Argininosuccinate lyase"	"GO:0004056|GO:0042450"
"PPA1346"	486	"PANTHER"	"PTHR43814:SF1"	"ARGININOSUCCINATE LYASE"	19	474	"0.0"	"-"	"-"	""
"PPA1347"	398	"PANTHER"	"PTHR11986:SF79"	"ACETYLORNITHINE AMINOTRANSFERASE, MITOCHONDRIAL"	13	396	"1.0E-123"	"-"	"-"	""
"PPA1347"	398	"PANTHER"	"PTHR11986"	"AMINOTRANSFERASE CLASS III"	13	396	"1.0E-123"	"-"	"-"	""
"PPA1348"	310	"PANTHER"	"PTHR23342:SF16"	"BNAC04G55460D PROTEIN"	6	304	"4.5E-69"	"-"	"-"	""
"PPA1348"	310	"PANTHER"	"PTHR23342"	"N-ACETYLGLUTAMATE SYNTHASE"	6	304	"4.5E-69"	"-"	"-"	""
"PPA1349"	269	"PANTHER"	"PTHR23100"	"ARGININE BIOSYNTHESIS BIFUNCTIONAL PROTEIN ARGJ"	87	269	"5.0E-69"	"IPR002813"	"Arginine biosynthesis protein ArgJ"	"GO:0004358|GO:0006526"
"PPA1349"	269	"PANTHER"	"PTHR23100"	"ARGININE BIOSYNTHESIS BIFUNCTIONAL PROTEIN ARGJ"	2	85	"5.0E-69"	"IPR002813"	"Arginine biosynthesis protein ArgJ"	"GO:0004358|GO:0006526"
"PPA1350"	374	"PANTHER"	"PTHR32338"	"N-ACETYL-GAMMA-GLUTAMYL-PHOSPHATE REDUCTASE, CHLOROPLASTIC-RELATED-RELATED"	32	367	"4.1E-78"	"-"	"-"	""
"PPA1350"	374	"PANTHER"	"PTHR32338:SF8"	"N-ACETYL-GAMMA-GLUTAMYL-PHOSPHATE REDUCTASE"	32	367	"4.1E-78"	"-"	"-"	""
"PPA1351"	160	"PANTHER"	"PTHR30308"	"TMRNA-BINDING COMPONENT OF TRANS-TRANSLATION TAGGING COMPLEX"	4	153	"1.4E-53"	"IPR000037"	"SsrA-binding protein"	"GO:0003723"
"PPA1352"	300	"PANTHER"	"PTHR47755"	"CELL DIVISION PROTEIN FTSX"	2	300	"1.7E-65"	"IPR004513"	"Cell division protein FtsX"	"GO:0016021"
"PPA1353"	228	"PANTHER"	"PTHR24220"	"IMPORT ATP-BINDING PROTEIN"	1	226	"1.5E-96"	"-"	"-"	""
"PPA1353"	228	"PANTHER"	"PTHR24220:SF470"	"CELL DIVISION ATP-BINDING PROTEIN FTSE"	1	226	"1.5E-96"	"-"	"-"	""
"PPA1354"	368	"PANTHER"	"PTHR43116"	"PEPTIDE CHAIN RELEASE FACTOR 2"	3	364	"1.5E-127"	"-"	"-"	""
"PPA1354"	368	"PANTHER"	"PTHR43116:SF3"	"PEPTIDE CHAIN RELEASE FACTOR PRFB1, CHLOROPLASTIC-RELATED"	3	364	"1.5E-127"	"-"	"-"	""
"PPA1355"	236	"PANTHER"	"PTHR34980:SF1"	"INNER MEMBRANE PROTEIN-RELATED"	62	202	"9.3E-18"	"-"	"-"	""
"PPA1355"	236	"PANTHER"	"PTHR34980"	"INNER MEMBRANE PROTEIN-RELATED-RELATED"	62	202	"9.3E-18"	"IPR008523"	"Protein of unknown function DUF805"	"GO:0016021"
"PPA1356"	866	"PANTHER"	"PTHR22683:SF41"	"DNA TRANSLOCASE FTSK"	98	853	"0.0"	"-"	"-"	""
"PPA1356"	866	"PANTHER"	"PTHR22683"	"SPORULATION PROTEIN RELATED"	98	853	"0.0"	"-"	"-"	""
"PPA1357"	320	"PANTHER"	"PTHR30270:SF0"	"THIAMINE-MONOPHOSPHATE KINASE"	5	318	"9.0E-75"	"-"	"-"	""
"PPA1357"	320	"PANTHER"	"PTHR30270"	"THIAMINE-MONOPHOSPHATE KINASE"	5	318	"9.0E-75"	"IPR006283"	"Thiamine-monophosphate kinase"	"GO:0009030|GO:0009228"
"PPA1359"	365	"PANTHER"	"PTHR23132"	"D-ALANINE--D-ALANINE LIGASE"	1	361	"7.4E-120"	"-"	"-"	""
"PPA1359"	365	"PANTHER"	"PTHR23132:SF8"	"D-ALANINE--D-ALANINE LIGASE A"	1	361	"7.4E-120"	"-"	"-"	""
"PPA1360"	258	"PANTHER"	"PTHR10434:SF11"	"1-ACYL-SN-GLYCEROL-3-PHOSPHATE ACYLTRANSFERASE 1, CHLOROPLASTIC"	34	221	"3.7E-31"	"-"	"-"	""
"PPA1360"	258	"PANTHER"	"PTHR10434"	"1-ACYL-SN-GLYCEROL-3-PHOSPHATE ACYLTRANSFERASE"	34	221	"3.7E-31"	"-"	"-"	""
"PPA1361"	131	"PANTHER"	"PTHR43345:SF5"	"3-ISOPROPYLMALATE DEHYDRATASE SMALL SUBUNIT"	28	124	"1.2E-19"	"-"	"-"	""
"PPA1361"	131	"PANTHER"	"PTHR43345"	"3-ISOPROPYLMALATE DEHYDRATASE SMALL SUBUNIT 2-RELATED-RELATED"	28	124	"1.2E-19"	"-"	"-"	""
"PPA1362"	135	"PANTHER"	"PTHR43822"	"HOMOACONITASE, MITOCHONDRIAL-RELATED"	1	131	"3.6E-48"	"-"	"-"	""
"PPA1362"	135	"PANTHER"	"PTHR43822:SF9"	"3-ISOPROPYLMALATE DEHYDRATASE"	1	131	"3.6E-48"	"-"	"-"	""
"PPA1363"	111	"PANTHER"	"PTHR43822"	"HOMOACONITASE, MITOCHONDRIAL-RELATED"	6	111	"2.0E-40"	"-"	"-"	""
"PPA1363"	111	"PANTHER"	"PTHR43822:SF9"	"3-ISOPROPYLMALATE DEHYDRATASE"	6	111	"2.0E-40"	"-"	"-"	""
"PPA1364"	239	"PANTHER"	"PTHR30136"	"HELIX-TURN-HELIX TRANSCRIPTIONAL REGULATOR, ICLR FAMILY"	2	236	"1.6E-66"	"-"	"-"	""
"PPA1364"	239	"PANTHER"	"PTHR30136:SF35"	"TRANSCRIPTIONAL REGULATORY PROTEIN"	2	236	"1.6E-66"	"-"	"-"	""
"PPA1365"	314	"PANTHER"	"PTHR43592:SF22"	"BLPY PROTEIN"	89	269	"1.1E-12"	"-"	"-"	""
"PPA1365"	314	"PANTHER"	"PTHR43592"	"CAAX AMINO TERMINAL PROTEASE"	89	269	"1.1E-12"	"-"	"-"	""
"PPA1366"	266	"PANTHER"	"PTHR11820:SF102"	"FUMARYLACETOACETATE (FAA) HYDROLASE FAMILY PROTEIN-RELATED"	48	264	"2.1E-82"	"-"	"-"	""
"PPA1366"	266	"PANTHER"	"PTHR11820"	"ACYLPYRUVASE"	48	264	"2.1E-82"	"-"	"-"	""
"PPA1367"	429	"PANTHER"	"PTHR10515"	"THYMIDINE PHOSPHORYLASE"	3	421	"0.0"	"IPR000053"	"Thymidine/pyrimidine-nucleoside phosphorylase"	"GO:0004645|GO:0006206"
"PPA1368"	363	"PANTHER"	"PTHR42825:SF7"	"BRANCHED-CHAIN-AMINO-ACID AMINOTRANSFERASE"	19	362	"3.0E-108"	"-"	"-"	""
"PPA1368"	363	"PANTHER"	"PTHR42825"	"AMINO ACID AMINOTRANSFERASE"	19	362	"3.0E-108"	"IPR005786"	"Branched-chain amino acid aminotransferase II"	"GO:0004084|GO:0009081"
"PPA1371"	192	"PANTHER"	"PTHR43167"	"PUTATIVE (AFU_ORTHOLOGUE AFUA_6G01830)-RELATED"	8	189	"3.6E-17"	"-"	"-"	""
"PPA1372"	342	"PANTHER"	"PTHR21371"	"KETOL-ACID REDUCTOISOMERASE, MITOCHONDRIAL"	2	327	"7.1E-100"	"IPR013023"	"Ketol-acid reductoisomerase"	"GO:0009082|GO:0016491"
"PPA1372"	342	"PANTHER"	"PTHR21371:SF1"	"KETOL-ACID REDUCTOISOMERASE, MITOCHONDRIAL"	2	327	"7.1E-100"	"-"	"-"	""
"PPA1373"	81	"PANTHER"	"PTHR30239"	"ACETOLACTATE SYNTHASE SMALL SUBUNIT"	1	81	"8.7E-13"	"IPR004789"	"Acetolactate synthase, small subunit"	"GO:0009082|GO:1990610"
"PPA1373"	81	"PANTHER"	"PTHR30239:SF0"	"ACETOLACTATE SYNTHASE ISOZYME 3 SMALL SUBUNIT"	1	81	"8.7E-13"	"-"	"-"	""
"PPA1375"	136	"PANTHER"	"PTHR23089:SF39"	"BLR5135 PROTEIN"	1	119	"3.3E-32"	"-"	"-"	""
"PPA1375"	136	"PANTHER"	"PTHR23089"	"HISTIDINE TRIAD  HIT  PROTEIN"	1	119	"3.3E-32"	"IPR001310"	"Histidine triad (HIT) protein"	"-"
"PPA1376"	251	"PANTHER"	"PTHR21235:SF2"	"IMIDAZOLE GLYCEROL PHOSPHATE SYNTHASE HISHF"	2	251	"2.4E-83"	"-"	"-"	""
"PPA1376"	251	"PANTHER"	"PTHR21235"	"IMIDAZOLE GLYCEROL PHOSPHATE SYNTHASE SUBUNIT HISF/H  IGP SYNTHASE SUBUNIT HISF/H"	2	251	"2.4E-83"	"-"	"-"	""
"PPA1377"	917	"PANTHER"	"PTHR12131"	"ATP-DEPENDENT RNA AND DNA HELICASE"	10	908	"0.0"	"-"	"-"	""
"PPA1377"	917	"PANTHER"	"PTHR12131:SF7"	"EXOSOME RNA HELICASE MTR4"	10	908	"0.0"	"-"	"-"	""
"PPA1378"	261	"PANTHER"	"PTHR30371"	"SEC-INDEPENDENT PROTEIN TRANSLOCASE PROTEIN TATC"	1	244	"1.2E-44"	"IPR002033"	"Sec-independent periplasmic protein translocase TatC"	"GO:0016021"
"PPA1381"	322	"PANTHER"	"PTHR34580"	"-"	2	307	"2.8E-26"	"-"	"-"	""
"PPA1382"	320	"PANTHER"	"PTHR34580"	"-"	1	313	"7.5E-35"	"-"	"-"	""
"PPA1382"	320	"PANTHER"	"PTHR34580:SF1"	"PROTEIN PAFB"	1	313	"7.5E-35"	"-"	"-"	""
"PPA1383"	347	"PANTHER"	"PTHR43311"	"GLUTAMATE--TRNA LIGASE"	27	301	"1.4E-76"	"-"	"-"	""
"PPA1383"	347	"PANTHER"	"PTHR43311:SF1"	"GLUTAMYL-Q TRNA(ASP) SYNTHETASE"	27	301	"1.4E-76"	"-"	"-"	""
"PPA1384"	374	"PANTHER"	"PTHR46046"	"-"	133	234	"1.4E-27"	"-"	"-"	""
"PPA1384"	374	"PANTHER"	"PTHR46046"	"-"	278	372	"1.4E-27"	"-"	"-"	""
"PPA1384"	374	"PANTHER"	"PTHR46046:SF5"	"PEPTIDYLPROLYL ISOMERASE"	278	372	"1.4E-27"	"-"	"-"	""
"PPA1384"	374	"PANTHER"	"PTHR46046:SF5"	"PEPTIDYLPROLYL ISOMERASE"	133	234	"1.4E-27"	"-"	"-"	""
"PPA1385"	245	"PANTHER"	"PTHR21600:SF2"	"RIBOSOMAL LARGE SUBUNIT PSEUDOURIDINE SYNTHASE E"	6	239	"9.6E-72"	"-"	"-"	""
"PPA1385"	245	"PANTHER"	"PTHR21600"	"MITOCHONDRIAL RNA PSEUDOURIDINE SYNTHASE"	6	239	"9.6E-72"	"-"	"-"	""
"PPA1387"	315	"PANTHER"	"PTHR13696"	"P-LOOP CONTAINING NUCLEOSIDE TRIPHOSPHATE HYDROLASE"	26	308	"2.3E-99"	"-"	"-"	""
"PPA1387"	315	"PANTHER"	"PTHR13696:SF90"	"POSSIBLE SOJ/PARA-RELATED PROTEIN"	26	308	"2.3E-99"	"-"	"-"	""
"PPA1388"	306	"PANTHER"	"PTHR30349"	"PHAGE INTEGRASE-RELATED"	18	299	"1.6E-60"	"-"	"-"	""
"PPA1389"	219	"PANTHER"	"PTHR11839:SF1"	"ADP-SUGAR PYROPHOSPHATASE"	8	189	"7.5E-20"	"-"	"-"	""
"PPA1389"	219	"PANTHER"	"PTHR11839"	"UDP/ADP-SUGAR PYROPHOSPHATASE"	8	189	"7.5E-20"	"-"	"-"	""
"PPA1390"	562	"PANTHER"	"PTHR11550:SF0"	"CTP SYNTHASE-RELATED"	9	544	"0.0"	"-"	"-"	""
"PPA1390"	562	"PANTHER"	"PTHR11550"	"CTP SYNTHASE"	9	544	"0.0"	"IPR004468"	"CTP synthase"	"GO:0003883|GO:0006221"
"PPA1394"	559	"PANTHER"	"PTHR11059"	"DNA REPAIR PROTEIN RECN"	2	554	"4.3E-113"	"IPR004604"	"DNA recombination/repair protein RecN"	"GO:0005524|GO:0006281|GO:0006310"
"PPA1395"	318	"PANTHER"	"PTHR20275:SF0"	"NAD KINASE"	72	297	"2.2E-47"	"-"	"-"	""
"PPA1395"	318	"PANTHER"	"PTHR20275"	"NAD KINASE"	72	297	"2.2E-47"	"-"	"-"	""
"PPA1396"	258	"PANTHER"	"PTHR32319:SF0"	"BACTERIAL HEMOLYSIN-LIKE PROTEIN"	14	256	"3.9E-59"	"IPR004538"	"Haemolysin A /rRNA methyltransferase TlyA"	"GO:0003723"
"PPA1396"	258	"PANTHER"	"PTHR32319"	"BACTERIAL HEMOLYSIN-LIKE PROTEIN"	14	256	"3.9E-59"	"-"	"-"	""
"PPA1398"	210	"PANTHER"	"PTHR33514"	"PROTEIN ABCI12, CHLOROPLASTIC"	102	206	"6.1E-13"	"-"	"-"	""
"PPA1399"	316	"PANTHER"	"PTHR24220"	"IMPORT ATP-BINDING PROTEIN"	67	291	"3.2E-45"	"-"	"-"	""
"PPA1400"	189	"PANTHER"	"PTHR34295"	"BIOTIN TRANSPORTER BIOY"	9	182	"7.0E-32"	"IPR003784"	"BioY protein"	"GO:0005886|GO:0015225|GO:0015878"
"PPA1401"	332	"PANTHER"	"PTHR19288"	"4-NITROPHENYLPHOSPHATASE-RELATED"	4	253	"3.5E-43"	"-"	"-"	""
"PPA1401"	332	"PANTHER"	"PTHR19288:SF75"	"FI11325P-RELATED"	4	253	"3.5E-43"	"-"	"-"	""
"PPA1404"	418	"PANTHER"	"PTHR11766"	"TYROSYL-TRNA SYNTHETASE"	2	413	"4.3E-120"	"IPR024088"	"Tyrosine-tRNA ligase, bacterial-type"	"GO:0004831"
"PPA1404"	418	"PANTHER"	"PTHR11766:SF0"	"TYROSINE--TRNA LIGASE, MITOCHONDRIAL"	2	413	"4.3E-120"	"-"	"-"	""
"PPA1405"	182	"PANTHER"	"PTHR34471"	"ARGININE REPRESSOR"	10	163	"1.1E-33"	"IPR001669"	"Arginine repressor"	"GO:0003700|GO:0006355"
"PPA1406"	203	"PANTHER"	"PTHR30055:SF192"	"POSSIBLE TRANSCRIPTIONAL REGULATORY PROTEIN (PROBABLY TETR-FAMILY)"	21	200	"7.1E-23"	"-"	"-"	""
"PPA1406"	203	"PANTHER"	"PTHR30055"	"HTH-TYPE TRANSCRIPTIONAL REGULATOR RUTR"	21	200	"7.1E-23"	"-"	"-"	""
"PPA1407"	388	"PANTHER"	"PTHR22976"	"BIOTIN SYNTHASE"	29	351	"4.2E-88"	"IPR002684"	"Biotin synthase/Biotin biosynthesis bifunctional protein BioAB"	"GO:0004076|GO:0009102"
"PPA1408"	839	"PANTHER"	"PTHR10947"	"PHENYLALANYL-TRNA SYNTHETASE BETA CHAIN AND LEUCINE-RICH REPEAT-CONTAINING PROTEIN 47"	178	731	"2.0E-65"	"IPR045060"	"Phenylalanine-tRNA ligase, class IIc, beta subunit"	"GO:0004826|GO:0006432"
"PPA1408"	839	"PANTHER"	"PTHR10947:SF0"	"PHENYLALANINE--TRNA LIGASE BETA SUBUNIT"	178	731	"2.0E-65"	"-"	"-"	""
"PPA1409"	369	"PANTHER"	"PTHR11538"	"PHENYLALANYL-TRNA SYNTHETASE"	88	363	"3.9E-60"	"-"	"-"	""
"PPA1409"	369	"PANTHER"	"PTHR11538:SF41"	"PHENYLALANINE--TRNA LIGASE, MITOCHONDRIAL"	88	363	"3.9E-60"	"IPR004530"	"Phenylalanyl-tRNA synthetase, class IIc, mitochondrial"	"GO:0000166|GO:0004826|GO:0005524|GO:0005737|GO:0006432"
"PPA1410"	273	"PANTHER"	"PTHR43191"	"RRNA METHYLTRANSFERASE 3,"	18	269	"1.4E-59"	"-"	"-"	""
"PPA1410"	273	"PANTHER"	"PTHR43191:SF4"	"RNA METHYLASE-RELATED"	18	269	"1.4E-59"	"-"	"-"	""
"PPA1412"	123	"PANTHER"	"PTHR10986:SF12"	"39S RIBOSOMAL PROTEIN L20, MITOCHONDRIAL"	1	114	"4.7E-34"	"-"	"-"	""
"PPA1412"	123	"PANTHER"	"PTHR10986"	"39S RIBOSOMAL PROTEIN L20"	1	114	"4.7E-34"	"IPR005813"	"Ribosomal protein L20"	"GO:0003735|GO:0005840|GO:0006412|GO:0019843"
"PPA1413"	68	"PANTHER"	"PTHR33343:SF1"	"54S RIBOSOMAL PROTEIN BL35M"	2	63	"1.9E-14"	"-"	"-"	""
"PPA1413"	68	"PANTHER"	"PTHR33343"	"54S RIBOSOMAL PROTEIN BL35M"	2	63	"1.9E-14"	"IPR001706"	"Ribosomal protein L35, non-mitochondrial"	"GO:0003735|GO:0005840|GO:0006412"
"PPA1414"	268	"PANTHER"	"PTHR10938"	"TRANSLATION INITIATION FACTOR IF-3"	23	231	"6.6E-66"	"IPR001288"	"Translation initiation factor 3"	"GO:0003743|GO:0006413"
"PPA1414"	268	"PANTHER"	"PTHR10938:SF0"	"TRANSLATION INITIATION FACTOR IF-3, MITOCHONDRIAL"	23	231	"6.6E-66"	"-"	"-"	""
"PPA1417"	284	"PANTHER"	"PTHR21403"	"ATP PHOSPHORIBOSYLTRANSFERASE  ATP-PRTASE"	1	283	"2.9E-83"	"IPR001348"	"ATP phosphoribosyltransferase HisG"	"GO:0000105|GO:0003879"
"PPA1417"	284	"PANTHER"	"PTHR21403:SF4"	"ATP PHOSPHORIBOSYLTRANSFERASE"	1	283	"2.9E-83"	"-"	"-"	""
"PPA1418"	88	"PANTHER"	"PTHR42945"	"HISTIDINE BIOSYNTHESIS BIFUNCTIONAL PROTEIN"	6	88	"5.5E-24"	"-"	"-"	""
"PPA1418"	88	"PANTHER"	"PTHR42945:SF5"	"PHOSPHORIBOSYL-ATP PYROPHOSPHATASE"	6	88	"5.5E-24"	"-"	"-"	""
"PPA1419"	226	"PANTHER"	"PTHR36122"	"NICOTINAMIDE RIBOSIDE TRANSPORTER PNUC"	8	219	"7.7E-30"	"IPR006419"	"Nicotinamide mononucleotide transporter PnuC"	"GO:0016020|GO:0034257|GO:0034258"
"PPA1422"	324	"PANTHER"	"PTHR43364"	"NADH-SPECIFIC METHYLGLYOXAL REDUCTASE-RELATED"	2	314	"1.3E-69"	"-"	"-"	""
"PPA1423"	436	"PANTHER"	"PTHR42871"	"CITRATE SYNTHASE"	15	435	"0.0"	"-"	"-"	""
"PPA1424"	454	"PANTHER"	"PTHR43808"	"ACETYLORNITHINE DEACETYLASE"	20	451	"1.0E-57"	"-"	"-"	""
"PPA1424"	454	"PANTHER"	"PTHR43808:SF8"	"PEPTIDASE M20 DOMAIN-CONTAINING PROTEIN C757.05C"	20	451	"1.0E-57"	"-"	"-"	""
"PPA1425"	377	"PANTHER"	"PTHR11614"	"PHOSPHOLIPASE-RELATED"	267	375	"7.1E-34"	"-"	"-"	""
"PPA1425"	377	"PANTHER"	"PTHR11614"	"PHOSPHOLIPASE-RELATED"	57	183	"7.1E-34"	"-"	"-"	""
"PPA1425"	377	"PANTHER"	"PTHR11614:SF169"	"MONOGLYCERIDE LIPASE"	267	375	"7.1E-34"	"-"	"-"	""
"PPA1425"	377	"PANTHER"	"PTHR11614:SF169"	"MONOGLYCERIDE LIPASE"	57	183	"7.1E-34"	"-"	"-"	""
"PPA1428"	175	"PANTHER"	"PTHR10815"	"METHYLATED-DNA--PROTEIN-CYSTEINE METHYLTRANSFERASE"	9	170	"1.4E-42"	"-"	"-"	""
"PPA1428"	175	"PANTHER"	"PTHR10815:SF5"	"METHYLATED-DNA--PROTEIN-CYSTEINE METHYLTRANSFERASE"	9	170	"1.4E-42"	"-"	"-"	""
"PPA1429"	377	"PANTHER"	"PTHR43022"	"PROTEIN SMF"	11	361	"3.2E-65"	"IPR003488"	"DNA recombination-mediator protein A"	"GO:0009294"
"PPA1430"	490	"PANTHER"	"PTHR32039"	"MAGNESIUM-CHELATASE SUBUNIT CHLI"	2	486	"0.0"	"IPR045006"	"Magnesium-chelatase subunit ChlI-like"	"-"
"PPA1430"	490	"PANTHER"	"PTHR32039:SF7"	"COMPETENCE PROTEIN COMM"	2	486	"0.0"	"IPR004482"	"Mg chelatase-related protein"	"-"
"PPA1431"	140	"PANTHER"	"PTHR34039"	"UPF0102 PROTEIN YRAN"	28	139	"3.9E-28"	"IPR003509"	"Uncharacterised protein family UPF0102"	"-"
"PPA1433"	204	"PANTHER"	"PTHR10954"	"RIBONUCLEASE H2 SUBUNIT A"	12	201	"6.1E-55"	"IPR001352"	"Ribonuclease HII/HIII"	"GO:0003723|GO:0004523"
"PPA1433"	204	"PANTHER"	"PTHR10954:SF18"	"RIBONUCLEASE HII"	12	201	"6.1E-55"	"IPR022898"	"Ribonuclease HII"	"GO:0004523"
"PPA1434"	274	"PANTHER"	"PTHR43390"	"SIGNAL PEPTIDASE I"	18	244	"4.6E-44"	"IPR000223"	"Peptidase S26A, signal peptidase I"	"GO:0006508|GO:0008236|GO:0016020"
"PPA1434"	274	"PANTHER"	"PTHR43390:SF1"	"CHLOROPLAST PROCESSING PEPTIDASE"	18	244	"4.6E-44"	"-"	"-"	""
"PPA1435"	117	"PANTHER"	"PTHR15680:SF9"	"39S RIBOSOMAL PROTEIN L19, MITOCHONDRIAL"	3	112	"1.8E-35"	"-"	"-"	""
"PPA1435"	117	"PANTHER"	"PTHR15680"	"RIBOSOMAL PROTEIN L19"	3	112	"1.8E-35"	"IPR001857"	"Ribosomal protein L19"	"GO:0003735|GO:0005840|GO:0006412"
"PPA1437"	257	"PANTHER"	"PTHR11921"	"SUCCINATE DEHYDROGENASE IRON-SULFUR PROTEIN"	1	250	"4.4E-111"	"-"	"-"	""
"PPA1437"	257	"PANTHER"	"PTHR11921:SF41"	"4FE-4S FERREDOXIN IRON-SULFUR BINDING DOMAIN PROTEIN"	1	250	"4.4E-111"	"-"	"-"	""
"PPA1438"	675	"PANTHER"	"PTHR11632"	"SUCCINATE DEHYDROGENASE 2 FLAVOPROTEIN SUBUNIT"	55	674	"0.0"	"IPR030664"	"FAD-dependent oxidoreductase SdhA/FrdA/AprA"	"-"
"PPA1438"	675	"PANTHER"	"PTHR11632:SF53"	"FUMARATE REDUCTASE FLAVOPROTEIN SUBUNIT"	55	674	"0.0"	"IPR011280"	"Succinate dehydrogenase/fumarate reductase flavoprotein subunit, low-GC Gram-positive bacteria"	"-"
"PPA1440"	239	"PANTHER"	"PTHR46417"	"TRNA (GUANINE-N(1)-)-METHYLTRANSFERASE"	1	233	"1.4E-82"	"IPR002649"	"tRNA (guanine-N1-)-methyltransferase, bacteria"	"GO:0008033|GO:0052906"
"PPA1441"	179	"PANTHER"	"PTHR33692"	"RIBOSOME MATURATION FACTOR RIMM"	8	176	"2.6E-33"	"-"	"-"	""
"PPA1442"	92	"PANTHER"	"PTHR34654"	"UPF0109 PROTEIN SCO5592"	3	72	"4.6E-18"	"IPR020627"	"RNA-binding protein KhpA"	"GO:0003723"
"PPA1443"	147	"PANTHER"	"PTHR12919"	"30S RIBOSOMAL PROTEIN S16"	1	82	"5.8E-25"	"IPR000307"	"Ribosomal protein S16"	"GO:0003735|GO:0005840|GO:0006412"
"PPA1443"	147	"PANTHER"	"PTHR12919:SF38"	"30S RIBOSOMAL PROTEIN S16, CHLOROPLASTIC"	1	82	"5.8E-25"	"-"	"-"	""
"PPA1444"	387	"PANTHER"	"PTHR43794:SF13"	"5-METHYLTHIOADENOSINE/S-ADENOSYLHOMOCYSTEINE DEAMINASE"	40	375	"3.9E-76"	"-"	"-"	""
"PPA1444"	387	"PANTHER"	"PTHR43794"	"AMINOHYDROLASE SSNA-RELATED"	40	375	"3.9E-76"	"-"	"-"	""
"PPA1445"	528	"PANTHER"	"PTHR11564"	"SIGNAL RECOGNITION PARTICLE 54K PROTEIN SRP54"	1	460	"0.0"	"IPR022941"	"Signal recognition particle, SRP54 subunit"	"GO:0003924|GO:0005525|GO:0006614|GO:0048500"
"PPA1445"	528	"PANTHER"	"PTHR11564:SF7"	"SIGNAL RECOGNITION PARTICLE 54 KDA PROTEIN, CHLOROPLASTIC"	1	460	"0.0"	"IPR004780"	"Signal recognition particle protein"	"GO:0003924|GO:0005525|GO:0006614|GO:0048500"
"PPA1446"	393	"PANTHER"	"PTHR48098"	"ENTEROCHELIN ESTERASE-RELATED"	119	388	"8.7E-22"	"-"	"-"	""
"PPA1447"	396	"PANTHER"	"PTHR43134"	"SIGNAL RECOGNITION PARTICLE RECEPTOR SUBUNIT ALPHA"	72	388	"3.7E-103"	"-"	"-"	""
"PPA1447"	396	"PANTHER"	"PTHR43134:SF7"	"CELL DIVISION PROTEIN FTSY HOMOLOG, CHLOROPLASTIC"	72	388	"3.7E-103"	"IPR004390"	"Signal-recognition particle receptor FtsY"	"GO:0006614"
"PPA1448"	219	"PANTHER"	"PTHR38459"	"PROPHAGE BACTOPRENOL-LINKED GLUCOSE TRANSLOCASE HOMOLOG"	90	193	"4.3E-12"	"-"	"-"	""
"PPA1451"	256	"PANTHER"	"PTHR22993:SF9"	"ENDONUCLEASE 8-LIKE 1"	1	240	"1.2E-42"	"-"	"-"	""
"PPA1451"	256	"PANTHER"	"PTHR22993"	"FORMAMIDOPYRIMIDINE-DNA GLYCOSYLASE"	1	240	"1.2E-42"	"-"	"-"	""
"PPA1452"	366	"PANTHER"	"PTHR11207"	"RIBONUCLEASE III"	90	356	"1.1E-24"	"IPR011907"	"Ribonuclease III"	"GO:0003723|GO:0004525|GO:0006364"
"PPA1452"	366	"PANTHER"	"PTHR11207:SF0"	"RIBONUCLEASE 3"	90	356	"1.1E-24"	"-"	"-"	""
"PPA1453"	186	"PANTHER"	"PTHR34374"	"LARGE RIBOSOMAL RNA SUBUNIT ACCUMULATION PROTEIN YCED HOMOLOG 1, CHLOROPLASTIC"	51	177	"1.1E-14"	"-"	"-"	""
"PPA1454"	511	"PANTHER"	"PTHR43649:SF5"	"SRRA"	76	506	"9.5E-54"	"-"	"-"	""
"PPA1454"	511	"PANTHER"	"PTHR43649"	"ARABINOSE-BINDING PROTEIN-RELATED"	76	506	"9.5E-54"	"-"	"-"	""
"PPA1455"	318	"PANTHER"	"PTHR30193"	"ABC TRANSPORTER PERMEASE PROTEIN"	5	281	"7.6E-75"	"-"	"-"	""
"PPA1455"	318	"PANTHER"	"PTHR30193:SF37"	"INNER MEMBRANE ABC TRANSPORTER PERMEASE PROTEIN YCJO"	5	281	"7.6E-75"	"-"	"-"	""
"PPA1456"	298	"PANTHER"	"PTHR43744:SF3"	"LACTOSE TRANSPORT SYSTEM PERMEASE PROTEIN LACG"	25	298	"3.7E-88"	"-"	"-"	""
"PPA1456"	298	"PANTHER"	"PTHR43744"	"ABC TRANSPORTER PERMEASE PROTEIN MG189-RELATED-RELATED"	25	298	"3.7E-88"	"-"	"-"	""
"PPA1457"	336	"PANTHER"	"PTHR30146"	"LACI-RELATED TRANSCRIPTIONAL REPRESSOR"	1	335	"3.7E-86"	"-"	"-"	""
"PPA1457"	336	"PANTHER"	"PTHR30146:SF109"	"HTH-TYPE TRANSCRIPTIONAL REGULATOR MALR"	1	335	"3.7E-86"	"-"	"-"	""
"PPA1459"	1027	"PANTHER"	"PTHR46017:SF1"	"ALPHA-MANNOSIDASE 2C1"	87	1023	"0.0"	"-"	"-"	""
"PPA1459"	1027	"PANTHER"	"PTHR46017"	"ALPHA-MANNOSIDASE 2C1"	87	1023	"0.0"	"-"	"-"	""
"PPA1463"	157	"PANTHER"	"PTHR21342:SF1"	"PHOSPHOPANTETHEINE ADENYLYLTRANSFERASE"	2	155	"7.6E-49"	"IPR001980"	"Phosphopantetheine adenylyltransferase"	"GO:0004595|GO:0015937"
"PPA1463"	157	"PANTHER"	"PTHR21342"	"PHOSPHOPANTETHEINE ADENYLYLTRANSFERASE"	2	155	"7.6E-49"	"-"	"-"	""
"PPA1464"	202	"PANTHER"	"PTHR43542"	"METHYLTRANSFERASE"	2	193	"8.4E-30"	"-"	"-"	""
"PPA1464"	202	"PANTHER"	"PTHR43542:SF1"	"METHYLTRANSFERASE"	2	193	"8.4E-30"	"-"	"-"	""
"PPA1466"	749	"PANTHER"	"PTHR47964"	"ATP-DEPENDENT DNA HELICASE HOMOLOG RECG, CHLOROPLASTIC"	19	725	"0.0"	"-"	"-"	""
"PPA1467"	557	"PANTHER"	"PTHR43694"	"RIBONUCLEASE J"	11	555	"0.0"	"-"	"-"	""
"PPA1468"	579	"PANTHER"	"PTHR42981"	"PYRUVATE DEHYDROGENASE [UBIQUINONE]"	2	570	"0.0"	"-"	"-"	""
"PPA1470"	246	"PANTHER"	"PTHR20836"	"DIHYDRODIPICOLINATE REDUCTASE"	45	227	"2.1E-43"	"IPR023940"	"Dihydrodipicolinate reductase"	"GO:0008839|GO:0009089"
"PPA1470"	246	"PANTHER"	"PTHR20836"	"DIHYDRODIPICOLINATE REDUCTASE"	2	37	"2.1E-43"	"IPR023940"	"Dihydrodipicolinate reductase"	"GO:0008839|GO:0009089"
"PPA1471"	733	"PANTHER"	"PTHR11252"	"POLYRIBONUCLEOTIDE NUCLEOTIDYLTRANSFERASE"	15	724	"0.0"	"IPR012162"	"Polyribonucleotide nucleotidyltransferase"	"GO:0003723|GO:0004654|GO:0006402"
"PPA1472"	87	"PANTHER"	"PTHR23321"	"RIBOSOMAL PROTEIN S15, BACTERIAL AND ORGANELLAR"	3	86	"9.3E-32"	"IPR005290"	"Ribosomal protein S15, bacterial-type"	"GO:0003735|GO:0005840|GO:0006412"
"PPA1472"	87	"PANTHER"	"PTHR23321:SF26"	"37S RIBOSOMAL PROTEIN S28, MITOCHONDRIAL"	3	86	"9.3E-32"	"-"	"-"	""
"PPA1474"	380	"PANTHER"	"PTHR22749:SF11"	"BIFUNCTIONAL RIBOFLAVIN KINASE/FMN ADENYLYLTRANSFERASE"	86	379	"1.4E-77"	"-"	"-"	""
"PPA1474"	380	"PANTHER"	"PTHR22749"	"RIBOFLAVIN KINASE/FMN ADENYLYLTRANSFERASE"	86	379	"1.4E-77"	"IPR023468"	"Riboflavin kinase"	"-"
"PPA1476"	288	"PANTHER"	"PTHR47737"	"GLYCINE BETAINE/PROLINE BETAINE TRANSPORT SYSTEM PERMEASE PROTEIN PROW"	7	280	"1.3E-107"	"-"	"-"	""
"PPA1477"	435	"PANTHER"	"PTHR43869"	"GLYCINE BETAINE/PROLINE BETAINE TRANSPORT SYSTEM ATP-BINDING PROTEIN PROV"	4	391	"0.0"	"-"	"-"	""
"PPA1478"	295	"PANTHER"	"PTHR13767"	"TRNA-PSEUDOURIDINE SYNTHASE"	4	212	"8.1E-70"	"IPR014780"	"tRNA pseudouridine synthase II, TruB"	"GO:0001522|GO:0003723|GO:0009451|GO:0009982"
"PPA1479"	108	"PANTHER"	"PTHR37694"	"SLR8022 PROTEIN"	12	107	"1.8E-15"	"-"	"-"	""
"PPA1482"	640	"PANTHER"	"PTHR30185"	"CRYPTIC BETA-GLUCOSIDE BGL OPERON ANTITERMINATOR"	2	623	"4.0E-58"	"-"	"-"	""
"PPA1482"	640	"PANTHER"	"PTHR30185:SF13"	"LICABCH OPERON REGULATOR-RELATED"	2	623	"4.0E-58"	"-"	"-"	""
"PPA1484"	192	"PANTHER"	"PTHR40399"	"PTS SYSTEM GLUCITOL/SORBITOL-SPECIFIC EIIC COMPONENT"	1	174	"4.5E-76"	"IPR004699"	"Phosphotransferase system, enzyme II sorbitol-specific factor"	"GO:0009401|GO:0016021"
"PPA1485"	349	"PANTHER"	"PTHR39427"	"-"	6	347	"3.1E-130"	"IPR004702"	"Phosphotransferease, sorbitol phosphotransferase enzyme II"	"GO:0008982|GO:0009401|GO:0016021"
"PPA1486"	122	"PANTHER"	"PTHR40398"	"PTS SYSTEM GLUCITOL/SORBITOL-SPECIFIC EIIA COMPONENT"	1	120	"2.7E-29"	"IPR004716"	"Phosphotransferase system, glucitol/sorbitol-specific IIA component"	"GO:0005737|GO:0008982|GO:0009401"
"PPA1487"	99	"PANTHER"	"PTHR33705"	"PHOSPHOCARRIER PROTEIN HPR"	1	85	"9.6E-12"	"-"	"-"	""
"PPA1488"	457	"PANTHER"	"PTHR43616"	"GLYCEROL DEHYDROGENASE"	22	310	"3.4E-41"	"IPR016205"	"Glycerol dehydrogenase"	"GO:0016614|GO:0046872"
"PPA1488"	457	"PANTHER"	"PTHR43616:SF5"	"GLYCEROL DEHYDROGENASE 1"	22	310	"3.4E-41"	"-"	"-"	""
"PPA1489"	143	"PANTHER"	"PTHR33515"	"RIBOSOME-BINDING FACTOR A, CHLOROPLASTIC-RELATED"	5	142	"9.0E-23"	"IPR000238"	"Ribosome-binding factor A"	"GO:0006364"
"PPA1492"	260	"PANTHER"	"PTHR42711"	"ABC TRANSPORTER ATP-BINDING PROTEIN"	5	231	"4.8E-53"	"-"	"-"	""
"PPA1493"	964	"PANTHER"	"PTHR43381"	"TRANSLATION INITIATION FACTOR IF-2-RELATED"	68	963	"0.0"	"IPR015760"	"Translation initiation factor IF- 2"	"-"
"PPA1493"	964	"PANTHER"	"PTHR43381:SF5"	"TRANSLATION INITIATION FACTOR IF-2, MITOCHONDRIAL"	68	963	"0.0"	"-"	"-"	""
"PPA1494"	323	"PANTHER"	"PTHR22648"	"TRANSCRIPTION TERMINATION FACTOR NUSA"	5	320	"4.9E-107"	"IPR030842"	"Transcription termination/antitermination protein NusA, bacterial"	"GO:0006353|GO:0031564"
"PPA1495"	178	"PANTHER"	"PTHR33867"	"RIBOSOME MATURATION FACTOR RIMP"	3	165	"2.1E-24"	"IPR003728"	"Ribosome maturation factor RimP"	"GO:0042274"
"PPA1497"	255	"PANTHER"	"PTHR30269:SF0"	"MEMBRANE TRANSPORTER PROTEIN YFCA-RELATED"	5	251	"1.6E-55"	"-"	"-"	""
"PPA1497"	255	"PANTHER"	"PTHR30269"	"TRANSMEMBRANE PROTEIN YFCA"	5	251	"1.6E-55"	"-"	"-"	""
"PPA1499"	585	"PANTHER"	"PTHR42753:SF2"	"PROLINE--TRNA LIGASE, MITOCHONDRIAL-RELATED"	4	582	"0.0"	"-"	"-"	""
"PPA1499"	585	"PANTHER"	"PTHR42753"	"MITOCHONDRIAL RIBOSOME PROTEIN L39/PROLYL-TRNA LIGASE FAMILY MEMBER"	4	582	"0.0"	"-"	"-"	""
"PPA1501"	507	"PANTHER"	"PTHR42953"	"HIGH-AFFINITY ZINC UPTAKE SYSTEM PROTEIN ZNUA-RELATED"	1	108	"1.4E-56"	"-"	"-"	""
"PPA1501"	507	"PANTHER"	"PTHR42953"	"HIGH-AFFINITY ZINC UPTAKE SYSTEM PROTEIN ZNUA-RELATED"	330	507	"1.4E-56"	"-"	"-"	""
"PPA1503"	228	"PANTHER"	"PTHR42734:SF5"	"METAL TRANSPORT SYSTEM ATP-BINDING PROTEIN TM_0124-RELATED"	2	213	"6.7E-71"	"-"	"-"	""
"PPA1503"	228	"PANTHER"	"PTHR42734"	"METAL TRANSPORT SYSTEM ATP-BINDING PROTEIN TM_0124-RELATED"	2	213	"6.7E-71"	"-"	"-"	""
"PPA1504"	312	"PANTHER"	"PTHR30477:SF13"	"HIGH-AFFINITY ZINC UPTAKE SYSTEM MEMBRANE PROTEIN ZNUB"	16	274	"2.0E-77"	"-"	"-"	""
"PPA1504"	312	"PANTHER"	"PTHR30477"	"ABC-TRANSPORTER METAL-BINDING PROTEIN"	16	274	"2.0E-77"	"IPR001626"	"ABC transporter, TroCD-like"	"GO:0005887|GO:0043190|GO:0055085"
"PPA1505"	281	"PANTHER"	"PTHR43072:SF31"	"N-ACETYLTRANSFERASE 16-RELATED"	160	276	"5.7E-13"	"-"	"-"	""
"PPA1505"	281	"PANTHER"	"PTHR43072"	"N-ACETYLTRANSFERASE"	160	276	"5.7E-13"	"-"	"-"	""
"PPA1506"	380	"PANTHER"	"PTHR30454"	"4-HYDROXY-3-METHYLBUT-2-EN-1-YL DIPHOSPHATE SYNTHASE"	16	370	"5.4E-122"	"IPR004588"	"4-hydroxy-3-methylbut-2-en-1-yl diphosphate synthase, bacterial-type"	"GO:0016114|GO:0046429"
"PPA1507"	239	"PANTHER"	"PTHR43198:SF2"	"SI:CH1073-67J19.1-RELATED"	33	232	"4.6E-17"	"-"	"-"	""
"PPA1507"	239	"PANTHER"	"PTHR43198"	"BIFUNCTIONAL TH2 PROTEIN"	33	232	"4.6E-17"	"-"	"-"	""
"PPA1508"	166	"PANTHER"	"PTHR11371"	"DEOXYRIBONUCLEASE"	1	78	"1.0E-12"	"-"	"-"	""
"PPA1508"	166	"PANTHER"	"PTHR11371:SF31"	"EXTRACELLULAR NUCLEASE"	1	78	"1.0E-12"	"-"	"-"	""
"PPA1509"	426	"PANTHER"	"PTHR42837"	"REGULATOR OF SIGMA-E PROTEASE RSEP"	13	423	"2.4E-64"	"IPR004387"	"Peptidase M50, putative membrane-associated zinc metallopeptidase"	"GO:0004222|GO:0006508|GO:0016021"
"PPA1510"	407	"PANTHER"	"PTHR30525"	"1-DEOXY-D-XYLULOSE 5-PHOSPHATE REDUCTOISOMERASE"	2	401	"9.6E-129"	"IPR003821"	"1-deoxy-D-xylulose 5-phosphate reductoisomerase"	"GO:0008299|GO:0030604|GO:0046872"
"PPA1511"	483	"PANTHER"	"PTHR43283:SF7"	"BLL8153 PROTEIN"	41	327	"9.6E-28"	"-"	"-"	""
"PPA1511"	483	"PANTHER"	"PTHR43283"	"BETA-LACTAMASE-RELATED"	41	327	"9.6E-28"	"-"	"-"	""
"PPA1512"	363	"PANTHER"	"PTHR43393:SF2"	"CYTOKININ RIBOSIDE 5'-MONOPHOSPHATE PHOSPHORIBOHYDROLASE"	123	358	"3.1E-37"	"-"	"-"	""
"PPA1512"	363	"PANTHER"	"PTHR43393"	"CYTOKININ RIBOSIDE 5'-MONOPHOSPHATE PHOSPHORIBOHYDROLASE"	123	358	"3.1E-37"	"-"	"-"	""
"PPA1513"	445	"PANTHER"	"PTHR43571:SF1"	"NADP-SPECIFIC GLUTAMATE DEHYDROGENASE 1-RELATED"	6	445	"0.0"	"-"	"-"	""
"PPA1513"	445	"PANTHER"	"PTHR43571"	"NADP-SPECIFIC GLUTAMATE DEHYDROGENASE 1-RELATED"	6	445	"0.0"	"-"	"-"	""
"PPA1514"	405	"PANTHER"	"PTHR30544"	"23S RRNA METHYLTRANSFERASE"	40	400	"6.8E-106"	"IPR040072"	"Methyltransferase (Class A)"	"-"
"PPA1517"	287	"PANTHER"	"PTHR46382"	"PHOSPHATIDATE CYTIDYLYLTRANSFERASE"	10	286	"2.4E-52"	"-"	"-"	""
"PPA1518"	184	"PANTHER"	"PTHR20982:SF3"	"MITOCHONDRIAL RIBOSOME RECYCLING FACTOR"	3	182	"7.8E-62"	"-"	"-"	""
"PPA1518"	184	"PANTHER"	"PTHR20982"	"RIBOSOME RECYCLING FACTOR"	3	182	"7.8E-62"	"IPR002661"	"Ribosome recycling factor"	"GO:0006412"
"PPA1519"	237	"PANTHER"	"PTHR42833"	"URIDYLATE KINASE"	3	236	"5.8E-90"	"-"	"-"	""
"PPA1519"	237	"PANTHER"	"PTHR42833:SF4"	"AMINO ACID KINASE FAMILY PROTEIN"	3	236	"5.8E-90"	"-"	"-"	""
"PPA1520"	270	"PANTHER"	"PTHR11741"	"ELONGATION FACTOR TS"	2	270	"4.6E-54"	"IPR001816"	"Translation elongation factor EFTs/EF1B"	"GO:0003746|GO:0006414"
"PPA1520"	270	"PANTHER"	"PTHR11741:SF0"	"ELONGATION FACTOR TS, MITOCHONDRIAL"	2	270	"4.6E-54"	"-"	"-"	""
"PPA1521"	283	"PANTHER"	"PTHR12534"	"30S RIBOSOMAL PROTEIN S2  PROKARYOTIC AND ORGANELLAR"	3	257	"1.5E-76"	"IPR005706"	"Ribosomal protein S2, bacteria/mitochondria/plastid"	"GO:0003735|GO:0006412|GO:0015935"
"PPA1522"	315	"PANTHER"	"PTHR30349"	"PHAGE INTEGRASE-RELATED"	34	301	"1.3E-52"	"-"	"-"	""
"PPA1522"	315	"PANTHER"	"PTHR30349:SF67"	"TYROSINE RECOMBINASE XERC"	34	301	"1.3E-52"	"-"	"-"	""
"PPA1523"	252	"PANTHER"	"PTHR21666"	"PEPTIDASE-RELATED"	58	156	"4.0E-13"	"-"	"-"	""
"PPA1524"	360	"PANTHER"	"PTHR30344"	"6-PHOSPHOGLUCONOLACTONASE-RELATED"	62	344	"1.6E-30"	"-"	"-"	""
"PPA1524"	360	"PANTHER"	"PTHR30344:SF1"	"6-PHOSPHOGLUCONOLACTONASE"	62	344	"1.6E-30"	"-"	"-"	""
"PPA1525"	200	"PANTHER"	"PTHR10458"	"PEPTIDE DEFORMYLASE"	18	182	"4.2E-36"	"IPR023635"	"Peptide deformylase"	"GO:0042586"
"PPA1526"	269	"PANTHER"	"PTHR43191:SF2"	"RRNA METHYLTRANSFERASE 3, MITOCHONDRIAL"	7	268	"1.2E-47"	"-"	"-"	""
"PPA1526"	269	"PANTHER"	"PTHR43191"	"RRNA METHYLTRANSFERASE 3,"	7	268	"1.2E-47"	"-"	"-"	""
"PPA1527"	328	"PANTHER"	"PTHR18640:SF5"	"SODIUM/BILE ACID COTRANSPORTER 7"	12	323	"1.1E-70"	"-"	"-"	""
"PPA1527"	328	"PANTHER"	"PTHR18640"	"SOLUTE CARRIER FAMILY 10 MEMBER 7"	12	323	"1.1E-70"	"IPR016833"	"Putative sodium bile acid cotransporter"	"-"
"PPA1528"	322	"PANTHER"	"PTHR43327"	"STOMATIN-LIKE PROTEIN 2, MITOCHONDRIAL"	4	241	"4.2E-66"	"-"	"-"	""
"PPA1528"	322	"PANTHER"	"PTHR43327:SF48"	"PROTEIN QMCA"	4	241	"4.2E-66"	"-"	"-"	""
"PPA1529"	155	"PANTHER"	"PTHR33507"	"INNER MEMBRANE PROTEIN YBBJ"	7	149	"1.2E-18"	"-"	"-"	""
"PPA1529"	155	"PANTHER"	"PTHR33507:SF3"	"INNER MEMBRANE PROTEIN YBBJ"	7	149	"1.2E-18"	"-"	"-"	""
"PPA1530"	261	"PANTHER"	"PTHR43553:SF3"	"ABC TRANSPORTER ATP-BINDING PROTEIN MODF"	6	240	"3.4E-70"	"-"	"-"	""
"PPA1530"	261	"PANTHER"	"PTHR43553"	"HEAVY METAL TRANSPORTER"	6	240	"3.4E-70"	"-"	"-"	""
"PPA1532"	257	"PANTHER"	"PTHR43159:SF2"	"ENOYL-[ACYL-CARRIER-PROTEIN] REDUCTASE [NADH], CHLOROPLASTIC"	4	255	"1.2E-43"	"-"	"-"	""
"PPA1532"	257	"PANTHER"	"PTHR43159"	"ENOYL-[ACYL-CARRIER-PROTEIN] REDUCTASE"	4	255	"1.2E-43"	"IPR014358"	"Enoyl-[acyl-carrier-protein] reductase (NADH)"	"GO:0004318|GO:0006633"
"PPA1533"	239	"PANTHER"	"PTHR43669"	"5-KETO-D-GLUCONATE 5-REDUCTASE"	7	239	"4.6E-73"	"-"	"-"	""
"PPA1533"	239	"PANTHER"	"PTHR43669:SF10"	"3-OXOACYL-[ACYL-CARRIER-PROTEIN] REDUCTASE FABG1"	7	239	"4.6E-73"	"-"	"-"	""
"PPA1535"	268	"PANTHER"	"PTHR23427"	"SURFEIT LOCUS PROTEIN"	6	223	"2.0E-27"	"IPR045214"	"Surfeit locus 1/4"	"-"
"PPA1535"	268	"PANTHER"	"PTHR23427:SF2"	"SURFEIT LOCUS PROTEIN 1"	6	223	"2.0E-27"	"-"	"-"	""
"PPA1536"	273	"PANTHER"	"PTHR42912:SF45"	"23S RRNA (GUANINE(745)-N(1))-METHYLTRANSFERASE"	61	232	"7.9E-17"	"-"	"-"	""
"PPA1536"	273	"PANTHER"	"PTHR42912"	"METHYLTRANSFERASE"	61	232	"7.9E-17"	"-"	"-"	""
"PPA1538"	532	"PANTHER"	"PTHR19211:SF116"	"ABC TRANSPORTER ATP BINDING PROTEIN-RELATED"	1	520	"0.0"	"-"	"-"	""
"PPA1538"	532	"PANTHER"	"PTHR19211"	"ATP-BINDING TRANSPORT PROTEIN-RELATED"	1	520	"0.0"	"-"	"-"	""
"PPA1539"	165	"PANTHER"	"PTHR43072:SF11"	"UPF0039 PROTEIN C11D3.02C"	23	161	"4.0E-18"	"-"	"-"	""
"PPA1539"	165	"PANTHER"	"PTHR43072"	"N-ACETYLTRANSFERASE"	23	161	"4.0E-18"	"-"	"-"	""
"PPA1543"	118	"PANTHER"	"PTHR42831"	"FE-S PROTEIN MATURATION AUXILIARY FACTOR YITW"	18	114	"3.8E-27"	"-"	"-"	""
"PPA1544"	161	"PANTHER"	"PTHR10093:SF8"	"IRON-SULFUR CLUSTER ASSEMBLY ENZYME ISCU, MITOCHONDRIAL"	4	152	"3.3E-17"	"-"	"-"	""
"PPA1544"	161	"PANTHER"	"PTHR10093"	"IRON-SULFUR CLUSTER ASSEMBLY ENZYME  NIFU HOMOLOG"	4	152	"3.3E-17"	"IPR002871"	"NIF system FeS cluster assembly, NifU, N-terminal"	"GO:0005506|GO:0016226|GO:0051536"
"PPA1545"	413	"PANTHER"	"PTHR43586:SF8"	"CYSTEINE DESULFURASE 1, CHLOROPLASTIC"	6	406	"8.5E-113"	"-"	"-"	""
"PPA1545"	413	"PANTHER"	"PTHR43586"	"CYSTEINE DESULFURASE"	6	406	"8.5E-113"	"-"	"-"	""
"PPA1546"	255	"PANTHER"	"PTHR43204"	"ABC TRANSPORTER I FAMILY MEMBER 6, CHLOROPLASTIC"	3	249	"4.3E-69"	"IPR010230"	"FeS cluster assembly SUF system, ATPase SufC"	"GO:0005524"
"PPA1547"	107	"PANTHER"	"PTHR21496:SF23"	"ASSIMILATORY NITRITE REDUCTASE [NAD(P)H] SMALL SUBUNIT"	3	99	"4.0E-18"	"-"	"-"	""
"PPA1547"	107	"PANTHER"	"PTHR21496"	"FERREDOXIN-RELATED"	3	99	"4.0E-18"	"-"	"-"	""
"PPA1548"	424	"PANTHER"	"PTHR43575"	"PROTEIN ABCI7, CHLOROPLASTIC"	120	412	"1.1E-51"	"IPR011542"	"SUF system FeS cluster assembly, SufD"	"GO:0016226"
"PPA1549"	482	"PANTHER"	"PTHR30508"	"FES CLUSTER ASSEMBLY PROTEIN SUF"	15	482	"0.0"	"-"	"-"	""
"PPA1550"	254	"PANTHER"	"PTHR30363"	"HTH-TYPE TRANSCRIPTIONAL REGULATOR SRLR-RELATED"	25	227	"1.1E-28"	"-"	"-"	""
"PPA1550"	254	"PANTHER"	"PTHR30363:SF28"	"SLL0088 PROTEIN"	25	227	"1.1E-28"	"-"	"-"	""
"PPA1552"	421	"PANTHER"	"PTHR30061"	"MALTOSE-BINDING PERIPLASMIC PROTEIN"	6	420	"4.0E-88"	"-"	"-"	""
"PPA1553"	534	"PANTHER"	"PTHR47314"	"MALTOSE/MALTODEXTRIN TRANSPORT SYSTEM PERMEASE PROTEIN MALF"	31	533	"2.2E-125"	"-"	"-"	""
"PPA1553"	534	"PANTHER"	"PTHR47314:SF1"	"MALTOSE/MALTODEXTRIN TRANSPORT SYSTEM PERMEASE PROTEIN MALF"	31	533	"2.2E-125"	"IPR030156"	"Maltose/maltodextrin transport system permease protein MalF-like"	"GO:0043190"
"PPA1554"	301	"PANTHER"	"PTHR32243"	"MALTOSE TRANSPORT SYSTEM PERMEASE-RELATED"	22	301	"3.2E-80"	"-"	"-"	""
"PPA1555"	361	"PANTHER"	"PTHR30146:SF109"	"HTH-TYPE TRANSCRIPTIONAL REGULATOR MALR"	1	343	"3.5E-79"	"-"	"-"	""
"PPA1555"	361	"PANTHER"	"PTHR30146"	"LACI-RELATED TRANSCRIPTIONAL REPRESSOR"	1	343	"3.5E-79"	"-"	"-"	""
"PPA1556"	827	"PANTHER"	"PTHR31998"	"K(+)-INSENSITIVE PYROPHOSPHATE-ENERGIZED PROTON PUMP"	56	772	"7.6E-94"	"IPR004131"	"Pyrophosphate-energised proton pump"	"GO:0004427|GO:0009678|GO:0016020|GO:1902600"
"PPA1556"	827	"PANTHER"	"PTHR31998:SF17"	"K(+)-INSENSITIVE PYROPHOSPHATE-ENERGIZED PROTON PUMP"	56	772	"7.6E-94"	"-"	"-"	""
"PPA1557"	249	"PANTHER"	"PTHR45772"	"CONSERVED COMPONENT OF ABC TRANSPORTER FOR NATURAL AMINO ACIDS-RELATED"	15	232	"9.6E-74"	"-"	"-"	""
"PPA1557"	249	"PANTHER"	"PTHR45772:SF6"	"NOD FACTOR EXPORT ATP-BINDING PROTEIN I"	15	232	"9.6E-74"	"-"	"-"	""
"PPA1558"	254	"PANTHER"	"PTHR43027"	"DOXORUBICIN RESISTANCE ABC TRANSPORTER PERMEASE PROTEIN DRRC-RELATED"	61	233	"2.2E-13"	"-"	"-"	""
"PPA1559"	356	"PANTHER"	"PTHR35457"	"HEME A SYNTHASE"	63	346	"1.7E-40"	"-"	"-"	""
"PPA1560"	502	"PANTHER"	"PTHR10628:SF25"	"SIALIDASE A"	118	455	"4.6E-59"	"-"	"-"	""
"PPA1560"	502	"PANTHER"	"PTHR10628"	"SIALIDASE"	118	455	"4.6E-59"	"IPR026856"	"Sialidase family"	"GO:0004308"
"PPA1561"	369	"PANTHER"	"PTHR43448:SF7"	"PROTOHEME IX FARNESYLTRANSFERASE"	78	367	"1.6E-104"	"-"	"-"	""
"PPA1561"	369	"PANTHER"	"PTHR43448"	"PROTOHEME IX FARNESYLTRANSFERASE, MITOCHONDRIAL"	78	367	"1.6E-104"	"IPR006369"	"Protohaem IX farnesyltransferase"	"GO:0006783|GO:0008495|GO:0016021"
"PPA1563"	524	"PANTHER"	"PTHR23429:SF0"	"GLUCOSE-6-PHOSPHATE 1-DEHYDROGENASE"	39	520	"0.0"	"-"	"-"	""
"PPA1563"	524	"PANTHER"	"PTHR23429"	"GLUCOSE-6-PHOSPHATE 1-DEHYDROGENASE  G6PD"	39	520	"0.0"	"IPR001282"	"Glucose-6-phosphate dehydrogenase"	"GO:0006006|GO:0016614|GO:0050661"
"PPA1564"	310	"PANTHER"	"PTHR38658"	"OXPP CYCLE PROTEIN OPCA-RELATED"	236	296	"1.3E-50"	"IPR004555"	"Glucose-6-phosphate dehydrogenase assembly protein OpcA"	"-"
"PPA1564"	310	"PANTHER"	"PTHR38658"	"OXPP CYCLE PROTEIN OPCA-RELATED"	1	237	"1.3E-50"	"IPR004555"	"Glucose-6-phosphate dehydrogenase assembly protein OpcA"	"-"
"PPA1565"	244	"PANTHER"	"PTHR11054"	"6-PHOSPHOGLUCONOLACTONASE"	30	233	"3.0E-35"	"IPR039104"	"6-Phosphogluconolactonase"	"-"
"PPA1567"	265	"PANTHER"	"PTHR13887"	"GLUTATHIONE S-TRANSFERASE KAPPA"	25	243	"5.3E-19"	"-"	"-"	""
"PPA1567"	265	"PANTHER"	"PTHR13887:SF14"	"DISULFIDE BOND FORMATION PROTEIN D"	25	243	"5.3E-19"	"-"	"-"	""
"PPA1568"	870	"PANTHER"	"PTHR11946:SF93"	"VALYL-TRNA SYNTHETASE, ISOFORM C"	28	844	"0.0"	"-"	"-"	""
"PPA1568"	870	"PANTHER"	"PTHR11946"	"VALYL-TRNA SYNTHETASES"	28	844	"0.0"	"IPR002303"	"Valine-tRNA ligase"	"GO:0000166|GO:0004832|GO:0005524|GO:0006438"
"PPA1570"	1111	"PANTHER"	"PTHR43253"	"TRICORN PROTEASE HOMOLOG 2-RELATED"	27	1107	"0.0"	"IPR012393"	"Tricorn protease"	"GO:0008236"
"PPA1571"	429	"PANTHER"	"PTHR48102:SF7"	"ATP-DEPENDENT CLP PROTEASE ATP-BINDING SUBUNIT CLPX-LIKE, MITOCHONDRIAL"	11	413	"0.0"	"-"	"-"	""
"PPA1571"	429	"PANTHER"	"PTHR48102"	"ATP-DEPENDENT CLP PROTEASE ATP-BINDING SUBUNIT CLPX-LIKE, MITOCHONDRIAL-RELATED"	11	413	"0.0"	"-"	"-"	""
"PPA1572"	253	"PANTHER"	"PTHR10381"	"ATP-DEPENDENT CLP PROTEASE PROTEOLYTIC SUBUNIT"	55	251	"1.2E-82"	"IPR023562"	"Clp protease proteolytic subunit /Translocation-enhancing protein TepA"	"-"
"PPA1572"	253	"PANTHER"	"PTHR10381:SF26"	"ATP-DEPENDENT CLP PROTEASE PROTEOLYTIC SUBUNIT-LIKE-RELATED"	55	251	"1.2E-82"	"-"	"-"	""
"PPA1573"	212	"PANTHER"	"PTHR10381:SF24"	"ATP-DEPENDENT CLP PROTEASE PROTEOLYTIC SUBUNIT 4, CHLOROPLASTIC"	18	203	"1.8E-72"	"-"	"-"	""
"PPA1573"	212	"PANTHER"	"PTHR10381"	"ATP-DEPENDENT CLP PROTEASE PROTEOLYTIC SUBUNIT"	18	203	"1.8E-72"	"IPR023562"	"Clp protease proteolytic subunit /Translocation-enhancing protein TepA"	"-"
"PPA1574"	433	"PANTHER"	"PTHR21716"	"TRANSMEMBRANE PROTEIN"	88	422	"6.5E-47"	"IPR002549"	"Transmembrane protein TqsA-like"	"-"
"PPA1574"	433	"PANTHER"	"PTHR21716:SF53"	"AI-2 TRANSPORT PROTEIN TQSA"	88	422	"6.5E-47"	"-"	"-"	""
"PPA1575"	530	"PANTHER"	"PTHR30560:SF3"	"TRIGGER FACTOR-LIKE PROTEIN TIG, CHLOROPLASTIC"	5	429	"8.8E-63"	"-"	"-"	""
"PPA1575"	530	"PANTHER"	"PTHR30560"	"TRIGGER FACTOR CHAPERONE AND PEPTIDYL-PROLYL CIS/TRANS ISOMERASE"	5	429	"8.8E-63"	"IPR005215"	"Trigger factor"	"GO:0015031"
"PPA1577"	958	"PANTHER"	"PTHR10799"	"SNF2/RAD54 HELICASE FAMILY"	88	609	"2.0E-90"	"-"	"-"	""
"PPA1577"	958	"PANTHER"	"PTHR10799:SF971"	"RNA POLYMERASE-ASSOCIATED PROTEIN RAPA"	88	609	"2.0E-90"	"-"	"-"	""
"PPA1579"	207	"PANTHER"	"PTHR20842"	"PROTEASE S51 ALPHA-ASPARTYL DIPEPTIDASE"	27	203	"2.4E-27"	"-"	"-"	""
"PPA1586"	416	"PANTHER"	"PTHR13370:SF22"	"METHYLTRANSFERASE"	186	384	"2.0E-17"	"-"	"-"	""
"PPA1586"	416	"PANTHER"	"PTHR13370"	"RNA METHYLASE-RELATED"	186	384	"2.0E-17"	"-"	"-"	""
"PPA1587"	396	"PANTHER"	"PTHR11964:SF1"	"S-ADENOSYLMETHIONINE SYNTHASE"	4	376	"2.5E-108"	"-"	"-"	""
"PPA1587"	396	"PANTHER"	"PTHR11964"	"S-ADENOSYLMETHIONINE SYNTHETASE"	4	376	"2.5E-108"	"IPR002133"	"S-adenosylmethionine synthetase"	"GO:0004478|GO:0005524|GO:0006556"
"PPA1594"	458	"PANTHER"	"PTHR10799"	"SNF2/RAD54 HELICASE FAMILY"	24	441	"7.6E-25"	"-"	"-"	""
"PPA1594"	458	"PANTHER"	"PTHR10799:SF923"	"HELICASE, LYMPHOID-SPECIFIC"	24	441	"7.6E-25"	"-"	"-"	""
"PPA1596"	752	"PANTHER"	"PTHR35372"	"ATP BINDING PROTEIN-RELATED"	386	747	"6.4E-69"	"-"	"-"	""
"PPA1598"	253	"PANTHER"	"PTHR36180:SF2"	"DNA-BINDING PROTEIN-RELATED"	5	196	"1.6E-25"	"-"	"-"	""
"PPA1598"	253	"PANTHER"	"PTHR36180"	"DNA-BINDING PROTEIN-RELATED-RELATED"	5	196	"1.6E-25"	"-"	"-"	""
"PPA1611"	663	"PANTHER"	"PTHR13370"	"RNA METHYLASE-RELATED"	387	458	"9.7E-48"	"-"	"-"	""
"PPA1611"	663	"PANTHER"	"PTHR13370"	"RNA METHYLASE-RELATED"	70	194	"9.7E-48"	"-"	"-"	""
"PPA1611"	663	"PANTHER"	"PTHR13370:SF16"	"TYPE III RESTRICTION-MODIFICATION SYSTEM HINDVIP ENZYME MOD-RELATED"	387	458	"9.7E-48"	"-"	"-"	""
"PPA1611"	663	"PANTHER"	"PTHR13370:SF16"	"TYPE III RESTRICTION-MODIFICATION SYSTEM HINDVIP ENZYME MOD-RELATED"	70	194	"9.7E-48"	"-"	"-"	""
"PPA1612"	862	"PANTHER"	"PTHR47396"	"TYPE I RESTRICTION ENZYME ECOKI R PROTEIN"	16	399	"7.6E-16"	"-"	"-"	""
"PPA1615"	2117	"PANTHER"	"PTHR47957:SF3"	"ATP-DEPENDENT HELICASE HRQ1"	78	254	"1.5E-39"	"-"	"-"	""
"PPA1615"	2117	"PANTHER"	"PTHR47957:SF3"	"ATP-DEPENDENT HELICASE HRQ1"	1038	1112	"1.5E-39"	"-"	"-"	""
"PPA1615"	2117	"PANTHER"	"PTHR47957"	"ATP-DEPENDENT HELICASE HRQ1"	1038	1112	"1.5E-39"	"-"	"-"	""
"PPA1615"	2117	"PANTHER"	"PTHR47957"	"ATP-DEPENDENT HELICASE HRQ1"	78	254	"1.5E-39"	"-"	"-"	""
"PPA1616"	751	"PANTHER"	"PTHR11070"	"UVRD / RECB / PCRA DNA HELICASE FAMILY MEMBER"	666	736	"4.7E-41"	"IPR000212"	"DNA helicase, UvrD/REP type"	"GO:0003677|GO:0003678|GO:0005524"
"PPA1616"	751	"PANTHER"	"PTHR11070"	"UVRD / RECB / PCRA DNA HELICASE FAMILY MEMBER"	268	656	"4.7E-41"	"IPR000212"	"DNA helicase, UvrD/REP type"	"GO:0003677|GO:0003678|GO:0005524"
"PPA1620"	313	"PANTHER"	"PTHR43139"	"SI:DKEY-122A22.2"	50	311	"1.2E-16"	"-"	"-"	""
"PPA1620"	313	"PANTHER"	"PTHR43139:SF5"	"SI:DKEY-122A22.2"	50	311	"1.2E-16"	"-"	"-"	""
"PPA1621"	1120	"PANTHER"	"PTHR42918:SF9"	"LYSINE--TRNA LIGASE"	637	1118	"0.0"	"-"	"-"	""
"PPA1621"	1120	"PANTHER"	"PTHR42918"	"LYSYL-TRNA SYNTHETASE"	637	1118	"0.0"	"-"	"-"	""
"PPA1623"	299	"PANTHER"	"PTHR42697"	"ENDONUCLEASE 8"	29	296	"2.1E-75"	"-"	"-"	""
"PPA1624"	157	"PANTHER"	"PTHR30345:SF0"	"DNA DAMAGE-REPAIR/TOLERATION PROTEIN DRT102"	4	137	"2.5E-27"	"-"	"-"	""
"PPA1624"	157	"PANTHER"	"PTHR30345"	"RIBOSE-5-PHOSPHATE ISOMERASE B"	4	137	"2.5E-27"	"IPR003500"	"Sugar-phosphate isomerase, RpiB/LacA/LacB family"	"GO:0005975|GO:0016853"
"PPA1625"	429	"PANTHER"	"PTHR37817"	"N-ACETYLTRANSFERASE EIS"	84	419	"2.1E-47"	"-"	"-"	""
"PPA1626"	772	"PANTHER"	"PTHR23389"	"CHROMOSOME TRANSMISSION FIDELITY FACTOR 18"	44	763	"0.0"	"-"	"-"	""
"PPA1626"	772	"PANTHER"	"PTHR23389:SF9"	"BRCT DOMAIN-CONTAINING PROTEIN"	44	763	"0.0"	"-"	"-"	""
"PPA1627"	864	"PANTHER"	"PTHR11533"	"PROTEASE M1 ZINC METALLOPROTEASE"	91	796	"8.9E-103"	"-"	"-"	""
"PPA1627"	864	"PANTHER"	"PTHR11533:SF174"	"PUROMYCIN-SENSITIVE AMINOPEPTIDASE-RELATED"	91	796	"8.9E-103"	"-"	"-"	""
"PPA1629"	482	"PANTHER"	"PTHR11811"	"6-PHOSPHOGLUCONATE DEHYDROGENASE"	12	474	"0.0"	"IPR006183"	"6-phosphogluconate dehydrogenase"	"GO:0004616"
"PPA1630"	557	"PANTHER"	"PTHR10357"	"ALPHA-AMYLASE FAMILY MEMBER"	7	534	"0.0"	"-"	"-"	""
"PPA1631"	281	"PANTHER"	"PTHR31793:SF24"	"NOVEL THIOESTERASE SUPERFAMILY DOMAIN AND SAPOSIN A-TYPE DOMAIN CONTAINING PROTEIN (0610012H03RIK)"	151	279	"8.1E-33"	"-"	"-"	""
"PPA1631"	281	"PANTHER"	"PTHR31793:SF24"	"NOVEL THIOESTERASE SUPERFAMILY DOMAIN AND SAPOSIN A-TYPE DOMAIN CONTAINING PROTEIN (0610012H03RIK)"	7	137	"8.1E-33"	"-"	"-"	""
"PPA1631"	281	"PANTHER"	"PTHR31793"	"4-HYDROXYBENZOYL-COA THIOESTERASE FAMILY MEMBER"	7	137	"8.1E-33"	"-"	"-"	""
"PPA1631"	281	"PANTHER"	"PTHR31793"	"4-HYDROXYBENZOYL-COA THIOESTERASE FAMILY MEMBER"	151	279	"8.1E-33"	"-"	"-"	""
"PPA1632"	635	"PANTHER"	"PTHR24096:SF391"	"LONG-CHAIN-FATTY-ACID--COA LIGASE BUBBLEGUM-LIKE-RELATED"	23	614	"2.7E-108"	"-"	"-"	""
"PPA1632"	635	"PANTHER"	"PTHR24096"	"LONG-CHAIN-FATTY-ACID--COA LIGASE"	23	614	"2.7E-108"	"-"	"-"	""
"PPA1633"	178	"PANTHER"	"PTHR33164"	"TRANSCRIPTIONAL REGULATOR, MARR FAMILY"	46	175	"1.4E-26"	"-"	"-"	""
"PPA1633"	178	"PANTHER"	"PTHR33164:SF27"	"MARR-FAMILY REGULATORY PROTEIN-RELATED"	46	175	"1.4E-26"	"-"	"-"	""
"PPA1634"	957	"PANTHER"	"PTHR11748:SF111"	"D-LACTATE DEHYDROGENASE, MITOCHONDRIAL-RELATED"	29	506	"1.6E-92"	"-"	"-"	""
"PPA1634"	957	"PANTHER"	"PTHR11748"	"D-LACTATE DEHYDROGENASE"	29	506	"1.6E-92"	"-"	"-"	""
"PPA1635"	113	"PANTHER"	"PTHR33169"	"PADR-FAMILY TRANSCRIPTIONAL REGULATOR"	9	110	"1.1E-20"	"-"	"-"	""
"PPA1636"	561	"PANTHER"	"PTHR43858"	"ENERGY-DEPENDENT TRANSLATIONAL THROTTLE PROTEIN ETTA"	2	559	"0.0"	"IPR022374"	"Energy-dependent translational throttle protein EttA"	"GO:0045900"
"PPA1638"	536	"PANTHER"	"PTHR42698:SF2"	"GTPASE ERA-LIKE, CHLOROPLASTIC"	52	241	"4.2E-20"	"-"	"-"	""
"PPA1638"	536	"PANTHER"	"PTHR42698"	"GTPASE ERA"	52	241	"4.2E-20"	"IPR005662"	"GTP-binding protein Era"	"GO:0003723|GO:0005525"
"PPA1639"	621	"PANTHER"	"PTHR42698:SF2"	"GTPASE ERA-LIKE, CHLOROPLASTIC"	52	201	"4.6E-16"	"-"	"-"	""
"PPA1639"	621	"PANTHER"	"PTHR42698"	"GTPASE ERA"	52	201	"4.6E-16"	"IPR005662"	"GTP-binding protein Era"	"GO:0003723|GO:0005525"
"PPA1640"	436	"PANTHER"	"PTHR36844"	"PROTEASE PRSW"	79	303	"1.6E-16"	"IPR026898"	"Intramembrane metalloprotease PrsW"	"GO:0008233"
"PPA1641"	403	"PANTHER"	"PTHR23517"	"RESISTANCE PROTEIN MDTM, PUTATIVE-RELATED-RELATED"	20	399	"9.4E-37"	"-"	"-"	""
"PPA1642"	202	"PANTHER"	"PTHR11046"	"OLIGORIBONUCLEASE, MITOCHONDRIAL"	2	175	"7.1E-50"	"IPR022894"	"Oligoribonuclease"	"GO:0000175"
"PPA1642"	202	"PANTHER"	"PTHR11046:SF19"	"-"	2	175	"7.1E-50"	"-"	"-"	""
"PPA1643"	475	"PANTHER"	"PTHR43495"	"GABA PERMEASE"	8	465	"0.0"	"-"	"-"	""
"PPA1643"	475	"PANTHER"	"PTHR43495:SF2"	"D-SERINE/D-ALANINE/GLYCINE TRANSPORTER"	8	465	"0.0"	"-"	"-"	""
"PPA1644"	477	"PANTHER"	"PTHR43289:SF18"	"SERINE/THREONINE-PROTEIN KINASE PRKC"	13	350	"2.0E-60"	"-"	"-"	""
"PPA1644"	477	"PANTHER"	"PTHR43289"	"MITOGEN-ACTIVATED PROTEIN KINASE KINASE KINASE 20-RELATED"	13	350	"2.0E-60"	"-"	"-"	""
"PPA1645"	412	"PANTHER"	"PTHR30480:SF13"	"BETA-HEXOSAMINIDASE"	72	406	"5.7E-46"	"-"	"-"	""
"PPA1645"	412	"PANTHER"	"PTHR30480"	"BETA-HEXOSAMINIDASE-RELATED"	72	406	"5.7E-46"	"-"	"-"	""
"PPA1650"	1134	"PANTHER"	"PTHR32294"	"DNA POLYMERASE III SUBUNIT ALPHA"	53	1134	"0.0"	"IPR004805"	"DNA polymerase III, alpha subunit"	"GO:0006260|GO:0008408"
"PPA1650"	1134	"PANTHER"	"PTHR32294:SF4"	"ERROR-PRONE DNA POLYMERASE"	53	1134	"0.0"	"IPR023073"	"DNA polymerase, error-prone"	"GO:0003887"
"PPA1651"	530	"PANTHER"	"PTHR35369:SF2"	"BLR3025 PROTEIN"	56	527	"1.3E-34"	"-"	"-"	""
"PPA1651"	530	"PANTHER"	"PTHR35369"	"BLR3025 PROTEIN-RELATED"	56	527	"1.3E-34"	"-"	"-"	""
"PPA1653"	439	"PANTHER"	"PTHR23135"	"MUR LIGASE FAMILY MEMBER"	23	434	"1.3E-93"	"-"	"-"	""
"PPA1653"	439	"PANTHER"	"PTHR23135:SF7"	"LIPID II ISOGLUTAMINYL SYNTHASE (GLUTAMINE-HYDROLYZING) SUBUNIT MURT"	23	434	"1.3E-93"	"-"	"-"	""
"PPA1654"	242	"PANTHER"	"PTHR21343"	"DETHIOBIOTIN SYNTHETASE"	7	235	"7.3E-56"	"-"	"-"	""
"PPA1654"	242	"PANTHER"	"PTHR21343:SF9"	"LIPID II ISOGLUTAMINYL SYNTHASE (GLUTAMINE-HYDROLYZING) SUBUNIT GATD"	7	235	"7.3E-56"	"-"	"-"	""
"PPA1657"	340	"PANTHER"	"PTHR43759"	"TREHALOSE TRANSPORT SYSTEM PERMEASE PROTEIN SUGA"	18	294	"4.3E-64"	"-"	"-"	""
"PPA1658"	268	"PANTHER"	"PTHR32243:SF18"	"INNER MEMBRANE ABC TRANSPORTER PERMEASE PROTEIN YCJP"	17	265	"6.7E-72"	"-"	"-"	""
"PPA1658"	268	"PANTHER"	"PTHR32243"	"MALTOSE TRANSPORT SYSTEM PERMEASE-RELATED"	17	265	"6.7E-72"	"-"	"-"	""
"PPA1661"	179	"PANTHER"	"PTHR42801"	"THIOREDOXIN-DEPENDENT PEROXIDE REDUCTASE"	12	175	"4.8E-34"	"-"	"-"	""
"PPA1661"	179	"PANTHER"	"PTHR42801:SF4"	"THIOREDOXIN-DEPENDENT PEROXIDE REDUCTASE, MITOCHONDRIAL"	12	175	"4.8E-34"	"-"	"-"	""
"PPA1662"	292	"PANTHER"	"PTHR34135:SF2"	"LYSOZYME"	27	282	"4.3E-61"	"-"	"-"	""
"PPA1662"	292	"PANTHER"	"PTHR34135"	"LYSOZYME"	27	282	"4.3E-61"	"-"	"-"	""
"PPA1665"	483	"PANTHER"	"PTHR37981"	"LIPASE 2"	201	378	"3.6E-17"	"IPR037460"	"Streptomyces scabies esterase-like"	"GO:0016788"
"PPA1668"	296	"PANTHER"	"PTHR30514"	"GLUCOKINASE"	23	288	"7.7E-36"	"-"	"-"	""
"PPA1669"	637	"PANTHER"	"PTHR22946"	"UNCHARACTERIZED"	40	162	"5.0E-15"	"-"	"-"	""
"PPA1669"	637	"PANTHER"	"PTHR22946:SF9"	"POLYKETIDE TRANSFERASE AF380"	40	162	"5.0E-15"	"-"	"-"	""
"PPA1670"	465	"PANTHER"	"PTHR11076"	"DNA REPAIR POLYMERASE UMUC / TRANSFERASE FAMILY MEMBER"	6	358	"1.3E-86"	"-"	"-"	""
"PPA1670"	465	"PANTHER"	"PTHR11076:SF33"	"DNA POLYMERASE KAPPA"	6	358	"1.3E-86"	"-"	"-"	""
"PPA1671"	156	"PANTHER"	"PTHR48069"	"DIHYDROFOLATE REDUCTASE"	2	142	"4.1E-24"	"IPR012259"	"Dihydrofolate reductase"	"GO:0004146|GO:0006545|GO:0046654|GO:0050661"
"PPA1671"	156	"PANTHER"	"PTHR48069:SF3"	"DIHYDROFOLATE REDUCTASE"	2	142	"4.1E-24"	"-"	"-"	""
"PPA1672"	269	"PANTHER"	"PTHR11548:SF9"	"THYMIDYLATE SYNTHASE"	2	269	"5.4E-113"	"-"	"-"	""
"PPA1672"	269	"PANTHER"	"PTHR11548"	"THYMIDYLATE SYNTHASE 1"	2	269	"5.4E-113"	"IPR045097"	"Thymidylate synthase/dCMP hydroxymethylase"	"GO:0016741"
"PPA1673"	204	"PANTHER"	"PTHR11067"	"INOSINE TRIPHOSPHATE PYROPHOSPHATASE/HAM1 PROTEIN"	4	193	"2.2E-34"	"IPR002637"	"Ham1-like protein"	"GO:0009143|GO:0047429"
"PPA1674"	254	"PANTHER"	"PTHR11953"	"EXOSOME COMPLEX COMPONENT"	12	250	"3.1E-62"	"-"	"-"	""
"PPA1674"	254	"PANTHER"	"PTHR11953:SF2"	"EXOSOME COMPLEX COMPONENT MTR3"	12	250	"3.1E-62"	"-"	"-"	""
"PPA1675"	297	"PANTHER"	"PTHR21198:SF2"	"GLUTAMATE RACEMASE"	24	281	"1.4E-78"	"IPR004391"	"Glutamate racemase"	"GO:0008881"
"PPA1675"	297	"PANTHER"	"PTHR21198"	"GLUTAMATE RACEMASE"	24	281	"1.4E-78"	"-"	"-"	""
"PPA1677"	654	"PANTHER"	"PTHR43185"	"FERROUS IRON TRANSPORT PROTEIN B"	23	184	"0.0"	"-"	"-"	""
"PPA1677"	654	"PANTHER"	"PTHR43185"	"FERROUS IRON TRANSPORT PROTEIN B"	217	651	"0.0"	"-"	"-"	""
"PPA1680"	198	"PANTHER"	"PTHR33473"	"ATP-DEPENDENT CLP PROTEASE ADAPTER PROTEIN CLPS1, CHLOROPLASTIC"	14	71	"5.6E-14"	"IPR022935"	"ATP-dependent Clp protease adaptor protein ClpS"	"GO:0006508"
"PPA1680"	198	"PANTHER"	"PTHR33473:SF11"	"ATP-DEPENDENT CLP PROTEASE ADAPTER PROTEIN CLPS"	14	71	"5.6E-14"	"-"	"-"	""
"PPA1681"	446	"PANTHER"	"PTHR11098:SF8"	"NICOTINATE PHOSPHORIBOSYLTRANSFERASE PNCB1"	2	430	"0.0"	"-"	"-"	""
"PPA1681"	446	"PANTHER"	"PTHR11098"	"NICOTINATE PHOSPHORIBOSYLTRANSFERASE"	2	430	"0.0"	"IPR007229"	"Nicotinate phosphoribosyltransferase family"	"-"
"PPA1682"	91	"PANTHER"	"PTHR33175"	"DNA-BINDING PROTEIN HU"	1	89	"6.2E-24"	"IPR000119"	"Histone-like DNA-binding protein"	"GO:0003677|GO:0030527"
"PPA1683"	702	"PANTHER"	"PTHR32438"	"4-ALPHA-GLUCANOTRANSFERASE DPE1, CHLOROPLASTIC/AMYLOPLASTIC"	63	695	"1.2E-112"	"IPR003385"	"Glycoside hydrolase, family 77"	"GO:0004134|GO:0005975"
"PPA1684"	273	"PANTHER"	"PTHR36115"	"PROLINE-RICH ANTIGEN HOMOLOG-RELATED"	93	265	"2.1E-15"	"-"	"-"	""
"PPA1684"	273	"PANTHER"	"PTHR36115:SF4"	"LMO1584 PROTEIN"	93	265	"2.1E-15"	"-"	"-"	""
"PPA1686"	143	"PANTHER"	"PTHR21272"	"CATABOLIC 3-DEHYDROQUINASE"	1	141	"9.8E-51"	"IPR001874"	"Dehydroquinase, class II"	"GO:0003855"
"PPA1687"	343	"PANTHER"	"PTHR13414"	"HUEL-CATION TRANSPORTER"	18	290	"8.3E-71"	"IPR040177"	"Zinc transporter 9"	"GO:0006829|GO:0008324"
"PPA1693"	1109	"PANTHER"	"PTHR43685"	"GLYCOSYLTRANSFERASE"	61	306	"8.9E-19"	"-"	"-"	""
"PPA1693"	1109	"PANTHER"	"PTHR43685:SF4"	"O ANTIGEN BIOSYNTHESIS RHAMNOSYLTRANSFERASE RFBN"	61	306	"8.9E-19"	"-"	"-"	""
"PPA1694"	85	"PANTHER"	"PTHR38839"	"TRANSCRIPTIONAL REGULATOR WHID-RELATED"	6	84	"1.3E-39"	"IPR003482"	"Transcription factor WhiB"	"-"
"PPA1694"	85	"PANTHER"	"PTHR38839:SF4"	"TRANSCRIPTIONAL REGULATOR WHIB"	6	84	"1.3E-39"	"-"	"-"	""
"PPA1696"	358	"PANTHER"	"PTHR46390"	"MANNOSE-1-PHOSPHATE GUANYLYLTRANSFERASE"	3	352	"3.8E-97"	"-"	"-"	""
"PPA1698"	340	"PANTHER"	"PTHR43630"	"POLY-BETA-1,6-N-ACETYL-D-GLUCOSAMINE SYNTHASE"	7	254	"1.5E-25"	"-"	"-"	""
"PPA1698"	340	"PANTHER"	"PTHR43630:SF1"	"POLY-BETA-1,6-N-ACETYL-D-GLUCOSAMINE SYNTHASE"	7	254	"1.5E-25"	"-"	"-"	""
"PPA1699"	427	"PANTHER"	"PTHR33392:SF6"	"POLYISOPRENYL-TEICHOIC ACID--PEPTIDOGLYCAN TEICHOIC ACID TRANSFERASE TAGU"	76	421	"1.3E-68"	"-"	"-"	""
"PPA1699"	427	"PANTHER"	"PTHR33392"	"POLYISOPRENYL-TEICHOIC ACID--PEPTIDOGLYCAN TEICHOIC ACID TRANSFERASE TAGU"	76	421	"1.3E-68"	"-"	"-"	""
"PPA1700"	985	"PANTHER"	"PTHR46323"	"BETA-GALACTOSIDASE"	33	983	"0.0"	"-"	"-"	""
"PPA1701"	196	"PANTHER"	"PTHR23046"	"PHOSPHORIBOSYLAMINOIMIDAZOLE CARBOXYLASE CATALYTIC SUBUNIT"	33	191	"6.0E-67"	"-"	"-"	""
"PPA1702"	390	"PANTHER"	"PTHR11609"	"PURINE BIOSYNTHESIS PROTEIN 6/7, PUR6/7"	4	381	"8.6E-99"	"-"	"-"	""
"PPA1703"	176	"PANTHER"	"PTHR37938"	"BLL0215 PROTEIN"	8	157	"7.9E-14"	"-"	"-"	""
"PPA1704"	224	"PANTHER"	"PTHR20842"	"PROTEASE S51 ALPHA-ASPARTYL DIPEPTIDASE"	6	207	"1.9E-46"	"-"	"-"	""
"PPA1704"	224	"PANTHER"	"PTHR20842:SF1"	"PEPTIDASE E"	6	207	"1.9E-46"	"-"	"-"	""
"PPA1705"	279	"PANTHER"	"PTHR12835"	"BIOTIN PROTEIN LIGASE"	33	265	"1.0E-27"	"-"	"-"	""
"PPA1705"	279	"PANTHER"	"PTHR12835:SF5"	"HOLOCARBOXYLASE SYNTHETASE (BIOTIN-(PROPRIONYL-COA-CARBOXYLASE (ATP-HYDROLYSING)) LIGASE)"	33	265	"1.0E-27"	"-"	"-"	""
"PPA1707"	524	"PANTHER"	"PTHR43842"	"PROPIONYL-COA CARBOXYLASE BETA CHAIN"	5	524	"0.0"	"-"	"-"	""
"PPA1709"	221	"PANTHER"	"PTHR43213:SF5"	"BIFUNCTIONAL DTTP/UTP PYROPHOSPHATASE/METHYLTRANSFERASE PROTEIN-RELATED"	10	204	"2.5E-33"	"-"	"-"	""
"PPA1709"	221	"PANTHER"	"PTHR43213"	"BIFUNCTIONAL DTTP/UTP PYROPHOSPHATASE/METHYLTRANSFERASE PROTEIN-RELATED"	10	204	"2.5E-33"	"IPR003697"	"Nucleoside triphosphate pyrophosphatase Maf-like protein"	"GO:0047429"
"PPA1711"	244	"PANTHER"	"PTHR44196"	"DEHYDROGENASE/REDUCTASE SDR FAMILY MEMBER 7B"	16	233	"2.0E-42"	"-"	"-"	""
"PPA1712"	301	"PANTHER"	"PTHR20858:SF19"	"PYRIDOXINE KINASE"	37	299	"4.1E-77"	"-"	"-"	""
"PPA1712"	301	"PANTHER"	"PTHR20858"	"PHOSPHOMETHYLPYRIMIDINE KINASE"	37	299	"4.1E-77"	"IPR045029"	"Hydroxymethylpyrimidine kinase/phosphomethylpyrimidine kinase"	"GO:0008972|GO:0009228"
"PPA1716"	332	"PANTHER"	"PTHR46494"	"CORA FAMILY METAL ION TRANSPORTER (EUROFUNG)"	24	332	"3.0E-41"	"-"	"-"	""
"PPA1716"	332	"PANTHER"	"PTHR46494:SF1"	"CORA FAMILY METAL ION TRANSPORTER (EUROFUNG)"	24	332	"3.0E-41"	"-"	"-"	""
"PPA1717"	133	"PANTHER"	"PTHR43046"	"GDP-MANNOSE MANNOSYL HYDROLASE"	2	113	"1.3E-20"	"-"	"-"	""
"PPA1719"	589	"PANTHER"	"PTHR18866"	"CARBOXYLASE:PYRUVATE/ACETYL-COA/PROPIONYL-COA CARBOXYLASE"	3	451	"0.0"	"-"	"-"	""
"PPA1719"	589	"PANTHER"	"PTHR18866"	"CARBOXYLASE:PYRUVATE/ACETYL-COA/PROPIONYL-COA CARBOXYLASE"	498	587	"0.0"	"-"	"-"	""
"PPA1721"	459	"PANTHER"	"PTHR43014"	"MERCURIC REDUCTASE"	2	456	"0.0"	"-"	"-"	""
"PPA1721"	459	"PANTHER"	"PTHR43014:SF1"	"NAD(P)H DEHYDROGENASE (QUINONE)"	2	456	"0.0"	"-"	"-"	""
"PPA1722"	270	"PANTHER"	"PTHR11904"	"METHYLTHIOADENOSINE/PURINE NUCLEOSIDE PHOSPHORYLASE"	13	268	"2.5E-58"	"IPR011268"	"Purine nucleoside phosphorylase"	"GO:0004731|GO:0006139"
"PPA1722"	270	"PANTHER"	"PTHR11904:SF9"	"FI08065P"	13	268	"2.5E-58"	"-"	"-"	""
"PPA1723"	558	"PANTHER"	"PTHR45745"	"PHOSPHOMANNOMUTASE 45A"	11	543	"0.0"	"-"	"-"	""
"PPA1723"	558	"PANTHER"	"PTHR45745:SF1"	"PHOSPHOMANNOMUTASE 45A"	11	543	"0.0"	"-"	"-"	""
"PPA1724"	557	"PANTHER"	"PTHR43767"	"LONG-CHAIN-FATTY-ACID--COA LIGASE"	22	536	"8.7E-98"	"-"	"-"	""
"PPA1724"	557	"PANTHER"	"PTHR43767:SF1"	"ACYL--COA LIGASE YDAB-RELATED"	22	536	"8.7E-98"	"-"	"-"	""
"PPA1726"	550	"PANTHER"	"PTHR42718:SF29"	"LINCOMYCIN RESISTANCE PROTEIN LMRB"	9	547	"4.4E-97"	"-"	"-"	""
"PPA1726"	550	"PANTHER"	"PTHR42718"	"MAJOR FACILITATOR SUPERFAMILY MULTIDRUG TRANSPORTER MFSC"	9	547	"4.4E-97"	"-"	"-"	""
"PPA1727"	236	"PANTHER"	"PTHR30231"	"DNA POLYMERASE III SUBUNIT EPSILON"	68	229	"1.1E-23"	"-"	"-"	""
"PPA1727"	236	"PANTHER"	"PTHR30231:SF34"	"DNA POLYMERASE III, EPSILON CHAIN"	68	229	"1.1E-23"	"-"	"-"	""
"PPA1728"	601	"PANTHER"	"PTHR45765:SF1"	"METHIONINE--TRNA LIGASE, CYTOPLASMIC"	12	587	"0.0"	"-"	"-"	""
"PPA1728"	601	"PANTHER"	"PTHR45765"	"METHIONINE--TRNA LIGASE"	12	587	"0.0"	"IPR023458"	"Methionine-tRNA ligase, type 1"	"GO:0004825"
"PPA1729"	300	"PANTHER"	"PTHR10642:SF23"	"RIBONUCLEASE H1"	2	141	"4.9E-32"	"-"	"-"	""
"PPA1729"	300	"PANTHER"	"PTHR10642"	"RIBONUCLEASE H1"	2	141	"4.9E-32"	"-"	"-"	""
"PPA1730"	146	"PANTHER"	"PTHR11644"	"CYTIDINE DEAMINASE"	15	138	"1.9E-30"	"-"	"-"	""
"PPA1730"	146	"PANTHER"	"PTHR11644:SF2"	"CYTIDINE DEAMINASE"	15	138	"1.9E-30"	"-"	"-"	""
"PPA1731"	452	"PANTHER"	"PTHR43370"	"SUGAR ABC TRANSPORTER INTEGRAL MEMBRANE PROTEIN-RELATED"	151	452	"3.6E-86"	"-"	"-"	""
"PPA1732"	423	"PANTHER"	"PTHR47089"	"ABC TRANSPORTER, PERMEASE PROTEIN"	30	399	"3.1E-92"	"-"	"-"	""
"PPA1733"	529	"PANTHER"	"PTHR43790"	"CARBOHYDRATE TRANSPORT ATP-BINDING PROTEIN MG119-RELATED"	20	512	"0.0"	"-"	"-"	""
"PPA1733"	529	"PANTHER"	"PTHR43790:SF4"	"CARBOHYDRATE TRANSPORT ATP-BINDING PROTEIN MG119-RELATED"	20	512	"0.0"	"-"	"-"	""
"PPA1734"	419	"PANTHER"	"PTHR34296"	"TRANSCRIPTIONAL ACTIVATOR PROTEIN MED"	49	415	"1.4E-68"	"-"	"-"	""
"PPA1736"	468	"PANTHER"	"PTHR43099"	"UPF0053 PROTEIN YRKA"	7	444	"6.0E-109"	"-"	"-"	""
"PPA1737"	382	"PANTHER"	"PTHR12468:SF2"	"GPI MANNOSYLTRANSFERASE 2"	49	238	"9.9E-12"	"-"	"-"	""
"PPA1737"	382	"PANTHER"	"PTHR12468"	"GPI MANNOSYLTRANSFERASE 2"	49	238	"9.9E-12"	"IPR007315"	"GPI mannosyltransferase 2"	"GO:0000009|GO:0004376|GO:0006506"
"PPA1738"	734	"PANTHER"	"PTHR36999"	"ISOCITRATE DEHYDROGENASE [NADP]"	2	734	"0.0"	"IPR004436"	"Isocitrate dehydrogenase NADP-dependent, monomeric"	"GO:0004450|GO:0006099"
"PPA1739"	283	"PANTHER"	"PTHR42706:SF1"	"FORMYLTETRAHYDROFOLATE DEFORMYLASE 1, MITOCHONDRIAL"	5	281	"3.8E-80"	"-"	"-"	""
"PPA1739"	283	"PANTHER"	"PTHR42706"	"FORMYLTETRAHYDROFOLATE DEFORMYLASE"	5	281	"3.8E-80"	"IPR004810"	"Formyltetrahydrofolate deformylase"	"GO:0006189|GO:0008864"
"PPA1740"	327	"PANTHER"	"PTHR23382"	"MALATE DEHYDROGENASE"	3	324	"0.0"	"IPR010945"	"Malate dehydrogenase, type 2"	"GO:0006108|GO:0016615"
"PPA1740"	327	"PANTHER"	"PTHR23382:SF0"	"MALATE DEHYDROGENASE 2, MITOCHONDRIAL-RELATED"	3	324	"0.0"	"-"	"-"	""
"PPA1741"	447	"PANTHER"	"PTHR11699"	"ALDEHYDE DEHYDROGENASE-RELATED"	18	440	"0.0"	"-"	"-"	""
"PPA1741"	447	"PANTHER"	"PTHR11699:SF68"	"ETHANOLAMINE UTILIZATION PROTEIN EUTE"	18	440	"0.0"	"-"	"-"	""
"PPA1743"	287	"PANTHER"	"PTHR48099:SF5"	"C-1-TETRAHYDROFOLATE SYNTHASE, CYTOPLASMIC"	1	282	"4.5E-91"	"-"	"-"	""
"PPA1743"	287	"PANTHER"	"PTHR48099"	"C-1-TETRAHYDROFOLATE SYNTHASE, CYTOPLASMIC-RELATED"	1	282	"4.5E-91"	"-"	"-"	""
"PPA1745"	851	"PANTHER"	"PTHR31956:SF8"	"ACID PHOSPHATASE PHOA (AFU_ORTHOLOGUE AFUA_1G03570)"	221	374	"1.8E-14"	"-"	"-"	""
"PPA1745"	851	"PANTHER"	"PTHR31956:SF8"	"ACID PHOSPHATASE PHOA (AFU_ORTHOLOGUE AFUA_1G03570)"	105	162	"1.8E-14"	"-"	"-"	""
"PPA1745"	851	"PANTHER"	"PTHR31956"	"NON-SPECIFIC PHOSPHOLIPASE C4-RELATED"	221	374	"1.8E-14"	"IPR007312"	"Phosphoesterase"	"GO:0016788"
"PPA1745"	851	"PANTHER"	"PTHR31956"	"NON-SPECIFIC PHOSPHOLIPASE C4-RELATED"	105	162	"1.8E-14"	"IPR007312"	"Phosphoesterase"	"GO:0016788"
"PPA1747"	516	"PANTHER"	"PTHR11692:SF0"	"BIFUNCTIONAL PURINE BIOSYNTHESIS PROTEIN PURH"	10	516	"0.0"	"-"	"-"	""
"PPA1747"	516	"PANTHER"	"PTHR11692"	"BIFUNCTIONAL PURINE BIOSYNTHESIS PROTEIN PURH"	10	516	"0.0"	"IPR002695"	"Bifunctional purine biosynthesis protein PurH-like"	"GO:0003937|GO:0004643|GO:0006164"
"PPA1748"	207	"PANTHER"	"PTHR43369"	"PHOSPHORIBOSYLGLYCINAMIDE FORMYLTRANSFERASE"	3	188	"5.3E-54"	"-"	"-"	""
"PPA1749"	166	"PANTHER"	"PTHR21058"	"6,7-DIMETHYL-8-RIBITYLLUMAZINE SYNTHASE  DMRL SYNTHASE   LUMAZINE SYNTHASE"	15	157	"6.1E-44"	"IPR034964"	"Lumazine synthase"	"GO:0000906|GO:0009231"
"PPA1750"	438	"PANTHER"	"PTHR21327"	"GTP CYCLOHYDROLASE II-RELATED"	3	406	"0.0"	"-"	"-"	""
"PPA1750"	438	"PANTHER"	"PTHR21327:SF18"	"3,4-DIHYDROXY-2-BUTANONE 4-PHOSPHATE SYNTHASE"	3	406	"0.0"	"-"	"-"	""
"PPA1751"	199	"PANTHER"	"PTHR21098"	"RIBOFLAVIN SYNTHASE ALPHA CHAIN"	1	194	"1.9E-65"	"IPR001783"	"Lumazine-binding protein"	"-"
"PPA1751"	199	"PANTHER"	"PTHR21098:SF0"	"RIBOFLAVIN SYNTHASE"	1	194	"1.9E-65"	"-"	"-"	""
"PPA1752"	331	"PANTHER"	"PTHR11079:SF162"	"RIBOFLAVIN BIOSYNTHESIS PROTEIN PYRD, CHLOROPLASTIC"	7	197	"6.7E-38"	"-"	"-"	""
"PPA1752"	331	"PANTHER"	"PTHR11079"	"CYTOSINE DEAMINASE FAMILY MEMBER"	7	197	"6.7E-38"	"-"	"-"	""
"PPA1754"	297	"PANTHER"	"PTHR11117:SF2"	"SUCCINATE--COA LIGASE [ADP/GDP-FORMING] SUBUNIT ALPHA, MITOCHONDRIAL"	2	294	"6.9E-105"	"-"	"-"	""
"PPA1754"	297	"PANTHER"	"PTHR11117"	"SUCCINYL-COA LIGASE SUBUNIT ALPHA"	2	294	"6.9E-105"	"-"	"-"	""
"PPA1755"	391	"PANTHER"	"PTHR11815"	"SUCCINYL-COA SYNTHETASE BETA CHAIN"	1	388	"4.4E-128"	"IPR005809"	"Succinate--CoA synthetase, beta subunit"	"GO:0006099"
"PPA1755"	391	"PANTHER"	"PTHR11815:SF1"	"SUCCINATE--COA LIGASE [ADP-FORMING] SUBUNIT BETA"	1	388	"4.4E-128"	"-"	"-"	""
"PPA1756"	810	"PANTHER"	"PTHR11070"	"UVRD / RECB / PCRA DNA HELICASE FAMILY MEMBER"	44	795	"0.0"	"IPR000212"	"DNA helicase, UvrD/REP type"	"GO:0003677|GO:0003678|GO:0005524"
"PPA1756"	810	"PANTHER"	"PTHR11070:SF7"	"DNA HELICASE II"	44	795	"0.0"	"-"	"-"	""
"PPA1758"	320	"PANTHER"	"PTHR30429:SF3"	"LIPOPROTEIN"	36	298	"2.1E-68"	"-"	"-"	""
"PPA1758"	320	"PANTHER"	"PTHR30429"	"D-METHIONINE-BINDING LIPOPROTEIN METQ"	36	298	"2.1E-68"	"IPR004872"	"Lipoprotein NlpA family"	"-"
"PPA1759"	365	"PANTHER"	"PTHR43166:SF5"	"METHIONINE IMPORT ATP-BINDING PROTEIN METN"	17	346	"8.7E-108"	"IPR026253"	"Methionine import ATP-binding protein MetN"	"GO:0005524|GO:0015821|GO:0042626"
"PPA1759"	365	"PANTHER"	"PTHR43166"	"AMINO ACID IMPORT ATP-BINDING PROTEIN"	17	346	"8.7E-108"	"-"	"-"	""
"PPA1760"	217	"PANTHER"	"PTHR30450"	"ABC TRANSPORTER PERMEASE"	5	216	"4.5E-68"	"-"	"-"	""
"PPA1760"	217	"PANTHER"	"PTHR30450:SF14"	"TRANSPORTER, PERMEASE PROTEIN, PUTATIVE-RELATED"	5	216	"4.5E-68"	"-"	"-"	""
"PPA1761"	422	"PANTHER"	"PTHR21248"	"CARDIOLIPIN SYNTHASE"	59	415	"3.1E-87"	"-"	"-"	""
"PPA1762"	87	"PANTHER"	"PTHR33884"	"UPF0410 PROTEIN YMGE"	1	84	"3.9E-17"	"IPR007341"	"Transglycosylase-associated protein"	"GO:0016021"
"PPA1763"	94	"PANTHER"	"PTHR33885"	"PHAGE SHOCK PROTEIN C"	2	65	"8.0E-14"	"-"	"-"	""
"PPA1763"	94	"PANTHER"	"PTHR33885:SF3"	"PHAGE SHOCK PROTEIN C"	2	65	"8.0E-14"	"-"	"-"	""
"PPA1764"	530	"PANTHER"	"PTHR11922:SF2"	"GMP SYNTHASE [GLUTAMINE-HYDROLYZING]"	18	530	"0.0"	"-"	"-"	""
"PPA1764"	530	"PANTHER"	"PTHR11922"	"GMP SYNTHASE-RELATED"	18	530	"0.0"	"-"	"-"	""
"PPA1765"	190	"PANTHER"	"PTHR42811:SF5"	"SERINE ACETYLTRANSFERASE-RELATED"	14	186	"4.5E-69"	"-"	"-"	""
"PPA1765"	190	"PANTHER"	"PTHR42811"	"SERINE ACETYLTRANSFERASE"	14	186	"4.5E-69"	"-"	"-"	""
"PPA1766"	115	"PANTHER"	"PTHR38041"	"CHORISMATE MUTASE"	6	95	"4.9E-18"	"-"	"-"	""
"PPA1766"	115	"PANTHER"	"PTHR38041:SF1"	"CHORISMATE MUTASE"	6	95	"4.9E-18"	"-"	"-"	""
"PPA1767"	367	"PANTHER"	"PTHR11911:SF85"	"IMP DEHYDROGENASE SUBUNIT"	3	366	"0.0"	"IPR005992"	"IMP dehydrogenase-related 2"	"GO:0016491"
"PPA1767"	367	"PANTHER"	"PTHR11911"	"INOSINE-5-MONOPHOSPHATE DEHYDROGENASE RELATED"	3	366	"0.0"	"IPR005990"	"Inosine-5'-monophosphate dehydrogenase"	"GO:0003938|GO:0006164"
"PPA1768"	504	"PANTHER"	"PTHR11911:SF111"	"INOSINE-5'-MONOPHOSPHATE DEHYDROGENASE"	16	499	"0.0"	"-"	"-"	""
"PPA1768"	504	"PANTHER"	"PTHR11911"	"INOSINE-5-MONOPHOSPHATE DEHYDROGENASE RELATED"	16	499	"0.0"	"IPR005990"	"Inosine-5'-monophosphate dehydrogenase"	"GO:0003938|GO:0006164"
"PPA1770"	584	"PANTHER"	"PTHR30330:SF3"	"TRANSCRIPTIONAL REGULATOR, LRP FAMILY-RELATED"	28	494	"0.0"	"-"	"-"	""
"PPA1770"	584	"PANTHER"	"PTHR30330"	"AGSS FAMILY TRANSPORTER, SODIUM-ALANINE"	28	494	"0.0"	"IPR001463"	"Sodium:alanine symporter"	"GO:0005283|GO:0006814|GO:0006865|GO:0016020"
"PPA1772"	531	"PANTHER"	"PTHR45633"	"60 KDA HEAT SHOCK PROTEIN, MITOCHONDRIAL"	3	528	"0.0"	"-"	"-"	""
"PPA1772"	531	"PANTHER"	"PTHR45633:SF41"	"60 KDA CHAPERONIN 2"	3	528	"0.0"	"-"	"-"	""
"PPA1773"	98	"PANTHER"	"PTHR10772:SF24"	"10 KDA CHAPERONIN"	4	97	"8.5E-35"	"-"	"-"	""
"PPA1773"	98	"PANTHER"	"PTHR10772"	"10 KDA HEAT SHOCK PROTEIN"	4	97	"8.5E-35"	"IPR020818"	"GroES chaperonin family"	"GO:0005524|GO:0006457|GO:0140662"
"PPA1778"	250	"PANTHER"	"PTHR42734:SF6"	"IRON CHELATIN TRANSPORT ATP-BINDING PROTEIN HP_0888-RELATED"	2	247	"4.3E-66"	"-"	"-"	""
"PPA1778"	250	"PANTHER"	"PTHR42734"	"METAL TRANSPORT SYSTEM ATP-BINDING PROTEIN TM_0124-RELATED"	2	247	"4.3E-66"	"-"	"-"	""
"PPA1779"	364	"PANTHER"	"PTHR30472"	"FERRIC ENTEROBACTIN TRANSPORT SYSTEM PERMEASE PROTEIN"	32	358	"8.0E-87"	"IPR000522"	"ABC transporter, permease protein, BtuC-like"	"GO:0016020|GO:0022857"
"PPA1779"	364	"PANTHER"	"PTHR30472:SF25"	"ABC TRANSPORTER PERMEASE PROTEIN MJ0876-RELATED"	32	358	"8.0E-87"	"-"	"-"	""
"PPA1780"	389	"PANTHER"	"PTHR30535"	"VITAMIN B12-BINDING PROTEIN"	5	383	"6.6E-47"	"-"	"-"	""
"PPA1780"	389	"PANTHER"	"PTHR30535:SF34"	"FERRICHROME-BINDING PERIPLASMIC PROTEIN-RELATED"	5	383	"6.6E-47"	"-"	"-"	""
"PPA1781"	163	"PANTHER"	"PTHR43758"	"7,8-DIHYDRO-8-OXOGUANINE TRIPHOSPHATASE"	5	147	"5.3E-15"	"-"	"-"	""
"PPA1782"	347	"PANTHER"	"PTHR11735"	"TRNA N6-ADENOSINE THREONYLCARBAMOYLTRANSFERASE"	5	338	"1.3E-91"	"IPR000905"	"Gcp-like domain"	"-"
"PPA1782"	347	"PANTHER"	"PTHR11735:SF6"	"TRNA N6-ADENOSINE THREONYLCARBAMOYLTRANSFERASE, MITOCHONDRIAL-RELATED"	5	338	"1.3E-91"	"IPR022450"	"tRNA N6-adenosine threonylcarbamoyltransferase, TsaD"	"GO:0002949"
"PPA1783"	155	"PANTHER"	"PTHR43617"	"L-AMINO ACID N-ACETYLTRANSFERASE"	3	136	"9.9E-22"	"-"	"-"	""
"PPA1784"	218	"PANTHER"	"PTHR11735"	"TRNA N6-ADENOSINE THREONYLCARBAMOYLTRANSFERASE"	4	147	"3.3E-30"	"IPR000905"	"Gcp-like domain"	"-"
"PPA1784"	218	"PANTHER"	"PTHR11735:SF11"	"TRNA THREONYLCARBAMOYLADENOSINE BIOSYNTHESIS PROTEIN TSAB"	4	147	"3.3E-30"	"IPR022496"	"tRNA threonylcarbamoyl adenosine modification protein TsaB"	"GO:0002949"
"PPA1785"	297	"PANTHER"	"PTHR33540:SF2"	"TRNA THREONYLCARBAMOYLADENOSINE BIOSYNTHESIS PROTEIN TSAE"	128	280	"1.7E-32"	"-"	"-"	""
"PPA1785"	297	"PANTHER"	"PTHR33540"	"TRNA THREONYLCARBAMOYLADENOSINE BIOSYNTHESIS PROTEIN TSAE"	128	280	"1.7E-32"	"-"	"-"	""
"PPA1787"	700	"PANTHER"	"PTHR47959"	"ATP-DEPENDENT RNA HELICASE RHLE-RELATED"	227	595	"1.2E-110"	"-"	"-"	""
"PPA1787"	700	"PANTHER"	"PTHR47959:SF1"	"ATP-DEPENDENT RNA HELICASE RHLE"	227	595	"1.2E-110"	"-"	"-"	""
"PPA1790"	246	"PANTHER"	"PTHR24220"	"IMPORT ATP-BINDING PROTEIN"	25	244	"7.7E-65"	"-"	"-"	""
"PPA1791"	363	"PANTHER"	"PTHR45947"	"SULFOQUINOVOSYL TRANSFERASE SQD2"	1	352	"3.4E-83"	"-"	"-"	""
"PPA1792"	481	"PANTHER"	"PTHR12592:SF0"	"ATP-DEPENDENT (S)-NAD(P)H-HYDRATE DEHYDRATASE"	232	442	"2.6E-25"	"-"	"-"	""
"PPA1792"	481	"PANTHER"	"PTHR12592"	"ATP-DEPENDENT (S)-NAD(P)H-HYDRATE DEHYDRATASE FAMILY MEMBER"	232	442	"2.6E-25"	"-"	"-"	""
"PPA1794"	637	"PANTHER"	"PTHR10937"	"GLUCOSAMINE--FRUCTOSE-6-PHOSPHATE AMINOTRANSFERASE, ISOMERIZING"	23	637	"0.0"	"-"	"-"	""
"PPA1794"	637	"PANTHER"	"PTHR10937:SF0"	"GH12731P-RELATED"	23	637	"0.0"	"IPR005855"	"Glucosamine-fructose-6-phosphate aminotransferase, isomerising"	"GO:0004360|GO:1901137"
"PPA1796"	339	"PANTHER"	"PTHR32015:SF1"	"FASTING INDUCED LIPASE"	88	322	"5.4E-14"	"-"	"-"	""
"PPA1796"	339	"PANTHER"	"PTHR32015"	"FASTING INDUCED LIPASE"	88	322	"5.4E-14"	"IPR002918"	"Lipase EstA/Esterase EstB"	"GO:0016042|GO:0016787"
"PPA1799"	327	"PANTHER"	"PTHR10285"	"URIDINE KINASE"	13	327	"2.0E-117"	"-"	"-"	""
"PPA1799"	327	"PANTHER"	"PTHR10285:SF139"	"PANTOTHENATE KINASE"	13	327	"2.0E-117"	"IPR004566"	"Pantothenate kinase"	"GO:0004594|GO:0015937"
"PPA1801"	450	"PANTHER"	"PTHR42946"	"PHOSPHOHEXOSE MUTASE"	2	447	"2.2E-88"	"-"	"-"	""
"PPA1801"	450	"PANTHER"	"PTHR42946:SF1"	"PHOSPHOGLUCOSAMINE MUTASE FAMILY PROTEIN"	2	447	"2.2E-88"	"-"	"-"	""
"PPA1802"	173	"PANTHER"	"PTHR21569"	"RIBOSOMAL PROTEIN S9"	49	173	"4.6E-51"	"IPR000754"	"Ribosomal protein S9"	"GO:0003735|GO:0005840|GO:0006412"
"PPA1802"	173	"PANTHER"	"PTHR21569:SF1"	"28S RIBOSOMAL PROTEIN S9, MITOCHONDRIAL"	49	173	"4.6E-51"	"-"	"-"	""
"PPA1803"	147	"PANTHER"	"PTHR11545:SF2"	"39S RIBOSOMAL PROTEIN L13, MITOCHONDRIAL"	2	144	"3.3E-55"	"-"	"-"	""
"PPA1803"	147	"PANTHER"	"PTHR11545"	"RIBOSOMAL PROTEIN L13"	2	144	"3.3E-55"	"IPR005822"	"Ribosomal protein L13"	"GO:0003735|GO:0005840|GO:0006412"
"PPA1805"	1082	"PANTHER"	"PTHR13246"	"ENDO BETA N-ACETYLGLUCOSAMINIDASE"	48	640	"9.4E-26"	"IPR032979"	"Cytosolic endo-beta-N-acetylglucosaminidase"	"GO:0033925"
"PPA1808"	314	"PANTHER"	"PTHR23417"	"3-DEOXY-D-MANNO-OCTULOSONIC-ACID TRANSFERASE/TRNA  GUANINE-N 7 - -METHYLTRANSFERASE"	87	310	"3.3E-46"	"IPR003358"	"tRNA (guanine-N-7) methyltransferase, Trmb type"	"GO:0006400|GO:0008176"
"PPA1808"	314	"PANTHER"	"PTHR23417:SF14"	"TRNA (GUANINE-N(7)-)-METHYLTRANSFERASE"	87	310	"3.3E-46"	"-"	"-"	""
"PPA1809"	279	"PANTHER"	"PTHR11142:SF0"	"TRNA PSEUDOURIDINE SYNTHASE-LIKE 1"	1	253	"2.8E-61"	"-"	"-"	""
"PPA1809"	279	"PANTHER"	"PTHR11142"	"PSEUDOURIDYLATE SYNTHASE"	1	253	"2.8E-61"	"IPR001406"	"Pseudouridine synthase I, TruA"	"GO:0001522|GO:0003723|GO:0009451|GO:0009982"
"PPA1810"	206	"PANTHER"	"PTHR47816:SF4"	"RIBOSOMAL RNA SMALL SUBUNIT METHYLTRANSFERASE C"	23	204	"1.0E-32"	"-"	"-"	""
"PPA1810"	206	"PANTHER"	"PTHR47816"	"RIBOSOMAL RNA SMALL SUBUNIT METHYLTRANSFERASE C"	23	204	"1.0E-32"	"-"	"-"	""
"PPA1812"	420	"PANTHER"	"PTHR33514"	"PROTEIN ABCI12, CHLOROPLASTIC"	14	394	"4.0E-71"	"-"	"-"	""
"PPA1812"	420	"PANTHER"	"PTHR33514:SF15"	"INTEGRAL MEMBRANE PROTEIN-RELATED"	14	394	"4.0E-71"	"-"	"-"	""
"PPA1813"	551	"PANTHER"	"PTHR24220:SF614"	"ABC TRANSPORTER ATP-BINDING PROTEIN SCO2324-RELATED"	3	534	"0.0"	"-"	"-"	""
"PPA1813"	551	"PANTHER"	"PTHR24220"	"IMPORT ATP-BINDING PROTEIN"	3	534	"0.0"	"-"	"-"	""
"PPA1815"	253	"PANTHER"	"PTHR24321"	"DEHYDROGENASES, SHORT CHAIN"	5	242	"3.7E-59"	"-"	"-"	""
"PPA1817"	277	"PANTHER"	"PTHR42711"	"ABC TRANSPORTER ATP-BINDING PROTEIN"	29	249	"3.3E-71"	"-"	"-"	""
"PPA1817"	277	"PANTHER"	"PTHR42711:SF5"	"DOXORUBICIN RESISTANCE ATP-BINDING PROTEIN DRRA"	29	249	"3.3E-71"	"-"	"-"	""
"PPA1818"	205	"PANTHER"	"PTHR11404"	"SUPEROXIDE DISMUTASE 2"	3	199	"6.1E-73"	"-"	"-"	""
"PPA1819"	174	"PANTHER"	"PTHR23421"	"BETA-GALACTOSIDASE RELATED"	64	169	"9.0E-34"	"IPR001944"	"Glycoside hydrolase, family 35"	"GO:0004553|GO:0005975"
"PPA1819"	174	"PANTHER"	"PTHR23421:SF125"	"BETA-GALACTOSIDASE C-RELATED"	64	169	"9.0E-34"	"-"	"-"	""
"PPA1820"	1418	"PANTHER"	"PTHR22600:SF21"	"BETA-HEXOSAMINIDASE"	994	1408	"1.0E-67"	"-"	"-"	""
"PPA1820"	1418	"PANTHER"	"PTHR22600"	"BETA-HEXOSAMINIDASE"	994	1408	"1.0E-67"	"IPR025705"	"Beta-hexosaminidase"	"GO:0004563|GO:0005975"
"PPA1822"	457	"PANTHER"	"PTHR23511:SF14"	"METABOLITE TRANSPORT PROTEIN YAAU-RELATED"	40	450	"6.8E-77"	"-"	"-"	""
"PPA1822"	457	"PANTHER"	"PTHR23511"	"SYNAPTIC VESICLE GLYCOPROTEIN 2"	40	450	"6.8E-77"	"-"	"-"	""
"PPA1824"	405	"PANTHER"	"PTHR45947"	"SULFOQUINOVOSYL TRANSFERASE SQD2"	5	372	"7.8E-40"	"-"	"-"	""
"PPA1824"	405	"PANTHER"	"PTHR45947:SF8"	"ALPHA-MONOGLUCOSYLDIACYLGLYCEROL SYNTHASE"	5	372	"7.8E-40"	"-"	"-"	""
"PPA1825"	178	"PANTHER"	"PTHR14413:SF16"	"39S RIBOSOMAL PROTEIN L17, MITOCHONDRIAL"	4	153	"4.8E-38"	"-"	"-"	""
"PPA1825"	178	"PANTHER"	"PTHR14413"	"RIBOSOMAL PROTEIN L17"	4	153	"4.8E-38"	"IPR000456"	"Ribosomal protein L17"	"GO:0003735|GO:0005840|GO:0006412"
"PPA1826"	338	"PANTHER"	"PTHR32108"	"DNA-DIRECTED RNA POLYMERASE SUBUNIT ALPHA"	12	309	"8.5E-77"	"IPR011773"	"DNA-directed RNA polymerase, alpha subunit"	"GO:0003677|GO:0003899|GO:0006351"
"PPA1827"	201	"PANTHER"	"PTHR11831"	"30S 40S RIBOSOMAL PROTEIN"	21	201	"3.8E-42"	"IPR022801"	"Ribosomal protein S4/S9"	"-"
"PPA1827"	201	"PANTHER"	"PTHR11831:SF4"	"37S RIBOSOMAL PROTEIN NAM9, MITOCHONDRIAL"	21	201	"3.8E-42"	"IPR005709"	"Ribosomal protein S4, bacterial-type"	"GO:0003735|GO:0006412|GO:0015935"
"PPA1828"	135	"PANTHER"	"PTHR11759:SF3"	"28S RIBOSOMAL PROTEIN S11, MITOCHONDRIAL"	14	135	"8.8E-48"	"-"	"-"	""
"PPA1828"	135	"PANTHER"	"PTHR11759"	"40S RIBOSOMAL PROTEIN S14/30S RIBOSOMAL PROTEIN S11"	14	135	"8.8E-48"	"IPR001971"	"Ribosomal protein S11"	"GO:0003735|GO:0005840|GO:0006412"
"PPA1829"	123	"PANTHER"	"PTHR10871"	"30S RIBOSOMAL PROTEIN S13/40S RIBOSOMAL PROTEIN S18"	1	122	"6.4E-42"	"-"	"-"	""
"PPA1829"	123	"PANTHER"	"PTHR10871:SF1"	"37S RIBOSOMAL PROTEIN SWS2, MITOCHONDRIAL"	1	122	"6.4E-42"	"IPR019980"	"Ribosomal protein S13, bacterial-type"	"GO:0003723|GO:0003735|GO:0005840|GO:0006412"
"PPA1831"	37	"PANTHER"	"PTHR42888"	"50S RIBOSOMAL PROTEIN L36, CHLOROPLASTIC"	1	37	"1.1E-19"	"IPR000473"	"Ribosomal protein L36"	"GO:0003735|GO:0005840|GO:0006412"
"PPA1832"	73	"PANTHER"	"PTHR33370"	"TRANSLATION INITIATION FACTOR IF-1, CHLOROPLASTIC"	3	73	"8.6E-35"	"IPR004368"	"Translation initiation factor IF-1"	"GO:0003743|GO:0006413"
"PPA1832"	73	"PANTHER"	"PTHR33370:SF1"	"TRANSLATION INITIATION FACTOR IF-1, CHLOROPLASTIC"	3	73	"8.6E-35"	"-"	"-"	""
"PPA1833"	279	"PANTHER"	"PTHR43330:SF22"	"METHIONINE AMINOPEPTIDASE"	7	260	"2.8E-83"	"-"	"-"	""
"PPA1833"	279	"PANTHER"	"PTHR43330"	"METHIONINE AMINOPEPTIDASE"	7	260	"2.8E-83"	"-"	"-"	""
"PPA1834"	189	"PANTHER"	"PTHR23359:SF107"	"GTP:AMP PHOSPHOTRANSFERASE, MITOCHONDRIAL"	5	181	"1.3E-47"	"-"	"-"	""
"PPA1834"	189	"PANTHER"	"PTHR23359"	"NUCLEOTIDE KINASE"	5	181	"1.3E-47"	"IPR000850"	"Adenylate kinase/UMP-CMP kinase"	"GO:0005524|GO:0006139|GO:0019205"
"PPA1835"	439	"PANTHER"	"PTHR10906:SF2"	"PREPROTEIN TRANSLOCASE SUBUNIT SCY2, CHLOROPLASTIC"	3	438	"2.8E-129"	"-"	"-"	""
"PPA1835"	439	"PANTHER"	"PTHR10906"	"SECY/SEC61-ALPHA FAMILY MEMBER"	3	438	"2.8E-129"	"IPR002208"	"SecY/SEC61-alpha family"	"GO:0015031|GO:0016020"
"PPA1837"	402	"PANTHER"	"PTHR43791"	"PERMEASE-RELATED"	16	365	"2.0E-16"	"-"	"-"	""
"PPA1837"	402	"PANTHER"	"PTHR43791:SF66"	"INNER MEMBRANE PROTEIN YIHN"	16	365	"2.0E-16"	"-"	"-"	""
"PPA1839"	248	"PANTHER"	"PTHR46211"	"GLYCEROPHOSPHORYL DIESTER PHOSPHODIESTERASE"	4	243	"9.7E-54"	"-"	"-"	""
"PPA1840"	567	"PANTHER"	"PTHR30290"	"PERIPLASMIC BINDING COMPONENT OF ABC TRANSPORTER"	1	557	"1.5E-67"	"IPR039424"	"Solute-binding protein family 5"	"-"
"PPA1842"	146	"PANTHER"	"PTHR12934"	"50S RIBOSOMAL PROTEIN L15"	2	146	"8.4E-43"	"IPR005749"	"Ribosomal protein L15, bacterial-type"	"GO:0003735|GO:0006412|GO:0015934"
"PPA1844"	215	"PANTHER"	"PTHR13718"	"RIBOSOMAL S SUBUNIT"	10	188	"2.2E-44"	"IPR000851"	"Ribosomal protein S5"	"GO:0003735|GO:0005840|GO:0006412"
"PPA1844"	215	"PANTHER"	"PTHR13718:SF61"	"28S RIBOSOMAL PROTEIN S5, MITOCHONDRIAL"	10	188	"2.2E-44"	"-"	"-"	""
"PPA1845"	127	"PANTHER"	"PTHR12899:SF3"	"39S RIBOSOMAL PROTEIN L18, MITOCHONDRIAL"	11	127	"3.4E-33"	"-"	"-"	""
"PPA1845"	127	"PANTHER"	"PTHR12899"	"39S RIBOSOMAL PROTEIN L18, MITOCHONDRIAL"	11	127	"3.4E-33"	"IPR005484"	"Ribosomal protein L18"	"GO:0003735|GO:0005840|GO:0006412"
"PPA1846"	180	"PANTHER"	"PTHR11655"	"60S/50S RIBOSOMAL PROTEIN L6/L9"	2	180	"2.4E-60"	"IPR000702"	"Ribosomal protein L6"	"GO:0003735|GO:0005840|GO:0006412|GO:0019843"
"PPA1846"	180	"PANTHER"	"PTHR11655:SF14"	"REPLICATION FACTOR C SUBUNIT 1"	2	180	"2.4E-60"	"IPR019906"	"Ribosomal protein L6, bacterial-type"	"GO:0003735|GO:0005840|GO:0006412|GO:0019843"
"PPA1848"	135	"PANTHER"	"PTHR11758"	"40S RIBOSOMAL PROTEIN S15A"	1	134	"1.2E-34"	"IPR000630"	"Ribosomal protein S8"	"GO:0003735|GO:0005840|GO:0006412"
"PPA1848"	135	"PANTHER"	"PTHR11758:SF4"	"37S RIBOSOMAL PROTEIN S8, MITOCHONDRIAL"	1	134	"1.2E-34"	"-"	"-"	""
"PPA1849"	61	"PANTHER"	"PTHR19836:SF26"	"30S RIBOSOMAL PROTEIN S14 TYPE Z"	1	61	"3.2E-28"	"-"	"-"	""
"PPA1849"	61	"PANTHER"	"PTHR19836"	"30S RIBOSOMAL PROTEIN S14"	1	61	"3.2E-28"	"IPR001209"	"Ribosomal protein S14"	"GO:0003735|GO:0005840|GO:0006412"
"PPA1850"	210	"PANTHER"	"PTHR11994:SF4"	"54S RIBOSOMAL PROTEIN L7, MITOCHONDRIAL"	8	190	"4.3E-70"	"-"	"-"	""
"PPA1850"	210	"PANTHER"	"PTHR11994"	"60S RIBOSOMAL PROTEIN L11-RELATED"	8	190	"4.3E-70"	"IPR002132"	"Ribosomal protein L5"	"GO:0003735|GO:0005840|GO:0006412"
"PPA1851"	122	"PANTHER"	"PTHR12903"	"MITOCHONDRIAL RIBOSOMAL PROTEIN L24"	2	118	"1.5E-24"	"IPR003256"	"Ribosomal protein L24"	"GO:0003735|GO:0005840|GO:0006412"
"PPA1852"	122	"PANTHER"	"PTHR11761"	"50S/60S RIBOSOMAL PROTEIN L14/L23"	1	121	"2.8E-47"	"IPR000218"	"Ribosomal protein L14P"	"GO:0003735|GO:0005840|GO:0006412"
"PPA1852"	122	"PANTHER"	"PTHR11761:SF3"	"54S RIBOSOMAL PROTEIN L38, MITOCHONDRIAL"	1	121	"2.8E-47"	"-"	"-"	""
"PPA1853"	90	"PANTHER"	"PTHR10744"	"40S RIBOSOMAL PROTEIN S11 FAMILY MEMBER"	13	90	"6.5E-27"	"IPR000266"	"Ribosomal protein S17/S11"	"GO:0003735|GO:0005840|GO:0006412"
"PPA1853"	90	"PANTHER"	"PTHR10744:SF1"	"37S RIBOSOMAL PROTEIN S17, MITOCHONDRIAL"	13	90	"6.5E-27"	"-"	"-"	""
"PPA1855"	77	"PANTHER"	"PTHR10916:SF0"	"50S RIBOSOMAL PROTEIN L29, CHLOROPLASTIC"	5	67	"1.6E-17"	"-"	"-"	""
"PPA1855"	77	"PANTHER"	"PTHR10916"	"60S RIBOSOMAL PROTEIN L35/50S RIBOSOMAL PROTEIN L29"	5	67	"1.6E-17"	"-"	"-"	""
"PPA1856"	139	"PANTHER"	"PTHR12220"	"50S/60S RIBOSOMAL PROTEIN L16"	2	135	"9.5E-50"	"IPR000114"	"Ribosomal protein L16"	"GO:0003735|GO:0006412|GO:0019843"
"PPA1857"	269	"PANTHER"	"PTHR11760:SF19"	"30S RIBOSOMAL PROTEIN S3"	1	211	"9.5E-80"	"-"	"-"	""
"PPA1857"	269	"PANTHER"	"PTHR11760"	"30S/40S RIBOSOMAL PROTEIN S3"	1	211	"9.5E-80"	"-"	"-"	""
"PPA1858"	153	"PANTHER"	"PTHR13501"	"CHLOROPLAST 50S RIBOSOMAL PROTEIN L22-RELATED"	19	137	"9.9E-33"	"IPR005727"	"Ribosomal protein L22, bacterial/chloroplast-type"	"GO:0003735|GO:0006412|GO:0015934"
"PPA1859"	93	"PANTHER"	"PTHR11880"	"RIBOSOMAL PROTEIN S19P FAMILY MEMBER"	3	92	"4.2E-36"	"IPR002222"	"Ribosomal protein S19/S15"	"GO:0003735|GO:0005840|GO:0006412"
"PPA1859"	93	"PANTHER"	"PTHR11880:SF8"	"37S RIBOSOMAL PROTEIN S19, MITOCHONDRIAL"	3	92	"4.2E-36"	"-"	"-"	""
"PPA1860"	278	"PANTHER"	"PTHR13691:SF5"	"39S RIBOSOMAL PROTEIN L2, MITOCHONDRIAL"	32	271	"1.6E-84"	"-"	"-"	""
"PPA1860"	278	"PANTHER"	"PTHR13691"	"RIBOSOMAL PROTEIN L2"	32	271	"1.6E-84"	"IPR002171"	"Ribosomal protein L2"	"GO:0003735|GO:0005840|GO:0006412"
"PPA1861"	102	"PANTHER"	"PTHR11620"	"60S RIBOSOMAL PROTEIN L23A"	6	96	"9.7E-17"	"IPR013025"	"Ribosomal protein L25/L23"	"GO:0003735|GO:0005840|GO:0006412"
"PPA1861"	102	"PANTHER"	"PTHR11620:SF2"	"RIBOSOMAL PROTEIN L23A"	6	96	"9.7E-17"	"-"	"-"	""
"PPA1862"	301	"PANTHER"	"PTHR10746"	"50S RIBOSOMAL PROTEIN L4"	5	217	"3.2E-56"	"IPR013005"	"50S ribosomal protein uL4"	"-"
"PPA1863"	223	"PANTHER"	"PTHR11229:SF16"	"50S RIBOSOMAL PROTEIN L3-1, CHLOROPLASTIC"	5	218	"1.1E-80"	"-"	"-"	""
"PPA1863"	223	"PANTHER"	"PTHR11229"	"50S RIBOSOMAL PROTEIN L3"	5	218	"1.1E-80"	"IPR019927"	"Ribosomal protein L3, bacterial/organelle-type"	"GO:0003735|GO:0005840|GO:0006412"
"PPA1865"	103	"PANTHER"	"PTHR11700"	"30S RIBOSOMAL PROTEIN S10 FAMILY MEMBER"	4	102	"1.2E-42"	"IPR001848"	"Ribosomal protein S10"	"GO:0003735|GO:0005840|GO:0006412"
"PPA1865"	103	"PANTHER"	"PTHR11700:SF9"	"37S RIBOSOMAL PROTEIN S10, MITOCHONDRIAL"	4	102	"1.2E-42"	"-"	"-"	""
"PPA1866"	653	"PANTHER"	"PTHR13693"	"CLASS II AMINOTRANSFERASE/8-AMINO-7-OXONONANOATE SYNTHASE"	278	641	"7.8E-83"	"-"	"-"	""
"PPA1866"	653	"PANTHER"	"PTHR13693:SF77"	"8-AMINO-7-OXONONANOATE SYNTHASE"	278	641	"7.8E-83"	"-"	"-"	""
"PPA1869"	497	"PANTHER"	"PTHR43311:SF2"	"GLUTAMATE--TRNA LIGASE, MITOCHONDRIAL-RELATED"	6	489	"0.0"	"-"	"-"	""
"PPA1869"	497	"PANTHER"	"PTHR43311"	"GLUTAMATE--TRNA LIGASE"	6	489	"0.0"	"-"	"-"	""
"PPA1870"	565	"PANTHER"	"PTHR43097"	"GLUTAMINE-TRNA LIGASE"	26	556	"0.0"	"-"	"-"	""
"PPA1870"	565	"PANTHER"	"PTHR43097:SF4"	"GLUTAMINE--TRNA LIGASE"	26	556	"0.0"	"-"	"-"	""
"PPA1871"	648	"PANTHER"	"PTHR11575:SF6"	"2',3'-CYCLIC-NUCLEOTIDE 2'-PHOSPHODIESTERASE/3'-NUCLEOTIDASE"	36	599	"4.8E-110"	"-"	"-"	""
"PPA1871"	648	"PANTHER"	"PTHR11575"	"5'-NUCLEOTIDASE-RELATED"	36	599	"4.8E-110"	"IPR006179"	"5'-Nucleotidase/apyrase"	"GO:0009166|GO:0016787"
"PPA1873"	397	"PANTHER"	"PTHR43721"	"ELONGATION FACTOR TU-RELATED"	2	396	"0.0"	"-"	"-"	""
"PPA1873"	397	"PANTHER"	"PTHR43721:SF22"	"ELONGATION FACTOR TU, MITOCHONDRIAL"	2	396	"0.0"	"-"	"-"	""
"PPA1875"	697	"PANTHER"	"PTHR43261:SF1"	"RIBOSOME-RELEASING FACTOR 2, MITOCHONDRIAL"	3	692	"0.0"	"-"	"-"	""
"PPA1875"	697	"PANTHER"	"PTHR43261"	"TRANSLATION ELONGATION FACTOR G-RELATED"	3	692	"0.0"	"-"	"-"	""
"PPA1876"	156	"PANTHER"	"PTHR11205"	"RIBOSOMAL PROTEIN S7"	8	156	"9.8E-48"	"IPR000235"	"Ribosomal protein S5/S7"	"GO:0006412"
"PPA1876"	156	"PANTHER"	"PTHR11205:SF19"	"28S RIBOSOMAL PROTEIN S7, MITOCHONDRIAL"	8	156	"9.8E-48"	"-"	"-"	""
"PPA1878"	140	"PANTHER"	"PTHR11652"	"30S RIBOSOMAL PROTEIN S12 FAMILY MEMBER"	19	140	"2.5E-51"	"IPR006032"	"Ribosomal protein S12/S23"	"GO:0003735|GO:0005840|GO:0006412"
"PPA1878"	140	"PANTHER"	"PTHR11652:SF1"	"MITOCHONDRIAL RIBOSOMAL PROTEIN, SMALL"	19	140	"2.5E-51"	"-"	"-"	""
"PPA1883"	1293	"PANTHER"	"PTHR19376"	"DNA-DIRECTED RNA POLYMERASE"	8	1243	"0.0"	"IPR045867"	"DNA-directed RNA polymerase, subunit beta-prime"	"GO:0003899|GO:0006351"
"PPA1883"	1293	"PANTHER"	"PTHR19376:SF54"	"DNA-DIRECTED RNA POLYMERASE SUBUNIT BETA'"	8	1243	"0.0"	"-"	"-"	""
"PPA1884"	1159	"PANTHER"	"PTHR20856:SF20"	"DNA-DIRECTED RNA POLYMERASE SUBUNIT BETA"	38	1121	"0.0"	"-"	"-"	""
"PPA1884"	1159	"PANTHER"	"PTHR20856"	"DNA-DIRECTED RNA POLYMERASE I SUBUNIT 2"	38	1121	"0.0"	"IPR015712"	"DNA-directed RNA polymerase, subunit 2"	"GO:0003899|GO:0006351|GO:0032549"
"PPA1885"	130	"PANTHER"	"PTHR45987:SF16"	"50S RIBOSOMAL PROTEIN L12-1, CHLOROPLASTIC-RELATED"	5	129	"1.5E-39"	"-"	"-"	""
"PPA1885"	130	"PANTHER"	"PTHR45987"	"39S RIBOSOMAL PROTEIN L12"	5	129	"1.5E-39"	"IPR000206"	"Ribosomal protein L7/L12"	"GO:0003735|GO:0005840|GO:0006412"
"PPA1887"	243	"PANTHER"	"PTHR11560"	"39S RIBOSOMAL PROTEIN L10, MITOCHONDRIAL"	43	195	"2.1E-24"	"IPR001790"	"Ribosomal protein L10P"	"-"
"PPA1887"	243	"PANTHER"	"PTHR11560:SF8"	"39S RIBOSOMAL PROTEIN L10, MITOCHONDRIAL"	43	195	"2.1E-24"	"-"	"-"	""
"PPA1889"	232	"PANTHER"	"PTHR36427"	"54S RIBOSOMAL PROTEIN L1, MITOCHONDRIAL"	17	224	"5.6E-74"	"-"	"-"	""
"PPA1890"	143	"PANTHER"	"PTHR11661:SF10"	"RIBOSOMAL PROTEIN L11"	6	142	"1.0E-56"	"-"	"-"	""
"PPA1890"	143	"PANTHER"	"PTHR11661"	"60S RIBOSOMAL PROTEIN L12"	6	142	"1.0E-56"	"IPR000911"	"Ribosomal protein L11/L12"	"GO:0003735|GO:0005840|GO:0006412"
"PPA1891"	303	"PANTHER"	"PTHR30265"	"RHO-INTERACTING TRANSCRIPTION TERMINATION FACTOR NUSG"	114	303	"9.1E-61"	"IPR043425"	"NusG-like"	"-"
"PPA1891"	303	"PANTHER"	"PTHR30265:SF2"	"TRANSCRIPTION TERMINATION/ANTITERMINATION PROTEIN NUSG"	114	303	"9.1E-61"	"IPR001062"	"Transcription antitermination protein, NusG"	"GO:0032784"
"PPA1893"	421	"PANTHER"	"PTHR43799"	"AMINOTRANSFERASE, PUTATIVE-RELATED"	12	418	"3.3E-71"	"-"	"-"	""
"PPA1894"	376	"PANTHER"	"PTHR21071"	"UDP-N-ACETYLENOLPYRUVOYLGLUCOSAMINE REDUCTASE"	36	374	"3.2E-76"	"IPR003170"	"UDP-N-acetylenolpyruvoylglucosamine reductase"	"GO:0008762"
"PPA1894"	376	"PANTHER"	"PTHR21071:SF4"	"UDP-N-ACETYLENOLPYRUVOYLGLUCOSAMINE REDUCTASE"	36	374	"3.2E-76"	"-"	"-"	""
"PPA1895"	138	"PANTHER"	"PTHR43841:SF3"	"(3R)-HYDROXYACYL-ACP DEHYDRATASE SUBUNIT HADB"	7	134	"2.3E-33"	"-"	"-"	""
"PPA1895"	138	"PANTHER"	"PTHR43841"	"3-HYDROXYACYL-THIOESTER DEHYDRATASE HTDX-RELATED"	7	134	"2.3E-33"	"-"	"-"	""
"PPA1896"	142	"PANTHER"	"PTHR43437:SF7"	"UPF0336 PROTEIN SCO4636"	1	141	"2.2E-21"	"-"	"-"	""
"PPA1896"	142	"PANTHER"	"PTHR43437"	"HYDROXYACYL-THIOESTER DEHYDRATASE TYPE 2, MITOCHONDRIAL-RELATED"	1	141	"2.2E-21"	"-"	"-"	""
"PPA1897"	56	"PANTHER"	"PTHR43168"	"50S RIBOSOMAL PROTEIN L33, CHLOROPLASTIC"	3	56	"4.1E-17"	"IPR001705"	"Ribosomal protein L33"	"GO:0003735|GO:0005840|GO:0006412"
"PPA1898"	297	"PANTHER"	"PTHR43250"	"-"	1	296	"4.8E-46"	"IPR037493"	"Exodeoxyribonuclease III-like"	"GO:0006281|GO:0008853"
"PPA1899"	308	"PANTHER"	"PTHR43176:SF3"	"3-HYDROXYISOBUTYRYL-COA HYDROLASE, MITOCHONDRIAL"	10	307	"2.7E-43"	"-"	"-"	""
"PPA1899"	308	"PANTHER"	"PTHR43176"	"3-HYDROXYISOBUTYRYL-COA HYDROLASE-RELATED"	10	307	"2.7E-43"	"IPR032259"	"Enoyl-CoA hydratase/isomerase,  HIBYL-CoA-H type"	"GO:0003860"
"PPA1901"	102	"PANTHER"	"PTHR10849"	"NADH DEHYDROGENASE  UBIQUINONE  IRON-SULFUR PROTEIN 8, MITOCHONDRIAL"	6	92	"3.7E-17"	"IPR010226"	"NADH-quinone oxidoreductase, chain I"	"GO:0016020|GO:0016651|GO:0051539"
"PPA1901"	102	"PANTHER"	"PTHR10849:SF24"	"FORMATE HYDROGENLYASE SUBUNIT 6-RELATED"	6	92	"3.7E-17"	"-"	"-"	""
"PPA1903"	132	"PANTHER"	"PTHR11995"	"NADH DEHYDROGENASE"	2	122	"9.9E-17"	"-"	"-"	""
"PPA1903"	132	"PANTHER"	"PTHR11995:SF26"	"NADH-QUINONE OXIDOREDUCTASE SUBUNIT B 2"	2	122	"9.9E-17"	"-"	"-"	""
"PPA1904"	640	"PANTHER"	"PTHR32154"	"PYRUVATE-FLAVODOXIN OXIDOREDUCTASE-RELATED"	131	627	"0.0"	"-"	"-"	""
"PPA1904"	640	"PANTHER"	"PTHR32154:SF20"	"2-OXOGLUTARATE OXIDOREDUCTASE SUBUNIT KORA"	131	627	"0.0"	"-"	"-"	""
"PPA1905"	361	"PANTHER"	"PTHR48084:SF4"	"2-OXOGLUTARATE OXIDOREDUCTASE SUBUNIT KORB"	24	339	"1.2E-111"	"-"	"-"	""
"PPA1905"	361	"PANTHER"	"PTHR48084"	"2-OXOGLUTARATE OXIDOREDUCTASE SUBUNIT KORB-RELATED"	24	339	"1.2E-111"	"-"	"-"	""
"PPA1906"	687	"PANTHER"	"PTHR37981"	"LIPASE 2"	249	416	"3.1E-17"	"IPR037460"	"Streptomyces scabies esterase-like"	"GO:0016788"
"PPA1909"	660	"PANTHER"	"PTHR11733"	"ZINC METALLOPROTEASE FAMILY M13 NEPRILYSIN-RELATED"	5	660	"0.0"	"IPR000718"	"Peptidase M13"	"GO:0004222|GO:0006508"
"PPA1909"	660	"PANTHER"	"PTHR11733:SF211"	"ZINC METALLOPROTEASE ZMP1-RELATED"	5	660	"0.0"	"-"	"-"	""
"PPA1910"	407	"PANTHER"	"PTHR30489:SF0"	"LIPOPROTEIN-RELEASING SYSTEM TRANSMEMBRANE PROTEIN LOLE"	139	351	"6.6E-12"	"-"	"-"	""
"PPA1910"	407	"PANTHER"	"PTHR30489"	"LIPOPROTEIN-RELEASING SYSTEM TRANSMEMBRANE PROTEIN LOLE"	139	351	"6.6E-12"	"-"	"-"	""
"PPA1911"	189	"PANTHER"	"PTHR24220"	"IMPORT ATP-BINDING PROTEIN"	11	178	"9.6E-38"	"-"	"-"	""
"PPA1915"	273	"PANTHER"	"PTHR42939"	"ABC TRANSPORTER ATP-BINDING PROTEIN ALBC-RELATED"	35	260	"6.1E-46"	"-"	"-"	""
"PPA1915"	273	"PANTHER"	"PTHR42939:SF1"	"ABC TRANSPORTER ATP-BINDING PROTEIN ALBC-RELATED"	35	260	"6.1E-46"	"-"	"-"	""
"PPA1919"	306	"PANTHER"	"PTHR32308:SF10"	"CITRATE LYASE SUBUNIT BETA"	22	302	"1.0E-73"	"-"	"-"	""
"PPA1919"	306	"PANTHER"	"PTHR32308"	"LYASE BETA SUBUNIT, PUTATIVE (AFU_ORTHOLOGUE AFUA_4G13030)-RELATED"	22	302	"1.0E-73"	"-"	"-"	""
"PPA1920"	260	"PANTHER"	"PTHR43467"	"COBALT-PRECORRIN-2 C(20)-METHYLTRANSFERASE"	4	257	"1.4E-64"	"-"	"-"	""
"PPA1920"	260	"PANTHER"	"PTHR43467:SF1"	"PRECORRIN-6A SYNTHASE [DEACETYLATING]"	4	257	"1.4E-64"	"-"	"-"	""
"PPA1921"	324	"PANTHER"	"PTHR12001"	"GERANYLGERANYL PYROPHOSPHATE SYNTHASE"	6	323	"6.8E-70"	"-"	"-"	""
"PPA1921"	324	"PANTHER"	"PTHR12001:SF69"	"DECAPRENYL-DIPHOSPHATE SYNTHASE SUBUNIT 1"	6	323	"6.8E-70"	"-"	"-"	""
"PPA1922"	538	"PANTHER"	"PTHR22773:SF41"	"NADH-UBIQUINONE OXIDOREDUCTASE CHAIN 2"	26	534	"2.6E-105"	"-"	"-"	""
"PPA1922"	538	"PANTHER"	"PTHR22773"	"NADH DEHYDROGENASE"	26	534	"2.6E-105"	"-"	"-"	""
"PPA1923"	497	"PANTHER"	"PTHR43507"	"NADH-UBIQUINONE OXIDOREDUCTASE CHAIN 4"	2	487	"0.0"	"IPR003918"	"NADH:ubiquinone oxidoreductase"	"GO:0008137|GO:0042773"
"PPA1923"	497	"PANTHER"	"PTHR43507:SF16"	"NADH-QUINONE OXIDOREDUCTASE SUBUNIT M"	2	487	"0.0"	"-"	"-"	""
"PPA1924"	628	"PANTHER"	"PTHR42829:SF2"	"NADH-UBIQUINONE OXIDOREDUCTASE CHAIN 5"	11	620	"0.0"	"-"	"-"	""
"PPA1924"	628	"PANTHER"	"PTHR42829"	"NADH-UBIQUINONE OXIDOREDUCTASE CHAIN 5"	11	620	"0.0"	"IPR003945"	"NADH-quinone oxidoreductase, chain 5-like"	"GO:0008137|GO:0042773"
"PPA1925"	99	"PANTHER"	"PTHR11434"	"NADH-UBIQUINONE OXIDOREDUCTASE SUBUNIT ND4L"	5	98	"3.7E-28"	"IPR001133"	"NADH-ubiquinone oxidoreductase chain 4L/K"	"GO:0016651|GO:0042773"
"PPA1925"	99	"PANTHER"	"PTHR11434:SF16"	"NAD(P)H-QUINONE OXIDOREDUCTASE SUBUNIT 4L, CHLOROPLASTIC-RELATED"	5	98	"3.7E-28"	"-"	"-"	""
"PPA1926"	284	"PANTHER"	"PTHR33269"	"NADH-UBIQUINONE OXIDOREDUCTASE CHAIN 6"	18	196	"1.8E-43"	"-"	"-"	""
"PPA1926"	284	"PANTHER"	"PTHR33269:SF15"	"NADH-QUINONE OXIDOREDUCTASE SUBUNIT J"	18	196	"1.8E-43"	"-"	"-"	""
"PPA1928"	198	"PANTHER"	"PTHR10849:SF20"	"NADH DEHYDROGENASE [UBIQUINONE] IRON-SULFUR PROTEIN 8, MITOCHONDRIAL"	4	145	"2.2E-44"	"-"	"-"	""
"PPA1928"	198	"PANTHER"	"PTHR10849"	"NADH DEHYDROGENASE  UBIQUINONE  IRON-SULFUR PROTEIN 8, MITOCHONDRIAL"	4	145	"2.2E-44"	"IPR010226"	"NADH-quinone oxidoreductase, chain I"	"GO:0016020|GO:0016651|GO:0051539"
"PPA1929"	440	"PANTHER"	"PTHR11432"	"NADH DEHYDROGENASE SUBUNIT 1"	14	354	"1.9E-97"	"IPR001694"	"NADH:ubiquinone oxidoreductase, subunit 1/F420H2 oxidoreductase subunit H"	"GO:0016020"
"PPA1929"	440	"PANTHER"	"PTHR11432:SF3"	"NADH-UBIQUINONE OXIDOREDUCTASE CHAIN 1"	14	354	"1.9E-97"	"-"	"-"	""
"PPA1930"	812	"PANTHER"	"PTHR11615"	"NITRATE, FORMATE, IRON DEHYDROGENASE"	66	650	"6.3E-70"	"-"	"-"	""
"PPA1930"	812	"PANTHER"	"PTHR11615:SF216"	"NADH-QUINONE OXIDOREDUCTASE SUBUNIT G"	66	650	"6.3E-70"	"-"	"-"	""
"PPA1931"	444	"PANTHER"	"PTHR43578"	"NADH-QUINONE OXIDOREDUCTASE SUBUNIT F"	9	414	"0.0"	"-"	"-"	""
"PPA1932"	261	"PANTHER"	"PTHR10371"	"NADH DEHYDROGENASE  UBIQUINONE  FLAVOPROTEIN 2, MITOCHONDRIAL"	31	231	"2.5E-50"	"-"	"-"	""
"PPA1933"	433	"PANTHER"	"PTHR11993:SF36"	"NADH-QUINONE OXIDOREDUCTASE SUBUNIT C/D"	15	433	"0.0"	"-"	"-"	""
"PPA1933"	433	"PANTHER"	"PTHR11993"	"NADH-UBIQUINONE OXIDOREDUCTASE 49 KDA SUBUNIT"	15	433	"0.0"	"IPR022885"	"NAD(P)H-quinone oxidoreductase subunit D/H"	"GO:0016651"
"PPA1934"	274	"PANTHER"	"PTHR10884"	"NADH DEHYDROGENASE  UBIQUINONE  IRON-SULFUR PROTEIN 3"	93	255	"4.9E-45"	"-"	"-"	""
"PPA1935"	185	"PANTHER"	"PTHR11995"	"NADH DEHYDROGENASE"	10	153	"7.8E-65"	"-"	"-"	""
"PPA1935"	185	"PANTHER"	"PTHR11995:SF14"	"NADH DEHYDROGENASE [UBIQUINONE] IRON-SULFUR PROTEIN 7, MITOCHONDRIAL"	10	153	"7.8E-65"	"-"	"-"	""
"PPA1936"	119	"PANTHER"	"PTHR11058"	"NADH-UBIQUINONE OXIDOREDUCTASE CHAIN 3"	1	119	"9.0E-29"	"IPR000440"	"NADH:ubiquinone/plastoquinone oxidoreductase, chain 3"	"GO:0008137"
"PPA1936"	119	"PANTHER"	"PTHR11058:SF9"	"NADH-UBIQUINONE OXIDOREDUCTASE CHAIN 3"	1	119	"9.0E-29"	"-"	"-"	""
"PPA1938"	420	"PANTHER"	"PTHR42685:SF4"	"CONDITIONED MEDIUM FACTOR RECEPTOR 1"	3	416	"1.1E-59"	"-"	"-"	""
"PPA1938"	420	"PANTHER"	"PTHR42685"	"GERANYLGERANYL DIPHOSPHATE REDUCTASE"	3	416	"1.1E-59"	"-"	"-"	""
"PPA1940"	428	"PANTHER"	"PTHR42839"	"ISOCHORISMATE SYNTHASE ENTC"	59	390	"2.5E-32"	"-"	"-"	""
"PPA1942"	214	"PANTHER"	"PTHR43335"	"ABC TRANSPORTER, ATP-BINDING PROTEIN"	7	203	"1.4E-49"	"-"	"-"	""
"PPA1943"	340	"PANTHER"	"PTHR43591"	"METHYLTRANSFERASE"	92	319	"2.3E-50"	"-"	"-"	""
"PPA1943"	340	"PANTHER"	"PTHR43591:SF24"	"2-METHOXY-6-POLYPRENYL-1,4-BENZOQUINOL METHYLASE, MITOCHONDRIAL"	92	319	"2.3E-50"	"-"	"-"	""
"PPA1945"	292	"PANTHER"	"PTHR13929:SF0"	"UBIA PRENYLTRANSFERASE DOMAIN-CONTAINING PROTEIN 1"	4	290	"3.8E-50"	"-"	"-"	""
"PPA1945"	292	"PANTHER"	"PTHR13929"	"1,4-DIHYDROXY-2-NAPHTHOATE OCTAPRENYLTRANSFERASE"	4	290	"3.8E-50"	"IPR026046"	"UbiA prenyltransferase domain containing protein 1"	"GO:0004659"
"PPA1946"	428	"PANTHER"	"PTHR23513:SF11"	"STAPHYLOFERRIN A TRANSPORTER"	2	390	"2.3E-91"	"-"	"-"	""
"PPA1946"	428	"PANTHER"	"PTHR23513"	"INTEGRAL MEMBRANE EFFLUX PROTEIN-RELATED"	2	390	"2.3E-91"	"-"	"-"	""
"PPA1947"	342	"PANTHER"	"PTHR28629"	"TRIOKINASE/FMN CYCLASE"	10	339	"3.1E-104"	"-"	"-"	""
"PPA1947"	342	"PANTHER"	"PTHR28629:SF4"	"TRIOKINASE/FMN CYCLASE"	10	339	"3.1E-104"	"-"	"-"	""
"PPA1948"	214	"PANTHER"	"PTHR28629"	"TRIOKINASE/FMN CYCLASE"	4	202	"2.0E-46"	"-"	"-"	""
"PPA1948"	214	"PANTHER"	"PTHR28629:SF14"	"DIHYDROXYACETONE KINASE, L SUBUNIT"	4	202	"2.0E-46"	"-"	"-"	""
"PPA1949"	141	"PANTHER"	"PTHR38594"	"PEP-DEPENDENT DIHYDROXYACETONE KINASE, PHOSPHORYL DONOR SUBUNIT DHAM"	6	132	"4.6E-37"	"IPR039643"	"Dihydroxyacetone kinase phosphotransferase subunit DhaM"	"GO:0019563|GO:0047324"
"PPA1950"	152	"PANTHER"	"PTHR11086:SF18"	"DEOXYCYTIDYLATE DEAMINASE"	12	134	"2.9E-25"	"-"	"-"	""
"PPA1950"	152	"PANTHER"	"PTHR11086"	"DEOXYCYTIDYLATE DEAMINASE-RELATED"	12	134	"2.9E-25"	"IPR015517"	"Deoxycytidylate deaminase-related"	"-"
"PPA1951"	311	"PANTHER"	"PTHR43840:SF15"	"MITOCHONDRIAL METAL TRANSPORTER 1-RELATED"	21	292	"8.5E-57"	"-"	"-"	""
"PPA1951"	311	"PANTHER"	"PTHR43840"	"MITOCHONDRIAL METAL TRANSPORTER 1-RELATED"	21	292	"8.5E-57"	"-"	"-"	""
"PPA1952"	321	"PANTHER"	"PTHR43128:SF7"	"L-2-HYDROXYCARBOXYLATE DEHYDROGENASE (NAD(P)(+))"	7	315	"1.5E-65"	"-"	"-"	""
"PPA1952"	321	"PANTHER"	"PTHR43128"	"L-2-HYDROXYCARBOXYLATE DEHYDROGENASE (NAD(P)(+))"	7	315	"1.5E-65"	"-"	"-"	""
"PPA1953"	500	"PANTHER"	"PTHR14226"	"NEUROPATHY TARGET ESTERASE/SWISS CHEESE D.MELANOGASTER"	20	87	"5.4E-19"	"-"	"-"	""
"PPA1953"	500	"PANTHER"	"PTHR14226"	"NEUROPATHY TARGET ESTERASE/SWISS CHEESE D.MELANOGASTER"	274	454	"5.4E-19"	"-"	"-"	""
"PPA1954"	272	"PANTHER"	"PTHR19288"	"4-NITROPHENYLPHOSPHATASE-RELATED"	20	270	"3.9E-96"	"-"	"-"	""
"PPA1954"	272	"PANTHER"	"PTHR19288:SF81"	"RIBONUCLEOTIDE MONOPHOSPHATASE NAGD"	20	270	"3.9E-96"	"-"	"-"	""
"PPA1957"	377	"PANTHER"	"PTHR18964:SF149"	"BIFUNCTIONAL UDP-N-ACETYLGLUCOSAMINE 2-EPIMERASE/N-ACETYLMANNOSAMINE KINASE"	269	370	"1.3E-29"	"-"	"-"	""
"PPA1957"	377	"PANTHER"	"PTHR18964:SF149"	"BIFUNCTIONAL UDP-N-ACETYLGLUCOSAMINE 2-EPIMERASE/N-ACETYLMANNOSAMINE KINASE"	19	250	"1.3E-29"	"-"	"-"	""
"PPA1957"	377	"PANTHER"	"PTHR18964"	"ROK (REPRESSOR, ORF, KINASE) FAMILY"	269	370	"1.3E-29"	"IPR000600"	"ROK family"	"-"
"PPA1957"	377	"PANTHER"	"PTHR18964"	"ROK (REPRESSOR, ORF, KINASE) FAMILY"	19	250	"1.3E-29"	"IPR000600"	"ROK family"	"-"
"PPA1959"	311	"PANTHER"	"PTHR43227"	"BLL4140 PROTEIN"	12	304	"2.0E-55"	"-"	"-"	""
"PPA1960"	308	"PANTHER"	"PTHR43744"	"ABC TRANSPORTER PERMEASE PROTEIN MG189-RELATED-RELATED"	37	308	"1.3E-74"	"-"	"-"	""
"PPA1960"	308	"PANTHER"	"PTHR43744:SF12"	"ABC TRANSPORTER PERMEASE PROTEIN MG189-RELATED"	37	308	"1.3E-74"	"-"	"-"	""
"PPA1961"	440	"PANTHER"	"PTHR43649"	"ARABINOSE-BINDING PROTEIN-RELATED"	9	416	"1.6E-50"	"-"	"-"	""
"PPA1962"	415	"PANTHER"	"PTHR47359:SF3"	"PEPTIDOGLYCAN DL-ENDOPEPTIDASE CWLO"	266	402	"3.7E-36"	"-"	"-"	""
"PPA1962"	415	"PANTHER"	"PTHR47359"	"PEPTIDOGLYCAN DL-ENDOPEPTIDASE CWLO"	266	402	"3.7E-36"	"-"	"-"	""
"PPA1964"	308	"PANTHER"	"PTHR43879"	"ABC TRANSPORTER PERMEASE PROTEIN"	36	308	"8.9E-71"	"-"	"-"	""
"PPA1965"	298	"PANTHER"	"PTHR30193"	"ABC TRANSPORTER PERMEASE PROTEIN"	5	295	"7.4E-77"	"-"	"-"	""
"PPA1965"	298	"PANTHER"	"PTHR30193:SF42"	"ABC TRANSPORTER PERMEASE PROTEIN"	5	295	"7.4E-77"	"-"	"-"	""
"PPA1966"	435	"PANTHER"	"PTHR43649"	"ARABINOSE-BINDING PROTEIN-RELATED"	1	432	"6.7E-62"	"-"	"-"	""
"PPA1966"	435	"PANTHER"	"PTHR43649:SF9"	"ABC TRANSPORTER SUBSTRATE-BINDING PROTEIN"	1	432	"6.7E-62"	"-"	"-"	""
"PPA1967"	318	"PANTHER"	"PTHR11614"	"PHOSPHOLIPASE-RELATED"	3	317	"2.5E-53"	"-"	"-"	""
"PPA1967"	318	"PANTHER"	"PTHR11614:SF170"	"-"	3	317	"2.5E-53"	"-"	"-"	""
"PPA1969"	355	"PANTHER"	"PTHR10520"	"TRIFUNCTIONAL PURINE BIOSYNTHETIC PROTEIN ADENOSINE-3-RELATED"	3	342	"2.4E-121"	"IPR004733"	"Phosphoribosylformylglycinamidine cyclo-ligase"	"GO:0004641|GO:0006189"
"PPA1970"	495	"PANTHER"	"PTHR11907:SF0"	"AMIDOPHOSPHORIBOSYLTRANSFERASE"	19	475	"0.0"	"-"	"-"	""
"PPA1970"	495	"PANTHER"	"PTHR11907"	"AMIDOPHOSPHORIBOSYLTRANSFERASE"	19	475	"0.0"	"-"	"-"	""
"PPA1971"	414	"PANTHER"	"PTHR23542"	"-"	7	411	"7.6E-53"	"-"	"-"	""
"PPA1972"	447	"PANTHER"	"PTHR43270"	"BETA-ALA-HIS DIPEPTIDASE"	8	445	"0.0"	"-"	"-"	""
"PPA1972"	447	"PANTHER"	"PTHR43270:SF3"	"PEPTIDASE-RELATED"	8	445	"0.0"	"-"	"-"	""
"PPA1973"	255	"PANTHER"	"PTHR10264"	"BAND 7 PROTEIN-RELATED"	4	252	"2.3E-90"	"IPR043202"	"Band-7 stomatin-like"	"GO:0005886"
"PPA1975"	748	"PANTHER"	"PTHR10422:SF38"	"CYTOCHROME B SUBUNIT OF NITRIC OXIDE REDUCTASE"	6	701	"8.1E-127"	"-"	"-"	""
"PPA1975"	748	"PANTHER"	"PTHR10422"	"CYTOCHROME C OXIDASE SUBUNIT 1"	6	701	"8.1E-127"	"IPR000883"	"Cytochrome c oxidase subunit I"	"GO:0004129|GO:0009060|GO:0016021|GO:0020037"
"PPA1976"	695	"PANTHER"	"PTHR11236:SF18"	"AMINODEOXYCHORISMATE SYNTHASE"	2	682	"0.0"	"-"	"-"	""
"PPA1976"	695	"PANTHER"	"PTHR11236"	"AMINOBENZOATE/ANTHRANILATE SYNTHASE"	2	682	"0.0"	"IPR019999"	"Anthranilate synthase component I-like"	"GO:0009058"
"PPA1977"	750	"PANTHER"	"PTHR43555"	"PHOSPHORIBOSYLFORMYLGLYCINAMIDINE SYNTHASE SUBUNIT PURL"	14	748	"0.0"	"IPR010074"	"Phosphoribosylformylglycinamidine subunit PurL"	"GO:0004642|GO:0006189"
"PPA1978"	415	"PANTHER"	"PTHR23512"	"MAJOR FACILITATOR SUPERFAMILY DOMAIN-CONTAINING PROTEIN 1"	16	326	"5.7E-19"	"-"	"-"	""
"PPA1979"	844	"PANTHER"	"PTHR11533"	"PROTEASE M1 ZINC METALLOPROTEASE"	103	787	"2.3E-101"	"-"	"-"	""
"PPA1979"	844	"PANTHER"	"PTHR11533:SF174"	"PUROMYCIN-SENSITIVE AMINOPEPTIDASE-RELATED"	103	787	"2.3E-101"	"-"	"-"	""
"PPA1981"	468	"PANTHER"	"PTHR43014"	"MERCURIC REDUCTASE"	21	461	"1.8E-102"	"-"	"-"	""
"PPA1983"	687	"PANTHER"	"PTHR37981"	"LIPASE 2"	249	416	"3.1E-17"	"IPR037460"	"Streptomyces scabies esterase-like"	"GO:0016788"
"PPA1986"	359	"PANTHER"	"PTHR43190:SF3"	"N-ACETYL-D-GLUCOSAMINE KINASE"	47	343	"8.1E-34"	"-"	"-"	""
"PPA1986"	359	"PANTHER"	"PTHR43190"	"N-ACETYL-D-GLUCOSAMINE KINASE"	47	343	"8.1E-34"	"-"	"-"	""
"PPA1987"	224	"PANTHER"	"PTHR47552"	"PHOSPHORIBOSYLFORMYLGLYCINAMIDINE SYNTHASE SUBUNIT PURQ"	3	219	"6.0E-86"	"-"	"-"	""
"PPA1988"	421	"PANTHER"	"PTHR43700"	"PHOSPHORIBOSYLAMINOIMIDAZOLE-SUCCINOCARBOXAMIDE SYNTHASE"	7	301	"8.2E-96"	"-"	"-"	""
"PPA1988"	421	"PANTHER"	"PTHR43700:SF1"	"PHOSPHORIBOSYLAMINOIMIDAZOLE-SUCCINOCARBOXAMIDE SYNTHASE"	7	301	"8.2E-96"	"-"	"-"	""
"PPA1989"	187	"PANTHER"	"PTHR10681"	"THIOREDOXIN PEROXIDASE"	1	185	"1.8E-71"	"-"	"-"	""
"PPA1989"	187	"PANTHER"	"PTHR10681:SF121"	"ALKYL HYDROPEROXIDE REDUCTASE C"	1	185	"1.8E-71"	"IPR017559"	"Alkyl hydroperoxide reductase subunit C"	"GO:0006979|GO:0051920"
"PPA1990"	568	"PANTHER"	"PTHR48105:SF6"	"ALKYL HYDROPEROXIDE REDUCTASE SUBUNIT F"	97	563	"0.0"	"-"	"-"	""
"PPA1990"	568	"PANTHER"	"PTHR48105"	"THIOREDOXIN REDUCTASE 1-RELATED-RELATED"	97	563	"0.0"	"-"	"-"	""
"PPA1991"	314	"PANTHER"	"PTHR30346"	"TRANSCRIPTIONAL DUAL REGULATOR HCAR-RELATED"	1	295	"4.4E-80"	"-"	"-"	""
"PPA1991"	314	"PANTHER"	"PTHR30346:SF26"	"HYDROGEN PEROXIDE-INDUCIBLE GENES ACTIVATOR"	1	295	"4.4E-80"	"-"	"-"	""
"PPA1992"	477	"PANTHER"	"PTHR43172"	"ADENYLOSUCCINATE LYASE"	3	464	"2.4E-116"	"-"	"-"	""
"PPA1993"	439	"PANTHER"	"PTHR43472"	"PHOSPHORIBOSYLAMINE--GLYCINE LIGASE"	1	412	"0.0"	"IPR000115"	"Phosphoribosylglycinamide synthetase"	"GO:0004637|GO:0009113"
"PPA1993"	439	"PANTHER"	"PTHR43472:SF1"	"PHOSPHORIBOSYLAMINE--GLYCINE LIGASE, CHLOROPLASTIC"	1	412	"0.0"	"-"	"-"	""
"PPA1994"	428	"PANTHER"	"PTHR11846"	"ADENYLOSUCCINATE SYNTHETASE"	4	421	"0.0"	"IPR001114"	"Adenylosuccinate synthetase"	"GO:0000166|GO:0004019|GO:0006164"
"PPA1996"	244	"PANTHER"	"PTHR43537"	"TRANSCRIPTIONAL REGULATOR, GNTR FAMILY"	17	235	"3.4E-23"	"-"	"-"	""
"PPA1997"	229	"PANTHER"	"PTHR36204"	"N-ACETYLMANNOSAMINE-6-PHOSPHATE 2-EPIMERASE-RELATED"	8	228	"5.4E-73"	"IPR007260"	"Putative N-acetylmannosamine-6-phosphate epimerase"	"GO:0006051|GO:0047465"
"PPA1998"	306	"PANTHER"	"PTHR42849"	"N-ACETYLNEURAMINATE LYASE"	2	303	"4.2E-51"	"-"	"-"	""
"PPA2000"	534	"PANTHER"	"PTHR23508:SF3"	"SIALIC ACID TRANSPORTER NANT"	10	517	"0.0"	"-"	"-"	""
"PPA2000"	534	"PANTHER"	"PTHR23508"	"CARBOXYLIC ACID TRANSPORTER PROTEIN HOMOLOG"	10	517	"0.0"	"-"	"-"	""
"PPA2003"	620	"PANTHER"	"PTHR42908"	"TRANSLATION ELONGATION FACTOR-RELATED"	3	609	"0.0"	"-"	"-"	""
"PPA2003"	620	"PANTHER"	"PTHR42908:SF8"	"ELONGATION FACTOR TYPA-LIKE SVR3, CHLOROPLASTIC-RELATED"	3	609	"0.0"	"IPR006298"	"GTP-binding protein TypA"	"GO:0005525"
"PPA2004"	178	"PANTHER"	"PTHR30582:SF2"	"L,D-TRANSPEPTIDASE YCIB-RELATED"	54	177	"3.3E-26"	"-"	"-"	""
"PPA2004"	178	"PANTHER"	"PTHR30582"	"L,D-TRANSPEPTIDASE"	54	177	"3.3E-26"	"-"	"-"	""
"PPA2005"	120	"PANTHER"	"PTHR45266"	"OXALOACETATE DECARBOXYLASE ALPHA CHAIN"	3	119	"2.3E-23"	"-"	"-"	""
"PPA2007"	524	"PANTHER"	"PTHR43842"	"PROPIONYL-COA CARBOXYLASE BETA CHAIN"	8	523	"0.0"	"-"	"-"	""
"PPA2008"	497	"PANTHER"	"PTHR45266"	"OXALOACETATE DECARBOXYLASE ALPHA CHAIN"	9	495	"0.0"	"-"	"-"	""
"PPA2009"	452	"PANTHER"	"PTHR43531"	"PROTEIN ICFG"	10	127	"7.0E-23"	"-"	"-"	""
"PPA2009"	452	"PANTHER"	"PTHR43531:SF7"	"AEROTAXIS RECEPTOR"	10	127	"7.0E-23"	"-"	"-"	""
"PPA2011"	341	"PANTHER"	"PTHR30559"	"FRUCTOSE-BISPHOSPHATE ALDOLASE CLASS 2"	2	337	"6.9E-120"	"IPR006411"	"Fructose-bisphosphate aldolase, class II, yeast/E. coli subtype"	"GO:0004332|GO:0006096"
"PPA2011"	341	"PANTHER"	"PTHR30559:SF0"	"FRUCTOSE-BISPHOSPHATE ALDOLASE"	2	337	"6.9E-120"	"-"	"-"	""
"PPA2013"	196	"PANTHER"	"PTHR43191"	"RRNA METHYLTRANSFERASE 3,"	37	188	"1.8E-23"	"-"	"-"	""
"PPA2013"	196	"PANTHER"	"PTHR43191:SF4"	"RNA METHYLASE-RELATED"	37	188	"1.8E-23"	"-"	"-"	""
"PPA2014"	264	"PANTHER"	"PTHR30353"	"INNER MEMBRANE PROTEIN DEDA-RELATED"	24	251	"3.8E-48"	"IPR032818"	"DedA family"	"-"
"PPA2014"	264	"PANTHER"	"PTHR30353:SF0"	"TRANSMEMBRANE PROTEIN"	24	251	"3.8E-48"	"-"	"-"	""
"PPA2020"	503	"PANTHER"	"PTHR24064"	"SOLUTE CARRIER FAMILY 22 MEMBER"	24	478	"5.4E-68"	"-"	"-"	""
"PPA2020"	503	"PANTHER"	"PTHR24064:SF464"	"SUGAR TRANSPORT PROTEIN-RELATED"	24	478	"5.4E-68"	"-"	"-"	""
"PPA2021"	857	"PANTHER"	"PTHR11638:SF18"	"CHAPERONE PROTEIN CLPB3, CHLOROPLASTIC"	3	850	"0.0"	"-"	"-"	""
"PPA2021"	857	"PANTHER"	"PTHR11638"	"ATP-DEPENDENT CLP PROTEASE"	3	850	"0.0"	"-"	"-"	""
"PPA2022"	452	"PANTHER"	"PTHR30588"	"BRANCHED-CHAIN AMINO ACID TRANSPORT SYSTEM 2 CARRIER PROTEIN"	7	436	"4.3E-125"	"IPR004685"	"Branched-chain amino acid transport system II carrier protein"	"GO:0015658|GO:0015803|GO:0016021"
"PPA2024"	302	"PANTHER"	"PTHR11627"	"FRUCTOSE-BISPHOSPHATE ALDOLASE"	8	287	"1.9E-29"	"IPR000741"	"Fructose-bisphosphate aldolase, class-I"	"GO:0004332|GO:0006096"
"PPA2024"	302	"PANTHER"	"PTHR11627:SF42"	"FI19327P1-RELATED"	8	287	"1.9E-29"	"-"	"-"	""
"PPA2025"	222	"PANTHER"	"PTHR30466"	"FLAVIN REDUCTASE"	63	220	"8.5E-23"	"-"	"-"	""
"PPA2025"	222	"PANTHER"	"PTHR30466:SF11"	"FLAVIN-DEPENDENT MONOOXYGENASE, REDUCTASE SUBUNIT HSAB"	63	220	"8.5E-23"	"-"	"-"	""
"PPA2026"	403	"PANTHER"	"PTHR11706:SF33"	"MANGANESE TRANSPORTER SMF1"	3	402	"2.4E-108"	"-"	"-"	""
"PPA2026"	403	"PANTHER"	"PTHR11706"	"SOLUTE CARRIER PROTEIN FAMILY 11 MEMBER"	3	402	"2.4E-108"	"IPR001046"	"NRAMP family"	"GO:0016020|GO:0030001|GO:0046873"
"PPA2027"	425	"PANTHER"	"PTHR24421:SF10"	"NITRATE/NITRITE SENSOR PROTEIN NARX"	55	424	"1.7E-57"	"-"	"-"	""
"PPA2027"	425	"PANTHER"	"PTHR24421"	"NITRATE/NITRITE SENSOR PROTEIN NARX-RELATED"	55	424	"1.7E-57"	"-"	"-"	""
"PPA2028"	224	"PANTHER"	"PTHR43214:SF24"	"NITRATE/NITRITE RESPONSE REGULATOR PROTEIN NARL"	3	220	"1.5E-57"	"-"	"-"	""
"PPA2028"	224	"PANTHER"	"PTHR43214"	"TWO-COMPONENT RESPONSE REGULATOR"	3	220	"1.5E-57"	"-"	"-"	""
"PPA2030"	244	"PANTHER"	"PTHR24220:SF86"	"ABC TRANSPORTER ABCH.1"	6	240	"1.3E-75"	"-"	"-"	""
"PPA2030"	244	"PANTHER"	"PTHR24220"	"IMPORT ATP-BINDING PROTEIN"	6	240	"1.3E-75"	"-"	"-"	""
"PPA2031"	807	"PANTHER"	"PTHR30572"	"MEMBRANE COMPONENT OF TRANSPORTER-RELATED"	561	807	"2.3E-67"	"-"	"-"	""
"PPA2031"	807	"PANTHER"	"PTHR30572"	"MEMBRANE COMPONENT OF TRANSPORTER-RELATED"	4	368	"2.3E-67"	"-"	"-"	""
"PPA2032"	157	"PANTHER"	"PTHR43736"	"ADP-RIBOSE PYROPHOSPHATASE"	24	134	"3.9E-14"	"-"	"-"	""
"PPA2033"	452	"PANTHER"	"PTHR43495"	"GABA PERMEASE"	3	450	"0.0"	"-"	"-"	""
"PPA2034"	525	"PANTHER"	"PTHR30445:SF3"	"TRANSPORT PROTEIN YIDE-RELATED"	11	523	"6.5E-82"	"-"	"-"	""
"PPA2034"	525	"PANTHER"	"PTHR30445"	"UNCHARACTERIZED"	11	523	"6.5E-82"	"-"	"-"	""
"PPA2035"	347	"PANTHER"	"PTHR43401"	"L-THREONINE 3-DEHYDROGENASE"	5	346	"1.3E-71"	"-"	"-"	""
"PPA2035"	347	"PANTHER"	"PTHR43401:SF2"	"L-THREONINE 3-DEHYDROGENASE"	5	346	"1.3E-71"	"-"	"-"	""
"PPA2037"	153	"PANTHER"	"PTHR30204"	"REDOX-CYCLING DRUG-SENSING TRANSCRIPTIONAL ACTIVATOR SOXR"	23	114	"9.2E-26"	"-"	"-"	""
"PPA2037"	153	"PANTHER"	"PTHR30204:SF58"	"HTH-TYPE TRANSCRIPTIONAL REGULATOR YFMP"	23	114	"9.2E-26"	"-"	"-"	""
"PPA2038"	380	"PANTHER"	"PTHR43096"	"DNAJ HOMOLOG 1, MITOCHONDRIAL-RELATED"	1	375	"0.0"	"-"	"-"	""
"PPA2038"	380	"PANTHER"	"PTHR43096:SF54"	"CHAPERONE PROTEIN DNAJ 1"	1	375	"0.0"	"-"	"-"	""
"PPA2039"	221	"PANTHER"	"PTHR21237:SF23"	"GRPE PROTEIN HOMOLOG, MITOCHONDRIAL"	20	190	"6.3E-32"	"-"	"-"	""
"PPA2039"	221	"PANTHER"	"PTHR21237"	"GRPE PROTEIN"	20	190	"6.3E-32"	"IPR000740"	"GrpE nucleotide exchange factor"	"GO:0000774|GO:0006457|GO:0042803|GO:0051087"
"PPA2040"	617	"PANTHER"	"PTHR19375:SF211"	"70 KDA HEAT SHOCK PROTEIN"	84	589	"0.0"	"-"	"-"	""
"PPA2040"	617	"PANTHER"	"PTHR19375:SF211"	"70 KDA HEAT SHOCK PROTEIN"	3	84	"0.0"	"-"	"-"	""
"PPA2040"	617	"PANTHER"	"PTHR19375"	"HEAT SHOCK PROTEIN 70KDA"	84	589	"0.0"	"IPR013126"	"Heat shock protein 70 family"	"GO:0005524|GO:0140662"
"PPA2040"	617	"PANTHER"	"PTHR19375"	"HEAT SHOCK PROTEIN 70KDA"	3	84	"0.0"	"IPR013126"	"Heat shock protein 70 family"	"GO:0005524|GO:0140662"
"PPA2042"	381	"PANTHER"	"PTHR11101"	"PHOSPHATE TRANSPORTER"	1	350	"0.0"	"IPR001204"	"Phosphate transporter"	"GO:0005315|GO:0006817|GO:0016020"
"PPA2042"	381	"PANTHER"	"PTHR11101:SF54"	"LOW-AFFINITY INORGANIC PHOSPHATE TRANSPORTER-RELATED"	1	350	"0.0"	"-"	"-"	""
"PPA2043"	243	"PANTHER"	"PTHR48111:SF28"	"TRANSCRIPTIONAL REGULATORY PROTEIN TCRX-RELATED"	8	243	"1.4E-116"	"-"	"-"	""
"PPA2043"	243	"PANTHER"	"PTHR48111"	"REGULATOR OF RPOS"	8	243	"1.4E-116"	"IPR039420"	"Transcriptional regulatory protein WalR-like"	"-"
"PPA2045"	224	"PANTHER"	"PTHR10889:SF1"	"ALDOLASE, PUTATIVE (AFU_ORTHOLOGUE AFUA_3G06590)-RELATED"	7	221	"1.1E-76"	"IPR028581"	"Deoxyribose-phosphate aldolase type I"	"GO:0004139"
"PPA2045"	224	"PANTHER"	"PTHR10889"	"DEOXYRIBOSE-PHOSPHATE ALDOLASE"	7	221	"1.1E-76"	"IPR011343"	"Deoxyribose-phosphate aldolase"	"GO:0004139|GO:0005737|GO:0009264"
"PPA2048"	883	"PANTHER"	"PTHR22931"	"PHOSPHOENOLPYRUVATE DIKINASE-RELATED"	1	877	"0.0"	"IPR010121"	"Pyruvate, phosphate dikinase"	"GO:0006090|GO:0050242"
"PPA2049"	294	"PANTHER"	"PTHR31756:SF3"	"PYRUVATE, PHOSPHATE DIKINASE REGULATORY PROTEIN 1, CHLOROPLASTIC"	5	279	"2.1E-75"	"-"	"-"	""
"PPA2049"	294	"PANTHER"	"PTHR31756"	"PYRUVATE, PHOSPHATE DIKINASE REGULATORY PROTEIN 1, CHLOROPLASTIC"	5	279	"2.1E-75"	"IPR005177"	"Bifunctional kinase-pyrophosphorylase"	"GO:0005524|GO:0016772"
"PPA2050"	334	"PANTHER"	"PTHR47816"	"RIBOSOMAL RNA SMALL SUBUNIT METHYLTRANSFERASE C"	71	334	"2.1E-49"	"-"	"-"	""
"PPA2051"	285	"PANTHER"	"PTHR43344"	"PHOSPHOSERINE PHOSPHATASE"	75	267	"5.8E-50"	"-"	"-"	""
"PPA2051"	285	"PANTHER"	"PTHR43344:SF2"	"PHOSPHOSERINE PHOSPHATASE"	75	267	"5.8E-50"	"-"	"-"	""
"PPA2052"	269	"PANTHER"	"PTHR11122:SF13"	"GLUCOSE-6-PHOSPHATE 1-EPIMERASE"	13	267	"1.7E-30"	"-"	"-"	""
"PPA2052"	269	"PANTHER"	"PTHR11122"	"APOSPORY-ASSOCIATED PROTEIN C-RELATED"	13	267	"1.7E-30"	"-"	"-"	""
"PPA2053"	504	"PANTHER"	"PTHR43609"	"ACETYL-COA HYDROLASE"	2	503	"0.0"	"-"	"-"	""
"PPA2054"	466	"PANTHER"	"PTHR11895"	"TRANSAMIDASE"	5	299	"5.7E-77"	"IPR000120"	"Amidase"	"GO:0003824"
"PPA2054"	466	"PANTHER"	"PTHR11895"	"TRANSAMIDASE"	356	456	"5.7E-77"	"IPR000120"	"Amidase"	"GO:0003824"
"PPA2054"	466	"PANTHER"	"PTHR11895:SF7"	"GLUTAMYL-TRNA(GLN) AMIDOTRANSFERASE SUBUNIT A, MITOCHONDRIAL"	356	456	"5.7E-77"	"-"	"-"	""
"PPA2054"	466	"PANTHER"	"PTHR11895:SF7"	"GLUTAMYL-TRNA(GLN) AMIDOTRANSFERASE SUBUNIT A, MITOCHONDRIAL"	5	299	"5.7E-77"	"-"	"-"	""
"PPA2055"	333	"PANTHER"	"PTHR30146:SF109"	"HTH-TYPE TRANSCRIPTIONAL REGULATOR MALR"	9	328	"7.7E-57"	"-"	"-"	""
"PPA2055"	333	"PANTHER"	"PTHR30146"	"LACI-RELATED TRANSCRIPTIONAL REPRESSOR"	9	328	"7.7E-57"	"-"	"-"	""
"PPA2057"	603	"PANTHER"	"PTHR43053:SF10"	"ALPHA-1,4-GALACTOSIDASE (EUROFUNG)"	8	559	"5.7E-103"	"-"	"-"	""
"PPA2057"	603	"PANTHER"	"PTHR43053"	"GLYCOSIDASE FAMILY 31"	8	559	"5.7E-103"	"-"	"-"	""
"PPA2058"	436	"PANTHER"	"PTHR43649"	"ARABINOSE-BINDING PROTEIN-RELATED"	3	422	"2.2E-37"	"-"	"-"	""
"PPA2058"	436	"PANTHER"	"PTHR43649:SF5"	"SRRA"	3	422	"2.2E-37"	"-"	"-"	""
"PPA2059"	300	"PANTHER"	"PTHR30193"	"ABC TRANSPORTER PERMEASE PROTEIN"	10	297	"2.2E-73"	"-"	"-"	""
"PPA2060"	271	"PANTHER"	"PTHR32243:SF24"	"ABC TRANSPORTER PERMEASE PROTEIN AMYC-RELATED"	11	271	"4.0E-55"	"-"	"-"	""
"PPA2060"	271	"PANTHER"	"PTHR32243"	"MALTOSE TRANSPORT SYSTEM PERMEASE-RELATED"	11	271	"4.0E-55"	"-"	"-"	""
"PPA2062"	397	"PANTHER"	"PTHR18964:SF168"	"N-ACETYLMANNOSAMINE KINASE"	28	381	"7.0E-74"	"-"	"-"	""
"PPA2062"	397	"PANTHER"	"PTHR18964"	"ROK (REPRESSOR, ORF, KINASE) FAMILY"	28	381	"7.0E-74"	"IPR000600"	"ROK family"	"-"
"PPA2063"	598	"PANTHER"	"PTHR30290"	"PERIPLASMIC BINDING COMPONENT OF ABC TRANSPORTER"	1	595	"1.8E-64"	"IPR039424"	"Solute-binding protein family 5"	"-"
"PPA2064"	319	"PANTHER"	"PTHR30465"	"INNER MEMBRANE ABC TRANSPORTER"	1	313	"1.4E-96"	"-"	"-"	""
"PPA2064"	319	"PANTHER"	"PTHR30465:SF0"	"OLIGOPEPTIDE TRANSPORT SYSTEM PERMEASE PROTEIN AMIC"	1	313	"1.4E-96"	"-"	"-"	""
"PPA2065"	313	"PANTHER"	"PTHR43386"	"OLIGOPEPTIDE TRANSPORT SYSTEM PERMEASE PROTEIN APPC"	41	310	"2.7E-80"	"-"	"-"	""
"PPA2066"	684	"PANTHER"	"PTHR43776"	"TRANSPORT ATP-BINDING PROTEIN"	359	672	"0.0"	"-"	"-"	""
"PPA2066"	684	"PANTHER"	"PTHR43776"	"TRANSPORT ATP-BINDING PROTEIN"	1	317	"0.0"	"-"	"-"	""
"PPA2070"	436	"PANTHER"	"PTHR10030:SF40"	"PLASMA ALPHA-L-FUCOSIDASE"	20	391	"3.5E-79"	"-"	"-"	""
"PPA2070"	436	"PANTHER"	"PTHR10030"	"ALPHA-L-FUCOSIDASE"	20	391	"3.5E-79"	"IPR000933"	"Glycoside hydrolase, family 29"	"GO:0004560|GO:0005975"
"PPA2073"	129	"PANTHER"	"PTHR35901:SF1"	"RIBONUCLEASE VAPC3"	1	124	"3.0E-23"	"-"	"-"	""
"PPA2073"	129	"PANTHER"	"PTHR35901"	"RIBONUCLEASE VAPC3"	1	124	"3.0E-23"	"-"	"-"	""
"PPA2076"	321	"PANTHER"	"PTHR12304"	"INOSINE-URIDINE PREFERRING NUCLEOSIDE HYDROLASE"	1	317	"2.7E-72"	"IPR023186"	"Inosine/uridine-preferring nucleoside hydrolase"	"-"
"PPA2078"	221	"PANTHER"	"PTHR24222:SF67"	"IRON IMPORT ATP-BINDING/PERMEASE PROTEIN IRTA"	1	217	"5.3E-90"	"-"	"-"	""
"PPA2078"	221	"PANTHER"	"PTHR24222"	"ABC TRANSPORTER B FAMILY"	1	217	"5.3E-90"	"-"	"-"	""
"PPA2081"	284	"PANTHER"	"PTHR24222:SF67"	"IRON IMPORT ATP-BINDING/PERMEASE PROTEIN IRTA"	28	275	"1.1E-14"	"-"	"-"	""
"PPA2081"	284	"PANTHER"	"PTHR24222"	"ABC TRANSPORTER B FAMILY"	28	275	"1.1E-14"	"-"	"-"	""
"PPA2082"	621	"PANTHER"	"PTHR24222:SF67"	"IRON IMPORT ATP-BINDING/PERMEASE PROTEIN IRTA"	22	602	"0.0"	"-"	"-"	""
"PPA2082"	621	"PANTHER"	"PTHR24222"	"ABC TRANSPORTER B FAMILY"	22	602	"0.0"	"-"	"-"	""
"PPA2084"	510	"PANTHER"	"PTHR43553"	"HEAVY METAL TRANSPORTER"	3	248	"1.4E-92"	"-"	"-"	""
"PPA2084"	510	"PANTHER"	"PTHR43553"	"HEAVY METAL TRANSPORTER"	302	501	"1.4E-92"	"-"	"-"	""
"PPA2084"	510	"PANTHER"	"PTHR43553:SF1"	"ABC TRANSPORTER I FAMILY MEMBER 11, CHLOROPLASTIC"	3	248	"1.4E-92"	"-"	"-"	""
"PPA2084"	510	"PANTHER"	"PTHR43553:SF1"	"ABC TRANSPORTER I FAMILY MEMBER 11, CHLOROPLASTIC"	302	501	"1.4E-92"	"-"	"-"	""
"PPA2085"	272	"PANTHER"	"PTHR33514"	"PROTEIN ABCI12, CHLOROPLASTIC"	45	267	"7.9E-19"	"-"	"-"	""
"PPA2085"	272	"PANTHER"	"PTHR33514:SF5"	"TRANSMEMBRANE PROTEIN-RELATED"	45	267	"7.9E-19"	"-"	"-"	""
"PPA2091"	244	"PANTHER"	"PTHR43335"	"ABC TRANSPORTER, ATP-BINDING PROTEIN"	1	229	"1.0E-62"	"-"	"-"	""
"PPA2092"	469	"PANTHER"	"PTHR43178"	"DIHYDROLIPOAMIDE ACETYLTRANSFERASE COMPONENT OF PYRUVATE DEHYDROGENASE COMPLEX"	3	468	"7.5E-97"	"-"	"-"	""
"PPA2093"	334	"PANTHER"	"PTHR42980"	"2-OXOISOVALERATE DEHYDROGENASE SUBUNIT BETA-RELATED"	14	332	"1.7E-106"	"-"	"-"	""
"PPA2094"	381	"PANTHER"	"PTHR11516:SF41"	"3-METHYL-2-OXOBUTANOATE DEHYDROGENASE SUBUNIT ALPHA"	27	379	"1.5E-99"	"IPR017596"	"Pyruvate dehydrogenase E1 component subunit alpha/BCKADH E1-alpha"	"-"
"PPA2094"	381	"PANTHER"	"PTHR11516"	"PYRUVATE DEHYDROGENASE E1 COMPONENT, ALPHA SUBUNIT  BACTERIAL AND ORGANELLAR"	27	379	"1.5E-99"	"-"	"-"	""
"PPA2095"	456	"PANTHER"	"PTHR42923:SF3"	"PROTOPORPHYRINOGEN OXIDASE"	2	453	"2.8E-41"	"-"	"-"	""
"PPA2095"	456	"PANTHER"	"PTHR42923"	"PROTOPORPHYRINOGEN OXIDASE"	2	453	"2.8E-41"	"-"	"-"	""
"PPA2096"	426	"PANTHER"	"PTHR11228"	"RADICAL SAM DOMAIN PROTEIN"	36	407	"3.1E-66"	"-"	"-"	""
"PPA2096"	426	"PANTHER"	"PTHR11228:SF34"	"TUNGSTEN-CONTAINING ALDEHYDE FERREDOXIN OXIDOREDUCTASE COFACTOR MODIFYING PROTEIN"	36	407	"3.1E-66"	"-"	"-"	""
"PPA2097"	703	"PANTHER"	"PTHR11575"	"5'-NUCLEOTIDASE-RELATED"	46	556	"3.1E-82"	"IPR006179"	"5'-Nucleotidase/apyrase"	"GO:0009166|GO:0016787"
"PPA2098"	81	"PANTHER"	"PTHR24222:SF67"	"IRON IMPORT ATP-BINDING/PERMEASE PROTEIN IRTA"	2	61	"3.2E-13"	"-"	"-"	""
"PPA2098"	81	"PANTHER"	"PTHR24222"	"ABC TRANSPORTER B FAMILY"	2	61	"3.2E-13"	"-"	"-"	""
"PPA2104"	102	"PANTHER"	"PTHR42648"	"TRANSPOSASE, PUTATIVE-RELATED"	5	96	"4.5E-15"	"-"	"-"	""
"PPA2105"	339	"PANTHER"	"PTHR32015:SF1"	"FASTING INDUCED LIPASE"	82	316	"6.3E-18"	"-"	"-"	""
"PPA2105"	339	"PANTHER"	"PTHR32015"	"FASTING INDUCED LIPASE"	82	316	"6.3E-18"	"IPR002918"	"Lipase EstA/Esterase EstB"	"GO:0016042|GO:0016787"
"PPA2106"	500	"PANTHER"	"PTHR31308"	"-"	46	497	"1.2E-59"	"-"	"-"	""
"PPA2106"	500	"PANTHER"	"PTHR31308:SF3"	"PUTATIVE-RELATED"	46	497	"1.2E-59"	"-"	"-"	""
"PPA2110"	158	"PANTHER"	"PTHR11717"	"LOW MOLECULAR WEIGHT PROTEIN TYROSINE PHOSPHATASE"	1	151	"4.9E-31"	"-"	"-"	""
"PPA2112"	232	"PANTHER"	"PTHR48111"	"REGULATOR OF RPOS"	3	230	"1.7E-76"	"IPR039420"	"Transcriptional regulatory protein WalR-like"	"-"
"PPA2112"	232	"PANTHER"	"PTHR48111:SF28"	"TRANSCRIPTIONAL REGULATORY PROTEIN TCRX-RELATED"	3	230	"1.7E-76"	"-"	"-"	""
"PPA2113"	476	"PANTHER"	"PTHR45436:SF5"	"SENSOR HISTIDINE KINASE YKOH"	23	466	"1.7E-87"	"-"	"-"	""
"PPA2113"	476	"PANTHER"	"PTHR45436"	"SENSOR HISTIDINE KINASE YKOH"	23	466	"1.7E-87"	"-"	"-"	""
"PPA2114"	321	"PANTHER"	"PTHR10188:SF37"	"SI:CH211-256M1.8"	29	313	"2.1E-77"	"-"	"-"	""
"PPA2114"	321	"PANTHER"	"PTHR10188"	"L-ASPARAGINASE"	29	313	"2.1E-77"	"IPR000246"	"Peptidase T2, asparaginase 2"	"GO:0016787"
"PPA2115"	199	"PANTHER"	"PTHR10885"	"ISOPENTENYL-DIPHOSPHATE DELTA-ISOMERASE"	18	184	"4.0E-32"	"-"	"-"	""
"PPA2116"	397	"PANTHER"	"PTHR43019"	"SERINE ENDOPROTEASE DEGS"	3	394	"6.3E-47"	"-"	"-"	""
"PPA2116"	397	"PANTHER"	"PTHR43019:SF36"	"SERINE PROTEASE RV3671C"	3	394	"6.3E-47"	"-"	"-"	""
"PPA2118"	366	"PANTHER"	"PTHR43303"	"NADPH DEHYDROGENASE C23G7.10C-RELATED"	3	355	"1.9E-124"	"IPR044152"	"NADPH dehydrogenase YqjM-like"	"GO:0003959|GO:0010181|GO:0050661"
"PPA2120"	410	"PANTHER"	"PTHR43528"	"ALPHA-KETOGLUTARATE PERMEASE"	1	398	"5.6E-115"	"-"	"-"	""
"PPA2120"	410	"PANTHER"	"PTHR43528:SF1"	"ALPHA-KETOGLUTARATE PERMEASE"	1	398	"5.6E-115"	"-"	"-"	""
"PPA2121"	856	"PANTHER"	"PTHR11573"	"RIBONUCLEOSIDE-DIPHOSPHATE REDUCTASE LARGE CHAIN"	11	856	"0.0"	"IPR039718"	"Ribonucleoside-diphosphate reductase large subunit"	"-"
"PPA2121"	856	"PANTHER"	"PTHR11573:SF6"	"RIBONUCLEOSIDE-DIPHOSPHATE REDUCTASE LARGE SUBUNIT"	11	856	"0.0"	"-"	"-"	""
"PPA2122"	328	"PANTHER"	"PTHR23409"	"RIBONUCLEOSIDE-DIPHOSPHATE REDUCTASE SMALL CHAIN"	12	321	"1.0E-53"	"IPR000358"	"Ribonucleotide reductase small subunit family"	"GO:0009263"
"PPA2122"	328	"PANTHER"	"PTHR23409:SF18"	"RIBONUCLEOSIDE-DIPHOSPHATE REDUCTASE SUBUNIT M2"	12	321	"1.0E-53"	"-"	"-"	""
"PPA2125"	360	"PANTHER"	"PTHR18964"	"ROK (REPRESSOR, ORF, KINASE) FAMILY"	90	305	"1.3E-48"	"IPR000600"	"ROK family"	"-"
"PPA2125"	360	"PANTHER"	"PTHR18964:SF146"	"POLYPHOSPHATE GLUCOKINASE"	90	305	"1.3E-48"	"-"	"-"	""
"PPA2128"	556	"PANTHER"	"PTHR11956"	"ARGINYL-TRNA SYNTHETASE"	19	556	"0.0"	"IPR001278"	"Arginine-tRNA ligase"	"GO:0004814|GO:0005524|GO:0006420"
"PPA2128"	556	"PANTHER"	"PTHR11956:SF5"	"ARGININE--TRNA LIGASE, CYTOPLASMIC-RELATED"	19	556	"0.0"	"-"	"-"	""
"PPA2129"	273	"PANTHER"	"PTHR43827"	"2,5-DIKETO-D-GLUCONIC ACID REDUCTASE"	3	271	"4.3E-89"	"IPR020471"	"Aldo-keto reductase"	"GO:0016491"
"PPA2129"	273	"PANTHER"	"PTHR43827:SF3"	"ALDO-KETO REDUCTASE"	3	271	"4.3E-89"	"-"	"-"	""
"PPA2130"	228	"PANTHER"	"PTHR30336"	"INNER MEMBRANE PROTEIN, PROBABLE PERMEASE"	21	216	"3.2E-47"	"-"	"-"	""
"PPA2130"	228	"PANTHER"	"PTHR30336:SF6"	"INTEGRAL MEMBRANE PROTEIN-RELATED"	21	216	"3.2E-47"	"-"	"-"	""
"PPA2131"	560	"PANTHER"	"PTHR11469"	"GLUCOSE-6-PHOSPHATE ISOMERASE"	31	558	"0.0"	"IPR001672"	"Phosphoglucose isomerase (PGI)"	"GO:0004347|GO:0006094|GO:0006096"
"PPA2131"	560	"PANTHER"	"PTHR11469:SF1"	"GLUCOSE-6-PHOSPHATE ISOMERASE"	31	558	"0.0"	"-"	"-"	""
"PPA2133"	221	"PANTHER"	"PTHR30246"	"2-KETO-3-DEOXY-6-PHOSPHOGLUCONATE ALDOLASE"	21	217	"6.3E-15"	"IPR000887"	"KDPG/KHG aldolase"	"GO:0016829"
"PPA2134"	176	"PANTHER"	"PTHR42932"	"GENERAL STRESS PROTEIN 20U"	13	172	"9.6E-36"	"IPR002177"	"DNA-binding protein Dps"	"-"
"PPA2135"	892	"PANTHER"	"PTHR12131"	"ATP-DEPENDENT RNA AND DNA HELICASE"	88	501	"7.0E-87"	"-"	"-"	""
"PPA2135"	892	"PANTHER"	"PTHR12131:SF7"	"EXOSOME RNA HELICASE MTR4"	88	501	"7.0E-87"	"-"	"-"	""
"PPA2136"	171	"PANTHER"	"PTHR30352"	"PYRUVATE FORMATE-LYASE-ACTIVATING ENZYME"	1	163	"3.4E-42"	"IPR034457"	"Organic radical-activating enzymes"	"-"
"PPA2136"	171	"PANTHER"	"PTHR30352:SF2"	"ANAEROBIC RIBONUCLEOSIDE-TRIPHOSPHATE REDUCTASE-ACTIVATING PROTEIN"	1	163	"3.4E-42"	"IPR012837"	"Ribonucleoside-triphosphate reductase activating, anaerobic"	"GO:0043365|GO:0051539"
"PPA2137"	780	"PANTHER"	"PTHR21075"	"ANAEROBIC RIBONUCLEOSIDE-TRIPHOSPHATE REDUCTASE"	21	776	"0.0"	"-"	"-"	""
"PPA2138"	153	"PANTHER"	"PTHR30289"	"UNCHARACTERIZED PROTEIN YBCL-RELATED"	1	150	"5.7E-34"	"IPR005247"	"YbhB/YbcL"	"-"
"PPA2138"	153	"PANTHER"	"PTHR30289:SF12"	"UPF0098 PROTEIN YBHB"	1	150	"5.7E-34"	"-"	"-"	""
"PPA2139"	354	"PANTHER"	"PTHR33630"	"CUTINASE RV1984C-RELATED-RELATED"	10	298	"1.4E-25"	"IPR000675"	"Cutinase/acetylxylan esterase"	"GO:0016787"
"PPA2142"	373	"PANTHER"	"PTHR11614"	"PHOSPHOLIPASE-RELATED"	265	371	"3.6E-41"	"-"	"-"	""
"PPA2142"	373	"PANTHER"	"PTHR11614"	"PHOSPHOLIPASE-RELATED"	48	180	"3.6E-41"	"-"	"-"	""
"PPA2142"	373	"PANTHER"	"PTHR11614:SF169"	"MONOGLYCERIDE LIPASE"	265	371	"3.6E-41"	"-"	"-"	""
"PPA2142"	373	"PANTHER"	"PTHR11614:SF169"	"MONOGLYCERIDE LIPASE"	48	180	"3.6E-41"	"-"	"-"	""
"PPA2143"	497	"PANTHER"	"PTHR10587"	"GLYCOSYL TRANSFERASE-RELATED"	260	469	"2.9E-46"	"-"	"-"	""
"PPA2143"	497	"PANTHER"	"PTHR10587:SF105"	"CHITIN DEACETYLASE 1-RELATED"	260	469	"2.9E-46"	"-"	"-"	""
"PPA2145"	307	"PANTHER"	"PTHR34184"	"UPF0718 PROTEIN YCGR"	2	304	"1.4E-46"	"-"	"-"	""
"PPA2146"	461	"PANTHER"	"PTHR10587"	"GLYCOSYL TRANSFERASE-RELATED"	240	440	"4.3E-38"	"-"	"-"	""
"PPA2146"	461	"PANTHER"	"PTHR10587:SF132"	"DEACETYLASE (PUTATIVE SECRETED PROTEIN)-RELATED"	240	440	"4.3E-38"	"-"	"-"	""
"PPA2147"	643	"PANTHER"	"PTHR47019"	"LIPID II FLIPPASE MURJ"	114	626	"5.6E-67"	"-"	"-"	""
"PPA2148"	424	"PANTHER"	"PTHR21499"	"ASPARTATE KINASE"	1	411	"0.0"	"-"	"-"	""
"PPA2148"	424	"PANTHER"	"PTHR21499:SF3"	"ASPARTOKINASE"	1	411	"0.0"	"-"	"-"	""
"PPA2149"	847	"PANTHER"	"PTHR32282"	"BINDING PROTEIN TRANSPEPTIDASE, PUTATIVE-RELATED"	31	803	"0.0"	"-"	"-"	""
"PPA2150"	342	"PANTHER"	"PTHR31302"	"TRANSMEMBRANE PROTEIN WITH METALLOPHOSPHOESTERASE DOMAIN-RELATED"	39	342	"2.4E-105"	"-"	"-"	""
"PPA2150"	342	"PANTHER"	"PTHR31302:SF20"	"CONSERVED PROTEIN"	39	342	"2.4E-105"	"-"	"-"	""
"PPA2151"	222	"PANTHER"	"PTHR42733"	"DJ-1 PROTEIN"	50	221	"6.0E-51"	"IPR006286"	"Deglycase PfpI"	"-"
"PPA2151"	222	"PANTHER"	"PTHR42733:SF4"	"PROTEINASE"	50	221	"6.0E-51"	"-"	"-"	""
"PPA2152"	555	"PANTHER"	"PTHR30290"	"PERIPLASMIC BINDING COMPONENT OF ABC TRANSPORTER"	32	553	"0.0"	"IPR039424"	"Solute-binding protein family 5"	"-"
"PPA2152"	555	"PANTHER"	"PTHR30290:SF73"	"PEPTIDE TRANSPORT SYSTEM SECRETED PEPTIDE-BINDING PROTEIN-RELATED"	32	553	"0.0"	"-"	"-"	""
"PPA2153"	307	"PANTHER"	"PTHR43163:SF7"	"PEPTIDE TRANSPORT SYSTEM INTEGRAL MEMBRANE PROTEIN-RELATED"	1	305	"2.3E-118"	"-"	"-"	""
"PPA2153"	307	"PANTHER"	"PTHR43163"	"DIPEPTIDE TRANSPORT SYSTEM PERMEASE PROTEIN DPPB-RELATED"	1	305	"2.3E-118"	"-"	"-"	""
"PPA2154"	323	"PANTHER"	"PTHR43386"	"OLIGOPEPTIDE TRANSPORT SYSTEM PERMEASE PROTEIN APPC"	21	322	"8.2E-104"	"-"	"-"	""
"PPA2154"	323	"PANTHER"	"PTHR43386:SF6"	"PEPTIDE TRANSPORT SYSTEM INTEGRAL MEMBRANE PROTEIN-RELATED"	21	322	"8.2E-104"	"-"	"-"	""
"PPA2155"	345	"PANTHER"	"PTHR43297"	"OLIGOPEPTIDE TRANSPORT ATP-BINDING PROTEIN APPD"	20	339	"1.5E-118"	"-"	"-"	""
"PPA2156"	353	"PANTHER"	"PTHR43776"	"TRANSPORT ATP-BINDING PROTEIN"	7	322	"0.0"	"-"	"-"	""
"PPA2156"	353	"PANTHER"	"PTHR43776:SF7"	"GLUTATHIONE IMPORT ATP-BINDING PROTEIN GSIA"	7	322	"0.0"	"-"	"-"	""
"PPA2157"	81	"PANTHER"	"PTHR33280:SF6"	"50S RIBOSOMAL PROTEIN L31"	1	80	"7.2E-25"	"-"	"-"	""
"PPA2157"	81	"PANTHER"	"PTHR33280"	"50S RIBOSOMAL PROTEIN L31, CHLOROPLASTIC"	1	80	"7.2E-25"	"IPR002150"	"Ribosomal protein L31"	"GO:0003735|GO:0005840|GO:0006412"
"PPA2158"	78	"PANTHER"	"PTHR13528:SF10"	"50S RIBOSOMAL PROTEIN L28"	1	77	"4.8E-26"	"-"	"-"	""
"PPA2158"	78	"PANTHER"	"PTHR13528"	"39S RIBOSOMAL PROTEIN L28, MITOCHONDRIAL"	1	77	"4.8E-26"	"IPR026569"	"Ribosomal protein L28/L24"	"GO:0003735"
"PPA2160"	56	"PANTHER"	"PTHR15238"	"54S RIBOSOMAL PROTEIN L39, MITOCHONDRIAL"	1	56	"1.1E-17"	"-"	"-"	""
"PPA2161"	101	"PANTHER"	"PTHR19836:SF23"	"30S RIBOSOMAL PROTEIN S14"	1	101	"4.0E-36"	"-"	"-"	""
"PPA2161"	101	"PANTHER"	"PTHR19836"	"30S RIBOSOMAL PROTEIN S14"	1	101	"4.0E-36"	"IPR001209"	"Ribosomal protein S14"	"GO:0003735|GO:0005840|GO:0006412"
"PPA2163"	121	"PANTHER"	"PTHR43811"	"FKBP-TYPE PEPTIDYL-PROLYL CIS-TRANS ISOMERASE FKPA"	8	113	"6.9E-31"	"-"	"-"	""
"PPA2164"	656	"PANTHER"	"PTHR30480"	"BETA-HEXOSAMINIDASE-RELATED"	394	625	"1.8E-124"	"-"	"-"	""
"PPA2164"	656	"PANTHER"	"PTHR30480"	"BETA-HEXOSAMINIDASE-RELATED"	56	367	"1.8E-124"	"-"	"-"	""
"PPA2164"	656	"PANTHER"	"PTHR30480:SF13"	"BETA-HEXOSAMINIDASE"	394	625	"1.8E-124"	"-"	"-"	""
"PPA2164"	656	"PANTHER"	"PTHR30480:SF13"	"BETA-HEXOSAMINIDASE"	56	367	"1.8E-124"	"-"	"-"	""
"PPA2165"	137	"PANTHER"	"PTHR12216"	"UROCANATE HYDRATASE"	13	137	"6.0E-36"	"IPR023637"	"Urocanase"	"GO:0016153"
"PPA2165"	137	"PANTHER"	"PTHR12216:SF3"	"UROCANATE HYDRATASE"	13	137	"6.0E-36"	"-"	"-"	""
"PPA2166"	512	"PANTHER"	"PTHR12216:SF3"	"UROCANATE HYDRATASE"	1	506	"0.0"	"-"	"-"	""
"PPA2166"	512	"PANTHER"	"PTHR12216"	"UROCANATE HYDRATASE"	1	506	"0.0"	"IPR023637"	"Urocanase"	"GO:0016153"
"PPA2167"	398	"PANTHER"	"PTHR32494"	"ALLANTOATE DEIMINASE-RELATED"	8	392	"4.9E-90"	"IPR010158"	"Amidase, carbamoylase-type"	"GO:0016813"
"PPA2168"	446	"PANTHER"	"PTHR43608"	"CYPIN (GUANINE AMINOHYDROLASE) HOMOLOG"	4	428	"1.1E-97"	"IPR010252"	"Formiminoglutamate deiminase"	"-"
"PPA2169"	396	"PANTHER"	"PTHR42752"	"IMIDAZOLONEPROPIONASE"	20	385	"1.3E-106"	"IPR005920"	"Imidazolonepropionase"	"GO:0005737|GO:0016812|GO:0019556"
"PPA2170"	511	"PANTHER"	"PTHR10362:SF7"	"HISTIDINE AMMONIA-LYASE"	9	508	"0.0"	"-"	"-"	""
"PPA2170"	511	"PANTHER"	"PTHR10362"	"HISTIDINE AMMONIA-LYASE"	9	508	"0.0"	"IPR001106"	"Aromatic amino acid lyase"	"-"
"PPA2172"	244	"PANTHER"	"PTHR11085"	"HISTONE DEACETYLASE SIR2 FAMILY MEMBER"	4	239	"2.2E-60"	"-"	"-"	""
"PPA2172"	244	"PANTHER"	"PTHR11085:SF15"	"NAD-DEPENDENT PROTEIN DEACETYLASE SIRTUIN-1"	4	239	"2.2E-60"	"-"	"-"	""
"PPA2174"	415	"PANTHER"	"PTHR43248:SF2"	"PROLYL AMINOPEPTIDASE-RELATED"	7	412	"2.3E-67"	"-"	"-"	""
"PPA2174"	415	"PANTHER"	"PTHR43248"	"2-SUCCINYL-6-HYDROXY-2,4-CYCLOHEXADIENE-1-CARBOXYLATE SYNTHASE"	7	412	"2.3E-67"	"-"	"-"	""
"PPA2175"	343	"PANTHER"	"PTHR34183"	"-"	197	342	"8.2E-31"	"-"	"-"	""
"PPA2175"	343	"PANTHER"	"PTHR34183:SF1"	"ENDOLYTIC PEPTIDOGLYCAN TRANSGLYCOSYLASE RLPA"	197	342	"8.2E-31"	"-"	"-"	""
"PPA2179"	504	"PANTHER"	"PTHR32507:SF7"	"K(+)/H(+) ANTIPORTER NHAP2"	8	483	"0.0"	"IPR030151"	"K(+)/H(+) antiporter NhaP"	"GO:0005451|GO:0006813|GO:0016021"
"PPA2179"	504	"PANTHER"	"PTHR32507"	"NA(+)/H(+) ANTIPORTER 1"	8	483	"0.0"	"-"	"-"	""
"PPA2181"	455	"PANTHER"	"PTHR30250"	"PST FAMILY PREDICTED COLANIC ACID TRANSPORTER"	45	424	"4.9E-21"	"-"	"-"	""
"PPA2181"	455	"PANTHER"	"PTHR30250:SF10"	"LIPOPOLYSACCHARIDE BIOSYNTHESIS PROTEIN WZXC"	45	424	"4.9E-21"	"-"	"-"	""
"PPA2182"	149	"PANTHER"	"PTHR11079:SF169"	"CYTOSINE DEAMINASE"	1	140	"9.5E-36"	"-"	"-"	""
"PPA2182"	149	"PANTHER"	"PTHR11079"	"CYTOSINE DEAMINASE FAMILY MEMBER"	1	140	"9.5E-36"	"-"	"-"	""
"PPA2184"	213	"PANTHER"	"PTHR10285:SF135"	"URACIL PHOSPHORIBOSYLTRANSFERASE 2"	5	208	"1.1E-51"	"-"	"-"	""
"PPA2184"	213	"PANTHER"	"PTHR10285"	"URIDINE KINASE"	5	208	"1.1E-51"	"-"	"-"	""
"PPA2185"	247	"PANTHER"	"PTHR28152"	"HYDROXYACYL-THIOESTER DEHYDRATASE TYPE 2, MITOCHONDRIAL"	21	238	"2.2E-30"	"-"	"-"	""
"PPA2186"	173	"PANTHER"	"PTHR30411"	"UNCHARACTERIZED"	35	160	"6.3E-17"	"-"	"-"	""
"PPA2186"	173	"PANTHER"	"PTHR30411:SF1"	"YBAK / PROLYL-TRNA SYNTHETASES ASSOCIATED DOMAIN CONTAINING PROTEIN"	35	160	"6.3E-17"	"-"	"-"	""
"PPA2187"	651	"PANTHER"	"PTHR30540"	"OSMOTIC STRESS POTASSIUM TRANSPORTER"	24	649	"0.0"	"IPR003855"	"Potassium transporter"	"GO:0015079|GO:0016020|GO:0071805"
"PPA2187"	651	"PANTHER"	"PTHR30540:SF79"	"LOW AFFINITY POTASSIUM TRANSPORT SYSTEM PROTEIN KUP"	24	649	"0.0"	"-"	"-"	""
"PPA2188"	233	"PANTHER"	"PTHR42695"	"GLUTAMINE AMIDOTRANSFERASE YLR126C-RELATED"	11	203	"4.1E-25"	"IPR044992"	"Glutamine amidotransferase domain containing protein ChyE-like"	"-"
"PPA2188"	233	"PANTHER"	"PTHR42695:SF5"	"GLUTAMINE AMIDOTRANSFERASE YLR126C-RELATED"	11	203	"4.1E-25"	"-"	"-"	""
"PPA2190"	617	"PANTHER"	"PTHR33392"	"POLYISOPRENYL-TEICHOIC ACID--PEPTIDOGLYCAN TEICHOIC ACID TRANSFERASE TAGU"	205	561	"2.2E-38"	"-"	"-"	""
"PPA2191"	336	"PANTHER"	"PTHR30146:SF109"	"HTH-TYPE TRANSCRIPTIONAL REGULATOR MALR"	11	335	"3.5E-77"	"-"	"-"	""
"PPA2191"	336	"PANTHER"	"PTHR30146"	"LACI-RELATED TRANSCRIPTIONAL REPRESSOR"	11	335	"3.5E-77"	"-"	"-"	""
"PPA2192"	411	"PANTHER"	"PTHR10457"	"MEVALONATE KINASE/GALACTOKINASE"	31	407	"6.0E-92"	"-"	"-"	""
"PPA2192"	411	"PANTHER"	"PTHR10457:SF6"	"GALACTOKINASE"	31	407	"6.0E-92"	"IPR000705"	"Galactokinase"	"GO:0004335|GO:0005524|GO:0006012|GO:0046835"
"PPA2193"	649	"PANTHER"	"PTHR11819"	"SOLUTE CARRIER FAMILY 5"	91	617	"4.4E-94"	"-"	"-"	""
"PPA2193"	649	"PANTHER"	"PTHR11819:SF194"	"SODIUM:SOLUTE SYMPORTER-RELATED"	91	617	"4.4E-94"	"-"	"-"	""
"PPA2200"	333	"PANTHER"	"PTHR48106"	"QUINONE OXIDOREDUCTASE PIG3-RELATED"	21	332	"4.9E-100"	"-"	"-"	""
"PPA2200"	333	"PANTHER"	"PTHR48106:SF8"	"QUINONE OXIDOREDUCTASE PIG3"	21	332	"4.9E-100"	"-"	"-"	""
"PPA2201"	474	"PANTHER"	"PTHR11587"	"ARGININOSUCCINATE SYNTHASE"	15	416	"6.6E-100"	"IPR001518"	"Argininosuccinate synthase"	"GO:0004055|GO:0005524|GO:0006526"
"PPA2201"	474	"PANTHER"	"PTHR11587:SF2"	"ARGININOSUCCINATE SYNTHASE"	15	416	"6.6E-100"	"-"	"-"	""
"PPA2202"	402	"PANTHER"	"PTHR23542"	"-"	4	400	"4.3E-34"	"-"	"-"	""
"PPA2203"	719	"PANTHER"	"PTHR32507:SF0"	"NA(+)/H(+) ANTIPORTER 1"	2	585	"3.2E-97"	"-"	"-"	""
"PPA2203"	719	"PANTHER"	"PTHR32507"	"NA(+)/H(+) ANTIPORTER 1"	2	585	"3.2E-97"	"-"	"-"	""
"PPA2205"	257	"PANTHER"	"PTHR10000"	"PHOSPHOSERINE PHOSPHATASE"	6	74	"1.7E-35"	"-"	"-"	""
"PPA2205"	257	"PANTHER"	"PTHR10000"	"PHOSPHOSERINE PHOSPHATASE"	147	252	"1.7E-35"	"-"	"-"	""
"PPA2206"	118	"PANTHER"	"PTHR45772:SF6"	"NOD FACTOR EXPORT ATP-BINDING PROTEIN I"	14	100	"3.4E-19"	"-"	"-"	""
"PPA2206"	118	"PANTHER"	"PTHR45772"	"CONSERVED COMPONENT OF ABC TRANSPORTER FOR NATURAL AMINO ACIDS-RELATED"	14	100	"3.4E-19"	"-"	"-"	""
"PPA2207"	295	"PANTHER"	"PTHR43027"	"DOXORUBICIN RESISTANCE ABC TRANSPORTER PERMEASE PROTEIN DRRC-RELATED"	105	294	"7.1E-14"	"-"	"-"	""
"PPA2208"	288	"PANTHER"	"PTHR46797"	"HTH-TYPE TRANSCRIPTIONAL REGULATOR"	99	280	"2.9E-43"	"-"	"-"	""
"PPA2208"	288	"PANTHER"	"PTHR46797:SF12"	"TRANSCRIPTIONAL REGULATOR-RELATED"	99	280	"2.9E-43"	"-"	"-"	""
"PPA2209"	246	"PANTHER"	"PTHR39209"	"-"	20	239	"6.5E-61"	"-"	"-"	""
"PPA2210"	463	"PANTHER"	"PTHR31157:SF27"	"-"	360	431	"2.0E-14"	"-"	"-"	""
"PPA2210"	463	"PANTHER"	"PTHR31157"	"UNCHARACTERIZED"	360	431	"2.0E-14"	"-"	"-"	""
"PPA2211"	495	"PANTHER"	"PTHR31806:SF1"	"PURINE-CYTOSINE PERMEASE FCY2-RELATED"	27	471	"6.9E-93"	"-"	"-"	""
"PPA2211"	495	"PANTHER"	"PTHR31806"	"PURINE-CYTOSINE PERMEASE FCY2-RELATED"	27	471	"6.9E-93"	"IPR026030"	"Purine-cytosine permease Fcy2/21/22"	"GO:0016021|GO:0022857|GO:0055085"
"PPA2212"	449	"PANTHER"	"PTHR43624"	"ELECTRON TRANSFER FLAVOPROTEIN-QUINONE OXIDOREDUCTASE YDIS-RELATED"	22	449	"6.2E-128"	"IPR039651"	"Protein FixC-like"	"-"
"PPA2213"	292	"PANTHER"	"PTHR43153"	"ELECTRON TRANSFER FLAVOPROTEIN ALPHA"	57	290	"8.0E-47"	"IPR001308"	"Electron transfer flavoprotein alpha subunit/FixB"	"GO:0009055|GO:0050660"
"PPA2214"	253	"PANTHER"	"PTHR21294"	"ELECTRON TRANSFER FLAVOPROTEIN BETA-SUBUNIT"	1	253	"1.5E-27"	"IPR012255"	"Electron transfer flavoprotein, beta subunit"	"GO:0009055"
"PPA2215"	388	"PANTHER"	"PTHR48207"	"SUCCINATE--HYDROXYMETHYLGLUTARATE COA-TRANSFERASE"	4	378	"6.1E-97"	"-"	"-"	""
"PPA2216"	382	"PANTHER"	"PTHR43884"	"ACYL-COA DEHYDROGENASE"	4	378	"2.9E-124"	"-"	"-"	""
"PPA2216"	382	"PANTHER"	"PTHR43884:SF33"	"ACYL-COA DEHYDROGENASE (ACD-6)"	4	378	"2.9E-124"	"-"	"-"	""
"PPA2217"	254	"PANTHER"	"PTHR30136"	"HELIX-TURN-HELIX TRANSCRIPTIONAL REGULATOR, ICLR FAMILY"	7	253	"5.8E-46"	"-"	"-"	""
"PPA2217"	254	"PANTHER"	"PTHR30136:SF24"	"HTH-TYPE TRANSCRIPTIONAL REPRESSOR ALLR"	7	253	"5.8E-46"	"-"	"-"	""
"PPA2219"	424	"PANTHER"	"PTHR11778:SF7"	"SERINE--TRNA LIGASE, CYTOPLASMIC-RELATED"	1	417	"7.7E-124"	"-"	"-"	""
"PPA2219"	424	"PANTHER"	"PTHR11778"	"SERYL-TRNA SYNTHETASE"	1	417	"7.7E-124"	"IPR002317"	"Serine-tRNA ligase, type1"	"GO:0000166|GO:0004828|GO:0005524|GO:0006434"
"PPA2220"	272	"PANTHER"	"PTHR38463"	"STRESS RESPONSE PROTEIN YSNF"	37	267	"2.9E-28"	"-"	"-"	""
"PPA2221"	243	"PANTHER"	"PTHR30098"	"LEUCYL/PHENYLALANYL-TRNA--PROTEIN TRANSFERASE"	10	220	"7.9E-41"	"IPR004616"	"Leucyl/phenylalanyl-tRNA-protein transferase"	"GO:0008914|GO:0030163"
"PPA2221"	243	"PANTHER"	"PTHR30098:SF2"	"LEUCYL/PHENYLALANYL-TRNA--PROTEIN TRANSFERASE"	10	220	"7.9E-41"	"-"	"-"	""
"PPA2224"	284	"PANTHER"	"PTHR30622"	"UNDECAPRENYL-DIPHOSPHATASE"	1	278	"2.9E-81"	"IPR003824"	"Undecaprenyl-diphosphatase UppP"	"GO:0016020|GO:0016311|GO:0050380"
"PPA2225"	172	"PANTHER"	"PTHR11431:SF4"	"BACTERIAL NON-HEME FERRITIN"	3	164	"2.0E-37"	"-"	"-"	""
"PPA2225"	172	"PANTHER"	"PTHR11431"	"FERRITIN"	3	164	"2.0E-37"	"IPR001519"	"Ferritin"	"GO:0006826|GO:0006879|GO:0008199"
"PPA2227"	149	"PANTHER"	"PTHR21368"	"50S RIBOSOMAL PROTEIN L9"	2	145	"1.6E-24"	"IPR000244"	"Ribosomal protein L9"	"GO:0003735|GO:0005840|GO:0006412"
"PPA2228"	79	"PANTHER"	"PTHR13479:SF40"	"28S RIBOSOMAL PROTEIN S18C, MITOCHONDRIAL"	21	76	"1.2E-15"	"-"	"-"	""
"PPA2228"	79	"PANTHER"	"PTHR13479"	"30S RIBOSOMAL PROTEIN S18"	21	76	"1.2E-15"	"IPR001648"	"Ribosomal protein S18"	"GO:0003735|GO:0005840|GO:0006412"
"PPA2229"	184	"PANTHER"	"PTHR10302"	"SINGLE-STRANDED DNA-BINDING PROTEIN"	7	126	"1.3E-16"	"IPR011344"	"Single-stranded DNA-binding protein"	"GO:0003697|GO:0006260"
"PPA2229"	184	"PANTHER"	"PTHR10302:SF0"	"SINGLE-STRANDED DNA-BINDING PROTEIN, MITOCHONDRIAL"	7	126	"1.3E-16"	"-"	"-"	""
"PPA2230"	96	"PANTHER"	"PTHR21011:SF1"	"28S RIBOSOMAL PROTEIN S6, MITOCHONDRIAL"	1	92	"4.5E-21"	"-"	"-"	""
"PPA2230"	96	"PANTHER"	"PTHR21011"	"MITOCHONDRIAL 28S RIBOSOMAL PROTEIN S6"	1	92	"4.5E-21"	"IPR000529"	"Ribosomal protein S6"	"GO:0003735|GO:0005840|GO:0006412|GO:0019843"
"PPA2232"	153	"PANTHER"	"PTHR47738"	"PTS SYSTEM FRUCTOSE-LIKE EIIA COMPONENT-RELATED"	3	149	"5.0E-35"	"-"	"-"	""
"PPA2232"	153	"PANTHER"	"PTHR47738:SF2"	"PTS SYSTEM FRUCTOSE-LIKE EIIA COMPONENT"	3	149	"5.0E-35"	"-"	"-"	""
"PPA2233"	519	"PANTHER"	"PTHR30505:SF0"	"FRUCTOSE-LIKE PERMEASE IIC COMPONENT 1-RELATED"	28	516	"0.0"	"-"	"-"	""
"PPA2233"	519	"PANTHER"	"PTHR30505"	"FRUCTOSE-LIKE PERMEASE"	28	516	"0.0"	"-"	"-"	""
"PPA2234"	644	"PANTHER"	"PTHR24096"	"LONG-CHAIN-FATTY-ACID--COA LIGASE"	31	623	"2.2E-121"	"-"	"-"	""
"PPA2234"	644	"PANTHER"	"PTHR24096:SF391"	"LONG-CHAIN-FATTY-ACID--COA LIGASE BUBBLEGUM-LIKE-RELATED"	31	623	"2.2E-121"	"-"	"-"	""
"PPA2235"	251	"PANTHER"	"PTHR21445"	"ENDONUCLEASE IV  ENDODEOXYRIBONUCLEASE IV"	6	223	"5.4E-27"	"IPR001719"	"AP endonuclease 2"	"GO:0003677|GO:0006281|GO:0008270"
"PPA2235"	251	"PANTHER"	"PTHR21445:SF0"	"SI:CH211-141O9.10"	6	223	"5.4E-27"	"-"	"-"	""
"PPA2236"	269	"PANTHER"	"PTHR43131"	"DEHYDROGENASE"	2	255	"3.3E-51"	"-"	"-"	""
"PPA2237"	283	"PANTHER"	"PTHR10434"	"1-ACYL-SN-GLYCEROL-3-PHOSPHATE ACYLTRANSFERASE"	32	229	"2.3E-27"	"-"	"-"	""
"PPA2238"	160	"PANTHER"	"PTHR30204:SF56"	"MERR-FAMILY TRANSCRIPTIONAL REGULATOR-RELATED"	3	159	"4.8E-25"	"-"	"-"	""
"PPA2238"	160	"PANTHER"	"PTHR30204"	"REDOX-CYCLING DRUG-SENSING TRANSCRIPTIONAL ACTIVATOR SOXR"	3	159	"4.8E-25"	"-"	"-"	""
"PPA2239"	397	"PANTHER"	"PTHR39160:SF5"	"LMO0186 PROTEIN"	4	350	"1.7E-38"	"-"	"-"	""
"PPA2239"	397	"PANTHER"	"PTHR39160"	"CELL WALL-BINDING PROTEIN YOCH"	4	350	"1.7E-38"	"-"	"-"	""
"PPA2240"	752	"PANTHER"	"PTHR43520"	"ATP7, ISOFORM B"	19	745	"0.0"	"-"	"-"	""
"PPA2240"	752	"PANTHER"	"PTHR43520:SF8"	"ATP7, ISOFORM B"	19	745	"0.0"	"-"	"-"	""
"PPA2243"	132	"PANTHER"	"PTHR33677"	"TRANSCRIPTIONAL REPRESSOR FRMR-RELATED"	41	131	"1.1E-26"	"IPR003735"	"Metal-sensitive transcriptional repressor"	"GO:0003677|GO:0006355|GO:0046872"
"PPA2243"	132	"PANTHER"	"PTHR33677:SF3"	"TRANSCRIPTIONAL REPRESSOR FRMR"	41	131	"1.1E-26"	"-"	"-"	""
"PPA2244"	448	"PANTHER"	"PTHR30153"	"REPLICATIVE DNA HELICASE DNAB"	13	447	"0.0"	"-"	"-"	""
"PPA2245"	333	"PANTHER"	"PTHR11695"	"ALCOHOL DEHYDROGENASE RELATED"	19	332	"3.7E-51"	"-"	"-"	""
"PPA2247"	191	"PANTHER"	"PTHR10429"	"DNA-3-METHYLADENINE GLYCOSYLASE"	7	189	"4.9E-37"	"IPR003180"	"Methylpurine-DNA glycosylase"	"GO:0003677|GO:0003905|GO:0006284"
"PPA2248"	416	"PANTHER"	"PTHR32479:SF19"	"ANAEROBIC GLYCEROL-3-PHOSPHATE DEHYDROGENASE SUBUNIT C"	14	408	"5.4E-102"	"-"	"-"	""
"PPA2248"	416	"PANTHER"	"PTHR32479"	"GLYCOLATE OXIDASE IRON-SULFUR SUBUNIT"	14	408	"5.4E-102"	"-"	"-"	""
"PPA2249"	447	"PANTHER"	"PTHR43400"	"FUMARATE REDUCTASE"	20	438	"1.5E-57"	"-"	"-"	""
"PPA2249"	447	"PANTHER"	"PTHR43400:SF3"	"ANAEROBIC GLYCEROL-3-PHOSPHATE DEHYDROGENASE SUBUNIT B"	20	438	"1.5E-57"	"-"	"-"	""
"PPA2250"	544	"PANTHER"	"PTHR11985:SF28"	"ANAEROBIC GLYCEROL-3-PHOSPHATE DEHYDROGENASE SUBUNIT A"	4	484	"3.0E-111"	"-"	"-"	""
"PPA2250"	544	"PANTHER"	"PTHR11985"	"GLYCEROL-3-PHOSPHATE DEHYDROGENASE"	4	484	"3.0E-111"	"IPR000447"	"FAD-dependent glycerol-3-phosphate dehydrogenase"	"GO:0004368|GO:0006072|GO:0009331"
"PPA2251"	321	"PANTHER"	"PTHR10996"	"2-HYDROXYACID DEHYDROGENASE-RELATED"	39	320	"2.3E-86"	"-"	"-"	""
"PPA2252"	174	"PANTHER"	"PTHR33164"	"TRANSCRIPTIONAL REGULATOR, MARR FAMILY"	25	156	"1.1E-24"	"-"	"-"	""
"PPA2252"	174	"PANTHER"	"PTHR33164:SF75"	"TRANSCRIPTIONAL REGULATOR-RELATED"	25	156	"1.1E-24"	"-"	"-"	""
"PPA2253"	575	"PANTHER"	"PTHR43427:SF6"	"CHLORIDE CHANNEL PROTEIN CLC-E"	31	451	"1.5E-82"	"-"	"-"	""
"PPA2253"	575	"PANTHER"	"PTHR43427"	"CHLORIDE CHANNEL PROTEIN CLC-E"	31	451	"1.5E-82"	"-"	"-"	""
"PPA2254"	468	"PANTHER"	"PTHR43495"	"GABA PERMEASE"	17	450	"0.0"	"-"	"-"	""
"PPA2254"	468	"PANTHER"	"PTHR43495:SF5"	"GABA PERMEASE"	17	450	"0.0"	"-"	"-"	""
"PPA2256"	177	"PANTHER"	"PTHR33164"	"TRANSCRIPTIONAL REGULATOR, MARR FAMILY"	28	166	"3.6E-29"	"-"	"-"	""
"PPA2256"	177	"PANTHER"	"PTHR33164:SF27"	"MARR-FAMILY REGULATORY PROTEIN-RELATED"	28	166	"3.6E-29"	"-"	"-"	""
"PPA2257"	394	"PANTHER"	"PTHR30337"	"COMPONENT OF ATP-DEPENDENT DSDNA EXONUCLEASE"	1	329	"3.5E-47"	"-"	"-"	""
"PPA2257"	394	"PANTHER"	"PTHR30337:SF7"	"PHOSPHOESTERASE"	1	329	"3.5E-47"	"-"	"-"	""
"PPA2258"	868	"PANTHER"	"PTHR41259"	"DOUBLE-STRAND BREAK REPAIR RAD50 ATPASE, PUTATIVE-RELATED"	1	420	"8.4E-43"	"-"	"-"	""
"PPA2258"	868	"PANTHER"	"PTHR41259"	"DOUBLE-STRAND BREAK REPAIR RAD50 ATPASE, PUTATIVE-RELATED"	652	866	"8.4E-43"	"-"	"-"	""
"PPA2259"	448	"PANTHER"	"PTHR42893"	"PROTEIN DETOXIFICATION 44, CHLOROPLASTIC-RELATED"	17	438	"2.3E-70"	"IPR044644"	"Multi antimicrobial extrusion protein DinF-like"	"-"
"PPA2260"	215	"PANTHER"	"PTHR30055"	"HTH-TYPE TRANSCRIPTIONAL REGULATOR RUTR"	7	206	"4.8E-16"	"-"	"-"	""
"PPA2260"	215	"PANTHER"	"PTHR30055:SF191"	"TETR-FAMILY FAMILY TRANSCRIPTIONAL REGULATOR"	7	206	"4.8E-16"	"-"	"-"	""
"PPA2261"	290	"PANTHER"	"PTHR42743:SF3"	"AMINODEOXYCHORISMATE LYASE-RELATED"	14	284	"3.0E-25"	"-"	"-"	""
"PPA2261"	290	"PANTHER"	"PTHR42743"	"AMINO-ACID AMINOTRANSFERASE"	14	284	"3.0E-25"	"-"	"-"	""
"PPA2262"	162	"PANTHER"	"PTHR30411:SF8"	"CYS-TRNA(PRO)/CYS-TRNA(CYS) DEACYLASE YBAK"	9	160	"1.0E-45"	"-"	"-"	""
"PPA2262"	162	"PANTHER"	"PTHR30411"	"UNCHARACTERIZED"	9	160	"1.0E-45"	"-"	"-"	""
"PPA2266"	689	"PANTHER"	"PTHR23090:SF14"	"GLUTAMINE-DEPENDENT NAD(+) SYNTHETASE"	10	683	"0.0"	"-"	"-"	""
"PPA2266"	689	"PANTHER"	"PTHR23090"	"NH 3 /GLUTAMINE-DEPENDENT NAD +  SYNTHETASE"	10	683	"0.0"	"IPR003694"	"NAD(+) synthetase"	"GO:0003952|GO:0004359|GO:0005737|GO:0009435"
"PPA2267"	748	"PANTHER"	"PTHR13697"	"PHOSPHOFRUCTOKINASE"	14	745	"0.0"	"-"	"-"	""
"PPA2267"	748	"PANTHER"	"PTHR13697:SF4"	"ATP-DEPENDENT 6-PHOSPHOFRUCTOKINASE"	14	745	"0.0"	"-"	"-"	""
"PPA2268"	370	"PANTHER"	"PTHR42795"	"ALANINE DEHYDROGENASE"	1	370	"0.0"	"IPR008141"	"Alanine dehydrogenase"	"GO:0000286|GO:0042853"
"PPA2269"	499	"PANTHER"	"PTHR43495:SF2"	"D-SERINE/D-ALANINE/GLYCINE TRANSPORTER"	17	471	"0.0"	"-"	"-"	""
"PPA2269"	499	"PANTHER"	"PTHR43495"	"GABA PERMEASE"	17	471	"0.0"	"-"	"-"	""
"PPA2270"	427	"PANTHER"	"PTHR30582:SF14"	"L,D-TRANSPEPTIDASE 2"	62	423	"3.4E-90"	"-"	"-"	""
"PPA2270"	427	"PANTHER"	"PTHR30582"	"L,D-TRANSPEPTIDASE"	62	423	"3.4E-90"	"-"	"-"	""
"PPA2271"	498	"PANTHER"	"PTHR34183"	"-"	366	497	"1.0E-32"	"-"	"-"	""
"PPA2271"	498	"PANTHER"	"PTHR34183:SF1"	"ENDOLYTIC PEPTIDOGLYCAN TRANSGLYCOSYLASE RLPA"	366	497	"1.0E-32"	"-"	"-"	""
"PPA2272"	428	"PANTHER"	"PTHR42871"	"CITRATE SYNTHASE"	9	427	"0.0"	"-"	"-"	""
"PPA2273"	341	"PANTHER"	"PTHR11409"	"ADENOSINE DEAMINASE"	3	336	"2.2E-88"	"IPR006330"	"Adenosine/adenine deaminase"	"GO:0019239"
"PPA2273"	341	"PANTHER"	"PTHR11409:SF43"	"ADENOSINE DEAMINASE"	3	336	"2.2E-88"	"-"	"-"	""
"PPA2274"	370	"PANTHER"	"PTHR42795"	"ALANINE DEHYDROGENASE"	1	370	"0.0"	"IPR008141"	"Alanine dehydrogenase"	"GO:0000286|GO:0042853"
"PPA2275"	335	"PANTHER"	"PTHR30154"	"LEUCINE-RESPONSIVE REGULATORY PROTEIN"	169	306	"5.4E-35"	"-"	"-"	""
"PPA2275"	335	"PANTHER"	"PTHR30154"	"LEUCINE-RESPONSIVE REGULATORY PROTEIN"	3	140	"5.4E-35"	"-"	"-"	""
"PPA2278"	473	"PANTHER"	"PTHR10314"	"CYSTATHIONINE BETA-SYNTHASE"	56	364	"3.8E-23"	"-"	"-"	""
"PPA2282"	362	"PANTHER"	"PTHR30511"	"ALANINE RACEMASE"	2	355	"2.6E-104"	"-"	"-"	""
"PPA2282"	362	"PANTHER"	"PTHR30511:SF3"	"CYTOPLASMIC PROTEIN-RELATED"	2	355	"2.6E-104"	"-"	"-"	""
"PPA2283"	491	"PANTHER"	"PTHR43495"	"GABA PERMEASE"	34	488	"0.0"	"-"	"-"	""
"PPA2283"	491	"PANTHER"	"PTHR43495:SF2"	"D-SERINE/D-ALANINE/GLYCINE TRANSPORTER"	34	488	"0.0"	"-"	"-"	""
"PPA2284"	504	"PANTHER"	"PTHR43495:SF2"	"D-SERINE/D-ALANINE/GLYCINE TRANSPORTER"	38	489	"0.0"	"-"	"-"	""
"PPA2284"	504	"PANTHER"	"PTHR43495"	"GABA PERMEASE"	38	489	"0.0"	"-"	"-"	""
"PPA2285"	375	"PANTHER"	"PTHR30511"	"ALANINE RACEMASE"	8	373	"4.8E-107"	"-"	"-"	""
"PPA2285"	375	"PANTHER"	"PTHR30511:SF0"	"ALANINE RACEMASE, CATABOLIC-RELATED"	8	373	"4.8E-107"	"-"	"-"	""
"PPA2286"	474	"PANTHER"	"PTHR45745"	"PHOSPHOMANNOMUTASE 45A"	3	468	"2.8E-79"	"-"	"-"	""
"PPA2286"	474	"PANTHER"	"PTHR45745:SF1"	"PHOSPHOMANNOMUTASE 45A"	3	468	"2.8E-79"	"-"	"-"	""
"PPA2287"	396	"PANTHER"	"PTHR10457:SF6"	"GALACTOKINASE"	5	393	"7.6E-40"	"IPR000705"	"Galactokinase"	"GO:0004335|GO:0005524|GO:0006012|GO:0046835"
"PPA2287"	396	"PANTHER"	"PTHR10457"	"MEVALONATE KINASE/GALACTOKINASE"	5	393	"7.6E-40"	"-"	"-"	""
"PPA2288"	278	"PANTHER"	"PTHR42883:SF3"	"BIFUNCTIONAL PROTEIN GLMU"	46	271	"1.1E-28"	"-"	"-"	""
"PPA2288"	278	"PANTHER"	"PTHR42883"	"GLUCOSE-1-PHOSPHATE THYMIDYLTRANSFERASE"	46	271	"1.1E-28"	"-"	"-"	""
"PPA2292"	468	"PANTHER"	"PTHR11444"	"ASPARTATEAMMONIA/ARGININOSUCCINATE/ADENYLOSUCCINATE LYASE"	2	465	"0.0"	"IPR005677"	"Fumarate hydratase, class II"	"GO:0004333|GO:0006106|GO:0045239"
"PPA2293"	303	"PANTHER"	"PTHR43744"	"ABC TRANSPORTER PERMEASE PROTEIN MG189-RELATED-RELATED"	27	303	"8.5E-73"	"-"	"-"	""
"PPA2293"	303	"PANTHER"	"PTHR43744:SF12"	"ABC TRANSPORTER PERMEASE PROTEIN MG189-RELATED"	27	303	"8.5E-73"	"-"	"-"	""
"PPA2294"	302	"PANTHER"	"PTHR43227:SF8"	"BLL4140 PROTEIN"	6	300	"9.7E-59"	"-"	"-"	""
"PPA2294"	302	"PANTHER"	"PTHR43227"	"BLL4140 PROTEIN"	6	300	"9.7E-59"	"-"	"-"	""
"PPA2295"	444	"PANTHER"	"PTHR43649"	"ARABINOSE-BINDING PROTEIN-RELATED"	3	436	"3.0E-35"	"-"	"-"	""
"PPA2296"	335	"PANTHER"	"PTHR30146:SF109"	"HTH-TYPE TRANSCRIPTIONAL REGULATOR MALR"	7	334	"4.6E-76"	"-"	"-"	""
"PPA2296"	335	"PANTHER"	"PTHR30146"	"LACI-RELATED TRANSCRIPTIONAL REPRESSOR"	7	334	"4.6E-76"	"-"	"-"	""
"PPA2298"	285	"PANTHER"	"PTHR30460"	"UNCHARACTERIZED"	11	282	"1.9E-71"	"IPR045276"	"Mechanosensitive ion channel YbiO"	"GO:0008381|GO:0055085"
"PPA2298"	285	"PANTHER"	"PTHR30460:SF0"	"MODERATE CONDUCTANCE MECHANOSENSITIVE CHANNEL YBIO"	11	282	"1.9E-71"	"-"	"-"	""
"PPA2299"	402	"PANTHER"	"PTHR21599"	"GLYCERATE KINASE"	30	396	"1.7E-93"	"IPR004381"	"Glycerate kinase"	"GO:0008887|GO:0031388"
"PPA2301"	507	"PANTHER"	"PTHR46173"	"CCA TRNA NUCLEOTIDYLTRANSFERASE 1, MITOCHONDRIAL"	41	504	"3.6E-79"	"-"	"-"	""
"PPA2303"	603	"PANTHER"	"PTHR43289:SF18"	"SERINE/THREONINE-PROTEIN KINASE PRKC"	24	364	"1.8E-14"	"-"	"-"	""
"PPA2303"	603	"PANTHER"	"PTHR43289"	"MITOGEN-ACTIVATED PROTEIN KINASE KINASE KINASE 20-RELATED"	24	364	"1.8E-14"	"-"	"-"	""
"PPA2304"	515	"PANTHER"	"PTHR10196"	"SUGAR KINASE"	13	508	"0.0"	"-"	"-"	""
"PPA2304"	515	"PANTHER"	"PTHR10196:SF69"	"ZGC:172295"	13	508	"0.0"	"-"	"-"	""
"PPA2305"	250	"PANTHER"	"PTHR43829"	"AQUAPORIN OR AQUAGLYCEROPORIN RELATED"	11	248	"5.3E-57"	"-"	"-"	""
"PPA2305"	250	"PANTHER"	"PTHR43829:SF9"	"AQUAPORIN OR AQUAGLYCEROPORIN RELATED"	11	248	"5.3E-57"	"-"	"-"	""
"PPA2306"	315	"PANTHER"	"PTHR34294:SF1"	"TRANSCRIPTIONAL REGULATOR-RELATED"	5	313	"2.4E-72"	"-"	"-"	""
"PPA2306"	315	"PANTHER"	"PTHR34294"	"TRANSCRIPTIONAL REGULATOR-RELATED"	5	313	"2.4E-72"	"-"	"-"	""
"PPA2307"	479	"PANTHER"	"PTHR43019"	"SERINE ENDOPROTEASE DEGS"	94	477	"4.7E-102"	"-"	"-"	""
"PPA2307"	479	"PANTHER"	"PTHR43019:SF50"	"SERINE PROTEASE PEPD (SERINE PROTEINASE) (MTB32B)-RELATED"	94	477	"4.7E-102"	"-"	"-"	""
"PPA2309"	350	"PANTHER"	"PTHR48105:SF16"	"THIOREDOXIN REDUCTASE 1-RELATED"	45	347	"1.6E-116"	"-"	"-"	""
"PPA2309"	350	"PANTHER"	"PTHR48105"	"THIOREDOXIN REDUCTASE 1-RELATED-RELATED"	45	347	"1.6E-116"	"-"	"-"	""
"PPA2310"	295	"PANTHER"	"PTHR21600:SF47"	"RNA PSEUDOURIDINE SYNTHASE 1"	77	286	"4.1E-35"	"-"	"-"	""
"PPA2310"	295	"PANTHER"	"PTHR21600"	"MITOCHONDRIAL RNA PSEUDOURIDINE SYNTHASE"	77	286	"4.1E-35"	"-"	"-"	""
"PPA2311"	415	"PANTHER"	"PTHR23528"	"-"	31	414	"3.9E-58"	"-"	"-"	""
"PPA2312"	309	"PANTHER"	"PTHR48081"	"AB HYDROLASE SUPERFAMILY PROTEIN C4A8.06C"	57	307	"1.7E-41"	"-"	"-"	""
"PPA2314"	159	"PANTHER"	"PTHR45663"	"GEO12009P1"	12	157	"1.2E-28"	"-"	"-"	""
"PPA2315"	355	"PANTHER"	"PTHR11728"	"GLYCEROL-3-PHOSPHATE DEHYDROGENASE"	3	314	"2.2E-31"	"-"	"-"	""
"PPA2318"	687	"PANTHER"	"PTHR43522:SF2"	"TRANSKETOLASE 1-RELATED"	4	684	"0.0"	"-"	"-"	""
"PPA2318"	687	"PANTHER"	"PTHR43522"	"TRANSKETOLASE"	4	684	"0.0"	"IPR033247"	"Transketolase family"	"-"
"PPA2319"	587	"PANTHER"	"PTHR43435"	"RIBULOKINASE"	18	548	"1.0E-120"	"-"	"-"	""
"PPA2319"	587	"PANTHER"	"PTHR43435:SF4"	"FGGY CARBOHYDRATE KINASE DOMAIN-CONTAINING PROTEIN"	18	548	"1.0E-120"	"-"	"-"	""
"PPA2320"	454	"PANTHER"	"PTHR43616"	"GLYCEROL DEHYDROGENASE"	18	300	"2.1E-42"	"IPR016205"	"Glycerol dehydrogenase"	"GO:0016614|GO:0046872"
"PPA2320"	454	"PANTHER"	"PTHR43616:SF5"	"GLYCEROL DEHYDROGENASE 1"	18	300	"2.1E-42"	"-"	"-"	""
"PPA2321"	534	"PANTHER"	"PTHR43435:SF4"	"FGGY CARBOHYDRATE KINASE DOMAIN-CONTAINING PROTEIN"	5	513	"0.0"	"-"	"-"	""
"PPA2321"	534	"PANTHER"	"PTHR43435"	"RIBULOKINASE"	5	513	"0.0"	"-"	"-"	""
"PPA2322"	285	"PANTHER"	"PTHR19288"	"4-NITROPHENYLPHOSPHATASE-RELATED"	13	268	"4.3E-48"	"-"	"-"	""
"PPA2322"	285	"PANTHER"	"PTHR19288:SF75"	"FI11325P-RELATED"	13	268	"4.3E-48"	"-"	"-"	""
"PPA2324"	160	"PANTHER"	"PTHR43732"	"RIBOSE 5-PHOSPHATE ISOMERASE-RELATED"	3	152	"3.3E-61"	"-"	"-"	""
"PPA2325"	172	"PANTHER"	"PTHR22789"	"FUCULOSE PHOSPHATE ALDOLASE"	1	162	"6.6E-44"	"-"	"-"	""
"PPA2325"	172	"PANTHER"	"PTHR22789:SF8"	"L-RIBULOSE-5-PHOSPHATE 4-EPIMERASE SGBE"	1	162	"6.6E-44"	"-"	"-"	""
"PPA2326"	268	"PANTHER"	"PTHR30363:SF29"	"GLYCEROL-3-PHOSPHATE REGULON REPRESSOR"	14	260	"1.3E-49"	"-"	"-"	""
"PPA2326"	268	"PANTHER"	"PTHR30363"	"HTH-TYPE TRANSCRIPTIONAL REGULATOR SRLR-RELATED"	14	260	"1.3E-49"	"-"	"-"	""
"PPA2327"	357	"PANTHER"	"PTHR30387"	"MANNONATE DEHYDRATASE"	1	354	"2.2E-114"	"IPR004628"	"Mannonate dehydratase"	"GO:0006064|GO:0008927"
"PPA2328"	529	"PANTHER"	"PTHR43362"	"MANNITOL DEHYDROGENASE DSF1-RELATED"	31	498	"4.6E-90"	"-"	"-"	""
"PPA2328"	529	"PANTHER"	"PTHR43362:SF1"	"MANNITOL DEHYDROGENASE DSF1-RELATED"	31	498	"4.6E-90"	"-"	"-"	""
"PPA2329"	470	"PANTHER"	"PTHR30068"	"URONATE ISOMERASE"	7	468	"5.3E-104"	"-"	"-"	""
"PPA2329"	470	"PANTHER"	"PTHR30068:SF4"	"URONATE ISOMERASE"	7	468	"5.3E-104"	"-"	"-"	""
"PPA2330"	335	"PANTHER"	"PTHR30146"	"LACI-RELATED TRANSCRIPTIONAL REPRESSOR"	11	334	"4.6E-62"	"-"	"-"	""
"PPA2331"	474	"PANTHER"	"PTHR11328"	"MAJOR FACILITATOR SUPERFAMILY DOMAIN-CONTAINING PROTEIN"	22	471	"7.8E-70"	"IPR039672"	"Lactose permease-like"	"GO:0008643|GO:0015293|GO:0016021"
"PPA2331"	474	"PANTHER"	"PTHR11328:SF24"	"INNER MEMBRANE SYMPORTER YICJ-RELATED"	22	471	"7.8E-70"	"-"	"-"	""
"PPA2332"	830	"PANTHER"	"PTHR22762:SF120"	"HETEROGLYCAN GLUCOSIDASE 1"	169	802	"0.0"	"-"	"-"	""
"PPA2332"	830	"PANTHER"	"PTHR22762"	"ALPHA-GLUCOSIDASE"	169	802	"0.0"	"-"	"-"	""
"PPA2333"	593	"PANTHER"	"PTHR10066"	"BETA-GLUCURONIDASE"	1	592	"0.0"	"-"	"-"	""
"PPA2337"	465	"PANTHER"	"PTHR42790:SF3"	"KYNURENINE/ALPHA-AMINOADIPATE AMINOTRANSFERASE, MITOCHONDRIAL"	50	439	"2.0E-96"	"-"	"-"	""
"PPA2337"	465	"PANTHER"	"PTHR42790"	"AMINOTRANSFERASE"	50	439	"2.0E-96"	"-"	"-"	""
"PPA2338"	327	"PANTHER"	"PTHR23132"	"D-ALANINE--D-ALANINE LIGASE"	16	320	"4.6E-72"	"-"	"-"	""
"PPA2338"	327	"PANTHER"	"PTHR23132:SF23"	"D-ALANINE--D-ALANINE LIGASE B"	16	320	"4.6E-72"	"-"	"-"	""
"PPA2340"	190	"PANTHER"	"PTHR40077:SF2"	"MEMBRANE PROTEIN-RELATED"	70	175	"1.4E-21"	"-"	"-"	""
"PPA2340"	190	"PANTHER"	"PTHR40077"	"MEMBRANE PROTEIN-RELATED"	70	175	"1.4E-21"	"-"	"-"	""
"PPA2341"	306	"PANTHER"	"PTHR33375:SF1"	"CHROMOSOME-PARTITIONING PROTEIN PARB-RELATED"	43	301	"7.1E-72"	"-"	"-"	""
"PPA2341"	306	"PANTHER"	"PTHR33375"	"CHROMOSOME-PARTITIONING PROTEIN PARB-RELATED"	43	301	"7.1E-72"	"-"	"-"	""
"PPA2342"	328	"PANTHER"	"PTHR13696:SF90"	"POSSIBLE SOJ/PARA-RELATED PROTEIN"	25	300	"2.1E-71"	"-"	"-"	""
"PPA2342"	328	"PANTHER"	"PTHR13696"	"P-LOOP CONTAINING NUCLEOSIDE TRIPHOSPHATE HYDROLASE"	25	300	"2.1E-71"	"-"	"-"	""
"PPA2344"	208	"PANTHER"	"PTHR31760"	"S-ADENOSYL-L-METHIONINE-DEPENDENT METHYLTRANSFERASES SUPERFAMILY PROTEIN"	9	182	"3.1E-40"	"IPR003682"	"rRNA small subunit methyltransferase G"	"GO:0005737|GO:0006364|GO:0008649"
"PPA2346"	342	"PANTHER"	"PTHR30511"	"ALANINE RACEMASE"	11	136	"3.2E-12"	"-"	"-"	""
"PPA2347"	363	"PANTHER"	"PTHR36174:SF1"	"LIPID II:GLYCINE GLYCYLTRANSFERASE"	3	363	"2.0E-78"	"-"	"-"	""
"PPA2347"	363	"PANTHER"	"PTHR36174"	"LIPID II:GLYCINE GLYCYLTRANSFERASE"	3	363	"2.0E-78"	"-"	"-"	""
"PPA2349"	203	"PANTHER"	"PTHR35800"	"PROTEIN JAG"	51	202	"6.4E-38"	"IPR039247"	"RNA-binding protein KhpB"	"GO:0003723"
"PPA2350"	359	"PANTHER"	"PTHR12428"	"OXA1"	32	304	"4.2E-57"	"IPR001708"	"Membrane  insertase YidC/ALB3/OXA1/COX18"	"GO:0016021|GO:0032977"
"PPA2350"	359	"PANTHER"	"PTHR12428:SF14"	"ALBINO3-LIKE PROTEIN 1, CHLOROPLASTIC"	32	304	"4.2E-57"	"-"	"-"	""
"PPA2351"	167	"PANTHER"	"PTHR33383"	"MEMBRANE PROTEIN INSERTION EFFICIENCY FACTOR-RELATED"	38	109	"4.5E-22"	"IPR002696"	"Putative membrane protein insertion efficiency factor"	"-"
"PPA2352"	85	"PANTHER"	"PTHR33992"	"RIBONUCLEASE P PROTEIN COMPONENT"	10	82	"1.1E-12"	"IPR000100"	"Ribonuclease P"	"GO:0000049|GO:0004526|GO:0008033"
"PPA2353"	44	"PANTHER"	"PTHR14503:SF4"	"39S RIBOSOMAL PROTEIN L34, MITOCHONDRIAL"	2	44	"6.1E-14"	"-"	"-"	""
"PPA2353"	44	"PANTHER"	"PTHR14503"	"MITOCHONDRIAL RIBOSOMAL PROTEIN 34 FAMILY MEMBER"	2	44	"6.1E-14"	"IPR000271"	"Ribosomal protein L34"	"GO:0003735|GO:0005840|GO:0006412"
"PPA2359"	312	"PANTHER"	"PTHR18964:SF149"	"BIFUNCTIONAL UDP-N-ACETYLGLUCOSAMINE 2-EPIMERASE/N-ACETYLMANNOSAMINE KINASE"	10	302	"3.4E-64"	"-"	"-"	""
"PPA2359"	312	"PANTHER"	"PTHR18964"	"ROK (REPRESSOR, ORF, KINASE) FAMILY"	10	302	"3.4E-64"	"IPR000600"	"ROK family"	"-"
"PPA2396"	135	"PANTHER"	"PTHR30501"	"UNCHARACTERIZED"	14	80	"8.0E-15"	"IPR021144"	"Uncharacterised protein family UPF0597"	"-"
"PPA2399"	142	"PANTHER"	"PTHR42756"	"TRANSCRIPTIONAL REGULATOR, MARR"	21	138	"1.7E-14"	"-"	"-"	""
"PPA2407"	100	"PANTHER"	"PTHR34404:SF2"	"CONSERVED SERINE RICH PROTEIN"	1	72	"6.7E-24"	"-"	"-"	""
"PPA2407"	100	"PANTHER"	"PTHR34404"	"REGULATORY PROTEIN, FMDB FAMILY"	1	72	"6.7E-24"	"-"	"-"	""
