"GeneID"	"Functional Class"
"PPA0001"	"information pathways"
"PPA0002"	"information pathways"
"PPA0003"	"Conserved hyphotheticals and uncharacterized proteins"
"PPA0004"	"information pathways"
"PPA0005"	"Conserved hyphotheticals and uncharacterized proteins"
"PPA0008"	"intermediary metabolism and respiration"
"PPA0009"	"information pathways"
"PPA0010"	"information pathways"
"PPA0011"	"Conserved hyphotheticals and uncharacterized proteins"
"PPA0012"	"intermediary metabolism and respiration"
"PPA0013"	"Conserved hyphotheticals and uncharacterized proteins"
"PPA0014"	"regulatory protein"
"PPA0015"	"Cell wall and cell processes"
"PPA0016"	"Cell wall and cell processes"
"PPA0017"	"Cell wall and cell processes"
"PPA0018"	"intermediary metabolism and respiration"
"PPA0019"	"Cell wall and cell processes"
"PPA0020"	"Conserved hyphotheticals and uncharacterized proteins"
"PPA0021"	"intermediary metabolism and respiration"
"PPA0022"	"information pathways"
"PPA0023"	"intermediary metabolism and respiration"
"PPA0025"	"intermediary metabolism and respiration"
"PPA0029"	"information pathways"
"PPA0030"	"intermediary metabolism and respiration"
"PPA0031"	"regulatory protein"
"PPA0032"	"Conserved hyphotheticals and uncharacterized proteins"
"PPA0033"	"Conserved hyphotheticals and uncharacterized proteins"
"PPA0034"	"intermediary metabolism and respiration"
"PPA0037"	"intermediary metabolism and respiration"
"PPA0038"	"Conserved hyphotheticals and uncharacterized proteins"
"PPA0039"	"Cell wall and cell processes"
"PPA0040"	"intermediary metabolism and respiration"
"PPA0041"	"Cell wall and cell processes"
"PPA0042"	"Cell wall and cell processes"
"PPA0043"	"Detoxification virulence and adaptation"
"PPA0044"	"Cell wall and cell processes"
"PPA0046"	"Cell wall and cell processes"
"PPA0047"	"Cell wall and cell processes"
"PPA0048"	"Cell wall and cell processes"
"PPA0049"	"intermediary metabolism and respiration"
"PPA0050"	"Conserved hyphotheticals and uncharacterized proteins"
"PPA0051"	"Conserved hyphotheticals and uncharacterized proteins"
"PPA0052"	"information pathways"
"PPA0053"	"Cell wall and cell processes"
"PPA0054"	"Cell wall and cell processes"
"PPA0055"	"regulatory protein"
"PPA0056"	"Cell wall and cell processes"
"PPA0057"	"Cell wall and cell processes"
"PPA0058"	"Cell wall and cell processes, intermediary metabolism and respiration"
"PPA0059"	"Cell wall and cell processes"
"PPA0060"	"regulatory protein"
"PPA0061"	"intermediary metabolism and respiration"
"PPA0062"	"intermediary metabolism and respiration"
"PPA0063"	"intermediary metabolism and respiration"
"PPA0064"	"intermediary metabolism and respiration"
"PPA0065"	"intermediary metabolism and respiration"
"PPA0066"	"intermediary metabolism and respiration"
"PPA0067"	"intermediary metabolism and respiration"
"PPA0068"	"regulatory protein"
"PPA0069"	"intermediary metabolism and respiration"
"PPA0070"	"regulatory protein"
"PPA0071"	"Cell wall and cell processes"
"PPA0072"	"Cell wall and cell processes"
"PPA0073"	"Cell wall and cell processes"
"PPA0074"	"Cell wall and cell processes"
"PPA0075"	"intermediary metabolism and respiration"
"PPA0076"	"Cell wall and cell processes"
"PPA0077"	"Cell wall and cell processes, Detoxification virulence and adaptation"
"PPA0078"	"Cell wall and cell processes"
"PPA0079"	"intermediary metabolism and respiration"
"PPA0080"	"Cell wall and cell processes"
"PPA0081"	"intermediary metabolism and respiration"
"PPA0082"	"regulatory protein, Conserved hyphotheticals and uncharacterized proteins"
"PPA0083"	"intermediary metabolism and respiration"
"PPA0084"	"regulatory protein"
"PPA0085"	"Cell wall and cell processes"
"PPA0086"	"Cell wall and cell processes"
"PPA0087"	"Cell wall and cell processes"
"PPA0088"	"regulatory protein"
"PPA0089"	"intermediary metabolism and respiration"
"PPA0090"	"intermediary metabolism and respiration"
"PPA0091"	"regulatory protein"
"PPA0092"	"Cell wall and cell processes"
"PPA0093"	"Conserved hyphotheticals and uncharacterized proteins"
"PPA0094"	"intermediary metabolism and respiration"
"PPA0095"	"Cell wall and cell processes, intermediary metabolism and respiration"
"PPA0096"	"Conserved hyphotheticals and uncharacterized proteins"
"PPA0097"	"Detoxification virulence and adaptation"
"PPA0098"	"Cell wall and cell processes"
"PPA0099"	"Cell wall and cell processes"
"PPA0100"	"intermediary metabolism and respiration"
"PPA0101"	"intermediary metabolism and respiration"
"PPA0102"	"intermediary metabolism and respiration"
"PPA0103"	"intermediary metabolism and respiration"
"PPA0104"	"Cell wall and cell processes"
"PPA0105"	"Cell wall and cell processes"
"PPA0106"	"Cell wall and cell processes"
"PPA0107"	"Cell wall and cell processes"
"PPA0108"	"regulatory protein"
"PPA0109"	"lipid metabolism, Detoxification virulence and adaptation"
"PPA0110"	"intermediary metabolism and respiration"
"PPA0111"	"Conserved hyphotheticals and uncharacterized proteins"
"PPA0112"	"intermediary metabolism and respiration"
"PPA0113"	"Conserved hyphotheticals and uncharacterized proteins"
"PPA0114"	"Conserved hyphotheticals and uncharacterized proteins"
"PPA0115"	"Cell wall and cell processes"
"PPA0116"	"Cell wall and cell processes"
"PPA0117"	"Cell wall and cell processes"
"PPA0118"	"regulatory protein"
"PPA0119"	"regulatory protein"
"PPA0120"	"Conserved hyphotheticals and uncharacterized proteins"
"PPA0121"	"Conserved hyphotheticals and uncharacterized proteins"
"PPA0122"	"intermediary metabolism and respiration"
"PPA0125"	"Conserved hyphotheticals and uncharacterized proteins"
"PPA0126"	"Cell wall and cell processes"
"PPA0127"	"Cell wall and cell processes"
"PPA0128"	"Cell wall and cell processes"
"PPA0129"	"Cell wall and cell processes"
"PPA0130"	"intermediary metabolism and respiration, Detoxification virulence and adaptation"
"PPA0131"	"intermediary metabolism and respiration"
"PPA0132"	"Detoxification virulence and adaptation"
"PPA0133"	"Conserved hyphotheticals and uncharacterized proteins"
"PPA0134"	"intermediary metabolism and respiration"
"PPA0135"	"regulatory protein"
"PPA0136"	"intermediary metabolism and respiration"
"PPA0137"	"Conserved hyphotheticals and uncharacterized proteins"
"PPA0138"	"Cell wall and cell processes"
"PPA0139"	"intermediary metabolism and respiration"
"PPA0140"	"intermediary metabolism and respiration"
"PPA0141"	"Cell wall and cell processes"
"PPA0142"	"intermediary metabolism and respiration"
"PPA0143"	"intermediary metabolism and respiration"
"PPA0144"	"regulatory protein"
"PPA0145"	"intermediary metabolism and respiration"
"PPA0146"	"Detoxification virulence and adaptation"
"PPA0147"	"intermediary metabolism and respiration"
"PPA0148"	"intermediary metabolism and respiration"
"PPA0149"	"intermediary metabolism and respiration"
"PPA0150"	"Conserved hyphotheticals and uncharacterized proteins"
"PPA0151"	"Conserved hyphotheticals and uncharacterized proteins"
"PPA0152"	"intermediary metabolism and respiration"
"PPA0154"	"intermediary metabolism and respiration"
"PPA0155"	"information pathways"
"PPA0156"	"Cell wall and cell processes"
"PPA0157"	"Cell wall and cell processes"
"PPA0158"	"intermediary metabolism and respiration"
"PPA0159"	"Conserved hyphotheticals and uncharacterized proteins"
"PPA0160"	"Conserved hyphotheticals and uncharacterized proteins"
"PPA0161"	"intermediary metabolism and respiration"
"PPA0162"	"intermediary metabolism and respiration"
"PPA0163"	"intermediary metabolism and respiration"
"PPA0164"	"intermediary metabolism and respiration"
"PPA0165"	"regulatory protein"
"PPA0166"	"Cell wall and cell processes"
"PPA0167"	"intermediary metabolism and respiration"
"PPA0168"	"intermediary metabolism and respiration"
"PPA0169"	"intermediary metabolism and respiration"
"PPA0170"	"Cell wall and cell processes"
"PPA0171"	"Conserved hyphotheticals and uncharacterized proteins"
"PPA0172"	"Conserved hyphotheticals and uncharacterized proteins"
"PPA0173"	"Cell wall and cell processes, Detoxification virulence and adaptation"
"PPA0174"	"Cell wall and cell processes, Detoxification virulence and adaptation"
"PPA0175"	"intermediary metabolism and respiration"
"PPA0176"	"intermediary metabolism and respiration"
"PPA0177"	"information pathways"
"PPA0178"	"Cell wall and cell processes"
"PPA0179"	"Cell wall and cell processes"
"PPA0180"	"regulatory protein"
"PPA0181"	"information pathways"
"PPA0182"	"Cell wall and cell processes"
"PPA0183"	"Conserved hyphotheticals and uncharacterized proteins"
"PPA0184"	"regulatory protein"
"PPA0185"	"Cell wall and cell processes"
"PPA0186"	"Cell wall and cell processes"
"PPA0187"	"intermediary metabolism and respiration"
"PPA0188"	"regulatory protein"
"PPA0189"	"regulatory protein"
"PPA0190"	"intermediary metabolism and respiration"
"PPA0191"	"regulatory protein"
"PPA0192"	"Cell wall and cell processes"
"PPA0193"	"Cell wall and cell processes"
"PPA0194"	"Detoxification virulence and adaptation"
"PPA0195"	"Detoxification virulence and adaptation"
"PPA0196"	"Detoxification virulence and adaptation"
"PPA0197"	"Conserved hyphotheticals and uncharacterized proteins"
"PPA0198"	"intermediary metabolism and respiration"
"PPA0199"	"Detoxification virulence and adaptation"
"PPA0200"	"Detoxification virulence and adaptation"
"PPA0201"	"Conserved hyphotheticals and uncharacterized proteins"
"PPA0202"	"Detoxification virulence and adaptation"
"PPA0203"	"Conserved hyphotheticals and uncharacterized proteins"
"PPA0204"	"information pathways"
"PPA0205"	"information pathways, Detoxification virulence and adaptation"
"PPA0206"	"information pathways"
"PPA0207"	"regulatory protein"
"PPA0208"	"Cell wall and cell processes"
"PPA0209"	"Cell wall and cell processes"
"PPA0210"	"Cell wall and cell processes"
"PPA0211"	"intermediary metabolism and respiration"
"PPA0212"	"intermediary metabolism and respiration"
"PPA0213"	"Cell wall and cell processes"
"PPA0214"	"Cell wall and cell processes"
"PPA0215"	"Cell wall and cell processes"
"PPA0216"	"information pathways"
"PPA0217"	"Cell wall and cell processes"
"PPA0218"	"Cell wall and cell processes"
"PPA0219"	"intermediary metabolism and respiration, Detoxification virulence and adaptation"
"PPA0220"	"regulatory protein"
"PPA0221"	"information pathways"
"PPA0222"	"regulatory protein"
"PPA0223"	"information pathways"
"PPA0224"	"Detoxification virulence and adaptation"
"PPA0225"	"intermediary metabolism and respiration"
"PPA0226"	"Cell wall and cell processes"
"PPA0227"	"Cell wall and cell processes"
"PPA0228"	"intermediary metabolism and respiration, Detoxification virulence and adaptation"
"PPA0229"	"Cell wall and cell processes"
"PPA0230"	"Cell wall and cell processes"
"PPA0231"	"Cell wall and cell processes"
"PPA0232"	"Detoxification virulence and adaptation"
"PPA0233"	"Conserved hyphotheticals and uncharacterized proteins"
"PPA0234"	"Cell wall and cell processes"
"PPA0235"	"Cell wall and cell processes"
"PPA0236"	"Conserved hyphotheticals and uncharacterized proteins"
"PPA0237"	"information pathways"
"PPA0238"	"information pathways"
"PPA0240"	"Conserved hyphotheticals and uncharacterized proteins"
"PPA0241"	"information pathways"
"PPA0242"	"regulatory protein"
"PPA0243"	"intermediary metabolism and respiration"
"PPA0244"	"information pathways"
"PPA0245"	"intermediary metabolism and respiration"
"PPA0246"	"information pathways"
"PPA0247"	"intermediary metabolism and respiration"
"PPA0248"	"Conserved hyphotheticals and uncharacterized proteins"
"PPA0249"	"Conserved hyphotheticals and uncharacterized proteins"
"PPA0250"	"intermediary metabolism and respiration"
"PPA0251"	"regulatory protein"
"PPA0252"	"intermediary metabolism and respiration, Detoxification virulence and adaptation"
"PPA0255"	"intermediary metabolism and respiration"
"PPA0256"	"intermediary metabolism and respiration"
"PPA0257"	"intermediary metabolism and respiration"
"PPA0258"	"information pathways"
"PPA0259"	"intermediary metabolism and respiration"
"PPA0260"	"Cell wall and cell processes"
"PPA0261"	"intermediary metabolism and respiration"
"PPA0262"	"Conserved hyphotheticals and uncharacterized proteins"
"PPA0263"	"Cell wall and cell processes"
"PPA0264"	"Detoxification virulence and adaptation"
"PPA0265"	"Conserved hyphotheticals and uncharacterized proteins"
"PPA0266"	"Conserved hyphotheticals and uncharacterized proteins"
"PPA0267"	"intermediary metabolism and respiration"
"PPA0268"	"Conserved hyphotheticals and uncharacterized proteins"
"PPA0270"	"Conserved hyphotheticals and uncharacterized proteins"
"PPA0271"	"intermediary metabolism and respiration"
"PPA0272"	"intermediary metabolism and respiration"
"PPA0273"	"intermediary metabolism and respiration"
"PPA0274"	"Conserved hyphotheticals and uncharacterized proteins"
"PPA0275"	"Cell wall and cell processes"
"PPA0276"	"intermediary metabolism and respiration"
"PPA0277"	"regulatory protein"
"PPA0278"	"Detoxification virulence and adaptation"
"PPA0279"	"Conserved hyphotheticals and uncharacterized proteins"
"PPA0280"	"Cell wall and cell processes"
"PPA0281"	"Cell wall and cell processes"
"PPA0282"	"intermediary metabolism and respiration"
"PPA0283"	"intermediary metabolism and respiration"
"PPA0284"	"intermediary metabolism and respiration"
"PPA0285"	"Cell wall and cell processes, Detoxification virulence and adaptation"
"PPA0286"	"Cell wall and cell processes"
"PPA0287"	"Cell wall and cell processes"
"PPA0288"	"intermediary metabolism and respiration"
"PPA0289"	"regulatory protein"
"PPA0290"	"regulatory protein"
"PPA0291"	"Conserved hyphotheticals and uncharacterized proteins"
"PPA0292"	"information pathways"
"PPA0293"	"information pathways"
"PPA0294"	"information pathways"
"PPA0295"	"Cell wall and cell processes"
"PPA0296"	"intermediary metabolism and respiration"
"PPA0298"	"intermediary metabolism and respiration, Detoxification virulence and adaptation"
"PPA0299"	"regulatory protein"
"PPA0300"	"information pathways"
"PPA0301"	"intermediary metabolism and respiration"
"PPA0302"	"intermediary metabolism and respiration"
"PPA0303"	"intermediary metabolism and respiration"
"PPA0304"	"intermediary metabolism and respiration"
"PPA0305"	"intermediary metabolism and respiration"
"PPA0306"	"intermediary metabolism and respiration"
"PPA0307"	"intermediary metabolism and respiration"
"PPA0308"	"intermediary metabolism and respiration"
"PPA0310"	"Conserved hyphotheticals and uncharacterized proteins"
"PPA0311"	"information pathways"
"PPA0312"	"information pathways"
"PPA0313"	"intermediary metabolism and respiration"
"PPA0314"	"intermediary metabolism and respiration"
"PPA0315"	"information pathways"
"PPA0316"	"intermediary metabolism and respiration"
"PPA0317"	"Conserved hyphotheticals and uncharacterized proteins"
"PPA0318"	"intermediary metabolism and respiration"
"PPA0319"	"intermediary metabolism and respiration"
"PPA0320"	"Conserved hyphotheticals and uncharacterized proteins"
"PPA0321"	"intermediary metabolism and respiration, Detoxification virulence and adaptation"
"PPA0323"	"intermediary metabolism and respiration"
"PPA0324"	"intermediary metabolism and respiration"
"PPA0325"	"intermediary metabolism and respiration, Detoxification virulence and adaptation"
"PPA0326"	"intermediary metabolism and respiration"
"PPA0327"	"intermediary metabolism and respiration"
"PPA0328"	"Cell wall and cell processes, Detoxification virulence and adaptation"
"PPA0329"	"information pathways"
"PPA0330"	"intermediary metabolism and respiration"
"PPA0331"	"Cell wall and cell processes"
"PPA0332"	"Conserved hyphotheticals and uncharacterized proteins"
"PPA0333"	"intermediary metabolism and respiration"
"PPA0334"	"Cell wall and cell processes"
"PPA0335"	"Cell wall and cell processes"
"PPA0336"	"Cell wall and cell processes, Detoxification virulence and adaptation"
"PPA0337"	"intermediary metabolism and respiration, Detoxification virulence and adaptation"
"PPA0338"	"Cell wall and cell processes"
"PPA0339"	"Cell wall and cell processes"
"PPA0340"	"Cell wall and cell processes"
"PPA0341"	"Cell wall and cell processes"
"PPA0342"	"intermediary metabolism and respiration"
"PPA0343"	"intermediary metabolism and respiration"
"PPA0344"	"regulatory protein"
"PPA0345"	"Detoxification virulence and adaptation"
"PPA0346"	"information pathways"
"PPA0347"	"intermediary metabolism and respiration"
"PPA0348"	"intermediary metabolism and respiration"
"PPA0349"	"Cell wall and cell processes"
"PPA0350"	"intermediary metabolism and respiration"
"PPA0351"	"information pathways, regulatory protein"
"PPA0352"	"information pathways"
"PPA0353"	"intermediary metabolism and respiration"
"PPA0354"	"intermediary metabolism and respiration"
"PPA0355"	"information pathways"
"PPA0356"	"information pathways"
"PPA0357"	"regulatory protein"
"PPA0358"	"Cell wall and cell processes"
"PPA0359"	"regulatory protein"
"PPA0360"	"regulatory protein"
"PPA0361"	"Cell wall and cell processes"
"PPA0363"	"Cell wall and cell processes"
"PPA0364"	"intermediary metabolism and respiration"
"PPA0365"	"Cell wall and cell processes"
"PPA0366"	"information pathways"
"PPA0367"	"intermediary metabolism and respiration"
"PPA0368"	"Cell wall and cell processes"
"PPA0369"	"intermediary metabolism and respiration"
"PPA0370"	"intermediary metabolism and respiration"
"PPA0371"	"intermediary metabolism and respiration"
"PPA0372"	"lipid metabolism"
"PPA0373"	"intermediary metabolism and respiration"
"PPA0376"	"intermediary metabolism and respiration"
"PPA0377"	"intermediary metabolism and respiration"
"PPA0378"	"intermediary metabolism and respiration"
"PPA0379"	"intermediary metabolism and respiration"
"PPA0380"	"Detoxification virulence and adaptation"
"PPA0381"	"Conserved hyphotheticals and uncharacterized proteins"
"PPA0382"	"Conserved hyphotheticals and uncharacterized proteins"
"PPA0383"	"information pathways"
"PPA0384"	"information pathways"
"PPA0385"	"Conserved hyphotheticals and uncharacterized proteins"
"PPA0386"	"regulatory protein"
"PPA0387"	"Detoxification virulence and adaptation"
"PPA0388"	"Conserved hyphotheticals and uncharacterized proteins"
"PPA0389"	"Detoxification virulence and adaptation"
"PPA0390"	"Conserved hyphotheticals and uncharacterized proteins"
"PPA0391"	"Cell wall and cell processes, Detoxification virulence and adaptation"
"PPA0392"	"information pathways, regulatory protein"
"PPA0393"	"Detoxification virulence and adaptation"
"PPA0394"	"Conserved hyphotheticals and uncharacterized proteins"
"PPA0395"	"Cell wall and cell processes"
"PPA0396"	"intermediary metabolism and respiration"
"PPA0397"	"regulatory protein"
"PPA0398"	"Cell wall and cell processes"
"PPA0399"	"Cell wall and cell processes"
"PPA0400"	"Cell wall and cell processes"
"PPA0402"	"intermediary metabolism and respiration"
"PPA0403"	"intermediary metabolism and respiration"
"PPA0404"	"Cell wall and cell processes"
"PPA0405"	"Cell wall and cell processes"
"PPA0406"	"Cell wall and cell processes"
"PPA0407"	"Cell wall and cell processes, Detoxification virulence and adaptation"
"PPA0408"	"Conserved hyphotheticals and uncharacterized proteins"
"PPA0409"	"regulatory protein"
"PPA0410"	"intermediary metabolism and respiration"
"PPA0411"	"intermediary metabolism and respiration"
"PPA0412"	"Cell wall and cell processes"
"PPA0413"	"Cell wall and cell processes"
"PPA0414"	"Conserved hyphotheticals and uncharacterized proteins"
"PPA0415"	"regulatory protein"
"PPA0416"	"regulatory protein"
"PPA0417"	"intermediary metabolism and respiration"
"PPA0418"	"intermediary metabolism and respiration"
"PPA0419"	"intermediary metabolism and respiration"
"PPA0420"	"intermediary metabolism and respiration"
"PPA0421"	"intermediary metabolism and respiration"
"PPA0422"	"intermediary metabolism and respiration"
"PPA0423"	"intermediary metabolism and respiration"
"PPA0424"	"Conserved hyphotheticals and uncharacterized proteins"
"PPA0425"	"Cell wall and cell processes"
"PPA0426"	"Cell wall and cell processes"
"PPA0427"	"Cell wall and cell processes"
"PPA0428"	"Cell wall and cell processes, regulatory protein, Detoxification virulence and adaptation"
"PPA0429"	"intermediary metabolism and respiration"
"PPA0430"	"intermediary metabolism and respiration"
"PPA0432"	"intermediary metabolism and respiration"
"PPA0433"	"Cell wall and cell processes"
"PPA0434"	"Cell wall and cell processes"
"PPA0435"	"regulatory protein"
"PPA0436"	"intermediary metabolism and respiration"
"PPA0437"	"intermediary metabolism and respiration"
"PPA0438"	"intermediary metabolism and respiration"
"PPA0439"	"intermediary metabolism and respiration"
"PPA0440"	"intermediary metabolism and respiration"
"PPA0441"	"intermediary metabolism and respiration"
"PPA0442"	"intermediary metabolism and respiration"
"PPA0443"	"Cell wall and cell processes"
"PPA0444"	"Conserved hyphotheticals and uncharacterized proteins"
"PPA0445"	"Conserved hyphotheticals and uncharacterized proteins"
"PPA0446"	"Cell wall and cell processes"
"PPA0447"	"information pathways"
"PPA0448"	"Conserved hyphotheticals and uncharacterized proteins"
"PPA0449"	"Conserved hyphotheticals and uncharacterized proteins"
"PPA0450"	"intermediary metabolism and respiration"
"PPA0451"	"intermediary metabolism and respiration"
"PPA0452"	"Conserved hyphotheticals and uncharacterized proteins"
"PPA0453"	"Detoxification virulence and adaptation"
"PPA0454"	"intermediary metabolism and respiration"
"PPA0455"	"regulatory protein"
"PPA0456"	"intermediary metabolism and respiration"
"PPA0457"	"intermediary metabolism and respiration"
"PPA0458"	"intermediary metabolism and respiration"
"PPA0459"	"intermediary metabolism and respiration"
"PPA0460"	"Conserved hyphotheticals and uncharacterized proteins"
"PPA0461"	"intermediary metabolism and respiration"
"PPA0462"	"regulatory protein"
"PPA0463"	"intermediary metabolism and respiration, Detoxification virulence and adaptation"
"PPA0464"	"intermediary metabolism and respiration"
"PPA0465"	"intermediary metabolism and respiration"
"PPA0466"	"intermediary metabolism and respiration"
"PPA0467"	"Cell wall and cell processes"
"PPA0468"	"intermediary metabolism and respiration"
"PPA0469"	"intermediary metabolism and respiration"
"PPA0470"	"Cell wall and cell processes, information pathways"
"PPA0471"	"Detoxification virulence and adaptation"
"PPA0472"	"Cell wall and cell processes"
"PPA0473"	"information pathways"
"PPA0474"	"information pathways"
"PPA0475"	"Conserved hyphotheticals and uncharacterized proteins"
"PPA0476"	"intermediary metabolism and respiration"
"PPA0477"	"Detoxification virulence and adaptation"
"PPA0478"	"Conserved hyphotheticals and uncharacterized proteins"
"PPA0479"	"Conserved hyphotheticals and uncharacterized proteins"
"PPA0480"	"Cell wall and cell processes"
"PPA0481"	"Conserved hyphotheticals and uncharacterized proteins"
"PPA0482"	"intermediary metabolism and respiration, information pathways"
"PPA0483"	"intermediary metabolism and respiration"
"PPA0484"	"Cell wall and cell processes"
"PPA0485"	"regulatory protein"
"PPA0486"	"Conserved hyphotheticals and uncharacterized proteins"
"PPA0487"	"intermediary metabolism and respiration, Detoxification virulence and adaptation"
"PPA0488"	"Cell wall and cell processes"
"PPA0489"	"intermediary metabolism and respiration"
"PPA0490"	"intermediary metabolism and respiration"
"PPA0491"	"information pathways"
"PPA0492"	"Cell wall and cell processes"
"PPA0493"	"intermediary metabolism and respiration"
"PPA0494"	"intermediary metabolism and respiration"
"PPA0495"	"intermediary metabolism and respiration"
"PPA0496"	"Conserved hyphotheticals and uncharacterized proteins"
"PPA0497"	"intermediary metabolism and respiration"
"PPA0498"	"intermediary metabolism and respiration"
"PPA0499"	"intermediary metabolism and respiration"
"PPA0500"	"intermediary metabolism and respiration"
"PPA0501"	"intermediary metabolism and respiration"
"PPA0502"	"intermediary metabolism and respiration"
"PPA0503"	"Cell wall and cell processes"
"PPA0504"	"Cell wall and cell processes"
"PPA0505"	"Cell wall and cell processes"
"PPA0506"	"regulatory protein"
"PPA0507"	"intermediary metabolism and respiration"
"PPA0508"	"intermediary metabolism and respiration"
"PPA0509"	"intermediary metabolism and respiration"
"PPA0510"	"intermediary metabolism and respiration"
"PPA0511"	"Cell wall and cell processes"
"PPA0512"	"intermediary metabolism and respiration"
"PPA0513"	"intermediary metabolism and respiration"
"PPA0514"	"intermediary metabolism and respiration"
"PPA0515"	"intermediary metabolism and respiration"
"PPA0516"	"intermediary metabolism and respiration"
"PPA0517"	"intermediary metabolism and respiration"
"PPA0518"	"intermediary metabolism and respiration"
"PPA0519"	"intermediary metabolism and respiration"
"PPA0520"	"intermediary metabolism and respiration"
"PPA0521"	"Cell wall and cell processes"
"PPA0522"	"information pathways"
"PPA0523"	"intermediary metabolism and respiration"
"PPA0524"	"information pathways"
"PPA0525"	"information pathways"
"PPA0526"	"information pathways"
"PPA0527"	"intermediary metabolism and respiration"
"PPA0528"	"regulatory protein"
"PPA0529"	"regulatory protein"
"PPA0530"	"Cell wall and cell processes"
"PPA0531"	"intermediary metabolism and respiration"
"PPA0532"	"Conserved hyphotheticals and uncharacterized proteins"
"PPA0533"	"Conserved hyphotheticals and uncharacterized proteins"
"PPA0534"	"Conserved hyphotheticals and uncharacterized proteins"
"PPA0535"	"information pathways"
"PPA0536"	"intermediary metabolism and respiration"
"PPA0537"	"intermediary metabolism and respiration"
"PPA0538"	"intermediary metabolism and respiration"
"PPA0539"	"intermediary metabolism and respiration"
"PPA0540"	"Cell wall and cell processes"
"PPA0541"	"information pathways"
"PPA0542"	"Conserved hyphotheticals and uncharacterized proteins"
"PPA0543"	"regulatory protein"
"PPA0544"	"Conserved hyphotheticals and uncharacterized proteins"
"PPA0545"	"intermediary metabolism and respiration"
"PPA0546"	"Cell wall and cell processes"
"PPA0547"	"Conserved hyphotheticals and uncharacterized proteins"
"PPA0548"	"intermediary metabolism and respiration"
"PPA0549"	"Cell wall and cell processes"
"PPA0550"	"intermediary metabolism and respiration"
"PPA0551"	"Conserved hyphotheticals and uncharacterized proteins"
"PPA0552"	"Cell wall and cell processes"
"PPA0553"	"Cell wall and cell processes"
"PPA0554"	"Cell wall and cell processes"
"PPA0555"	"intermediary metabolism and respiration"
"PPA0556"	"intermediary metabolism and respiration"
"PPA0557"	"Cell wall and cell processes"
"PPA0558"	"information pathways"
"PPA0559"	"Cell wall and cell processes, Detoxification virulence and adaptation"
"PPA0560"	"Cell wall and cell processes"
"PPA0561"	"information pathways"
"PPA0562"	"Conserved hyphotheticals and uncharacterized proteins"
"PPA0563"	"intermediary metabolism and respiration, Detoxification virulence and adaptation"
"PPA0564"	"intermediary metabolism and respiration"
"PPA0565"	"Detoxification virulence and adaptation"
"PPA0566"	"Cell wall and cell processes"
"PPA0567"	"Conserved hyphotheticals and uncharacterized proteins"
"PPA0568"	"information pathways"
"PPA0569"	"information pathways"
"PPA0570"	"intermediary metabolism and respiration, Detoxification virulence and adaptation"
"PPA0571"	"intermediary metabolism and respiration"
"PPA0572"	"intermediary metabolism and respiration"
"PPA0573"	""
"PPA0574"	"intermediary metabolism and respiration"
"PPA0575"	"information pathways"
"PPA0576"	"information pathways"
"PPA0577"	"Conserved hyphotheticals and uncharacterized proteins"
"PPA0578"	"Cell wall and cell processes, information pathways"
"PPA0579"	"regulatory protein"
"PPA0580"	"Detoxification virulence and adaptation"
"PPA0581"	"intermediary metabolism and respiration, Detoxification virulence and adaptation"
"PPA0582"	"Cell wall and cell processes"
"PPA0583"	"intermediary metabolism and respiration"
"PPA0584"	"intermediary metabolism and respiration"
"PPA0585"	"intermediary metabolism and respiration"
"PPA0586"	"regulatory protein"
"PPA0587"	"intermediary metabolism and respiration"
"PPA0588"	"regulatory protein"
"PPA0589"	"intermediary metabolism and respiration"
"PPA0590"	"Detoxification virulence and adaptation"
"PPA0591"	"Cell wall and cell processes"
"PPA0592"	"intermediary metabolism and respiration"
"PPA0593"	"intermediary metabolism and respiration"
"PPA0594"	"intermediary metabolism and respiration"
"PPA0595"	"intermediary metabolism and respiration, lipid metabolism"
"PPA0596"	"intermediary metabolism and respiration"
"PPA0597"	"regulatory protein"
"PPA0598"	"intermediary metabolism and respiration, Detoxification virulence and adaptation"
"PPA0599"	"information pathways"
"PPA0600"	"Cell wall and cell processes"
"PPA0601"	"Cell wall and cell processes"
"PPA0602"	"Conserved hyphotheticals and uncharacterized proteins"
"PPA0603"	"regulatory protein"
"PPA0604"	"Cell wall and cell processes"
"PPA0605"	"Cell wall and cell processes"
"PPA0606"	"Cell wall and cell processes"
"PPA0607"	"intermediary metabolism and respiration"
"PPA0608"	"intermediary metabolism and respiration"
"PPA0609"	"intermediary metabolism and respiration"
"PPA0610"	"intermediary metabolism and respiration"
"PPA0611"	"Conserved hyphotheticals and uncharacterized proteins"
"PPA0612"	"Cell wall and cell processes"
"PPA0613"	"Cell wall and cell processes"
"PPA0614"	"Conserved hyphotheticals and uncharacterized proteins"
"PPA0615"	"Cell wall and cell processes"
"PPA0616"	"Cell wall and cell processes"
"PPA0617"	"Cell wall and cell processes"
"PPA0618"	"intermediary metabolism and respiration"
"PPA0619"	"Cell wall and cell processes"
"PPA0620"	"intermediary metabolism and respiration"
"PPA0621"	"intermediary metabolism and respiration"
"PPA0622"	"intermediary metabolism and respiration"
"PPA0623"	"intermediary metabolism and respiration"
"PPA0624"	"intermediary metabolism and respiration"
"PPA0625"	"intermediary metabolism and respiration"
"PPA0626"	"intermediary metabolism and respiration"
"PPA0627"	"intermediary metabolism and respiration"
"PPA0628"	"intermediary metabolism and respiration"
"PPA0629"	"Cell wall and cell processes"
"PPA0630"	"intermediary metabolism and respiration"
"PPA0631"	"Conserved hyphotheticals and uncharacterized proteins"
"PPA0632"	"intermediary metabolism and respiration"
"PPA0633"	"Cell wall and cell processes"
"PPA0634"	"Cell wall and cell processes, information pathways"
"PPA0635"	"regulatory protein"
"PPA0636"	"intermediary metabolism and respiration"
"PPA0637"	"Cell wall and cell processes"
"PPA0638"	"Conserved hyphotheticals and uncharacterized proteins"
"PPA0639"	"intermediary metabolism and respiration"
"PPA0640"	"intermediary metabolism and respiration"
"PPA0641"	"intermediary metabolism and respiration"
"PPA0642"	"intermediary metabolism and respiration"
"PPA0643"	"Cell wall and cell processes"
"PPA0644"	"intermediary metabolism and respiration"
"PPA0645"	"intermediary metabolism and respiration"
"PPA0646"	"Cell wall and cell processes"
"PPA0647"	"Cell wall and cell processes"
"PPA0648"	"Cell wall and cell processes, Detoxification virulence and adaptation"
"PPA0649"	"intermediary metabolism and respiration"
"PPA0650"	"intermediary metabolism and respiration"
"PPA0651"	"information pathways, regulatory protein"
"PPA0652"	"Conserved hyphotheticals and uncharacterized proteins"
"PPA0653"	"Detoxification virulence and adaptation"
"PPA0655"	"Detoxification virulence and adaptation"
"PPA0656"	"Cell wall and cell processes"
"PPA0657"	"Cell wall and cell processes, Detoxification virulence and adaptation"
"PPA0658"	"Cell wall and cell processes"
"PPA0659"	"intermediary metabolism and respiration"
"PPA0660"	"Detoxification virulence and adaptation"
"PPA0661"	"intermediary metabolism and respiration"
"PPA0662"	"Conserved hyphotheticals and uncharacterized proteins"
"PPA0663"	"Conserved hyphotheticals and uncharacterized proteins"
"PPA0664"	"intermediary metabolism and respiration"
"PPA0665"	"Cell wall and cell processes"
"PPA0666"	"intermediary metabolism and respiration"
"PPA0667"	"Cell wall and cell processes"
"PPA0668"	"intermediary metabolism and respiration"
"PPA0669"	"Conserved hyphotheticals and uncharacterized proteins"
"PPA0670"	"Conserved hyphotheticals and uncharacterized proteins"
"PPA0671"	"intermediary metabolism and respiration"
"PPA0672"	"Cell wall and cell processes"
"PPA0673"	"intermediary metabolism and respiration"
"PPA0674"	"Cell wall and cell processes"
"PPA0675"	"information pathways"
"PPA0676"	"regulatory protein"
"PPA0677"	"information pathways"
"PPA0678"	"information pathways"
"PPA0679"	"information pathways"
"PPA0680"	"Conserved hyphotheticals and uncharacterized proteins"
"PPA0681"	"Cell wall and cell processes"
"PPA0682"	"Cell wall and cell processes"
"PPA0683"	"Cell wall and cell processes"
"PPA0684"	"Detoxification virulence and adaptation"
"PPA0685"	"intermediary metabolism and respiration"
"PPA0686"	"Cell wall and cell processes, Detoxification virulence and adaptation"
"PPA0687"	"Detoxification virulence and adaptation"
"PPA0688"	"Conserved hyphotheticals and uncharacterized proteins"
"PPA0689"	"intermediary metabolism and respiration"
"PPA0690"	"intermediary metabolism and respiration"
"PPA0691"	"Conserved hyphotheticals and uncharacterized proteins"
"PPA0692"	"intermediary metabolism and respiration"
"PPA0693"	"intermediary metabolism and respiration"
"PPA0694"	"intermediary metabolism and respiration"
"PPA0695"	"Cell wall and cell processes"
"PPA0696"	"Conserved hyphotheticals and uncharacterized proteins"
"PPA0697"	"Cell wall and cell processes"
"PPA0698"	"regulatory protein"
"PPA0699"	"Detoxification virulence and adaptation"
"PPA0700"	"intermediary metabolism and respiration"
"PPA0701"	"intermediary metabolism and respiration"
"PPA0702"	"intermediary metabolism and respiration"
"PPA0703"	"intermediary metabolism and respiration"
"PPA0704"	"Cell wall and cell processes"
"PPA0705"	"Cell wall and cell processes"
"PPA0706"	"Conserved hyphotheticals and uncharacterized proteins"
"PPA0707"	"intermediary metabolism and respiration"
"PPA0708"	"intermediary metabolism and respiration"
"PPA0709"	"intermediary metabolism and respiration"
"PPA0710"	"intermediary metabolism and respiration"
"PPA0711"	"intermediary metabolism and respiration"
"PPA0712"	"intermediary metabolism and respiration"
"PPA0713"	"intermediary metabolism and respiration"
"PPA0714"	"regulatory protein"
"PPA0715"	"Cell wall and cell processes"
"PPA0716"	"regulatory protein"
"PPA0717"	"Conserved hyphotheticals and uncharacterized proteins"
"PPA0718"	"information pathways, Detoxification virulence and adaptation"
"PPA0719"	"Cell wall and cell processes"
"PPA0720"	"information pathways, Detoxification virulence and adaptation"
"PPA0721"	"Detoxification virulence and adaptation"
"PPA0722"	"intermediary metabolism and respiration"
"PPA0723"	"Conserved hyphotheticals and uncharacterized proteins"
"PPA0724"	"lipid metabolism"
"PPA0725"	"lipid metabolism"
"PPA0726"	"intermediary metabolism and respiration"
"PPA0727"	"intermediary metabolism and respiration"
"PPA0728"	"Cell wall and cell processes"
"PPA0729"	"regulatory protein"
"PPA0730"	"information pathways, Detoxification virulence and adaptation"
"PPA0731"	"regulatory protein"
"PPA0732"	"intermediary metabolism and respiration"
"PPA0733"	"information pathways"
"PPA0734"	"intermediary metabolism and respiration"
"PPA0735"	"intermediary metabolism and respiration"
"PPA0737"	"Detoxification virulence and adaptation"
"PPA0738"	"information pathways"
"PPA0739"	"intermediary metabolism and respiration"
"PPA0740"	"regulatory protein"
"PPA0741"	"regulatory protein"
"PPA0742"	"intermediary metabolism and respiration"
"PPA0743"	"intermediary metabolism and respiration"
"PPA0744"	"intermediary metabolism and respiration"
"PPA0745"	"Conserved hyphotheticals and uncharacterized proteins"
"PPA0746"	"intermediary metabolism and respiration"
"PPA0747"	"Conserved hyphotheticals and uncharacterized proteins"
"PPA0748"	"intermediary metabolism and respiration"
"PPA0749"	"regulatory protein"
"PPA0750"	"information pathways"
"PPA0751"	"Cell wall and cell processes"
"PPA0752"	"Cell wall and cell processes"
"PPA0753"	"Cell wall and cell processes, intermediary metabolism and respiration"
"PPA0754"	"Cell wall and cell processes, intermediary metabolism and respiration"
"PPA0755"	"Cell wall and cell processes, intermediary metabolism and respiration"
"PPA0756"	"Cell wall and cell processes, intermediary metabolism and respiration"
"PPA0757"	"Cell wall and cell processes, intermediary metabolism and respiration"
"PPA0758"	"Cell wall and cell processes"
"PPA0759"	"Cell wall and cell processes, intermediary metabolism and respiration"
"PPA0760"	"Cell wall and cell processes"
"PPA0761"	"Cell wall and cell processes"
"PPA0762"	"intermediary metabolism and respiration"
"PPA0763"	"Cell wall and cell processes"
"PPA0764"	"Conserved hyphotheticals and uncharacterized proteins"
"PPA0765"	"Cell wall and cell processes, Detoxification virulence and adaptation"
"PPA0766"	"regulatory protein"
"PPA0767"	"Cell wall and cell processes"
"PPA0768"	"information pathways"
"PPA0769"	"intermediary metabolism and respiration"
"PPA0770"	"Cell wall and cell processes"
"PPA0771"	"Cell wall and cell processes"
"PPA0772"	"regulatory protein"
"PPA0773"	"Cell wall and cell processes"
"PPA0774"	"information pathways"
"PPA0775"	"intermediary metabolism and respiration"
"PPA0776"	"intermediary metabolism and respiration"
"PPA0777"	"Detoxification virulence and adaptation"
"PPA0778"	"information pathways"
"PPA0779"	"Detoxification virulence and adaptation"
"PPA0780"	"Cell wall and cell processes"
"PPA0781"	"Cell wall and cell processes"
"PPA0782"	"Cell wall and cell processes"
"PPA0783"	"Cell wall and cell processes"
"PPA0784"	"Cell wall and cell processes"
"PPA0785"	"intermediary metabolism and respiration"
"PPA0786"	"intermediary metabolism and respiration"
"PPA0787"	"intermediary metabolism and respiration"
"PPA0788"	"intermediary metabolism and respiration"
"PPA0789"	"Conserved hyphotheticals and uncharacterized proteins"
"PPA0790"	"intermediary metabolism and respiration"
"PPA0791"	"intermediary metabolism and respiration"
"PPA0792"	"Cell wall and cell processes"
"PPA0793"	"Cell wall and cell processes"
"PPA0794"	"Cell wall and cell processes"
"PPA0795"	"Conserved hyphotheticals and uncharacterized proteins"
"PPA0796"	"Cell wall and cell processes"
"PPA0797"	"Cell wall and cell processes"
"PPA0798"	"Cell wall and cell processes"
"PPA0799"	"Conserved hyphotheticals and uncharacterized proteins"
"PPA0800"	"Conserved hyphotheticals and uncharacterized proteins"
"PPA0802"	"Detoxification virulence and adaptation"
"PPA0803"	"information pathways"
"PPA0804"	"Cell wall and cell processes"
"PPA0805"	"intermediary metabolism and respiration"
"PPA0806"	"intermediary metabolism and respiration"
"PPA0807"	"information pathways"
"PPA0808"	"intermediary metabolism and respiration"
"PPA0809"	"intermediary metabolism and respiration"
"PPA0810"	"Conserved hyphotheticals and uncharacterized proteins"
"PPA0811"	"Conserved hyphotheticals and uncharacterized proteins"
"PPA0812"	"information pathways"
"PPA0813"	"information pathways"
"PPA0814"	"intermediary metabolism and respiration, regulatory protein"
"PPA0815"	"Cell wall and cell processes, regulatory protein"
"PPA0816"	"intermediary metabolism and respiration"
"PPA0817"	"intermediary metabolism and respiration"
"PPA0818"	"intermediary metabolism and respiration"
"PPA0819"	"Cell wall and cell processes"
"PPA0820"	"information pathways"
"PPA0821"	"intermediary metabolism and respiration"
"PPA0822"	"Conserved hyphotheticals and uncharacterized proteins"
"PPA0823"	"intermediary metabolism and respiration"
"PPA0824"	"intermediary metabolism and respiration"
"PPA0825"	"intermediary metabolism and respiration"
"PPA0826"	"information pathways"
"PPA0827"	"information pathways"
"PPA0829"	"information pathways"
"PPA0830"	"Conserved hyphotheticals and uncharacterized proteins"
"PPA0831"	"regulatory protein"
"PPA0832"	"Cell wall and cell processes"
"PPA0833"	"intermediary metabolism and respiration"
"PPA0834"	"intermediary metabolism and respiration"
"PPA0835"	"intermediary metabolism and respiration"
"PPA0836"	"intermediary metabolism and respiration"
"PPA0837"	"information pathways"
"PPA0838"	"intermediary metabolism and respiration"
"PPA0839"	"intermediary metabolism and respiration"
"PPA0840"	"Conserved hyphotheticals and uncharacterized proteins"
"PPA0841"	"Conserved hyphotheticals and uncharacterized proteins"
"PPA0842"	"regulatory protein"
"PPA0843"	"Cell wall and cell processes"
"PPA0844"	"Cell wall and cell processes"
"PPA0845"	"Cell wall and cell processes"
"PPA0846"	"Cell wall and cell processes"
"PPA0847"	"information pathways"
"PPA0848"	"information pathways"
"PPA0849"	"information pathways"
"PPA0850"	"information pathways"
"PPA0851"	"Cell wall and cell processes, information pathways"
"PPA0852"	"information pathways"
"PPA0853"	"Conserved hyphotheticals and uncharacterized proteins"
"PPA0854"	"Conserved hyphotheticals and uncharacterized proteins"
"PPA0855"	"Conserved hyphotheticals and uncharacterized proteins"
"PPA0856"	"Conserved hyphotheticals and uncharacterized proteins"
"PPA0858"	"insertion seqs and phages"
"PPA0859"	"Detoxification virulence and adaptation"
"PPA0860"	"Detoxification virulence and adaptation"
"PPA0861"	"Detoxification virulence and adaptation"
"PPA0862"	"Detoxification virulence and adaptation"
"PPA0863"	"Detoxification virulence and adaptation"
"PPA0864"	"Detoxification virulence and adaptation"
"PPA0865"	"Detoxification virulence and adaptation"
"PPA0866"	"Conserved hyphotheticals and uncharacterized proteins"
"PPA0867"	"Conserved hyphotheticals and uncharacterized proteins"
"PPA0869"	"regulatory protein"
"PPA0870"	"Conserved hyphotheticals and uncharacterized proteins"
"PPA0871"	"Conserved hyphotheticals and uncharacterized proteins"
"PPA0873"	"Conserved hyphotheticals and uncharacterized proteins"
"PPA0874"	"Conserved hyphotheticals and uncharacterized proteins"
"PPA0875"	"regulatory protein"
"PPA0876"	"insertion seqs and phages"
"PPA0877"	"information pathways"
"PPA0878"	"regulatory protein"
"PPA0879"	"intermediary metabolism and respiration"
"PPA0880"	"intermediary metabolism and respiration"
"PPA0881"	"information pathways"
"PPA0882"	"intermediary metabolism and respiration"
"PPA0883"	"intermediary metabolism and respiration"
"PPA0884"	"Cell wall and cell processes"
"PPA0885"	"intermediary metabolism and respiration"
"PPA0886"	"intermediary metabolism and respiration"
"PPA0887"	"intermediary metabolism and respiration"
"PPA0888"	"intermediary metabolism and respiration"
"PPA0889"	""
"PPA0891"	"Conserved hyphotheticals and uncharacterized proteins"
"PPA0892"	"Cell wall and cell processes"
"PPA0893"	"information pathways"
"PPA0894"	"Cell wall and cell processes"
"PPA0895"	"Cell wall and cell processes"
"PPA0896"	"information pathways"
"PPA0897"	"information pathways"
"PPA0898"	"information pathways"
"PPA0901"	"information pathways"
"PPA0902"	"intermediary metabolism and respiration"
"PPA0903"	"intermediary metabolism and respiration"
"PPA0904"	"intermediary metabolism and respiration"
"PPA0905"	"Conserved hyphotheticals and uncharacterized proteins"
"PPA0906"	"intermediary metabolism and respiration"
"PPA0907"	"intermediary metabolism and respiration"
"PPA0908"	"Cell wall and cell processes"
"PPA0909"	"intermediary metabolism and respiration"
"PPA0910"	"intermediary metabolism and respiration"
"PPA0911"	"intermediary metabolism and respiration, Detoxification virulence and adaptation"
"PPA0912"	"Conserved hyphotheticals and uncharacterized proteins"
"PPA0913"	"intermediary metabolism and respiration"
"PPA0914"	"intermediary metabolism and respiration"
"PPA0915"	"Detoxification virulence and adaptation"
"PPA0916"	"Detoxification virulence and adaptation"
"PPA0917"	"information pathways"
"PPA0918"	"intermediary metabolism and respiration"
"PPA0919"	"information pathways"
"PPA0920"	"intermediary metabolism and respiration"
"PPA0921"	"information pathways"
"PPA0922"	"Cell wall and cell processes"
"PPA0923"	"Cell wall and cell processes"
"PPA0924"	"intermediary metabolism and respiration"
"PPA0925"	"regulatory protein"
"PPA0926"	"regulatory protein"
"PPA0927"	"Cell wall and cell processes"
"PPA0928"	"Cell wall and cell processes"
"PPA0929"	"Cell wall and cell processes"
"PPA0930"	"Conserved hyphotheticals and uncharacterized proteins"
"PPA0931"	"intermediary metabolism and respiration, information pathways"
"PPA0932"	"intermediary metabolism and respiration"
"PPA0933"	"Conserved hyphotheticals and uncharacterized proteins"
"PPA0934"	"regulatory protein"
"PPA0935"	"Conserved hyphotheticals and uncharacterized proteins"
"PPA0936"	"intermediary metabolism and respiration"
"PPA0937"	"information pathways"
"PPA0938"	"Cell wall and cell processes"
"PPA0939"	"information pathways"
"PPA0940"	"intermediary metabolism and respiration"
"PPA0941"	"intermediary metabolism and respiration"
"PPA0942"	"Cell wall and cell processes, Detoxification virulence and adaptation"
"PPA0943"	"Cell wall and cell processes"
"PPA0944"	"information pathways"
"PPA0945"	"regulatory protein"
"PPA0946"	"Conserved hyphotheticals and uncharacterized proteins"
"PPA0947"	"regulatory protein"
"PPA0948"	"regulatory protein"
"PPA0949"	"information pathways"
"PPA0950"	"intermediary metabolism and respiration"
"PPA0951"	"intermediary metabolism and respiration"
"PPA0952"	"intermediary metabolism and respiration"
"PPA0953"	"intermediary metabolism and respiration"
"PPA0954"	"intermediary metabolism and respiration"
"PPA0955"	"intermediary metabolism and respiration"
"PPA0956"	"Cell wall and cell processes"
"PPA0957"	"information pathways"
"PPA0958"	"information pathways, regulatory protein"
"PPA0959"	"Conserved hyphotheticals and uncharacterized proteins"
"PPA0960"	"intermediary metabolism and respiration"
"PPA0961"	"Detoxification virulence and adaptation"
"PPA0962"	"Detoxification virulence and adaptation"
"PPA0963"	"intermediary metabolism and respiration"
"PPA0964"	"regulatory protein, Detoxification virulence and adaptation"
"PPA0965"	"intermediary metabolism and respiration"
"PPA0966"	"intermediary metabolism and respiration"
"PPA0967"	"intermediary metabolism and respiration"
"PPA0968"	"intermediary metabolism and respiration"
"PPA0969"	"Cell wall and cell processes"
"PPA0970"	"Conserved hyphotheticals and uncharacterized proteins"
"PPA0971"	"Conserved hyphotheticals and uncharacterized proteins"
"PPA0972"	"Conserved hyphotheticals and uncharacterized proteins"
"PPA0973"	"Conserved hyphotheticals and uncharacterized proteins"
"PPA0974"	"regulatory protein"
"PPA0975"	"Conserved hyphotheticals and uncharacterized proteins"
"PPA0976"	"Conserved hyphotheticals and uncharacterized proteins"
"PPA0977"	"Conserved hyphotheticals and uncharacterized proteins"
"PPA0978"	"intermediary metabolism and respiration"
"PPA0979"	"Conserved hyphotheticals and uncharacterized proteins"
"PPA0980"	"intermediary metabolism and respiration, lipid metabolism"
"PPA0982"	"intermediary metabolism and respiration, lipid metabolism"
"PPA0983"	"intermediary metabolism and respiration, lipid metabolism"
"PPA0984"	"lipid metabolism"
"PPA0985"	"intermediary metabolism and respiration"
"PPA0986"	"intermediary metabolism and respiration"
"PPA0987"	"Cell wall and cell processes"
"PPA0988"	"regulatory protein"
"PPA0989"	"intermediary metabolism and respiration"
"PPA0990"	"intermediary metabolism and respiration"
"PPA0991"	"Conserved hyphotheticals and uncharacterized proteins"
"PPA0992"	"intermediary metabolism and respiration"
"PPA0993"	"intermediary metabolism and respiration"
"PPA0994"	"information pathways"
"PPA0995"	"regulatory protein"
"PPA0997"	"intermediary metabolism and respiration"
"PPA0998"	"intermediary metabolism and respiration"
"PPA0999"	"intermediary metabolism and respiration"
"PPA1000"	"intermediary metabolism and respiration"
"PPA1001"	"intermediary metabolism and respiration"
"PPA1002"	"intermediary metabolism and respiration"
"PPA1003"	"intermediary metabolism and respiration"
"PPA1004"	"intermediary metabolism and respiration"
"PPA1005"	"regulatory protein"
"PPA1006"	"information pathways"
"PPA1007"	"intermediary metabolism and respiration, lipid metabolism"
"PPA1008"	"Detoxification virulence and adaptation"
"PPA1009"	"regulatory protein"
"PPA1010"	"regulatory protein"
"PPA1011"	"Conserved hyphotheticals and uncharacterized proteins"
"PPA1012"	"information pathways"
"PPA1013"	"regulatory protein"
"PPA1014"	"information pathways"
"PPA1015"	"intermediary metabolism and respiration"
"PPA1016"	"Cell wall and cell processes, intermediary metabolism and respiration"
"PPA1017"	"information pathways"
"PPA1018"	"Detoxification virulence and adaptation"
"PPA1019"	"intermediary metabolism and respiration"
"PPA1020"	"intermediary metabolism and respiration"
"PPA1021"	"information pathways"
"PPA1022"	"information pathways"
"PPA1023"	"regulatory protein"
"PPA1024"	"Conserved hyphotheticals and uncharacterized proteins"
"PPA1025"	"regulatory protein"
"PPA1026"	"intermediary metabolism and respiration"
"PPA1027"	"regulatory protein"
"PPA1028"	"Detoxification virulence and adaptation"
"PPA1029"	"information pathways"
"PPA1030"	"lipid metabolism"
"PPA1031"	"information pathways"
"PPA1032"	"information pathways"
"PPA1033"	"intermediary metabolism and respiration"
"PPA1034"	"regulatory protein"
"PPA1035"	"intermediary metabolism and respiration, lipid metabolism, Detoxification virulence and adaptation"
"PPA1036"	"intermediary metabolism and respiration"
"PPA1037"	"Conserved hyphotheticals and uncharacterized proteins"
"PPA1038"	"Conserved hyphotheticals and uncharacterized proteins"
"PPA1039"	"intermediary metabolism and respiration"
"PPA1040"	"Cell wall and cell processes, intermediary metabolism and respiration"
"PPA1042"	"information pathways"
"PPA1043"	"Cell wall and cell processes, intermediary metabolism and respiration"
"PPA1044"	"Cell wall and cell processes, information pathways"
"PPA1045"	"information pathways"
"PPA1046"	"intermediary metabolism and respiration, Detoxification virulence and adaptation"
"PPA1047"	"intermediary metabolism and respiration"
"PPA1048"	"intermediary metabolism and respiration"
"PPA1049"	"intermediary metabolism and respiration"
"PPA1050"	"Conserved hyphotheticals and uncharacterized proteins"
"PPA1051"	"Conserved hyphotheticals and uncharacterized proteins"
"PPA1052"	"Conserved hyphotheticals and uncharacterized proteins"
"PPA1053"	"Conserved hyphotheticals and uncharacterized proteins"
"PPA1054"	"intermediary metabolism and respiration"
"PPA1055"	"Conserved hyphotheticals and uncharacterized proteins"
"PPA1056"	"information pathways"
"PPA1057"	"Cell wall and cell processes"
"PPA1058"	"Cell wall and cell processes"
"PPA1059"	"Cell wall and cell processes"
"PPA1060"	"information pathways"
"PPA1061"	"intermediary metabolism and respiration"
"PPA1062"	"intermediary metabolism and respiration"
"PPA1063"	"information pathways"
"PPA1064"	"Conserved hyphotheticals and uncharacterized proteins"
"PPA1065"	"intermediary metabolism and respiration"
"PPA1066"	"intermediary metabolism and respiration"
"PPA1067"	"regulatory protein"
"PPA1068"	"intermediary metabolism and respiration"
"PPA1069"	"Cell wall and cell processes"
"PPA1072"	"intermediary metabolism and respiration"
"PPA1073"	"regulatory protein"
"PPA1076"	"information pathways"
"PPA1077"	""
"PPA1078"	"intermediary metabolism and respiration, lipid metabolism"
"PPA1079"	"intermediary metabolism and respiration"
"PPA1080"	"Cell wall and cell processes"
"PPA1081"	"Conserved hyphotheticals and uncharacterized proteins"
"PPA1082"	"Conserved hyphotheticals and uncharacterized proteins"
"PPA1083"	"intermediary metabolism and respiration"
"PPA1084"	"regulatory protein"
"PPA1085"	"regulatory protein"
"PPA1086"	"information pathways"
"PPA1087"	"regulatory protein"
"PPA1088"	"information pathways"
"PPA1089"	"Cell wall and cell processes, information pathways"
"PPA1090"	"intermediary metabolism and respiration"
"PPA1091"	"Cell wall and cell processes, Detoxification virulence and adaptation"
"PPA1092"	"information pathways, regulatory protein"
"PPA1093"	"intermediary metabolism and respiration"
"PPA1094"	"lipid metabolism"
"PPA1095"	"regulatory protein"
"PPA1096"	"Detoxification virulence and adaptation"
"PPA1097"	"Conserved hyphotheticals and uncharacterized proteins"
"PPA1098"	"Detoxification virulence and adaptation"
"PPA1099"	"Detoxification virulence and adaptation"
"PPA1100"	"intermediary metabolism and respiration"
"PPA1101"	"intermediary metabolism and respiration, lipid metabolism"
"PPA1102"	"information pathways"
"PPA1103"	"Cell wall and cell processes"
"PPA1104"	"intermediary metabolism and respiration"
"PPA1105"	"intermediary metabolism and respiration"
"PPA1106"	"Detoxification virulence and adaptation"
"PPA1107"	"intermediary metabolism and respiration"
"PPA1108"	"intermediary metabolism and respiration, Detoxification virulence and adaptation"
"PPA1109"	"information pathways"
"PPA1110"	"intermediary metabolism and respiration"
"PPA1111"	"intermediary metabolism and respiration, Detoxification virulence and adaptation"
"PPA1112"	"intermediary metabolism and respiration, Detoxification virulence and adaptation"
"PPA1113"	"intermediary metabolism and respiration, Detoxification virulence and adaptation"
"PPA1114"	"intermediary metabolism and respiration"
"PPA1115"	"intermediary metabolism and respiration"
"PPA1116"	"intermediary metabolism and respiration"
"PPA1117"	"information pathways"
"PPA1118"	"intermediary metabolism and respiration"
"PPA1119"	"Conserved hyphotheticals and uncharacterized proteins"
"PPA1120"	"Cell wall and cell processes"
"PPA1121"	"regulatory protein"
"PPA1122"	"information pathways"
"PPA1123"	"information pathways"
"PPA1124"	"information pathways"
"PPA1125"	"intermediary metabolism and respiration"
"PPA1126"	"intermediary metabolism and respiration"
"PPA1127"	"Conserved hyphotheticals and uncharacterized proteins"
"PPA1128"	"Cell wall and cell processes"
"PPA1129"	"Cell wall and cell processes"
"PPA1130"	"intermediary metabolism and respiration"
"PPA1131"	"intermediary metabolism and respiration"
"PPA1132"	"intermediary metabolism and respiration"
"PPA1133"	"lipid metabolism"
"PPA1134"	"information pathways"
"PPA1135"	"intermediary metabolism and respiration"
"PPA1136"	"Conserved hyphotheticals and uncharacterized proteins"
"PPA1137"	"Cell wall and cell processes"
"PPA1138"	"Detoxification virulence and adaptation"
"PPA1139"	"Conserved hyphotheticals and uncharacterized proteins"
"PPA1140"	"intermediary metabolism and respiration, regulatory protein, Detoxification virulence and adaptation"
"PPA1141"	"intermediary metabolism and respiration"
"PPA1142"	"information pathways"
"PPA1143"	"Conserved hyphotheticals and uncharacterized proteins"
"PPA1144"	""
"PPA1145"	"Conserved hyphotheticals and uncharacterized proteins"
"PPA1146"	"intermediary metabolism and respiration"
"PPA1147"	"information pathways"
"PPA1148"	"information pathways"
"PPA1149"	"information pathways"
"PPA1150"	"information pathways"
"PPA1151"	"Conserved hyphotheticals and uncharacterized proteins"
"PPA1152"	"intermediary metabolism and respiration"
"PPA1153"	"intermediary metabolism and respiration"
"PPA1154"	"intermediary metabolism and respiration"
"PPA1155"	"intermediary metabolism and respiration"
"PPA1156"	"intermediary metabolism and respiration"
"PPA1157"	"regulatory protein"
"PPA1158"	"information pathways"
"PPA1159"	"information pathways"
"PPA1160"	"information pathways"
"PPA1161"	"Cell wall and cell processes"
"PPA1162"	"information pathways"
"PPA1163"	"information pathways"
"PPA1164"	"intermediary metabolism and respiration"
"PPA1165"	"Cell wall and cell processes"
"PPA1166"	"intermediary metabolism and respiration"
"PPA1167"	"Conserved hyphotheticals and uncharacterized proteins"
"PPA1168"	"intermediary metabolism and respiration"
"PPA1169"	"information pathways"
"PPA1170"	"Conserved hyphotheticals and uncharacterized proteins"
"PPA1171"	"intermediary metabolism and respiration"
"PPA1172"	"regulatory protein"
"PPA1173"	"regulatory protein"
"PPA1174"	"intermediary metabolism and respiration"
"PPA1175"	"information pathways"
"PPA1176"	"information pathways"
"PPA1177"	"Conserved hyphotheticals and uncharacterized proteins"
"PPA1178"	"information pathways"
"PPA1179"	"information pathways"
"PPA1180"	"Cell wall and cell processes, intermediary metabolism and respiration"
"PPA1181"	"intermediary metabolism and respiration"
"PPA1182"	"intermediary metabolism and respiration"
"PPA1183"	"intermediary metabolism and respiration"
"PPA1184"	"intermediary metabolism and respiration"
"PPA1185"	"Cell wall and cell processes"
"PPA1186"	"intermediary metabolism and respiration"
"PPA1187"	"information pathways"
"PPA1188"	"information pathways, regulatory protein"
"PPA1189"	"information pathways"
"PPA1190"	"intermediary metabolism and respiration"
"PPA1191"	"information pathways"
"PPA1192"	"intermediary metabolism and respiration"
"PPA1193"	"intermediary metabolism and respiration"
"PPA1194"	"information pathways"
"PPA1195"	"information pathways"
"PPA1196"	"information pathways"
"PPA1197"	"Conserved hyphotheticals and uncharacterized proteins"
"PPA1198"	"Detoxification virulence and adaptation"
"PPA1199"	"intermediary metabolism and respiration"
"PPA1200"	"Conserved hyphotheticals and uncharacterized proteins"
"PPA1201"	"information pathways"
"PPA1202"	"Cell wall and cell processes"
"PPA1203"	"Cell wall and cell processes"
"PPA1204"	"Cell wall and cell processes"
"PPA1205"	"regulatory protein"
"PPA1206"	"intermediary metabolism and respiration"
"PPA1207"	"intermediary metabolism and respiration"
"PPA1208"	"intermediary metabolism and respiration"
"PPA1209"	"intermediary metabolism and respiration"
"PPA1210"	"information pathways"
"PPA1211"	"intermediary metabolism and respiration"
"PPA1212"	"intermediary metabolism and respiration"
"PPA1213"	"Cell wall and cell processes"
"PPA1214"	"intermediary metabolism and respiration"
"PPA1215"	"regulatory protein"
"PPA1216"	"intermediary metabolism and respiration"
"PPA1217"	"intermediary metabolism and respiration"
"PPA1218"	"intermediary metabolism and respiration"
"PPA1220"	"regulatory protein"
"PPA1221"	"intermediary metabolism and respiration"
"PPA1222"	"intermediary metabolism and respiration"
"PPA1223"	"information pathways"
"PPA1224"	"intermediary metabolism and respiration, lipid metabolism"
"PPA1225"	"intermediary metabolism and respiration"
"PPA1226"	"Cell wall and cell processes"
"PPA1227"	"intermediary metabolism and respiration"
"PPA1228"	"information pathways"
"PPA1229"	"regulatory protein"
"PPA1230"	"Conserved hyphotheticals and uncharacterized proteins"
"PPA1231"	"Detoxification virulence and adaptation"
"PPA1232"	"information pathways"
"PPA1233"	"Cell wall and cell processes, information pathways"
"PPA1234"	"Conserved hyphotheticals and uncharacterized proteins"
"PPA1235"	"information pathways"
"PPA1236"	"intermediary metabolism and respiration"
"PPA1237"	"Conserved hyphotheticals and uncharacterized proteins"
"PPA1238"	"intermediary metabolism and respiration"
"PPA1239"	"intermediary metabolism and respiration"
"PPA1240"	"intermediary metabolism and respiration"
"PPA1241"	"intermediary metabolism and respiration"
"PPA1242"	"intermediary metabolism and respiration"
"PPA1243"	"intermediary metabolism and respiration"
"PPA1244"	"intermediary metabolism and respiration"
"PPA1245"	"intermediary metabolism and respiration"
"PPA1246"	"intermediary metabolism and respiration"
"PPA1247"	"Cell wall and cell processes"
"PPA1248"	"intermediary metabolism and respiration"
"PPA1249"	""
"PPA1250"	"intermediary metabolism and respiration"
"PPA1252"	"information pathways"
"PPA1253"	"information pathways"
"PPA1254"	"information pathways, regulatory protein"
"PPA1256"	"intermediary metabolism and respiration"
"PPA1257"	"intermediary metabolism and respiration"
"PPA1258"	"intermediary metabolism and respiration"
"PPA1259"	"intermediary metabolism and respiration"
"PPA1260"	"intermediary metabolism and respiration"
"PPA1261"	"intermediary metabolism and respiration"
"PPA1262"	"Conserved hyphotheticals and uncharacterized proteins"
"PPA1263"	"Cell wall and cell processes"
"PPA1264"	"regulatory protein"
"PPA1265"	"regulatory protein"
"PPA1266"	"information pathways"
"PPA1267"	"intermediary metabolism and respiration"
"PPA1268"	"intermediary metabolism and respiration"
"PPA1269"	"information pathways"
"PPA1270"	"intermediary metabolism and respiration"
"PPA1271"	"intermediary metabolism and respiration"
"PPA1272"	"intermediary metabolism and respiration"
"PPA1273"	"Cell wall and cell processes"
"PPA1274"	"Cell wall and cell processes"
"PPA1275"	"information pathways"
"PPA1276"	"Cell wall and cell processes, information pathways"
"PPA1277"	"Cell wall and cell processes, information pathways"
"PPA1278"	"regulatory protein"
"PPA1279"	"Detoxification virulence and adaptation"
"PPA1280"	"information pathways"
"PPA1281"	"Conserved hyphotheticals and uncharacterized proteins"
"PPA1282"	"Conserved hyphotheticals and uncharacterized proteins"
"PPA1283"	"Conserved hyphotheticals and uncharacterized proteins"
"PPA1284"	"Cell wall and cell processes, information pathways"
"PPA1285"	"intermediary metabolism and respiration, lipid metabolism"
"PPA1286"	"lipid metabolism"
"PPA1287"	"information pathways"
"PPA1288"	"intermediary metabolism and respiration"
"PPA1289"	"intermediary metabolism and respiration"
"PPA1290"	"intermediary metabolism and respiration"
"PPA1291"	"intermediary metabolism and respiration"
"PPA1292"	"regulatory protein"
"PPA1293"	"information pathways"
"PPA1294"	""
"PPA1295"	"regulatory protein"
"PPA1296"	"intermediary metabolism and respiration"
"PPA1297"	"Conserved hyphotheticals and uncharacterized proteins"
"PPA1298"	"Conserved hyphotheticals and uncharacterized proteins"
"PPA1299"	"regulatory protein"
"PPA1300"	"regulatory protein"
"PPA1301"	"Conserved hyphotheticals and uncharacterized proteins"
"PPA1303"	"Conserved hyphotheticals and uncharacterized proteins"
"PPA1304"	"intermediary metabolism and respiration, Detoxification virulence and adaptation"
"PPA1305"	"regulatory protein"
"PPA1306"	"Conserved hyphotheticals and uncharacterized proteins"
"PPA1307"	"Conserved hyphotheticals and uncharacterized proteins"
"PPA1308"	"Detoxification virulence and adaptation"
"PPA1309"	""
"PPA1310"	"intermediary metabolism and respiration"
"PPA1311"	"intermediary metabolism and respiration"
"PPA1312"	"intermediary metabolism and respiration, Detoxification virulence and adaptation"
"PPA1313"	"Conserved hyphotheticals and uncharacterized proteins"
"PPA1314"	"information pathways"
"PPA1315"	"information pathways"
"PPA1316"	"information pathways"
"PPA1317"	"information pathways"
"PPA1318"	"intermediary metabolism and respiration"
"PPA1319"	"information pathways"
"PPA1320"	"information pathways"
"PPA1321"	"Conserved hyphotheticals and uncharacterized proteins"
"PPA1322"	"intermediary metabolism and respiration, Detoxification virulence and adaptation"
"PPA1323"	"Conserved hyphotheticals and uncharacterized proteins"
"PPA1324"	"Conserved hyphotheticals and uncharacterized proteins"
"PPA1325"	"information pathways"
"PPA1326"	"information pathways"
"PPA1327"	"information pathways"
"PPA1328"	"intermediary metabolism and respiration"
"PPA1329"	"intermediary metabolism and respiration"
"PPA1330"	"Conserved hyphotheticals and uncharacterized proteins"
"PPA1331"	"Conserved hyphotheticals and uncharacterized proteins"
"PPA1332"	"Conserved hyphotheticals and uncharacterized proteins"
"PPA1333"	"Cell wall and cell processes"
"PPA1334"	"information pathways"
"PPA1335"	"intermediary metabolism and respiration"
"PPA1336"	"Cell wall and cell processes, Detoxification virulence and adaptation"
"PPA1337"	"regulatory protein"
"PPA1338"	"regulatory protein"
"PPA1339"	"Conserved hyphotheticals and uncharacterized proteins"
"PPA1340"	"Detoxification virulence and adaptation"
"PPA1341"	"regulatory protein"
"PPA1342"	"Conserved hyphotheticals and uncharacterized proteins"
"PPA1344"	"Conserved hyphotheticals and uncharacterized proteins"
"PPA1345"	"Conserved hyphotheticals and uncharacterized proteins"
"PPA1346"	"intermediary metabolism and respiration"
"PPA1347"	"intermediary metabolism and respiration"
"PPA1348"	"intermediary metabolism and respiration"
"PPA1349"	"intermediary metabolism and respiration"
"PPA1350"	"intermediary metabolism and respiration"
"PPA1351"	"information pathways"
"PPA1352"	"Cell wall and cell processes"
"PPA1353"	"Cell wall and cell processes"
"PPA1354"	"information pathways"
"PPA1355"	"Conserved hyphotheticals and uncharacterized proteins"
"PPA1356"	"Cell wall and cell processes"
"PPA1357"	"intermediary metabolism and respiration"
"PPA1358"	"Conserved hyphotheticals and uncharacterized proteins"
"PPA1359"	"Cell wall and cell processes, intermediary metabolism and respiration"
"PPA1360"	"intermediary metabolism and respiration"
"PPA1361"	"intermediary metabolism and respiration"
"PPA1362"	"intermediary metabolism and respiration"
"PPA1363"	"intermediary metabolism and respiration"
"PPA1364"	"regulatory protein"
"PPA1365"	"Conserved hyphotheticals and uncharacterized proteins"
"PPA1366"	"intermediary metabolism and respiration"
"PPA1367"	"intermediary metabolism and respiration"
"PPA1368"	"intermediary metabolism and respiration"
"PPA1371"	"intermediary metabolism and respiration"
"PPA1372"	"intermediary metabolism and respiration"
"PPA1373"	"intermediary metabolism and respiration"
"PPA1374"	"intermediary metabolism and respiration"
"PPA1375"	"Cell wall and cell processes"
"PPA1376"	"intermediary metabolism and respiration"
"PPA1377"	"information pathways"
"PPA1378"	"Cell wall and cell processes"
"PPA1379"	"Cell wall and cell processes"
"PPA1380"	"Conserved hyphotheticals and uncharacterized proteins"
"PPA1381"	"information pathways, regulatory protein"
"PPA1382"	"information pathways, regulatory protein"
"PPA1383"	"information pathways"
"PPA1384"	"intermediary metabolism and respiration, Detoxification virulence and adaptation"
"PPA1385"	"information pathways"
"PPA1386"	"intermediary metabolism and respiration"
"PPA1387"	"information pathways"
"PPA1388"	"information pathways"
"PPA1389"	"intermediary metabolism and respiration"
"PPA1390"	"intermediary metabolism and respiration"
"PPA1391"	"Conserved hyphotheticals and uncharacterized proteins"
"PPA1392"	"Conserved hyphotheticals and uncharacterized proteins"
"PPA1393"	"Conserved hyphotheticals and uncharacterized proteins"
"PPA1394"	"information pathways"
"PPA1395"	"intermediary metabolism and respiration"
"PPA1396"	"intermediary metabolism and respiration, Detoxification virulence and adaptation"
"PPA1397"	"Conserved hyphotheticals and uncharacterized proteins"
"PPA1398"	"Cell wall and cell processes"
"PPA1399"	"Cell wall and cell processes"
"PPA1400"	"Cell wall and cell processes"
"PPA1401"	"intermediary metabolism and respiration"
"PPA1402"	"information pathways"
"PPA1403"	"Cell wall and cell processes"
"PPA1404"	"information pathways"
"PPA1405"	"regulatory protein"
"PPA1406"	"regulatory protein"
"PPA1407"	"intermediary metabolism and respiration"
"PPA1408"	"information pathways"
"PPA1409"	"information pathways"
"PPA1410"	"information pathways"
"PPA1412"	"information pathways"
"PPA1413"	"information pathways"
"PPA1414"	"information pathways"
"PPA1415"	"Cell wall and cell processes"
"PPA1416"	"intermediary metabolism and respiration, Detoxification virulence and adaptation"
"PPA1417"	"intermediary metabolism and respiration"
"PPA1418"	"intermediary metabolism and respiration"
"PPA1419"	"Cell wall and cell processes"
"PPA1420"	"intermediary metabolism and respiration"
"PPA1421"	"Conserved hyphotheticals and uncharacterized proteins"
"PPA1422"	"intermediary metabolism and respiration"
"PPA1423"	"intermediary metabolism and respiration"
"PPA1424"	"intermediary metabolism and respiration"
"PPA1425"	"intermediary metabolism and respiration"
"PPA1427"	"Detoxification virulence and adaptation"
"PPA1428"	"information pathways"
"PPA1429"	"information pathways"
"PPA1430"	"information pathways"
"PPA1431"	"information pathways"
"PPA1432"	"information pathways"
"PPA1433"	"information pathways"
"PPA1434"	"Cell wall and cell processes"
"PPA1435"	"information pathways"
"PPA1437"	"intermediary metabolism and respiration"
"PPA1438"	"intermediary metabolism and respiration"
"PPA1439"	"intermediary metabolism and respiration"
"PPA1440"	"information pathways"
"PPA1441"	"information pathways"
"PPA1442"	"information pathways"
"PPA1443"	"information pathways"
"PPA1444"	"intermediary metabolism and respiration"
"PPA1445"	"Cell wall and cell processes"
"PPA1446"	"Cell wall and cell processes"
"PPA1447"	"Cell wall and cell processes"
"PPA1448"	"Cell wall and cell processes"
"PPA1449"	"Detoxification virulence and adaptation"
"PPA1450"	"Conserved hyphotheticals and uncharacterized proteins"
"PPA1451"	"information pathways"
"PPA1452"	"information pathways"
"PPA1453"	"information pathways"
"PPA1454"	"Cell wall and cell processes"
"PPA1455"	"Cell wall and cell processes"
"PPA1456"	"Cell wall and cell processes"
"PPA1457"	"regulatory protein"
"PPA1458"	"Conserved hyphotheticals and uncharacterized proteins"
"PPA1459"	"intermediary metabolism and respiration"
"PPA1460"	"intermediary metabolism and respiration"
"PPA1461"	"intermediary metabolism and respiration"
"PPA1462"	"Conserved hyphotheticals and uncharacterized proteins"
"PPA1463"	"intermediary metabolism and respiration"
"PPA1464"	"information pathways"
"PPA1465"	"intermediary metabolism and respiration"
"PPA1466"	"information pathways"
"PPA1467"	"information pathways"
"PPA1468"	"intermediary metabolism and respiration"
"PPA1469"	"Conserved hyphotheticals and uncharacterized proteins"
"PPA1470"	"intermediary metabolism and respiration"
"PPA1471"	"information pathways"
"PPA1472"	"information pathways"
"PPA1474"	"intermediary metabolism and respiration"
"PPA1475"	"Cell wall and cell processes, information pathways"
"PPA1476"	"Cell wall and cell processes, information pathways"
"PPA1477"	"Cell wall and cell processes"
"PPA1478"	"information pathways"
"PPA1479"	"intermediary metabolism and respiration"
"PPA1480"	"Conserved hyphotheticals and uncharacterized proteins"
"PPA1481"	"Conserved hyphotheticals and uncharacterized proteins"
"PPA1482"	"regulatory protein"
"PPA1483"	"regulatory protein"
"PPA1484"	"Cell wall and cell processes"
"PPA1485"	"Cell wall and cell processes"
"PPA1486"	"Cell wall and cell processes"
"PPA1487"	"intermediary metabolism and respiration"
"PPA1488"	"intermediary metabolism and respiration, lipid metabolism"
"PPA1489"	"information pathways"
"PPA1490"	"Cell wall and cell processes"
"PPA1491"	"information pathways"
"PPA1492"	"Cell wall and cell processes"
"PPA1493"	"information pathways"
"PPA1494"	"information pathways"
"PPA1495"	"information pathways"
"PPA1496"	"Conserved hyphotheticals and uncharacterized proteins"
"PPA1497"	"Cell wall and cell processes, Detoxification virulence and adaptation"
"PPA1498"	"intermediary metabolism and respiration"
"PPA1499"	"information pathways"
"PPA1500"	"Cell wall and cell processes"
"PPA1501"	"Cell wall and cell processes"
"PPA1502"	"Cell wall and cell processes"
"PPA1503"	"Cell wall and cell processes"
"PPA1504"	"Cell wall and cell processes"
"PPA1505"	"intermediary metabolism and respiration, lipid metabolism"
"PPA1506"	"intermediary metabolism and respiration"
"PPA1507"	"intermediary metabolism and respiration"
"PPA1508"	"information pathways"
"PPA1509"	"Cell wall and cell processes"
"PPA1510"	"intermediary metabolism and respiration"
"PPA1511"	"intermediary metabolism and respiration"
"PPA1512"	"intermediary metabolism and respiration"
"PPA1513"	"intermediary metabolism and respiration"
"PPA1514"	"information pathways"
"PPA1515"	"Cell wall and cell processes"
"PPA1516"	"Conserved hyphotheticals and uncharacterized proteins"
"PPA1517"	"intermediary metabolism and respiration, lipid metabolism"
"PPA1518"	"information pathways"
"PPA1519"	"intermediary metabolism and respiration"
"PPA1520"	"information pathways"
"PPA1521"	"information pathways"
"PPA1522"	"information pathways"
"PPA1523"	"Cell wall and cell processes"
"PPA1524"	"intermediary metabolism and respiration"
"PPA1525"	"information pathways"
"PPA1526"	"information pathways"
"PPA1527"	""
"PPA1528"	"regulatory protein"
"PPA1529"	""
"PPA1530"	"Cell wall and cell processes"
"PPA1531"	"Conserved hyphotheticals and uncharacterized proteins"
"PPA1532"	"intermediary metabolism and respiration, lipid metabolism"
"PPA1533"	"intermediary metabolism and respiration, lipid metabolism"
"PPA1534"	"Conserved hyphotheticals and uncharacterized proteins"
"PPA1535"	"Cell wall and cell processes"
"PPA1536"	"information pathways"
"PPA1537"	"Conserved hyphotheticals and uncharacterized proteins"
"PPA1538"	"Cell wall and cell processes"
"PPA1539"	"intermediary metabolism and respiration"
"PPA1540"	"Cell wall and cell processes"
"PPA1543"	"Detoxification virulence and adaptation"
"PPA1544"	"intermediary metabolism and respiration"
"PPA1545"	"intermediary metabolism and respiration"
"PPA1546"	"intermediary metabolism and respiration"
"PPA1547"	"intermediary metabolism and respiration"
"PPA1548"	"intermediary metabolism and respiration"
"PPA1549"	"intermediary metabolism and respiration"
"PPA1550"	"information pathways, regulatory protein"
"PPA1552"	"Cell wall and cell processes, information pathways"
"PPA1553"	"Cell wall and cell processes"
"PPA1554"	"Cell wall and cell processes"
"PPA1555"	"regulatory protein"
"PPA1556"	"Cell wall and cell processes"
"PPA1557"	"Cell wall and cell processes"
"PPA1558"	"Cell wall and cell processes"
"PPA1559"	"intermediary metabolism and respiration"
"PPA1560"	"intermediary metabolism and respiration"
"PPA1561"	"intermediary metabolism and respiration"
"PPA1563"	"intermediary metabolism and respiration"
"PPA1564"	"intermediary metabolism and respiration"
"PPA1565"	"intermediary metabolism and respiration"
"PPA1566"	"Cell wall and cell processes"
"PPA1567"	"intermediary metabolism and respiration, Detoxification virulence and adaptation"
"PPA1568"	"information pathways"
"PPA1569"	"Detoxification virulence and adaptation"
"PPA1570"	"information pathways, regulatory protein"
"PPA1571"	"Detoxification virulence and adaptation"
"PPA1572"	"Detoxification virulence and adaptation"
"PPA1573"	"Detoxification virulence and adaptation"
"PPA1574"	"Cell wall and cell processes"
"PPA1575"	"information pathways"
"PPA1577"	"information pathways"
"PPA1578"	"Conserved hyphotheticals and uncharacterized proteins"
"PPA1579"	"intermediary metabolism and respiration"
"PPA1583"	"information pathways"
"PPA1584"	"Conserved hyphotheticals and uncharacterized proteins"
"PPA1585"	"Conserved hyphotheticals and uncharacterized proteins"
"PPA1586"	"information pathways"
"PPA1587"	"intermediary metabolism and respiration"
"PPA1589"	""
"PPA1590"	"Cell wall and cell processes"
"PPA1591"	"intermediary metabolism and respiration, Detoxification virulence and adaptation"
"PPA1592"	"information pathways"
"PPA1593"	"regulatory protein"
"PPA1594"	"insertion seqs and phages"
"PPA1595"	"information pathways, regulatory protein"
"PPA1596"	""
"PPA1597"	"Conserved hyphotheticals and uncharacterized proteins"
"PPA1598"	"regulatory protein"
"PPA1599"	""
"PPA1602"	"regulatory protein"
"PPA1603"	""
"PPA1604"	"insertion seqs and phages"
"PPA1605"	"Conserved hyphotheticals and uncharacterized proteins"
"PPA1606"	"Conserved hyphotheticals and uncharacterized proteins"
"PPA1607"	"Conserved hyphotheticals and uncharacterized proteins"
"PPA1608"	"regulatory protein, Conserved hyphotheticals and uncharacterized proteins"
"PPA1609"	"insertion seqs and phages"
"PPA1610"	"regulatory protein"
"PPA1611"	"information pathways"
"PPA1612"	"information pathways"
"PPA1613"	""
"PPA1614"	"intermediary metabolism and respiration"
"PPA1615"	"information pathways"
"PPA1616"	"information pathways"
"PPA1617"	"Conserved hyphotheticals and uncharacterized proteins"
"PPA1618"	""
"PPA1620"	"intermediary metabolism and respiration"
"PPA1621"	"information pathways"
"PPA1622"	"Conserved hyphotheticals and uncharacterized proteins"
"PPA1623"	"information pathways"
"PPA1624"	"intermediary metabolism and respiration"
"PPA1625"	"intermediary metabolism and respiration"
"PPA1626"	"information pathways"
"PPA1627"	"intermediary metabolism and respiration"
"PPA1628"	"Conserved hyphotheticals and uncharacterized proteins"
"PPA1629"	"intermediary metabolism and respiration"
"PPA1630"	"intermediary metabolism and respiration"
"PPA1631"	"lipid metabolism"
"PPA1632"	"intermediary metabolism and respiration, lipid metabolism"
"PPA1633"	"regulatory protein"
"PPA1634"	"intermediary metabolism and respiration"
"PPA1635"	"regulatory protein"
"PPA1636"	"Detoxification virulence and adaptation"
"PPA1637"	"information pathways"
"PPA1638"	"Cell wall and cell processes"
"PPA1639"	"Cell wall and cell processes, intermediary metabolism and respiration"
"PPA1640"	"Cell wall and cell processes"
"PPA1641"	"Cell wall and cell processes, information pathways"
"PPA1642"	"information pathways"
"PPA1643"	"Cell wall and cell processes"
"PPA1644"	"regulatory protein"
"PPA1645"	"intermediary metabolism and respiration"
"PPA1649"	"Cell wall and cell processes"
"PPA1650"	"information pathways"
"PPA1651"	"information pathways"
"PPA1652"	"information pathways"
"PPA1653"	"Cell wall and cell processes, intermediary metabolism and respiration"
"PPA1654"	"Cell wall and cell processes, intermediary metabolism and respiration"
"PPA1657"	"Cell wall and cell processes"
"PPA1658"	"Cell wall and cell processes"
"PPA1660"	"Conserved hyphotheticals and uncharacterized proteins"
"PPA1661"	"Detoxification virulence and adaptation"
"PPA1662"	"intermediary metabolism and respiration, Detoxification virulence and adaptation"
"PPA1663"	"Cell wall and cell processes"
"PPA1664"	"lipid metabolism"
"PPA1665"	"Cell wall and cell processes"
"PPA1666"	"Conserved hyphotheticals and uncharacterized proteins"
"PPA1667"	"Conserved hyphotheticals and uncharacterized proteins"
"PPA1668"	"intermediary metabolism and respiration, regulatory protein, Detoxification virulence and adaptation"
"PPA1669"	"Cell wall and cell processes"
"PPA1670"	"information pathways"
"PPA1671"	"intermediary metabolism and respiration"
"PPA1672"	"intermediary metabolism and respiration"
"PPA1673"	"intermediary metabolism and respiration"
"PPA1674"	"information pathways"
"PPA1675"	"Cell wall and cell processes, intermediary metabolism and respiration"
"PPA1676"	"regulatory protein"
"PPA1677"	"Cell wall and cell processes"
"PPA1678"	"intermediary metabolism and respiration"
"PPA1680"	"information pathways"
"PPA1681"	"intermediary metabolism and respiration"
"PPA1682"	"regulatory protein"
"PPA1683"	"intermediary metabolism and respiration"
"PPA1684"	"Cell wall and cell processes"
"PPA1685"	"Conserved hyphotheticals and uncharacterized proteins"
"PPA1686"	"intermediary metabolism and respiration"
"PPA1687"	"Cell wall and cell processes"
"PPA1688"	"intermediary metabolism and respiration"
"PPA1689"	"Conserved hyphotheticals and uncharacterized proteins"
"PPA1690"	"Conserved hyphotheticals and uncharacterized proteins"
"PPA1691"	"intermediary metabolism and respiration"
"PPA1692"	"Conserved hyphotheticals and uncharacterized proteins"
"PPA1693"	"intermediary metabolism and respiration"
"PPA1694"	"regulatory protein"
"PPA1695"	"Conserved hyphotheticals and uncharacterized proteins"
"PPA1696"	"intermediary metabolism and respiration"
"PPA1697"	"Conserved hyphotheticals and uncharacterized proteins"
"PPA1698"	"intermediary metabolism and respiration"
"PPA1699"	"Cell wall and cell processes, regulatory protein"
"PPA1700"	"intermediary metabolism and respiration"
"PPA1701"	"intermediary metabolism and respiration"
"PPA1702"	"intermediary metabolism and respiration"
"PPA1703"	"Cell wall and cell processes"
"PPA1704"	"intermediary metabolism and respiration"
"PPA1705"	"intermediary metabolism and respiration"
"PPA1706"	"Conserved hyphotheticals and uncharacterized proteins"
"PPA1707"	"intermediary metabolism and respiration, lipid metabolism"
"PPA1708"	"intermediary metabolism and respiration"
"PPA1709"	"intermediary metabolism and respiration"
"PPA1710"	"Conserved hyphotheticals and uncharacterized proteins"
"PPA1711"	"intermediary metabolism and respiration"
"PPA1712"	"intermediary metabolism and respiration"
"PPA1715"	"Detoxification virulence and adaptation, Proline-Threonine repetitive proteins (PTRs)"
"PPA1716"	"Cell wall and cell processes"
"PPA1717"	"information pathways"
"PPA1718"	"Conserved hyphotheticals and uncharacterized proteins"
"PPA1719"	"intermediary metabolism and respiration"
"PPA1720"	"Conserved hyphotheticals and uncharacterized proteins"
"PPA1721"	"intermediary metabolism and respiration"
"PPA1722"	"intermediary metabolism and respiration"
"PPA1723"	"intermediary metabolism and respiration"
"PPA1724"	"intermediary metabolism and respiration, lipid metabolism"
"PPA1725"	"intermediary metabolism and respiration"
"PPA1726"	"Cell wall and cell processes"
"PPA1727"	"information pathways"
"PPA1728"	"information pathways"
"PPA1729"	"information pathways"
"PPA1730"	"intermediary metabolism and respiration"
"PPA1731"	"Cell wall and cell processes"
"PPA1732"	"Cell wall and cell processes"
"PPA1733"	"Cell wall and cell processes"
"PPA1734"	"Cell wall and cell processes"
"PPA1735"	"regulatory protein"
"PPA1736"	"Cell wall and cell processes"
"PPA1737"	"intermediary metabolism and respiration"
"PPA1738"	"intermediary metabolism and respiration"
"PPA1739"	"intermediary metabolism and respiration"
"PPA1740"	"intermediary metabolism and respiration"
"PPA1741"	"intermediary metabolism and respiration"
"PPA1742"	"Conserved hyphotheticals and uncharacterized proteins"
"PPA1743"	"intermediary metabolism and respiration"
"PPA1744"	"intermediary metabolism and respiration"
"PPA1745"	"Conserved hyphotheticals and uncharacterized proteins"
"PPA1746"	"Conserved hyphotheticals and uncharacterized proteins"
"PPA1747"	"intermediary metabolism and respiration"
"PPA1748"	"intermediary metabolism and respiration"
"PPA1749"	"intermediary metabolism and respiration"
"PPA1750"	"intermediary metabolism and respiration"
"PPA1751"	"intermediary metabolism and respiration"
"PPA1752"	"intermediary metabolism and respiration"
"PPA1753"	"Cell wall and cell processes"
"PPA1754"	"intermediary metabolism and respiration"
"PPA1755"	"intermediary metabolism and respiration"
"PPA1756"	"information pathways"
"PPA1757"	"Conserved hyphotheticals and uncharacterized proteins"
"PPA1758"	"Cell wall and cell processes"
"PPA1759"	"Cell wall and cell processes"
"PPA1760"	"Cell wall and cell processes"
"PPA1761"	"intermediary metabolism and respiration"
"PPA1762"	"Cell wall and cell processes, Detoxification virulence and adaptation"
"PPA1763"	"regulatory protein"
"PPA1764"	"intermediary metabolism and respiration"
"PPA1765"	"intermediary metabolism and respiration"
"PPA1766"	"intermediary metabolism and respiration"
"PPA1767"	"intermediary metabolism and respiration"
"PPA1768"	"intermediary metabolism and respiration"
"PPA1769"	"Cell wall and cell processes"
"PPA1770"	"Cell wall and cell processes"
"PPA1771"	"Conserved hyphotheticals and uncharacterized proteins"
"PPA1772"	"Detoxification virulence and adaptation"
"PPA1773"	"Detoxification virulence and adaptation"
"PPA1774"	"Cell wall and cell processes"
"PPA1775"	"Cell wall and cell processes"
"PPA1776"	"intermediary metabolism and respiration"
"PPA1777"	"Conserved hyphotheticals and uncharacterized proteins"
"PPA1778"	"Cell wall and cell processes"
"PPA1779"	"Cell wall and cell processes"
"PPA1780"	"Detoxification virulence and adaptation"
"PPA1781"	"intermediary metabolism and respiration"
"PPA1782"	"information pathways"
"PPA1783"	"information pathways"
"PPA1784"	"information pathways"
"PPA1785"	"intermediary metabolism and respiration"
"PPA1786"	"information pathways"
"PPA1787"	"information pathways"
"PPA1788"	"Conserved hyphotheticals and uncharacterized proteins"
"PPA1789"	"Cell wall and cell processes"
"PPA1790"	"Cell wall and cell processes"
"PPA1791"	"intermediary metabolism and respiration"
"PPA1792"	"intermediary metabolism and respiration"
"PPA1793"	"intermediary metabolism and respiration, lipid metabolism"
"PPA1794"	"intermediary metabolism and respiration"
"PPA1796"	"intermediary metabolism and respiration, lipid metabolism, Detoxification virulence and adaptation"
"PPA1799"	"intermediary metabolism and respiration"
"PPA1800"	"Conserved hyphotheticals and uncharacterized proteins"
"PPA1801"	"Cell wall and cell processes"
"PPA1802"	"information pathways"
"PPA1803"	"information pathways"
"PPA1805"	"intermediary metabolism and respiration"
"PPA1806"	""
"PPA1807"	"Conserved hyphotheticals and uncharacterized proteins"
"PPA1808"	"information pathways"
"PPA1809"	"information pathways"
"PPA1810"	"intermediary metabolism and respiration"
"PPA1812"	"Cell wall and cell processes"
"PPA1813"	"Cell wall and cell processes"
"PPA1814"	"Cell wall and cell processes"
"PPA1815"	"lipid metabolism"
"PPA1816"	"Cell wall and cell processes"
"PPA1817"	"Cell wall and cell processes"
"PPA1818"	"Detoxification virulence and adaptation"
"PPA1819"	"intermediary metabolism and respiration"
"PPA1820"	"intermediary metabolism and respiration"
"PPA1821"	"intermediary metabolism and respiration"
"PPA1822"	"Cell wall and cell processes, information pathways"
"PPA1823"	"intermediary metabolism and respiration"
"PPA1824"	"intermediary metabolism and respiration"
"PPA1825"	"information pathways"
"PPA1826"	"information pathways"
"PPA1827"	"information pathways"
"PPA1828"	"information pathways"
"PPA1829"	"information pathways"
"PPA1831"	"information pathways"
"PPA1832"	"information pathways"
"PPA1833"	"intermediary metabolism and respiration"
"PPA1834"	"intermediary metabolism and respiration"
"PPA1835"	"information pathways"
"PPA1836"	"Cell wall and cell processes"
"PPA1837"	"Cell wall and cell processes, information pathways"
"PPA1838"	"Cell wall and cell processes"
"PPA1839"	"intermediary metabolism and respiration, lipid metabolism"
"PPA1840"	"Cell wall and cell processes"
"PPA1841"	"Conserved hyphotheticals and uncharacterized proteins"
"PPA1842"	"information pathways"
"PPA1843"	"information pathways"
"PPA1844"	"information pathways"
"PPA1845"	"information pathways"
"PPA1846"	"information pathways"
"PPA1848"	"information pathways"
"PPA1849"	"information pathways"
"PPA1850"	"information pathways"
"PPA1851"	"information pathways"
"PPA1852"	"information pathways"
"PPA1853"	"information pathways"
"PPA1855"	"information pathways"
"PPA1856"	"information pathways"
"PPA1857"	"information pathways"
"PPA1858"	"information pathways"
"PPA1859"	"information pathways"
"PPA1860"	"information pathways"
"PPA1861"	"information pathways"
"PPA1862"	"information pathways"
"PPA1863"	"information pathways"
"PPA1865"	"information pathways"
"PPA1866"	"intermediary metabolism and respiration, lipid metabolism"
"PPA1867"	"Cell wall and cell processes"
"PPA1868"	"Conserved hyphotheticals and uncharacterized proteins"
"PPA1869"	"information pathways"
"PPA1870"	"information pathways"
"PPA1871"	"information pathways"
"PPA1872"	"Cell wall and cell processes"
"PPA1873"	"information pathways"
"PPA1874"	"Conserved hyphotheticals and uncharacterized proteins"
"PPA1875"	"information pathways"
"PPA1876"	"information pathways"
"PPA1877"	"Conserved hyphotheticals and uncharacterized proteins"
"PPA1878"	"information pathways"
"PPA1879"	"Detoxification virulence and adaptation"
"PPA1880"	"Cell wall and cell processes, Detoxification virulence and adaptation, Proline-Threonine repetitive proteins (PTRs)"
"PPA1881"	"Conserved hyphotheticals and uncharacterized proteins"
"PPA1882"	"Cell wall and cell processes"
"PPA1883"	"information pathways"
"PPA1884"	"information pathways"
"PPA1885"	"information pathways"
"PPA1887"	"information pathways"
"PPA1889"	"information pathways"
"PPA1890"	"information pathways"
"PPA1891"	"information pathways"
"PPA1892"	"information pathways"
"PPA1893"	"intermediary metabolism and respiration"
"PPA1894"	"Cell wall and cell processes, intermediary metabolism and respiration"
"PPA1895"	"intermediary metabolism and respiration"
"PPA1896"	"intermediary metabolism and respiration"
"PPA1897"	"information pathways"
"PPA1898"	"information pathways"
"PPA1899"	"intermediary metabolism and respiration, lipid metabolism"
"PPA1900"	"Cell wall and cell processes"
"PPA1901"	"intermediary metabolism and respiration"
"PPA1902"	"intermediary metabolism and respiration"
"PPA1903"	"intermediary metabolism and respiration"
"PPA1904"	"intermediary metabolism and respiration"
"PPA1905"	"intermediary metabolism and respiration"
"PPA1906"	"lipid metabolism, Detoxification virulence and adaptation"
"PPA1907"	""
"PPA1908"	""
"PPA1909"	"intermediary metabolism and respiration"
"PPA1910"	"Cell wall and cell processes"
"PPA1911"	"Cell wall and cell processes"
"PPA1913"	"Conserved hyphotheticals and uncharacterized proteins"
"PPA1914"	"Conserved hyphotheticals and uncharacterized proteins"
"PPA1915"	"Cell wall and cell processes"
"PPA1916"	"Cell wall and cell processes"
"PPA1917"	"Conserved hyphotheticals and uncharacterized proteins"
"PPA1918"	"Conserved hyphotheticals and uncharacterized proteins"
"PPA1919"	"intermediary metabolism and respiration"
"PPA1920"	"intermediary metabolism and respiration"
"PPA1921"	"intermediary metabolism and respiration"
"PPA1922"	"intermediary metabolism and respiration"
"PPA1923"	"intermediary metabolism and respiration"
"PPA1924"	"intermediary metabolism and respiration"
"PPA1925"	"intermediary metabolism and respiration"
"PPA1926"	"intermediary metabolism and respiration"
"PPA1928"	"intermediary metabolism and respiration"
"PPA1929"	"intermediary metabolism and respiration"
"PPA1930"	"intermediary metabolism and respiration"
"PPA1931"	"intermediary metabolism and respiration"
"PPA1932"	"intermediary metabolism and respiration"
"PPA1933"	"intermediary metabolism and respiration"
"PPA1934"	"intermediary metabolism and respiration"
"PPA1935"	"intermediary metabolism and respiration"
"PPA1936"	"intermediary metabolism and respiration"
"PPA1938"	"intermediary metabolism and respiration"
"PPA1939"	"Detoxification virulence and adaptation"
"PPA1940"	"intermediary metabolism and respiration"
"PPA1941"	"Cell wall and cell processes"
"PPA1942"	"Cell wall and cell processes"
"PPA1943"	"intermediary metabolism and respiration"
"PPA1944"	"information pathways"
"PPA1945"	"intermediary metabolism and respiration"
"PPA1946"	"Cell wall and cell processes"
"PPA1947"	"intermediary metabolism and respiration"
"PPA1948"	"intermediary metabolism and respiration"
"PPA1949"	"intermediary metabolism and respiration"
"PPA1950"	"Cell wall and cell processes, intermediary metabolism and respiration"
"PPA1951"	"intermediary metabolism and respiration"
"PPA1952"	"intermediary metabolism and respiration"
"PPA1953"	"intermediary metabolism and respiration, lipid metabolism"
"PPA1954"	"intermediary metabolism and respiration"
"PPA1955"	"Detoxification virulence and adaptation"
"PPA1957"	"regulatory protein"
"PPA1958"	"intermediary metabolism and respiration"
"PPA1959"	"Cell wall and cell processes"
"PPA1960"	"Cell wall and cell processes"
"PPA1961"	"Cell wall and cell processes"
"PPA1962"	"Cell wall and cell processes"
"PPA1964"	"Cell wall and cell processes"
"PPA1965"	"Cell wall and cell processes"
"PPA1966"	"Cell wall and cell processes"
"PPA1967"	"intermediary metabolism and respiration"
"PPA1968"	"Conserved hyphotheticals and uncharacterized proteins"
"PPA1969"	"intermediary metabolism and respiration"
"PPA1970"	"intermediary metabolism and respiration"
"PPA1971"	"Cell wall and cell processes, information pathways"
"PPA1972"	"intermediary metabolism and respiration"
"PPA1973"	""
"PPA1974"	"insertion seqs and phages"
"PPA1975"	"intermediary metabolism and respiration"
"PPA1976"	"intermediary metabolism and respiration"
"PPA1977"	"intermediary metabolism and respiration"
"PPA1978"	"Cell wall and cell processes"
"PPA1979"	"intermediary metabolism and respiration"
"PPA1980"	"Conserved hyphotheticals and uncharacterized proteins"
"PPA1981"	"intermediary metabolism and respiration"
"PPA1982"	"intermediary metabolism and respiration"
"PPA1983"	"lipid metabolism, Detoxification virulence and adaptation"
"PPA1984"	""
"PPA1985"	"Conserved hyphotheticals and uncharacterized proteins"
"PPA1986"	"intermediary metabolism and respiration"
"PPA1987"	"intermediary metabolism and respiration"
"PPA1988"	"intermediary metabolism and respiration"
"PPA1989"	"intermediary metabolism and respiration, Detoxification virulence and adaptation"
"PPA1990"	"intermediary metabolism and respiration"
"PPA1991"	"regulatory protein, Detoxification virulence and adaptation"
"PPA1992"	"intermediary metabolism and respiration"
"PPA1993"	"intermediary metabolism and respiration"
"PPA1994"	"intermediary metabolism and respiration"
"PPA1995"	"intermediary metabolism and respiration"
"PPA1996"	"regulatory protein"
"PPA1997"	"intermediary metabolism and respiration"
"PPA1998"	"intermediary metabolism and respiration"
"PPA1999"	"information pathways"
"PPA2000"	"Cell wall and cell processes, Detoxification virulence and adaptation"
"PPA2002"	"Conserved hyphotheticals and uncharacterized proteins"
"PPA2003"	"information pathways"
"PPA2004"	"Cell wall and cell processes, intermediary metabolism and respiration, Detoxification virulence and adaptation"
"PPA2005"	"intermediary metabolism and respiration"
"PPA2006"	"intermediary metabolism and respiration"
"PPA2007"	"intermediary metabolism and respiration"
"PPA2008"	"intermediary metabolism and respiration"
"PPA2009"	"regulatory protein"
"PPA2010"	"Conserved hyphotheticals and uncharacterized proteins"
"PPA2011"	"intermediary metabolism and respiration"
"PPA2012"	""
"PPA2013"	""
"PPA2014"	"Cell wall and cell processes"
"PPA2015"	"Cell wall and cell processes"
"PPA2016"	"intermediary metabolism and respiration"
"PPA2017"	"Cell wall and cell processes"
"PPA2018"	"Detoxification virulence and adaptation"
"PPA2020"	"Cell wall and cell processes, information pathways"
"PPA2021"	"Detoxification virulence and adaptation"
"PPA2022"	""
"PPA2023"	"intermediary metabolism and respiration"
"PPA2024"	"intermediary metabolism and respiration"
"PPA2025"	"intermediary metabolism and respiration"
"PPA2026"	"Cell wall and cell processes"
"PPA2027"	"regulatory protein"
"PPA2028"	"regulatory protein"
"PPA2030"	"Cell wall and cell processes"
"PPA2031"	"Cell wall and cell processes"
"PPA2032"	"information pathways"
"PPA2033"	"Cell wall and cell processes"
"PPA2034"	"Cell wall and cell processes, information pathways"
"PPA2035"	"intermediary metabolism and respiration"
"PPA2036"	"lipid metabolism"
"PPA2037"	"regulatory protein"
"PPA2038"	"Detoxification virulence and adaptation"
"PPA2039"	"regulatory protein, Detoxification virulence and adaptation"
"PPA2040"	"Detoxification virulence and adaptation"
"PPA2041"	"Conserved hyphotheticals and uncharacterized proteins"
"PPA2042"	"Cell wall and cell processes"
"PPA2043"	"regulatory protein"
"PPA2044"	"Conserved hyphotheticals and uncharacterized proteins"
"PPA2045"	"intermediary metabolism and respiration"
"PPA2046"	"Detoxification virulence and adaptation"
"PPA2047"	"regulatory protein"
"PPA2048"	"intermediary metabolism and respiration"
"PPA2049"	"regulatory protein"
"PPA2050"	"intermediary metabolism and respiration"
"PPA2051"	"intermediary metabolism and respiration"
"PPA2052"	"intermediary metabolism and respiration"
"PPA2053"	"intermediary metabolism and respiration"
"PPA2054"	"intermediary metabolism and respiration"
"PPA2055"	"regulatory protein"
"PPA2056"	"intermediary metabolism and respiration"
"PPA2057"	"intermediary metabolism and respiration"
"PPA2058"	"Cell wall and cell processes"
"PPA2059"	"Cell wall and cell processes"
"PPA2060"	"Cell wall and cell processes"
"PPA2061"	""
"PPA2062"	"regulatory protein"
"PPA2063"	"Cell wall and cell processes"
"PPA2064"	"Cell wall and cell processes"
"PPA2065"	"Cell wall and cell processes"
"PPA2066"	"intermediary metabolism and respiration"
"PPA2070"	"intermediary metabolism and respiration"
"PPA2071"	"Conserved hyphotheticals and uncharacterized proteins"
"PPA2072"	"Conserved hyphotheticals and uncharacterized proteins"
"PPA2073"	"information pathways"
"PPA2075"	"Detoxification virulence and adaptation"
"PPA2076"	"intermediary metabolism and respiration"
"PPA2077"	"regulatory protein"
"PPA2078"	"Cell wall and cell processes"
"PPA2081"	"Cell wall and cell processes"
"PPA2082"	"Cell wall and cell processes, Detoxification virulence and adaptation"
"PPA2083"	"Cell wall and cell processes"
"PPA2084"	"Cell wall and cell processes"
"PPA2085"	"Cell wall and cell processes"
"PPA2086"	"Conserved hyphotheticals and uncharacterized proteins"
"PPA2087"	"Conserved hyphotheticals and uncharacterized proteins"
"PPA2088"	""
"PPA2089"	"Cell wall and cell processes"
"PPA2090"	"Cell wall and cell processes"
"PPA2091"	"Cell wall and cell processes"
"PPA2092"	"intermediary metabolism and respiration"
"PPA2093"	"intermediary metabolism and respiration"
"PPA2094"	"intermediary metabolism and respiration"
"PPA2095"	"intermediary metabolism and respiration"
"PPA2096"	"intermediary metabolism and respiration"
"PPA2097"	"information pathways"
"PPA2098"	"Cell wall and cell processes"
"PPA2099"	"Cell wall and cell processes"
"PPA2101"	"information pathways, regulatory protein"
"PPA2102"	"information pathways, regulatory protein"
"PPA2103"	"intermediary metabolism and respiration"
"PPA2104"	"information pathways"
"PPA2105"	"lipid metabolism"
"PPA2106"	"intermediary metabolism and respiration"
"PPA2107"	"Cell wall and cell processes"
"PPA2108"	"Detoxification virulence and adaptation"
"PPA2109"	"Conserved hyphotheticals and uncharacterized proteins"
"PPA2110"	"intermediary metabolism and respiration"
"PPA2111"	"Conserved hyphotheticals and uncharacterized proteins"
"PPA2112"	"regulatory protein"
"PPA2113"	"regulatory protein"
"PPA2114"	"intermediary metabolism and respiration"
"PPA2115"	"intermediary metabolism and respiration"
"PPA2116"	"intermediary metabolism and respiration"
"PPA2117"	""
"PPA2118"	"intermediary metabolism and respiration"
"PPA2119"	"Conserved hyphotheticals and uncharacterized proteins"
"PPA2120"	"Cell wall and cell processes"
"PPA2121"	"intermediary metabolism and respiration"
"PPA2122"	"information pathways"
"PPA2123"	"Conserved hyphotheticals and uncharacterized proteins"
"PPA2125"	"intermediary metabolism and respiration"
"PPA2126"	"Conserved hyphotheticals and uncharacterized proteins"
"PPA2127"	"Cell wall and cell processes, Detoxification virulence and adaptation, Proline-Threonine repetitive proteins (PTRs)"
"PPA2128"	"information pathways"
"PPA2129"	"intermediary metabolism and respiration"
"PPA2130"	"Cell wall and cell processes"
"PPA2131"	"intermediary metabolism and respiration"
"PPA2132"	"regulatory protein"
"PPA2133"	"intermediary metabolism and respiration"
"PPA2134"	"Cell wall and cell processes, Detoxification virulence and adaptation"
"PPA2135"	"information pathways"
"PPA2136"	"intermediary metabolism and respiration"
"PPA2137"	"information pathways"
"PPA2138"	"regulatory protein"
"PPA2139"	"Cell wall and cell processes"
"PPA2140"	"Conserved hyphotheticals and uncharacterized proteins"
"PPA2141"	"Conserved hyphotheticals and uncharacterized proteins"
"PPA2142"	"intermediary metabolism and respiration"
"PPA2143"	"Cell wall and cell processes"
"PPA2144"	"Conserved hyphotheticals and uncharacterized proteins"
"PPA2145"	"Cell wall and cell processes"
"PPA2146"	"Cell wall and cell processes"
"PPA2147"	"Cell wall and cell processes"
"PPA2148"	"intermediary metabolism and respiration"
"PPA2149"	"Cell wall and cell processes, intermediary metabolism and respiration"
"PPA2150"	"intermediary metabolism and respiration"
"PPA2151"	"intermediary metabolism and respiration, Detoxification virulence and adaptation"
"PPA2152"	"Cell wall and cell processes"
"PPA2153"	"Cell wall and cell processes"
"PPA2154"	"Cell wall and cell processes"
"PPA2155"	"Cell wall and cell processes"
"PPA2156"	"Cell wall and cell processes"
"PPA2157"	"information pathways"
"PPA2158"	"information pathways"
"PPA2160"	"information pathways"
"PPA2161"	"information pathways"
"PPA2162"	"information pathways"
"PPA2163"	"intermediary metabolism and respiration, Detoxification virulence and adaptation"
"PPA2164"	"intermediary metabolism and respiration"
"PPA2165"	"intermediary metabolism and respiration"
"PPA2166"	"intermediary metabolism and respiration"
"PPA2167"	""
"PPA2168"	"intermediary metabolism and respiration"
"PPA2169"	"intermediary metabolism and respiration"
"PPA2170"	"intermediary metabolism and respiration"
"PPA2171"	"Conserved hyphotheticals and uncharacterized proteins"
"PPA2172"	"intermediary metabolism and respiration"
"PPA2173"	"Conserved hyphotheticals and uncharacterized proteins"
"PPA2174"	"intermediary metabolism and respiration"
"PPA2175"	"Cell wall and cell processes, intermediary metabolism and respiration, Detoxification virulence and adaptation"
"PPA2176"	"intermediary metabolism and respiration"
"PPA2177"	"regulatory protein"
"PPA2178"	"regulatory protein"
"PPA2179"	"Cell wall and cell processes"
"PPA2180"	"Conserved hyphotheticals and uncharacterized proteins"
"PPA2181"	"Cell wall and cell processes, Detoxification virulence and adaptation"
"PPA2182"	"intermediary metabolism and respiration"
"PPA2183"	"information pathways"
"PPA2184"	"intermediary metabolism and respiration"
"PPA2185"	"intermediary metabolism and respiration, lipid metabolism"
"PPA2186"	"information pathways"
"PPA2187"	"Cell wall and cell processes"
"PPA2188"	"intermediary metabolism and respiration"
"PPA2189"	"intermediary metabolism and respiration"
"PPA2190"	"Cell wall and cell processes, regulatory protein"
"PPA2191"	"regulatory protein"
"PPA2192"	"intermediary metabolism and respiration"
"PPA2193"	"Cell wall and cell processes"
"PPA2194"	"Conserved hyphotheticals and uncharacterized proteins"
"PPA2195"	""
"PPA2198"	"intermediary metabolism and respiration"
"PPA2199"	"Conserved hyphotheticals and uncharacterized proteins"
"PPA2200"	"intermediary metabolism and respiration"
"PPA2201"	"intermediary metabolism and respiration"
"PPA2202"	"Cell wall and cell processes, information pathways"
"PPA2203"	"Cell wall and cell processes"
"PPA2204"	"regulatory protein"
"PPA2205"	"intermediary metabolism and respiration"
"PPA2206"	"Cell wall and cell processes"
"PPA2207"	"Cell wall and cell processes"
"PPA2208"	"regulatory protein"
"PPA2209"	"information pathways"
"PPA2210"	"Cell wall and cell processes, Detoxification virulence and adaptation, Proline-Threonine repetitive proteins (PTRs)"
"PPA2211"	"Cell wall and cell processes, information pathways"
"PPA2212"	"intermediary metabolism and respiration"
"PPA2213"	"intermediary metabolism and respiration"
"PPA2214"	"intermediary metabolism and respiration"
"PPA2215"	"intermediary metabolism and respiration"
"PPA2216"	"intermediary metabolism and respiration"
"PPA2217"	"regulatory protein"
"PPA2218"	"intermediary metabolism and respiration"
"PPA2219"	"information pathways"
"PPA2220"	"intermediary metabolism and respiration"
"PPA2221"	"intermediary metabolism and respiration"
"PPA2222"	"Conserved hyphotheticals and uncharacterized proteins"
"PPA2223"	"intermediary metabolism and respiration, Detoxification virulence and adaptation"
"PPA2224"	"Cell wall and cell processes, intermediary metabolism and respiration"
"PPA2225"	"Detoxification virulence and adaptation"
"PPA2226"	"information pathways"
"PPA2227"	"information pathways"
"PPA2228"	"information pathways"
"PPA2229"	"information pathways"
"PPA2230"	"information pathways"
"PPA2231"	"information pathways"
"PPA2232"	"intermediary metabolism and respiration"
"PPA2233"	"intermediary metabolism and respiration"
"PPA2234"	"intermediary metabolism and respiration, lipid metabolism"
"PPA2235"	"information pathways"
"PPA2236"	"intermediary metabolism and respiration"
"PPA2237"	"intermediary metabolism and respiration, lipid metabolism"
"PPA2238"	"regulatory protein"
"PPA2239"	"Cell wall and cell processes, intermediary metabolism and respiration, Detoxification virulence and adaptation"
"PPA2240"	"Cell wall and cell processes"
"PPA2242"	"Detoxification virulence and adaptation"
"PPA2243"	"regulatory protein"
"PPA2244"	"information pathways"
"PPA2245"	"intermediary metabolism and respiration"
"PPA2246"	"Cell wall and cell processes"
"PPA2247"	"information pathways"
"PPA2248"	"intermediary metabolism and respiration"
"PPA2249"	"intermediary metabolism and respiration"
"PPA2250"	"intermediary metabolism and respiration"
"PPA2251"	"intermediary metabolism and respiration"
"PPA2252"	"regulatory protein"
"PPA2253"	"Cell wall and cell processes"
"PPA2254"	"Cell wall and cell processes"
"PPA2256"	"regulatory protein"
"PPA2257"	"information pathways"
"PPA2258"	"information pathways"
"PPA2259"	"Cell wall and cell processes"
"PPA2260"	"regulatory protein"
"PPA2261"	"intermediary metabolism and respiration"
"PPA2262"	"regulatory protein"
"PPA2263"	"Conserved hyphotheticals and uncharacterized proteins"
"PPA2264"	"Conserved hyphotheticals and uncharacterized proteins"
"PPA2265"	"Cell wall and cell processes, intermediary metabolism and respiration"
"PPA2266"	"intermediary metabolism and respiration"
"PPA2267"	"intermediary metabolism and respiration"
"PPA2268"	"intermediary metabolism and respiration"
"PPA2269"	"Cell wall and cell processes"
"PPA2270"	"Detoxification virulence and adaptation, Proline-Threonine repetitive proteins (PTRs)"
"PPA2271"	"Cell wall and cell processes, Detoxification virulence and adaptation"
"PPA2272"	"intermediary metabolism and respiration"
"PPA2273"	"intermediary metabolism and respiration"
"PPA2274"	"intermediary metabolism and respiration"
"PPA2275"	"regulatory protein"
"PPA2276"	"intermediary metabolism and respiration"
"PPA2277"	"intermediary metabolism and respiration"
"PPA2278"	"intermediary metabolism and respiration"
"PPA2279"	"intermediary metabolism and respiration"
"PPA2280"	"intermediary metabolism and respiration"
"PPA2281"	"intermediary metabolism and respiration"
"PPA2282"	"intermediary metabolism and respiration"
"PPA2283"	"Cell wall and cell processes"
"PPA2284"	"Cell wall and cell processes"
"PPA2285"	"intermediary metabolism and respiration"
"PPA2286"	"intermediary metabolism and respiration"
"PPA2287"	"intermediary metabolism and respiration"
"PPA2288"	"intermediary metabolism and respiration"
"PPA2289"	"Conserved hyphotheticals and uncharacterized proteins"
"PPA2290"	"Conserved hyphotheticals and uncharacterized proteins"
"PPA2291"	"Conserved hyphotheticals and uncharacterized proteins"
"PPA2292"	"intermediary metabolism and respiration"
"PPA2293"	"Cell wall and cell processes"
"PPA2294"	"Cell wall and cell processes"
"PPA2295"	"Cell wall and cell processes"
"PPA2296"	"regulatory protein"
"PPA2297"	"regulatory protein"
"PPA2298"	"Cell wall and cell processes, information pathways"
"PPA2299"	"intermediary metabolism and respiration"
"PPA2300"	"Conserved hyphotheticals and uncharacterized proteins"
"PPA2301"	"information pathways"
"PPA2302"	"Conserved hyphotheticals and uncharacterized proteins"
"PPA2303"	"regulatory protein"
"PPA2304"	"intermediary metabolism and respiration"
"PPA2305"	"Cell wall and cell processes"
"PPA2306"	"regulatory protein"
"PPA2307"	"intermediary metabolism and respiration"
"PPA2308"	"intermediary metabolism and respiration"
"PPA2309"	"intermediary metabolism and respiration, Detoxification virulence and adaptation"
"PPA2310"	"intermediary metabolism and respiration"
"PPA2311"	"Cell wall and cell processes, information pathways"
"PPA2312"	"intermediary metabolism and respiration, lipid metabolism"
"PPA2313"	"Detoxification virulence and adaptation"
"PPA2314"	"intermediary metabolism and respiration, Detoxification virulence and adaptation"
"PPA2315"	"intermediary metabolism and respiration"
"PPA2318"	"intermediary metabolism and respiration"
"PPA2319"	"intermediary metabolism and respiration"
"PPA2320"	"intermediary metabolism and respiration"
"PPA2321"	"intermediary metabolism and respiration"
"PPA2322"	"intermediary metabolism and respiration"
"PPA2323"	"Cell wall and cell processes"
"PPA2324"	"intermediary metabolism and respiration"
"PPA2325"	"intermediary metabolism and respiration"
"PPA2326"	"regulatory protein"
"PPA2327"	"intermediary metabolism and respiration"
"PPA2328"	"intermediary metabolism and respiration"
"PPA2329"	"intermediary metabolism and respiration"
"PPA2330"	"regulatory protein"
"PPA2331"	"Cell wall and cell processes"
"PPA2332"	"intermediary metabolism and respiration"
"PPA2333"	"intermediary metabolism and respiration"
"PPA2334"	"intermediary metabolism and respiration"
"PPA2335"	"intermediary metabolism and respiration"
"PPA2336"	"intermediary metabolism and respiration"
"PPA2337"	"intermediary metabolism and respiration"
"PPA2338"	"Cell wall and cell processes, intermediary metabolism and respiration"
"PPA2339"	"Cell wall and cell processes"
"PPA2340"	"Cell wall and cell processes"
"PPA2341"	"Cell wall and cell processes"
"PPA2342"	"Cell wall and cell processes"
"PPA2343"	"Conserved hyphotheticals and uncharacterized proteins"
"PPA2344"	"information pathways"
"PPA2345"	"Conserved hyphotheticals and uncharacterized proteins"
"PPA2346"	"intermediary metabolism and respiration"
"PPA2347"	"Cell wall and cell processes"
"PPA2348"	"Conserved hyphotheticals and uncharacterized proteins"
"PPA2349"	"information pathways"
"PPA2350"	"Cell wall and cell processes, Detoxification virulence and adaptation"
"PPA2351"	"Cell wall and cell processes, regulatory protein"
"PPA2352"	"information pathways"
"PPA2353"	"information pathways"
"PPA2354"	"insertion seqs and phages"
"PPA2355"	"insertion seqs and phages"
"PPA2356"	"Conserved hyphotheticals and uncharacterized proteins"
"PPA2359"	"regulatory protein"
"PPA2360"	"Conserved hyphotheticals and uncharacterized proteins"
"PPA2361"	"Conserved hyphotheticals and uncharacterized proteins"
"PPA2362"	"Conserved hyphotheticals and uncharacterized proteins"
"PPA2364"	"Conserved hyphotheticals and uncharacterized proteins"
"PPA2365"	"Conserved hyphotheticals and uncharacterized proteins"
"PPA2366"	"Conserved hyphotheticals and uncharacterized proteins"
"PPA2367"	"Conserved hyphotheticals and uncharacterized proteins"
"PPA2368"	"Detoxification virulence and adaptation"
"PPA2369"	"Conserved hyphotheticals and uncharacterized proteins"
"PPA2370"	"Conserved hyphotheticals and uncharacterized proteins"
"PPA2371"	"Conserved hyphotheticals and uncharacterized proteins"
"PPA2372"	"Conserved hyphotheticals and uncharacterized proteins"
"PPA2373"	"Conserved hyphotheticals and uncharacterized proteins"
"PPA2374"	"Conserved hyphotheticals and uncharacterized proteins"
"PPA2375"	"Conserved hyphotheticals and uncharacterized proteins"
"PPA2376"	"Conserved hyphotheticals and uncharacterized proteins"
"PPA2377"	"insertion seqs and phages"
"PPA2378"	"Conserved hyphotheticals and uncharacterized proteins"
"PPA2379"	"Conserved hyphotheticals and uncharacterized proteins"
"PPA2380"	"Conserved hyphotheticals and uncharacterized proteins"
"PPA2381"	"Conserved hyphotheticals and uncharacterized proteins"
"PPA2382"	"information pathways"
"PPA2383"	"Detoxification virulence and adaptation"
"PPA2384"	"Conserved hyphotheticals and uncharacterized proteins"
"PPA2385"	"Conserved hyphotheticals and uncharacterized proteins"
"PPA2386"	"Conserved hyphotheticals and uncharacterized proteins"
"PPA2387"	"Conserved hyphotheticals and uncharacterized proteins"
"PPA2388"	"Conserved hyphotheticals and uncharacterized proteins"
"PPA2389"	"Conserved hyphotheticals and uncharacterized proteins"
"PPA2390"	"Conserved hyphotheticals and uncharacterized proteins"
"PPA2391"	"insertion seqs and phages"
"PPA2392"	"Conserved hyphotheticals and uncharacterized proteins"
"PPA2393"	"intermediary metabolism and respiration"
"PPA2394"	"Conserved hyphotheticals and uncharacterized proteins"
"PPA2395"	"Conserved hyphotheticals and uncharacterized proteins"
"PPA2396"	"Conserved hyphotheticals and uncharacterized proteins"
"PPA2397"	"Conserved hyphotheticals and uncharacterized proteins"
"PPA2398"	"Conserved hyphotheticals and uncharacterized proteins"
"PPA2399"	"regulatory protein"
"PPA2400"	"Conserved hyphotheticals and uncharacterized proteins"
"PPA2401"	"intermediary metabolism and respiration"
"PPA2402"	"Conserved hyphotheticals and uncharacterized proteins"
"PPA2403"	"Cell wall and cell processes"
"PPA2404"	"Conserved hyphotheticals and uncharacterized proteins"
"PPA2405"	"Conserved hyphotheticals and uncharacterized proteins"
"PPA2406"	"Conserved hyphotheticals and uncharacterized proteins"
"PPA2407"	"regulatory protein"
