id	pocketID	Ligands	V5	Ligand Name	Intermolecular Binding Energy
PPA0001	pocket0	ADP	PPA0001a_ADP	ADENOSINE-5'-DIPHOSPHATE	-11.17
PPA0001	pocket4	IVM	PPA0001a_IVM	(2aE,4E,5'S,6S,6'R,7S,8E,11R,13R,15S,17aR,20R,20aR,20bS)-6'-[(2S)-butan-2-yl]-20,20b-dihydroxy-5',6,8,19-tetramethyl-17-oxo-3',4',5',6,6',10,11,14,15,17,17a,20,20a,20b-tetradecahydro-2H,7H-spiro[11,15-methanofuro[4,3,2-pq]-[2,6]benzodioxacy-clooctadecine-13,2'-pyran]-7-yl 2,6-dideoxy-4-O-(2,6-dideoxy-3-O-methyl-alpha-L-arabino-hexopyranosyl)-3-O-methyl-alpha-L-arabino-hexopyranoside	-7.22
PPA0001	pocket11	OLA	PPA0001a_OLA	OLEIC ACID	-3.19
PPA0002	pocket14	ATP	PPA0002a_ATP	ADENOSINE-5'-TRIPHOSPHATE	-8.09
PPA0002	pocket0	O4A	PPA0002a_O4A	N-(2,3-dihydro-1,4-benzodioxin-6-yl)-2-(8-methyl[1]benzopyrano[4,3-c]pyrazol-1(4H)-yl)acetamide	-7.09
PPA0002	pocket13	7L4	PPA0002a_7L4	2-PHENYLQUINOLIN-4-OL	-6
PPA0002	pocket2	A3B	PPA0002a_A3B	D-VINYLGLYCINE	-4.63
PPA0002	pocket3	P2C	PPA0002a_P2C	2-[(3,5-DICHLORO-4-TRIOXIDANYLPHENYL)AMINO]BENZOIC ACID	Nil
PPA0003	pocket4	ZD6	PPA0003a_ZD6	Vandetanib	-7.7
PPA0003	pocket0	KWA	PPA0003a_KWA	1-[5-(3,5-dichlorophenyl)furan-2-yl]-N-methylmethanamine	-6.16
PPA0003	pocket7	440	PPA0003a_440	3-{[4-(but-2-yn-1-yloxy)phenyl]sulfonyl}propane-1-thiol	-4.99
PPA0003	pocket1	FAD	PPA0003a_FAD	FLAVIN-ADENINE DINUCLEOTIDE	-1.56
PPA0003	pocket5	FAD	PPA0003a_FAD	FLAVIN-ADENINE DINUCLEOTIDE	-1.56
PPA0004	pocket0	1PE	PPA0004a_1PE	PENTAETHYLENE GLYCOL	-1.85
PPA0005	pocket3	FAD	PPA0005a_FAD	FLAVIN-ADENINE DINUCLEOTIDE	-6.43
PPA0008	pocket2	984	PPA0008a_984	CYCLOPROPYL-{4-[5-(3,4-DICHLOROPHENYL)-2-[(1-METHYL)-PIPERIDIN]-4-YL-3-PROPYL-3H-IMIDAZOL-4-YL]-PYRIMIDIN-2-YL}AMINE	-7.2
PPA0008	pocket11	FAD	PPA0008a_FAD	FLAVIN-ADENINE DINUCLEOTIDE	-6.47
PPA0008	pocket12	FAD	PPA0008a_FAD	FLAVIN-ADENINE DINUCLEOTIDE	-6.47
PPA0008	pocket9	FAD	PPA0008a_FAD	FLAVIN-ADENINE DINUCLEOTIDE	-6.47
PPA0008	pocket1	A2F	PPA0008a_A2F	2-fluoroadenine	-4.27
PPA0008	pocket6	9C2	PPA0008a_9C2	[(2~{R},3~{R},4~{S})-5-diazanyl-2,3,4-tris(oxidanyl)-5-oxidanylidene-pentyl] dihydrogen phosphate	-4.05
PPA0008	pocket18	U89	PPA0008a_U89	N-[4-[[3-(2,4-DIAMINO-1,6-DIHYDRO-6-OXO-4-PYRIMIDINYL)-PROPYL]-[2-((2-OXO-2-((4-PHOSPHORIBOXY)-BUTYL)-AMINO)-ETHYL)-THIO-ACETYL]-AMINO]BENZOYL]-1-GLUTAMIC ACID	Nil
PPA0009	pocket1	ANP	PPA0009a_ANP	PHOSPHOAMINOPHOSPHONIC ACID-ADENYLATE ESTER	-7.25
PPA0009	pocket0	ARC	PPA0009a_ARC	3,7,11,15-TETRAMETHYL-HEXADECAN-1-OL	-6.8
PPA0009	pocket6	UNL	PPA0009a_UNL	Unknown ligand	Nil
PPA0010	pocket1	R0S	PPA0010a_R0S	4-(5-chloro-2-{[1-(3,4-dimethoxyphenyl)-2-oxo-1,2-dihydro-3H-imidazo[4,5-c]pyridin-3-yl]methyl}-1H-indol-1-yl)butanenitrile	-4.51
PPA0011	pocket0	FAD	PPA0011a_FAD	FLAVIN-ADENINE DINUCLEOTIDE	-2.1
PPA0012	pocket0	P8M	PPA0012a_P8M	2-{3-[3-(cyclopentylethynyl)-4-fluorophenyl]-5-(cyclopropylmethyl)-4-[(3-fluoro-4-sulfamoylphenyl)methyl]-1H-pyrazol-1-yl}-1,3-thiazole-4-carboxylic acid	-10.67
PPA0012	pocket1	NAD	PPA0012a_NAD	NICOTINAMIDE-ADENINE-DINUCLEOTIDE	-5.4
PPA0012	pocket5	FAD	PPA0012a_FAD	FLAVIN-ADENINE DINUCLEOTIDE	-2.88
PPA0015	pocket6	ATP	PPA0015a_ATP	ADENOSINE-5'-TRIPHOSPHATE	-5.22
PPA0015	pocket0	HPA	PPA0015a_HPA	HYPOXANTHINE	-4.6
PPA0015	pocket1	VLB	PPA0015a_VLB	(2ALPHA,2'BETA,3BETA,4ALPHA,5BETA)-VINCALEUKOBLASTINE	278.35
PPA0016	pocket0	SQU	PPA0016a_SQU	2,10,23-TRIMETHYL-TETRACOSANE	-8.1
PPA0016	pocket3	BB2	PPA0016a_BB2	ACTINONIN	-6.33
PPA0016	pocket5	FAD	PPA0016a_FAD	FLAVIN-ADENINE DINUCLEOTIDE	-5.15
PPA0017	pocket3	RIP	PPA0017a_RIP	beta-D-ribopyranose	-7.54
PPA0017	pocket0	FAD	PPA0017a_FAD	FLAVIN-ADENINE DINUCLEOTIDE	-5.24
PPA0017	pocket6	4UU	PPA0017a_4UU	5'-O-[(R)-hydroxy{[(2E)-3-(4-oxocyclohexa-1,5-dien-1-yl)prop-2-enoyl]oxy}phosphoryl]adenosine	-4.85
PPA0018	pocket3	D2W	PPA0018a_D2W	4-[2-(dimethylamino)ethoxy]-~{N}-[[(3~{R})-5-(6-methoxypyridin-2-yl)-2,3-dihydro-1,4-benzodioxin-3-yl]methyl]benzamide	-7.4
PPA0018	pocket7	SAH	PPA0018a_SAH	S-ADENOSYL-L-HOMOCYSTEINE	-6.79
PPA0018	pocket2	Q5M	PPA0018a_Q5M	4-(naphthalen-1-yl)-4-oxobutanoic acid	-4.71
PPA0018	pocket1	RIB	PPA0018a_RIB	alpha-D-ribofuranose	-3.99
PPA0018	pocket6	DGN	PPA0018a_DGN	D-GLUTAMINE	-3.95
PPA0018	pocket10	GTP	PPA0018a_GTP	GUANOSINE-5'-TRIPHOSPHATE	-3.38
PPA0018	pocket0	ACP	PPA0018a_ACP	PHOSPHOMETHYLPHOSPHONIC ACID ADENYLATE ESTER	-3.08
PPA0021	pocket2	PUB	PPA0021a_PUB	PHYCOUROBILIN	-4.7
PPA0021	pocket1	FAD	PPA0021a_FAD	FLAVIN-ADENINE DINUCLEOTIDE	-3.67
PPA0022	pocket0	ARC	PPA0022a_ARC	3,7,11,15-TETRAMETHYL-HEXADECAN-1-OL	-10.06
PPA0022	pocket6	RFL	PPA0022a_RFL	8-DEMETHYL-8-DIMETHYLAMINO-FLAVIN-ADENINE-DINUCLEOTIDE	-9.34
PPA0022	pocket12	FAD	PPA0022a_FAD	FLAVIN-ADENINE DINUCLEOTIDE	-4.47
PPA0025	pocket3	SAM	PPA0025a_SAM	S-ADENOSYLMETHIONINE	-6.55
PPA0025	pocket2	FAD	PPA0025a_FAD	FLAVIN-ADENINE DINUCLEOTIDE	-6.25
PPA0029	pocket3	G17	PPA0029a_G17	N-{3-[2-(cyclopropylamino)quinazolin-6-yl]-4-methylphenyl}-3-(trifluoromethyl)benzamide	-6.68
PPA0030	pocket0	SQU	PPA0030a_SQU	2,10,23-TRIMETHYL-TETRACOSANE	-8.54
PPA0030	pocket2	ANP	PPA0030a_ANP	PHOSPHOAMINOPHOSPHONIC ACID-ADENYLATE ESTER	-7.02
PPA0031	pocket1	TTP	PPA0031a_TTP	THYMIDINE-5'-TRIPHOSPHATE	-11.19
PPA0031	pocket2	NKR	PPA0031a_NKR	(2R)-2-hydroxy-3-(phosphonooxy)propyl (4Z,7E,10E,13Z,16Z,19Z)-docosa-4,7,10,13,16,19-hexaenoate	-8
PPA0031	pocket0	5RP	PPA0031a_5RP	RIBULOSE-5-PHOSPHATE	-5.57
PPA0034	pocket0	PPE	PPA0034a_PPE	4-[(1,3-DICARBOXY-PROPYLAMINO)-METHYL]-3-HYDROXY-2-METHYL-5-PHOSPHONOOXYMETHYL-PYRIDINIUM	-9.16
PPA0034	pocket6	3UZ	PPA0034a_3UZ	(2S)-2-(4-chlorophenyl)-N-{2-[3-methoxy-4-(prop-2-yn-1-yloxy)phenyl]ethyl}-2-(prop-2-yn-1-yloxy)ethanamide	-5.81
PPA0034	pocket1	ADE	PPA0034a_ADE	ADENINE	-4.8
PPA0034	pocket5	NAP	PPA0034a_NAP	NADP NICOTINAMIDE-ADENINE-DINUCLEOTIDE PHOSPHATE	-3.96
PPA0037	pocket0	ACO	PPA0037a_ACO	ACETYL COENZYME *A	-12.93
PPA0037	pocket3	BCL	PPA0037a_BCL	BACTERIOCHLOROPHYLL A	-10.69
PPA0037	pocket1	7MC	PPA0037a_7MC	5'-O-[(R)-[(N-acetyl-L-alpha-aspartyl)amino](3-aminopropoxy)phosphoryl]adenosine	-8.64
PPA0038	pocket2	NDP	PPA0038a_NDP	NADPH DIHYDRO-NICOTINAMIDE-ADENINE-DINUCLEOTIDE PHOSPHATE	-5.58
PPA0039	pocket3	CVT	PPA0039a_CVT	3,4,5-trimethoxy-~{N}-[(~{E})-naphthalen-1-ylmethylideneamino]benzamide	-6.94
PPA0039	pocket0	FMN	PPA0039a_FMN	FLAVIN MONONUCLEOTIDE	-5.1
PPA0040	pocket0	5RX	PPA0040a_5RX	2-azanyl-8-[(4-chlorophenyl)methylsulfanyl]-1,9-dihydropurin-6-one	-6.95
PPA0040	pocket1	ZZZ	PPA0040a_ZZZ	6-FORMYLTETRAHYDROPTERIN	-6.46
PPA0040	pocket10	FAD	PPA0040a_FAD	FLAVIN-ADENINE DINUCLEOTIDE	-4.58
PPA0041	pocket0	AGS	PPA0041a_AGS	PHOSPHOTHIOPHOSPHORIC ACID-ADENYLATE ESTER	-12.23
PPA0041	pocket16	ENM	PPA0041a_ENM	(5S,8R,9S,10S,13R,14S,17S)-13-{2-[(3,5-DIFLUOROBENZYL)OXY]ETHYL}-17-HYDROXY-10-METHYLHEXADECAHYDRO-3H-CYCLOPENTA[A]PHENANTHREN-3-ONE	-10.02
PPA0041	pocket1	DGT	PPA0041a_DGT	2'-DEOXYGUANOSINE-5'-TRIPHOSPHATE	-8
PPA0041	pocket11	4KR	PPA0041a_4KR	7-aminocephalosporanic acid	-5.1
PPA0043	pocket10	C2E	PPA0043a_C2E	9,9'-[(2R,3R,3aS,5S,7aR,9R,10R,10aS,12S,14aR)-3,5,10,12-tetrahydroxy-5,12-dioxidooctahydro-2H,7H-difuro[3,2-d:3',2'-j][1,3,7,9,2,8]tetraoxadiphosphacyclododecine-2,9-diyl]bis(2-amino-1,9-dihydro-6H-purin-6-one)	-4.24
PPA0043	pocket5	0VT	PPA0043a_0VT	6-methylhept-5-en-2-one	-4.07
PPA0043	pocket15	HEM	PPA0043a_HEM	PROTOPORPHYRIN IX CONTAINING FE	-3.03
PPA0043	pocket14	ACO	PPA0043a_ACO	ACETYL COENZYME *A	-0.43
PPA0044	pocket1	BLV	PPA0044a_BLV	BILIVERDIN IX GAMMA CHROMOPHORE	-6.61
PPA0046	pocket2	HEA	PPA0046a_HEA	HEME-A	-6.84
PPA0047	pocket26	5RC	PPA0047a_5RC	~{N}-[(1~{R},6~{R})-6-azanyl-2,2-bis(fluoranyl)cyclohexyl]-5-ethyl-4-[6-(trifluoromethyl)pyrazolo[1,5-a]pyrimidin-3-yl]thiophene-2-carboxamide	-10.54
PPA0047	pocket37	NAI	PPA0047a_NAI	1,4-DIHYDRONICOTINAMIDE ADENINE DINUCLEOTIDE	-4.81
PPA0047	pocket15	3CL	PPA0047a_3CL	3-CHLOROPROPANOL	-3.17
PPA0048	pocket14	2GJ	PPA0048a_2GJ	5-[2,4-DIHYDROXY-5-(1-METHYLETHYL)PHENYL]-N-ETHYL-4-[4-(MORPHOLIN-4-YLMETHYL)PHENYL]ISOXAZOLE-3-CARBOXAMIDE	-8.27
PPA0048	pocket8	MPG	PPA0048a_MPG	[(Z)-octadec-9-enyl] (2R)-2,3-bis(oxidanyl)propanoate	-6.02
PPA0048	pocket7	TYM	PPA0048a_TYM	TRYPTOPHANYL-5'AMP	-4.94
PPA0049	pocket0	CBL	PPA0049a_CBL	CHLORAMBUCIL	-7.55
PPA0049	pocket10	D3H	PPA0049a_D3H	~{N}-(4-aminophenyl)-2-azanyl-ethanamide	-6.3
PPA0049	pocket16	GDP	PPA0049a_GDP	GUANOSINE-5'-DIPHOSPHATE	-5.03
PPA0050	pocket1	NAD	PPA0050a_NAD	NICOTINAMIDE-ADENINE-DINUCLEOTIDE	-4.34
PPA0050	pocket2	COA	PPA0050a_COA	COENZYME A	-3.84
PPA0050	pocket4	TG1	PPA0050a_TG1	OCTANOIC ACID [3S-[3ALPHA, 3ABETA, 4ALPHA, 6BETA, 6ABETA, 7BETA, 8ALPHA(Z), 9BALPHA]]-6-(ACETYLOXY)-2,3,-3A,4,5,6,6A,7,8,9B-DECAHYDRO-3,3A-DIHYDROXY-3,6,9-TRIMETHYL-8-[(2-METHYL-1-OXO-2-BUTENYL)OX-Y]-2-OXO-4-(1-OXOBUTOXY)-AZULENO[4,5-B]FURAN-7-YL ESTER	-1.68
PPA0052	pocket6	ODP	PPA0052a_ODP	4-OXO-NICOTINAMIDE-ADENINE DINUCLEOTIDE PHOSPHATE	-5.95
PPA0053	pocket1	MS7	PPA0053a_MS7	O-benzyl-N-methyl-L-tyrosinamide	-8.73
PPA0053	pocket0	YFD	PPA0053a_YFD	AMORFRUTIN 2	-7.75
PPA0053	pocket23	AGS	PPA0053a_AGS	PHOSPHOTHIOPHOSPHORIC ACID-ADENYLATE ESTER	-4.82
PPA0053	pocket13	JZ9	PPA0053a_JZ9	4,5,6,7-tetrahydro-1H-indole	-4.57
PPA0053	pocket31	GTP	PPA0053a_GTP	GUANOSINE-5'-TRIPHOSPHATE	-2.25
PPA0054	pocket9	P38	PPA0054a_P38	5-methyl-4-[(2-methyl-5-{[(2-morpholin-4-ylpyridin-4-yl)carbonyl]amino}phenyl)amino]-N-(1-phenylethenyl)pyrrolo[2,1-f][1,2,4]triazine-6-carboxamide	-7.42
PPA0054	pocket4	NAD	PPA0054a_NAD	NICOTINAMIDE-ADENINE-DINUCLEOTIDE	-5.35
PPA0055	pocket3	DCP	PPA0055a_DCP	2'-DEOXYCYTIDINE-5'-TRIPHOSPHATE	-5.91
PPA0056	pocket5	MYR	PPA0056a_MYR	MYRISTIC ACID	-3.44
PPA0057	pocket0	KVB	PPA0057a_KVB	2-[4-[[3-[3-(phenylmethyl)-8-(trifluoromethyl)quinolin-4-yl]phenoxy]methyl]phenyl]ethanoic acid	-6.87
PPA0057	pocket2	PL3	PPA0057a_PL3	HEXADECAN-1-OL	-4.15
PPA0058	pocket1	HEM	PPA0058a_HEM	PROTOPORPHYRIN IX CONTAINING FE	-7.43
PPA0058	pocket2	DMU	PPA0058a_DMU	DECYL-BETA-D-MALTOPYRANOSIDE	-4.14
PPA0059	pocket7	ADP	PPA0059a_ADP	ADENOSINE-5'-DIPHOSPHATE	-6.31
PPA0059	pocket10	9IP	PPA0059a_9IP	N~3~-[3-(5-METHOXYPYRIDIN-3-YL)BENZYL]PYRIDINE-2,3-DIAMINE	-6.23
PPA0059	pocket1	BGC	PPA0059a_BGC	beta-D-glucopyranose	-5
PPA0059	pocket0	NIO	PPA0059a_NIO	NICOTINIC ACID	-3.78
PPA0059	pocket2	UNL	PPA0059a_UNL	Unknown ligand	Nil
PPA0060	pocket8	A5A	PPA0060a_A5A	'5'-O-(N-(L-ALANYL)-SULFAMOYL)ADENOSINE	-6.61
PPA0060	pocket0	G6P	PPA0060a_G6P	6-O-phosphono-alpha-D-glucopyranose	-6.42
PPA0061	pocket1	Q7U	PPA0061a_Q7U	1-(2-chlorophenyl)-3-(1-methylbenzimidazol-2-yl)urea	-8.86
PPA0061	pocket11	FAD	PPA0061a_FAD	FLAVIN-ADENINE DINUCLEOTIDE	-6.73
PPA0061	pocket6	FAD	PPA0061a_FAD	FLAVIN-ADENINE DINUCLEOTIDE	-6.73
PPA0061	pocket7	NAD	PPA0061a_NAD	NICOTINAMIDE-ADENINE-DINUCLEOTIDE	-6.18
PPA0061	pocket4	K4V	PPA0061a_K4V	4-nitrophenyl acetate	-5.33
PPA0062	pocket0	GER	PPA0062a_GER	GERAN-8-YL GERAN	-7.59
PPA0062	pocket5	CPQ	PPA0062a_CPQ	N,N-BIS(3-D-GLUCONAMIDOPROPYL)DEOXYCHOLAMIDE	-6.45
PPA0062	pocket4	EVF	PPA0062a_EVF	1,3-benzothiazole-2-sulfonamide	-5.92
PPA0062	pocket3	MFZ	PPA0062a_MFZ	3-(4,7-dichloro-1H-indol-3-yl)prop-2-yn-1-ol	-5.46
PPA0062	pocket2	RD2	PPA0062a_RD2	[(6-hydroxynaphthalen-2-yl)methylene]bis(phosphonic acid)	-5.37
PPA0062	pocket13	BTB	PPA0062a_BTB	2-[BIS-(2-HYDROXY-ETHYL)-AMINO]-2-HYDROXYMETHYL-PROPANE-1,3-DIOL	-3.27
PPA0062	pocket38	GSP	PPA0062a_GSP	5'-GUANOSINE-DIPHOSPHATE-MONOTHIOPHOSPHATE	-1.7
PPA0063	pocket4	SAH	PPA0063a_SAH	S-ADENOSYL-L-HOMOCYSTEINE	-6.26
PPA0063	pocket3	HEM	PPA0063a_HEM	PROTOPORPHYRIN IX CONTAINING FE	-6.17
PPA0063	pocket5	BTX	PPA0063a_BTX	((2R,3S,4R,5R)-5-(6-AMINO-9H-PURIN-9-YL)-3,4-DIHYDROXY-TETRAHYDROFURAN-2-YL)METHYL 5-((3AS,4S,6AR)-2-OXO-HEXAHYDRO-1H-THIENO[3,4-D]IMIDAZOL-4-YL)PENTYL HYDROGEN PHOSPHATE	-5.45
PPA0063	pocket9	FMN	PPA0063a_FMN	FLAVIN MONONUCLEOTIDE	-4.13
PPA0064	pocket0	PGA	PPA0064a_PGA	2-PHOSPHOGLYCOLIC ACID	-1.84
PPA0065	pocket3	AKX	PPA0065a_AKX	(1R,3R)-5-[(2E)-2-[(1R,3aS,7aR)-7a-methyl-1-[(2R)-6-oxidanyl-7-phenyl-6-(phenylmethyl)heptan-2-yl]-2,3,3a,5,6,7-hexahydro-1H-inden-4-ylidene]ethylidene]-2-methylidene-cyclohexane-1,3-diol	-8.34
PPA0065	pocket12	FAD	PPA0065a_FAD	FLAVIN-ADENINE DINUCLEOTIDE	-5.42
PPA0065	pocket7	OMP	PPA0065a_OMP	OROTIDINE-5'-MONOPHOSPHATE	-4.27
PPA0065	pocket1	BCN	PPA0065a_BCN	BICINE	-3.59
PPA0066	pocket1	2BG	PPA0066a_2BG	1-(1,3-benzothiazol-2-yl)methanamine	-5.92
PPA0066	pocket0	NAG	PPA0066a_NAG	2-acetamido-2-deoxy-beta-D-glucopyranose	-5.41
PPA0066	pocket12	ADP	PPA0066a_ADP	ADENOSINE-5'-DIPHOSPHATE	-3.65
PPA0067	pocket8	YLY	PPA0067a_YLY	(2R)-2-AMINO-6-({[(2S,3R)-3-METHYLPYRROLIDIN-2-YL]CARBONYL}AMINO)HEXANOYL [(2S,3R,4R,5R)-5-(6-AMINO-9H-PURIN-9-YL)-3,4-DIHYDROXYTETRAHYDROFURAN-2-YL]METHYL HYDROGEN (R)-PHOSPHATE	-7.01
PPA0067	pocket0	ATP	PPA0067a_ATP	ADENOSINE-5'-TRIPHOSPHATE	-6.12
PPA0067	pocket2	ADP	PPA0067a_ADP	ADENOSINE-5'-DIPHOSPHATE	-2.69
PPA0068	pocket2	PCI	PPA0068a_PCI	PENTACHLOROPHENOL	-5.29
PPA0068	pocket11	FAD	PPA0068a_FAD	FLAVIN-ADENINE DINUCLEOTIDE	-2.79
PPA0068	pocket4	EPH	PPA0068a_EPH	L-ALPHA-PHOSPHATIDYL-BETA-OLEOYL-GAMMA-PALMITOYL-PHOSPHATIDYLETHANOLAMINE	0.17
PPA0069	pocket1	NAD	PPA0069a_NAD	NICOTINAMIDE-ADENINE-DINUCLEOTIDE	-10.72
PPA0069	pocket0	UD1	PPA0069a_UD1	URIDINE-DIPHOSPHATE-N-ACETYLGLUCOSAMINE	-6.64
PPA0069	pocket3	B29	PPA0069a_B29	[2-(3-DIBENZOFURAN-4-YL-PHENYL)-1-HYDROXY-1-PHOSPHONO-ETHYL]-PHOSPHONIC ACID	-5.39
PPA0069	pocket5	FPS	PPA0069a_FPS	S-[(2E,6E)-3,7,11-TRIMETHYLDODECA-2,6,10-TRIENYL] TRIHYDROGEN THIODIPHOSPHATE	-5.21
PPA0069	pocket2	UPG	PPA0069a_UPG	URIDINE-5'-DIPHOSPHATE-GLUCOSE	-3.27
PPA0069	pocket4	NAP	PPA0069a_NAP	NADP NICOTINAMIDE-ADENINE-DINUCLEOTIDE PHOSPHATE	-2.42
PPA0070	pocket0	ARC	PPA0070a_ARC	3,7,11,15-TETRAMETHYL-HEXADECAN-1-OL	-7.93
PPA0070	pocket3	LIE	PPA0070a_LIE	2-(2,6-DIFLUOROPHENOXY)-N-(2-FLUOROPHENYL)-9-ISOPROPYL-9H-PURIN-8-AMINE	-6.09
PPA0070	pocket5	NDP	PPA0070a_NDP	NADPH DIHYDRO-NICOTINAMIDE-ADENINE-DINUCLEOTIDE PHOSPHATE	-6.01
PPA0071	pocket16	PLT	PPA0071a_PLT	[3-HYDROXY-2-METHYL-5-PHOSPHONOOXYMETHYL-PYRIDIN-4-YLMETHYL]-L-TRYPTOPHANE	-9.71
PPA0071	pocket25	NAJ	PPA0071a_NAJ	NICOTINAMIDE-ADENINE-DINUCLEOTIDE (ACIDIC FORM)	-7.62
PPA0071	pocket0	9NE	PPA0071a_9NE	DANSYL-L-GLUTAMATE	-7.32
PPA0071	pocket2	ARC	PPA0071a_ARC	3,7,11,15-TETRAMETHYL-HEXADECAN-1-OL	-4.67
PPA0071	pocket1	VLB	PPA0071a_VLB	(2ALPHA,2'BETA,3BETA,4ALPHA,5BETA)-VINCALEUKOBLASTINE	22.2
PPA0072	pocket2	CLA	PPA0072a_CLA	CHLOROPHYLL A	-9.37
PPA0072	pocket17	FAD	PPA0072a_FAD	FLAVIN-ADENINE DINUCLEOTIDE	-5.73
PPA0072	pocket5	FAD	PPA0072a_FAD	FLAVIN-ADENINE DINUCLEOTIDE	-5.73
PPA0072	pocket10	2DL	PPA0072a_2DL	2-METHYL-4-DIETHYLAMIDE-PHENOL	-5.46
PPA0072	pocket16	RTL	PPA0072a_RTL	RETINOL	Nil
PPA0072	pocket21	30000	PPA0072a_30000	N-{4-[(3-{2-[(trans-4-aminocyclohexyl)amino]pyrimidin-4-yl}pyridin-2-yl)oxy]-3-methylnaphthalen-1-yl}-2-chlorobenzenesulfonamide	Nil
PPA0073	pocket2	L1P	PPA0073a_L1P	3-PHOSPHORYL-[1,2-DI-PHYTANYL]GLYCEROL	-11.61
PPA0073	pocket0	MWT	PPA0073a_MWT	1-[2-[5-[4-(4-azanylbutyl)-3-methyl-1,2,3-triazol-3-ium-1-yl]-2-[4-(2-phenylethyl)-1,3-thiazol-2-yl]phenoxy]ethyl]imidazolidin-2-one	-8.34
PPA0073	pocket11	37O	PPA0073a_37O	N-(4-{[3-(3,5-dimethoxyphenyl)-7-{[4-(4-methylpiperazin-1-yl)phenyl]amino}-2-oxo-3,4-dihydropyrimido[4,5-d]pyrimidin-1(2H)-yl]methyl}phenyl)propanamide	-8.12
PPA0073	pocket13	HEC	PPA0073a_HEC	HEME C	-7.05
PPA0073	pocket12	L5K	PPA0073a_L5K	~{N}-[3-[(7-nitrodibenzofuran-2-yl)sulfonylamino]phenyl]-1-oxidanyl-cyclopropane-1-carboxamide	-6.91
PPA0073	pocket4	CPS	PPA0073a_CPS	3-[(3-CHOLAMIDOPROPYL)DIMETHYLAMMONIO]-1-PROPANESULFONATE	-6.54
PPA0073	pocket7	NAD	PPA0073a_NAD	NICOTINAMIDE-ADENINE-DINUCLEOTIDE	-6.39
PPA0073	pocket5	TES	PPA0073a_TES	TESTOSTERONE	-6.2
PPA0073	pocket14	FAD	PPA0073a_FAD	FLAVIN-ADENINE DINUCLEOTIDE	-5.91
PPA0073	pocket16	FAD	PPA0073a_FAD	FLAVIN-ADENINE DINUCLEOTIDE	-5.91
PPA0073	pocket1	B50	PPA0073a_B50	4-(4-chlorophenyl)-1-[(3S)-3,4-dihydroxybutyl]-N-[3-(4-methylpiperazin-1-yl)propyl]-3-phenyl-1H-pyrrole-2-carboxamide	-5.51
PPA0073	pocket10	9JY	PPA0073a_9JY	(2S)-3-[(3S)-1-(ethylsulfonyl)piperidin-3-yl]-2-{[3-(4-methylphenyl)imidazo[1,2-a]pyrazin-8-yl]amino}propan-1-ol	-5.51
PPA0073	pocket3	I3A	PPA0073a_I3A	1H-INDOLE-3-CARBALDEHYDE	-5.35
PPA0073	pocket6	HP6	PPA0073a_HP6	HEPTANE	-3.52
PPA0074	pocket3	590	PPA0074a_590	9-[2-azido-2-deoxy-5-O-({5-[(3aS,4S,6aR)-2-oxohexahydro-1H-thieno[3,4-d]imidazol-4-yl]pentanoyl}sulfamoyl)-beta-D-arabinofuranosyl]-9H-purin-6-amine	-8.4
PPA0074	pocket1	SAM	PPA0074a_SAM	S-ADENOSYLMETHIONINE	-6.5
PPA0075	pocket1	SAM	PPA0075a_SAM	S-ADENOSYLMETHIONINE	-7.47
PPA0075	pocket2	D3H	PPA0075a_D3H	~{N}-(4-aminophenyl)-2-azanyl-ethanamide	-6.04
PPA0076	pocket6	AOE	PPA0076a_AOE	N-BUTYL-11-[(7R,8R,9S,13S,14S,17S)-3,17-DIHYDROXY-13-METHYL-7,8,9,11,12,13,14,15,16,17-DECAHYDRO-6H-CYCLOPENTA[A]PHENANTHREN-7-YL]-N-METHYLUNDECANAMIDE	-5.81
PPA0076	pocket3	CMC	PPA0076a_CMC	CARBOXYMETHYL COENZYME *A	-4.88
PPA0076	pocket4	GMP	PPA0076a_GMP	GUANOSINE	-4.17
PPA0077	pocket6	FMN	PPA0077a_FMN	FLAVIN MONONUCLEOTIDE	-5.56
PPA0077	pocket0	HDA	PPA0077a_HDA	HADACIDIN	-3.67
PPA0078	pocket5	THP	PPA0078a_THP	THYMIDINE-3',5'-DIPHOSPHATE	-7.35
PPA0078	pocket6	JWP	PPA0078a_JWP	N-[(2S)-1-(hydroxyamino)-3-methyl-3-{[(oxetan-3-yl)methyl]sulfonyl}-1-oxobutan-2-yl]-4-(6-hydroxyhexa-1,3-diyn-1-yl)benzamide	-7
PPA0078	pocket1	Y9Z	PPA0078a_Y9Z	5'-O-[(S)-{[(S)-[2-(acetylamino)ethoxy](hydroxy)phosphoryl]oxy}(hydroxy)phosphoryl]guanosine	-5.85
PPA0079	pocket0	3XG	PPA0079a_3XG	ethyl ({4-oxo-3-[3-(pyrrolidin-1-yl)propyl]-3,4-dihydro[1]benzothieno[3,2-d]pyrimidin-2-yl}sulfanyl)acetate	-6.59
PPA0079	pocket2	NAI	PPA0079a_NAI	1,4-DIHYDRONICOTINAMIDE ADENINE DINUCLEOTIDE	-6.58
PPA0080	pocket14	HEM	PPA0080a_HEM	PROTOPORPHYRIN IX CONTAINING FE	-6.88
PPA0080	pocket6	NAD	PPA0080a_NAD	NICOTINAMIDE-ADENINE-DINUCLEOTIDE	-3.55
PPA0080	pocket0	TOE	PPA0080a_TOE	2-[2-(2-METHOXY-ETHOXY)-ETHOXY]-ETHOXYL	-3.33
PPA0081	pocket3	6CJ	PPA0081a_6CJ	N-[8-(cyclohexyloxy)-1-oxo-2-phenyl-1H-pyrido[2,1-b][1,3]benzothiazole-4-carbonyl]-L-tyrosine	-9.9
PPA0081	pocket27	C33	PPA0081a_C33	2ALPHA-PROPYL-1ALPHA,25-DIHYDROXYVITAMIN D3	-7.99
PPA0081	pocket2	U0E	PPA0081a_U0E	N-[[1-[N-ACETAMIDYL]-[1-CYCLOHEXYLMETHYL-2-HYDROXY-4-ISOPROPYL]-BUT-4-YL]-CARBONYL]-GLUTAMINYL-ARGINYL-AMIDE	-6.79
PPA0081	pocket0	G1P	PPA0081a_G1P	1-O-phosphono-alpha-D-glucopyranose	-5.13
PPA0081	pocket1	G6P	PPA0081a_G6P	6-O-phosphono-alpha-D-glucopyranose	-3.06
PPA0081	pocket7	ADP	PPA0081a_ADP	ADENOSINE-5'-DIPHOSPHATE	3.92
PPA0082	pocket0	LMG	PPA0082a_LMG	1,2-DISTEAROYL-MONOGALACTOSYL-DIGLYCERIDE	-7.69
PPA0082	pocket2	6ZR	PPA0082a_6ZR	(3R,4R)-4-(4-methoxy-3-oxidanyl-phenyl)-3-methyl-1-(3,4,5-trimethoxyphenyl)azetidin-2-one	-5.42
PPA0082	pocket3	ATP	PPA0082a_ATP	ADENOSINE-5'-TRIPHOSPHATE	-2.03
PPA0083	pocket30	FAD	PPA0083a_FAD	FLAVIN-ADENINE DINUCLEOTIDE	-7.36
PPA0083	pocket4	LWA	PPA0083a_LWA	(2~{S})-~{N}-(4-aminocarbonylphenyl)oxolane-2-carboxamide	-6.82
PPA0083	pocket10	SAM	PPA0083a_SAM	S-ADENOSYLMETHIONINE	-6.59
PPA0083	pocket0	NDG	PPA0083a_NDG	2-acetamido-2-deoxy-alpha-D-glucopyranose	-4.6
PPA0083	pocket23	NAP	PPA0083a_NAP	NADP NICOTINAMIDE-ADENINE-DINUCLEOTIDE PHOSPHATE	-0.76
PPA0084	pocket0	BGC	PPA0084a_BGC	beta-D-glucopyranose	-4.71
PPA0084	pocket5	BU3	PPA0084a_BU3	(R,R)-2,3-BUTANEDIOL	-3.58
PPA0084	pocket11	FAD	PPA0084a_FAD	FLAVIN-ADENINE DINUCLEOTIDE	-2.96
PPA0084	pocket4	GCP	PPA0084a_GCP	PHOSPHOMETHYLPHOSPHONIC ACID GUANYLATE ESTER	-2.17
PPA0084	pocket2	XAX	PPA0084a_XAX	{[(5aR,8R,9aR)-2-amino-4-oxo-6,7-di(sulfanyl-kappaS)-3,5,5a,8,9a,10-hexahydro-4H-pyrano[3,2-g]pteridin-8-yl]methyl dihydrogenato(2-) phosphate}(hydroxy)oxo(thioxo)molybdenum	Nil
PPA0085	pocket7	FAD	PPA0085a_FAD	FLAVIN-ADENINE DINUCLEOTIDE	-7.59
PPA0085	pocket2	GLC	PPA0085a_GLC	alpha-D-glucopyranose	-5.11
PPA0085	pocket0	275	PPA0085a_275	5-amino-1,2-dimethylpyridinium	Nil
PPA0086	pocket0	SSV	PPA0086a_SSV	(3E,5E,7E,9E,11E,13E)-pentadeca-3,5,7,9,11,13-hexaen-2-one	-6.82
PPA0086	pocket6	HEM	PPA0086a_HEM	PROTOPORPHYRIN IX CONTAINING FE	-6.63
PPA0086	pocket1	SQL	PPA0086a_SQL	(6E,10E,14E,18E)-2,6,10,15,19,23-hexamethyltetracosa-2,6,10,14,18,22-hexaene	-2.41
PPA0088	pocket0	IPT	PPA0088a_IPT	1-methylethyl 1-thio-beta-D-galactopyranoside	-5.33
PPA0088	pocket2	MTV	PPA0088a_MTV	(MOLYBDOPTERIN-S,S)-DIOXO-THIO-MOLYBDENUM(IV)	Nil
PPA0088	pocket3	COB	PPA0088a_COB	CO-METHYLCOBALAMIN	Nil
PPA0089	pocket0	0A1	PPA0089a_0A1	O-methyl-L-tyrosine	-5.99
PPA0089	pocket2	FUC	PPA0089a_FUC	alpha-L-fucopyranose	-5.73
PPA0089	pocket1	3BO	PPA0089a_3BO	1H-indol-3-ylacetonitrile	-4.39
PPA0090	pocket0	ATP	PPA0090a_ATP	ADENOSINE-5'-TRIPHOSPHATE	-11.48
PPA0091	pocket8	ADP	PPA0091a_ADP	ADENOSINE-5'-DIPHOSPHATE	-5.08
PPA0091	pocket1	OLA	PPA0091a_OLA	OLEIC ACID	-4.13
PPA0091	pocket3	NTE	PPA0091a_NTE	[3,3'-{7-ethenyl-3,8,13,17-tetramethyl-12-[(E)-2-nitroethenyl]porphyrin-2,18-diyl-kappa~4~N~21~,N~22~,N~23~,N~24~}dipro-panoato(2-)]iron	-0.26
PPA0092	pocket24	HEM	PPA0092a_HEM	PROTOPORPHYRIN IX CONTAINING FE	-9.82
PPA0092	pocket31	FAD	PPA0092a_FAD	FLAVIN-ADENINE DINUCLEOTIDE	-7.87
PPA0092	pocket40	FAD	PPA0092a_FAD	FLAVIN-ADENINE DINUCLEOTIDE	-7.87
PPA0092	pocket2	ARC	PPA0092a_ARC	3,7,11,15-TETRAMETHYL-HEXADECAN-1-OL	-7.15
PPA0092	pocket3	OLC	PPA0092a_OLC	(2R)-2,3-dihydroxypropyl (9Z)-octadec-9-enoate	-5.94
PPA0092	pocket0	HEB	PPA0092a_HEB	HEME B/C	-0.27
PPA0092	pocket17	J4G	PPA0092a_J4G	3'-deoxy-3'-[(L-alpha-glutamyl)amino]adenosine 5'-(dihydrogen phosphate)	Nil
PPA0093	pocket1	ARC	PPA0093a_ARC	3,7,11,15-TETRAMETHYL-HEXADECAN-1-OL	-7.9
PPA0093	pocket3	ACD	PPA0093a_ACD	ARACHIDONIC ACID	-6.15
PPA0093	pocket0	JYM	PPA0093a_JYM	6-(cyclohexylmethoxy)-8-(trifluoromethyl)-9H-purin-2-amine	-5.74
PPA0094	pocket2	MYP	PPA0094a_MYP	4-MORPHOLIN-4-YL-PIPERIDINE-1-CARBOXYLIC ACID [1-(3-BENZENESULFONYL-1-PROPYL-ALLYLCARBAMOYL)-2-PHENYLETHYL]-AMIDE	-7.78
PPA0095	pocket0	JZQ	PPA0095a_JZQ	(4R)-3-[(2S,3S)-3-{[(2,6-difluorophenoxy)acetyl]amino}-2-hydroxy-4-phenylbutanoyl]-N-[(1S,2R)-2-hydroxy-2,3-dihydro-1H-inden-1-yl]-5,5-dimethyl-1,3-thiazolidine-4-carboxamide	-11.27
PPA0095	pocket6	NDP	PPA0095a_NDP	NADPH DIHYDRO-NICOTINAMIDE-ADENINE-DINUCLEOTIDE PHOSPHATE	-6.55
PPA0095	pocket9	HEM	PPA0095a_HEM	PROTOPORPHYRIN IX CONTAINING FE	-6.55
PPA0095	pocket2	FAD	PPA0095a_FAD	FLAVIN-ADENINE DINUCLEOTIDE	-4.57
PPA0095	pocket3	MBN	PPA0095a_MBN	TOLUENE	-3.51
PPA0096	pocket0	B70	PPA0096a_B70	tripotassium (1R)-4-biphenyl-4-yl-1-phosphonatobutane-1-sulfonate	-6.87
PPA0096	pocket2	6ZR	PPA0096a_6ZR	(3R,4R)-4-(4-methoxy-3-oxidanyl-phenyl)-3-methyl-1-(3,4,5-trimethoxyphenyl)azetidin-2-one	-5.83
PPA0097	pocket0	6L8	PPA0097a_6L8	(2R)-3-{3-[3,5-bis(trifluoromethyl)phenyl]-1H-1,2,4-triazol-1-yl}-2-(pyrimidin-5-yl)propanamide	-6.81
PPA0097	pocket6	CTP	PPA0097a_CTP	CYTIDINE-5'-TRIPHOSPHATE	-6.07
PPA0097	pocket1	HEM	PPA0097a_HEM	PROTOPORPHYRIN IX CONTAINING FE	-5.94
PPA0097	pocket11	HEM	PPA0097a_HEM	PROTOPORPHYRIN IX CONTAINING FE	-5.94
PPA0097	pocket14	RFL	PPA0097a_RFL	8-DEMETHYL-8-DIMETHYLAMINO-FLAVIN-ADENINE-DINUCLEOTIDE	-3.54
PPA0098	pocket6	FAD	PPA0098a_FAD	FLAVIN-ADENINE DINUCLEOTIDE	-6.04
PPA0098	pocket11	GNP	PPA0098a_GNP	PHOSPHOAMINOPHOSPHONIC ACID-GUANYLATE ESTER	-5.87
PPA0098	pocket5	POP	PPA0098a_POP	PYROPHOSPHATE 2-	-5.38
PPA0098	pocket17	PAD	PPA0098a_PAD	5-BETA-D-RIBOFURANOSYLPICOLINAMIDE ADENINE-DINUCLEOTIDE	-4.97
PPA0099	pocket12	FAD	PPA0099a_FAD	FLAVIN-ADENINE DINUCLEOTIDE	-6.94
PPA0099	pocket3	GLC	PPA0099a_GLC	alpha-D-glucopyranose	-4.71
PPA0099	pocket2	CPQ	PPA0099a_CPQ	N,N-BIS(3-D-GLUCONAMIDOPROPYL)DEOXYCHOLAMIDE	-2.41
PPA0099	pocket1	P6G	PPA0099a_P6G	HEXAETHYLENE GLYCOL	-0.5
PPA0100	pocket0	SKE	PPA0100a_SKE	4-({5-amino-1-[(2,6-difluorophenyl)carbonyl]-1H-1,2,4-triazol-3-yl}amino)benzenesulfonamide	-7.48
PPA0100	pocket1	DM2	PPA0100a_DM2	DOXORUBICIN	-7.05
PPA0100	pocket11	7PY	PPA0100a_7PY	7-PYRIDIN-2-YL-N-(3,4,5-TRIMETHOXYPHENYL)-7H-PYRROLO[2,3-D]PYRIMIDIN-2-AMINE	-6.67
PPA0100	pocket2	36I	PPA0100a_36I	4-(2-phenylthieno[3,2-d]pyrimidin-4-yl)morpholine	-6.47
PPA0100	pocket4	ATP	PPA0100a_ATP	ADENOSINE-5'-TRIPHOSPHATE	-6.26
PPA0100	pocket8	ANP	PPA0100a_ANP	PHOSPHOAMINOPHOSPHONIC ACID-ADENYLATE ESTER	-5.97
PPA0100	pocket7	FAD	PPA0100a_FAD	FLAVIN-ADENINE DINUCLEOTIDE	-4.52
PPA0100	pocket6	PGH	PPA0100a_PGH	PHOSPHOGLYCOLOHYDROXAMIC ACID	-3.38
PPA0101	pocket4	NKY	PPA0101a_NKY	3-{[5-amino-1-(2-fluoro-6-methoxybenzene-1-carbonyl)-1H-1,2,4-triazol-3-yl]amino}-N-methylbenzamide	-9.47
PPA0101	pocket9	NAD	PPA0101a_NAD	NICOTINAMIDE-ADENINE-DINUCLEOTIDE	-6.86
PPA0101	pocket11	INW	PPA0101a_INW	4-(AMINOSULFONYL)-N-[(2,4-DIFLUOROPHENYL)METHYL]-BENZAMIDE	-6.51
PPA0101	pocket17	FAD	PPA0101a_FAD	FLAVIN-ADENINE DINUCLEOTIDE	-5.42
PPA0101	pocket8	NAP	PPA0101a_NAP	NADP NICOTINAMIDE-ADENINE-DINUCLEOTIDE PHOSPHATE	-3.59
PPA0103	pocket0	SAM	PPA0103a_SAM	S-ADENOSYLMETHIONINE	-6.69
PPA0103	pocket4	FAD	PPA0103a_FAD	FLAVIN-ADENINE DINUCLEOTIDE	-6.51
PPA0103	pocket3	5GP	PPA0103a_5GP	GUANOSINE-5'-MONOPHOSPHATE	-4.77
PPA0103	pocket2	BTB	PPA0103a_BTB	2-[BIS-(2-HYDROXY-ETHYL)-AMINO]-2-HYDROXYMETHYL-PROPANE-1,3-DIOL	-3.86
PPA0103	pocket1	HMH	PPA0103a_HMH	4-AMINO-5-HYDROXYMETHYL-2-METHYLPYRIMIDINE	Nil
PPA0104	pocket3	HEM	PPA0104a_HEM	PROTOPORPHYRIN IX CONTAINING FE	-7.04
PPA0104	pocket7	AMP	PPA0104a_AMP	ADENOSINE MONOPHOSPHATE	-5.13
PPA0104	pocket6	FAD	PPA0104a_FAD	FLAVIN-ADENINE DINUCLEOTIDE	-4.89
PPA0104	pocket4	2XG	PPA0104a_2XG	3,4-difluorobenzenethiol	-4.22
PPA0105	pocket8	MQ9	PPA0105a_MQ9	MENAQUINONE-9	-10.95
PPA0105	pocket1	ARC	PPA0105a_ARC	3,7,11,15-TETRAMETHYL-HEXADECAN-1-OL	-6.24
PPA0105	pocket2	SF4	PPA0105a_SF4	IRON/SULFUR CLUSTER	-3.25
PPA0106	pocket4	HEM	PPA0106a_HEM	PROTOPORPHYRIN IX CONTAINING FE	-8.57
PPA0107	pocket1	SQU	PPA0107a_SQU	2,10,23-TRIMETHYL-TETRACOSANE	-7.38
PPA0107	pocket2	GDP	PPA0107a_GDP	GUANOSINE-5'-DIPHOSPHATE	-5.1
PPA0107	pocket0	BU1	PPA0107a_BU1	1,4-BUTANEDIOL	-2.81
PPA0108	pocket4	A5A	PPA0108a_A5A	'5'-O-(N-(L-ALANYL)-SULFAMOYL)ADENOSINE	-5.96
PPA0108	pocket3	32G	PPA0108a_32G	(3aS,4S,6aR)-4-(5-{1-[4-(6-amino-9H-purin-9-yl)butyl]-1H-1,2,3-triazol-4-yl}pentyl)tetrahydro-1H-thieno[3,4-d]imidazol-2(3H)-one	-4.47
PPA0108	pocket0	GYP	PPA0108a_GYP	methyl alpha-D-glucopyranoside	-4.06
PPA0109	pocket0	AHZ	PPA0109a_AHZ	ADENOSINE DIPHOSPHATE 5-(BETA-ETHYL)-4-METHYL-THIAZOLE-2-CARBOXYLIC ACID	-10.93
PPA0109	pocket18	NAI	PPA0109a_NAI	1,4-DIHYDRONICOTINAMIDE ADENINE DINUCLEOTIDE	-4.56
PPA0109	pocket1	PHZ	PPA0109a_PHZ	1-PHENYLHYDRAZINE	-3.62
PPA0109	pocket7	G2H	PPA0109a_G2H	2-HYDROXY-1-(HYDROXYMETHYL)ETHYL DIHYDROGEN PHOSPHATE	-2.45
PPA0110	pocket2	IM1	PPA0110a_IM1	(2R,4S,5S,1'S)-2-PHENYLMETHYL-4-HYDROXY-5-(TERT-BUTOXYCARBONYL)AMINO-6-PHENYL HEXANOYL-N-(1'-IMIDAZO-2-YL)-2'-METHYLPROPANAMIDE	-9.25
PPA0110	pocket0	ADP	PPA0110a_ADP	ADENOSINE-5'-DIPHOSPHATE	-4.89
PPA0110	pocket1	HMH	PPA0110a_HMH	4-AMINO-5-HYDROXYMETHYL-2-METHYLPYRIMIDINE	Nil
PPA0112	pocket0	TPS	PPA0112a_TPS	THIAMIN PHOSPHATE	-8.42
PPA0112	pocket4	LKQ	PPA0112a_LKQ	~{N}-[3-[2-[(3-methoxy-1-methyl-pyrazol-4-yl)amino]-5-methyl-pyrimidin-4-yl]-1~{H}-indol-7-yl]-2-methyl-pyridine-3-carboxamide	-6.37
PPA0112	pocket3	FAD	PPA0112a_FAD	FLAVIN-ADENINE DINUCLEOTIDE	-6
PPA0112	pocket5	FAD	PPA0112a_FAD	FLAVIN-ADENINE DINUCLEOTIDE	-6
PPA0113	pocket7	PB5	PPA0113a_PB5	N,N'-BIS(PYRIDIN-3-YLMETHYL)PYRIMIDINE-4,6-DICARBOXAMIDE	-7.71
PPA0113	pocket1	NAD	PPA0113a_NAD	NICOTINAMIDE-ADENINE-DINUCLEOTIDE	-7.2
PPA0113	pocket8	NAD	PPA0113a_NAD	NICOTINAMIDE-ADENINE-DINUCLEOTIDE	-7.2
PPA0115	pocket11	09L	PPA0115a_09L	4-(3-{[4-(cyclopropylcarbonyl)piperazin-1-yl]carbonyl}-4-fluorobenzyl)phthalazin-1(2H)-one	-8.62
PPA0115	pocket0	ATP	PPA0115a_ATP	ADENOSINE-5'-TRIPHOSPHATE	-7.88
PPA0115	pocket1	CLQ	PPA0115a_CLQ	N4-(7-CHLORO-QUINOLIN-4-YL)-N1,N1-DIETHYL-PENTANE-1,4-DIAMINE	-7.75
PPA0115	pocket7	1DJ	PPA0115a_1DJ	(1R)-1-phenylprop-2-yn-1-ol	-5.52
PPA0115	pocket8	ACP	PPA0115a_ACP	PHOSPHOMETHYLPHOSPHONIC ACID ADENYLATE ESTER	-4.23
PPA0115	pocket3	PC6	PPA0115a_PC6	7-[(DODECANOYLOXY)METHYL]-4-HYDROXY-N,N,N-TRIMETHYL-9-OXO-3,5,8-TRIOXA-4-PHOSPHADOTRIACONTAN-1-AMINIUM 4-OXIDE	-3.35
PPA0116	pocket0	TTP	PPA0116a_TTP	THYMIDINE-5'-TRIPHOSPHATE	-5.88
PPA0116	pocket1	ACP	PPA0116a_ACP	PHOSPHOMETHYLPHOSPHONIC ACID ADENYLATE ESTER	-3.72
PPA0116	pocket2	TFA	PPA0116a_TFA	trifluoroacetic acid	-2.26
PPA0117	pocket3	NAD	PPA0117a_NAD	NICOTINAMIDE-ADENINE-DINUCLEOTIDE	-7.19
PPA0118	pocket4	ADP	PPA0118a_ADP	ADENOSINE-5'-DIPHOSPHATE	-10.54
PPA0118	pocket0	ANP	PPA0118a_ANP	PHOSPHOAMINOPHOSPHONIC ACID-ADENYLATE ESTER	-9.04
PPA0118	pocket1	ANP	PPA0118a_ANP	PHOSPHOAMINOPHOSPHONIC ACID-ADENYLATE ESTER	-9.04
PPA0118	pocket27	ANP	PPA0118a_ANP	PHOSPHOAMINOPHOSPHONIC ACID-ADENYLATE ESTER	-9.04
PPA0118	pocket2	2A2	PPA0118a_2A2	4-[4-(3-chlorophenyl)piperazin-1-yl]-4-oxobutane-1-thiol	-6.99
PPA0118	pocket32	ACD	PPA0118a_ACD	ARACHIDONIC ACID	-4.15
PPA0118	pocket24	HEM	PPA0118a_HEM	PROTOPORPHYRIN IX CONTAINING FE	-3
PPA0118	pocket13	FAD	PPA0118a_FAD	FLAVIN-ADENINE DINUCLEOTIDE	-2.7
PPA0118	pocket17	GSP	PPA0118a_GSP	5'-GUANOSINE-DIPHOSPHATE-MONOTHIOPHOSPHATE	-1.69
PPA0119	pocket0	HRC	PPA0119a_HRC	N-(4-hydroxy-2,6-dimethylphenyl)benzenesulfonamide	-7.75
PPA0119	pocket1	K4V	PPA0119a_K4V	4-nitrophenyl acetate	-4.59
PPA0119	pocket3	COA	PPA0119a_COA	COENZYME A	-2.2
PPA0120	pocket2	NAD	PPA0120a_NAD	NICOTINAMIDE-ADENINE-DINUCLEOTIDE	-9.41
PPA0120	pocket5	FAE	PPA0120a_FAE	FLAVIN-N7 PROTONATED-ADENINE DINUCLEOTIDE	-9.11
PPA0120	pocket10	JZS	PPA0120a_JZS	N-[(1R)-2-amino-1-methyl-2-oxoethyl]-3-(6-methyl-4-{[3,3,3-trifluoro-2-hydroxy-2-(trifluoromethyl)propyl]amino}-1H-indazol-1-yl)benzamide	-6.89
PPA0122	pocket1	P34	PPA0122a_P34	N~2~,N~2~-DIMETHYL-N~1~-(6-OXO-5,6-DIHYDROPHENANTHRIDIN-2-YL)GLYCINAMIDE	-8.51
PPA0122	pocket14	ADP	PPA0122a_ADP	ADENOSINE-5'-DIPHOSPHATE	-8.05
PPA0122	pocket6	32G	PPA0122a_32G	(3aS,4S,6aR)-4-(5-{1-[4-(6-amino-9H-purin-9-yl)butyl]-1H-1,2,3-triazol-4-yl}pentyl)tetrahydro-1H-thieno[3,4-d]imidazol-2(3H)-one	-5.86
PPA0122	pocket9	NAD	PPA0122a_NAD	NICOTINAMIDE-ADENINE-DINUCLEOTIDE	-4.73
PPA0125	pocket2	HEM	PPA0125a_HEM	PROTOPORPHYRIN IX CONTAINING FE	-4.66
PPA0125	pocket3	FAD	PPA0125a_FAD	FLAVIN-ADENINE DINUCLEOTIDE	-4.34
PPA0126	pocket0	VPP	PPA0126a_VPP	(2S,4S)-2-[(R)-carboxy{[(2R)-2-{[(4-ethyl-2,3-dioxopiperazin-1-yl)carbonyl]amino}-2-phenylacetyl]amino}methyl]-5,5-dimethyl-1,3-thiazolidine-4-carboxylic acid	-10.47
PPA0126	pocket3	LHI	PPA0126a_LHI	[(2R,3R,4R,5S,6R)-4-[(2R)-1-[[(2S)-1-[2-[2-[2-[5-[(3aS,4S,6aR)-2-oxidanylidene-1,3,3a,4,6,6a-hexahydrothieno[3,4-d]imidazol-4-yl]pentanoylamino]ethoxy]ethoxy]ethylamino]-1-oxidanylidene-propan-2-yl]amino]-1-oxidanylidene-propan-2-yl]oxy-3-acetamido-5-[(2S,3R,4R,5R,6R)-3-acetamido-6-(hydroxymethyl)-4,5-bis(oxidanyl)oxan-2-yl]oxy-6-(hydroxymethyl)oxan-2-yl] [oxidanyl(3,7,11,15,19,23,27,31,35,39,43-undecamethyltetratetraconta-2,6,10,14,18,22,26,30,34,38,42-undecaenoxy)phosphoryl] hydrogen phosphate	-5.76
PPA0126	pocket11	FAD	PPA0126a_FAD	FLAVIN-ADENINE DINUCLEOTIDE	-4.25
PPA0127	pocket6	8ID	PPA0127a_8ID	NICOTINAMIDE-8-IODO-ADENINE-DINUCLEOTIDE	-6.75
PPA0127	pocket1	1PE	PPA0127a_1PE	PENTAETHYLENE GLYCOL	-0.75
PPA0128	pocket7	HEM	PPA0128a_HEM	PROTOPORPHYRIN IX CONTAINING FE	-7.42
PPA0128	pocket6	DTT	PPA0128a_DTT	2,3-DIHYDROXY-1,4-DITHIOBUTANE	-3.53
PPA0129	pocket0	MS7	PPA0129a_MS7	O-benzyl-N-methyl-L-tyrosinamide	-8.61
PPA0129	pocket13	H91	PPA0129a_H91	9-(3,5-dichloro-4-hydroxyphenyl)-1-{trans-4-[(dimethylamino)methyl]cyclohexyl}-3,4-dihydropyrimido[5,4-c]quinolin-2(1H)-one	-8.61
PPA0129	pocket9	UTP	PPA0129a_UTP	URIDINE 5'-TRIPHOSPHATE	-7.14
PPA0129	pocket5	P9Y	PPA0129a_P9Y	1-[3-(4-chlorophenoxy)propyl]-1H-imidazole	-6.05
PPA0129	pocket4	STE	PPA0129a_STE	STEARIC ACID	-4.82
PPA0130	pocket0	UDP	PPA0130a_UDP	URIDINE-5'-DIPHOSPHATE	-6.97
PPA0130	pocket6	GEW	PPA0130a_GEW	3-(2,5-dimethoxyphenyl)-~{N}-[4-[5-(4-fluorophenyl)-2-[(~{E})-(4-fluorophenyl)diazenyl]-3-methyl-imidazol-4-yl]pyridin-2-yl]propanamide	-6.1
PPA0130	pocket12	AMP	PPA0130a_AMP	ADENOSINE MONOPHOSPHATE	-4.35
PPA0130	pocket10	DBG	PPA0130a_DBG	3-AMINOBENZOPHENONE-4-YL-AMINOHYDROXYPHOSPHINYLAMINOPHOSPHONIC ACID-GUANYLATE ESTER	-3.72
PPA0130	pocket2	HEM	PPA0130a_HEM	PROTOPORPHYRIN IX CONTAINING FE	-2.26
PPA0131	pocket1	WWZ	PPA0131a_WWZ	4-{[(4-fluorophenyl)carbamoyl]amino}benzenesulfonamide	-7.42
PPA0132	pocket2	DMU	PPA0132a_DMU	DECYL-BETA-D-MALTOPYRANOSIDE	-3.97
PPA0132	pocket4	PRP	PPA0132a_PRP	1-O-pyrophosphono-5-O-phosphono-alpha-D-ribofuranose	-2.27
PPA0132	pocket0	XPE	PPA0132a_XPE	3,6,9,12,15,18,21,24,27-NONAOXANONACOSANE-1,29-DIOL	-1.38
PPA0132	pocket3	FGX	PPA0132a_FGX	[(1~{R},5~{R},6~{S},8~{R})-8-(6-aminopurin-9-yl)-4'-[(~{R})-oxidanyl-[4-(2-oxidanylidenepropylsulfanyl)phenyl]methyl]spiro[2,4,7-trioxa-3-boranuidabicyclo[3.3.0]octane-3,7'-7-boranuidabicyclo[4.3.0]nona-1(6),2,4-triene]-6-yl]methoxy-tris(oxidanyl)phosphanium	Nil
PPA0133	pocket1	ADP	PPA0133a_ADP	ADENOSINE-5'-DIPHOSPHATE	-5.95
PPA0133	pocket4	FAD	PPA0133a_FAD	FLAVIN-ADENINE DINUCLEOTIDE	-5.24
PPA0133	pocket2	FES	PPA0133a_FES	FE2/S2 (INORGANIC) CLUSTER	-2.29
PPA0134	pocket2	FAD	PPA0134a_FAD	FLAVIN-ADENINE DINUCLEOTIDE	-7.96
PPA0135	pocket8	NAP	PPA0135a_NAP	NADP NICOTINAMIDE-ADENINE-DINUCLEOTIDE PHOSPHATE	-7.72
PPA0135	pocket0	UD0	PPA0135a_UD0	(2S,3S,4R,5R,6R)-5-(acetylamino)-6-{[(S)-{[(S)-{[(2S,3R,4S,5R)-5-(2,4-dioxo-3,4-dihydropyrimidin-1(2H)-yl)-3,4-dihydroxytetrahydrofuran-2-yl]methoxy}(hydroxy)phosphoryl]oxy}(hydroxy)phosphoryl]oxy}-3-hydroxy-4-{[(1E)-{3-hydroxy-2-methyl-5-[(phosphonooxy)methyl]pyridin-4-yl}methylidene]amino}tetrahydro-2H-pyran-2-carboxylic acid	-5.64
PPA0136	pocket2	NAP	PPA0136a_NAP	NADP NICOTINAMIDE-ADENINE-DINUCLEOTIDE PHOSPHATE	-7.33
PPA0136	pocket7	0ED	PPA0136a_0ED	N-[(1S)-3-{[(benzyloxy)carbonyl]amino}-1-carboxypropyl]-L-leucyl-N-(2-morpholin-4-ylethyl)-L-phenylalaninamide	-5.33
PPA0137	pocket1	3TL	PPA0137a_3TL	benzyl [(1S,4S,7S,8R,9R,10S,13S,16S)-7,10-dibenzyl-8,9-dihydroxy-1,16-dimethyl-4,13-bis(1-methylethyl)-2,5,12,15,18-pentaoxo-20-phenyl-19-oxa-3,6,11,14,17-pentaazaicos-1-yl]carbamate	-9.09
PPA0137	pocket5	MS7	PPA0137a_MS7	O-benzyl-N-methyl-L-tyrosinamide	-7.74
PPA0137	pocket17	ULA	PPA0137a_ULA	ULAPUALIDE A	-6.76
PPA0137	pocket0	43Y	PPA0137a_43Y	[(2R)-3-[oxidanyl-[2-(trimethyl-$l^{4}-azanyl)ethoxy]phosphoryl]oxy-2-propanoyloxy-propyl] propanoate	-3.64
PPA0137	pocket4	2	PPA0137a_2	N-[(2R)-2-BENZYL-4-(HYDROXYAMINO)-4-OXOBUTANOYL]-L-ISOLEUCYL-L-LEUCINE	Nil
PPA0138	pocket0	1MO	PPA0138a_1MO	(2S,5R,6S)-2-benzyl-5,6-bis(4-chlorophenyl)-4-methylmorpholin-3-one	-7.56
PPA0138	pocket1	7BU	PPA0138a_7BU	[5,10,15,20-tetrakis(trifluoromethyl)porphyrinato(2-)-kappa~4~N~21~,N~22~,N~23~,N~24~]zinc	-6.84
PPA0138	pocket4	416	PPA0138a_416	(2S)-7-tert-butyl-6-chloro-2-(trifluoromethyl)-2H-chromene-3-carboxylic acid	-6.25
PPA0139	pocket1	NAP	PPA0139a_NAP	NADP NICOTINAMIDE-ADENINE-DINUCLEOTIDE PHOSPHATE	-7.2
PPA0139	pocket2	FAD	PPA0139a_FAD	FLAVIN-ADENINE DINUCLEOTIDE	-5.73
PPA0139	pocket0	ISD	PPA0139a_ISD	ISOASCORBIC ACID	-4.25
PPA0140	pocket0	NAD	PPA0140a_NAD	NICOTINAMIDE-ADENINE-DINUCLEOTIDE	-10.17
PPA0140	pocket3	PHH	PPA0140a_PHH	4,5,6,7-TETRACHLORO-PHTHALIDE	-6.01
PPA0140	pocket2	FAD	PPA0140a_FAD	FLAVIN-ADENINE DINUCLEOTIDE	-2.38
PPA0142	pocket5	SFG	PPA0142a_SFG	SINEFUNGIN	-6.25
PPA0143	pocket1	F6P	PPA0143a_F6P	6-O-phosphono-beta-D-fructofuranose	-5.13
PPA0143	pocket5	2GO	PPA0143a_2GO	[methyl 9-acetyl-14-ethyl-20-hydroxy-4,8,13,18-tetramethyl-3-{3-oxo-3-[(3,7,11,15-tetramethylhexadec-2-en-1-yl)oxy]propyl}-3,4,20,21-tetradehydrophorbine-21-carboxylatato(2-)-kappa~4~N~23~,N~24~,N~25~,N~26~]zinc	-4.39
PPA0143	pocket0	ACP	PPA0143a_ACP	PHOSPHOMETHYLPHOSPHONIC ACID ADENYLATE ESTER	-3.77
PPA0143	pocket8	FAD	PPA0143a_FAD	FLAVIN-ADENINE DINUCLEOTIDE	-2.86
PPA0143	pocket4	FES	PPA0143a_FES	FE2/S2 (INORGANIC) CLUSTER	-2.27
PPA0144	pocket0	5RP	PPA0144a_5RP	RIBULOSE-5-PHOSPHATE	-6.77
PPA0144	pocket2	DGN	PPA0144a_DGN	D-GLUTAMINE	-4.23
PPA0145	pocket0	NAD	PPA0145a_NAD	NICOTINAMIDE-ADENINE-DINUCLEOTIDE	-10.51
PPA0145	pocket14	SAJ	PPA0145a_SAJ	(2S,3S,4R,5S,6R)-5-acetamido-6-[[[(2R,3S,4R,5R)-5-[2,4-bis(oxidanylidene)pyrimidin-1-yl]-3,4-bis(oxidanyl)oxolan-2-yl]methoxy-oxidanyl-phosphoryl]oxy-oxidanyl-phosphoryl]oxy-3,4-bis(oxidanyl)oxane-2-carboxylic acid	-5.77
PPA0145	pocket4	WP1	PPA0145a_WP1	2,2-dimethyl-2,3-dihydro-1-benzofuran-7-carboxamide	-5.01
PPA0146	pocket4	S68	PPA0146a_S68	endosulfan	-6.33
PPA0146	pocket2	BXC	PPA0146a_BXC	(3R,7R,11R)-3,7,11,15-tetramethylhexadecyl alpha-D-ribopyranoside	-6.11
PPA0146	pocket0	BCN	PPA0146a_BCN	BICINE	-2.62
PPA0147	pocket9	D6Z	PPA0147a_D6Z	2-[4-bromanyl-2-oxidanylidene-1'-(1~{H}-pyrazolo[4,3-b]pyridin-5-ylcarbonyl)spiro[indole-3,4'-piperidine]-1-yl]-~{N}-[2,2,2-tris(fluoranyl)ethyl]ethanamide	-7.31
PPA0147	pocket7	SAH	PPA0147a_SAH	S-ADENOSYL-L-HOMOCYSTEINE	-5.53
PPA0147	pocket4	FAD	PPA0147a_FAD	FLAVIN-ADENINE DINUCLEOTIDE	-5.19
PPA0148	pocket8	MCN	PPA0148a_MCN	PTERIN CYTOSINE DINUCLEOTIDE	-5.97
PPA0148	pocket4	ENH	PPA0148a_ENH	1,7,8,9,10,10-HEXACHLORO-4-METHYL-4-AZA-TRICYCLO[5.2.1.0(2,6)]DEC-8-ENE-3,5-DIONE	-5.26
PPA0148	pocket11	NAP	PPA0148a_NAP	NADP NICOTINAMIDE-ADENINE-DINUCLEOTIDE PHOSPHATE	-3.63
PPA0149	pocket6	AHZ	PPA0149a_AHZ	ADENOSINE DIPHOSPHATE 5-(BETA-ETHYL)-4-METHYL-THIAZOLE-2-CARBOXYLIC ACID	-5.46
PPA0149	pocket7	NAD	PPA0149a_NAD	NICOTINAMIDE-ADENINE-DINUCLEOTIDE	-4.85
PPA0149	pocket10	COB	PPA0149a_COB	CO-METHYLCOBALAMIN	Nil
PPA0150	pocket13	FAD	PPA0150a_FAD	FLAVIN-ADENINE DINUCLEOTIDE	-7.82
PPA0150	pocket14	FAD	PPA0150a_FAD	FLAVIN-ADENINE DINUCLEOTIDE	-7.82
PPA0150	pocket9	FAD	PPA0150a_FAD	FLAVIN-ADENINE DINUCLEOTIDE	-7.82
PPA0150	pocket15	ADP	PPA0150a_ADP	ADENOSINE-5'-DIPHOSPHATE	-6.72
PPA0150	pocket6	ADP	PPA0150a_ADP	ADENOSINE-5'-DIPHOSPHATE	-6.72
PPA0152	pocket0	FAD	PPA0152a_FAD	FLAVIN-ADENINE DINUCLEOTIDE	-11.21
PPA0152	pocket3	NAD	PPA0152a_NAD	NICOTINAMIDE-ADENINE-DINUCLEOTIDE	-6.55
PPA0152	pocket8	NBS	PPA0152a_NBS	N6-BENZYL ADENOSINE-5'-DIPHOSPHATE	-5.57
PPA0152	pocket5	RIB	PPA0152a_RIB	alpha-D-ribofuranose	-4.84
PPA0152	pocket1	PYS	PPA0152a_PYS	2-PYRIDINETHIOL	-4.55
PPA0154	pocket0	5FA	PPA0154a_5FA	ADENOSINE-5'-PENTAPHOSPHATE	-7.36
PPA0155	pocket4	ZSV	PPA0155a_ZSV	(R)-[(2S)-5-carboxy-2-(2-carboxyethyl)-2,3-dihydro-1,4-benzodioxin-6-yl]methyl-[[2-[(4-methoxyphenyl)methylcarbamoyl]phenyl]methyl]-prop-2-enyl-azanium	-10.08
PPA0155	pocket18	9MD	PPA0155a_9MD	(2S)-2-[6-chloro-2-(4-chlorophenyl)-5-fluoro-1H-benzimidazol-1-yl]-N-cyclohexyl-2-[(2S)-oxan-2-yl]acetamide	-9.72
PPA0155	pocket1	CDP	PPA0155a_CDP	CYTIDINE-5'-DIPHOSPHATE	-8.13
PPA0155	pocket33	FAD	PPA0155a_FAD	FLAVIN-ADENINE DINUCLEOTIDE	-5.99
PPA0155	pocket0	HEM	PPA0155a_HEM	PROTOPORPHYRIN IX CONTAINING FE	-5.2
PPA0155	pocket15	HEM	PPA0155a_HEM	PROTOPORPHYRIN IX CONTAINING FE	-5.2
PPA0155	pocket2	TLA	PPA0155a_TLA	L(+)-TARTARIC ACID	-4.15
PPA0155	pocket31	U89	PPA0155a_U89	N-[4-[[3-(2,4-DIAMINO-1,6-DIHYDRO-6-OXO-4-PYRIMIDINYL)-PROPYL]-[2-((2-OXO-2-((4-PHOSPHORIBOXY)-BUTYL)-AMINO)-ETHYL)-THIO-ACETYL]-AMINO]BENZOYL]-1-GLUTAMIC ACID	Nil
PPA0156	pocket0	VIB	PPA0156a_VIB	3-(4-AMINO-2-METHYL-PYRIMIDIN-5-YLMETHYL)-5-(2-HYDROXY-ETHYL)-4-METHYL-THIAZOL-3-IUM	-8.05
PPA0156	pocket3	RE9	PPA0156a_RE9	6-(2,3,4,5,6,7-HEXAHYDRO-2,4,4-TRIMETHYL-1-METYLENEINDEN-2-YL)-3-METHYLHEXA-2,4-DIENOIC ACID	-6.63
PPA0156	pocket1	FAD	PPA0156a_FAD	FLAVIN-ADENINE DINUCLEOTIDE	-6.13
PPA0157	pocket19	8R7	PPA0157a_8R7	2-cyclopentyl-4-(7-methoxyquinolin-4-yl)benzoic acid	-7.22
PPA0157	pocket10	ARC	PPA0157a_ARC	3,7,11,15-TETRAMETHYL-HEXADECAN-1-OL	-6.74
PPA0157	pocket0	ATP	PPA0157a_ATP	ADENOSINE-5'-TRIPHOSPHATE	-5.34
PPA0157	pocket6	ATP	PPA0157a_ATP	ADENOSINE-5'-TRIPHOSPHATE	-5.34
PPA0157	pocket17	0VT	PPA0157a_0VT	6-methylhept-5-en-2-one	-4.76
PPA0157	pocket2	TN7	PPA0157a_TN7	ethyl hydrogen ethylamidophosphate	-3.62
PPA0158	pocket0	UDP	PPA0158a_UDP	URIDINE-5'-DIPHOSPHATE	-9.14
PPA0158	pocket12	FAD	PPA0158a_FAD	FLAVIN-ADENINE DINUCLEOTIDE	-6.46
PPA0158	pocket2	Q5M	PPA0158a_Q5M	4-(naphthalen-1-yl)-4-oxobutanoic acid	-5.76
PPA0161	pocket3	CJY	PPA0161a_CJY	3-{3-[(naphthalen-1-yl)oxy]propyl}-1H-indole-2-carboxylic acid	-7.96
PPA0161	pocket0	MRD	PPA0161a_MRD	(4R)-2-METHYLPENTANE-2,4-DIOL	-4.33
PPA0163	pocket1	FAD	PPA0163a_FAD	FLAVIN-ADENINE DINUCLEOTIDE	-8.88
PPA0163	pocket2	ODP	PPA0163a_ODP	4-OXO-NICOTINAMIDE-ADENINE DINUCLEOTIDE PHOSPHATE	-6.97
PPA0163	pocket6	SF4	PPA0163a_SF4	IRON/SULFUR CLUSTER	-4.62
PPA0163	pocket0	FWQ	PPA0163a_FWQ	p-sulfonatocalix[6]arene	3.67
PPA0164	pocket2	UNL	PPA0164a_UNL	Unknown ligand	Nil
PPA0165	pocket0	AZX	PPA0165a_AZX	4-[(3-CHLORO-4-{[(2R)-3,3,3-TRIFLUORO-2-HYDROXY-2-METHYLPROPANOYL]AMINO}PHENYL)SULFONYL]-N,N-DIMETHYLBENZAMIDE	0.25
PPA0166	pocket14	ACO	PPA0166a_ACO	ACETYL COENZYME *A	-8.81
PPA0166	pocket0	OTA	PPA0166a_OTA	2-(OXALYL-AMINO)-4,5,6,7-TETRAHYDRO-THIENO[2,3-C]PYRIDINE-3-CARBOXYLIC ACID	-5.92
PPA0166	pocket13	GSU	PPA0166a_GSU	O5'-(L-GLUTAMYL-SULFAMOYL)-ADENOSINE	-5.86
PPA0166	pocket12	FAD	PPA0166a_FAD	FLAVIN-ADENINE DINUCLEOTIDE	-5.19
PPA0166	pocket1	LZ1	PPA0166a_LZ1	1H-indazole	-4.57
PPA0166	pocket2	DTD	PPA0166a_DTD	DITHIANE DIOL	-3.54
PPA0166	pocket10	YE1	PPA0166a_YE1	[(2R,3S,4R,5R)-5-(6-AMINO-9H-PURIN-9-YL)-4-HYDROXY-3-(PHOSPHONOOXY)TETRAHYDROFURAN-2-YL]METHYL (3R)-4-({3-[(2-{[(3,5-DIHYDROXYPHENYL)ACETYL]AMINO}ETHYL)AMINO]-3-OXOPROPYL}AMINO)-3-HYDROXY-2,2-DIMETHYL-4-OXOBUTYL DIHYDROGEN DIPHOSPHATE	-3.51
PPA0167	pocket7	FAD	PPA0167a_FAD	FLAVIN-ADENINE DINUCLEOTIDE	-5.37
PPA0167	pocket9	B12	PPA0167a_B12	COBALAMIN	Nil
PPA0168	pocket22	HEM	PPA0168a_HEM	PROTOPORPHYRIN IX CONTAINING FE	-9.14
PPA0168	pocket15	FA5	PPA0168a_FA5	ADENOSINE-5'-[PHENYLALANINYL-PHOSPHATE]	-6.72
PPA0168	pocket12	CDC	PPA0168a_CDC	[2-CYTIDYLATE-O'-PHOSPHONYLOXYL]-ETHYL-TRIMETHYL-AMMONIUM	-6.01
PPA0168	pocket1	IBF	PPA0168a_IBF	1,2,3,4,5-pentafluoro-6-iodobenzene	-3.84
PPA0168	pocket0	XLS	PPA0168a_XLS	D-xylose	-2.55
PPA0169	pocket2	1CP	PPA0169a_1CP	COPROPORPHYRINOGEN I	-5.27
PPA0169	pocket3	PAD	PPA0169a_PAD	5-BETA-D-RIBOFURANOSYLPICOLINAMIDE ADENINE-DINUCLEOTIDE	-3.63
PPA0170	pocket7	GWI	PPA0170a_GWI	N-({4-[({4-chloro-2-[(3-chloro-5-cyanophenyl)carbonyl]phenoxy}acetyl)amino]-3-methylphenyl}sulfonyl)propanamide	-10.83
PPA0170	pocket4	DMU	PPA0170a_DMU	DECYL-BETA-D-MALTOPYRANOSIDE	-5.54
PPA0170	pocket3	FAD	PPA0170a_FAD	FLAVIN-ADENINE DINUCLEOTIDE	-4.23
PPA0170	pocket10	NAP	PPA0170a_NAP	NADP NICOTINAMIDE-ADENINE-DINUCLEOTIDE PHOSPHATE	-2.05
PPA0171	pocket3	4HY	PPA0171a_4HY	[4-(4-HYDROXY-3-IODO-PHENOXY)-3,5-DIIODO-PHENYL]-ACETIC ACID	-6.11
PPA0171	pocket0	ARC	PPA0171a_ARC	3,7,11,15-TETRAMETHYL-HEXADECAN-1-OL	-5.89
PPA0171	pocket5	3GY	PPA0171a_3GY	(2R)-butan-2-ylbenzene	-4.67
PPA0173	pocket21	HEM	PPA0173a_HEM	PROTOPORPHYRIN IX CONTAINING FE	-11.2
PPA0173	pocket10	FAD	PPA0173a_FAD	FLAVIN-ADENINE DINUCLEOTIDE	-9.93
PPA0173	pocket8	RE9	PPA0173a_RE9	6-(2,3,4,5,6,7-HEXAHYDRO-2,4,4-TRIMETHYL-1-METYLENEINDEN-2-YL)-3-METHYLHEXA-2,4-DIENOIC ACID	-7.83
PPA0173	pocket7	NP5	PPA0173a_NP5	(5E)-12-CHLORO-13,15-DIHYDROXY-4,7,8,9-TETRAHYDRO-2-BENZOXACYCLOTRIDECINE-1,10(3H,11H)-DIONE	-6.12
PPA0173	pocket16	NAP	PPA0173a_NAP	NADP NICOTINAMIDE-ADENINE-DINUCLEOTIDE PHOSPHATE	-5.27
PPA0174	pocket5	ATP	PPA0174a_ATP	ADENOSINE-5'-TRIPHOSPHATE	-8.1
PPA0174	pocket8	2ZL	PPA0174a_2ZL	N~2~-benzyl-N~2~-[(4-fluoro-3-methylphenyl)sulfonyl]-N-hydroxy-D-alaninamide	-6.76
PPA0174	pocket22	NAD	PPA0174a_NAD	NICOTINAMIDE-ADENINE-DINUCLEOTIDE	-6.06
PPA0174	pocket0	HEB	PPA0174a_HEB	HEME B/C	-0.24
PPA0175	pocket0	05R	PPA0175a_05R	2-(3,4-dichlorophenyl)ethanoic acid	-6.08
PPA0175	pocket1	ARC	PPA0175a_ARC	3,7,11,15-TETRAMETHYL-HEXADECAN-1-OL	-6
PPA0176	pocket1	ARC	PPA0176a_ARC	3,7,11,15-TETRAMETHYL-HEXADECAN-1-OL	-7.22
PPA0176	pocket2	AR6	PPA0176a_AR6	[(2R,3S,4R,5R)-5-(6-AMINOPURIN-9-YL)-3,4-DIHYDROXY-OXOLAN-2-YL]METHYL-[HYDROXY-[[(2R,3S,4R,5S)-3,4,5-TRIHYDROXYOXOLAN-2-YL]METHOXY]PHOSPHORYL] HYDROGEN PHOSPHATE	-5.55
PPA0176	pocket0	HEB	PPA0176a_HEB	HEME B/C	-0.27
PPA0177	pocket6	TTB	PPA0177a_TTB	4-[(1E)-2-(5,5,8,8-TETRAMETHYL-5,6,7,8-TETRAHYDRONAPHTHALEN-2-YL)PROP-1-ENYL]BENZOIC ACID	-6.62
PPA0177	pocket1	MRD	PPA0177a_MRD	(4R)-2-METHYLPENTANE-2,4-DIOL	-4.03
PPA0177	pocket0	PYR	PPA0177a_PYR	PYRUVIC ACID	-2.63
PPA0178	pocket2	CDQ	PPA0178a_CDQ	6-[(5-chloro-2-oxo-2,3-dihydro-1H-indol-1-yl)methyl]-2,3-dihydro-1,4-benzodioxine-5-carboxylic acid	-7.86
PPA0178	pocket13	FAD	PPA0178a_FAD	FLAVIN-ADENINE DINUCLEOTIDE	-6.97
PPA0178	pocket17	PCI	PPA0178a_PCI	PENTACHLOROPHENOL	-4.56
PPA0179	pocket25	HEM	PPA0179a_HEM	PROTOPORPHYRIN IX CONTAINING FE	-5.86
PPA0179	pocket0	PCW	PPA0179a_PCW	1,2-DIOLEOYL-SN-GLYCERO-3-PHOSPHOCHOLINE	-5.69
PPA0179	pocket5	UNL	PPA0179a_UNL	Unknown ligand	Nil
PPA0179	pocket7	17	PPA0179a_17	(3R,3AS,6AR)-HEXAHYDROFURO[2,3-B]FURAN-3-YL(1S,2R)-3-[[(4-AMINOPHENYL)SULFONYL](ISOBUTYL)AMINO]-1-BENZYL-2-HYDROXYPROPYLCARBAMATE	Nil
PPA0180	pocket18	XMI	PPA0180a_XMI	4-[(6-CHLORO-2-NAPHTHALENYL)SULFONYL]-1-[[1-(4-PYRIDINYL)-4-PIPERIDINYL]METHYL]PIPERAZINONE	-7.91
PPA0180	pocket0	NCM	PPA0180a_NCM	NORCAMPHOR	-4.95
PPA0180	pocket2	CPQ	PPA0180a_CPQ	N,N-BIS(3-D-GLUCONAMIDOPROPYL)DEOXYCHOLAMIDE	-2.29
PPA0181	pocket0	XAH	PPA0181a_XAH	5'-O-{(R)-hydroxy[(L-lysylamino)oxy]phosphoryl}adenosine	-9.14
PPA0181	pocket12	P38	PPA0181a_P38	5-methyl-4-[(2-methyl-5-{[(2-morpholin-4-ylpyridin-4-yl)carbonyl]amino}phenyl)amino]-N-(1-phenylethenyl)pyrrolo[2,1-f][1,2,4]triazine-6-carboxamide	-8.88
PPA0181	pocket1	B08	PPA0181a_B08	(1-HYDROXY-1-PHOSPHONO-2-[1,1';3',1'']TERPHENYL-3-YL-ETHYL)-PHOSPHONIC ACID	-7.85
PPA0181	pocket3	NDP	PPA0181a_NDP	NADPH DIHYDRO-NICOTINAMIDE-ADENINE-DINUCLEOTIDE PHOSPHATE	-5.52
PPA0183	pocket2	HEM	PPA0183a_HEM	PROTOPORPHYRIN IX CONTAINING FE	-8.59
PPA0183	pocket1	FAD	PPA0183a_FAD	FLAVIN-ADENINE DINUCLEOTIDE	-5.71
PPA0183	pocket4	RFP	PPA0183a_RFP	RIFAMPICIN	-5.08
PPA0184	pocket7	FAD	PPA0184a_FAD	FLAVIN-ADENINE DINUCLEOTIDE	-5.09
PPA0184	pocket9	PLS	PPA0184a_PLS	[3-HYDROXY-2-METHYL-5-PHOSPHONOOXYMETHYL-PYRIDIN-4-YLMETHYL]-SERINE	-3.66
PPA0184	pocket5	A03	PPA0184a_A03	(10R,20R,23R)-1-[(2S,3S,4R,5R)-5-(6-amino-9H-purin-9-yl)-3,4-dihydroxytetrahydrofuran-2-yl]-20,23-bis(3-carbamimidamido-propyl)-10-methyl-1,8,11,18,21-pentaoxo-2,9,12,19,22-pentaazatetracosan-24-amide	-2.09
PPA0184	pocket3	0WC	PPA0184a_0WC	(2R)-4-[1-(2-amino-5-chloropyrimidin-4-yl)-2,3-dihydro-1H-indol-6-yl]-2-(1,3-thiazol-2-yl)but-3-yn-2-ol	0.74
PPA0185	pocket0	VPP	PPA0185a_VPP	(2S,4S)-2-[(R)-carboxy{[(2R)-2-{[(4-ethyl-2,3-dioxopiperazin-1-yl)carbonyl]amino}-2-phenylacetyl]amino}methyl]-5,5-dimethyl-1,3-thiazolidine-4-carboxylic acid	-8.45
PPA0185	pocket12	NDP	PPA0185a_NDP	NADPH DIHYDRO-NICOTINAMIDE-ADENINE-DINUCLEOTIDE PHOSPHATE	-7.68
PPA0185	pocket7	UOC	PPA0185a_UOC	undecan-2-one	-5.52
PPA0185	pocket11	BU3	PPA0185a_BU3	(R,R)-2,3-BUTANEDIOL	-3.92
PPA0186	pocket6	REA	PPA0186a_REA	RETINOIC ACID	-6.8
PPA0186	pocket10	FAD	PPA0186a_FAD	FLAVIN-ADENINE DINUCLEOTIDE	-6.09
PPA0186	pocket2	54X	PPA0186a_54X	5-(thiophen-2-yl)thieno[2,3-d]pyrimidin-4(1H)-one	-5.49
PPA0186	pocket12	ODO	PPA0186a_ODO	4-[(E)-C-methyl-N-oxidanyl-carbonimidoyl]benzene-1,3-diol	-3.9
PPA0186	pocket9	NDP	PPA0186a_NDP	NADPH DIHYDRO-NICOTINAMIDE-ADENINE-DINUCLEOTIDE PHOSPHATE	-3.84
PPA0188	pocket2	D5M	PPA0188a_D5M	2'-DEOXYADENOSINE-5'-MONOPHOSPHATE	-5.78
PPA0189	pocket8	STU	PPA0189a_STU	STAUROSPORINE	-4.6
PPA0189	pocket0	PZA	PPA0189a_PZA	PYRAZINE-2-CARBOXAMIDE	-4.22
PPA0189	pocket1	MLA	PPA0189a_MLA	MALONIC ACID	-2.28
PPA0191	pocket0	ANP	PPA0191a_ANP	PHOSPHOAMINOPHOSPHONIC ACID-ADENYLATE ESTER	-7.3
PPA0191	pocket1	FES	PPA0191a_FES	FE2/S2 (INORGANIC) CLUSTER	-2.38
PPA0192	pocket5	CAQ	PPA0192a_CAQ	CATECHOL	-3.96
PPA0195	pocket5	NAD	PPA0195a_NAD	NICOTINAMIDE-ADENINE-DINUCLEOTIDE	-6.95
PPA0195	pocket0	5GP	PPA0195a_5GP	GUANOSINE-5'-MONOPHOSPHATE	-3.83
PPA0196	pocket15	FAD	PPA0196a_FAD	FLAVIN-ADENINE DINUCLEOTIDE	-5.26
PPA0196	pocket21	FAD	PPA0196a_FAD	FLAVIN-ADENINE DINUCLEOTIDE	-5.26
PPA0196	pocket6	FAD	PPA0196a_FAD	FLAVIN-ADENINE DINUCLEOTIDE	-5.26
PPA0196	pocket0	ETY	PPA0196a_ETY	4-ethylphenol	-4.54
PPA0196	pocket7	C21	PPA0196a_C21	THIOPHENE-2-CARBOXYLIC ACID	-3.99
PPA0196	pocket2	15P	PPA0196a_15P	POLYETHYLENE GLYCOL (N=34)	0.04
PPA0197	pocket0	DJ0	PPA0197a_DJ0	3-[3,5-bis(fluoranyl)-2-phenylmethoxy-phenyl]propanal	-6.05
PPA0197	pocket4	FMN	PPA0197a_FMN	FLAVIN MONONUCLEOTIDE	-5.22
PPA0197	pocket6	SF4	PPA0197a_SF4	IRON/SULFUR CLUSTER	-2.93
PPA0198	pocket3	C77	PPA0198a_C77	5'-deoxy-2',3'-O-(1-methylethylidene)-5'-(4-{5-[(3aS,4S,6aR)-2-oxohexahydro-1H-thieno[3,4-d]imidazol-4-yl]pentyl}-1H-1,2,3-triazol-1-yl)adenosine	-9.16
PPA0198	pocket6	REA	PPA0198a_REA	RETINOIC ACID	-6.92
PPA0198	pocket1	FLF	PPA0198a_FLF	2-[[3-(TRIFLUOROMETHYL)PHENYL]AMINO] BENZOIC ACID	-6.84
PPA0199	pocket1	I4B	PPA0199a_I4B	ISOBUTYLBENZENE	-5.7
PPA0199	pocket3	ADN	PPA0199a_ADN	ADENOSINE	-4.16
PPA0200	pocket7	3K3	PPA0200a_3K3	5-({(1R,1aS,6bR)-1-[5-(trifluoromethyl)-1H-benzimidazol-2-yl]-1a,6b-dihydro-1H-cyclopropa[b][1]benzofuran-5-yl}oxy)-3,4-dihydro-1,8-naphthyridin-2(1H)-one	-8.49
PPA0200	pocket12	893	PPA0200a_893	5-CYANO-N-(2,5-DIMETHOXYBENZYL)-6-ETHOXYPYRIDINE-2-CARBOXAMIDE	-6.94
PPA0200	pocket24	ADP	PPA0200a_ADP	ADENOSINE-5'-DIPHOSPHATE	-6.66
PPA0200	pocket13	1JX	PPA0200a_1JX	(2R)-2-methyl-1,4-dihydropyrido[2,3-b]pyrazin-3(2H)-one	-5.36
PPA0200	pocket27	NAP	PPA0200a_NAP	NADP NICOTINAMIDE-ADENINE-DINUCLEOTIDE PHOSPHATE	-1.11
PPA0200	pocket1	APC	PPA0200a_APC	DIPHOSPHOMETHYLPHOSPHONIC ACID ADENOSYL ESTER	0.54
PPA0201	pocket8	5R2	PPA0201a_5R2	2-Methyl-2-propanyl {(2R,6S,12Z,13aS,14aR,16aS)-14a-[(cyclopropylsulfonyl)carbamoyl]-2-[(3-ethyl-7-methoxy-2-quinoxalinyl)oxy]-5,16-dioxo-1,2,3,5,6,7,8,9,10,11,13a,14,14a,15,16,16a-hexadecahydrocyclopropa[e]pyrrolo[1,2-a][1,4]diazacyclopentadecin-6-yl}carbamate	-10.1
PPA0201	pocket3	ADP	PPA0201a_ADP	ADENOSINE-5'-DIPHOSPHATE	-7.54
PPA0201	pocket0	CPS	PPA0201a_CPS	3-[(3-CHOLAMIDOPROPYL)DIMETHYLAMMONIO]-1-PROPANESULFONATE	-2.49
PPA0203	pocket2	ACO	PPA0203a_ACO	ACETYL COENZYME *A	-2.73
PPA0204	pocket0	AGS	PPA0204a_AGS	PHOSPHOTHIOPHOSPHORIC ACID-ADENYLATE ESTER	-11.71
PPA0204	pocket14	AIZ	PPA0204a_AIZ	3-{6-[(2-CHLOROPHENYL)AMINO]-1H-INDAZOL-3-YL}-5-{[4-(DIMETHYLAMINO)BUTANOYL]AMINO}BENZOIC ACID	-8
PPA0204	pocket15	T44	PPA0204a_T44	3,5,3',5'-TETRAIODO-L-THYRONINE	-7.86
PPA0204	pocket1	6U5	PPA0204a_6U5	~{N}-(1-methylindazol-6-yl)butane-1-sulfonamide	-7.13
PPA0204	pocket11	HEM	PPA0204a_HEM	PROTOPORPHYRIN IX CONTAINING FE	-3.02
PPA0206	pocket4	FPX	PPA0206a_FPX	N-{4-methyl-3-[8-methyl-7-oxo-2-(phenylamino)-7,8-dihydropyrido[2,3-d]pyrimidin-6-yl]phenyl}-3-(trifluoromethyl)benzamide	-5.68
PPA0206	pocket1	HMG	PPA0206a_HMG	3-HYDROXY-3-METHYLGLUTARYL-COENZYME A	0.5
PPA0207	pocket0	97B	PPA0207a_97B	9-chloro-7-(2,6-difluorophenyl)-N-{4-[(4-methylpiperazin-1-yl)carbonyl]phenyl}-5H-pyrimido[5,4-d][2]benzazepin-2-amine	-7.76
PPA0208	pocket5	FAD	PPA0208a_FAD	FLAVIN-ADENINE DINUCLEOTIDE	-4.68
PPA0208	pocket1	GNP	PPA0208a_GNP	PHOSPHOAMINOPHOSPHONIC ACID-GUANYLATE ESTER	-2.22
PPA0209	pocket1	APC	PPA0209a_APC	DIPHOSPHOMETHYLPHOSPHONIC ACID ADENOSYL ESTER	-7.9
PPA0209	pocket13	TCH	PPA0209a_TCH	TAUROCHOLIC ACID	-6.91
PPA0209	pocket3	ARC	PPA0209a_ARC	3,7,11,15-TETRAMETHYL-HEXADECAN-1-OL	-5.77
PPA0209	pocket0	51K	PPA0209a_51K	2-(2-{3-[3,5-bis(trifluoromethyl)phenyl]-1H-1,2,4-triazol-1-yl}ethyl)-1,3,4-oxadiazole	-4.3
PPA0209	pocket35	LMU	PPA0209a_LMU	DODECYL-ALPHA-D-MALTOSIDE	4.78
PPA0210	pocket6	ATP	PPA0210a_ATP	ADENOSINE-5'-TRIPHOSPHATE	-8.02
PPA0210	pocket7	PG6	PPA0210a_PG6	1-(2-METHOXY-ETHOXY)-2-{2-[2-(2-METHOXY-ETHOXY]-ETHOXY}-ETHANE	-4.39
PPA0211	pocket1	4YB	PPA0211a_4YB	5'-O-{[4-(2-carboxyphenyl)-4-oxobutanoyl]sulfamoyl}adenosine	-7.47
PPA0211	pocket4	FAD	PPA0211a_FAD	FLAVIN-ADENINE DINUCLEOTIDE	-3.85
PPA0211	pocket0	APO	PPA0211a_APO	D-2-AMINO-3-PHOSPHONO-PROPIONIC ACID	-2.91
PPA0212	pocket2	IS3	PPA0212a_IS3	Isopentenyl Diphosphate Beta-S	-3.14
PPA0212	pocket0	WO6	PPA0212a_WO6	trioxido(oxo)tungsten	Nil
PPA0213	pocket9	NAQ	PPA0213a_NAQ	NICOTINAMIDE ADENINE DINUCLEOTIDE 3-PENTANONE ADDUCT	-3.43
PPA0214	pocket5	3YY	PPA0214a_3YY	(5R)-5-[3-(4-fluorophenyl)-1-phenyl-1H-pyrazol-4-yl]imidazolidine-2,4-dione	-7.2
PPA0214	pocket0	NOS	PPA0214a_NOS	INOSINE	-5.07
PPA0214	pocket2	H3R	PPA0214a_H3R	5-METHYL-3-PHENYL-1H-PYRAZOLE	-4.78
PPA0215	pocket2	FAD	PPA0215a_FAD	FLAVIN-ADENINE DINUCLEOTIDE	-3.12
PPA0216	pocket0	MRC	PPA0216a_MRC	MUPIROCIN	-8.35
PPA0216	pocket1	PHT	PPA0216a_PHT	PHTHALIC ACID	-4.37
PPA0217	pocket7	FAD	PPA0217a_FAD	FLAVIN-ADENINE DINUCLEOTIDE	-7.48
PPA0217	pocket8	FAD	PPA0217a_FAD	FLAVIN-ADENINE DINUCLEOTIDE	-7.48
PPA0217	pocket0	GUN	PPA0217a_GUN	GUANINE	-6.25
PPA0218	pocket0	CLR	PPA0218a_CLR	CHOLESTEROL	-11.51
PPA0218	pocket1	ARC	PPA0218a_ARC	3,7,11,15-TETRAMETHYL-HEXADECAN-1-OL	-6.23
PPA0218	pocket7	6NT	PPA0218a_6NT	6-NITROBENZOTRIAZOLE	-5.19
PPA0218	pocket8	BTB	PPA0218a_BTB	2-[BIS-(2-HYDROXY-ETHYL)-AMINO]-2-HYDROXYMETHYL-PROPANE-1,3-DIOL	-2.47
PPA0219	pocket7	NAP	PPA0219a_NAP	NADP NICOTINAMIDE-ADENINE-DINUCLEOTIDE PHOSPHATE	-6.54
PPA0219	pocket5	NAD	PPA0219a_NAD	NICOTINAMIDE-ADENINE-DINUCLEOTIDE	-5.1
PPA0219	pocket2	ERY	PPA0219a_ERY	ERYTHROMYCIN A	-3.18
PPA0220	pocket3	0YB	PPA0220a_0YB	2-(3-bromophenoxy)-4-{(1R)-3,3-dimethyl-1-[(3S)-3-(5-methyl-2,4-dioxo-3,4-dihydropyrimidin-1(2H)-yl)piperidin-1-yl]butyl}benzoic acid	-8.28
PPA0220	pocket0	SF4	PPA0220a_SF4	IRON/SULFUR CLUSTER	-3.72
PPA0221	pocket1	9CR	PPA0221a_9CR	(9cis)-retinoic acid	-6.76
PPA0221	pocket0	DUT	PPA0221a_DUT	DEOXYURIDINE-5'-TRIPHOSPHATE	-4.92
PPA0221	pocket2	12F	PPA0221a_12F	[(2R,3S,4R,5R)-5-(6-amino-9H-purin-9-yl)-3,4-dihydroxytetrahydrofuran-2-yl]methyl (2R,3S,4S)-5-[(1R,3R,3aS)-3-[2-(benzyloxy)-3-fluorophenyl]-1-hydroxy-10,11-dimethyl-4,6-dioxo-2,3,5,6-tetrahydro-1H-benzo[g]pyrrolo[2,1-e]pteridin-8(4H)-yl]-2,3,4-trihydroxypentyl dihydrogen diphosphate	-4.75
PPA0222	pocket0	SP1	PPA0222a_SP1	6-(6-AMINO-PURIN-9-YL)-2-THIOXO-TETRAHYDRO-2-FURO[3,2-D][1,3,2]DIOXAPHOSPHININE-2,7-DIOL	-6.25
PPA0222	pocket2	FAD	PPA0222a_FAD	FLAVIN-ADENINE DINUCLEOTIDE	-6.18
PPA0222	pocket1	SAH	PPA0222a_SAH	S-ADENOSYL-L-HOMOCYSTEINE	-4.2
PPA0222	pocket5	P33	PPA0222a_P33	3,6,9,12,15,18-HEXAOXAICOSANE-1,20-DIOL	-2.04
PPA0222	pocket3	CMP	PPA0222a_CMP	ADENOSINE-3',5'-CYCLIC-MONOPHOSPHATE	Nil
PPA0223	pocket2	BNC	PPA0223a_BNC	5-BETA-24-NOR-CHOLANE-3(ALPHA),7(ALPHA),12(ALPHA)-TRIOL	-4.73
PPA0223	pocket1	SF4	PPA0223a_SF4	IRON/SULFUR CLUSTER	-4.37
PPA0225	pocket0	H5D	PPA0225a_H5D	2-{3-[(2S)-1-acetylpyrrolidin-2-yl]phenyl}-N-(3-chlorophenyl)acetamide	-9.58
PPA0225	pocket5	SU9	PPA0225a_SU9	(3Z)-3-(1H-IMIDAZOL-5-YLMETHYLENE)-5-METHOXY-1H-INDOL-2(3H)-ONE	-5.98
PPA0227	pocket13	AES	PPA0227a_AES	4-(2-AMINOETHYL)BENZENESULFONYL FLUORIDE	-6.22
PPA0227	pocket9	HEM	PPA0227a_HEM	PROTOPORPHYRIN IX CONTAINING FE	-6.16
PPA0227	pocket4	283	PPA0227a_283	(3S)-1-{[4-(BUT-2-YN-1-YLOXY)PHENYL]SULFONYL}PYRROLIDINE-3-THIOL	-5.32
PPA0228	pocket0	CLF	PPA0228a_CLF	FE(8)-S(7) CLUSTER	-5.04
PPA0229	pocket4	ATP	PPA0229a_ATP	ADENOSINE-5'-TRIPHOSPHATE	-7.75
PPA0229	pocket8	ADP	PPA0229a_ADP	ADENOSINE-5'-DIPHOSPHATE	-7.52
PPA0229	pocket7	2Z3	PPA0229a_2Z3	N-(morpholin-4-ylcarbonyl)-L-phenylalanyl-N-[(1R)-1-(cyclohexylmethyl)-3,3-difluoro-2,2-dihydroxy-4-(methylamino)-4-oxobutyl]-L-norleucinamide	-6.33
PPA0229	pocket2	PT7	PPA0229a_PT7	chloro[2-(pyridin-2-yl-kappaN)phenyl-kappaC~1~](triphenyl-lambda~5~-phosphanyl)platinum(2+)	Nil
PPA0230	pocket2	ATP	PPA0230a_ATP	ADENOSINE-5'-TRIPHOSPHATE	-10.07
PPA0230	pocket1	CLA	PPA0230a_CLA	CHLOROPHYLL A	-7.72
PPA0230	pocket0	FLC	PPA0230a_FLC	CITRATE ANION	-7.58
PPA0230	pocket9	E64	PPA0230a_E64	N-[N-[1-HYDROXYCARBOXYETHYL-CARBONYL]LEUCYLAMINO-BUTYL]-GUANIDINE	-6.93
PPA0230	pocket6	ADP	PPA0230a_ADP	ADENOSINE-5'-DIPHOSPHATE	-6.85
PPA0230	pocket5	P33	PPA0230a_P33	3,6,9,12,15,18-HEXAOXAICOSANE-1,20-DIOL	-1.01
PPA0231	pocket2	CLR	PPA0231a_CLR	CHOLESTEROL	-8
PPA0231	pocket1	BB2	PPA0231a_BB2	ACTINONIN	-6.29
PPA0231	pocket5	ARC	PPA0231a_ARC	3,7,11,15-TETRAMETHYL-HEXADECAN-1-OL	-5.17
PPA0231	pocket7	HEM	PPA0231a_HEM	PROTOPORPHYRIN IX CONTAINING FE	-5.09
PPA0232	pocket2	BXC	PPA0232a_BXC	(3R,7R,11R)-3,7,11,15-tetramethylhexadecyl alpha-D-ribopyranoside	-6.71
PPA0232	pocket1	BAT	PPA0232a_BAT	4-(N-HYDROXYAMINO)-2R-ISOBUTYL-2S-(2-THIENYLTHIOMETHYL)SUCCINYL-L-PHENYLALANINE-N-METHYLAMIDE	-5.57
PPA0234	pocket0	PE8	PPA0234a_PE8	3,6,9,12,15,18,21-HEPTAOXATRICOSANE-1,23-DIOL	-1.53
PPA0235	pocket1	ATP	PPA0235a_ATP	ADENOSINE-5'-TRIPHOSPHATE	-4.44
PPA0235	pocket2	NAP	PPA0235a_NAP	NADP NICOTINAMIDE-ADENINE-DINUCLEOTIDE PHOSPHATE	-4.18
PPA0237	pocket16	ANP	PPA0237a_ANP	PHOSPHOAMINOPHOSPHONIC ACID-ADENYLATE ESTER	-5.42
PPA0237	pocket1	N8Y	PPA0237a_N8Y	6-methoxyquinazolin-4-amine	-4.98
PPA0237	pocket19	FMN	PPA0237a_FMN	FLAVIN MONONUCLEOTIDE	-4.83
PPA0237	pocket0	LAP	PPA0237a_LAP	[2-((1-OXODODECANOXY-(2-HYDROXY-3-PROPANYL))-PHOSPHONATE-OXY)-ETHYL]-TRIMETHYLAMMONIUM	-3.66
PPA0237	pocket5	BCN	PPA0237a_BCN	BICINE	-2.46
PPA0237	pocket4	WO4	PPA0237a_WO4	TUNGSTATE(VI)ION	Nil
PPA0238	pocket2	PSI	PPA0238a_PSI	methyl N-{(4S,5S)-5-[(L-alanyl-L-alanyl)amino]-4-hydroxy-6-phenylhexanoyl}-L-valyl-L-valinate	-10
PPA0238	pocket0	SAM	PPA0238a_SAM	S-ADENOSYLMETHIONINE	-9.5
PPA0238	pocket11	CHI	PPA0238a_CHI	5-CHLORO-1H-INDOLE-2-CARBOXYLIC ACID [1-(4-FLUOROBENZYL)-2-(4-HYDROXYPIPERIDIN-1YL)-2-OXOETHYL]AMIDE	-6.91
PPA0238	pocket5	ADP	PPA0238a_ADP	ADENOSINE-5'-DIPHOSPHATE	-5.87
PPA0238	pocket14	COB	PPA0238a_COB	CO-METHYLCOBALAMIN	Nil
PPA0240	pocket1	HEM	PPA0240a_HEM	PROTOPORPHYRIN IX CONTAINING FE	-4.66
PPA0240	pocket0	SAH	PPA0240a_SAH	S-ADENOSYL-L-HOMOCYSTEINE	-4.33
PPA0241	pocket0	G13	PPA0241a_G13	N-[(3aR,6S,6aS)-1-(N-methyl-L-alanyl-3-methyl-L-valyl)octahydrocyclopenta[b]pyrrol-6-yl]naphthalene-1-carboxamide	-8.58
PPA0241	pocket2	T3P	PPA0241a_T3P	THYMIDINE-3'-PHOSPHATE	-6.82
PPA0241	pocket17	GDP	PPA0241a_GDP	GUANOSINE-5'-DIPHOSPHATE	-5.41
PPA0241	pocket4	PGA	PPA0241a_PGA	2-PHOSPHOGLYCOLIC ACID	-2.64
PPA0242	pocket21	HEM	PPA0242a_HEM	PROTOPORPHYRIN IX CONTAINING FE	-8.11
PPA0242	pocket0	ATP	PPA0242a_ATP	ADENOSINE-5'-TRIPHOSPHATE	-7.51
PPA0242	pocket10	FGH	PPA0242a_FGH	2,7,7-trimethyl-9-[8-(2-methylpropyl)-1-oxo-1,2,3,4-tetrahydroisoquinolin-6-yl]-1,2,3,4,6,7,8,9-octahydro-5H-beta-carbolin-5-one	-6.62
PPA0242	pocket4	ACP	PPA0242a_ACP	PHOSPHOMETHYLPHOSPHONIC ACID ADENYLATE ESTER	-5.18
PPA0243	pocket1	Z5A	PPA0243a_Z5A	P1-(5'-ADENOSYL)P5-(5'-(3'AZIDO-3'-DEOXYTHYMIDYL))PENTAPHOSPHATE	-9.29
PPA0243	pocket6	ADP	PPA0243a_ADP	ADENOSINE-5'-DIPHOSPHATE	-8.64
PPA0243	pocket0	1PE	PPA0243a_1PE	PENTAETHYLENE GLYCOL	-4.81
PPA0243	pocket5	FAD	PPA0243a_FAD	FLAVIN-ADENINE DINUCLEOTIDE	-3.16
PPA0244	pocket0	ATP	PPA0244a_ATP	ADENOSINE-5'-TRIPHOSPHATE	-7.5
PPA0244	pocket17	HEC	PPA0244a_HEC	HEME C	-6.91
PPA0244	pocket6	HEM	PPA0244a_HEM	PROTOPORPHYRIN IX CONTAINING FE	-5.68
PPA0244	pocket15	NAD	PPA0244a_NAD	NICOTINAMIDE-ADENINE-DINUCLEOTIDE	-3.68
PPA0244	pocket10	NDP	PPA0244a_NDP	NADPH DIHYDRO-NICOTINAMIDE-ADENINE-DINUCLEOTIDE PHOSPHATE	-2.83
PPA0245	pocket2	COA	PPA0245a_COA	COENZYME A	-6.41
PPA0245	pocket3	FAD	PPA0245a_FAD	FLAVIN-ADENINE DINUCLEOTIDE	-1.81
PPA0247	pocket2	4NC	PPA0247a_4NC	4-NITROCATECHOL	-5.29
PPA0247	pocket13	ADP	PPA0247a_ADP	ADENOSINE-5'-DIPHOSPHATE	-4.71
PPA0247	pocket17	NAP	PPA0247a_NAP	NADP NICOTINAMIDE-ADENINE-DINUCLEOTIDE PHOSPHATE	-3.5
PPA0247	pocket0	CIT	PPA0247a_CIT	CITRIC ACID	-3.45
PPA0247	pocket1	PPI	PPA0247a_PPI	PROPANOIC ACID	-2.64
PPA0248	pocket0	MEV	PPA0248a_MEV	(R)-MEVALONATE	-3.02
PPA0249	pocket3	4HY	PPA0249a_4HY	[4-(4-HYDROXY-3-IODO-PHENOXY)-3,5-DIIODO-PHENYL]-ACETIC ACID	-6.92
PPA0249	pocket7	94C	PPA0249a_94C	1-[4-[6-chloranyl-8-fluoranyl-7-(2-fluorophenyl)quinazolin-4-yl]piperazin-1-yl]propan-1-one	-5.76
PPA0249	pocket10	IMP	PPA0249a_IMP	INOSINIC ACID	-2.77
PPA0249	pocket4	HEB	PPA0249a_HEB	HEME B/C	-0.24
PPA0250	pocket0	FAD	PPA0250a_FAD	FLAVIN-ADENINE DINUCLEOTIDE	-10.17
PPA0250	pocket8	NAD	PPA0250a_NAD	NICOTINAMIDE-ADENINE-DINUCLEOTIDE	5.62
PPA0251	pocket6	NLG	PPA0251a_NLG	N-ACETYL-L-GLUTAMATE	-4.29
PPA0252	pocket0	SQU	PPA0252a_SQU	2,10,23-TRIMETHYL-TETRACOSANE	-9.54
PPA0252	pocket1	5CA	PPA0252a_5CA	5'-O-(N-(L-CYSTEINYL)-SULFAMOYL)ADENOSINE	-7.15
PPA0252	pocket3	AGN	PPA0252a_AGN	PHOSPHOAMINOPHOSPHONIC ACID 3'-O-(N-METHYLANTHRANILOYL-2'-DEOXYGUANYLATE ESTER	-2.68
PPA0255	pocket0	SAM	PPA0255a_SAM	S-ADENOSYLMETHIONINE	-8.37
PPA0255	pocket2	HEM	PPA0255a_HEM	PROTOPORPHYRIN IX CONTAINING FE	-6.43
PPA0256	pocket1	NAD	PPA0256a_NAD	NICOTINAMIDE-ADENINE-DINUCLEOTIDE	-5.66
PPA0256	pocket0	POP	PPA0256a_POP	PYROPHOSPHATE 2-	-2.32
PPA0256	pocket4	NDP	PPA0256a_NDP	NADPH DIHYDRO-NICOTINAMIDE-ADENINE-DINUCLEOTIDE PHOSPHATE	0.05
PPA0257	pocket3	9CR	PPA0257a_9CR	(9cis)-retinoic acid	-7.98
PPA0257	pocket1	PNM	PPA0257a_PNM	OPEN FORM - PENICILLIN G	-6.55
PPA0257	pocket8	GNP	PPA0257a_GNP	PHOSPHOAMINOPHOSPHONIC ACID-GUANYLATE ESTER	-5.96
PPA0258	pocket0	ANP	PPA0258a_ANP	PHOSPHOAMINOPHOSPHONIC ACID-ADENYLATE ESTER	-6.37
PPA0258	pocket1	FMN	PPA0258a_FMN	FLAVIN MONONUCLEOTIDE	-5.87
PPA0259	pocket0	3L5	PPA0259a_3L5	(2-{[2-(2-amino-6-oxo-3,6-dihydro-9H-purin-9-yl)ethyl][2-(2-phosphonoethoxy)ethyl]amino}ethyl)phosphonic acid	-8.65
PPA0260	pocket15	ADP	PPA0260a_ADP	ADENOSINE-5'-DIPHOSPHATE	-8.36
PPA0260	pocket6	ADP	PPA0260a_ADP	ADENOSINE-5'-DIPHOSPHATE	-8.36
PPA0260	pocket0	BB2	PPA0260a_BB2	ACTINONIN	-7.62
PPA0260	pocket9	NCA	PPA0260a_NCA	NICOTINAMIDE	-4.7
PPA0260	pocket26	HEM	PPA0260a_HEM	PROTOPORPHYRIN IX CONTAINING FE	-2.57
PPA0261	pocket0	PNE	PPA0261a_PNE	PARA-NITROPHENYL PHOSPHONOBUTANOYL L-ALANINE	-6.19
PPA0263	pocket9	API	PPA0263a_API	2,6-DIAMINOPIMELIC ACID	-5.37
PPA0264	pocket2	NAD	PPA0264a_NAD	NICOTINAMIDE-ADENINE-DINUCLEOTIDE	-3.9
PPA0264	pocket9	2XG	PPA0264a_2XG	3,4-difluorobenzenethiol	-3.27
PPA0264	pocket8	NAP	PPA0264a_NAP	NADP NICOTINAMIDE-ADENINE-DINUCLEOTIDE PHOSPHATE	-3.18
PPA0271	pocket0	2PH	PPA0271a_2PH	[7,8-DIHYDRO-PTERIN-6-YL METHANYL]-PHOSPHONOPHOSPHATE	-9.3
PPA0271	pocket6	FAD	PPA0271a_FAD	FLAVIN-ADENINE DINUCLEOTIDE	-8.42
PPA0272	pocket0	NEU	PPA0272a_NEU	L-NEOPTERIN	-6.35
PPA0273	pocket1	J1I	PPA0273a_J1I	5'-S-{2-[{2-[(2-amino-7,7-dimethyl-4-oxo-3,4,7,8-tetrahydropteridine-6-carbonyl)amino]ethyl}(phosphonomethyl)amino]ethyl}-5'-thioadenosine	-7.01
PPA0274	pocket4	P9Y	PPA0274a_P9Y	1-[3-(4-chlorophenoxy)propyl]-1H-imidazole	-4.73
PPA0275	pocket0	E4K	PPA0275a_E4K	7-(2-methylphenyl)-3-[3-(5,6,7,8-tetrahydronaphthalen-1-yloxy)propyl]-1~{H}-indole-2-carboxylic acid	-8.64
PPA0275	pocket3	HEM	PPA0275a_HEM	PROTOPORPHYRIN IX CONTAINING FE	-4.42
PPA0276	pocket3	L1P	PPA0276a_L1P	3-PHOSPHORYL-[1,2-DI-PHYTANYL]GLYCEROL	-6.81
PPA0276	pocket10	FAD	PPA0276a_FAD	FLAVIN-ADENINE DINUCLEOTIDE	-5.45
PPA0276	pocket0	CDP	PPA0276a_CDP	CYTIDINE-5'-DIPHOSPHATE	-3.64
PPA0276	pocket1	NFV	PPA0276a_NFV	NI-FE OXIDIZED ACTIVE CENTER	Nil
PPA0277	pocket2	3HJ	PPA0277a_3HJ	N-(2-methylpyridin-4-yl)-3-{4-[(phenylcarbamoyl)amino]-1H-pyrazol-1-yl}benzamide	-6.86
PPA0277	pocket1	0NL	PPA0277a_0NL	tert-butyl [(1R,3R)-3-(imidazo[4,5-d]pyrrolo[2,3-b]pyridin-1(6H)-yl)cyclopentyl]carbamate	-5.66
PPA0278	pocket1	ATP	PPA0278a_ATP	ADENOSINE-5'-TRIPHOSPHATE	-9.98
PPA0278	pocket32	6S9	PPA0278a_6S9	1-[3-(2-methylpyridin-4-yl)-1~{H}-pyrazolo[4,3-c]pyridin-6-yl]-3-(phenylmethyl)urea	-6.89
PPA0278	pocket6	FAD	PPA0278a_FAD	FLAVIN-ADENINE DINUCLEOTIDE	-5.25
PPA0279	pocket4	SAH	PPA0279a_SAH	S-ADENOSYL-L-HOMOCYSTEINE	-4.99
PPA0279	pocket6	LGN	PPA0279a_LGN	N-[(2S,3R,4E)-1-{[alpha-D-galactopyranosyl-(1->3)-beta-D-galactopyranosyl-(1->4)-beta-D-glucopyranosyl]oxy}-3-hydroxyoctadec-4-en-2-yl]hexacosanamide	Nil
PPA0280	pocket9	HEA	PPA0280a_HEA	HEME-A	-8.09
PPA0280	pocket5	BBP	PPA0280a_BBP	(5R)-3-tert-butyl-1-(6-chloro-1,3-benzothiazol-2-yl)-4,5-dihydro-1H-pyrazol-5-ol	-6.53
PPA0280	pocket0	ARC	PPA0280a_ARC	3,7,11,15-TETRAMETHYL-HEXADECAN-1-OL	-5.93
PPA0280	pocket3	NAD	PPA0280a_NAD	NICOTINAMIDE-ADENINE-DINUCLEOTIDE	-5.61
PPA0280	pocket1	OXM	PPA0280a_OXM	OXAMIC ACID	-2.08
PPA0281	pocket3	1N1	PPA0281a_1N1	N-(2-CHLORO-6-METHYLPHENYL)-2-({6-[4-(2-HYDROXYETHYL)PIPERAZIN-1-YL]-2-METHYLPYRIMIDIN-4-YL}AMINO)-1,3-THIAZOLE-5-CARBOXAMIDE	-7.57
PPA0281	pocket8	PQ9	PPA0281a_PQ9	5-[(2E,6E,10E,14E,18E,22E)-3,7,11,15,19,23,27-HEPTAMETHYLOCTACOSA-2,6,10,14,18,22,26-HEPTAENYL]-2,3-DIMETHYLBENZO-1,4-QUINONE	-7.16
PPA0281	pocket4	GPP	PPA0281a_GPP	GERANYL DIPHOSPHATE	-6.61
PPA0281	pocket1	ADP	PPA0281a_ADP	ADENOSINE-5'-DIPHOSPHATE	-3.62
PPA0282	pocket5	9D3	PPA0282a_9D3	N-({4-[(diethylamino)methyl]phenyl}methyl)-4-oxo-3,4-dihydrothieno[2,3-d]pyrimidine-5-carboxamide	-4.94
PPA0282	pocket0	3AB	PPA0282a_3AB	3-aminobenzamide	-4.61
PPA0282	pocket3	FMN	PPA0282a_FMN	FLAVIN MONONUCLEOTIDE	-4.44
PPA0282	pocket4	GTP	PPA0282a_GTP	GUANOSINE-5'-TRIPHOSPHATE	-4.37
PPA0282	pocket2	600000000	PPA0282a_6E8	5-methyl-7-oxo-6-(propan-2-yl)-4,7-dihydropyrazolo[1,5-a]pyrimidine-3-carbonitrile	Nil
PPA0283	pocket8	TFY	PPA0283a_TFY	(1R,2S,3S,5Z)-5-[(2E)-2-[(1R,3aS,7aR)-7a-methyl-1-[(2R)-6-methyl-6-oxidanyl-heptan-2-yl]-2,3,3a,5,6,7-hexahydro-1H-inden-4-ylidene]ethylidene]-4-methylidene-2-[2-(1,2,3,4-tetrazol-1-yl)ethyl]cyclohexane-1,3-diol	-8.35
PPA0284	pocket0	PEE	PPA0284a_PEE	1,2-dioleoyl-sn-glycero-3-phosphoethanolamine	-7.14
PPA0284	pocket3	PMT	PPA0284a_PMT	PHOSPHORIC ACID MONO-[3-(3-{[5-(4-AMINO-2-OXO-2H-PYRIMIDIN-1-YL)-3,4- DIHYDROXY-TETRAHYDRO-FURAN-2- YLMETHOXY]-HYDROXY-PHOSPHORYLOXY}-3-OXO-PROPYLCARBAMOYL)-3-HYDROXY-2,2- DIMETHYL-PROPYL] ESTER	-2.4
PPA0284	pocket4	COB	PPA0284a_COB	CO-METHYLCOBALAMIN	Nil
PPA0285	pocket0	VLB	PPA0285a_VLB	(2ALPHA,2'BETA,3BETA,4ALPHA,5BETA)-VINCALEUKOBLASTINE	-8.75
PPA0285	pocket8	FAD	PPA0285a_FAD	FLAVIN-ADENINE DINUCLEOTIDE	-3.58
PPA0286	pocket0	NDP	PPA0286a_NDP	NADPH DIHYDRO-NICOTINAMIDE-ADENINE-DINUCLEOTIDE PHOSPHATE	-8.55
PPA0286	pocket7	IIB	PPA0286a_IIB	1-{[5-(5-CHLORO-2-THIENYL)ISOXAZOL-3-YL]METHYL}-3-CYANO-N-(1-ISOPROPYLPIPERIDIN-4-YL)-7-METHYL-1H-INDOLE-2-CARBOXAMIDE	-7.19
PPA0286	pocket11	FAD	PPA0286a_FAD	FLAVIN-ADENINE DINUCLEOTIDE	-4.86
PPA0287	pocket2	961	PPA0287a_961	3-FLUORO-4-[2-HYDROXY-2-(5,5,8,8-TETRAMETHYL-5,6,7,8,-TETRAHYDRO-NAPHTALEN-2-YL)-ACETYLAMINO]-BENZOIC ACID	-7.91
PPA0287	pocket8	BPH	PPA0287a_BPH	BACTERIOPHEOPHYTIN A	-7.83
PPA0287	pocket0	3UB	PPA0287a_3UB	propan-2-yl hydrogen (S)-[(1R)-1-{[(benzyloxy)carbonyl]amino}ethyl]phosphonate	-7.5
PPA0287	pocket5	FAE	PPA0287a_FAE	FLAVIN-N7 PROTONATED-ADENINE DINUCLEOTIDE	-3.57
PPA0287	pocket9	SF4	PPA0287a_SF4	IRON/SULFUR CLUSTER	-2.83
PPA0288	pocket0	ANP	PPA0288a_ANP	PHOSPHOAMINOPHOSPHONIC ACID-ADENYLATE ESTER	-10.71
PPA0288	pocket9	SAH	PPA0288a_SAH	S-ADENOSYL-L-HOMOCYSTEINE	-4.68
PPA0290	pocket1	ARC	PPA0290a_ARC	3,7,11,15-TETRAMETHYL-HEXADECAN-1-OL	-8.16
PPA0290	pocket0	MWT	PPA0290a_MWT	1-[2-[5-[4-(4-azanylbutyl)-3-methyl-1,2,3-triazol-3-ium-1-yl]-2-[4-(2-phenylethyl)-1,3-thiazol-2-yl]phenoxy]ethyl]imidazolidin-2-one	-6.25
PPA0290	pocket2	HX5	PPA0290a_HX5	4,6-dichloro-2-(methylsulfanyl)pyrimidine	-5.38
PPA0290	pocket9	VLB	PPA0290a_VLB	(2ALPHA,2'BETA,3BETA,4ALPHA,5BETA)-VINCALEUKOBLASTINE	-4.45
PPA0290	pocket13	FAD	PPA0290a_FAD	FLAVIN-ADENINE DINUCLEOTIDE	-1.05
PPA0290	pocket5	FAD	PPA0290a_FAD	FLAVIN-ADENINE DINUCLEOTIDE	-1.05
PPA0292	pocket0	POP	PPA0292a_POP	PYROPHOSPHATE 2-	-5.57
PPA0292	pocket10	FAD	PPA0292a_FAD	FLAVIN-ADENINE DINUCLEOTIDE	-2.86
PPA0292	pocket7	FAD	PPA0292a_FAD	FLAVIN-ADENINE DINUCLEOTIDE	-2.86
PPA0294	pocket2	MMA	PPA0294a_MMA	methyl alpha-D-mannopyranoside	-4.31
PPA0294	pocket1	MBN	PPA0294a_MBN	TOLUENE	-3.51
PPA0295	pocket1	CPS	PPA0295a_CPS	3-[(3-CHOLAMIDOPROPYL)DIMETHYLAMMONIO]-1-PROPANESULFONATE	-7.63
PPA0295	pocket5	MRK	PPA0295a_MRK	2-AMINO-4-FLUORO-5-[(1-METHYL-1H-IMIDAZOL-2-YL)SULFANYL]-N-(1,3-THIAZOL-2-YL)BENZAMIDE	-6.46
PPA0296	pocket7	G4M	PPA0296a_G4M	[(2R,3S,4R,5R)-5-(2-amino-6-oxo-1,6-dihydro-9H-purin-9-yl)-3,4-dihydroxytetrahydrofuran-2-yl]methyl (2R,3S,4S,5S,6R)-3,4-dihydroxy-5-[({3-hydroxy-2-methyl-5-[(phosphonooxy)methyl]pyridin-4-yl}methyl)amino]-6-methyltetrahydro-2H-pyran-2-yl dihydrogen diphosphate	-6.51
PPA0296	pocket0	PG6	PPA0296a_PG6	1-(2-METHOXY-ETHOXY)-2-{2-[2-(2-METHOXY-ETHOXY]-ETHOXY}-ETHANE	-5.06
PPA0296	pocket4	FAD	PPA0296a_FAD	FLAVIN-ADENINE DINUCLEOTIDE	-5.05
PPA0296	pocket3	48N	PPA0296a_48N	(2E)-2-[(2S,4R)-5-[[[(2R,3S,4R,5R)-5-(6-aminopurin-9-yl)-3,4-bis(oxidanyl)oxolan-2-yl]methoxy-oxidanyl-phosphoryl]oxy-oxidanyl-phosphoryl]oxy-4-oxidanyl-3-oxidanylidene-pentan-2-yl]iminoethanoic acid	-1.34
PPA0296	pocket5	CMP	PPA0296a_CMP	ADENOSINE-3',5'-CYCLIC-MONOPHOSPHATE	Nil
PPA0298	pocket0	SQU	PPA0298a_SQU	2,10,23-TRIMETHYL-TETRACOSANE	-9.35
PPA0298	pocket11	TCU	PPA0298a_TCU	5-HEXYL-2-(2-METHYLPHENOXY)PHENOL	-5.18
PPA0299	pocket1	A6Z	PPA0299a_A6Z	2-[4-(3-chlorophenyl)piperazin-1-ium-1-yl]ethanenitrile	-5.36
PPA0300	pocket6	1PP	PPA0300a_1PP	1-(3-tert-butyl-1-phenyl-1H-pyrazol-5-yl)-3-(2,3-dichlorophenyl)urea	-7.89
PPA0300	pocket1	SF4	PPA0300a_SF4	IRON/SULFUR CLUSTER	-4
PPA0300	pocket3	NAD	PPA0300a_NAD	NICOTINAMIDE-ADENINE-DINUCLEOTIDE	-3.98
PPA0300	pocket4	NAP	PPA0300a_NAP	NADP NICOTINAMIDE-ADENINE-DINUCLEOTIDE PHOSPHATE	-3.12
PPA0301	pocket0	POI	PPA0301a_POI	N~2~-ACETYL-N~5~-({3-HYDROXY-2-METHYL-5-[(PHOSPHONOOXY)METHYL]PYRIDIN-4-YL}METHYL)-L-ORNITHINE	-7.63
PPA0301	pocket2	GLC	PPA0301a_GLC	alpha-D-glucopyranose	-5.52
PPA0301	pocket3	UNL	PPA0301a_UNL	Unknown ligand	Nil
PPA0302	pocket3	NAD	PPA0302a_NAD	NICOTINAMIDE-ADENINE-DINUCLEOTIDE	-6.15
PPA0302	pocket0	PBG	PPA0302a_PBG	3-[5-(AMINOMETHYL)-4-(CARBOXYMETHYL)-1H-PYRROL-3-YL]PROPANOIC ACID	-5.69
PPA0302	pocket4	B12	PPA0302a_B12	COBALAMIN	Nil
PPA0303	pocket2	FAD	PPA0303a_FAD	FLAVIN-ADENINE DINUCLEOTIDE	-5.54
PPA0304	pocket0	DPM	PPA0304a_DPM	3-[5-{[3-(2-carboxyethyl)-4-(carboxymethyl)-5-methyl-1H-pyrrol-2-yl]methyl}-4-(carboxymethyl)-1H-pyrrol-3-yl]propanoic acid	-14.26
PPA0304	pocket3	C77	PPA0304a_C77	5'-deoxy-2',3'-O-(1-methylethylidene)-5'-(4-{5-[(3aS,4S,6aR)-2-oxohexahydro-1H-thieno[3,4-d]imidazol-4-yl]pentyl}-1H-1,2,3-triazol-1-yl)adenosine	-5.27
PPA0305	pocket10	538	PPA0305a_538	4'-[(2,3-dimethyl-5-{[(1S)-1-phenylpropyl]carbamoyl}-1H-indol-1-yl)methyl]biphenyl-2-carboxylic acid	-9.23
PPA0305	pocket6	NAI	PPA0305a_NAI	1,4-DIHYDRONICOTINAMIDE ADENINE DINUCLEOTIDE	-9.15
PPA0305	pocket0	ATR	PPA0305a_ATR	2'-MONOPHOSPHOADENOSINE-5'-DIPHOSPHATE	-6.49
PPA0305	pocket2	AMP	PPA0305a_AMP	ADENOSINE MONOPHOSPHATE	-6.3
PPA0305	pocket9	GNK	PPA0305a_GNK	(1~{S},5~{R})-8-[2-(4-chlorophenyl)ethyl]-8-azabicyclo[3.2.1]octan-3-one	-6.21
PPA0306	pocket0	1CP	PPA0306a_1CP	COPROPORPHYRINOGEN I	-14.64
PPA0306	pocket9	FAD	PPA0306a_FAD	FLAVIN-ADENINE DINUCLEOTIDE	-3.36
PPA0306	pocket3	FAE	PPA0306a_FAE	FLAVIN-N7 PROTONATED-ADENINE DINUCLEOTIDE	-2.01
PPA0307	pocket0	DFW	PPA0307a_DFW	N-(5,6-DIPHENYLFURO[2,3-D]PYRIMIDIN-4-YL)GLYCINE	-9.04
PPA0307	pocket6	CXS	PPA0307a_CXS	3-CYCLOHEXYL-1-PROPYLSULFONIC ACID	-6.04
PPA0307	pocket1	ATP	PPA0307a_ATP	ADENOSINE-5'-TRIPHOSPHATE	-5.82
PPA0308	pocket0	VIR	PPA0308a_VIR	VIRGINIAMYCIN M1	-7.73
PPA0308	pocket2	NY7	PPA0308a_NY7	N-(2-methoxy-5-methylphenyl)glycinamide	-7.02
PPA0308	pocket1	VOV	PPA0308a_VOV	harderoheme (III)	6.82
PPA0308	pocket12	VOV	PPA0308a_VOV	harderoheme (III)	6.82
PPA0311	pocket1	CYC	PPA0311a_CYC	PHYCOCYANOBILIN	-7.97
PPA0311	pocket9	SAM	PPA0311a_SAM	S-ADENOSYLMETHIONINE	-6.68
PPA0311	pocket6	2BA	PPA0311a_2BA	(2R,3R,3aS,5R,7aR,9R,10R,10aS,12R,14aR)-2,9-bis(6-amino-9H-purin-9-yl)octahydro-2H,7H-difuro[3,2-d:3',2'-j][1,3,7,9,2,8]tetraoxadiphosphacyclododecine-3,5,10,12-tetrol 5,12-dioxide	-6.21
PPA0311	pocket2	MYA	PPA0311a_MYA	TETRADECANOYL-COA	-4.23
PPA0311	pocket0	FLC	PPA0311a_FLC	CITRATE ANION	-2.22
PPA0312	pocket6	ATP	PPA0312a_ATP	ADENOSINE-5'-TRIPHOSPHATE	-8.71
PPA0312	pocket11	44K	PPA0312a_44K	N-({[(1R,3S)-3-(6-amino-9H-purin-9-yl)cyclopentyl]methyl}sulfamoyl)-5-[(3aS,4S,6aR)-2-oxohexahydro-1H-thieno[3,4-d]imidazol-4-yl]pentanamide	-7.54
PPA0312	pocket12	NAD	PPA0312a_NAD	NICOTINAMIDE-ADENINE-DINUCLEOTIDE	-6.53
PPA0312	pocket1	7PD	PPA0312a_7PD	2-aminopteridine-4,7(3H,8H)-dione	-6.05
PPA0312	pocket13	ACO	PPA0312a_ACO	ACETYL COENZYME *A	-5.43
PPA0312	pocket0	NCA	PPA0312a_NCA	NICOTINAMIDE	-4.3
PPA0313	pocket0	NAD	PPA0313a_NAD	NICOTINAMIDE-ADENINE-DINUCLEOTIDE	-7.96
PPA0313	pocket1	ISA	PPA0313a_ISA	3-(4-IODO-PHENYL)-2-MERCAPTO-PROPIONIC ACID	-6.23
PPA0313	pocket19	ADP	PPA0313a_ADP	ADENOSINE-5'-DIPHOSPHATE	-3
PPA0314	pocket1	DNX	PPA0314a_DNX	3,4-dinitrophenol	-5.54
PPA0315	pocket8	RFL	PPA0315a_RFL	8-DEMETHYL-8-DIMETHYLAMINO-FLAVIN-ADENINE-DINUCLEOTIDE	-5.66
PPA0315	pocket3	BAM	PPA0315a_BAM	NA	-5.15
PPA0315	pocket4	ADP	PPA0315a_ADP	ADENOSINE-5'-DIPHOSPHATE	-4.61
PPA0316	pocket3	VLB	PPA0316a_VLB	(2ALPHA,2'BETA,3BETA,4ALPHA,5BETA)-VINCALEUKOBLASTINE	-0.83
PPA0317	pocket3	HEM	PPA0317a_HEM	PROTOPORPHYRIN IX CONTAINING FE	-8.65
PPA0317	pocket7	NAP	PPA0317a_NAP	NADP NICOTINAMIDE-ADENINE-DINUCLEOTIDE PHOSPHATE	-7.09
PPA0317	pocket4	BB2	PPA0317a_BB2	ACTINONIN	-6.83
PPA0317	pocket5	FAD	PPA0317a_FAD	FLAVIN-ADENINE DINUCLEOTIDE	-6.09
PPA0317	pocket0	FPP	PPA0317a_FPP	FARNESYL DIPHOSPHATE	-5.59
PPA0318	pocket3	SPO	PPA0318a_SPO	SPHEROIDENE	-9.79
PPA0318	pocket5	FAD	PPA0318a_FAD	FLAVIN-ADENINE DINUCLEOTIDE	-5.46
PPA0318	pocket0	NAP	PPA0318a_NAP	NADP NICOTINAMIDE-ADENINE-DINUCLEOTIDE PHOSPHATE	-4.73
PPA0319	pocket1	D61	PPA0319a_D61	(2R,3R)-2-(carboxymethoxy)-4-{[5-(naphthalen-2-yl)pentyl]amino}-3-{[5-(naphthalen-2-yl)pentyl]oxy}-4-oxobutanoic acid	-6.45
PPA0319	pocket0	CIT	PPA0319a_CIT	CITRIC ACID	-6.34
PPA0321	pocket0	BCB	PPA0321a_BCB	BACTERIOCHLOROPHYLL B	-5.88
PPA0321	pocket3	SAH	PPA0321a_SAH	S-ADENOSYL-L-HOMOCYSTEINE	-5.44
PPA0321	pocket1	FMN	PPA0321a_FMN	FLAVIN MONONUCLEOTIDE	-3.22
PPA0321	pocket4	FAD	PPA0321a_FAD	FLAVIN-ADENINE DINUCLEOTIDE	-2.37
PPA0323	pocket13	NAD	PPA0323a_NAD	NICOTINAMIDE-ADENINE-DINUCLEOTIDE	-8.77
PPA0323	pocket5	36I	PPA0323a_36I	4-(2-phenylthieno[3,2-d]pyrimidin-4-yl)morpholine	-7.89
PPA0323	pocket0	36Q	PPA0323a_36Q	(2S)-3-phenyl-2-(9H-purin-6-ylamino)propan-1-ol	-6.58
PPA0323	pocket9	0QR	PPA0323a_0QR	N-(6-aminopyridin-2-yl)-4-fluorobenzenesulfonamide	-5.65
PPA0323	pocket4	R3W	PPA0323a_R3W	chloroacetic acid	-3.02
PPA0323	pocket3	APC	PPA0323a_APC	DIPHOSPHOMETHYLPHOSPHONIC ACID ADENOSYL ESTER	0.17
PPA0324	pocket5	SPO	PPA0324a_SPO	SPHEROIDENE	-7.86
PPA0324	pocket3	CAO	PPA0324a_CAO	OXIDIZED COENZYME A	-3.69
PPA0326	pocket6	NAD	PPA0326a_NAD	NICOTINAMIDE-ADENINE-DINUCLEOTIDE	-2.82
PPA0327	pocket6	HEM	PPA0327a_HEM	PROTOPORPHYRIN IX CONTAINING FE	-8.42
PPA0327	pocket2	QKP	PPA0327a_QKP	2-{4-[(2R)-2-hydroxy-3-(4-methylpiperazin-1-yl)propoxy]-3,5-dimethylphenyl}-5,7-dimethoxy-4H-1-benzopyran-4-one	-7.54
PPA0327	pocket15	CA2	PPA0327a_CA2	(1S,3R,4R,5S)-1,3,4-TRIHYDROXY-5-(3-PHENOXYPROPYL)CYCLOHEXANECARBOXYLIC ACID	-5.51
PPA0328	pocket0	BXC	PPA0328a_BXC	(3R,7R,11R)-3,7,11,15-tetramethylhexadecyl alpha-D-ribopyranoside	-10.47
PPA0328	pocket3	COA	PPA0328a_COA	COENZYME A	-6.16
PPA0328	pocket4	FAD	PPA0328a_FAD	FLAVIN-ADENINE DINUCLEOTIDE	-5.65
PPA0328	pocket1	MPG	PPA0328a_MPG	[(Z)-octadec-9-enyl] (2R)-2,3-bis(oxidanyl)propanoate	-4.27
PPA0329	pocket3	4HY	PPA0329a_4HY	[4-(4-HYDROXY-3-IODO-PHENOXY)-3,5-DIIODO-PHENYL]-ACETIC ACID	-6.6
PPA0329	pocket11	KH8	PPA0329a_KH8	1-[4-(cyanomethyl)-1-[(3-oxidanyl-4-phenyl-phenyl)methyl]piperidin-4-yl]-3-(cyclopropylcarbonylamino)pyrazole-4-carboxamide	-6.54
PPA0329	pocket2	ES3	PPA0329a_ES3	4-bromo-1H-imidazole	-2.92
PPA0329	pocket0	WO4	PPA0329a_WO4	TUNGSTATE(VI)ION	Nil
PPA0330	pocket0	NAP	PPA0330a_NAP	NADP NICOTINAMIDE-ADENINE-DINUCLEOTIDE PHOSPHATE	-10.07
PPA0330	pocket3	QCP	PPA0330a_QCP	AR-42	-5.63
PPA0330	pocket2	FAD	PPA0330a_FAD	FLAVIN-ADENINE DINUCLEOTIDE	-4.22
PPA0332	pocket1	MWT	PPA0332a_MWT	1-[2-[5-[4-(4-azanylbutyl)-3-methyl-1,2,3-triazol-3-ium-1-yl]-2-[4-(2-phenylethyl)-1,3-thiazol-2-yl]phenoxy]ethyl]imidazolidin-2-one	-9.8
PPA0332	pocket0	7LY	PPA0332a_7LY	2-(benzyloxy)-4-(1H-pyrazol-4-yl)-N-(2,3,4,5-tetrahydro-1H-3-benzazepin-7-yl)benzamide	-7.13
PPA0332	pocket3	ACP	PPA0332a_ACP	PHOSPHOMETHYLPHOSPHONIC ACID ADENYLATE ESTER	-6.14
PPA0332	pocket4	COB	PPA0332a_COB	CO-METHYLCOBALAMIN	Nil
PPA0333	pocket0	NAD	PPA0333a_NAD	NICOTINAMIDE-ADENINE-DINUCLEOTIDE	-7.81
PPA0333	pocket2	TRU	PPA0333a_TRU	6-CHLORO-3-(DICHLOROMETHYL)-3,4-DIHYDRO-2H-1,2,4-BENZOTHIADIAZINE-7-SULFONAMIDE 1,1-DIOXIDE	-6.38
PPA0333	pocket1	FAD	PPA0333a_FAD	FLAVIN-ADENINE DINUCLEOTIDE	-5.65
PPA0333	pocket3	FAD	PPA0333a_FAD	FLAVIN-ADENINE DINUCLEOTIDE	-5.65
PPA0333	pocket6	FAD	PPA0333a_FAD	FLAVIN-ADENINE DINUCLEOTIDE	-5.65
PPA0334	pocket3	ADP	PPA0334a_ADP	ADENOSINE-5'-DIPHOSPHATE	-6.35
PPA0334	pocket0	DPO	PPA0334a_DPO	DIPHOSPHATE	-3.86
PPA0335	pocket6	SAH	PPA0335a_SAH	S-ADENOSYL-L-HOMOCYSTEINE	-7.47
PPA0335	pocket3	FAD	PPA0335a_FAD	FLAVIN-ADENINE DINUCLEOTIDE	-3.23
PPA0336	pocket1	FMN	PPA0336a_FMN	FLAVIN MONONUCLEOTIDE	-5.68
PPA0336	pocket6	FAD	PPA0336a_FAD	FLAVIN-ADENINE DINUCLEOTIDE	-3.55
PPA0336	pocket2	OLA	PPA0336a_OLA	OLEIC ACID	-2.66
PPA0337	pocket0	FAD	PPA0337a_FAD	FLAVIN-ADENINE DINUCLEOTIDE	-11.21
PPA0337	pocket3	I7T	PPA0337a_I7T	7-IODOTETRACYCLINE	-8.46
PPA0337	pocket1	5B1	PPA0337a_5B1	5-bromo-1H-indazol-3-amine	-5.26
PPA0338	pocket7	NAD	PPA0338a_NAD	NICOTINAMIDE-ADENINE-DINUCLEOTIDE	-7.99
PPA0338	pocket4	ATP	PPA0338a_ATP	ADENOSINE-5'-TRIPHOSPHATE	-6.76
PPA0338	pocket5	FMN	PPA0338a_FMN	FLAVIN MONONUCLEOTIDE	-4.03
PPA0339	pocket8	FTA	PPA0339a_FTA	3-(4-PHENYLAMINO-PHENYLAMINO)-2-(1H-TETRAZOL-5-YL)-ACRYLONITRILE	-6.69
PPA0339	pocket3	FAD	PPA0339a_FAD	FLAVIN-ADENINE DINUCLEOTIDE	-6.52
PPA0339	pocket4	NCT	PPA0339a_NCT	(S)-3-(1-METHYLPYRROLIDIN-2-YL)PYRIDINE	-4.67
PPA0339	pocket2	AQ3	PPA0339a_AQ3	N-({3-hydroxy-2-methyl-5-[(phosphonooxy)methyl]pyridin-4-yl}methyl)-3-[(2-hydroxyphenyl)amino]-D-alanine	-4.04
PPA0340	pocket8	GYR	PPA0340a_GYR	{(2R)-1-[4-({3-METHYL-5-[(PHENYLSULFONYL)METHYL]PHENOXY}METHYL)BENZYL]PYRROLIDIN-2-YL}METHANOL	-7.66
PPA0340	pocket3	FAD	PPA0340a_FAD	FLAVIN-ADENINE DINUCLEOTIDE	-5.96
PPA0340	pocket2	ADP	PPA0340a_ADP	ADENOSINE-5'-DIPHOSPHATE	-5.72
PPA0341	pocket0	2K8	PPA0341a_2K8	(6R)-2-amino-4-oxo-3,4,5,6,7,8-hexahydropteridine-6-carboxylic acid	-6.65
PPA0341	pocket9	FAD	PPA0341a_FAD	FLAVIN-ADENINE DINUCLEOTIDE	-5.32
PPA0342	pocket0	5FA	PPA0342a_5FA	ADENOSINE-5'-PENTAPHOSPHATE	-12.43
PPA0342	pocket3	ATP	PPA0342a_ATP	ADENOSINE-5'-TRIPHOSPHATE	-10.13
PPA0342	pocket2	FAD	PPA0342a_FAD	FLAVIN-ADENINE DINUCLEOTIDE	-3.57
PPA0342	pocket8	FAD	PPA0342a_FAD	FLAVIN-ADENINE DINUCLEOTIDE	-3.57
PPA0343	pocket0	ATP	PPA0343a_ATP	ADENOSINE-5'-TRIPHOSPHATE	-11.01
PPA0343	pocket27	FAD	PPA0343a_FAD	FLAVIN-ADENINE DINUCLEOTIDE	-8.96
PPA0343	pocket33	HEC	PPA0343a_HEC	HEME C	-6.64
PPA0343	pocket6	2XG	PPA0343a_2XG	3,4-difluorobenzenethiol	-4.1
PPA0343	pocket28	OLA	PPA0343a_OLA	OLEIC ACID	-3.22
PPA0343	pocket32	CBB	PPA0343a_CBB	1-(3-CARBAMIMIDOYL-BENZYL)-1H-INDOLE-2-CARBOXYLIC ACID 3-CARBAMIMIDOYL-BENZYLESTER	Nil
PPA0344	pocket1	FAD	PPA0344a_FAD	FLAVIN-ADENINE DINUCLEOTIDE	-5.95
PPA0345	pocket1	FAD	PPA0345a_FAD	FLAVIN-ADENINE DINUCLEOTIDE	-4.98
PPA0345	pocket3	75C	PPA0345a_75C	5'-({[(2R,3S)-3-amino-4-hydroxy-2-{[2-({N-[(2R)-2-hydroxy-3,3-dimethyl-4-(phosphonooxy)butanoyl]-beta-alanyl}amino)ethyl]sulfanyl}butyl]sulfonyl}amino)-5'-deoxyadenosine	-3.4
PPA0346	pocket0	TSB	PPA0346a_TSB	5'-O-(N-(L-THREONYL)-SULFAMOYL)ADENOSINE	-5.97
PPA0346	pocket1	NAI	PPA0346a_NAI	1,4-DIHYDRONICOTINAMIDE ADENINE DINUCLEOTIDE	-5.4
PPA0347	pocket2	FYB	PPA0347a_FYB	~{N}-[[4,4-bis(fluoranyl)-1-oxidanyl-cyclohexyl]methyl]-6-fluoranyl-4-oxidanylidene-chromene-2-carboxamide	-6.77
PPA0347	pocket3	CUY	PPA0347a_CUY	tetracosyl octadecanoate	-5.53
PPA0347	pocket0	POG	PPA0347a_POG	(20S)-2,5,8,11,14,17-HEXAMETHYL-3,6,9,12,15,18-HEXAOXAHENICOSANE-1,20-DIOL	-3.43
PPA0347	pocket6	CXE	PPA0347a_CXE	PENTAETHYLENE GLYCOL MONODECYL ETHER	-3.43
PPA0347	pocket4	IMP	PPA0347a_IMP	INOSINIC ACID	-3.06
PPA0348	pocket0	NBB	PPA0348a_NBB	N-BUTYL-BENZENESULFONAMIDE	-7.16
PPA0349	pocket7	9EW	PPA0349a_9EW	1,2-benzoxazol-3-ol	-5.08
PPA0350	pocket0	NAD	PPA0350a_NAD	NICOTINAMIDE-ADENINE-DINUCLEOTIDE	-11.31
PPA0350	pocket2	952	PPA0350a_952	5-methyl-1-[(3~{S})-1-[(3-phenoxyphenyl)methyl]piperidin-3-yl]pyrimidine-2,4-dione	-6.56
PPA0350	pocket5	NAI	PPA0350a_NAI	1,4-DIHYDRONICOTINAMIDE ADENINE DINUCLEOTIDE	-4.64
PPA0350	pocket3	NDP	PPA0350a_NDP	NADPH DIHYDRO-NICOTINAMIDE-ADENINE-DINUCLEOTIDE PHOSPHATE	-2.92
PPA0351	pocket0	0QX	PPA0351a_0QX	2-(1H-indol-3-ylmethyl)-1H-imidazo[4,5-c]pyridine	-6.28
PPA0351	pocket16	SAH	PPA0351a_SAH	S-ADENOSYL-L-HOMOCYSTEINE	-5.88
PPA0351	pocket10	NDP	PPA0351a_NDP	NADPH DIHYDRO-NICOTINAMIDE-ADENINE-DINUCLEOTIDE PHOSPHATE	-5.77
PPA0351	pocket14	FDA	PPA0351a_FDA	DIHYDROFLAVINE-ADENINE DINUCLEOTIDE	-4.35
PPA0351	pocket2	TXD	PPA0351a_TXD	1,4,5,6-TETRAHYDRONICOTINAMIDE ADENINE DINUCLEOTIDE	-3.29
PPA0353	pocket2	ZYU	PPA0353a_ZYU	6-MORPHOLIN-4-YL-9H-PURINE	-4.89
PPA0354	pocket1	FAD	PPA0354a_FAD	FLAVIN-ADENINE DINUCLEOTIDE	-7.6
PPA0355	pocket0	POP	PPA0355a_POP	PYROPHOSPHATE 2-	-3.19
PPA0356	pocket3	FAD	PPA0356a_FAD	FLAVIN-ADENINE DINUCLEOTIDE	-6.4
PPA0356	pocket0	ANN	PPA0356a_ANN	4-METHOXYBENZOIC ACID	-4.01
PPA0357	pocket1	HEM	PPA0357a_HEM	PROTOPORPHYRIN IX CONTAINING FE	-6.21
PPA0357	pocket2	FAD	PPA0357a_FAD	FLAVIN-ADENINE DINUCLEOTIDE	-3.92
PPA0358	pocket0	PE8	PPA0358a_PE8	3,6,9,12,15,18,21-HEPTAOXATRICOSANE-1,23-DIOL	-1.34
PPA0360	pocket5	442	PPA0360a_442	2-[3,5-DIBROMO-4-(4-HYDROXY-3-{HYDROXY[(2-PHENYLETHYL)AMINO]METHYL}PHENOXY)PHENYL]ETHANE-1,1-DIOL	-8.4
PPA0360	pocket0	ADP	PPA0360a_ADP	ADENOSINE-5'-DIPHOSPHATE	-7.5
PPA0360	pocket19	BCB	PPA0360a_BCB	BACTERIOCHLOROPHYLL B	-6.79
PPA0360	pocket6	ATP	PPA0360a_ATP	ADENOSINE-5'-TRIPHOSPHATE	-3.46
PPA0360	pocket12	NHO	PPA0360a_NHO	NICOTINAMIDE-ADENINE-DINUCLEOTIDE-5-HYDROXY-4-OXONORVALINE	Nil
PPA0361	pocket5	LMB	PPA0361a_LMB	Leptomycin B, bound form	-5.06
PPA0361	pocket2	SAH	PPA0361a_SAH	S-ADENOSYL-L-HOMOCYSTEINE	-4.39
PPA0363	pocket1	2A2	PPA0363a_2A2	4-[4-(3-chlorophenyl)piperazin-1-yl]-4-oxobutane-1-thiol	-7.02
PPA0364	pocket0	DG2	PPA0364a_DG2	(2R)-2,3-diphosphoglyceric acid	-10.89
PPA0366	pocket0	COB	PPA0366a_COB	CO-METHYLCOBALAMIN	Nil
PPA0368	pocket6	6VH	PPA0368a_6VH	(1~{R},3~{S},5~{Z})-5-[2-[(1~{R},3~{a}~{S},7~{a}~{R})-7~{a}-methyl-1-[(6~{R})-1,1,1-tris(fluoranyl)-10-methyl-2,10-bis(oxidanyl)-2-(trifluoromethyl)undeca-3,8-diyn-6-yl]-2,3,3~{a},5,6,7-hexahydro-1~{H}-inden-4-ylidene]ethylidene]-4-methylidene-cyclohexane-1,3-diol	-7.78
PPA0368	pocket4	H2X	PPA0368a_H2X	4-bromanyl-2-[[2-[(E)-1-(3-methoxyphenyl)ethylideneamino]propan-2-ylamino]methyl]phenol	-7.59
PPA0368	pocket9	24X	PPA0368a_24X	2'-((5-CARBAMIMIDOYLPYRIDIN-2-YLAMINO)METHYL)-4-(ISOBUTYLCARBAMOYL)-4'-VINYLBIPHENYL-2-CARBOXYLIC ACID	-7.44
PPA0368	pocket15	FAD	PPA0368a_FAD	FLAVIN-ADENINE DINUCLEOTIDE	-3.46
PPA0369	pocket1	PLG	PPA0369a_PLG	N-GLYCINE-[3-HYDROXY-2-METHYL-5-PHOSPHONOOXYMETHYL-PYRIDIN-4-YL-METHANE]	-8.09
PPA0369	pocket9	FAD	PPA0369a_FAD	FLAVIN-ADENINE DINUCLEOTIDE	-6.57
PPA0369	pocket0	CIG	PPA0369a_CIG	2-AMINO-6-CHLOROPYRAZINE	-4.43
PPA0369	pocket5	APR	PPA0369a_APR	ADENOSINE-5-DIPHOSPHORIBOSE	-2.18
PPA0370	pocket8	FAD	PPA0370a_FAD	FLAVIN-ADENINE DINUCLEOTIDE	-5.98
PPA0370	pocket0	CKP	PPA0370a_CKP	6-O-phosphono-beta-D-psicofuranosonic acid	-5.62
PPA0370	pocket1	SF4	PPA0370a_SF4	IRON/SULFUR CLUSTER	-3.16
PPA0371	pocket0	1FF	PPA0371a_1FF	1-methyl-5-phenyl-1H-pyrazole-4-carboxylic acid	-5.86
PPA0371	pocket1	3NY	PPA0371a_3NY	5-nitro-1H-benzotriazole	-5.37
PPA0372	pocket0	NAI	PPA0372a_NAI	1,4-DIHYDRONICOTINAMIDE ADENINE DINUCLEOTIDE	-12.02
PPA0372	pocket3	NAD	PPA0372a_NAD	NICOTINAMIDE-ADENINE-DINUCLEOTIDE	-2.07
PPA0373	pocket3	7BV	PPA0373a_7BV	(4S)-2-[6-(azepan-1-yl)-1,3-benzothiazol-2-yl]-4,5-dihydro-1,3-thiazole-4-carboxylic acid	-8.43
PPA0376	pocket1	NAP	PPA0376a_NAP	NADP NICOTINAMIDE-ADENINE-DINUCLEOTIDE PHOSPHATE	-3.23
PPA0376	pocket2	ATP	PPA0376a_ATP	ADENOSINE-5'-TRIPHOSPHATE	-1.42
PPA0377	pocket0	1X8	PPA0377a_1X8	4-aminothieno[3,2-c]pyridine-2,7-dicarboxamide	-6.47
PPA0377	pocket4	7W9	PPA0377a_7W9	2-[2-methyl-1-(naphthalen-1-ylmethyl)-3-oxamoyl-indol-4-yl]oxyethanoic acid	-6.26
PPA0378	pocket10	SF4	PPA0378a_SF4	IRON/SULFUR CLUSTER	-2.96
PPA0381	pocket9	CMP	PPA0381a_CMP	ADENOSINE-3',5'-CYCLIC-MONOPHOSPHATE	Nil
PPA0382	pocket7	MJI	PPA0382a_MJI	1-HEXADECYL-3-TRIFLUOROETHYL-SN-GLYCERO-2-PHOSPHATE METHANE	-4.19
PPA0382	pocket5	FAD	PPA0382a_FAD	FLAVIN-ADENINE DINUCLEOTIDE	1.64
PPA0383	pocket1	SAM	PPA0383a_SAM	S-ADENOSYLMETHIONINE	-7.81
PPA0383	pocket2	NAD	PPA0383a_NAD	NICOTINAMIDE-ADENINE-DINUCLEOTIDE	-5.07
PPA0384	pocket1	PSI	PPA0384a_PSI	methyl N-{(4S,5S)-5-[(L-alanyl-L-alanyl)amino]-4-hydroxy-6-phenylhexanoyl}-L-valyl-L-valinate	-8.6
PPA0384	pocket0	V55	PPA0384a_V55	4-hydroxy-3-methoxybenzaldehyde	-4.78
PPA0384	pocket7	1DG	PPA0384a_1DG	(4R)-ISONICOTINIC-ACETYL-NICOTINAMIDE-ADENINE DINUCLEOTIDE	-4.52
PPA0384	pocket6	7PE	PPA0384a_7PE	2-(2-(2-(2-(2-(2-ETHOXYETHOXY)ETHOXY)ETHOXY)ETHOXY)ETHOXY)ETHANOL	-1.76
PPA0386	pocket1	PCW	PPA0386a_PCW	1,2-DIOLEOYL-SN-GLYCERO-3-PHOSPHOCHOLINE	-9.46
PPA0386	pocket13	V2S	PPA0386a_V2S	(2~{S})-2-[[[(2~{R},3~{S},4~{R},5~{R})-5-(6-aminopurin-9-yl)-3,4-bis(oxidanyl)oxolan-2-yl]methoxy-oxidanyl-phosphoryl]amino]-3-phenyl-propanoic acid	-6.4
PPA0387	pocket0	AE4	PPA0387a_AE4	3,6,9,12,15-PENTAOXAHEPTADECAN-1-OL	-2.96
PPA0389	pocket0	FAD	PPA0389a_FAD	FLAVIN-ADENINE DINUCLEOTIDE	-8.21
PPA0393	pocket3	NAD	PPA0393a_NAD	NICOTINAMIDE-ADENINE-DINUCLEOTIDE	-3.91
PPA0393	pocket0	G5P	PPA0393a_G5P	P1-(5'-ADENOSYL)-P5-(5'-GUANOSYL) PENTAPHOSPHATE	-1.92
PPA0395	pocket7	RDI	PPA0395a_RDI	RADICICOL	-6.22
PPA0395	pocket3	8NB	PPA0395a_8NB	~{N}-(3-chloranyl-4-methoxy-phenyl)ethanamide	-5.56
PPA0395	pocket0	I3A	PPA0395a_I3A	1H-INDOLE-3-CARBALDEHYDE	-4.85
PPA0395	pocket11	FAD	PPA0395a_FAD	FLAVIN-ADENINE DINUCLEOTIDE	102.75
PPA0395	pocket2	FAD	PPA0395a_FAD	FLAVIN-ADENINE DINUCLEOTIDE	102.75
PPA0396	pocket0	DMU	PPA0396a_DMU	DECYL-BETA-D-MALTOPYRANOSIDE	-5.83
PPA0396	pocket1	CIT	PPA0396a_CIT	CITRIC ACID	-3.87
PPA0396	pocket2	HEM	PPA0396a_HEM	PROTOPORPHYRIN IX CONTAINING FE	430.8
PPA0397	pocket0	NAI	PPA0397a_NAI	1,4-DIHYDRONICOTINAMIDE ADENINE DINUCLEOTIDE	-9.79
PPA0397	pocket2	PEE	PPA0397a_PEE	1,2-dioleoyl-sn-glycero-3-phosphoethanolamine	-6.52
PPA0397	pocket17	A03	PPA0397a_A03	(10R,20R,23R)-1-[(2S,3S,4R,5R)-5-(6-amino-9H-purin-9-yl)-3,4-dihydroxytetrahydrofuran-2-yl]-20,23-bis(3-carbamimidamido-propyl)-10-methyl-1,8,11,18,21-pentaoxo-2,9,12,19,22-pentaazatetracosan-24-amide	-2.05
PPA0397	pocket1	MGF	PPA0397a_MGF	TRIFLUOROMAGNESATE	-2.03
PPA0398	pocket11	NAQ	PPA0398a_NAQ	NICOTINAMIDE ADENINE DINUCLEOTIDE 3-PENTANONE ADDUCT	-7.56
PPA0398	pocket5	SAM	PPA0398a_SAM	S-ADENOSYLMETHIONINE	-6.04
PPA0398	pocket2	NAD	PPA0398a_NAD	NICOTINAMIDE-ADENINE-DINUCLEOTIDE	-5.62
PPA0399	pocket2	PB4	PPA0399a_PB4	N,N'-BIS(4-FLUORO-3-METHYLBENZYL)PYRIMIDINE-4,6-DICARBOXAMIDE	-7.38
PPA0399	pocket4	FAD	PPA0399a_FAD	FLAVIN-ADENINE DINUCLEOTIDE	-4.62
PPA0399	pocket0	GYP	PPA0399a_GYP	methyl alpha-D-glucopyranoside	-4.26
PPA0399	pocket5	LAP	PPA0399a_LAP	[2-((1-OXODODECANOXY-(2-HYDROXY-3-PROPANYL))-PHOSPHONATE-OXY)-ETHYL]-TRIMETHYLAMMONIUM	-3.4
PPA0402	pocket5	NAD	PPA0402a_NAD	NICOTINAMIDE-ADENINE-DINUCLEOTIDE	-4.84
PPA0402	pocket4	FAD	PPA0402a_FAD	FLAVIN-ADENINE DINUCLEOTIDE	-4.7
PPA0403	pocket0	PLG	PPA0403a_PLG	N-GLYCINE-[3-HYDROXY-2-METHYL-5-PHOSPHONOOXYMETHYL-PYRIDIN-4-YL-METHANE]	-6.14
PPA0403	pocket3	G7J	PPA0403a_G7J	5-hydroxy-1,2-dihydro-6H-indol-6-one	-6.07
PPA0403	pocket12	DAU	PPA0403a_DAU	2'DEOXY-THYMIDINE-5'-DIPHOSPHO-ALPHA-D-GLUCOSE	-5.66
PPA0403	pocket6	HH8	PPA0403a_HH8	4-bromanyl-1,8-naphthyridine	-4.9
PPA0404	pocket6	HEC	PPA0404a_HEC	HEME C	-5.44
PPA0404	pocket5	ZER	PPA0404a_ZER	(3S,11E)-14,16-dihydroxy-3-methyl-3,4,5,6,9,10-hexahydro-1H-2-benzoxacyclotetradecine-1,7(8H)-dione	Nil
PPA0406	pocket2	FAD	PPA0406a_FAD	FLAVIN-ADENINE DINUCLEOTIDE	-5.58
PPA0406	pocket4	ZPE	PPA0406a_ZPE	(2R)-3-{[(S)-(2-aminoethoxy)(hydroxy)phosphoryl]oxy}-2-(tetradec-5-enoyloxy)propyl (11Z)-octadec-11-enoate	-3.45
PPA0407	pocket0	B08	PPA0407a_B08	(1-HYDROXY-1-PHOSPHONO-2-[1,1';3',1'']TERPHENYL-3-YL-ETHYL)-PHOSPHONIC ACID	-7.84
PPA0407	pocket4	GNP	PPA0407a_GNP	PHOSPHOAMINOPHOSPHONIC ACID-GUANYLATE ESTER	-5.31
PPA0407	pocket3	TDT	PPA0407a_TDT	1-AZEPAN-1-YL-2-PHENYL-2-(4-THIOXO-1,4-DIHYDRO-PYRAZOLO[3,4-D]PYRIMIDIN-5-YL)ETHANONE ADDUCT	-4.16
PPA0407	pocket5	NAD	PPA0407a_NAD	NICOTINAMIDE-ADENINE-DINUCLEOTIDE	-4
PPA0408	pocket5	HEC	PPA0408a_HEC	HEME C	-8.48
PPA0408	pocket2	FAD	PPA0408a_FAD	FLAVIN-ADENINE DINUCLEOTIDE	-7.36
PPA0408	pocket0	ACD	PPA0408a_ACD	ARACHIDONIC ACID	-6.68
PPA0409	pocket1	APR	PPA0409a_APR	ADENOSINE-5-DIPHOSPHORIBOSE	-2.96
PPA0410	pocket0	APR	PPA0410a_APR	ADENOSINE-5-DIPHOSPHORIBOSE	-9.38
PPA0410	pocket6	RVP	PPA0410a_RVP	RIBAVIRIN MONOPHOSPHATE	-4.87
PPA0410	pocket5	ANL	PPA0410a_ANL	ANILINE	-4.44
PPA0411	pocket1	NAP	PPA0411a_NAP	NADP NICOTINAMIDE-ADENINE-DINUCLEOTIDE PHOSPHATE	-8.6
PPA0411	pocket0	BKZ	PPA0411a_BKZ	4-(4-hydroxyphenyl)butan-2-one	-5.53
PPA0412	pocket2	0YY	PPA0412a_0YY	(2Z)-2-hydroxy-4-[4-(octyloxy)phenyl]-4-oxobut-2-enoic acid	-6.45
PPA0412	pocket9	NDP	PPA0412a_NDP	NADPH DIHYDRO-NICOTINAMIDE-ADENINE-DINUCLEOTIDE PHOSPHATE	-5.32
PPA0413	pocket5	5GP	PPA0413a_5GP	GUANOSINE-5'-MONOPHOSPHATE	-4.34
PPA0415	pocket1	ADP	PPA0415a_ADP	ADENOSINE-5'-DIPHOSPHATE	-7.36
PPA0415	pocket19	0V4	PPA0415a_0V4	(4R,5R,6R,6aS,9S,9aE,10aR)-5-hydroxy-9-(methoxymethyl)-6,10a-dimethyl-3-(propan-2-yl)-1,2,4,5,6,6a,7,8,9,10a-decahydrodicyclopenta[a,d][8]annulen-4-yl alpha-D-glucopyranoside	-6.15
PPA0416	pocket1	POD	PPA0416a_POD	9-HYDROXY-5-(3,4,5-TRIMETHOXYPHENYL)-5,8,8A,9-TETRAHYDROFURO[3',4':6,7]NAPHTHO[2,3-D][1,3]DIOXOL-6(5AH)-ONE	-7.17
PPA0416	pocket0	I3A	PPA0416a_I3A	1H-INDOLE-3-CARBALDEHYDE	-5.52
PPA0418	pocket2	AU7	PPA0418a_AU7	(2E)-3-{6-[(1S)-1-(2-chloro-6-cyclopropylphenyl)ethoxy]-4-cyclopropylquinolin-3-yl}prop-2-enoic acid	-7.54
PPA0418	pocket11	PBQ	PPA0418a_PBQ	PENTABROMOPSEUDILIN	-7.28
PPA0418	pocket0	56N	PPA0418a_56N	phenyl beta-D-galactopyranoside	-4.62
PPA0418	pocket5	FAD	PPA0418a_FAD	FLAVIN-ADENINE DINUCLEOTIDE	-4
PPA0418	pocket8	FAD	PPA0418a_FAD	FLAVIN-ADENINE DINUCLEOTIDE	-4
PPA0419	pocket0	ACP	PPA0419a_ACP	PHOSPHOMETHYLPHOSPHONIC ACID ADENYLATE ESTER	-7.79
PPA0419	pocket12	N3G	PPA0419a_N3G	N-{[4-(6-amino-9H-purin-9-yl)butyl]sulfamoyl}-5-[(3aS,4S,6aR)-2-oxohexahydro-1H-thieno[3,4-d]imidazol-4-yl]pentanamide	-4.61
PPA0420	pocket0	SAH	PPA0420a_SAH	S-ADENOSYL-L-HOMOCYSTEINE	-8.76
PPA0420	pocket2	ANP	PPA0420a_ANP	PHOSPHOAMINOPHOSPHONIC ACID-ADENYLATE ESTER	-4.54
PPA0421	pocket0	SAH	PPA0421a_SAH	S-ADENOSYL-L-HOMOCYSTEINE	-8.51
PPA0421	pocket2	HEM	PPA0421a_HEM	PROTOPORPHYRIN IX CONTAINING FE	-1.37
PPA0422	pocket7	SAH	PPA0422a_SAH	S-ADENOSYL-L-HOMOCYSTEINE	-7.18
PPA0422	pocket22	S6S	PPA0422a_S6S	2-[(1~{R},5~{S})-3-[5-cyano-6-[(2~{S},3~{R})-2-methyl-3-oxidanyl-azetidin-1-yl]-4-(trifluoromethyl)pyridin-2-yl]-3-azabicyclo[3.1.0]hexan-6-yl]ethanoic acid	-6.81
PPA0422	pocket6	LVV	PPA0422a_LVV	4-[(4-methylphenyl)methyl]-1,4-thiazinane 1,1-dioxide	-6.78
PPA0422	pocket27	107	PPA0422a_107	4-[(7-OXO-7H-THIAZOLO[5,4-E]INDOL-8-YLMETHYL)-AMINO]-N-PYRIDIN-2-YL-BENZENESULFONAMIDE	-6.57
PPA0422	pocket1	GDE	PPA0422a_GDE	3,4,5-trihydroxybenzoic acid	-4.41
PPA0423	pocket2	SQU	PPA0423a_SQU	2,10,23-TRIMETHYL-TETRACOSANE	-9.73
PPA0423	pocket1	U5P	PPA0423a_U5P	URIDINE-5'-MONOPHOSPHATE	-7.97
PPA0424	pocket5	5GP	PPA0424a_5GP	GUANOSINE-5'-MONOPHOSPHATE	-4.14
PPA0425	pocket1	OLC	PPA0425a_OLC	(2R)-2,3-dihydroxypropyl (9Z)-octadec-9-enoate	-5.8
PPA0425	pocket3	65W	PPA0425a_65W	2-methyl-2-[4-(naphthalen-1-yl)phenoxy]propanoic acid	-5.53
PPA0425	pocket10	FAD	PPA0425a_FAD	FLAVIN-ADENINE DINUCLEOTIDE	-5.17
PPA0425	pocket7	FAD	PPA0425a_FAD	FLAVIN-ADENINE DINUCLEOTIDE	-5.17
PPA0425	pocket5	TCA	PPA0425a_TCA	PHENYLETHYLENECARBOXYLIC ACID	-4.74
PPA0426	pocket3	SAH	PPA0426a_SAH	S-ADENOSYL-L-HOMOCYSTEINE	-6.92
PPA0426	pocket6	DAD	PPA0426a_DAD	2',3'-DIDEOXYADENOSINE-5'-TRIPHOSPHATE	-6.83
PPA0426	pocket7	AP5	PPA0426a_AP5	BIS(ADENOSINE)-5'-PENTAPHOSPHATE	-6.33
PPA0426	pocket5	ANP	PPA0426a_ANP	PHOSPHOAMINOPHOSPHONIC ACID-ADENYLATE ESTER	-6.03
PPA0427	pocket5	HEM	PPA0427a_HEM	PROTOPORPHYRIN IX CONTAINING FE	-5.8
PPA0428	pocket7	ADP	PPA0428a_ADP	ADENOSINE-5'-DIPHOSPHATE	-9.84
PPA0428	pocket1	ACO	PPA0428a_ACO	ACETYL COENZYME *A	-8.72
PPA0428	pocket14	SAM	PPA0428a_SAM	S-ADENOSYLMETHIONINE	-6.06
PPA0428	pocket10	BT5	PPA0428a_BT5	BIOTINYL-5-AMP	-5.91
PPA0429	pocket5	MQM	PPA0429a_MQM	7-[(3S)-3-(aminomethyl)pyrrolidin-1-yl]-6-(2,6-dichlorophenyl)pyrido[2,3-d]pyrimidin-2-amine	-7.08
PPA0429	pocket3	FAD	PPA0429a_FAD	FLAVIN-ADENINE DINUCLEOTIDE	-5.66
PPA0429	pocket4	FDA	PPA0429a_FDA	DIHYDROFLAVINE-ADENINE DINUCLEOTIDE	-5.43
PPA0429	pocket1	ANP	PPA0429a_ANP	PHOSPHOAMINOPHOSPHONIC ACID-ADENYLATE ESTER	-3.94
PPA0429	pocket2	FA8	PPA0429a_FA8	[[(2R,3S,4S)-5-[(4AS)-7,8-DIMETHYL-2,4-DIOXO-4A,5-DIHYDROBENZO[G]PTERIDIN-10-YL]-2,3,4-TRIHYDROXY-PENTOXY]-HYDROXY-PHOSPHORYL] [(2R,3S,4R,5R)-5-(6-AMINOPURIN-9-YL)-3,4-DIHYDROXY-OXOLAN-2-YL]METHYL-HYDROGEN PHOSPHATE	-2.24
PPA0430	pocket7	ADP	PPA0430a_ADP	ADENOSINE-5'-DIPHOSPHATE	-3.32
PPA0433	pocket3	HEM	PPA0433a_HEM	PROTOPORPHYRIN IX CONTAINING FE	-5.7
PPA0433	pocket6	0DY	PPA0433a_0DY	N~1~-(3-aminobenzyl)-N~2~-[(2R)-2-(hydroxycarbamoyl)-4-methylpentanoyl]-L-aspartamide	-5.69
PPA0433	pocket1	TFA	PPA0433a_TFA	trifluoroacetic acid	-2.04
PPA0434	pocket13	8R7	PPA0434a_8R7	2-cyclopentyl-4-(7-methoxyquinolin-4-yl)benzoic acid	-7.64
PPA0434	pocket8	GSP	PPA0434a_GSP	5'-GUANOSINE-DIPHOSPHATE-MONOTHIOPHOSPHATE	-6.14
PPA0434	pocket4	8GY	PPA0434a_8GY	2-(6-{4-[(2R)-1-hydroxypropan-2-yl]-4H-1,2,4-triazol-3-yl}pyridin-2-yl)-6-[(propan-2-yl)oxy]-2,3-dihydro-1H-isoindol-1-one	-5.49
PPA0434	pocket1	ELZ	PPA0434a_ELZ	10-[2-[(3~{R})-1-methyl-3-oxidanyl-2-oxidanylidene-pyrrolidin-3-yl]ethynyl]-~{N}3-(oxan-4-yl)-5,6-dihydroimidazo[1,2-d][1,4]benzoxazepine-2,3-dicarboxamide	-5.22
PPA0434	pocket0	HX5	PPA0434a_HX5	4,6-dichloro-2-(methylsulfanyl)pyrimidine	-4.61
PPA0434	pocket9	FAD	PPA0434a_FAD	FLAVIN-ADENINE DINUCLEOTIDE	-3.52
PPA0436	pocket2	ADP	PPA0436a_ADP	ADENOSINE-5'-DIPHOSPHATE	-5.91
PPA0436	pocket0	DIO	PPA0436a_DIO	1,4-DIETHYLENE DIOXIDE	-3.54
PPA0437	pocket5	SAH	PPA0437a_SAH	S-ADENOSYL-L-HOMOCYSTEINE	-7.41
PPA0437	pocket2	ADE	PPA0437a_ADE	ADENINE	-3.97
PPA0437	pocket4	FAD	PPA0437a_FAD	FLAVIN-ADENINE DINUCLEOTIDE	-1.53
PPA0438	pocket1	33P	PPA0438a_33P	{3-[(3-HYDROXY-2-METHYL-5-PHOSPHONOOXYMETHYL-PYRIDIN-4-YLMETHYL)-AMINO]-2-METHYL-PROPYL}-PHOSPHONIC ACID	-10.66
PPA0438	pocket2	PSB	PPA0438a_PSB	3-(5-AMINO-7-HYDROXY-[1,2,3]TRIAZOLO[4,5-D]PYRIMIDIN-2-YL)-N-[2-(2-(HYDROXYMETHYL-PHENYLSULFANYL)-BENZYL]-BENZAMIDE	-10.29
PPA0438	pocket3	ADP	PPA0438a_ADP	ADENOSINE-5'-DIPHOSPHATE	-9.22
PPA0438	pocket5	3W9	PPA0438a_3W9	4-(diethylamino)benzaldehyde	-5.25
PPA0438	pocket0	ACO	PPA0438a_ACO	ACETYL COENZYME *A	-4.27
PPA0438	pocket4	NEI	PPA0438a_NEI	(2S,3S,4R,5R)-5-(6-AMINO-2-IODO-9H-PURIN-9-YL)-N-ETHYL-3,4-DIHYDROXYTETRAHYDROFURAN-2-CARBOXAMIDE	Nil
PPA0439	pocket1	SAH	PPA0439a_SAH	S-ADENOSYL-L-HOMOCYSTEINE	-9.14
PPA0439	pocket2	FAD	PPA0439a_FAD	FLAVIN-ADENINE DINUCLEOTIDE	-5.13
PPA0439	pocket5	NAD	PPA0439a_NAD	NICOTINAMIDE-ADENINE-DINUCLEOTIDE	-3.65
PPA0440	pocket5	GSP	PPA0440a_GSP	5'-GUANOSINE-DIPHOSPHATE-MONOTHIOPHOSPHATE	-4.9
PPA0440	pocket7	FAD	PPA0440a_FAD	FLAVIN-ADENINE DINUCLEOTIDE	-4.78
PPA0440	pocket0	P2C	PPA0440a_P2C	2-[(3,5-DICHLORO-4-TRIOXIDANYLPHENYL)AMINO]BENZOIC ACID	Nil
PPA0441	pocket6	7RP	PPA0441a_7RP	7-ALPHA-D-RIBOFURANOSYL-PURINE-5'-PHOSPHATE	-8.11
PPA0441	pocket5	B08	PPA0441a_B08	(1-HYDROXY-1-PHOSPHONO-2-[1,1';3',1'']TERPHENYL-3-YL-ETHYL)-PHOSPHONIC ACID	-6.78
PPA0441	pocket2	DIF	PPA0441a_DIF	2-[2,6-DICHLOROPHENYL)AMINO]BENZENEACETIC ACID	-6.57
PPA0441	pocket3	MAN	PPA0441a_MAN	alpha-D-mannopyranose	-4.6
PPA0441	pocket13	NAP	PPA0441a_NAP	NADP NICOTINAMIDE-ADENINE-DINUCLEOTIDE PHOSPHATE	-1.64
PPA0441	pocket7	COT	PPA0441a_COT	COA-S-ACETYL TRYPTAMINE	Nil
PPA0442	pocket6	UPG	PPA0442a_UPG	URIDINE-5'-DIPHOSPHATE-GLUCOSE	-6.33
PPA0442	pocket4	H4B	PPA0442a_H4B	5,6,7,8-TETRAHYDROBIOPTERIN	-4.69
PPA0442	pocket8	SAH	PPA0442a_SAH	S-ADENOSYL-L-HOMOCYSTEINE	-4.45
PPA0442	pocket0	KDO	PPA0442a_KDO	3-deoxy-alpha-D-manno-oct-2-ulopyranosonic acid	-3.39
PPA0442	pocket1	OLA	PPA0442a_OLA	OLEIC ACID	-2.68
PPA0443	pocket1	FAD	PPA0443a_FAD	FLAVIN-ADENINE DINUCLEOTIDE	-4.43
PPA0444	pocket17	SAM	PPA0444a_SAM	S-ADENOSYLMETHIONINE	-6.38
PPA0444	pocket7	AMP	PPA0444a_AMP	ADENOSINE MONOPHOSPHATE	-5.67
PPA0444	pocket1	IPA	PPA0444a_IPA	ISOPROPYL ALCOHOL	-3.43
PPA0446	pocket0	COA	PPA0446a_COA	COENZYME A	-4.53
PPA0446	pocket2	4HY	PPA0446a_4HY	[4-(4-HYDROXY-3-IODO-PHENOXY)-3,5-DIIODO-PHENYL]-ACETIC ACID	-4.25
PPA0446	pocket10	COB	PPA0446a_COB	CO-METHYLCOBALAMIN	Nil
PPA0450	pocket2	DHT	PPA0450a_DHT	5-ALPHA-DIHYDROTESTOSTERONE	-6.99
PPA0450	pocket0	ANP	PPA0450a_ANP	PHOSPHOAMINOPHOSPHONIC ACID-ADENYLATE ESTER	-1.08
PPA0451	pocket5	FP4	PPA0451a_FP4	3-(4-{[2-(pyrimidin-2-yl)furo[2,3-c]pyridin-3-yl]amino}-1H-indazol-3-yl)propan-1-ol	-6.39
PPA0451	pocket8	FAJ	PPA0451a_FAJ	FAD-trans-2-Phenylcyclopropylamine Adduct	-6.27
PPA0451	pocket0	9C2	PPA0451a_9C2	[(2~{R},3~{R},4~{S})-5-diazanyl-2,3,4-tris(oxidanyl)-5-oxidanylidene-pentyl] dihydrogen phosphate	-4.47
PPA0451	pocket2	AHZ	PPA0451a_AHZ	ADENOSINE DIPHOSPHATE 5-(BETA-ETHYL)-4-METHYL-THIAZOLE-2-CARBOXYLIC ACID	-3.46
PPA0451	pocket1	P33	PPA0451a_P33	3,6,9,12,15,18-HEXAOXAICOSANE-1,20-DIOL	-0.66
PPA0453	pocket10	3PO	PPA0453a_3PO	TRIPHOSPHATE	-4.11
PPA0453	pocket9	FAD	PPA0453a_FAD	FLAVIN-ADENINE DINUCLEOTIDE	-4.05
PPA0453	pocket0	ATP	PPA0453a_ATP	ADENOSINE-5'-TRIPHOSPHATE	-1.96
PPA0454	pocket1	ACO	PPA0454a_ACO	ACETYL COENZYME *A	-7.44
PPA0455	pocket8	FAD	PPA0455a_FAD	FLAVIN-ADENINE DINUCLEOTIDE	-5.44
PPA0455	pocket2	FLC	PPA0455a_FLC	CITRATE ANION	-3.89
PPA0455	pocket3	50000	PPA0455a_50000	2-[(3-bromophenyl)amino]benzoic acid	Nil
PPA0456	pocket5	NAP	PPA0456a_NAP	NADP NICOTINAMIDE-ADENINE-DINUCLEOTIDE PHOSPHATE	-6.89
PPA0456	pocket0	ATP	PPA0456a_ATP	ADENOSINE-5'-TRIPHOSPHATE	-6
PPA0456	pocket1	2ML	PPA0456a_2ML	2-METHYLLEUCINE	-5.79
PPA0456	pocket2	CKP	PPA0456a_CKP	6-O-phosphono-beta-D-psicofuranosonic acid	-5.25
PPA0456	pocket4	PC6	PPA0456a_PC6	7-[(DODECANOYLOXY)METHYL]-4-HYDROXY-N,N,N-TRIMETHYL-9-OXO-3,5,8-TRIOXA-4-PHOSPHADOTRIACONTAN-1-AMINIUM 4-OXIDE	-2.94
PPA0457	pocket0	PP9	PPA0457a_PP9	PROTOPORPHYRIN IX	-4.33
PPA0458	pocket5	3NZ	PPA0458a_3NZ	3'-deoxy-3'-[(O-methyl-L-tyrosyl)amino]adenosine	-8.38
PPA0458	pocket0	F6R	PPA0458a_F6R	FRUCTOSE -6-PHOSPHATE	-5.49
PPA0458	pocket4	FAD	PPA0458a_FAD	FLAVIN-ADENINE DINUCLEOTIDE	-3.31
PPA0459	pocket0	AMP	PPA0459a_AMP	ADENOSINE MONOPHOSPHATE	-7.79
PPA0459	pocket3	R1T	PPA0459a_R1T	2-{4-[(4-AMINO-2-METHYLPYRIMIDIN-5-YL)METHYL]-5-[(1R)-1-HYDROXYETHYL]-3-METHYL-2-THIENYL}ETHYL TRIHYDROGEN DIPHOSPHATE	-7.72
PPA0459	pocket2	SQV	PPA0459a_SQV	methyl (2~{S})-2-(4-methoxypyridin-2-yl)propanoate	-6.43
PPA0459	pocket7	NAD	PPA0459a_NAD	NICOTINAMIDE-ADENINE-DINUCLEOTIDE	-5.24
PPA0459	pocket1	LI1	PPA0459a_LI1	1-[2,6,10.14-TETRAMETHYL-HEXADECAN-16-YL]-2-[2,10,14-TRIMETHYLHEXADECAN-16-YL]GLYCEROL	Nil
PPA0460	pocket0	HEM	PPA0460a_HEM	PROTOPORPHYRIN IX CONTAINING FE	-4.17
PPA0460	pocket3	FAD	PPA0460a_FAD	FLAVIN-ADENINE DINUCLEOTIDE	-2.08
PPA0460	pocket2	COB	PPA0460a_COB	CO-METHYLCOBALAMIN	Nil
PPA0461	pocket0	NAD	PPA0461a_NAD	NICOTINAMIDE-ADENINE-DINUCLEOTIDE	-5.5
PPA0461	pocket10	DVX	PPA0461a_DVX	[(2R)-2-[3-aminocarbonyl-2,4-bis(fluoranyl)phenoxy]-2-[5-bromanyl-4-[4-(trifluoromethyl)phenyl]-1,3-oxazol-2-yl]ethyl] 3-[2,2-bis(fluoranyl)-10,12-dimethyl-3-aza-1-azonia-2-boranuidatricyclo[7.3.0.0^{3,7}]dodeca-1(12),4,6,8,10-pentaen-4-yl]propanoate	Nil
PPA0462	pocket0	POP	PPA0462a_POP	PYROPHOSPHATE 2-	-3.44
PPA0463	pocket11	6ZV	PPA0463a_6ZV	N-{5-[(4-ethylpiperazin-1-yl)methyl]pyridin-2-yl}-5-fluoro-4-[4-fluoro-2-methyl-1-(propan-2-yl)-1H-benzimidazol-6-yl]pyrimidin-2-amine	-8.3
PPA0463	pocket12	NDP	PPA0463a_NDP	NADPH DIHYDRO-NICOTINAMIDE-ADENINE-DINUCLEOTIDE PHOSPHATE	-7.02
PPA0463	pocket13	FAD	PPA0463a_FAD	FLAVIN-ADENINE DINUCLEOTIDE	-5.07
PPA0463	pocket14	HEM	PPA0463a_HEM	PROTOPORPHYRIN IX CONTAINING FE	-4.28
PPA0463	pocket6	HXJ	PPA0463a_HXJ	2-[[(E,2S,3R)-2-(hexanoylamino)-3-oxidanyl-dec-4-enoxy]-oxidanyl-phosphoryl]oxyethyl-trimethyl-azanium	-4.2
PPA0463	pocket0	SOE	PPA0463a_SOE	alpha-L-sorbopyranose	-3.82
PPA0464	pocket10	ESP	PPA0464a_ESP	THIENO[2,3-B]PYRIDINE-2-CARBOXAMIDINE	-7.34
PPA0464	pocket11	79Z	PPA0464a_79Z	5-cyclopropyl-2-(4-fluorophenyl)-6-[(2-hydroxyethyl)(methylsulfonyl)amino]-N-methyl-1-benzofuran-3-carboxamide	-6.19
PPA0465	pocket4	FAD	PPA0465a_FAD	FLAVIN-ADENINE DINUCLEOTIDE	-5.01
PPA0466	pocket0	NAD	PPA0466a_NAD	NICOTINAMIDE-ADENINE-DINUCLEOTIDE	-8.86
PPA0466	pocket1	P6G	PPA0466a_P6G	HEXAETHYLENE GLYCOL	-0.02
PPA0467	pocket17	9CR	PPA0467a_9CR	(9cis)-retinoic acid	-8.55
PPA0467	pocket7	BTX	PPA0467a_BTX	((2R,3S,4R,5R)-5-(6-AMINO-9H-PURIN-9-YL)-3,4-DIHYDROXY-TETRAHYDROFURAN-2-YL)METHYL 5-((3AS,4S,6AR)-2-OXO-HEXAHYDRO-1H-THIENO[3,4-D]IMIDAZOL-4-YL)PENTYL HYDROGEN PHOSPHATE	-7.76
PPA0467	pocket1	INW	PPA0467a_INW	4-(AMINOSULFONYL)-N-[(2,4-DIFLUOROPHENYL)METHYL]-BENZAMIDE	-6.89
PPA0467	pocket2	SAM	PPA0467a_SAM	S-ADENOSYLMETHIONINE	-6.42
PPA0467	pocket3	0VT	PPA0467a_0VT	6-methylhept-5-en-2-one	-3.94
PPA0467	pocket0	FAH	PPA0467a_FAH	fluoroacetic acid	-2.08
PPA0468	pocket0	7PD	PPA0468a_7PD	2-aminopteridine-4,7(3H,8H)-dione	-7.49
PPA0468	pocket6	3FP	PPA0468a_3FP	(2R)-1-(DIMETHYLAMINO)-3-{4-[(6-{[2-FLUORO-5-(TRIFLUOROMETHYL)PHENYL]AMINO}PYRIMIDIN-4-YL)AMINO]PHENOXY}PROPAN-2-OL	-5.83
PPA0468	pocket7	DUT	PPA0468a_DUT	DEOXYURIDINE-5'-TRIPHOSPHATE	-1.82
PPA0469	pocket0	NAD	PPA0469a_NAD	NICOTINAMIDE-ADENINE-DINUCLEOTIDE	-6.7
PPA0470	pocket11	T6Q	PPA0470a_T6Q	2-[[3-(4-ethanoyl-1,4-diazepan-1-yl)phenyl]amino]-4-[4-methyl-2-(methylamino)-1,3-thiazol-5-yl]pyrimidine-5-carbonitrile	-6.63
PPA0471	pocket1	C21	PPA0471a_C21	THIOPHENE-2-CARBOXYLIC ACID	-4.46
PPA0472	pocket0	B8E	PPA0472a_B8E	methyl 2-(5-methyl-2-phenyl-1,3-thiazol-4-yl)ethanoate	-5.79
PPA0472	pocket8	MGD	PPA0472a_MGD	2-AMINO-5,6-DIMERCAPTO-7-METHYL-3,7,8A,9-TETRAHYDRO-8-OXA-1,3,9,10-TETRAAZA-ANTHRACEN-4-ONE GUANOSINE DINUCLEOTIDE	-3.48
PPA0473	pocket9	ADP	PPA0473a_ADP	ADENOSINE-5'-DIPHOSPHATE	-6.13
PPA0473	pocket0	VNP	PPA0473a_VNP	3-[(4-AMINO-2-METHYLPYRIMIDIN-5-YL)METHYL]-5-(2-{[HYDROXY(PHOSPHONOAMINO)PHOSPHORYL]OXY}ETHYL)-4-METHYL-1,3-THIAZOL-3-I	-5.47
PPA0473	pocket1	POP	PPA0473a_POP	PYROPHOSPHATE 2-	-5.03
PPA0473	pocket13	ACO	PPA0473a_ACO	ACETYL COENZYME *A	-3.13
PPA0474	pocket26	NAD	PPA0474a_NAD	NICOTINAMIDE-ADENINE-DINUCLEOTIDE	-6.86
PPA0474	pocket6	BBP	PPA0474a_BBP	(5R)-3-tert-butyl-1-(6-chloro-1,3-benzothiazol-2-yl)-4,5-dihydro-1H-pyrazol-5-ol	-6.61
PPA0474	pocket27	SAM	PPA0474a_SAM	S-ADENOSYLMETHIONINE	-5.59
PPA0474	pocket1	LI1	PPA0474a_LI1	1-[2,6,10.14-TETRAMETHYL-HEXADECAN-16-YL]-2-[2,10,14-TRIMETHYLHEXADECAN-16-YL]GLYCEROL	Nil
PPA0476	pocket1	1FL	PPA0476a_1FL	5-(2,4-DIFLUOROPHENYL)-2-HYDROXY-BENZOIC ACID	-7.65
PPA0476	pocket0	AGP	PPA0476a_AGP	2-DEOXY-2-AMINO GLUCITOL-6-PHOSPHATE	-4.6
PPA0478	pocket2	DPS	PPA0478a_DPS	3-(1H-INDOL-3-YL)-2-[4-(4-PHENYL-PIPERIDIN-1-YL)-BENZENESULFONYLAMINO]-PROPIONIC ACID	-7.32
PPA0478	pocket1	FMN	PPA0478a_FMN	FLAVIN MONONUCLEOTIDE	-4.34
PPA0478	pocket4	SCA	PPA0478a_SCA	SUCCINYL-COENZYME A	-2.67
PPA0480	pocket12	P38	PPA0480a_P38	5-methyl-4-[(2-methyl-5-{[(2-morpholin-4-ylpyridin-4-yl)carbonyl]amino}phenyl)amino]-N-(1-phenylethenyl)pyrrolo[2,1-f][1,2,4]triazine-6-carboxamide	-9.61
PPA0480	pocket1	L1P	PPA0480a_L1P	3-PHOSPHORYL-[1,2-DI-PHYTANYL]GLYCEROL	-7.59
PPA0480	pocket5	MEV	PPA0480a_MEV	(R)-MEVALONATE	-2.93
PPA0480	pocket15	FAD	PPA0480a_FAD	FLAVIN-ADENINE DINUCLEOTIDE	144.12
PPA0481	pocket0	IM1	PPA0481a_IM1	(2R,4S,5S,1'S)-2-PHENYLMETHYL-4-HYDROXY-5-(TERT-BUTOXYCARBONYL)AMINO-6-PHENYL HEXANOYL-N-(1'-IMIDAZO-2-YL)-2'-METHYLPROPANAMIDE	-14.48
PPA0482	pocket4	FAD	PPA0482a_FAD	FLAVIN-ADENINE DINUCLEOTIDE	-7.73
PPA0482	pocket0	ADP	PPA0482a_ADP	ADENOSINE-5'-DIPHOSPHATE	-6
PPA0482	pocket6	SAM	PPA0482a_SAM	S-ADENOSYLMETHIONINE	-5.86
PPA0482	pocket5	2BG	PPA0482a_2BG	1-(1,3-benzothiazol-2-yl)methanamine	-5.1
PPA0482	pocket1	HP6	PPA0482a_HP6	HEPTANE	-4.02
PPA0483	pocket7	CT9	PPA0483a_CT9	4-[5-(TRANS-4-AMINOCYCLOHEXYLAMINO)-3-ISOPROPYLPYRAZOLO[1,5-A]PYRIMIDIN-7-YLAMINO]-N,N-DIMETHYLBENZENESULFONAMIDE	-7.87
PPA0483	pocket3	COA	PPA0483a_COA	COENZYME A	-2.97
PPA0484	pocket5	1J3	PPA0484a_1J3	4-{[(7R)-9-cyclopentyl-7-ethenyl-7-fluoro-5-methyl-6-oxo-6,7,8,9-tetrahydro-5H-pyrimido[4,5-b][1,4]diazepin-2-yl]amino}-3-methoxy-N-(4-methylpiperazin-1-yl)benzamide	-7.55
PPA0484	pocket3	7VS	PPA0484a_7VS	(4E)-4-hydrazinylidene-1,4-dihydroquinoline	-4.41
PPA0484	pocket2	NNG	PPA0484a_NNG	2-deoxy-2-{[(S)-hydroxy(methyl)phosphoryl]amino}-6-O-phosphono-alpha-D-glucopyranose	-3.95
PPA0486	pocket16	FAD	PPA0486a_FAD	FLAVIN-ADENINE DINUCLEOTIDE	-6.51
PPA0486	pocket9	SCA	PPA0486a_SCA	SUCCINYL-COENZYME A	4
PPA0488	pocket1	ATP	PPA0488a_ATP	ADENOSINE-5'-TRIPHOSPHATE	-5.63
PPA0488	pocket0	M1P	PPA0488a_M1P	1-O-phosphono-alpha-D-mannopyranose	-4.58
PPA0488	pocket11	IMP	PPA0488a_IMP	INOSINIC ACID	-4.28
PPA0489	pocket10	9DI	PPA0489a_9DI	9-DEAZAINOSINE	-3.89
PPA0489	pocket15	FAE	PPA0489a_FAE	FLAVIN-N7 PROTONATED-ADENINE DINUCLEOTIDE	-3.48
PPA0489	pocket0	UPG	PPA0489a_UPG	URIDINE-5'-DIPHOSPHATE-GLUCOSE	-2.48
PPA0490	pocket0	ACO	PPA0490a_ACO	ACETYL COENZYME *A	-4.36
PPA0491	pocket1	2OH	PPA0491a_2OH	4,4'-PROPANE-2,2-DIYLDIPHENOL	-5.15
PPA0492	pocket0	KG4	PPA0492a_KG4	5'-O-[(R)-(carboxyoxy)(hydroxy)phosphoryl]adenosine	-3.89
PPA0493	pocket0	ADP	PPA0493a_ADP	ADENOSINE-5'-DIPHOSPHATE	-8.82
PPA0493	pocket3	FAD	PPA0493a_FAD	FLAVIN-ADENINE DINUCLEOTIDE	-1.22
PPA0494	pocket9	7YR	PPA0494a_7YR	(2R)-N-[2-[[(2S)-1-[[4-[bis(oxidanyl)amino]phenyl]amino]-5-carbamimidamido-1-oxidanylidene-pentan-2-yl]amino]-2-oxidanylidene-ethyl]-5-oxidanylidene-pyrrolidine-2-carboxamide	-7.94
PPA0495	pocket0	ACO	PPA0495a_ACO	ACETYL COENZYME *A	-8.62
PPA0495	pocket4	HEM	PPA0495a_HEM	PROTOPORPHYRIN IX CONTAINING FE	-6.3
PPA0496	pocket10	SPO	PPA0496a_SPO	SPHEROIDENE	-9.67
PPA0496	pocket0	FFU	PPA0496a_FFU	N-(4,4-dimethylcyclohexyl)-4,6-bis(fluoranyl)-1H-indole-2-carboxamide	-6.57
PPA0496	pocket8	LMU	PPA0496a_LMU	DODECYL-ALPHA-D-MALTOSIDE	-3.82
PPA0497	pocket0	2Z4	PPA0497a_2Z4	benzyl [(1R)-1-({(1S,2S,3S)-1-benzyl-2-hydroxy-4-({(1S)-1-[(2-hydroxy-4-methoxybenzyl)carbamoyl]-2-methylpropyl}amino)-3-[(4-methoxybenzyl)amino]-4-oxobutyl}carbamoyl)-2,2-dimethylpropyl]carbamate	-8.47
PPA0497	pocket3	H2B	PPA0497a_H2B	2-AMINO-6-(1,2-DIHYDROXY-PROPYL)-7,8-DIHYDRO-6H-PTERIDIN-4-ONE	-5.49
PPA0497	pocket8	FAD	PPA0497a_FAD	FLAVIN-ADENINE DINUCLEOTIDE	-3.42
PPA0497	pocket4	NDP	PPA0497a_NDP	NADPH DIHYDRO-NICOTINAMIDE-ADENINE-DINUCLEOTIDE PHOSPHATE	-0.5
PPA0498	pocket0	2X3	PPA0498a_2X3	(8S)-3',8-cyclo-7,8-dihydroguanosine 5'-triphosphate	-10.71
PPA0499	pocket9	THH	PPA0499a_THH	N-[4-({[(6S)-2-AMINO-4-HYDROXY-5-METHYL-5,6,7,8-TETRAHYDROPTERIDIN-6-YL]METHYL}AMINO)BENZOYL]-L-GLUTAMIC ACID	-6.69
PPA0499	pocket11	NAD	PPA0499a_NAD	NICOTINAMIDE-ADENINE-DINUCLEOTIDE	-5.33
PPA0500	pocket2	SB9	PPA0500a_SB9	HYDROXY[3-(6-METHYLPYRIDIN-2-YL)PROPYL]FORMAMIDE	-4.88
PPA0502	pocket0	SAM	PPA0502a_SAM	S-ADENOSYLMETHIONINE	-6.3
PPA0502	pocket7	TYC	PPA0502a_TYC	L-TYROSINAMIDE	-5.52
PPA0502	pocket4	GM2	PPA0502a_GM2	N-[(1S,2S)-2-HYDROXY-1-({[(2R,3R,4S,5S,6R)-3,4,5-TRIHYDROXY-6-(HYDROXYMETHYL)TETRAHYDRO-2H-PYRAN-2-YL]OXY}METHYL)OCTADECYL]OCTADECANAMIDE	-1.98
PPA0504	pocket7	9CR	PPA0504a_9CR	(9cis)-retinoic acid	-7.51
PPA0504	pocket5	FAD	PPA0504a_FAD	FLAVIN-ADENINE DINUCLEOTIDE	-5.62
PPA0504	pocket3	NDP	PPA0504a_NDP	NADPH DIHYDRO-NICOTINAMIDE-ADENINE-DINUCLEOTIDE PHOSPHATE	-5.49
PPA0505	pocket12	HEC	PPA0505a_HEC	HEME C	-10.07
PPA0505	pocket13	19B	PPA0505a_19B	4-methyl-N-(3-morpholin-4-ylphenyl)-3-(3-piperidin-4-yl-1,2-benzisoxazol-6-yl)benzamide	-9.06
PPA0505	pocket1	UNL	PPA0505a_UNL	Unknown ligand	Nil
PPA0506	pocket0	OHP	PPA0506a_OHP	(2-HYDROXYPHENYL)ACETIC ACID	-4.85
PPA0507	pocket0	CDL	PPA0507a_CDL	CARDIOLIPIN	Nil
PPA0508	pocket8	LGG	PPA0508a_LGG	N-ACETYL-L-ALPHA-GLUTAMYL-L-PHENYLALANYL-L-GLUTAMINYL-N-[(1S)-4-AMINO-1-(2-CARBOXYETHYL)-4-OXOBUTYL]-L-LEUCINAMIDE	-1.94
PPA0508	pocket1	0ZW	PPA0508a_0ZW	N-(tert-butoxycarbonyl)-L-alanyl-N-{(1S)-5-ammonio-1-[hydroxy(3-hydroxypropoxy)boranyl]pentyl}-L-valinamide	Nil
PPA0509	pocket20	XAH	PPA0509a_XAH	5'-O-{(R)-hydroxy[(L-lysylamino)oxy]phosphoryl}adenosine	-5.95
PPA0509	pocket0	HP6	PPA0509a_HP6	HEPTANE	-3.5
PPA0511	pocket1	DMU	PPA0511a_DMU	DECYL-BETA-D-MALTOPYRANOSIDE	-6.62
PPA0511	pocket4	NDP	PPA0511a_NDP	NADPH DIHYDRO-NICOTINAMIDE-ADENINE-DINUCLEOTIDE PHOSPHATE	-6.31
PPA0512	pocket0	1SG	PPA0512a_1SG	N-(4-{[3-(2,4-dioxo-1,2,3,4-tetrahydropyrimidin-5-yl)-5-methoxybenzoyl]amino}phenyl)pyridine-2-carboxamide	-6.15
PPA0512	pocket3	BU1	PPA0512a_BU1	1,4-BUTANEDIOL	-2.67
PPA0513	pocket0	ADP	PPA0513a_ADP	ADENOSINE-5'-DIPHOSPHATE	-5.59
PPA0514	pocket0	R18	PPA0514a_R18	(17BETA)-17-HYDROXY-17-METHYLESTRA-4,9,11-TRIEN-3-ONE	-6.54
PPA0515	pocket8	VK7	PPA0515a_VK7	trans-4-[(3aR,9bR)-8-cyano-9b-[(4-fluorophenyl)sulfonyl]-7-(1,1,1,2,3,3,3-heptafluoropropan-2-yl)-1,2,3a,4,5,9b-hexahydro-3H-benzo[e]indole-3-carbonyl]cyclohexane-1-carboxylic acid	-8.4
PPA0515	pocket6	ARC	PPA0515a_ARC	3,7,11,15-TETRAMETHYL-HEXADECAN-1-OL	-7.98
PPA0515	pocket1	FAD	PPA0515a_FAD	FLAVIN-ADENINE DINUCLEOTIDE	-4.6
PPA0515	pocket3	FAD	PPA0515a_FAD	FLAVIN-ADENINE DINUCLEOTIDE	-4.6
PPA0515	pocket0	CDL	PPA0515a_CDL	CARDIOLIPIN	Nil
PPA0517	pocket21	23D	PPA0517a_23D	N2-[(1R,2S)-2-AMINOCYCLOHEXYL]-N6-(3-CHLOROPHENYL)-9-ETHYL-9H-PURINE-2,6-DIAMINE	-7.82
PPA0517	pocket19	FAD	PPA0517a_FAD	FLAVIN-ADENINE DINUCLEOTIDE	-7.38
PPA0517	pocket13	EWE	PPA0517a_EWE	[(2~{S})-3-(1~{H}-indol-3-yl)-1-[(2~{E})-2-[[2-methyl-3-oxidanyl-5-(phosphonooxymethyl)pyridin-4-yl]methylidene]hydrazinyl]-1-oxidanylidene-propan-2-yl]azanium	-6.37
PPA0517	pocket2	5RO	PPA0517a_5RO	1-(7-methyl-1~{H}-indol-3-yl)ethanone	-6.11
PPA0517	pocket4	MRD	PPA0517a_MRD	(4R)-2-METHYLPENTANE-2,4-DIOL	-5.11
PPA0517	pocket1	ACY	PPA0517a_ACY	ACETIC ACID	-4.8
PPA0517	pocket0	AMP	PPA0517a_AMP	ADENOSINE MONOPHOSPHATE	-3.95
PPA0517	pocket5	IPA	PPA0517a_IPA	ISOPROPYL ALCOHOL	-3.37
PPA0518	pocket2	ATP	PPA0518a_ATP	ADENOSINE-5'-TRIPHOSPHATE	-8.26
PPA0518	pocket1	ADE	PPA0518a_ADE	ADENINE	-4.01
PPA0518	pocket4	FAD	PPA0518a_FAD	FLAVIN-ADENINE DINUCLEOTIDE	-2.77
PPA0519	pocket8	YSA	PPA0519a_YSA	5'-O-[N-(L-TYROSYL)SULFAMOYL]ADENOSINE	-6.65
PPA0519	pocket0	PXP	PPA0519a_PXP	PYRIDOXINE-5'-PHOSPHATE	-6.34
PPA0519	pocket1	3VN	PPA0519a_3VN	(2R,5R)-2,5-diamino-2,5-bis(4-aminobutyl)hexanedioic acid	-5.48
PPA0519	pocket10	A7R	PPA0519a_A7R	[[(2S,3S,4R,5S)-5-(3-aminocarbonylpyridin-1-ium-1-yl)-3,4-bis(oxidanyl)oxolan-2-yl]methoxy-oxidanyl-phosphoryl] [(2S,3S,4R,5S)-5-(4-azanyl-2-oxidanylidene-pyrimidin-1-yl)-3,4-bis(oxidanyl)oxolan-2-yl]methyl hydrogen phosphate	-3.6
PPA0520	pocket0	FAD	PPA0520a_FAD	FLAVIN-ADENINE DINUCLEOTIDE	-10.33
PPA0520	pocket7	BB1	PPA0520a_BB1	2-[(FORMYL-HYDROXY-AMINO)-METHYL]-HEXANOIC ACID (1-DIMETHYLCARBAMOYL-2,2-DIMETHYL-PROPYL)-AMIDE	-3.99
PPA0521	pocket0	FAD	PPA0521a_FAD	FLAVIN-ADENINE DINUCLEOTIDE	-4.38
PPA0521	pocket4	CAA	PPA0521a_CAA	ACETOACETYL-COENZYME A	-3.51
PPA0521	pocket3	HEC	PPA0521a_HEC	HEME C	421.93
PPA0522	pocket9	AXE	PPA0522a_AXE	6,7-dimethoxy-~{N}-[(1~{R})-1-naphthalen-1-ylethyl]quinazolin-4-amine	-6.37
PPA0522	pocket2	CDQ	PPA0522a_CDQ	6-[(5-chloro-2-oxo-2,3-dihydro-1H-indol-1-yl)methyl]-2,3-dihydro-1,4-benzodioxine-5-carboxylic acid	-6.11
PPA0522	pocket1	PIM	PPA0522a_PIM	4-PHENYL-1H-IMIDAZOLE	-5.33
PPA0522	pocket0	URA	PPA0522a_URA	URACIL	-4.86
PPA0523	pocket11	NAP	PPA0523a_NAP	NADP NICOTINAMIDE-ADENINE-DINUCLEOTIDE PHOSPHATE	-7.56
PPA0523	pocket4	HED	PPA0523a_HED	2-HYDROXYETHYL DISULFIDE	-2.32
PPA0524	pocket0	SAM	PPA0524a_SAM	S-ADENOSYLMETHIONINE	-9.22
PPA0524	pocket1	101	PPA0524a_101	2'-DEOXY-ADENOSINE 3'-MONOPHOSPHATE	-4.69
PPA0524	pocket6	FAD	PPA0524a_FAD	FLAVIN-ADENINE DINUCLEOTIDE	-3.66
PPA0525	pocket4	FAD	PPA0525a_FAD	FLAVIN-ADENINE DINUCLEOTIDE	-2.23
PPA0525	pocket0	CIT	PPA0525a_CIT	CITRIC ACID	-1.47
PPA0526	pocket0	SAH	PPA0526a_SAH	S-ADENOSYL-L-HOMOCYSTEINE	-7.58
PPA0526	pocket9	SAH	PPA0526a_SAH	S-ADENOSYL-L-HOMOCYSTEINE	-7.58
PPA0526	pocket1	PIY	PPA0526a_PIY	2-phenyl-1H-imidazole	-5.69
PPA0526	pocket5	BT5	PPA0526a_BT5	BIOTINYL-5-AMP	-4.2
PPA0526	pocket3	7D9	PPA0526a_7D9	(16~{R})-11,12,14,14-tetramethyl-3,5-bis(oxidanylidene)-8-[(2~{S},3~{S},4~{R})-2,3,4-tris(oxidanyl)-5-phosphonooxy-pentyl]-1,4,6,8-tetrazatetracyclo[7.7.1.0^{2,7}.0^{13,17}]heptadeca-2(7),9(17),10,12-tetraene-16-sulfonic acid	-3.7
PPA0527	pocket0	ANP	PPA0527a_ANP	PHOSPHOAMINOPHOSPHONIC ACID-ADENYLATE ESTER	-5.66
PPA0527	pocket6	FAD	PPA0527a_FAD	FLAVIN-ADENINE DINUCLEOTIDE	-4.67
PPA0527	pocket1	CDM	PPA0527a_CDM	4-DIPHOSPHOCYTIDYL-2-C-METHYL-D-ERYTHRITOL	-3.79
PPA0528	pocket0	HEM	PPA0528a_HEM	PROTOPORPHYRIN IX CONTAINING FE	-5.6
PPA0528	pocket1	FAD	PPA0528a_FAD	FLAVIN-ADENINE DINUCLEOTIDE	-4.26
PPA0529	pocket5	FX5	PPA0529a_FX5	2-(6-azanyl-5-piperazin-4-ium-1-yl-pyridazin-3-yl)phenol	-4.53
PPA0529	pocket0	PXY	PPA0529a_PXY	PARA-XYLENE	-4.52
PPA0530	pocket13	TTP	PPA0530a_TTP	THYMIDINE-5'-TRIPHOSPHATE	-10.22
PPA0530	pocket1	UD1	PPA0530a_UD1	URIDINE-DIPHOSPHATE-N-ACETYLGLUCOSAMINE	-7.45
PPA0530	pocket4	BLA	PPA0530a_BLA	BILIVERDINE IX ALPHA	-5.75
PPA0531	pocket0	IYR	PPA0531a_IYR	3-IODO-TYROSINE	-6.19
PPA0531	pocket2	HSX	PPA0531a_HSX	5-O-phosphono-alpha-D-ribofuranose	-5.91
PPA0531	pocket9	FAD	PPA0531a_FAD	FLAVIN-ADENINE DINUCLEOTIDE	-4.38
PPA0531	pocket4	IPA	PPA0531a_IPA	ISOPROPYL ALCOHOL	-3.8
PPA0533	pocket4	YLY	PPA0533a_YLY	(2R)-2-AMINO-6-({[(2S,3R)-3-METHYLPYRROLIDIN-2-YL]CARBONYL}AMINO)HEXANOYL [(2S,3R,4R,5R)-5-(6-AMINO-9H-PURIN-9-YL)-3,4-DIHYDROXYTETRAHYDROFURAN-2-YL]METHYL HYDROGEN (R)-PHOSPHATE	-3.75
PPA0534	pocket0	FAD	PPA0534a_FAD	FLAVIN-ADENINE DINUCLEOTIDE	-7.33
PPA0535	pocket1	FMN	PPA0535a_FMN	FLAVIN MONONUCLEOTIDE	-5.55
PPA0536	pocket1	3NZ	PPA0536a_3NZ	3'-deoxy-3'-[(O-methyl-L-tyrosyl)amino]adenosine	-5.43
PPA0536	pocket0	DFP	PPA0536a_DFP	DIISOPROPYL PHOSPHONATE	-4.59
PPA0538	pocket0	BB2	PPA0538a_BB2	ACTINONIN	-8.9
PPA0539	pocket0	H4H	PPA0539a_H4H	(1~{R},2~{S},4~{S})-~{N}-(3-chloranyl-4-cyano-phenyl)sulfonylbicyclo[2.2.1]heptane-2-carboxamide	-11.64
PPA0539	pocket3	RFL	PPA0539a_RFL	8-DEMETHYL-8-DIMETHYLAMINO-FLAVIN-ADENINE-DINUCLEOTIDE	-5.74
PPA0539	pocket2	RFP	PPA0539a_RFP	RIFAMPICIN	-3.95
PPA0540	pocket3	D3A	PPA0540a_D3A	(1-{[(4R,6S)-8-chloro-6-(2,3-dimethoxyphenyl)-4H,6H-pyrrolo[1,2-a][4,1]benzoxazepin-4-yl]acetyl}piperidin-4-yl)acetic	-6.51
PPA0540	pocket0	2A9	PPA0540a_2A9	5-(HYDROXYMETHYL)-2-METHOXYPHENOL	-4.9
PPA0540	pocket1	3B3	PPA0540a_3B3	(2S)-1-AMINO-3-[(5-NITROQUINOLIN-8-YL)AMINO]PROPAN-2-OL	Nil
PPA0542	pocket1	FMN	PPA0542a_FMN	FLAVIN MONONUCLEOTIDE	-3.48
PPA0542	pocket0	BPH	PPA0542a_BPH	BACTERIOPHEOPHYTIN A	-3.16
PPA0543	pocket2	7SY	PPA0543a_7SY	6-(2-{[cyclopropyl(3'-fluoro[1,1'-biphenyl]-4-carbonyl)amino]methyl}phenoxy)hexanoic acid	-8.28
PPA0543	pocket9	9D7	PPA0543a_9D7	[4-(15-phenylporphyrin-5-yl-kappa~4~N~21~,N~22~,N~23~,N~24~)benzoato(2-)]zinc	-7.52
PPA0543	pocket0	1YY	PPA0543a_1YY	(2R)-1,1,1-trifluoro-2-{4-[(2S)-2-{[(3S)-3-methylmorpholin-4-yl]methyl}-4-(thiophen-2-ylsulfonyl)piperazin-1-yl]phenyl}propan-2-ol	-6.62
PPA0543	pocket5	NAD	PPA0543a_NAD	NICOTINAMIDE-ADENINE-DINUCLEOTIDE	-2.3
PPA0544	pocket3	DBQ	PPA0544a_DBQ	DEBROMOHYMENIALDISINE	-6.89
PPA0544	pocket1	APR	PPA0544a_APR	ADENOSINE-5-DIPHOSPHORIBOSE	-2.52
PPA0545	pocket0	0QX	PPA0545a_0QX	2-(1H-indol-3-ylmethyl)-1H-imidazo[4,5-c]pyridine	-6.35
PPA0545	pocket2	BBP	PPA0545a_BBP	(5R)-3-tert-butyl-1-(6-chloro-1,3-benzothiazol-2-yl)-4,5-dihydro-1H-pyrazol-5-ol	-5.56
PPA0545	pocket1	PEP	PPA0545a_PEP	PHOSPHOENOLPYRUVATE	-3.21
PPA0547	pocket0	NAI	PPA0547a_NAI	1,4-DIHYDRONICOTINAMIDE ADENINE DINUCLEOTIDE	-6.05
PPA0547	pocket1	FMN	PPA0547a_FMN	FLAVIN MONONUCLEOTIDE	-4.87
PPA0548	pocket0	ANP	PPA0548a_ANP	PHOSPHOAMINOPHOSPHONIC ACID-ADENYLATE ESTER	-7.81
PPA0548	pocket1	0VT	PPA0548a_0VT	6-methylhept-5-en-2-one	-4.21
PPA0549	pocket0	2BA	PPA0549a_2BA	(2R,3R,3aS,5R,7aR,9R,10R,10aS,12R,14aR)-2,9-bis(6-amino-9H-purin-9-yl)octahydro-2H,7H-difuro[3,2-d:3',2'-j][1,3,7,9,2,8]tetraoxadiphosphacyclododecine-3,5,10,12-tetrol 5,12-dioxide	-5.04
PPA0551	pocket8	446	PPA0551a_446	4-[(4-{[6-bromo-3-(methoxycarbonyl)-1-oxo-4-phenylisoquinolin-2(1H)-yl]methyl}phenyl)amino]-4-oxobutanoic acid	-9.01
PPA0551	pocket10	JDK	PPA0551a_JDK	3-[1-[[4-(piperidin-1-ylmethyl)phenyl]methyl]indol-6-yl]-1~{H}-pyrazol-5-amine	-8.02
PPA0551	pocket6	9UY	PPA0551a_9UY	3-[5-[[(3~{R},4~{R})-3-ethenyl-4-methyl-5-oxidanylidene-3,4-dihydropyrrol-2-yl]methyl]-2-[[5-[(4-ethenyl-3-methyl-5-oxidanylidene-pyrrol-2-yl)methyl]-3-(3-hydroxy-3-oxopropyl)-4-methyl-1~{H}-pyrrol-2-yl]methyl]-4-methyl-1~{H}-pyrrol-3-yl]propanoic acid	-6.51
PPA0551	pocket5	HAM	PPA0551a_HAM	HISTIDYL-ADENOSINE MONOPHOSPHATE	-4.94
PPA0551	pocket4	OLA	PPA0551a_OLA	OLEIC ACID	-4.3
PPA0554	pocket1	CQA	PPA0554a_CQA	4-[(7-CHLOROQUINOLIN-4-YL)AMINO]-2-[(DIETHYLAMINO)METHYL]PHENOL	-5.91
PPA0554	pocket0	ATP	PPA0554a_ATP	ADENOSINE-5'-TRIPHOSPHATE	-5
PPA0554	pocket17	NDP	PPA0554a_NDP	NADPH DIHYDRO-NICOTINAMIDE-ADENINE-DINUCLEOTIDE PHOSPHATE	-4.54
PPA0554	pocket12	LMR	PPA0554a_LMR	(2S)-2-hydroxybutanedioic acid	-3.95
PPA0554	pocket11	FAD	PPA0554a_FAD	FLAVIN-ADENINE DINUCLEOTIDE	-3.75
PPA0554	pocket2	1PE	PPA0554a_1PE	PENTAETHYLENE GLYCOL	-0.91
PPA0555	pocket0	NDP	PPA0555a_NDP	NADPH DIHYDRO-NICOTINAMIDE-ADENINE-DINUCLEOTIDE PHOSPHATE	-11.14
PPA0555	pocket3	ADP	PPA0555a_ADP	ADENOSINE-5'-DIPHOSPHATE	-5
PPA0555	pocket4	GNP	PPA0555a_GNP	PHOSPHOAMINOPHOSPHONIC ACID-GUANYLATE ESTER	-4.35
PPA0555	pocket1	FAD	PPA0555a_FAD	FLAVIN-ADENINE DINUCLEOTIDE	-3.59
PPA0557	pocket15	RAL	PPA0557a_RAL	RALOXIFENE	-8.96
PPA0557	pocket1	29J	PPA0557a_29J	4-[(1R)-2-(dimethylamino)-1-(1-hydroxycyclohexyl)ethyl]phenol	-7.49
PPA0557	pocket8	0IT	PPA0557a_0IT	amino({(4S)-4-[({(3S)-3-[(benzylsulfonyl)amino]-2-oxopiperidin-1-yl}acetyl)amino]-5-oxopentyl}amino)methaniminium	-6.46
PPA0557	pocket6	FAD	PPA0557a_FAD	FLAVIN-ADENINE DINUCLEOTIDE	-6.37
PPA0557	pocket5	ATP	PPA0557a_ATP	ADENOSINE-5'-TRIPHOSPHATE	-5.39
PPA0557	pocket17	SFG	PPA0557a_SFG	SINEFUNGIN	-5.12
PPA0557	pocket2	MS7	PPA0557a_MS7	O-benzyl-N-methyl-L-tyrosinamide	-0.92
PPA0558	pocket0	302	PPA0558a_302	4-[(1E,7E)-8-(2,6-DIOXO-1,2,3,6-TETRAHYDROPYRIMIDIN-4-YL)-3,6-DIOXA-2,7-DIAZAOCTA-1,7-DIEN-1-YL]BENZOIC ACID	-9.75
PPA0559	pocket1	8K6	PPA0559a_8K6	Octadecane	-6.04
PPA0559	pocket4	SAH	PPA0559a_SAH	S-ADENOSYL-L-HOMOCYSTEINE	-5.85
PPA0559	pocket11	FAD	PPA0559a_FAD	FLAVIN-ADENINE DINUCLEOTIDE	-5.5
PPA0559	pocket2	LMG	PPA0559a_LMG	1,2-DISTEAROYL-MONOGALACTOSYL-DIGLYCERIDE	-4.58
PPA0559	pocket3	LI1	PPA0559a_LI1	1-[2,6,10.14-TETRAMETHYL-HEXADECAN-16-YL]-2-[2,10,14-TRIMETHYLHEXADECAN-16-YL]GLYCEROL	Nil
PPA0560	pocket5	NYE	PPA0560a_NYE	3-azanylnaphthalene-2-carboxylic acid	-5.18
PPA0560	pocket3	FAD	PPA0560a_FAD	FLAVIN-ADENINE DINUCLEOTIDE	-4.8
PPA0560	pocket7	PE8	PPA0560a_PE8	3,6,9,12,15,18,21-HEPTAOXATRICOSANE-1,23-DIOL	-0.38
PPA0562	pocket0	BT5	PPA0562a_BT5	BIOTINYL-5-AMP	-4.59
PPA0562	pocket1	PE8	PPA0562a_PE8	3,6,9,12,15,18,21-HEPTAOXATRICOSANE-1,23-DIOL	-0.76
PPA0562	pocket2	UPG	PPA0562a_UPG	URIDINE-5'-DIPHOSPHATE-GLUCOSE	-0.74
PPA0563	pocket1	KB8	PPA0563a_KB8	6-methyl-4-(piperazin-1-yl)-2-(trifluoromethyl)quinoline	-7.05
PPA0563	pocket4	MMA	PPA0563a_MMA	methyl alpha-D-mannopyranoside	-5.64
PPA0563	pocket0	FES	PPA0563a_FES	FE2/S2 (INORGANIC) CLUSTER	-2.4
PPA0563	pocket10	ACP	PPA0563a_ACP	PHOSPHOMETHYLPHOSPHONIC ACID ADENYLATE ESTER	-1.56
PPA0563	pocket5	HEM	PPA0563a_HEM	PROTOPORPHYRIN IX CONTAINING FE	69.73
PPA0564	pocket0	FPP	PPA0564a_FPP	FARNESYL DIPHOSPHATE	-10.04
PPA0564	pocket2	SAH	PPA0564a_SAH	S-ADENOSYL-L-HOMOCYSTEINE	-4.37
PPA0564	pocket7	ADP	PPA0564a_ADP	ADENOSINE-5'-DIPHOSPHATE	-2.97
PPA0565	pocket5	0LN	PPA0565a_0LN	13-cyclohexyl-3-methoxy-17,22-dimethyl-7H-10,6-(methanoiminothioiminobutanoiminomethano)indolo[2,1-a][2]benzazepine-14,23-dione 16,16-dioxide	-7.23
PPA0565	pocket3	FMA	PPA0565a_FMA	6-(3-TETRADECANOIC ACID) FLAVINE MONONUCLEOTIDE	-3.98
PPA0565	pocket0	OD8	PPA0565a_OD8	(2~{R},3~{S},4~{S},5~{R},6~{S})-2-(hydroxymethyl)-6-[[(1~{S},3~{R},6~{S},7~{S},8~{R},9~{R},10~{R},11~{R},14~{S})-14-(methoxymethyl)-3,10-dimethyl-9-oxidanyl-6-propan-2-yl-8-tricyclo[9.3.0.0^{3,7}]tetradecanyl]oxy]oxane-3,4,5-triol	0.5
PPA0566	pocket2	ANP	PPA0566a_ANP	PHOSPHOAMINOPHOSPHONIC ACID-ADENYLATE ESTER	-7.87
PPA0566	pocket5	SPC	PPA0566a_SPC	N-HYDROXY 1N(4-METHOXYPHENYL)SULFONYL-4-(Z,E-N-METHOXYIMINO)PYRROLIDINE-2R-CARBOXAMIDE	-6.95
PPA0566	pocket1	IZP	PPA0566a_IZP	(2R)-2-[4-(2-methylpropyl)phenyl]propanoic acid	-4.83
PPA0566	pocket0	G6P	PPA0566a_G6P	6-O-phosphono-alpha-D-glucopyranose	-4.48
PPA0566	pocket14	NAP	PPA0566a_NAP	NADP NICOTINAMIDE-ADENINE-DINUCLEOTIDE PHOSPHATE	-1.7
PPA0567	pocket2	NAD	PPA0567a_NAD	NICOTINAMIDE-ADENINE-DINUCLEOTIDE	-9
PPA0568	pocket0	MYR	PPA0568a_MYR	MYRISTIC ACID	-4.39
PPA0569	pocket6	JZL	PPA0569a_JZL	7-amino-2-[(2-chlorobenzyl)amino]-1-{[(1S,2S)-2-hydroxycycloheptyl]methyl}-1H-benzimidazole-5-carboxamide	-9.08
PPA0569	pocket9	ADP	PPA0569a_ADP	ADENOSINE-5'-DIPHOSPHATE	-4.33
PPA0569	pocket4	GM2	PPA0569a_GM2	N-[(1S,2S)-2-HYDROXY-1-({[(2R,3R,4S,5S,6R)-3,4,5-TRIHYDROXY-6-(HYDROXYMETHYL)TETRAHYDRO-2H-PYRAN-2-YL]OXY}METHYL)OCTADECYL]OCTADECANAMIDE	-3.12
PPA0570	pocket3	1KP	PPA0570a_1KP	(3E)-6,7-dichloro-3-(hydroxyimino)-1,3-dihydro-2H-indol-2-one	-6.6
PPA0570	pocket0	ADE	PPA0570a_ADE	ADENINE	-4.73
PPA0571	pocket15	HEC	PPA0571a_HEC	HEME C	-9.65
PPA0571	pocket13	NAP	PPA0571a_NAP	NADP NICOTINAMIDE-ADENINE-DINUCLEOTIDE PHOSPHATE	-4.85
PPA0572	pocket8	4T0	PPA0572a_4T0	N-{3-[(2R)-1-{(2R)-2-[(1-aminoisoquinolin-6-yl)amino]-2-phenylacetyl}pyrrolidin-2-yl]-4-(propan-2-ylsulfonyl)phenyl}acetamide	-7.19
PPA0572	pocket0	IPE	PPA0572a_IPE	3-METHYLBUT-3-ENYL TRIHYDROGEN DIPHOSPHATE	-5.8
PPA0572	pocket3	APR	PPA0572a_APR	ADENOSINE-5-DIPHOSPHORIBOSE	-3.95
PPA0572	pocket9	FAD	PPA0572a_FAD	FLAVIN-ADENINE DINUCLEOTIDE	-2.93
PPA0573	pocket0	8K6	PPA0573a_8K6	Octadecane	-5.52
PPA0574	pocket7	FAD	PPA0574a_FAD	FLAVIN-ADENINE DINUCLEOTIDE	-7.69
PPA0574	pocket6	SD4	PPA0574a_SD4	N-hydroxy-L-asparagine	-5.63
PPA0574	pocket0	2PE	PPA0574a_2PE	NONAETHYLENE GLYCOL	-2.76
PPA0576	pocket10	GTP	PPA0576a_GTP	GUANOSINE-5'-TRIPHOSPHATE	-3.62
PPA0576	pocket4	BT5	PPA0576a_BT5	BIOTINYL-5-AMP	-2.72
PPA0577	pocket1	TCL	PPA0577a_TCL	TRICLOSAN	-6.88
PPA0577	pocket0	AE4	PPA0577a_AE4	3,6,9,12,15-PENTAOXAHEPTADECAN-1-OL	-2.24
PPA0578	pocket7	FAD	PPA0578a_FAD	FLAVIN-ADENINE DINUCLEOTIDE	-4.69
PPA0578	pocket0	ADP	PPA0578a_ADP	ADENOSINE-5'-DIPHOSPHATE	-3.96
PPA0578	pocket8	ADP	PPA0578a_ADP	ADENOSINE-5'-DIPHOSPHATE	-3.96
PPA0578	pocket3	SF4	PPA0578a_SF4	IRON/SULFUR CLUSTER	-3.47
PPA0579	pocket5	HEM	PPA0579a_HEM	PROTOPORPHYRIN IX CONTAINING FE	-7.83
PPA0579	pocket0	1YY	PPA0579a_1YY	(2R)-1,1,1-trifluoro-2-{4-[(2S)-2-{[(3S)-3-methylmorpholin-4-yl]methyl}-4-(thiophen-2-ylsulfonyl)piperazin-1-yl]phenyl}propan-2-ol	-6.25
PPA0579	pocket1	NAI	PPA0579a_NAI	1,4-DIHYDRONICOTINAMIDE ADENINE DINUCLEOTIDE	-4.08
PPA0580	pocket0	UD1	PPA0580a_UD1	URIDINE-DIPHOSPHATE-N-ACETYLGLUCOSAMINE	-2.33
PPA0581	pocket0	72R	PPA0581a_72R	5-fluoranyl-1~{H}-indole-2,3-dione	-4.7
PPA0582	pocket4	Q7U	PPA0582a_Q7U	1-(2-chlorophenyl)-3-(1-methylbenzimidazol-2-yl)urea	-6.83
PPA0582	pocket0	AIB	PPA0582a_AIB	ALPHA-AMINOISOBUTYRIC ACID	-5.75
PPA0582	pocket10	HMS	PPA0582a_HMS	5-O-phosphono-L-ribulose	-4.95
PPA0582	pocket7	ADP	PPA0582a_ADP	ADENOSINE-5'-DIPHOSPHATE	-4.66
PPA0582	pocket5	FAD	PPA0582a_FAD	FLAVIN-ADENINE DINUCLEOTIDE	-3.11
PPA0583	pocket11	COA	PPA0583a_COA	COENZYME A	-2.32
PPA0584	pocket12	PSQ	PPA0584a_PSQ	NDELTA-(N'-SULPHODIAMINOPHOSPHINYL)-L-ORNITHINE	-7.99
PPA0584	pocket0	PAO	PPA0584a_PAO	N-(PHOSPHONOACETYL)-L-ORNITHINE	-7.54
PPA0584	pocket11	FAD	PPA0584a_FAD	FLAVIN-ADENINE DINUCLEOTIDE	-6.77
PPA0584	pocket2	433	PPA0584a_433	2-(4-{3-[1-[2-(2-CHLORO-6-FLUORO-PHENYL)-ETHYL]-3-(2,3-DICHLORO-PHENYL)-UREIDO]-PROPYL}-PHENOXY)-2-METHYL-PROPIONIC ACID	-3.35
PPA0585	pocket8	NAP	PPA0585a_NAP	NADP NICOTINAMIDE-ADENINE-DINUCLEOTIDE PHOSPHATE	-7.3
PPA0585	pocket1	ADP	PPA0585a_ADP	ADENOSINE-5'-DIPHOSPHATE	-5.9
PPA0585	pocket0	CIT	PPA0585a_CIT	CITRIC ACID	-5.68
PPA0585	pocket4	FAD	PPA0585a_FAD	FLAVIN-ADENINE DINUCLEOTIDE	-5.05
PPA0585	pocket12	HMG	PPA0585a_HMG	3-HYDROXY-3-METHYLGLUTARYL-COENZYME A	0.79
PPA0586	pocket2	FEO	PPA0586a_FEO	MU-OXO-DIIRON	Nil
PPA0587	pocket3	ITI	PPA0587a_ITI	N-[3-(5-{2-[(4-morpholin-4-ylphenyl)amino]pyrimidin-4-yl}imidazo[2,1-b][1,3]thiazol-6-yl)phenyl]-2-phenylacetamide	-7.22
PPA0587	pocket0	Q7U	PPA0587a_Q7U	1-(2-chlorophenyl)-3-(1-methylbenzimidazol-2-yl)urea	-6.72
PPA0587	pocket1	NBB	PPA0587a_NBB	N-BUTYL-BENZENESULFONAMIDE	-5.67
PPA0588	pocket2	BUJ	PPA0588a_BUJ	(3R)-3-(hexadecanoylamino)-4-(trimethylammonio)butanoate	-4.27
PPA0588	pocket0	HAL	PPA0588a_HAL	N-{[2-({[1-(4-CARBOXYBUTANOYL)AMINO]-2-PHENYLETHYL}-HYDROXYPHOSPHINYL)OXY]ACETYL}-2-PHENYLETHYLAMINE	-3.98
PPA0588	pocket1	PE8	PPA0588a_PE8	3,6,9,12,15,18,21-HEPTAOXATRICOSANE-1,23-DIOL	-0.39
PPA0589	pocket0	NAP	PPA0589a_NAP	NADP NICOTINAMIDE-ADENINE-DINUCLEOTIDE PHOSPHATE	-12.37
PPA0589	pocket6	E4P	PPA0589a_E4P	ERYTHOSE-4-PHOSPHATE	-0.82
PPA0591	pocket6	ATP	PPA0591a_ATP	ADENOSINE-5'-TRIPHOSPHATE	-3.5
PPA0591	pocket0	WO4	PPA0591a_WO4	TUNGSTATE(VI)ION	Nil
PPA0591	pocket1	FEL	PPA0591a_FEL	HYDRATED FE	Nil
PPA0592	pocket1	H0S	PPA0592a_H0S	N-(4-methylphenyl)-1H-pyrazolo[3,4-d]pyrimidin-4-amine	-5.07
PPA0592	pocket0	ACI	PPA0592a_ACI	6-AMINO-4-HYDROXYMETHYL-CYCLOHEX-4-ENE-1,2,3-TRIOL	-4.88
PPA0592	pocket11	LP3	PPA0592a_LP3	(7R)-4,7-DIHYDROXY-N,N,N-TRIMETHYL-10-OXO-3,5,9-TRIOXA-4-PHOSPHAHEPTACOSAN-1-AMINIUM 4-OXIDE	-3.4
PPA0593	pocket1	NAI	PPA0593a_NAI	1,4-DIHYDRONICOTINAMIDE ADENINE DINUCLEOTIDE	-12.41
PPA0593	pocket0	UDX	PPA0593a_UDX	URIDINE-5'-DIPHOSPHATE-XYLOPYRANOSE	-8.72
PPA0593	pocket2	I3A	PPA0593a_I3A	1H-INDOLE-3-CARBALDEHYDE	-5.73
PPA0594	pocket2	XMP	PPA0594a_XMP	XANTHOSINE-5'-MONOPHOSPHATE	-4.93
PPA0594	pocket0	DEP	PPA0594a_DEP	DIETHYL PHOSPHONATE	-4.35
PPA0594	pocket9	ADP	PPA0594a_ADP	ADENOSINE-5'-DIPHOSPHATE	-2.53
PPA0594	pocket5	2UJ	PPA0594a_2UJ	N-[3-(propanoylamino)propyl]guanosine 5'-(tetrahydrogen triphosphate)	-2.47
PPA0595	pocket0	P0Z	PPA0595a_P0Z	3-[(2~{R})-5,5-dimethyl-2-phenyl-morpholin-4-yl]-~{N}-(methylcarbamoyl)propanamide	-5.62
PPA0595	pocket5	LZ1	PPA0595a_LZ1	1H-indazole	-5.04
PPA0595	pocket16	FAD	PPA0595a_FAD	FLAVIN-ADENINE DINUCLEOTIDE	-4.47
PPA0595	pocket8	FES	PPA0595a_FES	FE2/S2 (INORGANIC) CLUSTER	-2.66
PPA0596	pocket0	SCA	PPA0596a_SCA	SUCCINYL-COENZYME A	-7.89
PPA0596	pocket4	DCA	PPA0596a_DCA	DESULFO-COENZYME A	-7.2
PPA0596	pocket20	FAD	PPA0596a_FAD	FLAVIN-ADENINE DINUCLEOTIDE	-4.89
PPA0597	pocket4	GCP	PPA0597a_GCP	PHOSPHOMETHYLPHOSPHONIC ACID GUANYLATE ESTER	-9.32
PPA0597	pocket2	KVB	PPA0597a_KVB	2-[4-[[3-[3-(phenylmethyl)-8-(trifluoromethyl)quinolin-4-yl]phenoxy]methyl]phenyl]ethanoic acid	-7.09
PPA0597	pocket13	0DY	PPA0597a_0DY	N~1~-(3-aminobenzyl)-N~2~-[(2R)-2-(hydroxycarbamoyl)-4-methylpentanoyl]-L-aspartamide	-5.41
PPA0597	pocket1	36G	PPA0597a_36G	N-(2-methoxyphenyl)-3,4-dihydro-2H-quinoline-1-carboxamide	-5.12
PPA0597	pocket5	FAD	PPA0597a_FAD	FLAVIN-ADENINE DINUCLEOTIDE	-4.55
PPA0597	pocket9	FAD	PPA0597a_FAD	FLAVIN-ADENINE DINUCLEOTIDE	-4.55
PPA0597	pocket6	ATP	PPA0597a_ATP	ADENOSINE-5'-TRIPHOSPHATE	-3.74
PPA0598	pocket0	53C	PPA0598a_53C	1-(3-hydroxyphenyl)ethanone	-4.86
PPA0598	pocket1	B3P	PPA0598a_B3P	2-[3-(2-HYDROXY-1,1-DIHYDROXYMETHYL-ETHYLAMINO)-PROPYLAMINO]-2-HYDROXYMETHYL-PROPANE-1,3-DIOL	-1.52
PPA0598	pocket9	ACQ	PPA0598a_ACQ	DIPHOSPHOMETHYLPHOSPHONIC ACID ADENYLATE ESTER	-1.47
PPA0603	pocket1	ISA	PPA0603a_ISA	3-(4-IODO-PHENYL)-2-MERCAPTO-PROPIONIC ACID	-7.35
PPA0603	pocket0	NPF	PPA0603a_NPF	2-nitrophenyl beta-D-fucopyranoside	-6.97
PPA0603	pocket3	1BA	PPA0603a_1BA	4-HYDROXY-N'-(4-ISOPROPYLBENZYL)BENZOHYDRAZIDE	-6.48
PPA0603	pocket6	NAD	PPA0603a_NAD	NICOTINAMIDE-ADENINE-DINUCLEOTIDE	-5.2
PPA0603	pocket2	FAD	PPA0603a_FAD	FLAVIN-ADENINE DINUCLEOTIDE	-4.7
PPA0603	pocket8	FAD	PPA0603a_FAD	FLAVIN-ADENINE DINUCLEOTIDE	-4.7
PPA0605	pocket4	PLM	PPA0605a_PLM	PALMITIC ACID	-6.74
PPA0605	pocket1	HEA	PPA0605a_HEA	HEME-A	-6.22
PPA0606	pocket7	FAD	PPA0606a_FAD	FLAVIN-ADENINE DINUCLEOTIDE	-4.1
PPA0606	pocket2	AAM	PPA0606a_AAM	ALPHA-ADENOSINE MONOPHOSPHATE	-3.2
PPA0607	pocket4	SYJ	PPA0607a_SYJ	2-fluoranyl-~{N}-(furan-2-ylmethyl)benzenesulfonamide	-6.79
PPA0607	pocket0	FHN	PPA0607a_FHN	(2S,3R,5R,6S)-3,4,5-TRIHYDROXY-2,6-BIS(HYDROXYMETHYL)PIPERIDINIUM	-6.74
PPA0607	pocket5	NAD	PPA0607a_NAD	NICOTINAMIDE-ADENINE-DINUCLEOTIDE	-2.58
PPA0607	pocket13	NDP	PPA0607a_NDP	NADPH DIHYDRO-NICOTINAMIDE-ADENINE-DINUCLEOTIDE PHOSPHATE	-0.82
PPA0608	pocket4	SAH	PPA0608a_SAH	S-ADENOSYL-L-HOMOCYSTEINE	-5.83
PPA0608	pocket1	FV2	PPA0608a_FV2	Mo8 cluster	Nil
PPA0609	pocket10	HEC	PPA0609a_HEC	HEME C	-7.48
PPA0609	pocket8	HEM	PPA0609a_HEM	PROTOPORPHYRIN IX CONTAINING FE	-6.58
PPA0609	pocket0	FOC	PPA0609a_FOC	FUCITOL	-4.29
PPA0610	pocket2	BB2	PPA0610a_BB2	ACTINONIN	-7.14
PPA0610	pocket1	SF4	PPA0610a_SF4	IRON/SULFUR CLUSTER	-2.78
PPA0615	pocket6	ANP	PPA0615a_ANP	PHOSPHOAMINOPHOSPHONIC ACID-ADENYLATE ESTER	-8.42
PPA0615	pocket3	BCL	PPA0615a_BCL	BACTERIOCHLOROPHYLL A	-7.5
PPA0615	pocket11	OAD	PPA0615a_OAD	2'-O-ACETYL ADENOSINE-5-DIPHOSPHORIBOSE	-3.9
PPA0615	pocket9	FAD	PPA0615a_FAD	FLAVIN-ADENINE DINUCLEOTIDE	-2.12
PPA0615	pocket4	VLB	PPA0615a_VLB	(2ALPHA,2'BETA,3BETA,4ALPHA,5BETA)-VINCALEUKOBLASTINE	1105.16
PPA0616	pocket3	627	PPA0616a_627	N-[(3E)-5-[(2R)-2-METHOXY-2-PHENYLACETYL]PYRROLO[3,4-C]PYRAZOL-3(5H)-YLIDENE]-4-(4-METHYLPIPERAZIN-1-YL)BENZAMIDE	-6.85
PPA0616	pocket8	FAD	PPA0616a_FAD	FLAVIN-ADENINE DINUCLEOTIDE	-6.8
PPA0616	pocket0	6W6	PPA0616a_6W6	3-[2,5-bis(chloranyl)pyrrol-1-yl]thiophene-2-carboxylic acid	-6.09
PPA0616	pocket1	BLN	PPA0616a_BLN	MORPHOLINE-4-CARBOXYLIC ACID [1S-(2-BENZYLOXY-1R-CYANO-ETHYLCARBAMOYL)-3-METHYL-BUTYL]AMIDE	-5.97
PPA0617	pocket1	NAI	PPA0617a_NAI	1,4-DIHYDRONICOTINAMIDE ADENINE DINUCLEOTIDE	-5.01
PPA0617	pocket2	MCN	PPA0617a_MCN	PTERIN CYTOSINE DINUCLEOTIDE	-4.74
PPA0618	pocket0	C5J	PPA0618a_C5J	dicarbonimidic diamide	-4.22
PPA0618	pocket1	ADE	PPA0618a_ADE	ADENINE	-3.7
PPA0618	pocket3	NAP	PPA0618a_NAP	NADP NICOTINAMIDE-ADENINE-DINUCLEOTIDE PHOSPHATE	-2.6
PPA0619	pocket2	CDQ	PPA0619a_CDQ	6-[(5-chloro-2-oxo-2,3-dihydro-1H-indol-1-yl)methyl]-2,3-dihydro-1,4-benzodioxine-5-carboxylic acid	-7.51
PPA0619	pocket8	7V1	PPA0619a_7V1	6-[2-({[4-(furan-2-yl)benzene-1-carbonyl](propan-2-yl)amino}methyl)phenoxy]hexanoic acid	-6.66
PPA0620	pocket1	FAD	PPA0620a_FAD	FLAVIN-ADENINE DINUCLEOTIDE	-9.53
PPA0620	pocket7	RDC	PPA0620a_RDC	RADICICOL	-6.61
PPA0620	pocket3	W3V	PPA0620a_W3V	1-carbamoylpiperidine-4-carboxylic acid	-5.13
PPA0620	pocket0	NDP	PPA0620a_NDP	NADPH DIHYDRO-NICOTINAMIDE-ADENINE-DINUCLEOTIDE PHOSPHATE	-4.6
PPA0620	pocket2	ADE	PPA0620a_ADE	ADENINE	-4.55
PPA0620	pocket44	DTT	PPA0620a_DTT	2,3-DIHYDROXY-1,4-DITHIOBUTANE	-3.79
PPA0620	pocket27	NAD	PPA0620a_NAD	NICOTINAMIDE-ADENINE-DINUCLEOTIDE	1.1
PPA0620	pocket16	NAP	PPA0620a_NAP	NADP NICOTINAMIDE-ADENINE-DINUCLEOTIDE PHOSPHATE	3.39
PPA0621	pocket0	ADP	PPA0621a_ADP	ADENOSINE-5'-DIPHOSPHATE	-7.56
PPA0621	pocket6	NAI	PPA0621a_NAI	1,4-DIHYDRONICOTINAMIDE ADENINE DINUCLEOTIDE	-6.43
PPA0621	pocket5	FAD	PPA0621a_FAD	FLAVIN-ADENINE DINUCLEOTIDE	-3.67
PPA0622	pocket5	BZ9	PPA0622a_BZ9	N-[3-methyl-4-({3-[2-(methylamino)pyrimidin-4-yl]pyridin-2-yl}oxy)naphthalen-1-yl]-1H-benzimidazol-2-amine	-10.72
PPA0622	pocket2	YY3	PPA0622a_YY3	N-(2-{[2-(dimethylamino)ethyl](methyl)amino}-4-methoxy-5-{[4-(1-methyl-1H-indol-3-yl)pyrimidin-2-yl]amino}phenyl)prop-2-enamide	-8.75
PPA0622	pocket0	ADP	PPA0622a_ADP	ADENOSINE-5'-DIPHOSPHATE	-6.89
PPA0622	pocket1	ARC	PPA0622a_ARC	3,7,11,15-TETRAMETHYL-HEXADECAN-1-OL	-6.76
PPA0622	pocket12	HEM	PPA0622a_HEM	PROTOPORPHYRIN IX CONTAINING FE	-5.41
PPA0623	pocket1	3L5	PPA0623a_3L5	(2-{[2-(2-amino-6-oxo-3,6-dihydro-9H-purin-9-yl)ethyl][2-(2-phosphonoethoxy)ethyl]amino}ethyl)phosphonic acid	-7.28
PPA0623	pocket3	PRP	PPA0623a_PRP	1-O-pyrophosphono-5-O-phosphono-alpha-D-ribofuranose	-4.84
PPA0624	pocket0	ACO	PPA0624a_ACO	ACETYL COENZYME *A	-12.14
PPA0624	pocket1	FAD	PPA0624a_FAD	FLAVIN-ADENINE DINUCLEOTIDE	-3.98
PPA0625	pocket0	NAI	PPA0625a_NAI	1,4-DIHYDRONICOTINAMIDE ADENINE DINUCLEOTIDE	-7.92
PPA0626	pocket6	FAD	PPA0626a_FAD	FLAVIN-ADENINE DINUCLEOTIDE	-6.38
PPA0626	pocket0	NDP	PPA0626a_NDP	NADPH DIHYDRO-NICOTINAMIDE-ADENINE-DINUCLEOTIDE PHOSPHATE	-4.7
PPA0626	pocket11	NDP	PPA0626a_NDP	NADPH DIHYDRO-NICOTINAMIDE-ADENINE-DINUCLEOTIDE PHOSPHATE	-4.7
PPA0626	pocket3	MYS	PPA0626a_MYS	PENTADECANE	-4.63
PPA0628	pocket0	PGU	PPA0628a_PGU	N-({3-hydroxy-2-methyl-5-[(phosphonooxy)methyl]pyridin-4-yl}methyl)-L-glutamic acid	-13.19
PPA0628	pocket4	1AV	PPA0628a_1AV	7-(1H-imidazol-1-yl)-2-(pyridin-3-yl)[1,3]thiazolo[5,4-d]pyrimidin-5-amine	-5.71
PPA0628	pocket7	OTP	PPA0628a_OTP	(2E,6E,10E,14E,18E,22E,26E)-3,7,11,15,19,23,27,31-OCTAMETHYLDOTRIACONTA-2,6,10,14,18,22,26,30-OCTAENYL TRIHYDROGEN DIPHOSPHATE	-4.15
PPA0628	pocket6	FAD	PPA0628a_FAD	FLAVIN-ADENINE DINUCLEOTIDE	-2.41
PPA0629	pocket1	ADP	PPA0629a_ADP	ADENOSINE-5'-DIPHOSPHATE	-6.48
PPA0629	pocket3	BAK	PPA0629a_BAK	BIS(5-AMIDINO-2-BENZIMIDAZOLYL)METHANE KETONE	-4.51
PPA0629	pocket0	JXT	PPA0629a_JXT	8-bromanyl-9-pent-4-ynyl-purin-6-amine	-4.47
PPA0630	pocket2	FAD	PPA0630a_FAD	FLAVIN-ADENINE DINUCLEOTIDE	-5.13
PPA0630	pocket6	FAD	PPA0630a_FAD	FLAVIN-ADENINE DINUCLEOTIDE	-5.13
PPA0632	pocket0	NVA	PPA0632a_NVA	NORVALINE	-4.11
PPA0632	pocket2	SF4	PPA0632a_SF4	IRON/SULFUR CLUSTER	-4.11
PPA0632	pocket4	FES	PPA0632a_FES	FE2/S2 (INORGANIC) CLUSTER	-2.57
PPA0633	pocket8	VSP	PPA0633a_VSP	N-(3-{[4-amino-1-(propan-2-yl)-1H-pyrazolo[3,4-d]pyrimidin-3-yl]methyl}phenyl)ethanesulfonamide	-7.44
PPA0633	pocket0	ARC	PPA0633a_ARC	3,7,11,15-TETRAMETHYL-HEXADECAN-1-OL	-7.32
PPA0633	pocket3	ADP	PPA0633a_ADP	ADENOSINE-5'-DIPHOSPHATE	-6.25
PPA0634	pocket6	BNU	PPA0634a_BNU	6-bromo-1-ethyl-4-oxo-7-(piperazin-1-yl)-1,4-dihydroquinoline-3-carboxylic acid	-6.45
PPA0634	pocket5	E7H	PPA0634a_E7H	4-[[(5~{S},7~{R})-3-azanyl-1-adamantyl]carbonylamino]-1~{H}-indole-2-carboxamide	-5.38
PPA0635	pocket1	2VN	PPA0635a_2VN	2-[(4-{2-[(4-cyclohexylbutyl)(cyclohexylcarbamoyl)amino]ethyl}phenyl)sulfanyl]-2-methylpropanoic acid	-9.77
PPA0636	pocket4	NAD	PPA0636a_NAD	NICOTINAMIDE-ADENINE-DINUCLEOTIDE	-6.27
PPA0636	pocket3	FAD	PPA0636a_FAD	FLAVIN-ADENINE DINUCLEOTIDE	-3.65
PPA0639	pocket1	UDX	PPA0639a_UDX	URIDINE-5'-DIPHOSPHATE-XYLOPYRANOSE	-7.85
PPA0640	pocket0	CTP	PPA0640a_CTP	CYTIDINE-5'-TRIPHOSPHATE	-8.88
PPA0641	pocket1	DDF	PPA0641a_DDF	5,10-DIDEAZATETRAHYDROFOLIC ACID	-8.6
PPA0641	pocket0	SAM	PPA0641a_SAM	S-ADENOSYLMETHIONINE	-6.24
PPA0642	pocket6	SAH	PPA0642a_SAH	S-ADENOSYL-L-HOMOCYSTEINE	-5.9
PPA0642	pocket0	3OH	PPA0642a_3OH	3-HYDROXY-PROPANOIC ACID	-4.46
PPA0642	pocket4	FAD	PPA0642a_FAD	FLAVIN-ADENINE DINUCLEOTIDE	-2.13
PPA0644	pocket0	MNI	PPA0644a_MNI	N-{[(2R,3R,4R,5R)-3,4-DIHYDROXY-5-(HYDROXYMETHYL)PYRROLIDIN-2-YL]METHYL}-4-(DIMETHYLAMINO)BENZAMIDE	-11
PPA0644	pocket3	NY5	PPA0644a_NY5	5,6,7,8-tetrahydronaphthalene-2-carboxylic acid	-6.44
PPA0644	pocket13	KAA	PPA0644a_KAA	5'-O-[(L-LYSYLAMINO)SULFONYL]ADENOSINE	-6.3
PPA0644	pocket1	SF4	PPA0644a_SF4	IRON/SULFUR CLUSTER	-3.65
PPA0645	pocket0	POP	PPA0645a_POP	PYROPHOSPHATE 2-	-3.98
PPA0646	pocket1	RG1	PPA0646a_RG1	Rhodopin b-D-glucoside	-6.85
PPA0646	pocket0	7PH	PPA0646a_7PH	(1R)-2-(dodecanoyloxy)-1-[(phosphonooxy)methyl]ethyl tetradecanoate	-5.43
PPA0646	pocket3	HEM	PPA0646a_HEM	PROTOPORPHYRIN IX CONTAINING FE	-4.59
PPA0647	pocket13	HEC	PPA0647a_HEC	HEME C	-9.13
PPA0647	pocket0	DAL	PPA0647a_DAL	D-ALANINE	-4.86
PPA0647	pocket5	FDA	PPA0647a_FDA	DIHYDROFLAVINE-ADENINE DINUCLEOTIDE	-0.99
PPA0648	pocket0	FPS	PPA0648a_FPS	S-[(2E,6E)-3,7,11-TRIMETHYLDODECA-2,6,10-TRIENYL] TRIHYDROGEN THIODIPHOSPHATE	-5.7
PPA0649	pocket0	HEM	PPA0649a_HEM	PROTOPORPHYRIN IX CONTAINING FE	-11.47
PPA0649	pocket4	FMN	PPA0649a_FMN	FLAVIN MONONUCLEOTIDE	-7.34
PPA0649	pocket1	M88	PPA0649a_M88	1-(8Z-hexadecenoyl)-sn-glycerol	-2.19
PPA0650	pocket0	M44	PPA0650a_M44	N,N'-bis(1-methylethyl)phosphorodiamidic acid	-2.53
PPA0651	pocket0	VN4	PPA0651a_VN4	oxido(dioxo)vanadium	Nil
PPA0656	pocket2	CYC	PPA0656a_CYC	PHYCOCYANOBILIN	-8.45
PPA0656	pocket0	CIT	PPA0656a_CIT	CITRIC ACID	-2.26
PPA0657	pocket4	3F2	PPA0657a_3F2	N,N'-bis[3-(4,5-dihydro-1H-imidazol-2-yl)phenyl]biphenyl-4,4'-dicarboxamide	-7.29
PPA0657	pocket5	HEM	PPA0657a_HEM	PROTOPORPHYRIN IX CONTAINING FE	-7.29
PPA0657	pocket0	SQU	PPA0657a_SQU	2,10,23-TRIMETHYL-TETRACOSANE	-7
PPA0657	pocket17	FCX	PPA0657a_FCX	ALPHA-FLUORO-CARBOXYMETHYLDETHIA COENZYME A COMPLEX	-6.95
PPA0657	pocket1	SQD	PPA0657a_SQD	1,2-DI-O-ACYL-3-O-[6-DEOXY-6-SULFO-ALPHA-D-GLUCOPYRANOSYL]-SN-GLYCEROL	-6.11
PPA0657	pocket2	6DL	PPA0657a_6DL	5-(5-Bromo-2,4-dihydroxy-phenyl)-4-(2-fluoro-phenyl)-2,4-dihydro-[1,2,4]triazol-3-one	-5.66
PPA0657	pocket7	SF4	PPA0657a_SF4	IRON/SULFUR CLUSTER	-3.2
PPA0658	pocket4	AGS	PPA0658a_AGS	PHOSPHOTHIOPHOSPHORIC ACID-ADENYLATE ESTER	-7.64
PPA0658	pocket1	X37	PPA0658a_X37	4-(4-tert-butylbenzyl)-1-(7H-pyrrolo[2,3-d]pyrimidin-4-yl)piperidin-4-aminium	-7.08
PPA0658	pocket11	41R	PPA0658a_41R	N~2~-[(4-fluoro-3-methylphenyl)sulfonyl]-N-hydroxy-N~2~-(2-methylpropyl)-D-valinamide	-6.43
PPA0658	pocket6	2B7	PPA0658a_2B7	1-[4-(3-methylbutyl)-5-oxo-6-(pyridin-3-yl)-4,5-dihydro[1,3]thiazolo[5,4-b]pyridin-2-yl]-3-prop-2-en-1-ylurea	-6.29
PPA0658	pocket10	HEM	PPA0658a_HEM	PROTOPORPHYRIN IX CONTAINING FE	-3.98
PPA0658	pocket7	UPG	PPA0658a_UPG	URIDINE-5'-DIPHOSPHATE-GLUCOSE	-3.32
PPA0658	pocket8	SF4	PPA0658a_SF4	IRON/SULFUR CLUSTER	-3.16
PPA0658	pocket2	FES	PPA0658a_FES	FE2/S2 (INORGANIC) CLUSTER	-2.1
PPA0660	pocket2	HDD	PPA0660a_HDD	CIS-HEME D HYDROXYCHLORIN GAMMA-SPIROLACTONE	-7.36
PPA0660	pocket22	FAD	PPA0660a_FAD	FLAVIN-ADENINE DINUCLEOTIDE	-6.69
PPA0660	pocket9	FAD	PPA0660a_FAD	FLAVIN-ADENINE DINUCLEOTIDE	-6.69
PPA0660	pocket8	SAM	PPA0660a_SAM	S-ADENOSYLMETHIONINE	-6.32
PPA0660	pocket24	MYR	PPA0660a_MYR	MYRISTIC ACID	-6.12
PPA0660	pocket1	PYR	PPA0660a_PYR	PYRUVIC ACID	-3.16
PPA0660	pocket15	UX0	PPA0660a_UX0	(1S,2R,3R,5R)-3-(HYDROXYMETHYL)-5-((5-METHOXYQUINAZOLIN-4-YL)AMINO)CYCLOPENTANE-1,2-DIOL	-3.07
PPA0661	pocket0	Y02	PPA0661a_Y02	(2R,3R,4S,5R,6E)-3,4,5-trihydroxy-2-methoxy-8,8-dimethyl-N-[2-(2,4,6-trimethylphenoxy)ethyl]non-6-enamide	-7.96
PPA0661	pocket1	NAP	PPA0661a_NAP	NADP NICOTINAMIDE-ADENINE-DINUCLEOTIDE PHOSPHATE	-2.34
PPA0663	pocket8	NDP	PPA0663a_NDP	NADPH DIHYDRO-NICOTINAMIDE-ADENINE-DINUCLEOTIDE PHOSPHATE	-1.99
PPA0664	pocket6	NAD	PPA0664a_NAD	NICOTINAMIDE-ADENINE-DINUCLEOTIDE	-7.89
PPA0664	pocket7	SAH	PPA0664a_SAH	S-ADENOSYL-L-HOMOCYSTEINE	-7.89
PPA0664	pocket0	ANP	PPA0664a_ANP	PHOSPHOAMINOPHOSPHONIC ACID-ADENYLATE ESTER	-7.55
PPA0664	pocket1	P3S	PPA0664a_P3S	L-METHIONINE-S-SULFOXIMINE PHOSPHATE	-5.49
PPA0664	pocket4	P3S	PPA0664a_P3S	L-METHIONINE-S-SULFOXIMINE PHOSPHATE	-5.49
PPA0664	pocket13	PCD	PPA0664a_PCD	(MOLYBDOPTERIN-CYTOSINE DINUCLEOTIDE-S,S)-DIOXO-AQUA-MOLYBDENUM(V)	Nil
PPA0665	pocket0	NCA	PPA0665a_NCA	NICOTINAMIDE	-5.23
PPA0665	pocket2	MPG	PPA0665a_MPG	[(Z)-octadec-9-enyl] (2R)-2,3-bis(oxidanyl)propanoate	-4.77
PPA0665	pocket3	FAD	PPA0665a_FAD	FLAVIN-ADENINE DINUCLEOTIDE	-2.18
PPA0665	pocket8	FAD	PPA0665a_FAD	FLAVIN-ADENINE DINUCLEOTIDE	-2.18
PPA0665	pocket5	NAP	PPA0665a_NAP	NADP NICOTINAMIDE-ADENINE-DINUCLEOTIDE PHOSPHATE	-0.12
PPA0666	pocket3	GDS	PPA0666a_GDS	OXIDIZED GLUTATHIONE DISULFIDE	-7.27
PPA0666	pocket2	I18	PPA0666a_I18	(4S,5R)-4,5-bis(4-chlorophenyl)-2-methyl-4,5-dihydro-1H-imidazole	-7.24
PPA0666	pocket1	X8E	PPA0666a_X8E	5-METHYL-8-PYRIDIN-4-YL[1,2,4]TRIAZOLO[4,3-A]QUINOLIN-1(2H)-ONE	-6.78
PPA0666	pocket16	NAP	PPA0666a_NAP	NADP NICOTINAMIDE-ADENINE-DINUCLEOTIDE PHOSPHATE	-5.39
PPA0667	pocket15	HEM	PPA0667a_HEM	PROTOPORPHYRIN IX CONTAINING FE	-9.06
PPA0667	pocket5	DIU	PPA0667a_DIU	2-HYDROXY-3,5-DIIODO-BENZOIC ACID	-6.81
PPA0667	pocket3	DPO	PPA0667a_DPO	DIPHOSPHATE	-4.48
PPA0668	pocket10	BMS	PPA0668a_BMS	4-[(4,4-DIMETHYL-1,2,3,4-TETRAHYDRO-[1,2']BINAPTHALENYL-7-CARBONYL)-AMINO]-BENZOIC ACID	-6.07
PPA0668	pocket0	ANP	PPA0668a_ANP	PHOSPHOAMINOPHOSPHONIC ACID-ADENYLATE ESTER	-4.35
PPA0668	pocket2	B1M	PPA0668a_B1M	CO-5-METHOXYBENZIMIDAZOLYLCOBAMIDE	Nil
PPA0669	pocket0	FES	PPA0669a_FES	FE2/S2 (INORGANIC) CLUSTER	-2.45
PPA0670	pocket3	SAM	PPA0670a_SAM	S-ADENOSYLMETHIONINE	-6.12
PPA0671	pocket1	P3S	PPA0671a_P3S	L-METHIONINE-S-SULFOXIMINE PHOSPHATE	-6.94
PPA0671	pocket2	1AZ	PPA0671a_1AZ	1-(3,4-dichlorobenzyl)-3,7-dimethyl-8-morpholin-4-yl-3,7-dihydro-1H-purine-2,6-dione	-6.55
PPA0671	pocket0	CIT	PPA0671a_CIT	CITRIC ACID	-5.6
PPA0672	pocket0	RG1	PPA0672a_RG1	Rhodopin b-D-glucoside	-7.45
PPA0673	pocket0	UDX	PPA0673a_UDX	URIDINE-5'-DIPHOSPHATE-XYLOPYRANOSE	-8.05
PPA0673	pocket5	DTP	PPA0673a_DTP	2'-DEOXYADENOSINE 5'-TRIPHOSPHATE	-6.3
PPA0674	pocket0	OLC	PPA0674a_OLC	(2R)-2,3-dihydroxypropyl (9Z)-octadec-9-enoate	-6.15
PPA0674	pocket5	IHD	PPA0674a_IHD	1-IODOHEXADECANE	-4.68
PPA0674	pocket2	AR6	PPA0674a_AR6	[(2R,3S,4R,5R)-5-(6-AMINOPURIN-9-YL)-3,4-DIHYDROXY-OXOLAN-2-YL]METHYL-[HYDROXY-[[(2R,3S,4R,5S)-3,4,5-TRIHYDROXYOXOLAN-2-YL]METHOXY]PHOSPHORYL] HYDROGEN PHOSPHATE	-3.33
PPA0675	pocket0	27Y	PPA0675a_27Y	5-bromo-3-hydroxypyridin-2(1H)-one	-5.24
PPA0676	pocket2	FAD	PPA0676a_FAD	FLAVIN-ADENINE DINUCLEOTIDE	-9.99
PPA0676	pocket1	16G	PPA0676a_16G	2-acetamido-2-deoxy-6-O-phosphono-alpha-D-glucopyranose	-9.48
PPA0679	pocket0	MYR	PPA0679a_MYR	MYRISTIC ACID	-3.85
PPA0679	pocket1	PGU	PPA0679a_PGU	N-({3-hydroxy-2-methyl-5-[(phosphonooxy)methyl]pyridin-4-yl}methyl)-L-glutamic acid	-2.63
PPA0680	pocket0	FUC	PPA0680a_FUC	alpha-L-fucopyranose	-4.95
PPA0680	pocket2	FAD	PPA0680a_FAD	FLAVIN-ADENINE DINUCLEOTIDE	56.94
PPA0680	pocket4	GDD	PPA0680a_GDD	GUANOSINE-5'-DIPHOSPHATE-ALPHA-D-MANNOSE	Nil
PPA0681	pocket1	NPS	PPA0681a_NPS	(2S)-2-(6-methoxynaphthalen-2-yl)propanoic acid	-7.72
PPA0682	pocket12	F2N	PPA0682a_F2N	[(2R,3S,4R,5R)-5-(6-AMINO-9H-PURIN-9-YL)-3,4-DIHYDROXYTETRAHYDROFURAN-2-YL]METHYL (2R,3S,4S)-5-[7,8-DIMETHYL-2,4-DIOXO-5-(3-PHENYLPROPANOYL)-1,3,4,5-TETRAHYDROBENZO[G]PTERIDIN-10(2H)-YL]-2,3,4-TRIHYDROXYPENTYL DIHYDROGEN DIPHOSPHATE	-5.73
PPA0682	pocket0	ATP	PPA0682a_ATP	ADENOSINE-5'-TRIPHOSPHATE	-5.21
PPA0682	pocket30	ADP	PPA0682a_ADP	ADENOSINE-5'-DIPHOSPHATE	-3.91
PPA0682	pocket10	PLV	PPA0682a_PLV	N-({3-HYDROXY-2-METHYL-5-[(PHOSPHONOOXY)METHYL]PYRIDIN-4-YL}METHYL)-O-METHYL-L-SERINE	-2.92
PPA0683	pocket4	HEM	PPA0683a_HEM	PROTOPORPHYRIN IX CONTAINING FE	-7.37
PPA0684	pocket5	IH9	PPA0684a_IH9	2-[(3-hydroxybenzyl)amino]ethanesulfonic acid	-8.75
PPA0684	pocket22	FAD	PPA0684a_FAD	FLAVIN-ADENINE DINUCLEOTIDE	-4.48
PPA0685	pocket1	LFG	PPA0685a_LFG	N-cycloheptyl-5-cyclopropyl-1,3,4-oxadiazol-2-amine	-6.61
PPA0685	pocket0	WUJ	PPA0685a_WUJ	N-[(furan-2-yl)methyl]urea	-5.76
PPA0685	pocket11	FSI	PPA0685a_FSI	5-acetamido-3,5-dideoxy-3-fluoro-D-erythro-alpha-L-manno-non-2-ulopyranosonic acid	-3.73
PPA0686	pocket4	G6P	PPA0686a_G6P	6-O-phosphono-alpha-D-glucopyranose	-7.75
PPA0686	pocket14	FAD	PPA0686a_FAD	FLAVIN-ADENINE DINUCLEOTIDE	-7.38
PPA0686	pocket1	9KQ	PPA0686a_9KQ	2-phenyl-4-(1,2,4-triazol-4-yl)quinazoline	-7.25
PPA0686	pocket12	PIE	PPA0686a_PIE	1,2-DIACYL-SN-GLYCERO-3-PHOSPHOINOSITOL	-5.91
PPA0687	pocket0	MGE	PPA0687a_MGE	(1S)-2-(ALPHA-L-ALLOPYRANOSYLOXY)-1-[(TRIDECANOYLOXY)METHYL]ETHYL PALMITATE	-7.6
PPA0687	pocket2	FAD	PPA0687a_FAD	FLAVIN-ADENINE DINUCLEOTIDE	-6.83
PPA0687	pocket5	REA	PPA0687a_REA	RETINOIC ACID	-6.28
PPA0689	pocket2	CKD	PPA0689a_CKD	(S)-N-(3-fluoro-2-(2-(1-(phenylsulfonyl)piperazin-2-yl)ethyl)phenyl)-3,3-bis(4-fluorophenyl)propanamide	-9.23
PPA0689	pocket0	SF4	PPA0689a_SF4	IRON/SULFUR CLUSTER	-3.28
PPA0690	pocket4	BCR	PPA0690a_BCR	BETA-CAROTENE	-7.92
PPA0690	pocket2	ACP	PPA0690a_ACP	PHOSPHOMETHYLPHOSPHONIC ACID ADENYLATE ESTER	-3.21
PPA0690	pocket0	RG1	PPA0690a_RG1	Rhodopin b-D-glucoside	6.4
PPA0691	pocket12	PFT	PPA0691a_PFT	4-(1,3-dihydro-2H-isoindol-2-ylcarbonyl)benzene-1,3-diol	-7.45
PPA0691	pocket0	9KQ	PPA0691a_9KQ	2-phenyl-4-(1,2,4-triazol-4-yl)quinazoline	-6.78
PPA0691	pocket8	FPP	PPA0691a_FPP	FARNESYL DIPHOSPHATE	-6.71
PPA0691	pocket9	ATP	PPA0691a_ATP	ADENOSINE-5'-TRIPHOSPHATE	-6.65
PPA0691	pocket20	PGT	PPA0691a_PGT	(1S)-2-{[{[(2R)-2,3-DIHYDROXYPROPYL]OXY}(HYDROXY)PHOSPHORYL]OXY}-1-[(PALMITOYLOXY)METHYL]ETHYL STEARATE	-6.49
PPA0691	pocket1	B3I	PPA0691a_B3I	2,3,5-TRIIODOBENZOIC ACID	-6.38
PPA0691	pocket19	VCP	PPA0691a_VCP	(E)-N-({3-hydroxy-2-methyl-5-[(phosphonooxy)methyl]pyridin-4-yl}methylidene)-3-[(3S)-2-oxo-2,3-dihydro-1H-indol-3-yl]-L-alanine	-6.17
PPA0691	pocket11	MYR	PPA0691a_MYR	MYRISTIC ACID	-5.91
PPA0691	pocket17	NAP	PPA0691a_NAP	NADP NICOTINAMIDE-ADENINE-DINUCLEOTIDE PHOSPHATE	-4.81
PPA0692	pocket0	OCA	PPA0692a_OCA	OCTANOIC ACID (CAPRYLIC ACID)	-5.86
PPA0693	pocket1	2TM	PPA0693a_2TM	5'-O-[(S)-hydroxy{[(S)-hydroxy(phosphonooxy)phosphoryl]methyl}phosphoryl]cytidine	-6.23
PPA0694	pocket0	CIT	PPA0694a_CIT	CITRIC ACID	-4.06
PPA0694	pocket3	MAE	PPA0694a_MAE	MALEIC ACID	-3.99
PPA0694	pocket9	FDP	PPA0694a_FDP	2,6-di-O-phosphono-beta-D-fructofuranose	-3.29
PPA0694	pocket4	4TY	PPA0694a_4TY	tert-butyl [(1R)-1-(4-bromophenyl)-2-(hydroxyamino)-2-oxoethyl]carbamate	Nil
PPA0700	pocket2	NAP	PPA0700a_NAP	NADP NICOTINAMIDE-ADENINE-DINUCLEOTIDE PHOSPHATE	-1.53
PPA0701	pocket1	HEM	PPA0701a_HEM	PROTOPORPHYRIN IX CONTAINING FE	-10.4
PPA0701	pocket4	FMN	PPA0701a_FMN	FLAVIN MONONUCLEOTIDE	-5.53
PPA0701	pocket12	FAD	PPA0701a_FAD	FLAVIN-ADENINE DINUCLEOTIDE	-5.26
PPA0701	pocket8	FAD	PPA0701a_FAD	FLAVIN-ADENINE DINUCLEOTIDE	-5.26
PPA0701	pocket2	2HQ	PPA0701a_2HQ	5-chloro-1H-indole-2,3-dione	-5.21
PPA0702	pocket0	HEA	PPA0702a_HEA	HEME-A	-12.74
PPA0702	pocket5	HEA	PPA0702a_HEA	HEME-A	-12.74
PPA0702	pocket1	CIT	PPA0702a_CIT	CITRIC ACID	-1.59
PPA0703	pocket0	DPG	PPA0703a_DPG	PHOSPHORIC ACID 2,3-BIS-(3,7,11,15-TETRAMETHYL-HEXADECYLOXY)-PROPYL ESTER 2-HYDROXO-3-PHOSPHONOOXY-PROPYL ESTER	-0.85
PPA0705	pocket0	MS9	PPA0705a_MS9	methyl 2-amino-4-chlorobenzoate	-5.11
PPA0705	pocket2	Y39	PPA0705a_Y39	(1S,2S)-2-nonylcyclopropanecarboxylic acid	-4.64
PPA0705	pocket4	ACO	PPA0705a_ACO	ACETYL COENZYME *A	-2.28
PPA0707	pocket2	NDP	PPA0707a_NDP	NADPH DIHYDRO-NICOTINAMIDE-ADENINE-DINUCLEOTIDE PHOSPHATE	-8.82
PPA0707	pocket1	I4I	PPA0707a_I4I	3-hydroxy-N-[(2R,5R,6S,9S,10S,11R)-10-hydroxy-5,11-dimethyl-3,7,12-trioxo-2-(propan-2-yl)-9-(pyridin-3-ylmethyl)-1,4-dioxa-8-azacyclododecan-6-yl]pyridine-2-carboxamide	-7.84
PPA0707	pocket0	AE3	PPA0707a_AE3	2-(2-ETHOXYETHOXY)ETHANOL	-2.38
PPA0708	pocket0	RVP	PPA0708a_RVP	RIBAVIRIN MONOPHOSPHATE	-6.08
PPA0708	pocket6	PFL	PPA0708a_PFL	2,6-BIS(1-METHYLETHYL)PHENOL	-5.36
PPA0708	pocket8	G2P	PPA0708a_G2P	PHOSPHOMETHYLPHOSPHONIC ACID GUANYLATE ESTER	-4.28
PPA0708	pocket11	FAD	PPA0708a_FAD	FLAVIN-ADENINE DINUCLEOTIDE	-3.2
PPA0710	pocket0	HEC	PPA0710a_HEC	HEME C	-13.39
PPA0710	pocket2	HEC	PPA0710a_HEC	HEME C	-13.39
PPA0710	pocket7	HEC	PPA0710a_HEC	HEME C	-13.39
PPA0710	pocket6	O74	PPA0710a_O74	6-[4-(2-chloroanilino)-1H-quinazolin-2-ylidene]cyclohexa-2,4-dien-1-one	-9.54
PPA0710	pocket20	ZK5	PPA0710a_ZK5	9ALPHA-FLUOROCORTISOL	-7.64
PPA0710	pocket9	8M5	PPA0710a_8M5	1-methyl-N-phenyl-indole-3-carboxamide	-6.56
PPA0710	pocket19	LMU	PPA0710a_LMU	DODECYL-ALPHA-D-MALTOSIDE	-4.67
PPA0710	pocket17	FAD	PPA0710a_FAD	FLAVIN-ADENINE DINUCLEOTIDE	-4.49
PPA0710	pocket1	FLC	PPA0710a_FLC	CITRATE ANION	-3.96
PPA0710	pocket8	ADE	PPA0710a_ADE	ADENINE	-3.77
PPA0711	pocket14	ADP	PPA0711a_ADP	ADENOSINE-5'-DIPHOSPHATE	-7.31
PPA0711	pocket0	SAH	PPA0711a_SAH	S-ADENOSYL-L-HOMOCYSTEINE	-4.81
PPA0712	pocket0	0S3	PPA0712a_0S3	5-(3,3-dimethylbut-1-yn-1-yl)-3-{2,2-dimethyl-1-[(trans-4-methylcyclohexyl)carbonyl]hydrazinyl}thiophene-2-carboxylic acid	-7.59
PPA0712	pocket3	FAD	PPA0712a_FAD	FLAVIN-ADENINE DINUCLEOTIDE	-7.14
PPA0712	pocket5	SAM	PPA0712a_SAM	S-ADENOSYLMETHIONINE	-5.99
PPA0713	pocket2	HEC	PPA0713a_HEC	HEME C	-7.06
PPA0713	pocket3	FAD	PPA0713a_FAD	FLAVIN-ADENINE DINUCLEOTIDE	-2.79
PPA0715	pocket7	NAI	PPA0715a_NAI	1,4-DIHYDRONICOTINAMIDE ADENINE DINUCLEOTIDE	-10.47
PPA0715	pocket8	HEC	PPA0715a_HEC	HEME C	-10.03
PPA0715	pocket4	2CJ	PPA0715a_2CJ	(1-{2-[4-(diphenylmethyl)piperazin-1-yl]-2-oxoethyl}cyclopentyl)acetic acid	-6.63
PPA0715	pocket0	HBI	PPA0715a_HBI	7,8-DIHYDROBIOPTERIN	-3.92
PPA0716	pocket0	U3H	PPA0716a_U3H	3'-DEOXY-URIDINE 5'-TRIPHOSPHATE	-11.33
PPA0716	pocket3	AGO	PPA0716a_AGO	2-amino-9-(5-O-[(R)-hydroxy{[(R)-hydroxy(phosphonoamino)phosphoryl]oxy}phosphoryl]-3-O-{[2-(methylamino)phenyl]carbonyl}-beta-D-erythro-pentofuranosyl-2-ulose)-1,9-dihydro-6H-purin-6-one	-6.2
PPA0717	pocket5	2CA	PPA0717a_2CA	BENZOFURAN-2-CARBOXYLIC ACID {(S)-3-METHYL-1-[3-OXO-1-(PYRIDIN-2-YLSULFONYL)AZEPAN-4-YLCARBAMOYL]BUTYL}AMIDE	-7.44
PPA0718	pocket2	71E	PPA0718a_71E	DZ 2384	-6.53
PPA0718	pocket0	EA4	PPA0718a_EA4	ethyl N-[(4-aminobenzyl)carbamoyl]glycinate	-6.12
PPA0718	pocket1	SFM	PPA0718a_SFM	(13E,15E)-(3S,6S,9R,10R,11S,12S,18S,21S)-10,12-DIHYDROXY-3-(3-HYDROXYBEN-ZYL)-18-((E)-3-HYDROXY-1-METHYLPROPENYL)-6-ISOPROPYL-11-METHYL-9-(3-OXO-BUTYL)-19-OXA-1,4,7,25-TETRAAZA-BICYCLO[19.3.1]PENTACOSA-13,15-DIENE-2,5,8,20-TETRAONE	-6.12
PPA0718	pocket3	DTT	PPA0718a_DTT	2,3-DIHYDROXY-1,4-DITHIOBUTANE	-5.69
PPA0719	pocket5	HEM	PPA0719a_HEM	PROTOPORPHYRIN IX CONTAINING FE	-5.37
PPA0719	pocket2	JZ4	PPA0719a_JZ4	2-propylphenol	-4.32
PPA0719	pocket0	K23	PPA0719a_K23	6-chloro-3-[1-(4-chlorobenzyl)-4-phenyl-1H-imidazol-5-yl]-1H-indole-2-carboxylic acid	7.72
PPA0720	pocket11	FAD	PPA0720a_FAD	FLAVIN-ADENINE DINUCLEOTIDE	-9.16
PPA0720	pocket0	RDL	PPA0720a_RDL	6,7-DIOXO-5H-8-RIBITYLAMINOLUMAZINE	-5.53
PPA0720	pocket13	P6B	PPA0720a_P6B	(3S)-1-[(3-phenyl-1,2,4-oxadiazol-5-yl)methyl]pyrrolidin-3-ol	-5.37
PPA0721	pocket0	1MN	PPA0721a_1MN	(2S,5R,6S)-2-benzyl-5,6-bis(4-bromophenyl)-4-methylmorpholin-3-one	-7.17
PPA0721	pocket2	HEM	PPA0721a_HEM	PROTOPORPHYRIN IX CONTAINING FE	-5.93
PPA0722	pocket0	BGC	PPA0722a_BGC	beta-D-glucopyranose	-4.6
PPA0723	pocket1	MYR	PPA0723a_MYR	MYRISTIC ACID	-3.88
PPA0724	pocket1	RYM	PPA0724a_RYM	4-(benzimidazol-1-ylmethyl)benzenecarbonitrile	-8
PPA0724	pocket4	HEM	PPA0724a_HEM	PROTOPORPHYRIN IX CONTAINING FE	-4.91
PPA0724	pocket6	FAD	PPA0724a_FAD	FLAVIN-ADENINE DINUCLEOTIDE	-3.93
PPA0724	pocket7	FAD	PPA0724a_FAD	FLAVIN-ADENINE DINUCLEOTIDE	-3.93
PPA0725	pocket4	CAA	PPA0725a_CAA	ACETOACETYL-COENZYME A	-7.52
PPA0725	pocket2	AMP	PPA0725a_AMP	ADENOSINE MONOPHOSPHATE	-6.28
PPA0725	pocket5	FAD	PPA0725a_FAD	FLAVIN-ADENINE DINUCLEOTIDE	-4.04
PPA0725	pocket0	MEV	PPA0725a_MEV	(R)-MEVALONATE	-3.76
PPA0726	pocket3	HUP	PPA0726a_HUP	Huperzine A	-7.2
PPA0726	pocket8	PEP	PPA0726a_PEP	PHOSPHOENOLPYRUVATE	-6.81
PPA0726	pocket0	47M	PPA0726a_47M	1-[5-(trifluoromethyl)furan-2-yl]methanamine	-5.16
PPA0726	pocket4	BTN	PPA0726a_BTN	BIOTIN	-4.55
PPA0727	pocket0	HBI	PPA0727a_HBI	7,8-DIHYDROBIOPTERIN	-7.27
PPA0728	pocket0	COM	PPA0728a_COM	1-THIOETHANESULFONIC ACID	-4.81
PPA0728	pocket1	2PE	PPA0728a_2PE	NONAETHYLENE GLYCOL	-0.31
PPA0729	pocket0	ANP	PPA0729a_ANP	PHOSPHOAMINOPHOSPHONIC ACID-ADENYLATE ESTER	-8.84
PPA0729	pocket3	GW7	PPA0729a_GW7	N-{3-chloro-4-[(3-fluorobenzyl)oxy]phenyl}-6-ethylthieno[3,2-d]pyrimidin-4-amine	-6.15
PPA0731	pocket4	1O0	PPA0731a_1O0	6-[3-(pyridin-2-yl)-2-(trifluoromethyl)phenoxy]-1-(2,4,6-trifluorobenzyl)quinazolin-4(1H)-one	-6.28
PPA0731	pocket3	FAD	PPA0731a_FAD	FLAVIN-ADENINE DINUCLEOTIDE	-4.09
PPA0732	pocket0	GRG	PPA0732a_GRG	GERANYLGERANYL DIPHOSPHATE	-10.92
PPA0732	pocket6	HEC	PPA0732a_HEC	HEME C	-4.5
PPA0733	pocket1	ANP	PPA0733a_ANP	PHOSPHOAMINOPHOSPHONIC ACID-ADENYLATE ESTER	-6.87
PPA0733	pocket7	QUZ	PPA0733a_QUZ	quinazoline	-4.87
PPA0733	pocket3	DIO	PPA0733a_DIO	1,4-DIETHYLENE DIOXIDE	-3.07
PPA0734	pocket0	56F	PPA0734a_56F	1-(4-chlorophenyl)-N-methylmethanesulfonamide	-6.19
PPA0734	pocket10	FAD	PPA0734a_FAD	FLAVIN-ADENINE DINUCLEOTIDE	-5.93
PPA0734	pocket1	M6P	PPA0734a_M6P	6-O-phosphono-alpha-D-mannopyranose	-5.35
PPA0734	pocket4	P3G	PPA0734a_P3G	3,6,9,12,15-PENTAOXAHEPTADECANE	-3.1
PPA0738	pocket1	SDN	PPA0738a_SDN	[(3S)-9-hydroxy-1-methyl-10-oxo-4,10-dihydro-3H-benzo[g]isochromen-3-yl]acetic acid	-7.57
PPA0738	pocket8	7MN	PPA0738a_7MN	(Z)-N-[(1E)-1-carboxy-2-(2,3-dihydro-1H-indol-1-yl)ethylidene]{3-hydroxy-2-methyl-5-[(phosphonooxy)methyl]pyridin-4(1H)-ylidene}methanaminium	-7.39
PPA0738	pocket2	0YW	PPA0738a_0YW	2-{[3-(decyloxy)benzoyl]amino}-5-nitrobenzoic acid	-5.16
PPA0738	pocket6	STE	PPA0738a_STE	STEARIC ACID	-4.98
PPA0738	pocket7	6PL	PPA0738a_6PL	(4S,7R)-4-HYDROXY-N,N,N-TRIMETHYL-9-OXO-7-[(PALMITOYLOXY)METHYL]-3,5,8-TRIOXA-4-PHOSPHAHEXACOSAN-1-AMINIUM 4-OXIDE	-1.26
PPA0739	pocket1	ADP	PPA0739a_ADP	ADENOSINE-5'-DIPHOSPHATE	-10.6
PPA0739	pocket8	FAD	PPA0739a_FAD	FLAVIN-ADENINE DINUCLEOTIDE	-7.34
PPA0739	pocket6	NAD	PPA0739a_NAD	NICOTINAMIDE-ADENINE-DINUCLEOTIDE	-7.17
PPA0740	pocket1	PIH	PPA0740a_PIH	iodobenzene	-5.69
PPA0740	pocket0	VCA	PPA0740a_VCA	VACCENIC ACID	-5.43
PPA0740	pocket4	HEC	PPA0740a_HEC	HEME C	-4.62
PPA0741	pocket2	AMP	PPA0741a_AMP	ADENOSINE MONOPHOSPHATE	-5.4
PPA0742	pocket0	DPG	PPA0742a_DPG	PHOSPHORIC ACID 2,3-BIS-(3,7,11,15-TETRAMETHYL-HEXADECYLOXY)-PROPYL ESTER 2-HYDROXO-3-PHOSPHONOOXY-PROPYL ESTER	-9.51
PPA0742	pocket11	AMP	PPA0742a_AMP	ADENOSINE MONOPHOSPHATE	-7.59
PPA0742	pocket1	DFL	PPA0742a_DFL	2-(4-HYDROXY-PHENYL)-CHROMAN-4-ONE	-7.23
PPA0742	pocket10	FT1	PPA0742a_FT1	4-(2,4-dichlorophenoxy)-3-hydroxybenzaldehyde	-7.02
PPA0742	pocket2	PMP	PPA0742a_PMP	4'-DEOXY-4'-AMINOPYRIDOXAL-5'-PHOSPHATE	-6.53
PPA0742	pocket28	NAD	PPA0742a_NAD	NICOTINAMIDE-ADENINE-DINUCLEOTIDE	-5.3
PPA0742	pocket3	VN4	PPA0742a_VN4	oxido(dioxo)vanadium	Nil
PPA0743	pocket1	NAP	PPA0743a_NAP	NADP NICOTINAMIDE-ADENINE-DINUCLEOTIDE PHOSPHATE	0.76
PPA0744	pocket8	437	PPA0744a_437	1-{3-tert-butyl-1-[4-(hydroxymethyl)phenyl]-1H-pyrazol-5-yl}-3-naphthalen-1-ylurea	-6.86
PPA0744	pocket9	FAD	PPA0744a_FAD	FLAVIN-ADENINE DINUCLEOTIDE	-6.23
PPA0744	pocket1	4DX	PPA0744a_4DX	(1S,2S)-2-methylcyclohexanol	-4.65
PPA0744	pocket6	NAD	PPA0744a_NAD	NICOTINAMIDE-ADENINE-DINUCLEOTIDE	-4.41
PPA0744	pocket0	THG	PPA0744a_THG	(6S)-5,6,7,8-TETRAHYDROFOLATE	Nil
PPA0746	pocket23	VIV	PPA0746a_VIV	(2R)-2,5,7,8-TETRAMETHYL-2-[(4R,8R)-4,8,12-TRIMETHYLTRIDECYL]CHROMAN-6-OL	-8.63
PPA0746	pocket0	S2Z	PPA0746a_S2Z	6,7-dimethoxy-2-methyl-~{N}-[(1~{R})-1-phenylethyl]quinazolin-4-amine	-7.53
PPA0746	pocket7	IMJ	PPA0746a_IMJ	(2E)-N-[(1,2-dimethyl-1H-indol-3-yl)methyl]-N-methyl-3-(7-oxo-5,6,7,8-tetrahydro-1,8-naphthyridin-3-yl)prop-2-enamide	-6.81
PPA0746	pocket1	IMN	PPA0746a_IMN	INDOMETHACIN	-5.64
PPA0747	pocket5	FAD	PPA0747a_FAD	FLAVIN-ADENINE DINUCLEOTIDE	-6.17
PPA0747	pocket4	SAH	PPA0747a_SAH	S-ADENOSYL-L-HOMOCYSTEINE	-5.58
PPA0748	pocket0	ADP	PPA0748a_ADP	ADENOSINE-5'-DIPHOSPHATE	-7.41
PPA0748	pocket1	MHW	PPA0748a_MHW	3-HYDROXYPICOLINIC ACID	-3.79
PPA0749	pocket1	ATP	PPA0749a_ATP	ADENOSINE-5'-TRIPHOSPHATE	-5.41
PPA0750	pocket5	4UV	PPA0750a_4UV	5'-O-[(R)-{[(2E)-3-(3,4-dioxocyclohexa-1,5-dien-1-yl)prop-2-enoyl]oxy}(hydroxy)phosphoryl]adenosine	-9.6
PPA0750	pocket0	SAM	PPA0750a_SAM	S-ADENOSYLMETHIONINE	-9.27
PPA0750	pocket3	HEM	PPA0750a_HEM	PROTOPORPHYRIN IX CONTAINING FE	-7.25
PPA0750	pocket6	FAB	PPA0750a_FAB	FLAVIN-ADENINE DINUCLEOTIDE-N5-ISOBUTYL KETONE	-2.39
PPA0752	pocket0	59J	PPA0752a_59J	(2R,5R)-2-[(R)-carboxy{[(2R)-2-{[(4-ethyl-2,3-dioxopiperazin-1-yl)carbonyl]amino}-2-(4-hydroxyphenyl)acetyl]amino}methyl]-5-methyl-5,6-dihydro-2H-1,3-thiazine-4-carboxylic acid	-10.78
PPA0752	pocket15	UDP	PPA0752a_UDP	URIDINE-5'-DIPHOSPHATE	-8.08
PPA0753	pocket0	ACP	PPA0753a_ACP	PHOSPHOMETHYLPHOSPHONIC ACID ADENYLATE ESTER	-7.69
PPA0753	pocket11	FOO	PPA0753a_FOO	(3E)-4-{3-HYDROXY-2-METHYL-5-[(PHOSPHONOOXY)METHYL]PYRIDIN-4-YL}-2-IMINOBUT-3-ENOIC ACID	-5.55
PPA0753	pocket10	FAD	PPA0753a_FAD	FLAVIN-ADENINE DINUCLEOTIDE	-2
PPA0753	pocket9	UML	PPA0753a_UML	Uridine 5'Diphospho N-acetyl muramoyl-L-Alanyl-D-Glutamyl-L-Lysine	-0.09
PPA0754	pocket0	ADP	PPA0754a_ADP	ADENOSINE-5'-DIPHOSPHATE	-8.69
PPA0754	pocket2	CLF	PPA0754a_CLF	FE(8)-S(7) CLUSTER	-4.63
PPA0754	pocket3	UML	PPA0754a_UML	Uridine 5'Diphospho N-acetyl muramoyl-L-Alanyl-D-Glutamyl-L-Lysine	-2.14
PPA0755	pocket0	NKD	PPA0755a_NKD	(2~{S})-2-[[(2~{S})-1-[[(2~{S},3~{S})-3-[[(2~{S})-2-azanyl-3-(3-hydroxyphenyl)propanoyl]-methyl-amino]-1-[[(~{Z})-[(3~{S},4~{R},5~{R})-5-[2,4-bis(oxidanylidene)pyrimidin-1-yl]-3,4-bis(oxidanyl)oxolan-2-ylidene]methyl]amino]-1-oxidanylidene-butan-2-yl]amino]-4-methylsulfanyl-1-oxidanylidene-butan-2-yl]carbamoylamino]-3-(3-hydroxyphenyl)propanoic acid	-8.55
PPA0755	pocket6	FMN	PPA0755a_FMN	FLAVIN MONONUCLEOTIDE	-6.35
PPA0755	pocket2	G	PPA0755a_G	GUANOSINE-5'-MONOPHOSPHATE	-3.23
PPA0755	pocket1	PC1	PPA0755a_PC1	1,2-DIACYL-SN-GLYCERO-3-PHOSPHOCHOLINE	-1.9
PPA0756	pocket0	ACP	PPA0756a_ACP	PHOSPHOMETHYLPHOSPHONIC ACID ADENYLATE ESTER	-6.38
PPA0756	pocket7	ADP	PPA0756a_ADP	ADENOSINE-5'-DIPHOSPHATE	-3.49
PPA0756	pocket9	AMP	PPA0756a_AMP	ADENOSINE MONOPHOSPHATE	-3.26
PPA0757	pocket0	AXZ	PPA0757a_AXZ	2-{[dihydroxy(4-aminoethylphenyl)-{4}-sulfanyl]amino}-3-hydroxypropanoic acid	-6.42
PPA0757	pocket3	TLA	PPA0757a_TLA	L(+)-TARTARIC ACID	-6.02
PPA0757	pocket1	TSA	PPA0757a_TSA	8-HYDROXY-2-OXA-BICYCLO[3.3.1]NON-6-ENE-3,5-DICARBOXYLIC ACID	-4.9
PPA0758	pocket0	UD1	PPA0758a_UD1	URIDINE-DIPHOSPHATE-N-ACETYLGLUCOSAMINE	-7.49
PPA0758	pocket6	SAM	PPA0758a_SAM	S-ADENOSYLMETHIONINE	-6.14
PPA0758	pocket7	APR	PPA0758a_APR	ADENOSINE-5-DIPHOSPHORIBOSE	-5.11
PPA0758	pocket4	FAD	PPA0758a_FAD	FLAVIN-ADENINE DINUCLEOTIDE	-3.32
PPA0758	pocket2	P6G	PPA0758a_P6G	HEXAETHYLENE GLYCOL	1.37
PPA0759	pocket0	0V4	PPA0759a_0V4	(4R,5R,6R,6aS,9S,9aE,10aR)-5-hydroxy-9-(methoxymethyl)-6,10a-dimethyl-3-(propan-2-yl)-1,2,4,5,6,6a,7,8,9,10a-decahydrodicyclopenta[a,d][8]annulen-4-yl alpha-D-glucopyranoside	-5.73
PPA0759	pocket3	FAD	PPA0759a_FAD	FLAVIN-ADENINE DINUCLEOTIDE	-4.76
PPA0759	pocket1	ACP	PPA0759a_ACP	PHOSPHOMETHYLPHOSPHONIC ACID ADENYLATE ESTER	-2.87
PPA0759	pocket2	DER	PPA0759a_DER	D-4-PHOSPHOERYTHRONIC ACID	-1.8
PPA0761	pocket0	GSP	PPA0761a_GSP	5'-GUANOSINE-DIPHOSPHATE-MONOTHIOPHOSPHATE	-6.84
PPA0761	pocket3	TDC	PPA0761a_TDC	5A,6-ANHYDROTETRACYCLINE	-5.36
PPA0761	pocket9	FAD	PPA0761a_FAD	FLAVIN-ADENINE DINUCLEOTIDE	-3.13
PPA0762	pocket0	CIT	PPA0762a_CIT	CITRIC ACID	-6.69
PPA0763	pocket1	ATP	PPA0763a_ATP	ADENOSINE-5'-TRIPHOSPHATE	-3.86
PPA0763	pocket0	FAD	PPA0763a_FAD	FLAVIN-ADENINE DINUCLEOTIDE	-3
PPA0764	pocket1	13Y	PPA0764a_13Y	2-(3-chlorophenoxy)-4-{(1R)-3-methyl-1-[(3S)-3-(5-methyl-2,4-dioxo-3,4-dihydropyrimidin-1(2H)-yl)piperidin-1-yl]butyl}benzoic acid	-8.43
PPA0764	pocket0	FAD	PPA0764a_FAD	FLAVIN-ADENINE DINUCLEOTIDE	-8.2
PPA0765	pocket2	HEA	PPA0765a_HEA	HEME-A	-6.53
PPA0766	pocket0	BNG	PPA0766a_BNG	nonyl beta-D-glucopyranoside	-6.45
PPA0766	pocket2	FAD	PPA0766a_FAD	FLAVIN-ADENINE DINUCLEOTIDE	-5.53
PPA0767	pocket0	DMU	PPA0767a_DMU	DECYL-BETA-D-MALTOPYRANOSIDE	-5.7
PPA0767	pocket2	578	PPA0767a_578	(5R,6S,8S)-8-[3-(AMINOMETHYL)PHENYL]-6-HYDROXY-5-ISOPROPYL-3-OXO-1-PHENYL-2,7-DIOXA-4-AZA-6-PHOSPHANONAN-9-OIC ACID 6-OXIDE	-4.46
PPA0768	pocket8	FAD	PPA0768a_FAD	FLAVIN-ADENINE DINUCLEOTIDE	-8.55
PPA0768	pocket1	U	PPA0768a_U	URIDINE-5'-MONOPHOSPHATE	-8.48
PPA0768	pocket5	ADP	PPA0768a_ADP	ADENOSINE-5'-DIPHOSPHATE	-5.13
PPA0768	pocket3	6UL	PPA0768a_6UL	TETRACOSYL PALMITATE	-4.42
PPA0769	pocket0	ATP	PPA0769a_ATP	ADENOSINE-5'-TRIPHOSPHATE	-8.85
PPA0769	pocket11	CYC	PPA0769a_CYC	PHYCOCYANOBILIN	-6.77
PPA0769	pocket10	HEM	PPA0769a_HEM	PROTOPORPHYRIN IX CONTAINING FE	-6.2
PPA0769	pocket2	AMP	PPA0769a_AMP	ADENOSINE MONOPHOSPHATE	-6.06
PPA0769	pocket1	PEP	PPA0769a_PEP	PHOSPHOENOLPYRUVATE	-5.77
PPA0769	pocket7	FAD	PPA0769a_FAD	FLAVIN-ADENINE DINUCLEOTIDE	-4.02
PPA0770	pocket3	FAD	PPA0770a_FAD	FLAVIN-ADENINE DINUCLEOTIDE	-6.07
PPA0770	pocket2	NAD	PPA0770a_NAD	NICOTINAMIDE-ADENINE-DINUCLEOTIDE	-3.93
PPA0770	pocket0	BEN	PPA0770a_BEN	BENZAMIDINE	-3.83
PPA0771	pocket0	0YW	PPA0771a_0YW	2-{[3-(decyloxy)benzoyl]amino}-5-nitrobenzoic acid	-6.32
PPA0771	pocket1	HEM	PPA0771a_HEM	PROTOPORPHYRIN IX CONTAINING FE	-5.07
PPA0772	pocket1	CLA	PPA0772a_CLA	CHLOROPHYLL A	-4.43
PPA0772	pocket0	TEP	PPA0772a_TEP	THEOPHYLLINE	-4.26
PPA0773	pocket2	HXC	PPA0773a_HXC	HEXANOYL-COENZYME A	-3.02
PPA0774	pocket20	D66	PPA0774a_D66	N-[(2S,3R)-3-amino-2-hydroxy-4-(4-methoxyphenyl)butanoyl]-L-leucine	-7.32
PPA0774	pocket1	R3Z	PPA0774a_R3Z	1-[(2S)-2,3-dihydro-1,4-benzodioxin-2-ylmethyl]-3-hydroxythieno[3,2-d]pyrimidine-2,4(1H,3H)-dione	-6.73
PPA0774	pocket2	2P3	PPA0774a_2P3	5-[(2S)-2,3-dihydro-1,4-benzodioxin-2-yl]-2,4-dihydro-3H-1,2,4-triazole-3-thione	-6.48
PPA0774	pocket9	LBK	PPA0774a_LBK	6,7-dimethoxy-~{N}-[(1~{R})-1-phenylethyl]quinazolin-4-amine	-5.85
PPA0774	pocket26	ADP	PPA0774a_ADP	ADENOSINE-5'-DIPHOSPHATE	-4.17
PPA0774	pocket8	FAD	PPA0774a_FAD	FLAVIN-ADENINE DINUCLEOTIDE	19.79
PPA0775	pocket3	TCL	PPA0775a_TCL	TRICLOSAN	-7.04
PPA0775	pocket17	GTP	PPA0775a_GTP	GUANOSINE-5'-TRIPHOSPHATE	-5.78
PPA0775	pocket20	FAD	PPA0775a_FAD	FLAVIN-ADENINE DINUCLEOTIDE	-2.57
PPA0775	pocket11	NDP	PPA0775a_NDP	NADPH DIHYDRO-NICOTINAMIDE-ADENINE-DINUCLEOTIDE PHOSPHATE	-2.51
PPA0775	pocket0	FES	PPA0775a_FES	FE2/S2 (INORGANIC) CLUSTER	-2.19
PPA0775	pocket28	AP5	PPA0775a_AP5	BIS(ADENOSINE)-5'-PENTAPHOSPHATE	-1.63
PPA0777	pocket4	NAP	PPA0777a_NAP	NADP NICOTINAMIDE-ADENINE-DINUCLEOTIDE PHOSPHATE	-7.22
PPA0777	pocket0	K2P	PPA0777a_K2P	2-(trifluoromethoxy)benzoic acid	-4.43
PPA0778	pocket19	5XH	PPA0778a_5XH	~{N}-[1-[(3~{R})-1-[4-(dimethylamino)but-2-enoyl]azepan-3-yl]-7-methyl-benzimidazol-2-yl]-2-methyl-pyridine-4-carboxamide	-7.66
PPA0779	pocket2	MTX	PPA0779a_MTX	METHOTREXATE	-3.15
PPA0779	pocket0	HEM	PPA0779a_HEM	PROTOPORPHYRIN IX CONTAINING FE	0.49
PPA0780	pocket10	8DG	PPA0780a_8DG	8-OXO-2'-DEOXYGUANOSINE-5'-TRIPHOSPHATE	-5.13
PPA0780	pocket5	NAP	PPA0780a_NAP	NADP NICOTINAMIDE-ADENINE-DINUCLEOTIDE PHOSPHATE	-4.87
PPA0780	pocket4	FAD	PPA0780a_FAD	FLAVIN-ADENINE DINUCLEOTIDE	-4.69
PPA0780	pocket8	FAD	PPA0780a_FAD	FLAVIN-ADENINE DINUCLEOTIDE	-4.69
PPA0781	pocket7	FAD	PPA0781a_FAD	FLAVIN-ADENINE DINUCLEOTIDE	-7.8
PPA0781	pocket11	HEM	PPA0781a_HEM	PROTOPORPHYRIN IX CONTAINING FE	-6.92
PPA0781	pocket2	MIY	PPA0781a_MIY	(4S,4AS,5AR,12AS)-4,7-BIS(DIMETHYLAMINO)-3,10,12,12A-TETRAHYDROXY-1,11-DIOXO-1,4,4A,5,5A,6,11,12A-OCTAHYDROTETRACENE-2-CARBOXAMIDE	-6.24
PPA0781	pocket4	NIM	PPA0781a_NIM	4-NITRO-2-PHENOXYMETHANESULFONANILIDE	-6.04
PPA0781	pocket14	ACO	PPA0781a_ACO	ACETYL COENZYME *A	-4.49
PPA0781	pocket6	HYC	PPA0781a_HYC	O5'-[9-(3,17B-DIHYDROXY-1,3,5(10)-ESTRATRIEN-16B-YL)-NONANOYL]ADENOSINE	-3.93
PPA0782	pocket1	HEM	PPA0782a_HEM	PROTOPORPHYRIN IX CONTAINING FE	-8.03
PPA0782	pocket3	ATP	PPA0782a_ATP	ADENOSINE-5'-TRIPHOSPHATE	-6.97
PPA0782	pocket7	TI1	PPA0782a_TI1	[2(R,S)-2-SULFANYLHEPTANOYL]-PHE-ALA	-6.26
PPA0782	pocket6	NKV	PPA0782a_NKV	N-(2-methylpropanoyl)adenosine	-5.36
PPA0782	pocket5	FAD	PPA0782a_FAD	FLAVIN-ADENINE DINUCLEOTIDE	-4.04
PPA0783	pocket21	N37	PPA0783a_N37	9-{9-amino-6-[(3-carbamoylphenyl)ethynyl]-5,6,7,8,9-pentadeoxy-D-glycero-alpha-L-talo-decofuranuronosyl}-9H-purin-6-amine	-7.56
PPA0783	pocket0	BFQ	PPA0783a_BFQ	IBANDRONATE	-7.23
PPA0783	pocket2	ANP	PPA0783a_ANP	PHOSPHOAMINOPHOSPHONIC ACID-ADENYLATE ESTER	-6.49
PPA0783	pocket25	FMN	PPA0783a_FMN	FLAVIN MONONUCLEOTIDE	-5.43
PPA0783	pocket1	H1D	PPA0783a_H1D	(2S)-2-AMINO-4-[(2R,3S)-2,3-DIHYDROXY-3-N-HYDROXYCARBAMOYL-PROPYLMERCAPTO]BUTYRIC ACID	-5.15
PPA0783	pocket16	V4O	PPA0783a_V4O	CYCLO-TETRAMETAVANADATE	Nil
PPA0784	pocket14	GSP	PPA0784a_GSP	5'-GUANOSINE-DIPHOSPHATE-MONOTHIOPHOSPHATE	-3.63
PPA0784	pocket18	FAD	PPA0784a_FAD	FLAVIN-ADENINE DINUCLEOTIDE	-3.49
PPA0784	pocket3	U98	PPA0784a_U98	2-(3-(trifluoromethyl)anilino)pyridine-3-sulfonamide	-0.62
PPA0784	pocket0	1PE	PPA0784a_1PE	PENTAETHYLENE GLYCOL	0.74
PPA0785	pocket2	U0E	PPA0785a_U0E	N-[[1-[N-ACETAMIDYL]-[1-CYCLOHEXYLMETHYL-2-HYDROXY-4-ISOPROPYL]-BUT-4-YL]-CARBONYL]-GLUTAMINYL-ARGINYL-AMIDE	-8.08
PPA0785	pocket5	3H8	PPA0785a_3H8	3-(4-{[(2-chlorophenyl)carbamoyl]amino}-1H-pyrazol-1-yl)-N-(2-methylpyridin-4-yl)benzamide	-7.61
PPA0785	pocket3	BA3	PPA0785a_BA3	BIS(ADENOSINE)-5'-TRIPHOSPHATE	-5.86
PPA0785	pocket1	PFP	PPA0785a_PFP	2-[5,6-BIS-(4-METHOXY-PHENYL)-FURO[2,3-D]PYRIMIDIN-4-YLAMINO]-ETHANOL	-5.02
PPA0786	pocket0	HEM	PPA0786a_HEM	PROTOPORPHYRIN IX CONTAINING FE	-10.74
PPA0786	pocket1	HEM	PPA0786a_HEM	PROTOPORPHYRIN IX CONTAINING FE	-10.74
PPA0786	pocket6	THP	PPA0786a_THP	THYMIDINE-3',5'-DIPHOSPHATE	-6.02
PPA0787	pocket1	GTP	PPA0787a_GTP	GUANOSINE-5'-TRIPHOSPHATE	-4.31
PPA0787	pocket5	GNP	PPA0787a_GNP	PHOSPHOAMINOPHOSPHONIC ACID-GUANYLATE ESTER	-4.14
PPA0787	pocket2	FAD	PPA0787a_FAD	FLAVIN-ADENINE DINUCLEOTIDE	-3.3
PPA0788	pocket23	AD4	PPA0788a_AD4	(3S,3AR,4S,6S,6AR,7S,8S,9BS)-6-(ACETYLOXY)-3,3A-DIHYDROXY-3,6,9-TRIMETHYL-8-{[(2Z)-2-METHYLBUT-2-ENOYL]OXY}-7-(OCTANOYLOXY)-2-OXO-2,3,3A,4,5,6,6A,7,8,9B-DECAHYDROAZULENO[4,5-B]FURAN-4-YL 12-[(TERT-BUTOXYCARBONYL)AMINO]DODECANOATE	Nil
PPA0788	pocket28	GSP	PPA0788a_GSP	5'-GUANOSINE-DIPHOSPHATE-MONOTHIOPHOSPHATE	Nil
PPA0788	pocket5	14J	PPA0788a_14J	5-bromofuran-2-carboxylic acid	Nil
PPA0790	pocket5	YJD	PPA0790a_YJD	4-(2-PROPAN-2-YLOXYBENZIMIDAZOL-1-YL)PHENOL	-6.26
PPA0790	pocket8	ADP	PPA0790a_ADP	ADENOSINE-5'-DIPHOSPHATE	-4.96
PPA0791	pocket6	B2M	PPA0791a_B2M	6-bromo-N'-[(1Z)-(3,5-dichloro-2-hydroxyphenyl)methylidene]-2-methylquinoline-4-carbohydrazide	-8.43
PPA0791	pocket3	TT4	PPA0791a_TT4	1-phenyl-1H-1,2,4-triazole-3,5-diamine	-6.51
PPA0791	pocket5	NY5	PPA0791a_NY5	5,6,7,8-tetrahydronaphthalene-2-carboxylic acid	-5.85
PPA0791	pocket12	RB2	PPA0791a_RB2	2-({4-CHLORO-2-[HYDROXY(METHOXY)METHYL]CYCLOHEXYL}AMINO)ETHANE-1,1,2-TRIOL	-5.73
PPA0791	pocket2	NPR	PPA0791a_NPR	2-AMINO-7,8-DIHYDRO-6-(1,2,3-TRIHYDROXYPROPYL)-4(1H)-PTERIDINONE	-5.18
PPA0792	pocket3	ATP	PPA0792a_ATP	ADENOSINE-5'-TRIPHOSPHATE	-6.42
PPA0792	pocket1	P6B	PPA0792a_P6B	(3S)-1-[(3-phenyl-1,2,4-oxadiazol-5-yl)methyl]pyrrolidin-3-ol	-6.16
PPA0792	pocket4	ADN	PPA0792a_ADN	ADENOSINE	-4.38
PPA0792	pocket5	FAD	PPA0792a_FAD	FLAVIN-ADENINE DINUCLEOTIDE	-3.92
PPA0792	pocket0	LMG	PPA0792a_LMG	1,2-DISTEAROYL-MONOGALACTOSYL-DIGLYCERIDE	-0.94
PPA0793	pocket5	GJ8	PPA0793a_GJ8	4-[2-(phenylsulfonylaminomethyl)-1,3-thiazol-4-yl]-~{N}-[3,3,3-tris(fluoranyl)propyl]benzamide	-6.52
PPA0793	pocket7	BOM	PPA0793a_BOM	HEXADECA-10,12-DIEN-1-OL	-5.36
PPA0793	pocket2	FAD	PPA0793a_FAD	FLAVIN-ADENINE DINUCLEOTIDE	-4.2
PPA0793	pocket4	FAY	PPA0793a_FAY	[(2R,3S,4R,5R)-5-(6-amino-9H-purin-9-yl)-3,4-dihydroxytetrahydrofuran-2-yl]methyl(2R,3S,4S)-5-(8-formyl-7-methyl-2,4-dioxo-3,4-dihydrobenzo[g]pteridin-10(2H)-yl)-2,3,4-trihydroxypentyl dihydrogen diphosphate	-3.59
PPA0794	pocket11	NAD	PPA0794a_NAD	NICOTINAMIDE-ADENINE-DINUCLEOTIDE	-8.42
PPA0794	pocket10	FMN	PPA0794a_FMN	FLAVIN MONONUCLEOTIDE	-8.05
PPA0794	pocket7	SAH	PPA0794a_SAH	S-ADENOSYL-L-HOMOCYSTEINE	-7.04
PPA0794	pocket6	4GY	PPA0794a_4GY	4-amino-N-(cyclohexylmethyl)-1,2,5-oxadiazole-3-carboxamide	-6.24
PPA0794	pocket0	50C	PPA0794a_50C	3-(4-fluorophenyl)-4-methyl-1H-pyrazol-5-amine	-5.09
PPA0796	pocket0	L08	PPA0796a_L08	1-ACETYL-4-(4-{4-[(2-ETHOXYPHENYL)THIO]-3-NITROPHENYL}PYRIDIN-2-YL)PIPERAZINE	-10.66
PPA0796	pocket1	HEA	PPA0796a_HEA	HEME-A	-8.5
PPA0796	pocket3	HEM	PPA0796a_HEM	PROTOPORPHYRIN IX CONTAINING FE	-8.05
PPA0797	pocket0	FAD	PPA0797a_FAD	FLAVIN-ADENINE DINUCLEOTIDE	-6.84
PPA0797	pocket1	O1E	PPA0797a_O1E	5-Ethyl-N-(1H-indol-5-ylmethyl)-1,3,4-thiadiazol-2-amine	-4.69
PPA0803	pocket13	NAD	PPA0803a_NAD	NICOTINAMIDE-ADENINE-DINUCLEOTIDE	-7.9
PPA0803	pocket0	ADP	PPA0803a_ADP	ADENOSINE-5'-DIPHOSPHATE	-6.65
PPA0803	pocket1	HEC	PPA0803a_HEC	HEME C	-6.06
PPA0804	pocket17	X8U	PPA0804a_X8U	2-[(8E)-8-(1,3-benzothiazol-2-ylhydrazinylidene)-6,7-dihydro-5H-naphthalen-2-yl]-5-(4-phenylbutyl)-1,3-thiazole-4-carboxylic acid	-9.98
PPA0804	pocket14	7U7	PPA0804a_7U7	6-[2-({cyclopropyl[4-(furan-2-yl)benzene-1-carbonyl]amino}methyl)phenoxy]hexanoic acid	-7.32
PPA0804	pocket15	HEC	PPA0804a_HEC	HEME C	-5.33
PPA0804	pocket13	HEM	PPA0804a_HEM	PROTOPORPHYRIN IX CONTAINING FE	-4.87
PPA0804	pocket16	UDP	PPA0804a_UDP	URIDINE-5'-DIPHOSPHATE	-4.54
PPA0804	pocket11	GTP	PPA0804a_GTP	GUANOSINE-5'-TRIPHOSPHATE	-3.19
PPA0804	pocket0	P33	PPA0804a_P33	3,6,9,12,15,18-HEXAOXAICOSANE-1,20-DIOL	-2.31
PPA0805	pocket0	CZ4	PPA0805a_CZ4	5-chloro-N~2~-{5-methyl-4-(1-methylpiperidin-4-yl)-2-[(propan-2-yl)oxy]phenyl}-N~4~-{1-methyl-3-[(propan-2-yl)sulfonyl]-1H-pyrazol-4-yl}pyrimidine-2,4-diamine	-6.8
PPA0805	pocket2	AIR	PPA0805a_AIR	5-AMINOIMIDAZOLE RIBONUCLEOTIDE	-3.79
PPA0805	pocket5	PLP	PPA0805a_PLP	PYRIDOXAL-5'-PHOSPHATE	-3.09
PPA0806	pocket3	FAD	PPA0806a_FAD	FLAVIN-ADENINE DINUCLEOTIDE	-4.56
PPA0806	pocket4	FAD	PPA0806a_FAD	FLAVIN-ADENINE DINUCLEOTIDE	-4.56
PPA0807	pocket0	ADP	PPA0807a_ADP	ADENOSINE-5'-DIPHOSPHATE	-7.77
PPA0807	pocket1	ADP	PPA0807a_ADP	ADENOSINE-5'-DIPHOSPHATE	-7.77
PPA0807	pocket33	FAD	PPA0807a_FAD	FLAVIN-ADENINE DINUCLEOTIDE	-6.15
PPA0807	pocket34	FAE	PPA0807a_FAE	FLAVIN-N7 PROTONATED-ADENINE DINUCLEOTIDE	-4.9
PPA0807	pocket2	AE3	PPA0807a_AE3	2-(2-ETHOXYETHOXY)ETHANOL	-3.33
PPA0807	pocket15	886	PPA0807a_886	N-({4'-[(4-isobutyrylphenoxy)methyl]biphenyl-4-yl}sulfonyl)-D-valine	32.73
PPA0808	pocket1	SAH	PPA0808a_SAH	S-ADENOSYL-L-HOMOCYSTEINE	-5.1
PPA0811	pocket1	GW5	PPA0811a_GW5	(2E)-3-{4-[(1E)-1,2-DIPHENYLBUT-1-ENYL]PHENYL}ACRYLIC ACID	-6.08
PPA0812	pocket5	UMQ	PPA0812a_UMQ	UNDECYL-MALTOSIDE	-6.05
PPA0812	pocket24	IHP	PPA0812a_IHP	INOSITOL HEXAKISPHOSPHATE	-5.46
PPA0812	pocket9	DUD	PPA0812a_DUD	DEOXYURIDINE-5'-DIPHOSPHATE	-4.9
PPA0813	pocket0	ADP	PPA0813a_ADP	ADENOSINE-5'-DIPHOSPHATE	-9.65
PPA0813	pocket4	B85	PPA0813a_B85	benzylphosphonic acid	-8.72
PPA0813	pocket2	NY5	PPA0813a_NY5	5,6,7,8-tetrahydronaphthalene-2-carboxylic acid	-7.46
PPA0813	pocket1	4ME	PPA0813a_4ME	methyl 1H-indole-4-carboxylate	-4.87
PPA0814	pocket8	FAB	PPA0814a_FAB	FLAVIN-ADENINE DINUCLEOTIDE-N5-ISOBUTYL KETONE	-6.39
PPA0814	pocket10	B4P	PPA0814a_B4P	BIS(ADENOSINE)-5'-TETRAPHOSPHATE	-5.97
PPA0814	pocket7	GDP	PPA0814a_GDP	GUANOSINE-5'-DIPHOSPHATE	-4.05
PPA0814	pocket3	2XH	PPA0814a_2XH	naphthalene-1-thiol	-4.03
PPA0815	pocket4	NAP	PPA0815a_NAP	NADP NICOTINAMIDE-ADENINE-DINUCLEOTIDE PHOSPHATE	-8.74
PPA0815	pocket15	QK5	PPA0815a_QK5	(3-{(3R)-1-[4-(1-benzothiophen-2-yl)pyrimidin-2-yl]piperidin-3-yl}-2-methyl-1H-pyrrolo[2,3-b]pyridin-1-yl)acetonitrile	-7.7
PPA0815	pocket0	6DL	PPA0815a_6DL	5-(5-Bromo-2,4-dihydroxy-phenyl)-4-(2-fluoro-phenyl)-2,4-dihydro-[1,2,4]triazol-3-one	-5.93
PPA0816	pocket0	NAD	PPA0816a_NAD	NICOTINAMIDE-ADENINE-DINUCLEOTIDE	-5.7
PPA0816	pocket6	NAD	PPA0816a_NAD	NICOTINAMIDE-ADENINE-DINUCLEOTIDE	-5.7
PPA0816	pocket2	TC6	PPA0816a_TC6	(2E)-Hexenoyl-CoA	-1.01
PPA0817	pocket11	X15	PPA0817a_X15	1,3-BISPHOSPHOGLYCERIC ACID	-8.9
PPA0817	pocket1	TZN	PPA0817a_TZN	[4-(4-amino-6,7-dimethoxyquinazolin-2-yl)piperazin-1-yl][(2R)-tetrahydrofuran-2-yl]methanone	-8.28
PPA0817	pocket10	FAD	PPA0817a_FAD	FLAVIN-ADENINE DINUCLEOTIDE	-4.98
PPA0817	pocket3	ADP	PPA0817a_ADP	ADENOSINE-5'-DIPHOSPHATE	-4.9
PPA0818	pocket0	3PG	PPA0818a_3PG	3-PHOSPHOGLYCERIC ACID	-4.6
PPA0818	pocket6	FAD	PPA0818a_FAD	FLAVIN-ADENINE DINUCLEOTIDE	-4.36
PPA0819	pocket1	HEC	PPA0819a_HEC	HEME C	-6.54
PPA0819	pocket0	1AG	PPA0819a_1AG	(2S)-2,3-dihydroxypropyl (5Z,8Z,11Z,14Z)-icosa-5,8,11,14-tetraenoate	-4.79
PPA0821	pocket0	ANP	PPA0821a_ANP	PHOSPHOAMINOPHOSPHONIC ACID-ADENYLATE ESTER	-8.45
PPA0821	pocket10	FAD	PPA0821a_FAD	FLAVIN-ADENINE DINUCLEOTIDE	-4.7
PPA0821	pocket1	OXM	PPA0821a_OXM	OXAMIC ACID	-3.81
PPA0822	pocket2	HEM	PPA0822a_HEM	PROTOPORPHYRIN IX CONTAINING FE	-5.25
PPA0823	pocket0	A7Z	PPA0823a_A7Z	4-[4-(3-methoxyphenyl)-1-(prop-2-yn-1-yl)-1H-imidazol-5-yl]phenyl sulfurofluoridate	-7.27
PPA0823	pocket2	HEM	PPA0823a_HEM	PROTOPORPHYRIN IX CONTAINING FE	-6.19
PPA0824	pocket20	AS4	PPA0824a_AS4	ALDOSTERONE	-7.5
PPA0824	pocket1	WP7	PPA0824a_WP7	(4S)-6-CHLORO-3-{2-[4-(FURAN-2-YLCARBONYL)PIPERAZIN-1-YL]ETHYL}-2-METHYL-4-PHENYL-3,4-DIHYDROQUINAZOLINE	-7.29
PPA0824	pocket0	PLM	PPA0824a_PLM	PALMITIC ACID	-5.39
PPA0824	pocket24	AGS	PPA0824a_AGS	PHOSPHOTHIOPHOSPHORIC ACID-ADENYLATE ESTER	-5.38
PPA0824	pocket17	FAD	PPA0824a_FAD	FLAVIN-ADENINE DINUCLEOTIDE	-3.49
PPA0826	pocket10	MC3	PPA0826a_MC3	1,2-DIMYRISTOYL-RAC-GLYCERO-3-PHOSPHOCHOLINE	-7.79
PPA0826	pocket4	PC1	PPA0826a_PC1	1,2-DIACYL-SN-GLYCERO-3-PHOSPHOCHOLINE	-7.62
PPA0826	pocket18	ATP	PPA0826a_ATP	ADENOSINE-5'-TRIPHOSPHATE	-7.57
PPA0826	pocket0	DIO	PPA0826a_DIO	1,4-DIETHYLENE DIOXIDE	-3.08
PPA0827	pocket0	SAM	PPA0827a_SAM	S-ADENOSYLMETHIONINE	-5.28
PPA0829	pocket1	NAP	PPA0829a_NAP	NADP NICOTINAMIDE-ADENINE-DINUCLEOTIDE PHOSPHATE	-3.38
PPA0831	pocket2	FAD	PPA0831a_FAD	FLAVIN-ADENINE DINUCLEOTIDE	-5
PPA0831	pocket0	UNL	PPA0831a_UNL	Unknown ligand	Nil
PPA0832	pocket0	71E	PPA0832a_71E	DZ 2384	-8.96
PPA0832	pocket4	FAD	PPA0832a_FAD	FLAVIN-ADENINE DINUCLEOTIDE	-5.03
PPA0832	pocket9	AP5	PPA0832a_AP5	BIS(ADENOSINE)-5'-PENTAPHOSPHATE	-4.53
PPA0833	pocket16	NAP	PPA0833a_NAP	NADP NICOTINAMIDE-ADENINE-DINUCLEOTIDE PHOSPHATE	-2.04
PPA0834	pocket8	GOP	PPA0834a_GOP	Glucopine	-3.08
PPA0835	pocket0	DGT	PPA0835a_DGT	2'-DEOXYGUANOSINE-5'-TRIPHOSPHATE	-7.98
PPA0835	pocket6	FAD	PPA0835a_FAD	FLAVIN-ADENINE DINUCLEOTIDE	-5.51
PPA0835	pocket9	BB2	PPA0835a_BB2	ACTINONIN	-5.48
PPA0835	pocket8	NAP	PPA0835a_NAP	NADP NICOTINAMIDE-ADENINE-DINUCLEOTIDE PHOSPHATE	-3.63
PPA0835	pocket3	NDP	PPA0835a_NDP	NADPH DIHYDRO-NICOTINAMIDE-ADENINE-DINUCLEOTIDE PHOSPHATE	-1.65
PPA0836	pocket1	ATP	PPA0836a_ATP	ADENOSINE-5'-TRIPHOSPHATE	-12.41
PPA0836	pocket0	CWP	PPA0836a_CWP	N-[(1,3-dimethyl-1H-pyrazol-5-yl)methyl]-5-methyl-3H-imidazo[4,5-b]pyridin-2-amine	-7.17
PPA0836	pocket4	BMZ	PPA0836a_BMZ	2-(2-HYDROXY-PHENYL)-1H-BENZOIMIDAZOLE-5-CARBOXAMIDINE	-5.83
PPA0836	pocket10	GOV	PPA0836a_GOV	(2S)-1-{[(2H-1,3-benzodioxol-5-yl)methyl]amino}propan-2-ol	-5.6
PPA0836	pocket6	NLG	PPA0836a_NLG	N-ACETYL-L-GLUTAMATE	-4.94
PPA0836	pocket9	PLV	PPA0836a_PLV	N-({3-HYDROXY-2-METHYL-5-[(PHOSPHONOOXY)METHYL]PYRIDIN-4-YL}METHYL)-O-METHYL-L-SERINE	-2.11
PPA0837	pocket3	3PG	PPA0837a_3PG	3-PHOSPHOGLYCERIC ACID	-2.22
PPA0838	pocket2	XMM	PPA0838a_XMM	5-bromo-4-chloro-1H-indol-3-yl alpha-D-mannopyranoside	-8.08
PPA0838	pocket0	ADP	PPA0838a_ADP	ADENOSINE-5'-DIPHOSPHATE	-5.56
PPA0838	pocket5	TDP	PPA0838a_TDP	NA	-3.72
PPA0840	pocket1	BLA	PPA0840a_BLA	BILIVERDINE IX ALPHA	-9.63
PPA0840	pocket0	LMU	PPA0840a_LMU	DODECYL-ALPHA-D-MALTOSIDE	-6.66
PPA0841	pocket1	UQ8	PPA0841a_UQ8	Ubiquinone-8	-11.43
PPA0841	pocket4	BMS	PPA0841a_BMS	4-[(4,4-DIMETHYL-1,2,3,4-TETRAHYDRO-[1,2']BINAPTHALENYL-7-CARBONYL)-AMINO]-BENZOIC ACID	-7.96
PPA0841	pocket0	AND	PPA0841a_AND	3-BETA-HYDROXY-5-ANDROSTEN-17-ONE	-7.13
PPA0841	pocket2	HEC	PPA0841a_HEC	HEME C	-5.32
PPA0842	pocket0	PBS	PPA0842a_PBS	(2S,3S,4R)-N-OCTANOYL-1-[(ALPHA-D-GALACTOPYRANOSYL)OXY]-2-AMINO-OCTADECANE-3,4-DIOL	-3.94
PPA0845	pocket4	HEM	PPA0845a_HEM	PROTOPORPHYRIN IX CONTAINING FE	-4.93
PPA0845	pocket0	PAB	PPA0845a_PAB	4-AMINOBENZOIC ACID	-4.43
PPA0845	pocket2	OLA	PPA0845a_OLA	OLEIC ACID	-2.46
PPA0847	pocket0	MGE	PPA0847a_MGE	(1S)-2-(ALPHA-L-ALLOPYRANOSYLOXY)-1-[(TRIDECANOYLOXY)METHYL]ETHYL PALMITATE	-7.28
PPA0848	pocket0	EXP	PPA0848a_EXP	2-{[(3-bromophenyl)methyl]amino}-5-methyl[1,2,4]triazolo[1,5-a]pyrimidin-7(6H)-one	-6.02
PPA0849	pocket1	ADP	PPA0849a_ADP	ADENOSINE-5'-DIPHOSPHATE	-8.56
PPA0849	pocket12	NVG	PPA0849a_NVG	4-AMINO-1-(5-{[3-(1H-BENZIMIDAZOL-2-YL)PROPANOYL]AMINO}-5-DEOXY-ALPHA-L-LYXOFURANOSYL)PYRIMIDIN-2(1H)-ONE	-6.8
PPA0849	pocket5	RQQ	PPA0849a_RQQ	N-[(4-methoxyphenyl)methyl]quinoxaline-6-carboxamide	-6.23
PPA0851	pocket6	ADP	PPA0851a_ADP	ADENOSINE-5'-DIPHOSPHATE	-5.57
PPA0852	pocket0	ANP	PPA0852a_ANP	PHOSPHOAMINOPHOSPHONIC ACID-ADENYLATE ESTER	-10.93
PPA0852	pocket18	TI1	PPA0852a_TI1	[2(R,S)-2-SULFANYLHEPTANOYL]-PHE-ALA	-6.55
PPA0852	pocket7	RV1	PPA0852a_RV1	N-[(4-aminophenyl)sulfonyl]cyclopropanecarboxamide	-6.32
PPA0858	pocket3	NAD	PPA0858a_NAD	NICOTINAMIDE-ADENINE-DINUCLEOTIDE	-5.74
PPA0858	pocket6	NAP	PPA0858a_NAP	NADP NICOTINAMIDE-ADENINE-DINUCLEOTIDE PHOSPHATE	-4.63
PPA0859	pocket1	529	PPA0859a_529	(2S)-N-[(3Z)-5-CYCLOPROPYL-3H-PYRAZOL-3-YLIDENE]-2-[4-(2-OXOIMIDAZOLIDIN-1-YL)PHENYL]PROPANAMIDE	-8.15
PPA0859	pocket12	9AX	PPA0859a_9AX	(2E)-3-methyl-5-[(1R,2S,8aS)-1,2,5,5-tetramethyl-1,2,3,5,6,7,8,8a-octahydronaphthalen-1-yl]pent-2-en-1-yl trihydrogen diphosphate	-7.81
PPA0859	pocket0	9VQ	PPA0859a_9VQ	[4-(pyrazol-1-ylmethyl)phenyl]methanol	-5.47
PPA0859	pocket4	FLC	PPA0859a_FLC	CITRATE ANION	-2.41
PPA0860	pocket0	O74	PPA0860a_O74	6-[4-(2-chloroanilino)-1H-quinazolin-2-ylidene]cyclohexa-2,4-dien-1-one	-7.65
PPA0860	pocket8	D4F	PPA0860a_D4F	[[(2R,3S,4R,5R)-5-(6-aminopurin-9-yl)-3,4-bis(oxidanyl)oxolan-2-yl]methoxy-oxidanyl-phosphoryl] (4S)-2-(6-oxidanyl-1,3-benzothiazol-2-yl)-4,5-dihydro-1,3-thiazole-4-carboxylate	-4.79
PPA0861	pocket0	PC1	PPA0861a_PC1	1,2-DIACYL-SN-GLYCERO-3-PHOSPHOCHOLINE	-7.77
PPA0861	pocket12	FOL	PPA0861a_FOL	FOLIC ACID	-5.77
PPA0861	pocket5	`2AM	PPA0861a_2AM	NA	-4.55
PPA0862	pocket2	JPZ	PPA0862a_JPZ	quinazolin-4(1H)-one	-5.51
PPA0862	pocket7	FLF	PPA0862a_FLF	2-[[3-(TRIFLUOROMETHYL)PHENYL]AMINO] BENZOIC ACID	-5.27
PPA0862	pocket0	MS9	PPA0862a_MS9	methyl 2-amino-4-chlorobenzoate	-5.21
PPA0862	pocket15	NAP	PPA0862a_NAP	NADP NICOTINAMIDE-ADENINE-DINUCLEOTIDE PHOSPHATE	-3.38
PPA0863	pocket1	TLA	PPA0863a_TLA	L(+)-TARTARIC ACID	-3.8
PPA0863	pocket2	MPH	PPA0863a_MPH	(1-AMINO-3-METHYLSULFANYL-PROPYL)-PHOSPHONIC ACID	-3.65
PPA0864	pocket0	PGK	PPA0864a_PGK	(1R)-2-{[{[(2R)-2,3-DIHYDROXYPROPYL]OXY}(HYDROXY)PHOSPHORYL]OXY}-1-[(PALMITOYLOXY)METHYL]ETHYL(9S,10S)-9,10-DIBROMOOCTADECANOATE	-5.83
PPA0864	pocket11	PD5	PPA0864a_PD5	1-{4-[4-amino-1-(1-methylethyl)-1H-pyrazolo[3,4-d]pyrimidin-3-yl]phenyl}-3-[3-(trifluoromethyl)phenyl]urea	-5.69
PPA0864	pocket13	NAP	PPA0864a_NAP	NADP NICOTINAMIDE-ADENINE-DINUCLEOTIDE PHOSPHATE	-5
PPA0864	pocket7	FCO	PPA0864a_FCO	CARBONMONOXIDE-(DICYANO) IRON	-2.8
PPA0865	pocket10	7Q7	PPA0865a_7Q7	2-(1H-indol-4-yl)-4-(3,4,5-trimethoxyphenyl)-1H-imidazo[4,5-c]pyridine	-6.55
PPA0865	pocket5	CIT	PPA0865a_CIT	CITRIC ACID	-0.75
PPA0870	pocket0	HEC	PPA0870a_HEC	HEME C	-8.78
PPA0870	pocket2	FAD	PPA0870a_FAD	FLAVIN-ADENINE DINUCLEOTIDE	-5.68
PPA0871	pocket0	JZN	PPA0871a_JZN	1-{[3-(4-{[(2R)-4-(5-fluoro-2-methoxyphenyl)-2-hydroxy-4-methyl-2-(trifluoromethyl)pentyl]amino}-6-methyl-1H-indazol-1-yl)phenyl]carbonyl}-D-prolinamide	-7.53
PPA0874	pocket2	HEM	PPA0874a_HEM	PROTOPORPHYRIN IX CONTAINING FE	-4.49
PPA0874	pocket0	GF8	PPA0874a_GF8	2-(3,4-dichlorophenyl)-~{N}-(2-sulfanylethyl)ethanamide	-4.43
PPA0875	pocket0	PGU	PPA0875a_PGU	N-({3-hydroxy-2-methyl-5-[(phosphonooxy)methyl]pyridin-4-yl}methyl)-L-glutamic acid	-12.01
PPA0875	pocket2	3B0	PPA0875a_3B0	5-(trifluoromethyl)pyridin-2-amine	-4.1
PPA0875	pocket5	UVW	PPA0875a_UVW	ACETYLPHOSPHATE	-3.2
PPA0877	pocket0	K23	PPA0877a_K23	6-chloro-3-[1-(4-chlorobenzyl)-4-phenyl-1H-imidazol-5-yl]-1H-indole-2-carboxylic acid	-11.36
PPA0877	pocket8	TT4	PPA0877a_TT4	1-phenyl-1H-1,2,4-triazole-3,5-diamine	-7.2
PPA0877	pocket1	ADP	PPA0877a_ADP	ADENOSINE-5'-DIPHOSPHATE	-6.16
PPA0877	pocket4	SRO	PPA0877a_SRO	SEROTONIN	-5.81
PPA0877	pocket17	AR6	PPA0877a_AR6	[(2R,3S,4R,5R)-5-(6-AMINOPURIN-9-YL)-3,4-DIHYDROXY-OXOLAN-2-YL]METHYL-[HYDROXY-[[(2R,3S,4R,5S)-3,4,5-TRIHYDROXYOXOLAN-2-YL]METHOXY]PHOSPHORYL] HYDROGEN PHOSPHATE	-4.86
PPA0877	pocket3	ADE	PPA0877a_ADE	ADENINE	-3.55
PPA0878	pocket0	BG6	PPA0878a_BG6	6-O-phosphono-beta-D-glucopyranose	-6.95
PPA0879	pocket3	GNP	PPA0879a_GNP	PHOSPHOAMINOPHOSPHONIC ACID-GUANYLATE ESTER	-7.04
PPA0879	pocket0	E4T	PPA0879a_E4T	5-methylcyclohexane-1,1,3,3-tetrol	-5.84
PPA0879	pocket5	FAD	PPA0879a_FAD	FLAVIN-ADENINE DINUCLEOTIDE	-3.78
PPA0880	pocket2	TX4	PPA0880a_TX4	L-THREONOHYDROXAMATE 4-PHOSPHATE	-4.75
PPA0880	pocket3	TX4	PPA0880a_TX4	L-THREONOHYDROXAMATE 4-PHOSPHATE	-4.75
PPA0881	pocket6	FAD	PPA0881a_FAD	FLAVIN-ADENINE DINUCLEOTIDE	-4.06
PPA0882	pocket4	ADP	PPA0882a_ADP	ADENOSINE-5'-DIPHOSPHATE	-7.46
PPA0882	pocket1	13P	PPA0882a_13P	1,3-DIHYDROXYACETONEPHOSPHATE	-4.12
PPA0883	pocket1	COA	PPA0883a_COA	COENZYME A	-6.23
PPA0883	pocket5	FAD	PPA0883a_FAD	FLAVIN-ADENINE DINUCLEOTIDE	-3.78
PPA0883	pocket0	KDG	PPA0883a_KDG	2-KETO-3-DEOXYGLUCONATE	-3.63
PPA0884	pocket0	DMU	PPA0884a_DMU	DECYL-BETA-D-MALTOPYRANOSIDE	-6.09
PPA0884	pocket1	4HA	PPA0884a_4HA	4-HYDROXYBUTAN-1-AMINIUM	-3.51
PPA0885	pocket1	3RC	PPA0885a_3RC	3-(1-benzyl-1H-1,2,3-triazol-4-yl)-1H-pyrrolo[2,3-b]pyridine	-5.83
PPA0885	pocket0	ADP	PPA0885a_ADP	ADENOSINE-5'-DIPHOSPHATE	-5.64
PPA0885	pocket4	1F1	PPA0885a_1F1	1H-indole-6-carboxylic acid	-4.23
PPA0886	pocket4	SFG	PPA0886a_SFG	SINEFUNGIN	-10.03
PPA0886	pocket0	TPS	PPA0886a_TPS	THIAMIN PHOSPHATE	-7.51
PPA0886	pocket1	ADP	PPA0886a_ADP	ADENOSINE-5'-DIPHOSPHATE	-5.25
PPA0886	pocket3	AR6	PPA0886a_AR6	[(2R,3S,4R,5R)-5-(6-AMINOPURIN-9-YL)-3,4-DIHYDROXY-OXOLAN-2-YL]METHYL-[HYDROXY-[[(2R,3S,4R,5S)-3,4,5-TRIHYDROXYOXOLAN-2-YL]METHOXY]PHOSPHORYL] HYDROGEN PHOSPHATE	-3.92
PPA0887	pocket1	2B4	PPA0887a_2B4	2-(4-BROMANYLPHENOXY)PROPANEDIOIC ACID	-7.65
PPA0887	pocket0	NAI	PPA0887a_NAI	1,4-DIHYDRONICOTINAMIDE ADENINE DINUCLEOTIDE	-6.55
PPA0888	pocket1	NAD	PPA0888a_NAD	NICOTINAMIDE-ADENINE-DINUCLEOTIDE	-5.34
PPA0888	pocket13	NAD	PPA0888a_NAD	NICOTINAMIDE-ADENINE-DINUCLEOTIDE	-5.34
PPA0888	pocket4	2UB	PPA0888a_2UB	(Z)-3-(4-chlorophenyl)-2-mercaptoacrylic acid	-5.15
PPA0888	pocket0	TTN	PPA0888a_TTN	TARTRONATE	-2.12
PPA0889	pocket1	1YA	PPA0889a_1YA	N-{4-[{[(6S)-2-amino-4-oxo-3,4,5,6,7,8-hexahydropteridin-6-yl]methyl}(formyl)amino]benzoyl}-L-glutamic acid	-4.09
PPA0891	pocket0	MVB	PPA0891a_MVB	(1S,7S,8S,8AR)-1,2,3,7,8,8A-HEXAHYDRO-7-METHYL-8-[2-[(2R,4R)-TETRAHYDRO-4-HY DROXY-6-OXO-2H-PYRAN-2-YL]ETHYL]-1-NAPHTHALENOL	-8.6
PPA0891	pocket2	JY8	PPA0891a_JY8	9-ethyl-8-methyl-purin-6-amine	-4.3
PPA0891	pocket9	FAD	PPA0891a_FAD	FLAVIN-ADENINE DINUCLEOTIDE	-4.19
PPA0892	pocket4	FAD	PPA0892a_FAD	FLAVIN-ADENINE DINUCLEOTIDE	-4.08
PPA0892	pocket3	PII	PPA0892a_PII	2-[(HYDROXY{[(2R,3R,5S,6R)-2,3,4,5,6-PENTAHYDROXYCYCLOHEXYL]OXY}PHOSPHORYL)OXY]-1-[(PALMITOYLOXY)METHYL]ETHYL HEPTADECANOATE	-1.28
PPA0893	pocket1	OVH	PPA0893a_OVH	[(2~{R},3~{S},4~{S},5~{R})-3,4-bis(oxidanyl)-5-[3-(4-phenyl-1,2,3-triazol-1-yl)propyl]oxan-2-yl]methyl ~{N}-[(2~{S})-2-azanyl-4-methyl-pentanoyl]sulfamate	-10.29
PPA0893	pocket2	9VN	PPA0893a_9VN	(2~{S})-2-[4-(4,4-dimethylcyclohexen-1-yl)-2-methyl-5-pyridin-4-yl-thiophen-3-yl]-2-[(2-methylpropan-2-yl)oxy]ethanoic acid	-7.38
PPA0893	pocket7	84T	PPA0893a_84T	[(2S,4S,5R)-5-(6-aminopurin-9-yl)-4-oxidanyl-oxolan-2-yl]methoxy-N-[(2S,3R)-4-methyl-2,3-bis(oxidanyl)pentanoyl]phosphonamidic acid	-4.54
PPA0893	pocket0	GXV	PPA0893a_GXV	L-glyceraldehyde	-3.73
PPA0893	pocket12	A52	PPA0893a_A52	3-AMINOMETHYL-7-(ETHOXY)-3H-BENZO[C][1,2]OXABOROL-1-OL modified adenosine	Nil
PPA0893	pocket8	A52	PPA0893a_A52	3-AMINOMETHYL-7-(ETHOXY)-3H-BENZO[C][1,2]OXABOROL-1-OL modified adenosine	Nil
PPA0895	pocket21	PLV	PPA0895a_PLV	N-({3-HYDROXY-2-METHYL-5-[(PHOSPHONOOXY)METHYL]PYRIDIN-4-YL}METHYL)-O-METHYL-L-SERINE	-6.95
PPA0895	pocket0	4I5	PPA0895a_4I5	(6S)-2-chloro-5,6,7,8,9,10-hexahydrocyclohepta[b]indole-6-carboxamide	-6.89
PPA0895	pocket9	G7A	PPA0895a_G7A	(5R,7S)-5-(4-ethylphenyl)-7-(trifluoromethyl)-4,5,6,7-tetrahydropyrazolo[1,5-a]pyrimidine-3-carboxylic acid	-6.5
PPA0895	pocket2	UMP	PPA0895a_UMP	2'-DEOXYURIDINE 5'-MONOPHOSPHATE	-6.46
PPA0895	pocket1	KIV	PPA0895a_KIV	3-METHYL-2-OXOBUTANOIC ACID	-4.4
PPA0895	pocket17	FAS	PPA0895a_FAS	ARABINO-FLAVIN-ADENINE DINUCLEOTIDE	-2.47
PPA0896	pocket3	XL2	PPA0896a_XL2	2-({4-[(1R)-1-(dimethylamino)ethyl]phenyl}amino)-6-fluoro-1,3-benzothiazole-4-carboxamide	-7.42
PPA0896	pocket11	CD9	PPA0896a_CD9	5-[(6-chloro-2-oxo-2,3-dihydro-1H-indol-1-yl)methyl]-1,3-benzodioxole-4-carboxylic acid	-5.31
PPA0896	pocket1	POP	PPA0896a_POP	PYROPHOSPHATE 2-	-5.18
PPA0897	pocket2	NAD	PPA0897a_NAD	NICOTINAMIDE-ADENINE-DINUCLEOTIDE	-5.31
PPA0897	pocket4	FAD	PPA0897a_FAD	FLAVIN-ADENINE DINUCLEOTIDE	-4.1
PPA0898	pocket0	UNL	PPA0898a_UNL	Unknown ligand	Nil
PPA0901	pocket6	5FF	PPA0901a_5FF	(5R,7S)-5-(4-ethylphenyl)-N-(4-methoxybenzyl)-7-(trifluoromethyl)-4,5,6,7-tetrahydropyrazolo[1,5-a]pyrimidine-3-carboxamide	-7.48
PPA0901	pocket0	CZ0	PPA0901a_CZ0	8-hydroxy-4-methyl-9-nitro-2H-benzo[g]chromen-2-one	-6.92
PPA0901	pocket4	8L4	PPA0901a_8L4	3-(2-{[(4-chlorophenyl)carbamoyl]amino}propan-2-yl)-N-hydroxybenzene-1-carboximidamide	-6.54
PPA0901	pocket2	GCP	PPA0901a_GCP	PHOSPHOMETHYLPHOSPHONIC ACID GUANYLATE ESTER	-5.14
PPA0901	pocket26	ANP	PPA0901a_ANP	PHOSPHOAMINOPHOSPHONIC ACID-ADENYLATE ESTER	-2.64
PPA0902	pocket1	OSB	PPA0902a_OSB	2-SUCCINYLBENZOATE	-8.37
PPA0902	pocket7	BTN	PPA0902a_BTN	BIOTIN	-7.07
PPA0902	pocket2	FAD	PPA0902a_FAD	FLAVIN-ADENINE DINUCLEOTIDE	-3.45
PPA0903	pocket14	CKK	PPA0903a_CKK	N-{[4-({5-[(4-aminopiperidin-1-yl)methyl]pyrrolo[2,1-f][1,2,4]triazin-4-yl}oxy)-3-fluorophenyl]carbamoyl}-2-(4-fluorophenyl)acetamide	-10.71
PPA0903	pocket0	2DI	PPA0903a_2DI	9-[(2R,5R)-5-(HYDROXYMETHYL)TETRAHYDROFURAN-2-YL]-1,9-DIHYDRO-6H-PURIN-6-ONE	-5.63
PPA0903	pocket3	MS9	PPA0903a_MS9	methyl 2-amino-4-chlorobenzoate	-5.62
PPA0903	pocket6	TOI	PPA0903a_TOI	(1~{R},2~{S},5~{S},6~{S})-2-[(1~{S})-1-[3-[(4-azanylidene-2-methyl-1~{H}-pyrimidin-5-yl)methyl]-4-methyl-5-[2-[oxidanyl(phosphonooxy)phosphoryl]oxyethyl]-1,3-thiazol-3-ium-2-yl]-1,4-bis(oxidanyl)-4-oxidanylidene-butyl]-6-oxidanyl-5-(3-oxidanyl-3-oxidanylidene-prop-1-en-2-yl)oxy-cyclohex-3-ene-1-carboxylic acid	-5.32
PPA0903	pocket2	3AP	PPA0903a_3AP	3-AMINOPYRIDINE	-3.41
PPA0904	pocket1	BM2	PPA0904a_BM2	S-(R*,R*)]-4-[AMINOIMINOMETHYL)AMINO]-N-[[1-[3-HYDROXY -2-[(2-NAPHTHALENYLSULFONYL)AMINO]-1-OXOPROPYL]-2-PYRROLIDINYL]METHYL]BUTANAMIDE	-8.76
PPA0904	pocket0	ISJ	PPA0904a_ISJ	(3R,4R)-3-[(1-carboxyethenyl)oxy]-4-hydroxycyclohexa-1,5-diene-1-carboxylic acid	-8.03
PPA0904	pocket6	IN7	PPA0904a_IN7	[4-(4-PHENYL-PIPERIDIN-1-YL)-BENZENESULFONYLAMINO]-ACETIC ACID	-7.99
PPA0904	pocket3	5WT	PPA0904a_5WT	~{N}-(1,4-dimethyl-2-oxidanylidene-quinolin-7-yl)ethanamide	-7.36
PPA0904	pocket12	D1Z	PPA0904a_D1Z	~{N}-[[(3~{R})-5-[5-[[3-[(dimethylamino)methyl]phenyl]amino]-6-methoxy-pyridin-2-yl]-2,3-dihydro-1,4-benzodioxin-3-yl]methyl]oxane-4-carboxamide	-7.28
PPA0904	pocket7	BEN	PPA0904a_BEN	BENZAMIDINE	-3.77
PPA0906	pocket0	QA7	PPA0906a_QA7	5'-O-{(S)-hydroxy[(4-methyl-2-oxopentanoyl)oxy]phosphoryl}adenosine	-8.13
PPA0906	pocket2	1NP	PPA0906a_1NP	1-NAPHTHOL	-5.16
PPA0907	pocket6	FAD	PPA0907a_FAD	FLAVIN-ADENINE DINUCLEOTIDE	-6.55
PPA0907	pocket7	3NU	PPA0907a_3NU	4-[3-(1-methylethyl)-1H-pyrazol-4-yl]-N-(1-methylpiperidin-4-yl)pyrimidin-2-amine	-6.15
PPA0908	pocket0	DFP	PPA0908a_DFP	DIISOPROPYL PHOSPHONATE	-5.17
PPA0909	pocket3	HEM	PPA0909a_HEM	PROTOPORPHYRIN IX CONTAINING FE	-6.87
PPA0909	pocket4	HEM	PPA0909a_HEM	PROTOPORPHYRIN IX CONTAINING FE	-6.87
PPA0909	pocket7	FAD	PPA0909a_FAD	FLAVIN-ADENINE DINUCLEOTIDE	-6.09
PPA0909	pocket0	4PA	PPA0909a_4PA	PROPYL ACETATE	-3.27
PPA0910	pocket0	FAD	PPA0910a_FAD	FLAVIN-ADENINE DINUCLEOTIDE	-5.5
PPA0911	pocket10	890	PPA0911a_890	4-[(3-azanyl-4-methoxy-phenyl)-methyl-amino]chromen-2-one	-6.65
PPA0911	pocket1	1PE	PPA0911a_1PE	PENTAETHYLENE GLYCOL	-2.25
PPA0912	pocket0	ADP	PPA0912a_ADP	ADENOSINE-5'-DIPHOSPHATE	-5.57
PPA0913	pocket2	FAD	PPA0913a_FAD	FLAVIN-ADENINE DINUCLEOTIDE	-4.49
PPA0913	pocket0	IPD	PPA0913a_IPD	D-MYO-INOSITOL-1-PHOSPHATE	-3.94
PPA0914	pocket0	MWW	PPA0914a_MWW	4-[1-[4-[4-(2-phenylethyl)-1,3-thiazol-2-yl]-3-(2-piperidin-4-ylethoxy)phenyl]-1,2,3-triazol-4-yl]butan-1-amine	-11.24
PPA0914	pocket4	BD4	PPA0914a_BD4	6-(3-AMINOPROPYL)-4,9-DIMETHYLPYRROLO[3,4-C]CARBAZOLE-1,3(2H,6H)-DIONE	-7.09
PPA0914	pocket7	FAD	PPA0914a_FAD	FLAVIN-ADENINE DINUCLEOTIDE	-4.29
PPA0914	pocket1	HSL	PPA0914a_HSL	HOMOSERINE LACTONE	-3.49
PPA0914	pocket3	AP5	PPA0914a_AP5	BIS(ADENOSINE)-5'-PENTAPHOSPHATE	2.35
PPA0915	pocket11	FDA	PPA0915a_FDA	DIHYDROFLAVINE-ADENINE DINUCLEOTIDE	-7.12
PPA0915	pocket4	P1T	PPA0915a_P1T	2-[({3-HYDROXY-2-METHYL-5-[(PHOSPHONOOXY)METHYL]PYRIDIN-4-YL}METHYL)AMINO]ACRYLIC ACID	-7.12
PPA0915	pocket7	PGD	PPA0915a_PGD	2-AMINO-5,6-DIMERCAPTO-7-METHYL-3,7,8A,9-TETRAHYDRO-8-OXA-1,3,9,10-TETRAAZA-ANTHRACEN-4-ONE GUANOSINE DINUCLEOTIDE	-5.78
PPA0915	pocket9	1PE	PPA0915a_1PE	PENTAETHYLENE GLYCOL	-0.64
PPA0916	pocket6	2K2	PPA0916a_2K2	PKC412	-8.22
PPA0916	pocket2	FAD	PPA0916a_FAD	FLAVIN-ADENINE DINUCLEOTIDE	-6.72
PPA0917	pocket0	SAM	PPA0917a_SAM	S-ADENOSYLMETHIONINE	-8.22
PPA0917	pocket4	SAH	PPA0917a_SAH	S-ADENOSYL-L-HOMOCYSTEINE	-7.78
PPA0917	pocket5	14R	PPA0917a_14R	5-benzyl-2-ethyl-3-{(1S)-5-[2-(1H-tetrazol-5-yl)phenyl]-2,3-dihydro-1H-inden-1-yl}-3,5-dihydro-4H-imidazo[4,5-c]pyridin-4-one	-7.12
PPA0917	pocket3	ATP	PPA0917a_ATP	ADENOSINE-5'-TRIPHOSPHATE	-4.92
PPA0918	pocket3	DST	PPA0918a_DST	DIMETHYLALLYL S-THIOLODIPHOSPHATE	-4.43
PPA0918	pocket0	CIT	PPA0918a_CIT	CITRIC ACID	-3.83
PPA0918	pocket1	UNL	PPA0918a_UNL	Unknown ligand	Nil
PPA0919	pocket10	ABV	PPA0919a_ABV	1,3-benzothiazol-2-amine	-4.72
PPA0919	pocket7	NAP	PPA0919a_NAP	NADP NICOTINAMIDE-ADENINE-DINUCLEOTIDE PHOSPHATE	-3.5
PPA0920	pocket0	PC1	PPA0920a_PC1	1,2-DIACYL-SN-GLYCERO-3-PHOSPHOCHOLINE	-4.76
PPA0921	pocket13	DT1	PPA0921a_DT1	4-{[5-(CYCLOHEXYLMETHOXY)[1,2,4]TRIAZOLO[1,5-A]PYRIMIDIN-7-YL]AMINO}BENZENESULFONAMIDE	-10.55
PPA0921	pocket7	POP	PPA0921a_POP	PYROPHOSPHATE 2-	-8.1
PPA0921	pocket2	PRP	PPA0921a_PRP	1-O-pyrophosphono-5-O-phosphono-alpha-D-ribofuranose	-7.79
PPA0921	pocket4	PM7	PPA0921a_PM7	(5aS,12aS,13aS)-12,12-dimethyl-2,3,11,12,12a,13-hexahydro-1H,5H,6H-5a,13a-(epiminomethano)indolizino[7,6-b]carbazol-14-one	-6.19
PPA0921	pocket19	FAD	PPA0921a_FAD	FLAVIN-ADENINE DINUCLEOTIDE	-5.45
PPA0921	pocket5	CIT	PPA0921a_CIT	CITRIC ACID	-5.26
PPA0922	pocket0	SVQ	PPA0922a_SVQ	1-(4-CHLOROPHENETHYL)-2-(2-CHLOROPHENYL)-6-OXOPIPERIDINE-3-CARBOXYLIC ACID	-5.36
PPA0922	pocket7	2AN	PPA0922a_2AN	8-ANILINO-1-NAPHTHALENE SULFONATE	-4.94
PPA0922	pocket3	NDP	PPA0922a_NDP	NADPH DIHYDRO-NICOTINAMIDE-ADENINE-DINUCLEOTIDE PHOSPHATE	-4.84
PPA0923	pocket0	IVM	PPA0923a_IVM	(2aE,4E,5'S,6S,6'R,7S,8E,11R,13R,15S,17aR,20R,20aR,20bS)-6'-[(2S)-butan-2-yl]-20,20b-dihydroxy-5',6,8,19-tetramethyl-17-oxo-3',4',5',6,6',10,11,14,15,17,17a,20,20a,20b-tetradecahydro-2H,7H-spiro[11,15-methanofuro[4,3,2-pq]-[2,6]benzodioxacy-clooctadecine-13,2'-pyran]-7-yl 2,6-dideoxy-4-O-(2,6-dideoxy-3-O-methyl-alpha-L-arabino-hexopyranosyl)-3-O-methyl-alpha-L-arabino-hexopyranoside	-10.37
PPA0923	pocket1	SQU	PPA0923a_SQU	2,10,23-TRIMETHYL-TETRACOSANE	-7.69
PPA0923	pocket4	HEM	PPA0923a_HEM	PROTOPORPHYRIN IX CONTAINING FE	-6.77
PPA0923	pocket2	PLM	PPA0923a_PLM	PALMITIC ACID	-4.24
PPA0924	pocket4	NAD	PPA0924a_NAD	NICOTINAMIDE-ADENINE-DINUCLEOTIDE	-8.83
PPA0924	pocket6	NQN	PPA0924a_NQN	2-chloranyl-4-[[1-methyl-3-[(3~{R})-3-oxidanylbutyl]-2-oxidanylidene-benzimidazol-5-yl]amino]pyridine-3-carbonitrile	-5.66
PPA0924	pocket9	GNP	PPA0924a_GNP	PHOSPHOAMINOPHOSPHONIC ACID-GUANYLATE ESTER	-3.66
PPA0924	pocket7	SF4	PPA0924a_SF4	IRON/SULFUR CLUSTER	-3.28
PPA0924	pocket8	FDA	PPA0924a_FDA	DIHYDROFLAVINE-ADENINE DINUCLEOTIDE	-2.78
PPA0925	pocket0	G3G	PPA0925a_G3G	N,N'-(3S,4S)-PYRROLIDINE-3,4-DIYLBIS(4-AMINO-N-BENZYLBENZENESULFONAMIDE)	-10.77
PPA0925	pocket4	ADP	PPA0925a_ADP	ADENOSINE-5'-DIPHOSPHATE	-8.06
PPA0925	pocket1	MPG	PPA0925a_MPG	[(Z)-octadec-9-enyl] (2R)-2,3-bis(oxidanyl)propanoate	-5.42
PPA0925	pocket8	NAP	PPA0925a_NAP	NADP NICOTINAMIDE-ADENINE-DINUCLEOTIDE PHOSPHATE	-1.96
PPA0926	pocket2	TFA	PPA0926a_TFA	trifluoroacetic acid	-2.03
PPA0926	pocket0	VLB	PPA0926a_VLB	(2ALPHA,2'BETA,3BETA,4ALPHA,5BETA)-VINCALEUKOBLASTINE	5.41
PPA0927	pocket2	ATP	PPA0927a_ATP	ADENOSINE-5'-TRIPHOSPHATE	-5.84
PPA0927	pocket6	FAD	PPA0927a_FAD	FLAVIN-ADENINE DINUCLEOTIDE	-4.49
PPA0927	pocket7	ANP	PPA0927a_ANP	PHOSPHOAMINOPHOSPHONIC ACID-ADENYLATE ESTER	-3.83
PPA0927	pocket12	FDA	PPA0927a_FDA	DIHYDROFLAVINE-ADENINE DINUCLEOTIDE	-3.76
PPA0927	pocket11	DX5	PPA0927a_DX5	D-XYLITOL-5-PHOSPHATE	-2.87
PPA0927	pocket1	NAP	PPA0927a_NAP	NADP NICOTINAMIDE-ADENINE-DINUCLEOTIDE PHOSPHATE	-2.72
PPA0929	pocket1	CRT	PPA0929a_CRT	SPIRILLOXANTHIN	-7.07
PPA0929	pocket4	HEA	PPA0929a_HEA	HEME-A	-5.38
PPA0931	pocket0	O74	PPA0931a_O74	6-[4-(2-chloroanilino)-1H-quinazolin-2-ylidene]cyclohexa-2,4-dien-1-one	-8.15
PPA0931	pocket11	VIV	PPA0931a_VIV	(2R)-2,5,7,8-TETRAMETHYL-2-[(4R,8R)-4,8,12-TRIMETHYLTRIDECYL]CHROMAN-6-OL	-7.51
PPA0931	pocket3	CQX	PPA0931a_CQX	(2S,3S,4S,5S,6R)-2-(2-decoxyethoxy)-6-(hydroxymethyl)oxane-3,4,5-triol	-3.24
PPA0932	pocket3	FAD	PPA0932a_FAD	FLAVIN-ADENINE DINUCLEOTIDE	-7.26
PPA0932	pocket4	FAD	PPA0932a_FAD	FLAVIN-ADENINE DINUCLEOTIDE	-7.26
PPA0932	pocket7	NDP	PPA0932a_NDP	NADPH DIHYDRO-NICOTINAMIDE-ADENINE-DINUCLEOTIDE PHOSPHATE	-4.46
PPA0932	pocket0	NAG	PPA0932a_NAG	2-acetamido-2-deoxy-beta-D-glucopyranose	-4.44
PPA0934	pocket0	XS4	PPA0934a_XS4	1-~{tert}-butyl-3-[6-(3,5-dimethoxyphenyl)-2-[[1-[1-(phenylmethyl)piperidin-4-yl]-1,2,3-triazol-4-yl]methylamino]pyrido[2,3-d]pyrimidin-7-yl]urea	-11.27
PPA0934	pocket6	C13	PPA0934a_C13	1-{3-[(3,5-dichlorobenzyl)amino]propyl}-3-phenylurea	-9.65
PPA0934	pocket1	U7E	PPA0934a_U7E	5-(3-SULFAMOYLPHENYL)-1H-1,2,3,4-TETRAZOL-1-IDE	-7.13
PPA0934	pocket4	GDP	PPA0934a_GDP	GUANOSINE-5'-DIPHOSPHATE	-5.8
PPA0934	pocket3	2AN	PPA0934a_2AN	8-ANILINO-1-NAPHTHALENE SULFONATE	-5.23
PPA0936	pocket2	ATP	PPA0936a_ATP	ADENOSINE-5'-TRIPHOSPHATE	-8.29
PPA0936	pocket5	ADP	PPA0936a_ADP	ADENOSINE-5'-DIPHOSPHATE	-8.1
PPA0936	pocket11	0CK	PPA0936a_0CK	4-[1-cyclohexyl-4-(4-fluorophenyl)-1H-imidazol-5-yl]pyrimidin-2-amine	-6.91
PPA0936	pocket7	HNQ	PPA0936a_HNQ	5-nitroquinolin-8-ol	-6.16
PPA0936	pocket1	93Q	PPA0936a_93Q	3-methylpyridin-2-amine	-3.71
PPA0936	pocket6	BNG	PPA0936a_BNG	nonyl beta-D-glucopyranoside	-3.68
PPA0937	pocket3	IN9	PPA0937a_IN9	2-[3-(5-MERCAPTO-[1,3,4]THIADIAZOL-2YL)-UREIDO]-N-METHYL-3-PENTAFLUOROPHENYL-PROPIONAMIDE	-6.13
PPA0937	pocket0	56Q	PPA0937a_56Q	N~2~-[(4-fluoro-3-methylphenyl)sulfonyl]-N-hydroxy-N~2~-methyl-D-alaninamide	-6.07
PPA0938	pocket7	PWU	PPA0938a_PWU	ISOPROPYL 6-((4-(1,2-DIMETHYL-1H-IMIDAZOL-5-YL)PHENYL)AMINO)-2-(1-METHYL-1H-PYRAZOL-4-YL)-1H-PYRROLO[3,2-C]PYRIDINE-1-CARBOXYLATE	-6.68
PPA0938	pocket1	ADP	PPA0938a_ADP	ADENOSINE-5'-DIPHOSPHATE	-5.73
PPA0938	pocket11	9PC	PPA0938a_9PC	3-[(6-chloro[1,3]thiazolo[5,4-b]pyridin-2-yl)methoxy]-2,6-difluorobenzamide	-4.42
PPA0939	pocket0	AGO	PPA0939a_AGO	2-amino-9-(5-O-[(R)-hydroxy{[(R)-hydroxy(phosphonoamino)phosphoryl]oxy}phosphoryl]-3-O-{[2-(methylamino)phenyl]carbonyl}-beta-D-erythro-pentofuranosyl-2-ulose)-1,9-dihydro-6H-purin-6-one	-11.86
PPA0939	pocket1	LV4	PPA0939a_LV4	1-[2-(trifluoromethyloxy)phenyl]thiourea	-3.68
PPA0939	pocket8	NDP	PPA0939a_NDP	NADPH DIHYDRO-NICOTINAMIDE-ADENINE-DINUCLEOTIDE PHOSPHATE	-0.88
PPA0940	pocket6	363	PPA0940a_363	2-(1H-pyrazol-4-yl)-5H-pyrrolo[2,3-b]pyrazine	-4.22
PPA0941	pocket5	FAD	PPA0941a_FAD	FLAVIN-ADENINE DINUCLEOTIDE	-5.35
PPA0941	pocket8	FAD	PPA0941a_FAD	FLAVIN-ADENINE DINUCLEOTIDE	-5.35
PPA0941	pocket1	0LO	PPA0941a_0LO	5-phenylpyridine-3-carboxylic acid	-4.39
PPA0941	pocket0	KIV	PPA0941a_KIV	3-METHYL-2-OXOBUTANOIC ACID	-3.21
PPA0941	pocket18	P33	PPA0941a_P33	3,6,9,12,15,18-HEXAOXAICOSANE-1,20-DIOL	-1.18
PPA0942	pocket0	FPP	PPA0942a_FPP	FARNESYL DIPHOSPHATE	-11.11
PPA0942	pocket3	FAD	PPA0942a_FAD	FLAVIN-ADENINE DINUCLEOTIDE	-6.14
PPA0942	pocket2	BNG	PPA0942a_BNG	nonyl beta-D-glucopyranoside	-5.54
PPA0943	pocket6	SAM	PPA0943a_SAM	S-ADENOSYLMETHIONINE	-5.54
PPA0944	pocket1	CPS	PPA0944a_CPS	3-[(3-CHOLAMIDOPROPYL)DIMETHYLAMMONIO]-1-PROPANESULFONATE	-7.16
PPA0944	pocket2	0JH	PPA0944a_0JH	tert-butyl (2S)-3-[4-amino-7-(3-hydroxypropyl)-5-(4-methylphenyl)-7H-pyrrolo[2,3-d]pyrimidin-6-yl]-2-cyanopropanoate	-5.89
PPA0944	pocket10	NAD	PPA0944a_NAD	NICOTINAMIDE-ADENINE-DINUCLEOTIDE	-5.51
PPA0945	pocket2	LBK	PPA0945a_LBK	6,7-dimethoxy-~{N}-[(1~{R})-1-phenylethyl]quinazolin-4-amine	-7.33
PPA0945	pocket8	PJT	PPA0945a_PJT	(9~{S})-5-methyl-12-(4-morpholin-4-ylphenyl)-9-oxidanyl-4-thia-2,12-diazatricyclo[7.3.0.0^{3,7}]dodeca-1,3(7),5-trien-8-one	-7.31
PPA0945	pocket5	2CN	PPA0945a_2CN	5-bromo-2-{[3-(octyloxy)benzyl]sulfanyl}benzoic acid	-5.55
PPA0948	pocket1	GW7	PPA0948a_GW7	N-{3-chloro-4-[(3-fluorobenzyl)oxy]phenyl}-6-ethylthieno[3,2-d]pyrimidin-4-amine	-5.9
PPA0948	pocket0	DUP	PPA0948a_DUP	2'-DEOXYURIDINE 5'-ALPHA,BETA-IMIDO-TRIPHOSPHATE	-4.53
PPA0949	pocket9	HEC	PPA0949a_HEC	HEME C	-8.05
PPA0949	pocket13	HEM	PPA0949a_HEM	PROTOPORPHYRIN IX CONTAINING FE	-6.73
PPA0949	pocket0	GAP	PPA0949a_GAP	GLYCYL-ADENOSINE-5'-PHOSPHATE	-5.66
PPA0949	pocket1	DMU	PPA0949a_DMU	DECYL-BETA-D-MALTOPYRANOSIDE	-5.06
PPA0949	pocket11	FAD	PPA0949a_FAD	FLAVIN-ADENINE DINUCLEOTIDE	-4.76
PPA0950	pocket0	HEM	PPA0950a_HEM	PROTOPORPHYRIN IX CONTAINING FE	-12.28
PPA0950	pocket6	RS7	PPA0950a_RS7	(2E)-3-(2-OCT-1-YN-1-YLPHENYL)ACRYLIC ACID	-6.88
PPA0951	pocket0	FAD	PPA0951a_FAD	FLAVIN-ADENINE DINUCLEOTIDE	-8.87
PPA0952	pocket6	ATP	PPA0952a_ATP	ADENOSINE-5'-TRIPHOSPHATE	-7.41
PPA0952	pocket0	SF4	PPA0952a_SF4	IRON/SULFUR CLUSTER	-4.73
PPA0952	pocket2	F3S	PPA0952a_F3S	FE3-S4 CLUSTER	-4.51
PPA0952	pocket3	FES	PPA0952a_FES	FE2/S2 (INORGANIC) CLUSTER	-2.84
PPA0952	pocket4	15P	PPA0952a_15P	POLYETHYLENE GLYCOL (N=34)	0.48
PPA0953	pocket0	1RB	PPA0953a_1RB	1-ALPHA-D-RIBOFURANOSYL-BENZIMIAZOLE-5'-PHOSPHATE	-8.71
PPA0953	pocket8	FMN	PPA0953a_FMN	FLAVIN MONONUCLEOTIDE	-6.53
PPA0953	pocket4	9C0	PPA0953a_9C0	9-(4-~{tert}-butylphenyl)-3,4-dihydropyrido[2,1-c][1,2,4]thiadiazine 2,2-dioxide	-6.36
PPA0954	pocket2	FMN	PPA0954a_FMN	FLAVIN MONONUCLEOTIDE	-10.71
PPA0954	pocket12	PLV	PPA0954a_PLV	N-({3-HYDROXY-2-METHYL-5-[(PHOSPHONOOXY)METHYL]PYRIDIN-4-YL}METHYL)-O-METHYL-L-SERINE	-7.9
PPA0954	pocket0	RV2	PPA0954a_RV2	5-Chloro-2-[[2-[3-(furan-3-yl)anilino]-2-oxoacetyl]amino]benzoic acid	-7.89
PPA0955	pocket5	NAP	PPA0955a_NAP	NADP NICOTINAMIDE-ADENINE-DINUCLEOTIDE PHOSPHATE	-6.77
PPA0955	pocket6	SAM	PPA0955a_SAM	S-ADENOSYLMETHIONINE	-6.46
PPA0955	pocket0	DCP	PPA0955a_DCP	2'-DEOXYCYTIDINE-5'-TRIPHOSPHATE	-6.37
PPA0955	pocket2	FAD	PPA0955a_FAD	FLAVIN-ADENINE DINUCLEOTIDE	-4.27
PPA0955	pocket7	FAD	PPA0955a_FAD	FLAVIN-ADENINE DINUCLEOTIDE	-4.27
PPA0955	pocket10	UNL	PPA0955a_UNL	Unknown ligand	Nil
PPA0956	pocket0	SQU	PPA0956a_SQU	2,10,23-TRIMETHYL-TETRACOSANE	-6.25
PPA0956	pocket4	PII	PPA0956a_PII	2-[(HYDROXY{[(2R,3R,5S,6R)-2,3,4,5,6-PENTAHYDROXYCYCLOHEXYL]OXY}PHOSPHORYL)OXY]-1-[(PALMITOYLOXY)METHYL]ETHYL HEPTADECANOATE	-1.8
PPA0957	pocket9	NAI	PPA0957a_NAI	1,4-DIHYDRONICOTINAMIDE ADENINE DINUCLEOTIDE	-7.41
PPA0957	pocket24	PFQ	PPA0957a_PFQ	2-[(5,6-DIPHENYLFURO[2,3-D]PYRIMIDIN-4-YL)AMINO]ETHANOL	-6.73
PPA0957	pocket0	Z80	PPA0957a_Z80	3-(2-chloro-10H-phenothiazin-10-yl)-N,N-dimethylpropan-1-amine	-5.87
PPA0957	pocket16	ADN	PPA0957a_ADN	ADENOSINE	-4.8
PPA0958	pocket4	U98	PPA0958a_U98	2-(3-(trifluoromethyl)anilino)pyridine-3-sulfonamide	-0.61
PPA0959	pocket1	HEM	PPA0959a_HEM	PROTOPORPHYRIN IX CONTAINING FE	-6.31
PPA0959	pocket0	FAD	PPA0959a_FAD	FLAVIN-ADENINE DINUCLEOTIDE	-3.29
PPA0959	pocket5	FAD	PPA0959a_FAD	FLAVIN-ADENINE DINUCLEOTIDE	-3.29
PPA0959	pocket2	PTY	PPA0959a_PTY	PHOSPHATIDYLETHANOLAMINE	-3.27
PPA0960	pocket8	SAH	PPA0960a_SAH	S-ADENOSYL-L-HOMOCYSTEINE	-4.5
PPA0960	pocket0	MRD	PPA0960a_MRD	(4R)-2-METHYLPENTANE-2,4-DIOL	-4.19
PPA0961	pocket8	RV1	PPA0961a_RV1	N-[(4-aminophenyl)sulfonyl]cyclopropanecarboxamide	-6.12
PPA0961	pocket1	SAH	PPA0961a_SAH	S-ADENOSYL-L-HOMOCYSTEINE	-4.9
PPA0961	pocket4	H35	PPA0961a_H35	N-(FURAN-2-YLMETHYL)-7H-PURIN-6-AMINE	-4.09
PPA0961	pocket0	3YW	PPA0961a_3YW	(2S)-2,3-dihydroxypropyl 2-acetamido-2-deoxy-alpha-D-glucopyranoside	-3.97
PPA0963	pocket0	AA5	PPA0963a_AA5	N-[(3-HYDROXY-2-METHYL-5-{[(TRIHYDROXYPHOSPHORANYL)OXY]METHYL}PYRIDIN-4-YL)METHYLENE]METHIONINE	-7.61
PPA0964	pocket15	HEM	PPA0964a_HEM	PROTOPORPHYRIN IX CONTAINING FE	-3.68
PPA0965	pocket5	FAD	PPA0965a_FAD	FLAVIN-ADENINE DINUCLEOTIDE	-7.16
PPA0965	pocket0	MRD	PPA0965a_MRD	(4R)-2-METHYLPENTANE-2,4-DIOL	-5.1
PPA0966	pocket3	BS5	PPA0966a_BS5	5'-deoxy-5'-[({5-[(3aS,4S,6aR)-2-oxohexahydro-1H-thieno[3,4-d]imidazol-4-yl]pentanoyl}sulfamoyl)amino]adenosine	-6.25
PPA0966	pocket5	FAD	PPA0966a_FAD	FLAVIN-ADENINE DINUCLEOTIDE	-5.55
PPA0966	pocket1	NAD	PPA0966a_NAD	NICOTINAMIDE-ADENINE-DINUCLEOTIDE	-4.93
PPA0966	pocket8	NDP	PPA0966a_NDP	NADPH DIHYDRO-NICOTINAMIDE-ADENINE-DINUCLEOTIDE PHOSPHATE	-4.44
PPA0967	pocket0	IK2	PPA0967a_IK2	4'-DEOXY-4'-ACETYLYAMINO-PYRIDOXAL-5'-PHOSPHATE	-5.6
PPA0967	pocket12	FAD	PPA0967a_FAD	FLAVIN-ADENINE DINUCLEOTIDE	-3.98
PPA0967	pocket3	FAD	PPA0967a_FAD	FLAVIN-ADENINE DINUCLEOTIDE	-3.98
PPA0967	pocket4	FAD	PPA0967a_FAD	FLAVIN-ADENINE DINUCLEOTIDE	-3.98
PPA0967	pocket6	AGS	PPA0967a_AGS	PHOSPHOTHIOPHOSPHORIC ACID-ADENYLATE ESTER	-2.23
PPA0968	pocket0	DPU	PPA0968a_DPU	MIXED CARBAMIC PHOSPHORIC ACID ANHYDRIDE OF 7,8-DIAMINONONANIC ACID	-3.61
PPA0968	pocket2	FMN	PPA0968a_FMN	FLAVIN MONONUCLEOTIDE	103.52
PPA0969	pocket3	3CS	PPA0969a_3CS	3-[3-(3,3-DIMETHYLBUTANOYL)-1-(4-IODOBENZYL)-5-(QUINOLIN-2-YLMETHOXY)-1H-INDOL-2-YL]-2,2-DIMETHYLPROPANOIC ACID	-10.27
PPA0969	pocket16	FAD	PPA0969a_FAD	FLAVIN-ADENINE DINUCLEOTIDE	-4.43
PPA0969	pocket1	HEM	PPA0969a_HEM	PROTOPORPHYRIN IX CONTAINING FE	-2.34
PPA0973	pocket1	2EW	PPA0973a_2EW	(3S,4S)-N-[(2E)-2-iminoethyl]-4-(morpholin-4-ylcarbonyl)-1-(phenylsulfonyl)pyrrolidine-3-carboxamide	-6.47
PPA0973	pocket8	ADP	PPA0973a_ADP	ADENOSINE-5'-DIPHOSPHATE	-4.64
PPA0973	pocket0	CIT	PPA0973a_CIT	CITRIC ACID	-2.61
PPA0973	pocket2	COA	PPA0973a_COA	COENZYME A	-1.45
PPA0974	pocket0	NKY	PPA0974a_NKY	3-{[5-amino-1-(2-fluoro-6-methoxybenzene-1-carbonyl)-1H-1,2,4-triazol-3-yl]amino}-N-methylbenzamide	-8.52
PPA0974	pocket7	ADP	PPA0974a_ADP	ADENOSINE-5'-DIPHOSPHATE	-7.05
PPA0974	pocket1	ATP	PPA0974a_ATP	ADENOSINE-5'-TRIPHOSPHATE	-6.45
PPA0974	pocket5	NAP	PPA0974a_NAP	NADP NICOTINAMIDE-ADENINE-DINUCLEOTIDE PHOSPHATE	-2.04
PPA0975	pocket0	DIF	PPA0975a_DIF	2-[2,6-DICHLOROPHENYL)AMINO]BENZENEACETIC ACID	-7.1
PPA0976	pocket4	CYC	PPA0976a_CYC	PHYCOCYANOBILIN	-10.26
PPA0976	pocket9	BTN	PPA0976a_BTN	BIOTIN	-6.99
PPA0977	pocket5	SAH	PPA0977a_SAH	S-ADENOSYL-L-HOMOCYSTEINE	-6.48
PPA0978	pocket0	DCS	PPA0978a_DCS	D-[3-HYDROXY-2-METHYL-5-PHOSPHONOOXYMETHYL-PYRIDIN-4-YLMETHYL]-N,O-CYCLOSERYLAMIDE	-7.45
PPA0978	pocket2	NDP	PPA0978a_NDP	NADPH DIHYDRO-NICOTINAMIDE-ADENINE-DINUCLEOTIDE PHOSPHATE	-4.73
PPA0978	pocket4	486	PPA0978a_486	11-(4-DIMETHYLAMINO-PHENYL)-17-HYDROXY-13-METHYL-17-PROP-1-YNYL-1,2,6,7,8,11,12,13,14,15,16,17-DODEC AHYDRO-CYCLOPENTA[A]PHENANTHREN-3-ONE	-4.49
PPA0979	pocket0	FAD	PPA0979a_FAD	FLAVIN-ADENINE DINUCLEOTIDE	-1.96
PPA0980	pocket8	NAP	PPA0980a_NAP	NADP NICOTINAMIDE-ADENINE-DINUCLEOTIDE PHOSPHATE	-8.61
PPA0980	pocket0	MRJ	PPA0980a_MRJ	N-[2-(dodecanoylamino)ethyl]-N~3~-[(2R)-2-hydroxy-3,3-dimethyl-4-(phosphonooxy)butanoyl]-beta-alaninamide	-8.11
PPA0980	pocket7	50000000	PPA0980a_5E7	N-[(2S,3R)-3-hydroxy-4-({(2S,3S)-3-hydroxy-1-[(2-methylpropyl)amino]-1-oxobutan-2-yl}amino)-1-phenylbutan-2-yl]-5-[methyl(methylsulfonyl)amino]-N'-[(1R)-1-phenylethyl]benzene-1,3-dicarboxamide	Nil
PPA0983	pocket1	669	PPA0983a_669	1-(5-CARBOXYPENTYL)-5-(2,6-DICHLOROBENZYLOXY)-1H-INDOLE-2-CARBOXYLIC ACID	-10.45
PPA0983	pocket7	GKH	PPA0983a_GKH	[(2~{R},3~{S},4~{R},5~{R})-5-(6-aminopurin-9-yl)-3,4-bis(oxidanyl)oxolan-2-yl]methyl ~{N}-[[2-[(~{E})-2-(6-oxidanyl-1,3-benzothiazol-2-yl)ethenyl]-1,3-thiazol-4-yl]carbonyl]sulfamate	-7.82
PPA0983	pocket0	DCC	PPA0983a_DCC	DODECYL-COA	-7.54
PPA0983	pocket3	DIO	PPA0983a_DIO	1,4-DIETHYLENE DIOXIDE	-3.52
PPA0984	pocket1	DCZ	PPA0984a_DCZ	2'-DEOXYCYTIDINE	-5.21
PPA0984	pocket0	COA	PPA0984a_COA	COENZYME A	-5.13
PPA0984	pocket4	FAD	PPA0984a_FAD	FLAVIN-ADENINE DINUCLEOTIDE	-4.45
PPA0985	pocket0	NAP	PPA0985a_NAP	NADP NICOTINAMIDE-ADENINE-DINUCLEOTIDE PHOSPHATE	-11.51
PPA0985	pocket2	SAM	PPA0985a_SAM	S-ADENOSYLMETHIONINE	-6.94
PPA0985	pocket4	FAD	PPA0985a_FAD	FLAVIN-ADENINE DINUCLEOTIDE	-4.73
PPA0987	pocket11	HEA	PPA0987a_HEA	HEME-A	-10.78
PPA0987	pocket4	BFS	PPA0987a_BFS	N-[1-(4-BROMOPHENYL)ETHYL]-5-FLUORO SALICYLAMIDE	-7.26
PPA0987	pocket0	GLC	PPA0987a_GLC	alpha-D-glucopyranose	-4.08
PPA0987	pocket1	HED	PPA0987a_HED	2-HYDROXYETHYL DISULFIDE	-2.63
PPA0988	pocket2	CD9	PPA0988a_CD9	5-[(6-chloro-2-oxo-2,3-dihydro-1H-indol-1-yl)methyl]-1,3-benzodioxole-4-carboxylic acid	-6.23
PPA0988	pocket3	27L	PPA0988a_27L	4-(2,4,4-trimethylpentan-2-yl)phenol	-5.87
PPA0988	pocket7	NAD	PPA0988a_NAD	NICOTINAMIDE-ADENINE-DINUCLEOTIDE	-5.56
PPA0988	pocket13	ATP	PPA0988a_ATP	ADENOSINE-5'-TRIPHOSPHATE	-5.52
PPA0988	pocket8	PGU	PPA0988a_PGU	N-({3-hydroxy-2-methyl-5-[(phosphonooxy)methyl]pyridin-4-yl}methyl)-L-glutamic acid	-5.33
PPA0988	pocket14	18C	PPA0988a_18C	N-((E,2S,3R)-1,3-DIHYDROXYOCTADEC-4-EN-2-YL)STEARAMIDE	-3.48
PPA0989	pocket0	HTL	PPA0989a_HTL	2-ACETYL-THIAMINE DIPHOSPHATE	-7.14
PPA0989	pocket2	FAD	PPA0989a_FAD	FLAVIN-ADENINE DINUCLEOTIDE	-5.49
PPA0989	pocket31	BAI	PPA0989a_BAI	(5-AMIDINO-2-BENZIMIDAZOLYL)(2-BENZIMIDAZOLYL)METHANE	-3.95
PPA0989	pocket10	NAD	PPA0989a_NAD	NICOTINAMIDE-ADENINE-DINUCLEOTIDE	-3.84
PPA0989	pocket19	ADP	PPA0989a_ADP	ADENOSINE-5'-DIPHOSPHATE	-3.43
PPA0990	pocket9	HEM	PPA0990a_HEM	PROTOPORPHYRIN IX CONTAINING FE	-6.92
PPA0990	pocket3	1TM	PPA0990a_1TM	4,4'-(3-amino-1H-pyrazole-4,5-diyl)diphenol	-5.31
PPA0990	pocket1	SAX	PPA0990a_SAX	2-(dodecyloxy)-6-hydroxybenzoic acid	-5.28
PPA0993	pocket0	NIO	PPA0993a_NIO	NICOTINIC ACID	-3.7
PPA0993	pocket4	UNL	PPA0993a_UNL	Unknown ligand	Nil
PPA0994	pocket0	NAP	PPA0994a_NAP	NADP NICOTINAMIDE-ADENINE-DINUCLEOTIDE PHOSPHATE	-12.64
PPA0994	pocket12	P1B	PPA0994a_P1B	(5R)-5-{4-[2-(5-ethylpyridin-2-yl)ethoxy]benzyl}-1,3-thiazolidine-2,4-dione	-8.17
PPA0994	pocket6	BGC	PPA0994a_BGC	beta-D-glucopyranose	-3.82
PPA0994	pocket1	BCN	PPA0994a_BCN	BICINE	-2.62
PPA0995	pocket1	6NI	PPA0995a_6NI	6-NITROINDAZOLE	-6.37
PPA0997	pocket0	1IP	PPA0997a_1IP	N~2~-(PHOSPHONOACETYL)-L-ASPARAGINE	-7.24
PPA0998	pocket5	ATP	PPA0998a_ATP	ADENOSINE-5'-TRIPHOSPHATE	-5.71
PPA0998	pocket2	UMP	PPA0998a_UMP	2'-DEOXYURIDINE 5'-MONOPHOSPHATE	-5.12
PPA0998	pocket1	FLC	PPA0998a_FLC	CITRATE ANION	-3.18
PPA0999	pocket9	FAD	PPA0999a_FAD	FLAVIN-ADENINE DINUCLEOTIDE	-5.77
PPA0999	pocket7	9Z2	PPA0999a_9Z2	~{N}-(4-pyrimidin-2-ylphenyl)propanamide	-5.16
PPA0999	pocket0	POP	PPA0999a_POP	PYROPHOSPHATE 2-	-3.84
PPA0999	pocket2	NAD	PPA0999a_NAD	NICOTINAMIDE-ADENINE-DINUCLEOTIDE	-3.35
PPA1000	pocket2	U	PPA1000a_U	URIDINE-5'-MONOPHOSPHATE	-6.07
PPA1000	pocket0	ADP	PPA1000a_ADP	ADENOSINE-5'-DIPHOSPHATE	-4.38
PPA1000	pocket1	ADP	PPA1000a_ADP	ADENOSINE-5'-DIPHOSPHATE	-4.38
PPA1000	pocket4	ADP	PPA1000a_ADP	ADENOSINE-5'-DIPHOSPHATE	-4.38
PPA1000	pocket7	F3S	PPA1000a_F3S	FE3-S4 CLUSTER	-3.75
PPA1000	pocket3	IPA	PPA1000a_IPA	ISOPROPYL ALCOHOL	-3.46
PPA1001	pocket3	SAM	PPA1001a_SAM	S-ADENOSYLMETHIONINE	-6.39
PPA1001	pocket0	FAD	PPA1001a_FAD	FLAVIN-ADENINE DINUCLEOTIDE	-5.67
PPA1001	pocket2	FAD	PPA1001a_FAD	FLAVIN-ADENINE DINUCLEOTIDE	-5.67
PPA1002	pocket0	FMN	PPA1002a_FMN	FLAVIN MONONUCLEOTIDE	-7.96
PPA1002	pocket1	ROD	PPA1002a_ROD	2,6-dioxo-5-{2-[2-(trifluoromethyl)phenyl]ethyl}-1,2,3,6-tetrahydropyrimidine-4-carboxylic acid	-6.68
PPA1002	pocket8	APR	PPA1002a_APR	ADENOSINE-5-DIPHOSPHORIBOSE	-5.09
PPA1002	pocket3	L1P	PPA1002a_L1P	3-PHOSPHORYL-[1,2-DI-PHYTANYL]GLYCEROL	-4.6
PPA1003	pocket0	U5P	PPA1003a_U5P	URIDINE-5'-MONOPHOSPHATE	-8.6
PPA1003	pocket4	NAD	PPA1003a_NAD	NICOTINAMIDE-ADENINE-DINUCLEOTIDE	-5.89
PPA1003	pocket1	FAD	PPA1003a_FAD	FLAVIN-ADENINE DINUCLEOTIDE	-4.5
PPA1003	pocket5	FAD	PPA1003a_FAD	FLAVIN-ADENINE DINUCLEOTIDE	-4.5
PPA1004	pocket0	FAD	PPA1004a_FAD	FLAVIN-ADENINE DINUCLEOTIDE	-5
PPA1004	pocket4	FAD	PPA1004a_FAD	FLAVIN-ADENINE DINUCLEOTIDE	-5
PPA1004	pocket8	ADP	PPA1004a_ADP	ADENOSINE-5'-DIPHOSPHATE	-4.13
PPA1005	pocket4	IM6	PPA1005a_IM6	4-tert-butyl-N-[6-(1H-imidazol-1-yl)imidazo[1,2-a]pyridin-2-yl]benzamide	-4.5
PPA1005	pocket9	MF4	PPA1005a_MF4	TETRAFLUOROMAGNESATE(2-)	-2.1
PPA1006	pocket0	DUD	PPA1006a_DUD	DEOXYURIDINE-5'-DIPHOSPHATE	-5.39
PPA1006	pocket1	FLC	PPA1006a_FLC	CITRATE ANION	-3.94
PPA1006	pocket10	GCP	PPA1006a_GCP	PHOSPHOMETHYLPHOSPHONIC ACID GUANYLATE ESTER	-2.08
PPA1007	pocket1	FAD	PPA1007a_FAD	FLAVIN-ADENINE DINUCLEOTIDE	-7.18
PPA1007	pocket0	O74	PPA1007a_O74	6-[4-(2-chloroanilino)-1H-quinazolin-2-ylidene]cyclohexa-2,4-dien-1-one	-6.22
PPA1007	pocket3	SP3	PPA1007a_SP3	N-[1-(4-FLUOROPHENYL)-3-(2-THIENYL)-1H-PYRAZOL-5-YL]-3,5-BIS(TRIFLUOROMETHYL)BENZENESULFONAMIDE	-5.7
PPA1007	pocket4	F5S	PPA1007a_F5S	(1aR,2Z,4E,6E,14R,15aR)-9,11-dihydroxy-6-{[(4-methoxyphenyl)methoxy]imino}-14-methyl-1a,6,7,14,15,15a-hexahydro-12H-oxireno[e][2]benzoxacyclotetradecin-12-one	-5.01
PPA1010	pocket3	4OR	PPA1010a_4OR	(S)-N-(tert-butyl)-3-((2-chloro-5-ethyl-8-fluoro-dibenzodiazepin-11-yl)amino)pyrrolidine-1-carboxamide	-6.52
PPA1010	pocket0	DER	PPA1010a_DER	D-4-PHOSPHOERYTHRONIC ACID	-5.83
PPA1012	pocket4	ADP	PPA1012a_ADP	ADENOSINE-5'-DIPHOSPHATE	-8.9
PPA1012	pocket1	7ML	PPA1012a_7ML	[(7~{S})-6,6-bis(oxidanyl)-4-phenyl-5,7,8,9-tetrahydrobenzo[7]annulen-7-yl]azanium	-6.03
PPA1012	pocket0	PLM	PPA1012a_PLM	PALMITIC ACID	-4.23
PPA1012	pocket3	FAD	PPA1012a_FAD	FLAVIN-ADENINE DINUCLEOTIDE	-3.3
PPA1013	pocket1	J2T	PPA1013a_J2T	N-(2,3-dihydro-1H-inden-5-yl)tetrazolo[1,5-b]pyridazin-6-amine	-7.4
PPA1013	pocket6	NAP	PPA1013a_NAP	NADP NICOTINAMIDE-ADENINE-DINUCLEOTIDE PHOSPHATE	-3.16
PPA1014	pocket23	GG2	PPA1014a_GG2	1-(4-METHOXYPHENYL)-7-OXO-6-[4-(2-OXOPIPERIDIN-1-YL)PHENYL]-4,5,6,7-TETRAHYDRO-1H-PYRAZOLO[3,4-C]PYRIDINE-3-CARBOXAMIDE	-7.18
PPA1014	pocket1	HEM	PPA1014a_HEM	PROTOPORPHYRIN IX CONTAINING FE	-4.64
PPA1015	pocket5	ADP	PPA1015a_ADP	ADENOSINE-5'-DIPHOSPHATE	-5.35
PPA1015	pocket2	NAD	PPA1015a_NAD	NICOTINAMIDE-ADENINE-DINUCLEOTIDE	-5.14
PPA1015	pocket0	FUC	PPA1015a_FUC	alpha-L-fucopyranose	-5.1
PPA1016	pocket6	HEM	PPA1016a_HEM	PROTOPORPHYRIN IX CONTAINING FE	-5.84
PPA1016	pocket0	XAN	PPA1016a_XAN	XANTHINE	-5.3
PPA1016	pocket1	DEP	PPA1016a_DEP	DIETHYL PHOSPHONATE	-4
PPA1017	pocket6	FAD	PPA1017a_FAD	FLAVIN-ADENINE DINUCLEOTIDE	-7
PPA1017	pocket0	SZ9	PPA1017a_SZ9	1-(2,5-dimethylfuran-3-yl)methanamine	-5.97
PPA1017	pocket1	SF4	PPA1017a_SF4	IRON/SULFUR CLUSTER	-3.41
PPA1019	pocket6	ANP	PPA1019a_ANP	PHOSPHOAMINOPHOSPHONIC ACID-ADENYLATE ESTER	-9.98
PPA1019	pocket7	ANP	PPA1019a_ANP	PHOSPHOAMINOPHOSPHONIC ACID-ADENYLATE ESTER	-9.98
PPA1019	pocket1	DST	PPA1019a_DST	DIMETHYLALLYL S-THIOLODIPHOSPHATE	-7.7
PPA1019	pocket8	NAP	PPA1019a_NAP	NADP NICOTINAMIDE-ADENINE-DINUCLEOTIDE PHOSPHATE	-5.39
PPA1019	pocket4	FMN	PPA1019a_FMN	FLAVIN MONONUCLEOTIDE	-5.17
PPA1019	pocket12	CAO	PPA1019a_CAO	OXIDIZED COENZYME A	-2.88
PPA1020	pocket2	BEN	PPA1020a_BEN	BENZAMIDINE	-3.49
PPA1021	pocket3	AGO	PPA1021a_AGO	2-amino-9-(5-O-[(R)-hydroxy{[(R)-hydroxy(phosphonoamino)phosphoryl]oxy}phosphoryl]-3-O-{[2-(methylamino)phenyl]carbonyl}-beta-D-erythro-pentofuranosyl-2-ulose)-1,9-dihydro-6H-purin-6-one	-9.6
PPA1021	pocket17	GE5	PPA1021a_GE5	3-(2,5-dimethoxyphenyl)-~{N}-[4-[4-(4-fluorophenyl)-2-[(~{E})-phenyldiazenyl]-1,3-thiazol-5-yl]pyridin-2-yl]propanamide	-8.25
PPA1021	pocket0	OLC	PPA1021a_OLC	(2R)-2,3-dihydroxypropyl (9Z)-octadec-9-enoate	-5.81
PPA1021	pocket6	GDP	PPA1021a_GDP	GUANOSINE-5'-DIPHOSPHATE	-5.53
PPA1021	pocket25	NAD	PPA1021a_NAD	NICOTINAMIDE-ADENINE-DINUCLEOTIDE	-5.09
PPA1021	pocket9	0JO	PPA1021a_0JO	2-{[(E)-{3-hydroxy-2-methyl-5-[(phosphonooxy)methyl]pyridin-4-yl}methylidene]amino}prop-2-enoic acid	-4.24
PPA1022	pocket3	NAR	PPA1022a_NAR	NARINGENIN	-6.93
PPA1022	pocket24	FAD	PPA1022a_FAD	FLAVIN-ADENINE DINUCLEOTIDE	-6.75
PPA1022	pocket4	ZO0	PPA1022a_ZO0	4-(4-METHYL-1,4-DIAZEPAN-1-YL)-2-(TRIFLUOROMETHYL)QUINAZOLINE	-4.98
PPA1022	pocket17	BSJ	PPA1022a_BSJ	(3R,9Z)-17-[(2R,3S,4R,5R,6R)-5-amino-6-{[(1R,2R,3S,4R,6S)-4,6-diamino-2,3-dihydroxycyclohexyl]oxy}-3,4-dihydroxytetrahydro-2H-pyran-2-yl]-3-hydroxy-2,2-dimethyl-4,8,15-trioxo-12-thia-5,9,16-triazaheptadec-9-en-1-yl [(2R,3S,4R,5R)-5-(6-amino-9H-purin-9-yl)-4-hydroxy-3-(phosphonooxy)tetrahydrofuran-2-yl]methyl dihydrogen diphosphate	-3.99
PPA1023	pocket9	FAD	PPA1023a_FAD	FLAVIN-ADENINE DINUCLEOTIDE	-6.08
PPA1023	pocket6	U5P	PPA1023a_U5P	URIDINE-5'-MONOPHOSPHATE	-4.63
PPA1023	pocket2	NDP	PPA1023a_NDP	NADPH DIHYDRO-NICOTINAMIDE-ADENINE-DINUCLEOTIDE PHOSPHATE	-1.82
PPA1025	pocket0	MT3	PPA1025a_MT3	2-benzyl-5-{4-[(6,7-dimethoxyquinolin-4-yl)oxy]-3-fluorophenyl}-3-methylpyrimidin-4(3H)-one	-7.23
PPA1025	pocket2	FAD	PPA1025a_FAD	FLAVIN-ADENINE DINUCLEOTIDE	-5.11
PPA1026	pocket3	UTY	PPA1026a_UTY	3-[(6-{2-[(3R)-4-(hydroxyacetyl)-3-methylpiperazin-1-yl]pyrimidin-5-yl}-2,2-dimethyl-3-oxo-2,3-dihydro-1H-indol-1-yl)methyl]pyridine-2-carbonitrile	-7.66
PPA1026	pocket22	FAD	PPA1026a_FAD	FLAVIN-ADENINE DINUCLEOTIDE	-3.23
PPA1027	pocket6	2BA	PPA1027a_2BA	(2R,3R,3aS,5R,7aR,9R,10R,10aS,12R,14aR)-2,9-bis(6-amino-9H-purin-9-yl)octahydro-2H,7H-difuro[3,2-d:3',2'-j][1,3,7,9,2,8]tetraoxadiphosphacyclododecine-3,5,10,12-tetrol 5,12-dioxide	-6.08
PPA1027	pocket1	NAP	PPA1027a_NAP	NADP NICOTINAMIDE-ADENINE-DINUCLEOTIDE PHOSPHATE	-5.03
PPA1028	pocket1	ATP	PPA1028a_ATP	ADENOSINE-5'-TRIPHOSPHATE	-6.55
PPA1028	pocket0	D5M	PPA1028a_D5M	2'-DEOXYADENOSINE-5'-MONOPHOSPHATE	-5.04
PPA1030	pocket1	COA	PPA1030a_COA	COENZYME A	-7.45
PPA1030	pocket7	FDA	PPA1030a_FDA	DIHYDROFLAVINE-ADENINE DINUCLEOTIDE	-7.12
PPA1030	pocket2	FAD	PPA1030a_FAD	FLAVIN-ADENINE DINUCLEOTIDE	-5.19
PPA1030	pocket6	FAD	PPA1030a_FAD	FLAVIN-ADENINE DINUCLEOTIDE	-5.19
PPA1030	pocket0	K23	PPA1030a_K23	6-chloro-3-[1-(4-chlorobenzyl)-4-phenyl-1H-imidazol-5-yl]-1H-indole-2-carboxylic acid	-3.51
PPA1031	pocket0	BNG	PPA1031a_BNG	nonyl beta-D-glucopyranoside	-4.51
PPA1032	pocket1	A8S	PPA1032a_A8S	(2Z,4E)-5-[(1S)-1-hydroxy-2,6,6-trimethyl-4-oxocyclohex-2-en-1-yl]-3-methylpenta-2,4-dienoic acid	-6.25
PPA1032	pocket9	NAI	PPA1032a_NAI	1,4-DIHYDRONICOTINAMIDE ADENINE DINUCLEOTIDE	-5.35
PPA1032	pocket4	MS9	PPA1032a_MS9	methyl 2-amino-4-chlorobenzoate	-5.04
PPA1032	pocket7	ADP	PPA1032a_ADP	ADENOSINE-5'-DIPHOSPHATE	-4.52
PPA1032	pocket5	G	PPA1032a_G	GUANOSINE-5'-MONOPHOSPHATE	-3.63
PPA1032	pocket6	UNL	PPA1032a_UNL	Unknown ligand	Nil
PPA1033	pocket1	100	PPA1033a_100	1-(5-CHLOROINDOL-3-YL)-3-HYDROXY-3-(2H-TETRAZOL-5-YL)-PROPENONE	-8.61
PPA1033	pocket14	AS0	PPA1033a_AS0	4-[(11BETA,17BETA)-17-METHOXY-17-(METHOXYMETHYL)-3-OXOESTRA-4,9-DIEN-11-YL]BENZALDEHYDE OXIME	-8.3
PPA1033	pocket0	B3P	PPA1033a_B3P	2-[3-(2-HYDROXY-1,1-DIHYDROXYMETHYL-ETHYLAMINO)-PROPYLAMINO]-2-HYDROXYMETHYL-PROPANE-1,3-DIOL	-5.32
PPA1033	pocket3	UNL	PPA1033a_UNL	Unknown ligand	Nil
PPA1034	pocket2	WHJ	PPA1034a_WHJ	CARMOTEROL	-8.14
PPA1034	pocket0	SDN	PPA1034a_SDN	[(3S)-9-hydroxy-1-methyl-10-oxo-4,10-dihydro-3H-benzo[g]isochromen-3-yl]acetic acid	-7.62
PPA1034	pocket5	NDP	PPA1034a_NDP	NADPH DIHYDRO-NICOTINAMIDE-ADENINE-DINUCLEOTIDE PHOSPHATE	-4.32
PPA1035	pocket5	NAD	PPA1035a_NAD	NICOTINAMIDE-ADENINE-DINUCLEOTIDE	-6.17
PPA1035	pocket1	CLM	PPA1035a_CLM	CHLORAMPHENICOL	-4.97
PPA1035	pocket7	FAD	PPA1035a_FAD	FLAVIN-ADENINE DINUCLEOTIDE	-3.46
PPA1035	pocket9	PCD	PPA1035a_PCD	(MOLYBDOPTERIN-CYTOSINE DINUCLEOTIDE-S,S)-DIOXO-AQUA-MOLYBDENUM(V)	Nil
PPA1036	pocket0	COA	PPA1036a_COA	COENZYME A	-7.58
PPA1037	pocket0	PEL	PPA1037a_PEL	2-PHENYL-ETHANOL	-4.66
PPA1038	pocket1	1QG	PPA1038a_1QG	(3S)-3-{4-[3-(4-fluorophenyl)-1-methyl-1H-pyrazol-4-yl]pyridin-2-yl}morpholine	-6.73
PPA1038	pocket0	FAD	PPA1038a_FAD	FLAVIN-ADENINE DINUCLEOTIDE	-5.95
PPA1039	pocket0	FAD	PPA1039a_FAD	FLAVIN-ADENINE DINUCLEOTIDE	-1.84
PPA1039	pocket6	FAD	PPA1039a_FAD	FLAVIN-ADENINE DINUCLEOTIDE	-1.84
PPA1040	pocket6	NAP	PPA1040a_NAP	NADP NICOTINAMIDE-ADENINE-DINUCLEOTIDE PHOSPHATE	-5.07
PPA1040	pocket0	ACO	PPA1040a_ACO	ACETYL COENZYME *A	-4.88
PPA1040	pocket4	ACO	PPA1040a_ACO	ACETYL COENZYME *A	-4.88
PPA1042	pocket0	ANP	PPA1042a_ANP	PHOSPHOAMINOPHOSPHONIC ACID-ADENYLATE ESTER	-8.23
PPA1042	pocket12	FL8	PPA1042a_FL8	6,4'-DIHYDROXY-3-METHYL-3',5'-DIBROMOFLAVONE	-7.5
PPA1042	pocket8	NAI	PPA1042a_NAI	1,4-DIHYDRONICOTINAMIDE ADENINE DINUCLEOTIDE	-4.75
PPA1043	pocket13	4G3	PPA1043a_4G3	6-[(3-hydroxybenzyl)amino]pyridine-3-carboxamide	-6.68
PPA1043	pocket11	2GJ	PPA1043a_2GJ	5-[2,4-DIHYDROXY-5-(1-METHYLETHYL)PHENYL]-N-ETHYL-4-[4-(MORPHOLIN-4-YLMETHYL)PHENYL]ISOXAZOLE-3-CARBOXAMIDE	-6.3
PPA1043	pocket2	PC1	PPA1043a_PC1	1,2-DIACYL-SN-GLYCERO-3-PHOSPHOCHOLINE	-3.34
PPA1043	pocket0	71E	PPA1043a_71E	DZ 2384	5.6
PPA1044	pocket0	1MN	PPA1044a_1MN	(2S,5R,6S)-2-benzyl-5,6-bis(4-bromophenyl)-4-methylmorpholin-3-one	-7.68
PPA1044	pocket7	FAD	PPA1044a_FAD	FLAVIN-ADENINE DINUCLEOTIDE	-7.2
PPA1044	pocket2	XS4	PPA1044a_XS4	1-~{tert}-butyl-3-[6-(3,5-dimethoxyphenyl)-2-[[1-[1-(phenylmethyl)piperidin-4-yl]-1,2,3-triazol-4-yl]methylamino]pyrido[2,3-d]pyrimidin-7-yl]urea	17.62
PPA1045	pocket0	F18	PPA1045a_F18	4-[(E)-(3,5-DIAMINO-1H-PYRAZOL-4-YL)DIAZENYL]PHENOL	-6.86
PPA1045	pocket4	SVT	PPA1045a_SVT	5-methoxy-1~{H}-indazole	-6.27
PPA1045	pocket1	DUD	PPA1045a_DUD	DEOXYURIDINE-5'-DIPHOSPHATE	-6.24
PPA1045	pocket10	FAD	PPA1045a_FAD	FLAVIN-ADENINE DINUCLEOTIDE	-6.18
PPA1045	pocket20	ADP	PPA1045a_ADP	ADENOSINE-5'-DIPHOSPHATE	-5.33
PPA1046	pocket6	PPY	PPA1046a_PPY	3-PHENYLPYRUVIC ACID	-5.17
PPA1047	pocket3	MLN	PPA1047a_MLN	(S)-2-(PHOSPHONOXY)CAPROYL-L-LEUCYL-P-NITROANILIDE	-5.65
PPA1047	pocket0	NAP	PPA1047a_NAP	NADP NICOTINAMIDE-ADENINE-DINUCLEOTIDE PHOSPHATE	-1.92
PPA1048	pocket4	NDP	PPA1048a_NDP	NADPH DIHYDRO-NICOTINAMIDE-ADENINE-DINUCLEOTIDE PHOSPHATE	-5.76
PPA1048	pocket0	2:00 AM	PPA1048a_2AM	NA	-4.86
PPA1049	pocket0	4TA	PPA1049a_4TA	P1-(5'-ADENOSYL)P4-(5'-(2'-DEOXY-THYMIDYL))TETRAPHOSPHATE	-10.22
PPA1049	pocket1	DQU	PPA1049a_DQU	2,6-DIAMINO-3H-QUINAZOLIN-4-ONE	-6.91
PPA1049	pocket4	FAD	PPA1049a_FAD	FLAVIN-ADENINE DINUCLEOTIDE	-5.78
PPA1049	pocket3	NDP	PPA1049a_NDP	NADPH DIHYDRO-NICOTINAMIDE-ADENINE-DINUCLEOTIDE PHOSPHATE	-3.3
PPA1052	pocket2	F76	PPA1052a_F76	2-oxo-2-[(4-sulfamoylphenyl)amino]ethyl 7,8,9,10-tetrahydro-6H-cyclohepta[b]quinoline-11-carboxylate	-6.79
PPA1053	pocket0	358	PPA1053a_358	1-(2,6-DICHLOROPHENYL)-5-(2,4-DIFLUOROPHENYL)-7-PIPERIDIN-4-YL-3,4-DIHYDROQUINOLIN-2(1H)-ONE	-6.61
PPA1053	pocket1	PTJ	PPA1053a_PTJ	5'-O-[(S)-hydroxy{[(2R)-2-hydroxy-3,3-dimethyl-4-(phosphonooxy)butanoyl]oxy}phosphoryl]adenosine	-4.38
PPA1053	pocket6	SF4	PPA1053a_SF4	IRON/SULFUR CLUSTER	-3.26
PPA1053	pocket4	A00	PPA1053a_A00	N-[(5S)-5-{[(4-aminophenyl)sulfonyl](isobutyl)amino}-6-hydroxyhexyl]-Nalpha-(methoxycarbonyl)-beta-phenyl-L-phenylalaninamide	Nil
PPA1054	pocket0	ADN	PPA1054a_ADN	ADENOSINE	-4.59
PPA1055	pocket0	G96	PPA1055a_G96	4-[2-(4-amino-1,2,5-oxadiazol-3-yl)-6-{[(2R)-2-amino-3-phenylpropyl]oxy}-1-ethyl-1H-imidazo[4,5-c]pyridin-4-yl]-2-methylbut-3-yn-2-ol	-7.35
PPA1055	pocket6	SAH	PPA1055a_SAH	S-ADENOSYL-L-HOMOCYSTEINE	-5.11
PPA1055	pocket7	2PE	PPA1055a_2PE	NONAETHYLENE GLYCOL	1.51
PPA1057	pocket1	ATP	PPA1057a_ATP	ADENOSINE-5'-TRIPHOSPHATE	-7
PPA1057	pocket3	FAD	PPA1057a_FAD	FLAVIN-ADENINE DINUCLEOTIDE	-4.75
PPA1058	pocket4	D73	PPA1058a_D73	[(2R,3S,4R,5R)-5-(6-amino-9H-purin-9-yl)-3,4-dihydroxytetrahydrofuran-2-yl]methyl (2R,3S,4S)-2,3,4-trihydroxy-5-[(4aS)-4a-[(1S,3E)-3-imino-1-phenylbutyl]-7,8-dimethyl-2,4-dioxo-3,4,4a,5-tetrahydrobenzo[g]pteridin-10(2H)-yl]pentyl dihydrogen diphosphate	-5.01
PPA1059	pocket25	FAS	PPA1059a_FAS	ARABINO-FLAVIN-ADENINE DINUCLEOTIDE	-7.77
PPA1059	pocket0	MYR	PPA1059a_MYR	MYRISTIC ACID	-6.5
PPA1059	pocket9	MC3	PPA1059a_MC3	1,2-DIMYRISTOYL-RAC-GLYCERO-3-PHOSPHOCHOLINE	-5.21
PPA1059	pocket1	MRD	PPA1059a_MRD	(4R)-2-METHYLPENTANE-2,4-DIOL	-4.07
PPA1060	pocket10	0QY	PPA1060a_0QY	N-[2-(1H-indol-3-ylmethyl)-1H-benzimidazol-5-yl]-L-prolinamide	-8.96
PPA1060	pocket5	NDP	PPA1060a_NDP	NADPH DIHYDRO-NICOTINAMIDE-ADENINE-DINUCLEOTIDE PHOSPHATE	-8.17
PPA1060	pocket0	SAH	PPA1060a_SAH	S-ADENOSYL-L-HOMOCYSTEINE	-7.76
PPA1060	pocket3	G	PPA1060a_G	GUANOSINE-5'-MONOPHOSPHATE	-6.54
PPA1060	pocket1	8CL	PPA1060a_8CL	chlorobenzene	-4.23
PPA1060	pocket2	9Y1	PPA1060a_9Y1	2-[3-(4-fluorophenyl)-5-(trifluoromethyl)-1H-pyrazol-1-yl]-1,3-thiazole-4-carboxylic acid	-2.69
PPA1061	pocket1	U0E	PPA1061a_U0E	N-[[1-[N-ACETAMIDYL]-[1-CYCLOHEXYLMETHYL-2-HYDROXY-4-ISOPROPYL]-BUT-4-YL]-CARBONYL]-GLUTAMINYL-ARGINYL-AMIDE	-10.71
PPA1061	pocket12	BS5	PPA1061a_BS5	5'-deoxy-5'-[({5-[(3aS,4S,6aR)-2-oxohexahydro-1H-thieno[3,4-d]imidazol-4-yl]pentanoyl}sulfamoyl)amino]adenosine	-10.62
PPA1061	pocket28	FAD	PPA1061a_FAD	FLAVIN-ADENINE DINUCLEOTIDE	-3.78
PPA1061	pocket0	FLC	PPA1061a_FLC	CITRATE ANION	-2.93
PPA1062	pocket0	TDP	PPA1062a_TDP	NA	-9.34
PPA1062	pocket2	ECS	PPA1062a_ECS	2,3,17BETA-TRIHYDROXY-1,3,5(10)-ESTRATRIENE	-6.41
PPA1062	pocket19	PLV	PPA1062a_PLV	N-({3-HYDROXY-2-METHYL-5-[(PHOSPHONOOXY)METHYL]PYRIDIN-4-YL}METHYL)-O-METHYL-L-SERINE	-3.19
PPA1063	pocket15	NOS	PPA1063a_NOS	INOSINE	-4.59
PPA1063	pocket9	NDP	PPA1063a_NDP	NADPH DIHYDRO-NICOTINAMIDE-ADENINE-DINUCLEOTIDE PHOSPHATE	-1.27
PPA1064	pocket0	U22	PPA1064a_U22	uridine-5'-diphosphate-3-N-(R-3-hydroxylauroyl)-N-acetyl-D-glucosamine	-2.96
PPA1064	pocket1	UNL	PPA1064a_UNL	Unknown ligand	Nil
PPA1065	pocket1	RSM	PPA1065a_RSM	(2S)-2-(acetylamino)-N-methyl-4-[(R)-methylsulfinyl]butanamide	-4.55
PPA1065	pocket2	FES	PPA1065a_FES	FE2/S2 (INORGANIC) CLUSTER	-2.61
PPA1066	pocket3	2TM	PPA1066a_2TM	5'-O-[(S)-hydroxy{[(S)-hydroxy(phosphonooxy)phosphoryl]methyl}phosphoryl]cytidine	-6.99
PPA1066	pocket7	0R2	PPA1066a_0R2	[(3R,5R,6S)-1-[(2S)-1-tert-butoxy-1-oxobutan-2-yl]-5-(3-chlorophenyl)-6-(4-chlorophenyl)-2-oxopiperidin-3-yl]acetic acid	-6.62
PPA1066	pocket5	PPS	PPA1066a_PPS	3'-PHOSPHATE-ADENOSINE-5'-PHOSPHATE SULFATE	-6.08
PPA1066	pocket6	FAD	PPA1066a_FAD	FLAVIN-ADENINE DINUCLEOTIDE	-5.77
PPA1067	pocket1	S19	PPA1067a_S19	2-{[(3R,4R)-3-aminotetrahydro-2H-pyran-4-yl]amino}-4-[(4-methylphenyl)amino]pyrimidine-5-carboxamide	-7.47
PPA1067	pocket2	HEC	PPA1067a_HEC	HEME C	-4.84
PPA1068	pocket1	PM9	PPA1068a_PM9	(2E)-2-{[(Z)-{3-HYDROXY-2-METHYL-5-[(PHOSPHONOOXY)METHYL]PYRIDIN-4(1H)-YLIDENE}METHYL]IMINO}-4-(METHYLSULFANYL)BUTANOIC ACID	-8.62
PPA1068	pocket5	PPI	PPA1068a_PPI	PROPANOIC ACID	-3.39
PPA1068	pocket0	FES	PPA1068a_FES	FE2/S2 (INORGANIC) CLUSTER	-2.55
PPA1068	pocket3	PXN	PPA1068a_PXN	(2S)-1-[3-{[(2R)-2-hydroxypropyl]oxy}-2,2-bis({[(2R)-2-hydroxypropyl]oxy}methyl)propoxy]propan-2-ol	-0.8
PPA1069	pocket7	BB2	PPA1069a_BB2	ACTINONIN	-6.02
PPA1072	pocket2	NAP	PPA1072a_NAP	NADP NICOTINAMIDE-ADENINE-DINUCLEOTIDE PHOSPHATE	-10.27
PPA1072	pocket6	BB2	PPA1072a_BB2	ACTINONIN	-4.74
PPA1072	pocket0	P6G	PPA1072a_P6G	HEXAETHYLENE GLYCOL	0.09
PPA1073	pocket1	2N7	PPA1073a_2N7	(1aR,12bS)-8-cyclohexyl-N-(dimethylsulfamoyl)-11-methoxy-1a-{[(1R,5S)-3-methyl-3,8-diazabicyclo[3.2.1]oct-8-yl]carbonyl}-1,1a,2,12b-tetrahydrocyclopropa[d]indolo[2,1-a][2]benzazepine-5-carboxamide	-9.1
PPA1073	pocket16	UKA	PPA1073a_UKA	6-(2,2-diphenylethylamino)-9-[(2R,3R,4S,5S)-5-(ethylcarbamoyl)-3,4-dihydroxy-oxolan-2-yl]-N-[2-[(1-pyridin-2-ylpiperidin-4-yl)carbamoylamino]ethyl]purine-2-carboxamide	-8.99
PPA1073	pocket10	LBV	PPA1073a_LBV	3-[2-[(Z)-[3-(2-carboxyethyl)-5-[(Z)-(4-ethenyl-3-methyl-5-oxidanylidene-pyrrol-2-ylidene)methyl]-4-methyl-pyrrol-1-ium-2-ylidene]methyl]-5-[(Z)-[(3E)-3-ethylidene-4-methyl-5-oxidanylidene-pyrrolidin-2-ylidene]methyl]-4-methyl-1H-pyrrol-3-yl]propanoic acid	-7.66
PPA1073	pocket8	NAI	PPA1073a_NAI	1,4-DIHYDRONICOTINAMIDE ADENINE DINUCLEOTIDE	-5.19
PPA1073	pocket7	SQL	PPA1073a_SQL	(6E,10E,14E,18E)-2,6,10,15,19,23-hexamethyltetracosa-2,6,10,14,18,22-hexaene	-3.34
PPA1073	pocket3	MLA	PPA1073a_MLA	MALONIC ACID	-2.45
PPA1073	pocket4	VLB	PPA1073a_VLB	(2ALPHA,2'BETA,3BETA,4ALPHA,5BETA)-VINCALEUKOBLASTINE	16.85
PPA1076	pocket1	1B3	PPA1076a_1B3	N-{[3-(4-amino-2-chloroquinazolin-7-yl)phenyl]sulfonyl}-L-threoninamide	-11.48
PPA1076	pocket2	1LQ	PPA1076a_1LQ	quinazolin-4-amine	-4.49
PPA1076	pocket12	GTP	PPA1076a_GTP	GUANOSINE-5'-TRIPHOSPHATE	-1.23
PPA1077	pocket0	ADW	PPA1077a_ADW	ADENOSINE-5'-DITUNGSTATE	Nil
PPA1078	pocket9	HEM	PPA1078a_HEM	PROTOPORPHYRIN IX CONTAINING FE	-9.14
PPA1078	pocket2	LC3	PPA1078a_LC3	7-(4-carboxyphenyl)-3-[3-(naphthalen-1-yloxy)propyl]pyrazolo[1,5-a]pyridine-2-carboxylic acid	-7.98
PPA1078	pocket1	LIP	PPA1078a_LIP	L-MYO-INOSITOL-1-PHOSPHATE	-5.7
PPA1078	pocket0	FLC	PPA1078a_FLC	CITRATE ANION	-3.01
PPA1078	pocket4	L2P	PPA1078a_L2P	2,3-DI-PHYTANYL-GLYCEROL	-2.59
PPA1079	pocket2	HEM	PPA1079a_HEM	PROTOPORPHYRIN IX CONTAINING FE	-10.19
PPA1079	pocket0	12P	PPA1079a_12P	DODECAETHYLENE GLYCOL	-2.25
PPA1080	pocket4	NAD	PPA1080a_NAD	NICOTINAMIDE-ADENINE-DINUCLEOTIDE	-4.78
PPA1081	pocket2	BCL	PPA1081a_BCL	BACTERIOCHLOROPHYLL A	-7.79
PPA1081	pocket1	5WL	PPA1081a_5WL	6-chloranyl-~{N}-methylsulfonyl-3-(3-naphthalen-1-yloxypropyl)-1~{H}-indole-2-carboxamide	-7.17
PPA1081	pocket0	86B	PPA1081a_86B	4-{(2S)-2-hydroxy-3-[(propan-2-yl)amino]propoxy}benzene-1-sulfonamide	-7.1
PPA1084	pocket4	EZN	PPA1084a_EZN	[3-chloranyl-5-(1~{H}-indol-4-yl)phenyl]methanamine	-5.73
PPA1086	pocket6	UNL	PPA1086a_UNL	Unknown ligand	Nil
PPA1087	pocket5	FAD	PPA1087a_FAD	FLAVIN-ADENINE DINUCLEOTIDE	-3.88
PPA1088	pocket7	PS7	PPA1088a_PS7	{(1R,2R,3R)-2-[(3E)-4,8-dimethylnona-3,7-dien-1-yl]-2-methyl-3-[(1E,5E)-2,6,10-trimethylundeca-1,5,9-trien-1-yl]cyclopropyl}methyl trihydrogen diphosphate	-10.02
PPA1088	pocket3	GG2	PPA1088a_GG2	1-(4-METHOXYPHENYL)-7-OXO-6-[4-(2-OXOPIPERIDIN-1-YL)PHENYL]-4,5,6,7-TETRAHYDRO-1H-PYRAZOLO[3,4-C]PYRIDINE-3-CARBOXAMIDE	-6.95
PPA1088	pocket0	YLQ	PPA1088a_YLQ	3-[1-[2-(4-METHYLPHENOXY)ETHYL]BENZIMIDAZOL-2-YL]SULFANYLPROPANOIC ACID	-6.21
PPA1089	pocket0	BCR	PPA1089a_BCR	BETA-CAROTENE	-9.81
PPA1089	pocket6	B4P	PPA1089a_B4P	BIS(ADENOSINE)-5'-TETRAPHOSPHATE	-5.15
PPA1089	pocket1	DWQ	PPA1089a_DWQ	[2-[2-oxidanylidene-2-[[3-[2-[5-[3-oxidanylidene-3-[3-[2-[2-[3-[3-[2-[2-[2-[[3-[2-(2-phosphonophenoxy)ethanoylamino]phenyl]carbonylamino]ethoxy]ethoxy]ethoxy]propanoylamino]propoxy]ethoxy]ethoxy]propylamino]propoxy]pentoxy]ethylcarbamoyl]phenyl]amino]ethoxy]phenyl]phosphonic acid	-4.87
PPA1090	pocket0	ATP	PPA1090a_ATP	ADENOSINE-5'-TRIPHOSPHATE	-7.96
PPA1090	pocket8	SOP	PPA1090a_SOP	[(2R,3S,4R,5R)-5-(6-AMINO-9H-PURIN-9-YL)-4-HYDROXY-3-(PHOSPHONOOXY)TETRAHYDROFURAN-2-YL]METHYL(3R)-3-HYDROXY-2,2-DIMETHYL-4-OXO-4-{[3-OXO-3-({2-[(2-OXOPROPYL)THIO]ETHYL}AMINO)PROPYL]AMINO}BUTYL DIHYDROGEN DIPHOSPHATE	-1.62
PPA1091	pocket0	ZID	PPA1091a_ZID	ISONICOTINIC-ACETYL-NICOTINAMIDE-ADENINE DINUCLEOTIDE	-3.13
PPA1092	pocket1	DTT	PPA1092a_DTT	2,3-DIHYDROXY-1,4-DITHIOBUTANE	-3.87
PPA1093	pocket0	MTH	PPA1093a_MTH	2-(4-AMINO-PYRROLO[2,3-D]PYRIMIDIN-7-YL)-5-METHYLSULFANYLMETHYL-TETRAHYDRO-FURAN-3,4-DIOL	-7.49
PPA1093	pocket1	BEN	PPA1093a_BEN	BENZAMIDINE	-4.98
PPA1093	pocket2	ACY	PPA1093a_ACY	ACETIC ACID	-1.88
PPA1094	pocket5	SH4	PPA1094a_SH4	(1R)-1-PHENYLETHYL 4-(ACETYLAMINO)BENZYLPHOSPHONATE	-8.59
PPA1094	pocket3	IN3	PPA1094a_IN3	1-(N-BENZYLOXYCARBONYL-L-LEUCINYL)-5-(3-BENZYLOXY BENZOYL)CARBOHYDRAZIDE	-7.91
PPA1094	pocket4	MRD	PPA1094a_MRD	(4R)-2-METHYLPENTANE-2,4-DIOL	-3.31
PPA1095	pocket3	FAD	PPA1095a_FAD	FLAVIN-ADENINE DINUCLEOTIDE	-2.78
PPA1096	pocket0	DTP	PPA1096a_DTP	2'-DEOXYADENOSINE 5'-TRIPHOSPHATE	-8.55
PPA1096	pocket22	PLS	PPA1096a_PLS	[3-HYDROXY-2-METHYL-5-PHOSPHONOOXYMETHYL-PYRIDIN-4-YLMETHYL]-SERINE	-7.37
PPA1096	pocket3	O1J	PPA1096a_O1J	(benzyloxy)acetic acid	-4.8
PPA1096	pocket1	71E	PPA1096a_71E	DZ 2384	73.96
PPA1098	pocket5	HEC	PPA1098a_HEC	HEME C	-7.72
PPA1098	pocket1	DIO	PPA1098a_DIO	1,4-DIETHYLENE DIOXIDE	-2.58
PPA1099	pocket2	BLA	PPA1099a_BLA	BILIVERDINE IX ALPHA	-7.92
PPA1099	pocket0	4HY	PPA1099a_4HY	[4-(4-HYDROXY-3-IODO-PHENOXY)-3,5-DIIODO-PHENYL]-ACETIC ACID	-6.55
PPA1099	pocket3	SAH	PPA1099a_SAH	S-ADENOSYL-L-HOMOCYSTEINE	-4.31
PPA1100	pocket0	MAP	PPA1100a_MAP	MAGNESIUM-5'-ADENYLY-IMIDO-TRIPHOSPHATE	-5.67
PPA1101	pocket2	FGF	PPA1101a_FGF	N-[5-cyano-4-(2-methoxyethylamino)pyridin-2-yl]-7-methanoyl-6-[(4-methyl-2-oxidanylidene-piperazin-1-yl)methyl]-3,4-dihydro-2H-1,8-naphthyridine-1-carboxamide	-7.11
PPA1101	pocket1	FMN	PPA1101a_FMN	FLAVIN MONONUCLEOTIDE	-6.24
PPA1101	pocket0	FB2	PPA1101a_FB2	benzenesulfonamide	-5.59
PPA1101	pocket5	NAP	PPA1101a_NAP	NADP NICOTINAMIDE-ADENINE-DINUCLEOTIDE PHOSPHATE	-5.5
PPA1101	pocket7	FAD	PPA1101a_FAD	FLAVIN-ADENINE DINUCLEOTIDE	-2.42
PPA1102	pocket5	O3Y	PPA1102a_O3Y	4-(2-chlorophenyl)-3-hydroxy-7,7-dimethyl-2-phenyl-2,6,7,8-tetrahydro-5H-pyrazolo[3,4-b]quinolin-5-one	-6.67
PPA1102	pocket6	3DH	PPA1102a_3DH	5'-S-ethyl-5'-thioadenosine	-4.92
PPA1103	pocket0	QNG	PPA1103a_QNG	N-[(1S)-1-(3-{4-chloro-3-[(methylsulfonyl)amino]-1-(2,2,2-trifluoroethyl)-1H-indazol-7-yl}-6-[3-methyl-3-(methylsulfonyl)but-1-yn-1-yl]pyridin-2-yl)-2-(3,5-difluorophenyl)ethyl]-2-[(3bS,4aR)-5,5-difluoro-3-(trifluoromethyl)-3b,4,4a,5-tetrahydro-1H-cyclopropa[3,4]cyclopenta[1,2-c]pyrazol-1-yl]acetamide	-3.91
PPA1104	pocket2	UQ2	PPA1104a_UQ2	UBIQUINONE-2	-5.93
PPA1104	pocket1	5GP	PPA1104a_5GP	GUANOSINE-5'-MONOPHOSPHATE	-4.15
PPA1104	pocket3	FAD	PPA1104a_FAD	FLAVIN-ADENINE DINUCLEOTIDE	-3.98
PPA1104	pocket0	CIT	PPA1104a_CIT	CITRIC ACID	-1.14
PPA1105	pocket1	9KQ	PPA1105a_9KQ	2-phenyl-4-(1,2,4-triazol-4-yl)quinazoline	-5.98
PPA1105	pocket8	FAD	PPA1105a_FAD	FLAVIN-ADENINE DINUCLEOTIDE	-4.31
PPA1105	pocket5	2BA	PPA1105a_2BA	(2R,3R,3aS,5R,7aR,9R,10R,10aS,12R,14aR)-2,9-bis(6-amino-9H-purin-9-yl)octahydro-2H,7H-difuro[3,2-d:3',2'-j][1,3,7,9,2,8]tetraoxadiphosphacyclododecine-3,5,10,12-tetrol 5,12-dioxide	-4.02
PPA1106	pocket5	GNP	PPA1106a_GNP	PHOSPHOAMINOPHOSPHONIC ACID-GUANYLATE ESTER	-5.2
PPA1106	pocket8	22B	PPA1106a_22B	BACTERIORUBERIN	-2.49
PPA1106	pocket0	NHE	PPA1106a_NHE	2-[N-CYCLOHEXYLAMINO]ETHANE SULFONIC ACID	Nil
PPA1107	pocket4	1PU	PPA1107a_1PU	1-(5-OXO-2,3,5,9B-TETRAHYDRO-1H-PYRROLO[2,1-A]ISOINDOL-9-YL)-3-PYRIDIN-2-YL-UREA	-5.98
PPA1108	pocket0	MGE	PPA1108a_MGE	(1S)-2-(ALPHA-L-ALLOPYRANOSYLOXY)-1-[(TRIDECANOYLOXY)METHYL]ETHYL PALMITATE	-7.24
PPA1108	pocket18	P02	PPA1108a_P02	N'-{3-[5-(2-aminopyrimidin-4-yl)-2-tert-butyl-1,3-thiazol-4-yl]-2-fluorophenyl}-N-ethyl-N-methylsulfuric diamide	-6.88
PPA1108	pocket2	BGC	PPA1108a_BGC	beta-D-glucopyranose	-4.59
PPA1108	pocket1	OXC	PPA1108a_OXC	OXONIC ACID	-4.27
PPA1109	pocket0	SDN	PPA1109a_SDN	[(3S)-9-hydroxy-1-methyl-10-oxo-4,10-dihydro-3H-benzo[g]isochromen-3-yl]acetic acid	-7.59
PPA1109	pocket9	AMP	PPA1109a_AMP	ADENOSINE MONOPHOSPHATE	-3.52
PPA1109	pocket2	4WM	PPA1109a_4WM	(4R)-4-{[(S)-tert-butoxy(hydroxy)methyl]amino}-5-[(1S)-cyclohex-2-en-1-ylselanyl]pentane-1,1-diol	Nil
PPA1110	pocket1	7GC	PPA1110a_7GC	4-methyl-N-(thiazol-2-ylcarbamoyl)benzenesulfonamide	-7.53
PPA1110	pocket9	SLU	PPA1110a_SLU	5'-O-[N-(DEHYDROLUCIFERYL)-SULFAMOYL] ADENOSINE	-7.22
PPA1110	pocket3	NAD	PPA1110a_NAD	NICOTINAMIDE-ADENINE-DINUCLEOTIDE	-6.16
PPA1110	pocket2	RBY	PPA1110a_RBY	METHYLENE ADP-BETA-XYLOSE	-2.7
PPA1110	pocket4	FAD	PPA1110a_FAD	FLAVIN-ADENINE DINUCLEOTIDE	-1.66
PPA1111	pocket1	HMC	PPA1111a_HMC	5-HYDROXYMETHYL-CHONDURITOL	-4.79
PPA1111	pocket3	TLA	PPA1111a_TLA	L(+)-TARTARIC ACID	-2.7
PPA1112	pocket7	IRE	PPA1112a_IRE	Gefitinib	-7.42
PPA1112	pocket0	LMU	PPA1112a_LMU	DODECYL-ALPHA-D-MALTOSIDE	-7.02
PPA1113	pocket16	X0B	PPA1113a_X0B	5-[3-[4-(aminomethyl)phenoxy]propyl]-2-[(8E)-8-(1,3-benzothiazol-2-ylhydrazinylidene)-6,7-dihydro-5H-naphthalen-2-yl]-1,3-thiazole-4-carboxylic acid	-7.77
PPA1113	pocket0	OTU	PPA1113a_OTU	3-O-alpha-D-glucopyranosyl-D-fructose	-6.03
PPA1113	pocket5	FES	PPA1113a_FES	FE2/S2 (INORGANIC) CLUSTER	-2.37
PPA1114	pocket0	BGC	PPA1114a_BGC	beta-D-glucopyranose	-4.98
PPA1114	pocket1	F3S	PPA1114a_F3S	FE3-S4 CLUSTER	-4.14
PPA1114	pocket7	FAD	PPA1114a_FAD	FLAVIN-ADENINE DINUCLEOTIDE	-3.4
PPA1115	pocket5	ANN	PPA1115a_ANN	4-METHOXYBENZOIC ACID	-4.06
PPA1115	pocket0	NOJ	PPA1115a_NOJ	1-DEOXYNOJIRIMYCIN	-3.73
PPA1115	pocket2	MEV	PPA1115a_MEV	(R)-MEVALONATE	-3.32
PPA1115	pocket23	FAD	PPA1115a_FAD	FLAVIN-ADENINE DINUCLEOTIDE	-2.98
PPA1115	pocket6	FLC	PPA1115a_FLC	CITRATE ANION	-2.77
PPA1116	pocket6	PUB	PPA1116a_PUB	PHYCOUROBILIN	-6.77
PPA1116	pocket4	5WL	PPA1116a_5WL	6-chloranyl-~{N}-methylsulfonyl-3-(3-naphthalen-1-yloxypropyl)-1~{H}-indole-2-carboxamide	-6.13
PPA1116	pocket3	SAH	PPA1116a_SAH	S-ADENOSYL-L-HOMOCYSTEINE	-5.72
PPA1116	pocket12	NDP	PPA1116a_NDP	NADPH DIHYDRO-NICOTINAMIDE-ADENINE-DINUCLEOTIDE PHOSPHATE	-4.48
PPA1117	pocket6	TNK	PPA1117a_TNK	6-BENZYL-1-BENZYLOXYMETHYL-5-ISOPROPYL URACIL	-7.6
PPA1117	pocket0	SAM	PPA1117a_SAM	S-ADENOSYLMETHIONINE	-6.41
PPA1117	pocket10	ATP	PPA1117a_ATP	ADENOSINE-5'-TRIPHOSPHATE	-6.07
PPA1117	pocket2	NAG	PPA1117a_NAG	2-acetamido-2-deoxy-beta-D-glucopyranose	-5.35
PPA1117	pocket8	FAD	PPA1117a_FAD	FLAVIN-ADENINE DINUCLEOTIDE	-4.8
PPA1118	pocket4	FAD	PPA1118a_FAD	FLAVIN-ADENINE DINUCLEOTIDE	-4.27
PPA1118	pocket1	HCS	PPA1118a_HCS	2-AMINO-4-MERCAPTO-BUTYRIC ACID	-3.86
PPA1122	pocket0	1ZZ	PPA1122a_1ZZ	5'-O-[(S)-(dodecanoyloxy)(hydroxy)phosphoryl]adenosine	-5.75
PPA1123	pocket1	ADP	PPA1123a_ADP	ADENOSINE-5'-DIPHOSPHATE	-6.63
PPA1123	pocket4	NY5	PPA1123a_NY5	5,6,7,8-tetrahydronaphthalene-2-carboxylic acid	-6.37
PPA1123	pocket0	NEQ	PPA1123a_NEQ	N-ETHYLMALEIMIDE	-5.57
PPA1123	pocket13	NAP	PPA1123a_NAP	NADP NICOTINAMIDE-ADENINE-DINUCLEOTIDE PHOSPHATE	-1.92
PPA1123	pocket12	FAD	PPA1123a_FAD	FLAVIN-ADENINE DINUCLEOTIDE	-0.45
PPA1123	pocket3	FAD	PPA1123a_FAD	FLAVIN-ADENINE DINUCLEOTIDE	-0.45
PPA1124	pocket1	CTP	PPA1124a_CTP	CYTIDINE-5'-TRIPHOSPHATE	-9.33
PPA1124	pocket9	120	PPA1124a_120	2-(2-OXO-1,2-DIHYDRO-PYRIDIN-3-YL)-1H-BENZOIMIDAZOLE-5-CARBOXAMIDINE	-5.6
PPA1124	pocket12	A1Y	PPA1124a_A1Y	4,6-dimethyl-2-(morpholin-4-yl)pyridine-3-carbonitrile	-5.37
PPA1124	pocket0	7WO	PPA1124a_7WO	2-hydroxynaphthalene-1-carbaldehyde	-4.97
PPA1124	pocket3	ADP	PPA1124a_ADP	ADENOSINE-5'-DIPHOSPHATE	-4.84
PPA1124	pocket13	APR	PPA1124a_APR	ADENOSINE-5-DIPHOSPHORIBOSE	-2.62
PPA1125	pocket7	B96	PPA1125a_B96	1-(5-TERT-BUTYL-2-P-TOLYL-2H-PYRAZOL-3-YL)-3-[4-(2-MORPHOLIN-4-YL-ETHOXY)-NAPHTHALEN-1-YL]-UREA	-7.84
PPA1126	pocket1	SFD	PPA1126a_SFD	(S)-10-((2S,3S,4R)-5-((S)-((S)-(((2R,3S,4R,5R)-5-(6-AMINO-9H-PURIN-9-YL)-3,4-DIHYDROXY-TETRAHYDROFURAN-2-YL)METHOXY)(HYDROXY)PHOSPHORYLOXY)(HYDROXY)PHOSPHORYLOXY)-2,3,4-TRIHYDROXYPENTYL)-7,8-DIMETHYL-2,4-DIOXO-2,3,4,4A-TETRAHYDROBENZO[G]PTERIDINE-5(10H)-SULFONIC ACID	-5.75
PPA1126	pocket2	ADP	PPA1126a_ADP	ADENOSINE-5'-DIPHOSPHATE	-4.26
PPA1130	pocket0	137	PPA1130a_137	1-(O-CARBOXY-PHENYLAMINO)-1-DEOXY-D-RIBULOSE-5-PHOSPHATE	-8.66
PPA1130	pocket3	4RG	PPA1130a_4RG	3-(phenoxymethyl)benzoic acid	-8.17
PPA1130	pocket7	5RP	PPA1130a_5RP	RIBULOSE-5-PHOSPHATE	-1.89
PPA1131	pocket8	FAD	PPA1131a_FAD	FLAVIN-ADENINE DINUCLEOTIDE	-4.82
PPA1131	pocket9	ADP	PPA1131a_ADP	ADENOSINE-5'-DIPHOSPHATE	-2.49
PPA1131	pocket4	B12	PPA1131a_B12	COBALAMIN	Nil
PPA1133	pocket0	RG1	PPA1133a_RG1	Rhodopin b-D-glucoside	-7.28
PPA1133	pocket3	651	PPA1133a_651	(3R)-3-biphenyl-4-yl-1-azabicyclo[2.2.2]octan-3-ol	-6.04
PPA1133	pocket6	ATP	PPA1133a_ATP	ADENOSINE-5'-TRIPHOSPHATE	-4.72
PPA1133	pocket4	A2G	PPA1133a_A2G	2-acetamido-2-deoxy-alpha-D-galactopyranose	-3.39
PPA1133	pocket5	NDP	PPA1133a_NDP	NADPH DIHYDRO-NICOTINAMIDE-ADENINE-DINUCLEOTIDE PHOSPHATE	206.1
PPA1135	pocket4	NAD	PPA1135a_NAD	NICOTINAMIDE-ADENINE-DINUCLEOTIDE	-9.25
PPA1135	pocket0	FAD	PPA1135a_FAD	FLAVIN-ADENINE DINUCLEOTIDE	-7.91
PPA1135	pocket6	FAD	PPA1135a_FAD	FLAVIN-ADENINE DINUCLEOTIDE	-7.91
PPA1135	pocket1	SSB	PPA1135a_SSB	3-BUTYLTHIOLANE 1-OXIDE	-5.38
PPA1135	pocket10	PGS	PPA1135a_PGS	2-DEAZO-6-THIOPHOSPHATE GUANOSINE-5'-MONOPHOSPHATE	-4.55
PPA1135	pocket2	SF4	PPA1135a_SF4	IRON/SULFUR CLUSTER	-4.25
PPA1135	pocket15	GDP	PPA1135a_GDP	GUANOSINE-5'-DIPHOSPHATE	-4.16
PPA1136	pocket0	CYC	PPA1136a_CYC	PHYCOCYANOBILIN	-6.53
PPA1137	pocket1	SGP	PPA1137a_SGP	GUANOSINE-2',3'-CYCLOPHOSPHOROTHIOATE	-5.64
PPA1137	pocket2	K2P	PPA1137a_K2P	2-(trifluoromethoxy)benzoic acid	-5.03
PPA1137	pocket14	DCF	PPA1137a_DCF	2'-DEOXYCOFORMYCIN	-4.55
PPA1137	pocket8	P6G	PPA1137a_P6G	HEXAETHYLENE GLYCOL	-4.42
PPA1139	pocket2	HEM	PPA1139a_HEM	PROTOPORPHYRIN IX CONTAINING FE	-7.06
PPA1140	pocket0	G6Q	PPA1140a_G6Q	GLUCOSE-6-PHOSPHATE	-4.78
PPA1140	pocket1	SF4	PPA1140a_SF4	IRON/SULFUR CLUSTER	-3.48
PPA1141	pocket2	5G6	PPA1141a_5G6	4,4'-(phenylcarbonimidoyl)diphenol	-5.2
PPA1141	pocket1	ADP	PPA1141a_ADP	ADENOSINE-5'-DIPHOSPHATE	-5.15
PPA1141	pocket6	FAD	PPA1141a_FAD	FLAVIN-ADENINE DINUCLEOTIDE	-4.14
PPA1141	pocket0	G6Q	PPA1141a_G6Q	GLUCOSE-6-PHOSPHATE	-2.94
PPA1142	pocket0	CCT	PPA1142a_CCT	5-(4-CYANOPHENYL)-3-{[(2-METHYLPHENYL)SULFONYL]AMINO}THIOPHENE-2-CARBOXYLIC ACID	-8.59
PPA1142	pocket4	FAD	PPA1142a_FAD	FLAVIN-ADENINE DINUCLEOTIDE	-7.86
PPA1142	pocket6	FAD	PPA1142a_FAD	FLAVIN-ADENINE DINUCLEOTIDE	-7.86
PPA1142	pocket5	NXS	PPA1142a_NXS	[1-(pyrimidin-2-yl)piperidin-4-yl]methanol	-5.18
PPA1142	pocket9	9K1	PPA1142a_9K1	(2S)-2-{[3-(4-methylphenyl)imidazo[1,2-a]pyrazin-8-yl]amino}-3-(pyridin-3-yl)propan-1-ol	-5.01
PPA1142	pocket2	BCB	PPA1142a_BCB	BACTERIOCHLOROPHYLL B	-4.6
PPA1144	pocket8	SAM	PPA1144a_SAM	S-ADENOSYLMETHIONINE	-5.29
PPA1144	pocket0	NAG	PPA1144a_NAG	2-acetamido-2-deoxy-beta-D-glucopyranose	-4.78
PPA1144	pocket1	BEN	PPA1144a_BEN	BENZAMIDINE	-4.59
PPA1144	pocket6	FAD	PPA1144a_FAD	FLAVIN-ADENINE DINUCLEOTIDE	-4.1
PPA1145	pocket7	NDP	PPA1145a_NDP	NADPH DIHYDRO-NICOTINAMIDE-ADENINE-DINUCLEOTIDE PHOSPHATE	-4.14
PPA1146	pocket14	FAD	PPA1146a_FAD	FLAVIN-ADENINE DINUCLEOTIDE	-7.78
PPA1146	pocket6	PTI	PPA1146a_PTI	2-PHENYL-1-[4-(2-PIPERIDIN-1-YL-ETHOXY)-PHENYL]-1,2,3,4-TETRAHYDRO-ISOQUINOLIN-6-OL	-7.4
PPA1146	pocket0	P53	PPA1146a_P53	2-(hydroxymethyl)phenyl 6-O-phosphono-beta-D-glucopyranoside	-7.18
PPA1148	pocket0	HTS	PPA1148a_HTS	2-MERCAPTOPHENOL	-5.06
PPA1148	pocket8	NAI	PPA1148a_NAI	1,4-DIHYDRONICOTINAMIDE ADENINE DINUCLEOTIDE	-4.01
PPA1148	pocket1	MLA	PPA1148a_MLA	MALONIC ACID	-2.21
PPA1149	pocket4	STE	PPA1149a_STE	STEARIC ACID	-3.96
PPA1149	pocket0	SF4	PPA1149a_SF4	IRON/SULFUR CLUSTER	-2.91
PPA1151	pocket4	UNL	PPA1151a_UNL	Unknown ligand	Nil
PPA1152	pocket0	0VD	PPA1152a_0VD	(3S)-3-amino-1-[4-(benzyloxy)phenyl]-4-(1H-imidazol-4-yl)butan-2-one	-9.96
PPA1152	pocket1	NAI	PPA1152a_NAI	1,4-DIHYDRONICOTINAMIDE ADENINE DINUCLEOTIDE	-5.15
PPA1153	pocket0	PLP	PPA1153a_PLP	PYRIDOXAL-5'-PHOSPHATE	-8.1
PPA1153	pocket3	PD5	PPA1153a_PD5	1-{4-[4-amino-1-(1-methylethyl)-1H-pyrazolo[3,4-d]pyrimidin-3-yl]phenyl}-3-[3-(trifluoromethyl)phenyl]urea	-5.41
PPA1153	pocket7	AR6	PPA1153a_AR6	[(2R,3S,4R,5R)-5-(6-AMINOPURIN-9-YL)-3,4-DIHYDROXY-OXOLAN-2-YL]METHYL-[HYDROXY-[[(2R,3S,4R,5S)-3,4,5-TRIHYDROXYOXOLAN-2-YL]METHOXY]PHOSPHORYL] HYDROGEN PHOSPHATE	-4.54
PPA1154	pocket5	NDP	PPA1154a_NDP	NADPH DIHYDRO-NICOTINAMIDE-ADENINE-DINUCLEOTIDE PHOSPHATE	-3.94
PPA1155	pocket0	ONL	PPA1155a_ONL	5-OXO-L-NORLEUCINE	-4.68
PPA1155	pocket4	NAP	PPA1155a_NAP	NADP NICOTINAMIDE-ADENINE-DINUCLEOTIDE PHOSPHATE	-4.34
PPA1155	pocket2	FAD	PPA1155a_FAD	FLAVIN-ADENINE DINUCLEOTIDE	-3
PPA1156	pocket0	1PR	PPA1156a_1PR	PHOSPHORIC ACID MONO-[5-({[5-CARBAMOYL-3-(5-PHOSPHONOOXY-5-DEOXY-RIBOFURANOSYL)- 3H-IMIDAZOL-4-YLAMINO]-METHYL}-AMINO)-2,3,4-TRIHYDROXY-PENTYL] ESTER	-8.32
PPA1156	pocket1	1FD	PPA1156a_1FD	1-[4-(trifluoromethoxy)phenyl]methanamine	-6.1
PPA1157	pocket7	1Q3	PPA1157a_1Q3	(1R,2S)-2-{[8-oxo-2-(1H-pyrazol-4-yl)-5,8-dihydropyrido[3,4-d]pyrimidin-4-yl]amino}cyclopentanecarbonitrile	-7.5
PPA1158	pocket0	ATP	PPA1158a_ATP	ADENOSINE-5'-TRIPHOSPHATE	-6.54
PPA1158	pocket2	CPQ	PPA1158a_CPQ	N,N-BIS(3-D-GLUCONAMIDOPROPYL)DEOXYCHOLAMIDE	-2.54
PPA1158	pocket1	1PE	PPA1158a_1PE	PENTAETHYLENE GLYCOL	-1.28
PPA1159	pocket1	FAD	PPA1159a_FAD	FLAVIN-ADENINE DINUCLEOTIDE	-7.28
PPA1160	pocket1	ADP	PPA1160a_ADP	ADENOSINE-5'-DIPHOSPHATE	-13.44
PPA1160	pocket10	FAD	PPA1160a_FAD	FLAVIN-ADENINE DINUCLEOTIDE	-3.97
PPA1162	pocket0	OPB	PPA1162a_OPB	4-BUTYL-1-(4-HYDROXYPHENYL)-2-PHENYLPYRAZOLIDINE-3,5-DIONE	-7.49
PPA1162	pocket1	G1N	PPA1162a_G1N	5-(pyridin-3-ylsulfonylamino)-1,3-thiazole-4-carboxylic acid	-7.39
PPA1163	pocket12	HEM	PPA1163a_HEM	PROTOPORPHYRIN IX CONTAINING FE	-4.53
PPA1163	pocket11	22B	PPA1163a_22B	BACTERIORUBERIN	-2.09
PPA1163	pocket1	1PE	PPA1163a_1PE	PENTAETHYLENE GLYCOL	-1.61
PPA1164	pocket1	ATP	PPA1164a_ATP	ADENOSINE-5'-TRIPHOSPHATE	-6.3
PPA1164	pocket3	5GP	PPA1164a_5GP	GUANOSINE-5'-MONOPHOSPHATE	-5.68
PPA1165	pocket0	YLQ	PPA1165a_YLQ	3-[1-[2-(4-METHYLPHENOXY)ETHYL]BENZIMIDAZOL-2-YL]SULFANYLPROPANOIC ACID	-6.94
PPA1165	pocket5	WF3	PPA1165a_WF3	methyl (2E)-3-methoxy-2-[2-({[6-methyl-3-(trifluoromethyl)quinoxalin-2-yl]oxy}methyl)phenyl]prop-2-enoate	-6.67
PPA1165	pocket4	AMP	PPA1165a_AMP	ADENOSINE MONOPHOSPHATE	-6.38
PPA1166	pocket4	LZQ	PPA1166a_LZQ	4-[3-(dibenzylamino)phenyl]-2,4-dioxobutanoic acid	-9.42
PPA1166	pocket1	RG1	PPA1166a_RG1	Rhodopin b-D-glucoside	-9.14
PPA1166	pocket2	GDP	PPA1166a_GDP	GUANOSINE-5'-DIPHOSPHATE	-7.75
PPA1166	pocket29	NDP	PPA1166a_NDP	NADPH DIHYDRO-NICOTINAMIDE-ADENINE-DINUCLEOTIDE PHOSPHATE	-6.78
PPA1166	pocket31	FAD	PPA1166a_FAD	FLAVIN-ADENINE DINUCLEOTIDE	-5.04
PPA1166	pocket20	2GE	PPA1166a_2GE	N~4~-cyclopropyl-6-(2,3-dichlorophenyl)pyrimidine-2,4-diamine	25.15
PPA1167	pocket0	BTN	PPA1167a_BTN	BIOTIN	-5.53
PPA1167	pocket3	8M5	PPA1167a_8M5	1-methyl-N-phenyl-indole-3-carboxamide	-5.26
PPA1167	pocket1	GTP	PPA1167a_GTP	GUANOSINE-5'-TRIPHOSPHATE	-2.45
PPA1168	pocket1	B4N	PPA1168a_B4N	bis(4-nitrophenyl) hydrogen phosphate	-3.56
PPA1169	pocket0	HAM	PPA1169a_HAM	HISTIDYL-ADENOSINE MONOPHOSPHATE	-9.58
PPA1169	pocket4	FAD	PPA1169a_FAD	FLAVIN-ADENINE DINUCLEOTIDE	-5.46
PPA1169	pocket2	NAP	PPA1169a_NAP	NADP NICOTINAMIDE-ADENINE-DINUCLEOTIDE PHOSPHATE	-4.35
PPA1169	pocket10	GMM	PPA1169a_GMM	GLUCOSE MONOMYCOLATE	Nil
PPA1170	pocket0	JUQ	PPA1170a_JUQ	(1~{S},2~{S})-2-[5-[cyclopropylmethyl(naphthalen-1-yl)amino]-4-methoxy-pyrimidin-2-yl]carbonylcyclopropane-1-carboxylic acid	-7.33
PPA1171	pocket2	GSU	PPA1171a_GSU	O5'-(L-GLUTAMYL-SULFAMOYL)-ADENOSINE	-8.9
PPA1171	pocket0	ACO	PPA1171a_ACO	ACETYL COENZYME *A	-8.53
PPA1173	pocket1	9KQ	PPA1173a_9KQ	2-phenyl-4-(1,2,4-triazol-4-yl)quinazoline	-8.72
PPA1173	pocket2	O74	PPA1173a_O74	6-[4-(2-chloroanilino)-1H-quinazolin-2-ylidene]cyclohexa-2,4-dien-1-one	-6.19
PPA1174	pocket9	NAP	PPA1174a_NAP	NADP NICOTINAMIDE-ADENINE-DINUCLEOTIDE PHOSPHATE	3.19
PPA1174	pocket11	FAD	PPA1174a_FAD	FLAVIN-ADENINE DINUCLEOTIDE	3.87
PPA1174	pocket5	HEM	PPA1174a_HEM	PROTOPORPHYRIN IX CONTAINING FE	45.48
PPA1174	pocket0	G1G	PPA1174a_G1G	7-METHYL-GUANOSINE-5'-TRIPHOSPHATE-5'-(2'-O-METHYL)-GUANOSINE	Nil
PPA1175	pocket9	KHA	PPA1175a_KHA	1-(4-{[(2-HYDROXYETHYL)AMINO]CARBONYL}BENZYL)-1-METHYLPIPERIDINIUM	-6.29
PPA1175	pocket4	NAD	PPA1175a_NAD	NICOTINAMIDE-ADENINE-DINUCLEOTIDE	-4.39
PPA1175	pocket0	AMO	PPA1175a_AMO	ASPARTYL-ADENOSINE-5'-MONOPHOSPHATE	-3.55
PPA1176	pocket0	AGS	PPA1176a_AGS	PHOSPHOTHIOPHOSPHORIC ACID-ADENYLATE ESTER	-13.62
PPA1176	pocket17	FAD	PPA1176a_FAD	FLAVIN-ADENINE DINUCLEOTIDE	-6.28
PPA1176	pocket12	FI4	PPA1176a_FI4	(2S)-1-{[3-(2-chlorophenyl)-6-(2,4-difluorophenoxy)-1H-pyrazolo[3,4-d]pyrimidin-4-yl]amino}propan-2-ol	-6.27
PPA1176	pocket11	GSP	PPA1176a_GSP	5'-GUANOSINE-DIPHOSPHATE-MONOTHIOPHOSPHATE	-4.06
PPA1178	pocket23	886	PPA1178a_886	N-({4'-[(4-isobutyrylphenoxy)methyl]biphenyl-4-yl}sulfonyl)-D-valine	-9.61
PPA1178	pocket1	A5A	PPA1178a_A5A	'5'-O-(N-(L-ALANYL)-SULFAMOYL)ADENOSINE	-7.56
PPA1178	pocket2	MYS	PPA1178a_MYS	PENTADECANE	-6.25
PPA1178	pocket21	SAH	PPA1178a_SAH	S-ADENOSYL-L-HOMOCYSTEINE	-6.15
PPA1178	pocket0	OLA	PPA1178a_OLA	OLEIC ACID	-3.18
PPA1180	pocket0	L1P	PPA1180a_L1P	3-PHOSPHORYL-[1,2-DI-PHYTANYL]GLYCEROL	-9.71
PPA1180	pocket7	P09	PPA1180a_P09	2-{[4-(3,4-dimethylphenoxy)phenyl]carbamoyl}benzoic acid	-7.87
PPA1180	pocket5	ATP	PPA1180a_ATP	ADENOSINE-5'-TRIPHOSPHATE	-7.35
PPA1180	pocket2	1XF	PPA1180a_1XF	2-{[(carbamoylsulfanyl)acetyl]amino}benzoic acid	-4.55
PPA1181	pocket0	SKM	PPA1181a_SKM	(3R,4S,5R)-3,4,5-TRIHYDROXYCYCLOHEX-1-ENE-1-CARBOXYLIC ACID	-4.45
PPA1181	pocket1	SAD	PPA1181a_SAD	BETA-METHYLENE-SELENAZOLE-4-CARBOXYAMIDE-ADENINE DINUCLEOTIDE	Nil
PPA1182	pocket3	HEC	PPA1182a_HEC	HEME C	-6.11
PPA1182	pocket4	NAP	PPA1182a_NAP	NADP NICOTINAMIDE-ADENINE-DINUCLEOTIDE PHOSPHATE	-2.87
PPA1182	pocket0	FES	PPA1182a_FES	FE2/S2 (INORGANIC) CLUSTER	-2.08
PPA1183	pocket0	S3P	PPA1183a_S3P	SHIKIMATE-3-PHOSPHATE	-10.54
PPA1183	pocket4	ADP	PPA1183a_ADP	ADENOSINE-5'-DIPHOSPHATE	-8.81
PPA1183	pocket2	HEM	PPA1183a_HEM	PROTOPORPHYRIN IX CONTAINING FE	-7.86
PPA1183	pocket1	ACJ	PPA1183a_ACJ	5-[2-CHLORO-4-(TRIFLUOROMETHYL)PHENOXY]-2-NITROBENZOIC ACID	-5.41
PPA1183	pocket5	7BS	PPA1183a_7BS	(4S,5E,8S,9E,11S,13E,15E,18R)-8-methoxy-9,11-dimethyl-18-[(1Z,4E)-2-methylhexa-1,4-dien-1-yl]-2-oxooxacyclooctadeca-5,9,13,15-tetraen-4-yl 3-O-methyl-beta-D-glucopyranoside	-4.34
PPA1184	pocket0	NAD	PPA1184a_NAD	NICOTINAMIDE-ADENINE-DINUCLEOTIDE	-9.55
PPA1185	pocket4	FAD	PPA1185a_FAD	FLAVIN-ADENINE DINUCLEOTIDE	-4.25
PPA1185	pocket2	1PE	PPA1185a_1PE	PENTAETHYLENE GLYCOL	-2.51
PPA1186	pocket0	ADP	PPA1186a_ADP	ADENOSINE-5'-DIPHOSPHATE	-12.57
PPA1187	pocket0	SAH	PPA1187a_SAH	S-ADENOSYL-L-HOMOCYSTEINE	-4.74
PPA1188	pocket2	NDP	PPA1188a_NDP	NADPH DIHYDRO-NICOTINAMIDE-ADENINE-DINUCLEOTIDE PHOSPHATE	-2.42
PPA1188	pocket5	NAD	PPA1188a_NAD	NICOTINAMIDE-ADENINE-DINUCLEOTIDE	-2.31
PPA1189	pocket0	1D0	PPA1189a_1D0	(2E)-2-[({3-hydroxy-2-methyl-5-[(phosphonooxy)methyl]pyridin-4-yl}methyl)imino]-3-[(2-hydroxyphenyl)amino]propanoic acid	-8.54
PPA1189	pocket5	HI0	PPA1189a_HI0	(R)-N-(7-(4-((4'-chlorobiphenyl-2-yl)methyl)piperazin-1-yl)quinazolin-4-yl)-4-(4-(dimethylamino)-1-(phenylthio)butan-2-ylamino)-3-nitrobenzenesulfonamide	-6.86
PPA1190	pocket0	GDP	PPA1190a_GDP	GUANOSINE-5'-DIPHOSPHATE	-4.5
PPA1191	pocket1	L6P	PPA1191a_L6P	1-{[(4-cyano-3-cyclopropylphenyl)acetyl]amino}cyclohexane-1-carboxylic acid	-7.87
PPA1191	pocket2	PP1	PPA1191a_PP1	1-TER-BUTYL-3-P-TOLYL-1H-PYRAZOLO[3,4-D]PYRIMIDIN-4-YLAMINE	-6.38
PPA1192	pocket11	NAD	PPA1192a_NAD	NICOTINAMIDE-ADENINE-DINUCLEOTIDE	-10.85
PPA1192	pocket4	CTP	PPA1192a_CTP	CYTIDINE-5'-TRIPHOSPHATE	-8.98
PPA1192	pocket0	PMT	PPA1192a_PMT	PHOSPHORIC ACID MONO-[3-(3-{[5-(4-AMINO-2-OXO-2H-PYRIMIDIN-1-YL)-3,4- DIHYDROXY-TETRAHYDRO-FURAN-2- YLMETHOXY]-HYDROXY-PHOSPHORYLOXY}-3-OXO-PROPYLCARBAMOYL)-3-HYDROXY-2,2- DIMETHYL-PROPYL] ESTER	-8.44
PPA1192	pocket8	T74	PPA1192a_T74	N~3~-(2,6-dimethylphenyl)-1-(3-methoxy-3-methylbutyl)-N~6~-(4-piperazin-1-ylphenyl)-1H-pyrazolo[3,4-d]pyrimidine-3,6-diamine	-6.67
PPA1192	pocket1	PCO	PPA1192a_PCO	2,4-DIHYDROXY-N-[2-(2-MERCAPTO-VINYLCARBAMOYL)-ETHYL]-3,3-DIMETHYL-BUTYRAMIDE	-6.22
PPA1192	pocket2	O1J	PPA1192a_O1J	(benzyloxy)acetic acid	-4.77
PPA1193	pocket6	FAD	PPA1193a_FAD	FLAVIN-ADENINE DINUCLEOTIDE	-3.67
PPA1193	pocket1	ADN	PPA1193a_ADN	ADENOSINE	-3.52
PPA1194	pocket23	FAD	PPA1194a_FAD	FLAVIN-ADENINE DINUCLEOTIDE	-6.12
PPA1194	pocket0	PSY	PPA1194a_PSY	phenyl ethenesulfonate	-5.47
PPA1194	pocket1	NU4	PPA1194a_NU4	2-methyl-N-(pyridin-4-yl)furan-3-carboxamide	-5.25
PPA1194	pocket9	NAD	PPA1194a_NAD	NICOTINAMIDE-ADENINE-DINUCLEOTIDE	-3.51
PPA1195	pocket5	D94	PPA1195a_D94	3-[cis-3-(4-methylpiperazin-1-yl)cyclobutyl]-1-(2-phenylquinolin-7-yl)imidazo[1,5-a]pyrazin-8-amine	-7.24
PPA1195	pocket8	P1A	PPA1195a_P1A	2,3,14,20,22-PENTAHYDROXYCHOLEST-7-EN-6-ONE	-3.07
PPA1195	pocket3	ATP	PPA1195a_ATP	ADENOSINE-5'-TRIPHOSPHATE	-2.31
PPA1195	pocket0	KT5	PPA1195a_KT5	N-{4-4-(2,4-DIAMINO-6-OXO-1,6-DIHYDRO-PYRIMIDIN-5-YL)-1-(2,2,2-TRIFLUORO-1,1-DIHYDROXY-ETHYL)-BUT-2-YL-BENZOYL}-GAMMA-GLUTAMYL-GAMMA-GLUTAMYL-GAMMA-GLUTAMYL-GAMMA-GLUTAMYL-GLUTAMIC ACID	Nil
PPA1196	pocket0	SAM	PPA1196a_SAM	S-ADENOSYLMETHIONINE	-6.39
PPA1196	pocket2	ADE	PPA1196a_ADE	ADENINE	-4.67
PPA1196	pocket1	MYR	PPA1196a_MYR	MYRISTIC ACID	-4.32
PPA1196	pocket3	FAD	PPA1196a_FAD	FLAVIN-ADENINE DINUCLEOTIDE	-3.88
PPA1197	pocket7	545	PPA1197a_545	[2-AMINO-3-(4-HYDROXY-PHENYL)-PROPIONYLAMINO]-(1,3,4,5-TETRAHYDROXY-4-HYDROXYMETHYL-PIPERIDIN-2-YL)- ACETIC ACID BUTYL ESTER	-6.69
PPA1198	pocket9	HEC	PPA1198a_HEC	HEME C	-8.67
PPA1198	pocket7	FAD	PPA1198a_FAD	FLAVIN-ADENINE DINUCLEOTIDE	-5.86
PPA1198	pocket4	ATP	PPA1198a_ATP	ADENOSINE-5'-TRIPHOSPHATE	-4.51
PPA1199	pocket0	DX5	PPA1199a_DX5	D-XYLITOL-5-PHOSPHATE	-4.86
PPA1199	pocket3	BCN	PPA1199a_BCN	BICINE	-3.25
PPA1200	pocket0	G23	PPA1200a_G23	(2R,4S)-2-[(R)-BENZYLCARBAMOYL-PHENYLACETYL-METHYL]-5,5-DIMETHYL-THIAZOLIDINE-4-CARBOXYLIC ACID	-11.25
PPA1200	pocket1	77V	PPA1200a_77V	N~4~-cyclopropyl-N~2~-(3-methyl-1H-indazol-6-yl)furo[3,2-d]pyrimidine-2,4-diamine	-9.09
PPA1200	pocket9	FAD	PPA1200a_FAD	FLAVIN-ADENINE DINUCLEOTIDE	-5.34
PPA1200	pocket11	NAP	PPA1200a_NAP	NADP NICOTINAMIDE-ADENINE-DINUCLEOTIDE PHOSPHATE	-3.7
PPA1201	pocket7	SAH	PPA1201a_SAH	S-ADENOSYL-L-HOMOCYSTEINE	-8.14
PPA1201	pocket4	SAM	PPA1201a_SAM	S-ADENOSYLMETHIONINE	-8.09
PPA1201	pocket0	JLT	PPA1201a_JLT	3,7-anhydro-1,2,8-trideoxy-1,8-diphosphono-D-glycero-D-gulo-octitol	-4.04
PPA1201	pocket1	SF4	PPA1201a_SF4	IRON/SULFUR CLUSTER	-3.54
PPA1202	pocket2	DGP	PPA1202a_DGP	2'-DEOXYGUANOSINE-5'-MONOPHOSPHATE	-3.55
PPA1202	pocket3	PII	PPA1202a_PII	2-[(HYDROXY{[(2R,3R,5S,6R)-2,3,4,5,6-PENTAHYDROXYCYCLOHEXYL]OXY}PHOSPHORYL)OXY]-1-[(PALMITOYLOXY)METHYL]ETHYL HEPTADECANOATE	-1.1
PPA1203	pocket21	FAD	PPA1203a_FAD	FLAVIN-ADENINE DINUCLEOTIDE	-4.04
PPA1204	pocket7	FAD	PPA1204a_FAD	FLAVIN-ADENINE DINUCLEOTIDE	-6.73
PPA1205	pocket0	1F0	PPA1205a_1F0	[(4S,5R)-2-(4-tert-butyl-2-ethoxyphenyl)-4,5-bis(4-chlorophenyl)-4,5-dimethyl-4,5-dihydro-1H-imidazol-1-yl]{4-[3-(methylsulfonyl)propyl]piperazin-1-yl}methanone	-10.34
PPA1205	pocket3	FAD	PPA1205a_FAD	FLAVIN-ADENINE DINUCLEOTIDE	-4.59
PPA1205	pocket1	ACO	PPA1205a_ACO	ACETYL COENZYME *A	-4.49
PPA1206	pocket9	U10	PPA1206a_U10	UBIQUINONE-10	-4.95
PPA1206	pocket6	9CR	PPA1206a_9CR	(9cis)-retinoic acid	-4.66
PPA1206	pocket10	HEC	PPA1206a_HEC	HEME C	-4.33
PPA1206	pocket5	15P	PPA1206a_15P	POLYETHYLENE GLYCOL (N=34)	0.24
PPA1207	pocket2	NAG	PPA1207a_NAG	2-acetamido-2-deoxy-beta-D-glucopyranose	-4.82
PPA1207	pocket3	FAD	PPA1207a_FAD	FLAVIN-ADENINE DINUCLEOTIDE	-4.41
PPA1207	pocket5	FAD	PPA1207a_FAD	FLAVIN-ADENINE DINUCLEOTIDE	-4.41
PPA1208	pocket1	NAP	PPA1208a_NAP	NADP NICOTINAMIDE-ADENINE-DINUCLEOTIDE PHOSPHATE	-8.03
PPA1208	pocket5	A1Y	PPA1208a_A1Y	4,6-dimethyl-2-(morpholin-4-yl)pyridine-3-carbonitrile	-5.04
PPA1208	pocket9	L4G	PPA1208a_L4G	6-(4-METHYLSULFONYL-PHENYL)-5-[4-(2-PIPERIDIN-1-YLETHOXY)PHENOXY]NAPHTHALEN-2-OL	-4.98
PPA1208	pocket2	FAS	PPA1208a_FAS	ARABINO-FLAVIN-ADENINE DINUCLEOTIDE	-4.08
PPA1209	pocket0	CDP	PPA1209a_CDP	CYTIDINE-5'-DIPHOSPHATE	-8.68
PPA1209	pocket2	AP5	PPA1209a_AP5	BIS(ADENOSINE)-5'-PENTAPHOSPHATE	-6.89
PPA1209	pocket5	HEM	PPA1209a_HEM	PROTOPORPHYRIN IX CONTAINING FE	-5.65
PPA1209	pocket1	NAP	PPA1209a_NAP	NADP NICOTINAMIDE-ADENINE-DINUCLEOTIDE PHOSPHATE	-1.93
PPA1210	pocket7	BSM	PPA1210a_BSM	5-(5-CHLORO-2,4-DIHYDROXYPHENYL)-N-ETHYL-4-(4-METHOXYPHENYL)-1H-PYRAZOLE-3-CARBOXAMIDE	-6.4
PPA1210	pocket6	DOB	PPA1210a_DOB	2,4-DIHYDROXYBENZOIC ACID	-5.91
PPA1211	pocket3	FMN	PPA1211a_FMN	FLAVIN MONONUCLEOTIDE	-5.9
PPA1211	pocket0	ZST	PPA1211a_ZST	3,4-DIHYDRO-4-OXO-3-((5-TRIFLUOROMETHYL-2-BENZOTHIAZOLYL)METHYL)-1-PHTHALAZINE ACETIC ACID	-5.56
PPA1211	pocket1	THM	PPA1211a_THM	THYMIDINE	-5.45
PPA1211	pocket2	RIB	PPA1211a_RIB	alpha-D-ribofuranose	-4.21
PPA1211	pocket4	ATP	PPA1211a_ATP	ADENOSINE-5'-TRIPHOSPHATE	-3.6
PPA1212	pocket0	C1V	PPA1212a_C1V	3-[4-(2-hydroxyphenyl)phenyl]-4-oxidanyl-6-oxidanylidene-7H-thieno[2,3-b]pyridine-5-carbonitrile	-8.79
PPA1212	pocket7	Y39	PPA1212a_Y39	(1S,2S)-2-nonylcyclopropanecarboxylic acid	-5.35
PPA1212	pocket1	FAD	PPA1212a_FAD	FLAVIN-ADENINE DINUCLEOTIDE	-4.69
PPA1212	pocket10	THG	PPA1212a_THG	(6S)-5,6,7,8-TETRAHYDROFOLATE	Nil
PPA1212	pocket3	KT5	PPA1212a_KT5	N-{4-4-(2,4-DIAMINO-6-OXO-1,6-DIHYDRO-PYRIMIDIN-5-YL)-1-(2,2,2-TRIFLUORO-1,1-DIHYDROXY-ETHYL)-BUT-2-YL-BENZOYL}-GAMMA-GLUTAMYL-GAMMA-GLUTAMYL-GAMMA-GLUTAMYL-GAMMA-GLUTAMYL-GLUTAMIC ACID	Nil
PPA1213	pocket0	YLQ	PPA1213a_YLQ	3-[1-[2-(4-METHYLPHENOXY)ETHYL]BENZIMIDAZOL-2-YL]SULFANYLPROPANOIC ACID	-9.6
PPA1213	pocket9	FAD	PPA1213a_FAD	FLAVIN-ADENINE DINUCLEOTIDE	-6.95
PPA1213	pocket7	COA	PPA1213a_COA	COENZYME A	-6.33
PPA1214	pocket0	G3H	PPA1214a_G3H	GLYCERALDEHYDE-3-PHOSPHATE	-4.38
PPA1215	pocket16	GTP	PPA1215a_GTP	GUANOSINE-5'-TRIPHOSPHATE	-4.33
PPA1216	pocket1	SAH	PPA1216a_SAH	S-ADENOSYL-L-HOMOCYSTEINE	-7.68
PPA1216	pocket0	CIT	PPA1216a_CIT	CITRIC ACID	-4.51
PPA1217	pocket0	RB2	PPA1217a_RB2	2-({4-CHLORO-2-[HYDROXY(METHOXY)METHYL]CYCLOHEXYL}AMINO)ETHANE-1,1,2-TRIOL	-5.05
PPA1217	pocket6	FAD	PPA1217a_FAD	FLAVIN-ADENINE DINUCLEOTIDE	-3.99
PPA1217	pocket9	FAD	PPA1217a_FAD	FLAVIN-ADENINE DINUCLEOTIDE	-3.99
PPA1217	pocket3	COA	PPA1217a_COA	COENZYME A	-3.88
PPA1217	pocket10	B12	PPA1217a_B12	COBALAMIN	Nil
PPA1218	pocket9	SAH	PPA1218a_SAH	S-ADENOSYL-L-HOMOCYSTEINE	-7.71
PPA1220	pocket7	L09	PPA1220a_L09	N-(3-TERT-BUTYL-1H-PYRAZOL-5-YL)-N'-{4-CHLORO-3-[(PYRIDIN-3-YLOXY)METHYL]PHENYL}UREA	-6.16
PPA1220	pocket2	FAD	PPA1220a_FAD	FLAVIN-ADENINE DINUCLEOTIDE	-5.11
PPA1220	pocket6	FAD	PPA1220a_FAD	FLAVIN-ADENINE DINUCLEOTIDE	-5.11
PPA1221	pocket14	HEM	PPA1221a_HEM	PROTOPORPHYRIN IX CONTAINING FE	-13.34
PPA1221	pocket0	O74	PPA1221a_O74	6-[4-(2-chloroanilino)-1H-quinazolin-2-ylidene]cyclohexa-2,4-dien-1-one	-9.11
PPA1221	pocket11	NDP	PPA1221a_NDP	NADPH DIHYDRO-NICOTINAMIDE-ADENINE-DINUCLEOTIDE PHOSPHATE	-8.02
PPA1221	pocket3	G4P	PPA1221a_G4P	GUANOSINE-5',3'-TETRAPHOSPHATE	-7.28
PPA1221	pocket17	XMP	PPA1221a_XMP	XANTHOSINE-5'-MONOPHOSPHATE	-6.41
PPA1222	pocket0	GDD	PPA1222a_GDD	GUANOSINE-5'-DIPHOSPHATE-ALPHA-D-MANNOSE	Nil
PPA1224	pocket2	F5S	PPA1224a_F5S	(1aR,2Z,4E,6E,14R,15aR)-9,11-dihydroxy-6-{[(4-methoxyphenyl)methoxy]imino}-14-methyl-1a,6,7,14,15,15a-hexahydro-12H-oxireno[e][2]benzoxacyclotetradecin-12-one	-6.53
PPA1224	pocket4	BTN	PPA1224a_BTN	BIOTIN	-6.43
PPA1224	pocket1	GLT	PPA1224a_GLT	5-thio-alpha-D-glucopyranose	-4.75
PPA1224	pocket3	6UL	PPA1224a_6UL	TETRACOSYL PALMITATE	-4.54
PPA1224	pocket6	PGS	PPA1224a_PGS	2-DEAZO-6-THIOPHOSPHATE GUANOSINE-5'-MONOPHOSPHATE	-4.21
PPA1224	pocket9	G3P	PPA1224a_G3P	SN-GLYCEROL-3-PHOSPHATE	-2.43
PPA1224	pocket8	PCW	PPA1224a_PCW	1,2-DIOLEOYL-SN-GLYCERO-3-PHOSPHOCHOLINE	-0.67
PPA1225	pocket0	ATP	PPA1225a_ATP	ADENOSINE-5'-TRIPHOSPHATE	-4.66
PPA1225	pocket3	E64	PPA1225a_E64	N-[N-[1-HYDROXYCARBOXYETHYL-CARBONYL]LEUCYLAMINO-BUTYL]-GUANIDINE	-4.61
PPA1225	pocket4	I12	PPA1225a_I12	N-[(5-METHYLISOXAZOL-3-YL)CARBONYL]-L-ALANYL-L-VALYL-N~1~-((1S)-4-ETHOXY-4-OXO-1-{[(3S)-2-OXOPYRROLIDIN-3-YL]METHYL}BUT-2-ENYL)-L-LEUCINAMIDE	-3.41
PPA1225	pocket8	COA	PPA1225a_COA	COENZYME A	-2.24
PPA1226	pocket1	MSZ	PPA1226a_MSZ	(2S)-(4-chlorophenyl)[3-(trifluoromethyl)phenoxy]ethanoic acid	-6.35
PPA1227	pocket4	8M5	PPA1227a_8M5	1-methyl-N-phenyl-indole-3-carboxamide	-6.8
PPA1227	pocket0	FAD	PPA1227a_FAD	FLAVIN-ADENINE DINUCLEOTIDE	-3.82
PPA1227	pocket9	FAD	PPA1227a_FAD	FLAVIN-ADENINE DINUCLEOTIDE	-3.82
PPA1228	pocket5	PLM	PPA1228a_PLM	PALMITIC ACID	-6.13
PPA1228	pocket3	FAD	PPA1228a_FAD	FLAVIN-ADENINE DINUCLEOTIDE	-2.7
PPA1228	pocket0	22B	PPA1228a_22B	BACTERIORUBERIN	-2.62
PPA1228	pocket4	PGS	PPA1228a_PGS	2-DEAZO-6-THIOPHOSPHATE GUANOSINE-5'-MONOPHOSPHATE	-2.61
PPA1230	pocket3	3EA	PPA1230a_3EA	2-{5-[3-(7-PROPYL-3-TRIFLUOROMETHYLBENZO[D]ISOXAZOL-6-YLOXY)PROPOXY]INDOL-1-YL}ETHANOIC ACID	-6.21
PPA1230	pocket5	FPF	PPA1230a_FPF	(2Z,6E)-2-fluoro-3,7,11-trimethyldodeca-2,6,10-trien-1-yl trihydrogen diphosphate	-6.1
PPA1231	pocket2	HEM	PPA1231a_HEM	PROTOPORPHYRIN IX CONTAINING FE	-5.71
PPA1231	pocket5	RD1	PPA1231a_RD1	{[6-(phosphonooxy)naphthalen-2-yl]methylene}bis(phosphonic acid)	-5.62
PPA1232	pocket2	FAD	PPA1232a_FAD	FLAVIN-ADENINE DINUCLEOTIDE	-7.49
PPA1233	pocket0	MWW	PPA1233a_MWW	4-[1-[4-[4-(2-phenylethyl)-1,3-thiazol-2-yl]-3-(2-piperidin-4-ylethoxy)phenyl]-1,2,3-triazol-4-yl]butan-1-amine	-11.17
PPA1233	pocket13	HEM	PPA1233a_HEM	PROTOPORPHYRIN IX CONTAINING FE	-6.32
PPA1233	pocket4	FAD	PPA1233a_FAD	FLAVIN-ADENINE DINUCLEOTIDE	-4.07
PPA1233	pocket7	FAD	PPA1233a_FAD	FLAVIN-ADENINE DINUCLEOTIDE	-4.07
PPA1235	pocket0	URA	PPA1235a_URA	URACIL	-4.64
PPA1235	pocket8	NAD	PPA1235a_NAD	NICOTINAMIDE-ADENINE-DINUCLEOTIDE	-3.98
PPA1235	pocket7	SF4	PPA1235a_SF4	IRON/SULFUR CLUSTER	-3.1
PPA1236	pocket0	ATP	PPA1236a_ATP	ADENOSINE-5'-TRIPHOSPHATE	-2.01
PPA1237	pocket2	JQT	PPA1237a_JQT	(2~{S},4~{R})-1-[[5-chloranyl-2-[(3-cyanophenyl)methoxy]-4-[[3-(2,3-dihydro-1,4-benzodioxin-6-yl)-2-methyl-phenyl]methoxy]phenyl]methyl]-4-oxidanyl-pyrrolidine-2-carboxylic acid	-7.05
PPA1237	pocket5	DCC	PPA1237a_DCC	DODECYL-COA	-4.53
PPA1238	pocket3	ACO	PPA1238a_ACO	ACETYL COENZYME *A	-5.89
PPA1238	pocket1	HY5	PPA1238a_HY5	FC-NCPC	-4.86
PPA1239	pocket9	HEM	PPA1239a_HEM	PROTOPORPHYRIN IX CONTAINING FE	-6.69
PPA1239	pocket7	ATP	PPA1239a_ATP	ADENOSINE-5'-TRIPHOSPHATE	-6.34
PPA1239	pocket8	ATP	PPA1239a_ATP	ADENOSINE-5'-TRIPHOSPHATE	-6.34
PPA1239	pocket0	3NY	PPA1239a_3NY	5-nitro-1H-benzotriazole	-5.33
PPA1239	pocket17	NAD	PPA1239a_NAD	NICOTINAMIDE-ADENINE-DINUCLEOTIDE	-5.19
PPA1239	pocket1	ADP	PPA1239a_ADP	ADENOSINE-5'-DIPHOSPHATE	-2.33
PPA1240	pocket3	SAL	PPA1240a_SAL	2-HYDROXYBENZOIC ACID	-3.92
PPA1241	pocket0	ANP	PPA1241a_ANP	PHOSPHOAMINOPHOSPHONIC ACID-ADENYLATE ESTER	-9.21
PPA1241	pocket12	NAI	PPA1241a_NAI	1,4-DIHYDRONICOTINAMIDE ADENINE DINUCLEOTIDE	-6.1
PPA1241	pocket3	106	PPA1241a_106	4-[(2Z)-2-(5-bromo-2-oxo-1,2-dihydro-3H-indol-3-ylidene)hydrazinyl]benzene-1-sulfonamide	-5.23
PPA1241	pocket14	FAD	PPA1241a_FAD	FLAVIN-ADENINE DINUCLEOTIDE	-5.09
PPA1241	pocket6	FAD	PPA1241a_FAD	FLAVIN-ADENINE DINUCLEOTIDE	-5.09
PPA1241	pocket7	DSL	PPA1241a_DSL	MONO-TRANS, OCTA-CIS DECAPRENYL-PHOSPHATE	-4.74
PPA1242	pocket0	TYD	PPA1242a_TYD	THYMIDINE-5'-DIPHOSPHATE	-6.94
PPA1242	pocket1	AMP	PPA1242a_AMP	ADENOSINE MONOPHOSPHATE	-6.11
PPA1245	pocket2	ATP	PPA1245a_ATP	ADENOSINE-5'-TRIPHOSPHATE	-3.64
PPA1246	pocket0	YZY	PPA1246a_YZY	(2S)-2-(hexadecanoyloxy)-3-hydroxypropyl (9Z)-octadec-9-enoate	-6
PPA1248	pocket2	MUT	PPA1248a_MUT	(5S)-3-(3-ACETYLPHENYL)-N-[(1S,2R)-1-BENZYL-2-HYDROXY-3-{ISOBUTYL[(4-METHOXYPHENYL)SULFONYL]AMINO}PROPYL]-2-OXO-1,3-OXAZOLIDINE-5-CARBOXAMIDE	-10.84
PPA1248	pocket8	NDP	PPA1248a_NDP	NADPH DIHYDRO-NICOTINAMIDE-ADENINE-DINUCLEOTIDE PHOSPHATE	-7.3
PPA1248	pocket10	394	PPA1248a_394	R-3-FLUORO-4-[2-HYDROXY-2-(5,5,8,8-TETRAMETHYL-5,6,7,8,-TETRAHYDRO-NAPHTALEN-2-YL)-ACETYLAMINO]-BENZOIC ACID	-6.08
PPA1248	pocket1	VLB	PPA1248a_VLB	(2ALPHA,2'BETA,3BETA,4ALPHA,5BETA)-VINCALEUKOBLASTINE	0.51
PPA1248	pocket6	NAD	PPA1248a_NAD	NICOTINAMIDE-ADENINE-DINUCLEOTIDE	25.33
PPA1249	pocket0	TXA	PPA1249a_TXA	threonylcarbamoyladenylate	-5.59
PPA1250	pocket0	SAH	PPA1250a_SAH	S-ADENOSYL-L-HOMOCYSTEINE	-9.18
PPA1250	pocket7	PLS	PPA1250a_PLS	[3-HYDROXY-2-METHYL-5-PHOSPHONOOXYMETHYL-PYRIDIN-4-YLMETHYL]-SERINE	-3.17
PPA1254	pocket2	FPD	PPA1254a_FPD	5A-(3-FORMYLPHENYLSULFANYL)-DIHYDROBICYCLOMYCIN	-7.24
PPA1254	pocket13	PP2	PPA1254a_PP2	1-TERT-BUTYL-3-(4-CHLORO-PHENYL)-1H-PYRAZOLO[3,4-D]PYRIMIDIN-4-YLAMINE	-5.55
PPA1254	pocket8	OCT	PPA1254a_OCT	N-OCTANE	-3.77
PPA1256	pocket3	HKI	PPA1256a_HKI	N-(4-{[3-chloro-4-(pyridin-2-ylmethoxy)phenyl]amino}-3-cyano-7-ethoxyquinolin-6-yl)-4-(dimethylamino)butanamide	-6.45
PPA1256	pocket0	ANP	PPA1256a_ANP	PHOSPHOAMINOPHOSPHONIC ACID-ADENYLATE ESTER	-5.15
PPA1257	pocket0	HEY	PPA1257a_HEY	(2E)-2-[({3-HYDROXY-2-METHYL-5-[(PHOSPHONOOXY)METHYL]PYRIDIN-4-YL}METHYL)AMINO]-5-PHOSPHONOPENT-2-ENOIC ACID	-12.6
PPA1257	pocket5	MLA	PPA1257a_MLA	MALONIC ACID	-6.87
PPA1257	pocket2	TGW	PPA1257a_TGW	(2R)-2-(2,4-dichlorophenyl)-1-methyl-2,3-dihydropyrido[2,3-d]pyrimidin-4-one	-6.86
PPA1257	pocket4	FAB	PPA1257a_FAB	FLAVIN-ADENINE DINUCLEOTIDE-N5-ISOBUTYL KETONE	-4.67
PPA1258	pocket5	B45	PPA1258a_B45	5-(2-chloro-4-fluorophenyl)-1-(2,6-dichlorophenyl)-7-[1-(1-methylethyl)piperidin-4-yl]-3,4-dihydroquinazolin-2(1H)-one	-7.11
PPA1258	pocket0	178	PPA1258a_178	4-(4-HYDROXY-3-ISOPROPYLPHENYLTHIO)-2-ISOPROPYLPHENOL	-6.72
PPA1258	pocket8	FAD	PPA1258a_FAD	FLAVIN-ADENINE DINUCLEOTIDE	-4.45
PPA1258	pocket1	UNL	PPA1258a_UNL	Unknown ligand	Nil
PPA1259	pocket0	PLP	PPA1259a_PLP	PYRIDOXAL-5'-PHOSPHATE	-6.22
PPA1259	pocket2	COA	PPA1259a_COA	COENZYME A	-4.66
PPA1259	pocket12	FAD	PPA1259a_FAD	FLAVIN-ADENINE DINUCLEOTIDE	-4.12
PPA1259	pocket13	FAD	PPA1259a_FAD	FLAVIN-ADENINE DINUCLEOTIDE	-4.12
PPA1259	pocket17	OAD	PPA1259a_OAD	2'-O-ACETYL ADENOSINE-5-DIPHOSPHORIBOSE	-3.01
PPA1260	pocket0	LF8	PPA1260a_LF8	(2S)-tert-butoxy[4-(4-chlorophenyl)-6-(3,4-dimethylphenyl)-2,5-dimethylpyridin-3-yl]ethanoic acid	-7.58
PPA1260	pocket10	AU1	PPA1260a_AU1	5'-O-[(R)-hydroxy(phosphonoamino)phosphoryl]adenosine	-7.11
PPA1260	pocket1	HEM	PPA1260a_HEM	PROTOPORPHYRIN IX CONTAINING FE	-7.07
PPA1260	pocket6	ADN	PPA1260a_ADN	ADENOSINE	-4.48
PPA1260	pocket4	MB3	PPA1260a_MB3	1-methylpyrrolidin-2-one	-4.09
PPA1261	pocket8	HEC	PPA1261a_HEC	HEME C	
PPA1262	pocket2	HEM	PPA1262a_HEM	PROTOPORPHYRIN IX CONTAINING FE	-6.34
PPA1262	pocket0	NAP	PPA1262a_NAP	NADP NICOTINAMIDE-ADENINE-DINUCLEOTIDE PHOSPHATE	-3.2
PPA1262	pocket1	POG	PPA1262a_POG	(20S)-2,5,8,11,14,17-HEXAMETHYL-3,6,9,12,15,18-HEXAOXAHENICOSANE-1,20-DIOL	-2.13
PPA1264	pocket1	FAD	PPA1264a_FAD	FLAVIN-ADENINE DINUCLEOTIDE	-7.23
PPA1264	pocket2	0YU	PPA1264a_0YU	N~4~-[4-(4,5-dihydro-1H-imidazol-2-yl)phenyl]-N~1~-[4-(1H-imidazol-2-yl)phenyl]-2-nitrobenzene-1,4-dicarboxamide	-5.2
PPA1264	pocket0	SF4	PPA1264a_SF4	IRON/SULFUR CLUSTER	-4.19
PPA1265	pocket0	CBN	PPA1265a_CBN	CLOROBIOCIN	-8.51
PPA1265	pocket1	H70	PPA1265a_H70	2,4-DICHLORO-6-(3,4,5-TRIBROMO-1H-PYRROL-2-YL)PHENOL	-6.58
PPA1265	pocket12	IMP	PPA1265a_IMP	INOSINIC ACID	-4.17
PPA1265	pocket17	FAD	PPA1265a_FAD	FLAVIN-ADENINE DINUCLEOTIDE	-4.1
PPA1266	pocket9	FAD	PPA1266a_FAD	FLAVIN-ADENINE DINUCLEOTIDE	-5.84
PPA1267	pocket6	BLA	PPA1267a_BLA	BILIVERDINE IX ALPHA	-12.2
PPA1267	pocket11	FAD	PPA1267a_FAD	FLAVIN-ADENINE DINUCLEOTIDE	-5.98
PPA1267	pocket4	B12	PPA1267a_B12	COBALAMIN	Nil
PPA1268	pocket3	DJW	PPA1268a_DJW	1-(1~{H}-indazol-5-ylcarbonyl)-5'-methoxy-1'-[2-oxidanylidene-2-[(2~{S})-2-(trifluoromethyl)pyrrolidin-1-yl]ethyl]spiro[piperidine-4,3'-pyrrolo[3,2-b]pyridine]-2'-one	-7.17
PPA1268	pocket1	ODH	PPA1268a_ODH	N-(furan-2-ylmethyl)quinoxaline-6-carboxamide	-6.48
PPA1268	pocket0	SC1	PPA1268a_SC1	[3R-[3A,4A,5B(S*)]]-5-(1-CARBOXY-1-PHOSPHONOETHOXY)-4-HYDROXY-3-(PHOSPHONOOXY)-1-CYCLOHEXENE-1-CARBOXYLIC ACID	-5.08
PPA1268	pocket9	NAD	PPA1268a_NAD	NICOTINAMIDE-ADENINE-DINUCLEOTIDE	-4.09
PPA1268	pocket8	FAD	PPA1268a_FAD	FLAVIN-ADENINE DINUCLEOTIDE	-2.07
PPA1269	pocket8	TR3	PPA1269a_TR3	N-[3-(methylsulfanyl)-1-phenyl-1H-indazol-6-yl]piperidine-4-carboxamide	-6.45
PPA1269	pocket10	NAD	PPA1269a_NAD	NICOTINAMIDE-ADENINE-DINUCLEOTIDE	-4.26
PPA1269	pocket9	FAD	PPA1269a_FAD	FLAVIN-ADENINE DINUCLEOTIDE	-3.02
PPA1270	pocket0	27L	PPA1270a_27L	4-(2,4,4-trimethylpentan-2-yl)phenol	-5.57
PPA1271	pocket1	2:00 AM	PPA1271a_2AM	NA	-2.36
PPA1272	pocket13	E1R	PPA1272a_E1R	(2S)-3-acetyloxy-2-[(E)-[2-methyl-3-oxidanyl-5-(phosphonooxymethyl)pyridin-4-yl]methylideneamino]propanoic acid	-8.14
PPA1272	pocket3	NAD	PPA1272a_NAD	NICOTINAMIDE-ADENINE-DINUCLEOTIDE	-6.56
PPA1272	pocket5	PGH	PPA1272a_PGH	PHOSPHOGLYCOLOHYDROXAMIC ACID	-4.98
PPA1272	pocket2	AKG	PPA1272a_AKG	2-OXOGLUTARIC ACID	-4.24
PPA1272	pocket9	G2P	PPA1272a_G2P	PHOSPHOMETHYLPHOSPHONIC ACID GUANYLATE ESTER	-3.37
PPA1273	pocket12	FAD	PPA1273a_FAD	FLAVIN-ADENINE DINUCLEOTIDE	-6.28
PPA1273	pocket9	NDP	PPA1273a_NDP	NADPH DIHYDRO-NICOTINAMIDE-ADENINE-DINUCLEOTIDE PHOSPHATE	-5.95
PPA1273	pocket7	GDP	PPA1273a_GDP	GUANOSINE-5'-DIPHOSPHATE	-5.6
PPA1273	pocket11	ATP	PPA1273a_ATP	ADENOSINE-5'-TRIPHOSPHATE	-5
PPA1274	pocket0	O9A	PPA1274a_O9A	5-ethoxy-2-fluoro-3-methyl-N'-[(naphthalen-2-yl)sulfonyl]benzohydrazide	-7.86
PPA1274	pocket4	GDP	PPA1274a_GDP	GUANOSINE-5'-DIPHOSPHATE	-3.48
PPA1274	pocket2	FDA	PPA1274a_FDA	DIHYDROFLAVINE-ADENINE DINUCLEOTIDE	-1.42
PPA1275	pocket0	1MN	PPA1275a_1MN	(2S,5R,6S)-2-benzyl-5,6-bis(4-bromophenyl)-4-methylmorpholin-3-one	-7.51
PPA1275	pocket4	FAD	PPA1275a_FAD	FLAVIN-ADENINE DINUCLEOTIDE	-3.19
PPA1275	pocket3	DIO	PPA1275a_DIO	1,4-DIETHYLENE DIOXIDE	-2.51
PPA1276	pocket1	SAH	PPA1276a_SAH	S-ADENOSYL-L-HOMOCYSTEINE	-7.03
PPA1276	pocket14	C30	PPA1276a_C30	2-(acetylamino)-2-deoxy-1-O-[(S)-{[(R)-{[(2Z,6Z,10E,14E,18E)-3,7,11,15,19,23-hexamethyltetracosa-2,6,10,14,18,22-hexaen-1-yl]oxy}(hydroxy)phosphoryl]oxy}(hydroxy)phosphoryl]-alpha-D-glucopyranose	-3.02
PPA1276	pocket11	NWS	PPA1276a_NWS	Moco-AMP	Nil
PPA1277	pocket6	DND	PPA1277a_DND	NICOTINIC ACID ADENINE DINUCLEOTIDE	-9.48
PPA1277	pocket5	AMP	PPA1277a_AMP	ADENOSINE MONOPHOSPHATE	-6.07
PPA1277	pocket0	A	PPA1277a_A	ADENOSINE-5'-MONOPHOSPHATE	-4.3
PPA1277	pocket13	PEE	PPA1277a_PEE	1,2-dioleoyl-sn-glycero-3-phosphoethanolamine	-3.28
PPA1278	pocket2	FAD	PPA1278a_FAD	FLAVIN-ADENINE DINUCLEOTIDE	-4.78
PPA1280	pocket5	1MT	PPA1280a_1MT	(2'S,3R,4'S,5'R)-N-(2-aminoethyl)-6-chloro-4'-(3-chloro-2-fluorophenyl)-2'-(2,2-dimethylpropyl)-2-oxo-1,2-dihydrospiro[indole-3,3'-pyrrolidine]-5'-carboxamide	-6.91
PPA1280	pocket2	BAB	PPA1280a_BAB	BIS(5-AMIDINO-BENZIMIDAZOLYL)METHANE	-5.11
PPA1281	pocket5	FAD	PPA1281a_FAD	FLAVIN-ADENINE DINUCLEOTIDE	-7.09
PPA1283	pocket0	UNL	PPA1283a_UNL	Unknown ligand	Nil
PPA1284	pocket14	HEM	PPA1284a_HEM	PROTOPORPHYRIN IX CONTAINING FE	-10.65
PPA1284	pocket0	HWD	PPA1284a_HWD	2-AMINO-3-(2,4-DIOXO-3,4-DIHYDRO-2H-PYRIMIDIN-1-YL)-PROPIONIC ACID	-5.09
PPA1284	pocket1	BNG	PPA1284a_BNG	nonyl beta-D-glucopyranoside	-4.84
PPA1285	pocket16	HEC	PPA1285a_HEC	HEME C	-7.59
PPA1285	pocket6	FAD	PPA1285a_FAD	FLAVIN-ADENINE DINUCLEOTIDE	-6.44
PPA1285	pocket1	ADP	PPA1285a_ADP	ADENOSINE-5'-DIPHOSPHATE	-5.13
PPA1285	pocket7	U5P	PPA1285a_U5P	URIDINE-5'-MONOPHOSPHATE	-4.37
PPA1286	pocket8	NAI	PPA1286a_NAI	1,4-DIHYDRONICOTINAMIDE ADENINE DINUCLEOTIDE	-7.31
PPA1286	pocket0	PMS	PPA1286a_PMS	phenylmethanesulfonic acid	-5.92
PPA1286	pocket6	XAN	PPA1286a_XAN	XANTHINE	-4.41
PPA1287	pocket7	PB0	PPA1287a_PB0	(2S)-2-[(3R)-3-(acetylamino)-3-(2-methylpropyl)-2-oxopyrrolidin-1-yl]-N-{(1R,2S)-3-(3,5-difluorophenyl)-1-hydroxy-1-[(2R,4R)-4-propoxypyrrolidin-2-yl]propan-2-yl}-4-phenylbutanamide	-7.67
PPA1287	pocket4	AMP	PPA1287a_AMP	ADENOSINE MONOPHOSPHATE	-7.55
PPA1287	pocket13	SB2	PPA1287a_SB2	4-[5-(4-FLUORO-PHENYL)-2-(4-METHANESULFINYL-PHENYL)-3H-IMIDAZOL-4-YL]-PYRIDINE	-6.83
PPA1287	pocket0	3BZ	PPA1287a_3BZ	3-chlorobenzoate	-5.54
PPA1287	pocket14	LMT	PPA1287a_LMT	DODECYL-BETA-D-MALTOSIDE	-4.18
PPA1288	pocket1	GLC	PPA1288a_GLC	alpha-D-glucopyranose	-4.8
PPA1289	pocket9	T74	PPA1289a_T74	N~3~-(2,6-dimethylphenyl)-1-(3-methoxy-3-methylbutyl)-N~6~-(4-piperazin-1-ylphenyl)-1H-pyrazolo[3,4-d]pyrimidine-3,6-diamine	-8.23
PPA1289	pocket0	NAD	PPA1289a_NAD	NICOTINAMIDE-ADENINE-DINUCLEOTIDE	-7.43
PPA1289	pocket1	CHV	PPA1289a_CHV	3-(4-chloro-2-hydroxyphenoxy)-7-hydroxy-2H-chromen-2-one	-6.82
PPA1289	pocket11	FAD	PPA1289a_FAD	FLAVIN-ADENINE DINUCLEOTIDE	-4.74
PPA1289	pocket5	FAD	PPA1289a_FAD	FLAVIN-ADENINE DINUCLEOTIDE	-4.74
PPA1290	pocket1	AA5	PPA1290a_AA5	N-[(3-HYDROXY-2-METHYL-5-{[(TRIHYDROXYPHOSPHORANYL)OXY]METHYL}PYRIDIN-4-YL)METHYLENE]METHIONINE	-8.76
PPA1290	pocket0	4AT	PPA1290a_4AT	5-OXOHEXANOIC ACID	-5.94
PPA1290	pocket3	ATP	PPA1290a_ATP	ADENOSINE-5'-TRIPHOSPHATE	-5.74
PPA1290	pocket2	PP9	PPA1290a_PP9	PROTOPORPHYRIN IX	-5.5
PPA1290	pocket7	COA	PPA1290a_COA	COENZYME A	-4.25
PPA1291	pocket0	COA	PPA1291a_COA	COENZYME A	-9.83
PPA1291	pocket7	NAE	PPA1291a_NAE	NICOTINAMIDE ADENINE DINUCLEOTIDE ACETONE ADDUCT	-5.15
PPA1291	pocket4	APR	PPA1291a_APR	ADENOSINE-5-DIPHOSPHORIBOSE	-4.66
PPA1291	pocket6	ADN	PPA1291a_ADN	ADENOSINE	-3.71
PPA1292	pocket0	ADP	PPA1292a_ADP	ADENOSINE-5'-DIPHOSPHATE	-7.84
PPA1292	pocket3	SAL	PPA1292a_SAL	2-HYDROXYBENZOIC ACID	-5.17
PPA1293	pocket0	HEM	PPA1293a_HEM	PROTOPORPHYRIN IX CONTAINING FE	-8.44
PPA1293	pocket3	GTP	PPA1293a_GTP	GUANOSINE-5'-TRIPHOSPHATE	-5.92
PPA1293	pocket7	FAD	PPA1293a_FAD	FLAVIN-ADENINE DINUCLEOTIDE	-4.07
PPA1294	pocket13	18Z	PPA1294a_18Z	2-{[(2-aminopyrimidin-5-yl)methyl]amino}-5-nitro-4-{[2-(piperazin-1-yl)ethyl]amino}benzamide	-9.78
PPA1294	pocket2	DCP	PPA1294a_DCP	2'-DEOXYCYTIDINE-5'-TRIPHOSPHATE	-8.8
PPA1294	pocket1	Q7U	PPA1294a_Q7U	1-(2-chlorophenyl)-3-(1-methylbenzimidazol-2-yl)urea	-6.84
PPA1294	pocket0	AMI	PPA1294a_AMI	ALLOSAMIZOLINE	-5.18
PPA1294	pocket17	ESX	PPA1294a_ESX	BENZO[B]THIOPHENE-2-CARBOXAMIDINE	-4.89
PPA1294	pocket9	FES	PPA1294a_FES	FE2/S2 (INORGANIC) CLUSTER	-2.67
PPA1294	pocket4	TAM	PPA1294a_TAM	TRIS(HYDROXYETHYL)AMINOMETHANE	Nil
PPA1295	pocket1	FAD	PPA1295a_FAD	FLAVIN-ADENINE DINUCLEOTIDE	-4.4
PPA1299	pocket0	8K6	PPA1299a_8K6	Octadecane	-6.69
PPA1299	pocket8	FMN	PPA1299a_FMN	FLAVIN MONONUCLEOTIDE	-5.77
PPA1299	pocket2	FAD	PPA1299a_FAD	FLAVIN-ADENINE DINUCLEOTIDE	-3.82
PPA1300	pocket3	HEM	PPA1300a_HEM	PROTOPORPHYRIN IX CONTAINING FE	-6.45
PPA1300	pocket5	FAD	PPA1300a_FAD	FLAVIN-ADENINE DINUCLEOTIDE	-5.02
PPA1308	pocket0	ATP	PPA1308a_ATP	ADENOSINE-5'-TRIPHOSPHATE	-7.45
PPA1308	pocket3	GCP	PPA1308a_GCP	PHOSPHOMETHYLPHOSPHONIC ACID GUANYLATE ESTER	-4.83
PPA1309	pocket0	32A	PPA1309a_32A	2-[(5-hex-1-yn-1-ylfuran-2-yl)carbonyl]-N-methylhydrazinecarbothioamide	-6.38
PPA1309	pocket1	FAD	PPA1309a_FAD	FLAVIN-ADENINE DINUCLEOTIDE	-3.3
PPA1309	pocket5	FAD	PPA1309a_FAD	FLAVIN-ADENINE DINUCLEOTIDE	-3.3
PPA1309	pocket4	NAD	PPA1309a_NAD	NICOTINAMIDE-ADENINE-DINUCLEOTIDE	-3.06
PPA1310	pocket0	TXS	PPA1310a_TXS	1-(2,5-dideoxy-5-pyrrolidin-1-yl-beta-L-erythro-pentofuranosyl)-5-methylpyrimidine-2,4(1H,3H)-dione	-7.72
PPA1310	pocket2	BQA	PPA1310a_BQA	N-[4-(4-bromophenyl)-1-{[2-(trifluoromethyl)phenyl]methyl}piperidine-4-carbonyl]-3-cyclopropyl-L-alanine	-7.44
PPA1310	pocket12	COA	PPA1310a_COA	COENZYME A	-6.51
PPA1311	pocket10	G24	PPA1311a_G24	[4-(3-BENZYL-4-HYDROXYBENZYL)-3,5-DIMETHYLPHENOXY]ACETIC ACID	-7.61
PPA1311	pocket2	ARC	PPA1311a_ARC	3,7,11,15-TETRAMETHYL-HEXADECAN-1-OL	-7.5
PPA1311	pocket5	65W	PPA1311a_65W	2-methyl-2-[4-(naphthalen-1-yl)phenoxy]propanoic acid	-6.09
PPA1311	pocket0	EDM	PPA1311a_EDM	6-ethenyl-N,N-dimethyl-2-(methylsulfonyl)pyrimidin-4-amine	-5.62
PPA1311	pocket9	COA	PPA1311a_COA	COENZYME A	-0.3
PPA1312	pocket4	OXX	PPA1312a_0XX	NA	-6.64
PPA1312	pocket3	FAD	PPA1312a_FAD	FLAVIN-ADENINE DINUCLEOTIDE	-4.61
PPA1313	pocket3	IMN	PPA1313a_IMN	INDOMETHACIN	-6.38
PPA1313	pocket0	MRD	PPA1313a_MRD	(4R)-2-METHYLPENTANE-2,4-DIOL	-4.48
PPA1314	pocket2	FLC	PPA1314a_FLC	CITRATE ANION	-8.09
PPA1314	pocket0	BRN	PPA1314a_BRN	BERENIL	-5.73
PPA1314	pocket22	FAD	PPA1314a_FAD	FLAVIN-ADENINE DINUCLEOTIDE	-3.41
PPA1315	pocket25	ANP	PPA1315a_ANP	PHOSPHOAMINOPHOSPHONIC ACID-ADENYLATE ESTER	-5.75
PPA1315	pocket6	6GU	PPA1315a_6GU	6-chloroguanine	-5.46
PPA1315	pocket2	1YC	PPA1315a_1YC	2-amino-9-[(1R,3R,6R,8R,9R,11S,14R,16R,17R,18R)-16-(6-amino-9H-purin-9-yl)-3,11,17,18-tetrahydroxy-3,11-dioxido-2,4,7,10,12,15-hexaoxa-3,11-diphosphatricyclo[12.2.1.1~6,9~]octadec-8-yl]-1,9-dihydro-6H-purin-6-one	-5.14
PPA1316	pocket2	ANP	PPA1316a_ANP	PHOSPHOAMINOPHOSPHONIC ACID-ADENYLATE ESTER	-9.5
PPA1316	pocket7	ZYU	PPA1316a_ZYU	6-MORPHOLIN-4-YL-9H-PURINE	-4.54
PPA1316	pocket0	UNL	PPA1316a_UNL	Unknown ligand	Nil
PPA1317	pocket1	L1P	PPA1317a_L1P	3-PHOSPHORYL-[1,2-DI-PHYTANYL]GLYCEROL	-9.23
PPA1317	pocket6	POP	PPA1317a_POP	PYROPHOSPHATE 2-	-3.31
PPA1317	pocket0	KR	PPA1317a_KR	KRYPTON	Nil
PPA1318	pocket4	TT2	PPA1318a_TT2	(1R,3R,7E,17beta)-17-{(1S,2E,5R)-5-hydroxy-1-methyl-5-[(3S,5S,7S)-tricyclo[3.3.1.1~3,7~]dec-1-yl]pent-2-en-1-yl}-2-methylidene-9,10-secoestra-5,7-diene-1,3-diol	-8.67
PPA1318	pocket1	MGP	PPA1318a_MGP	7-METHYL-GUANOSINE-5'-TRIPHOSPHATE	-7.28
PPA1318	pocket0	PEE	PPA1318a_PEE	1,2-dioleoyl-sn-glycero-3-phosphoethanolamine	-5.51
PPA1319	pocket5	EZ7	PPA1319a_EZ7	N-[2-(2-{4-[(R)-(2-methyl-2H-tetrazol-5-yl)(phenyl)methyl]piperazine-1-carbonyl}pyridin-4-yl)-1,3-benzoxazol-5-yl]acetamide	-11.49
PPA1319	pocket0	DMU	PPA1319a_DMU	DECYL-BETA-D-MALTOPYRANOSIDE	-5.94
PPA1319	pocket20	ANP	PPA1319a_ANP	PHOSPHOAMINOPHOSPHONIC ACID-ADENYLATE ESTER	-5.82
PPA1319	pocket30	FAD	PPA1319a_FAD	FLAVIN-ADENINE DINUCLEOTIDE	-1.12
PPA1320	pocket2	UNI	PPA1320a_UNI	4-CYANO-N-(3-CYCLOPROPYL(5,6,7,8,9,10-HEXAHYDRO-4-HYDROXY-2-OXO-CYCLOOCTA[B]PYRAN-3-YL)METHYL)PHENYL BENZENSULFONAMIDE	-11.23
PPA1320	pocket6	L1P	PPA1320a_L1P	3-PHOSPHORYL-[1,2-DI-PHYTANYL]GLYCEROL	-8.79
PPA1320	pocket4	38B	PPA1320a_38B	3-(2-methoxyphenyl)-6-methyl[1,2]oxazolo[5,4-d]pyrimidin-4(5H)-one	-7.03
PPA1320	pocket0	ANP	PPA1320a_ANP	PHOSPHOAMINOPHOSPHONIC ACID-ADENYLATE ESTER	-6.9
PPA1322	pocket13	984	PPA1322a_984	CYCLOPROPYL-{4-[5-(3,4-DICHLOROPHENYL)-2-[(1-METHYL)-PIPERIDIN]-4-YL-3-PROPYL-3H-IMIDAZOL-4-YL]-PYRIMIDIN-2-YL}AMINE	-7.34
PPA1322	pocket12	FAD	PPA1322a_FAD	FLAVIN-ADENINE DINUCLEOTIDE	-5.66
PPA1322	pocket0	M8E	PPA1322a_M8E	5'-{[4-(aminooxy)butyl](methyl)amino}-5'-deoxy-8-ethenyladenosine	Nil
PPA1322	pocket10	COB	PPA1322a_COB	CO-METHYLCOBALAMIN	Nil
PPA1323	pocket0	C3L	PPA1323a_C3L	2-[(~{E},6~{R},10~{S})-6,10-bis(oxidanyl)undec-1-enyl]-4,6-bis(oxidanyl)benzoic acid	-4.33
PPA1324	pocket2	C3D	PPA1324a_C3D	(5R,6S)-6-PHENYL-5-[4-(2-PYRROLIDIN-1-YLETHOXY)PHENYL]-5,6,7,8-TETRAHYDRONAPHTHALEN-2-OL	-7.63
PPA1324	pocket3	HEA	PPA1324a_HEA	HEME-A	-7.62
PPA1324	pocket7	9CR	PPA1324a_9CR	(9cis)-retinoic acid	-6.54
PPA1324	pocket0	2DL	PPA1324a_2DL	2-METHYL-4-DIETHYLAMIDE-PHENOL	-5.06
PPA1324	pocket6	121	PPA1324a_121	2-(3-HYDROXY-PYRIDIN-2-YL)-1H-BENZOIMIDAZOLE-5-CARBOXAMIDINE	-4.85
PPA1324	pocket1	AGS	PPA1324a_AGS	PHOSPHOTHIOPHOSPHORIC ACID-ADENYLATE ESTER	-3.17
PPA1325	pocket0	ADP	PPA1325a_ADP	ADENOSINE-5'-DIPHOSPHATE	-6.88
PPA1326	pocket6	IMP	PPA1326a_IMP	INOSINIC ACID	-5.24
PPA1326	pocket0	AIB	PPA1326a_AIB	ALPHA-AMINOISOBUTYRIC ACID	-4.49
PPA1326	pocket2	COA	PPA1326a_COA	COENZYME A	-1.45
PPA1327	pocket1	RNA	PPA1327a_RNA	4-METHYL-N-{(5E)-5-[(5-METHYL-2-FURYL)METHYLENE]-4-OXO-4,5-DIHYDRO-1,3-THIAZOL-2-YL}BENZENESULFONAMIDE	-7.36
PPA1327	pocket0	HRP	PPA1327a_HRP	5-HYDROXY-L-TRYPTOPHAN	-7.1
PPA1327	pocket13	POO	PPA1327a_POO	3-CYCLOHEXYL-1-(2-{METHYL[(1-METHYLPIPERIDIN-3-YL)METHYL]AMINO}-2-OXOETHYL)-2-PHENYL-1H-INDOLE-6-CARBOXYLIC ACID	-5.93
PPA1327	pocket10	NAD	PPA1327a_NAD	NICOTINAMIDE-ADENINE-DINUCLEOTIDE	-2.88
PPA1327	pocket8	FES	PPA1327a_FES	FE2/S2 (INORGANIC) CLUSTER	-2.08
PPA1328	pocket0	AMP	PPA1328a_AMP	ADENOSINE MONOPHOSPHATE	-7.03
PPA1328	pocket1	MEV	PPA1328a_MEV	(R)-MEVALONATE	-4.1
PPA1328	pocket7	R5P	PPA1328a_R5P	RIBOSE-5-PHOSPHATE	-2.74
PPA1330	pocket2	BTX	PPA1330a_BTX	((2R,3S,4R,5R)-5-(6-AMINO-9H-PURIN-9-YL)-3,4-DIHYDROXY-TETRAHYDROFURAN-2-YL)METHYL 5-((3AS,4S,6AR)-2-OXO-HEXAHYDRO-1H-THIENO[3,4-D]IMIDAZOL-4-YL)PENTYL HYDROGEN PHOSPHATE	-3.72
PPA1330	pocket0	HEB	PPA1330a_HEB	HEME B/C	-0.26
PPA1331	pocket2	FAD	PPA1331a_FAD	FLAVIN-ADENINE DINUCLEOTIDE	-2.01
PPA1331	pocket1	ODP	PPA1331a_ODP	4-OXO-NICOTINAMIDE-ADENINE DINUCLEOTIDE PHOSPHATE	-1.28
PPA1332	pocket2	F8K	PPA1332a_F8K	[4-[[2-methoxy-4-(3-methoxyphenyl)phenyl]amino]phenyl]methyl-dimethyl-azanium	-6.91
PPA1333	pocket3	4HY	PPA1333a_4HY	[4-(4-HYDROXY-3-IODO-PHENOXY)-3,5-DIIODO-PHENYL]-ACETIC ACID	-6.86
PPA1333	pocket0	ADP	PPA1333a_ADP	ADENOSINE-5'-DIPHOSPHATE	-6.83
PPA1333	pocket33	52	PPA1333a_52	N-cyclopropyl-2-methyl-4-(7-{[2-(morpholin-4-yl)ethyl]amino}-5-phenoxypyrazolo[1,5-a]pyrimidin-3-yl)benzamide	Nil
PPA1334	pocket4	0JO	PPA1334a_0JO	2-{[(E)-{3-hydroxy-2-methyl-5-[(phosphonooxy)methyl]pyridin-4-yl}methylidene]amino}prop-2-enoic acid	-7.4
PPA1335	pocket8	MCN	PPA1335a_MCN	PTERIN CYTOSINE DINUCLEOTIDE	-4.6
PPA1335	pocket7	G1P	PPA1335a_G1P	1-O-phosphono-alpha-D-glucopyranose	-2.86
PPA1335	pocket4	H4S	PPA1335a_H4S	N-[(2S,3S,4R)-3,4-dihydroxy-1-{[(1S,2S,3R,4R,5S)-2,3,4,5-tetrahydroxycyclohexyl]amino}octadecan-2-yl]hexacosanamide	-2.24
PPA1336	pocket11	IPA	PPA1336a_IPA	ISOPROPYL ALCOHOL	-3.26
PPA1336	pocket0	FES	PPA1336a_FES	FE2/S2 (INORGANIC) CLUSTER	-2.15
PPA1337	pocket15	ULY	PPA1337a_ULY	4-{8-amino-3-[(6R,8aS)-3-oxo-3,5,6,7,8,8a-hexahydroindolizin-6-yl]imidazo[1,5-a]pyrazin-1-yl}-3-methoxy-N-[4-(trifluoromethyl)pyridin-2-yl]benzamide	-7.41
PPA1337	pocket0	ANP	PPA1337a_ANP	PHOSPHOAMINOPHOSPHONIC ACID-ADENYLATE ESTER	-7.2
PPA1337	pocket13	FAD	PPA1337a_FAD	FLAVIN-ADENINE DINUCLEOTIDE	-5.95
PPA1337	pocket2	ACD	PPA1337a_ACD	ARACHIDONIC ACID	-5.88
PPA1337	pocket6	Y39	PPA1337a_Y39	(1S,2S)-2-nonylcyclopropanecarboxylic acid	-5.59
PPA1337	pocket3	PLM	PPA1337a_PLM	PALMITIC ACID	-3.87
PPA1340	pocket3	HEM	PPA1340a_HEM	PROTOPORPHYRIN IX CONTAINING FE	-5.65
PPA1341	pocket1	ZTP	PPA1341a_ZTP	(2Z,6Z,10Z,14Z,18Z,22Z,26Z)-3,7,11,15,19,23,27,31-octamethyldotriaconta-2,6,10,14,18,22,26,30-octaen-1-yl trihydrogen diphosphate	-5.49
PPA1342	pocket0	L1P	PPA1342a_L1P	3-PHOSPHORYL-[1,2-DI-PHYTANYL]GLYCEROL	-6.45
PPA1344	pocket0	65W	PPA1344a_65W	2-methyl-2-[4-(naphthalen-1-yl)phenoxy]propanoic acid	-6.85
PPA1344	pocket1	PCI	PPA1344a_PCI	PENTACHLOROPHENOL	-5.39
PPA1344	pocket7	FAD	PPA1344a_FAD	FLAVIN-ADENINE DINUCLEOTIDE	-4.66
PPA1346	pocket5	AS1	PPA1346a_AS1	ARGININOSUCCINATE	-6.59
PPA1346	pocket4	ACO	PPA1346a_ACO	ACETYL COENZYME *A	-3.98
PPA1346	pocket7	ANP	PPA1346a_ANP	PHOSPHOAMINOPHOSPHONIC ACID-ADENYLATE ESTER	-2.87
PPA1347	pocket6	1N8	PPA1347a_1N8	N-{2-[(N,N-DIETHYLGLYCYL)AMINO]-5-(TRIFLUOROMETHYL)PHENYL}-4-METHYL-3-[2-(METHYLAMINO)QUINAZOLIN-6-YL]BENZAMIDE	-7.16
PPA1347	pocket0	POI	PPA1347a_POI	N~2~-ACETYL-N~5~-({3-HYDROXY-2-METHYL-5-[(PHOSPHONOOXY)METHYL]PYRIDIN-4-YL}METHYL)-L-ORNITHINE	-6.95
PPA1347	pocket5	NAD	PPA1347a_NAD	NICOTINAMIDE-ADENINE-DINUCLEOTIDE	-3.48
PPA1347	pocket3	FAD	PPA1347a_FAD	FLAVIN-ADENINE DINUCLEOTIDE	-3.35
PPA1348	pocket0	NLG	PPA1348a_NLG	N-ACETYL-L-GLUTAMATE	-7.28
PPA1349	pocket0	APC	PPA1349a_APC	DIPHOSPHOMETHYLPHOSPHONIC ACID ADENOSYL ESTER	-4.37
PPA1349	pocket4	ACO	PPA1349a_ACO	ACETYL COENZYME *A	-3.51
PPA1349	pocket9	TGL	PPA1349a_TGL	TRISTEAROYLGLYCEROL	-3.1
PPA1349	pocket8	APR	PPA1349a_APR	ADENOSINE-5-DIPHOSPHORIBOSE	-3.02
PPA1349	pocket2	G1P	PPA1349a_G1P	1-O-phosphono-alpha-D-glucopyranose	-2.89
PPA1349	pocket1	12P	PPA1349a_12P	DODECAETHYLENE GLYCOL	-0.09
PPA1350	pocket0	NAP	PPA1350a_NAP	NADP NICOTINAMIDE-ADENINE-DINUCLEOTIDE PHOSPHATE	-8.99
PPA1350	pocket3	SAM	PPA1350a_SAM	S-ADENOSYLMETHIONINE	-5.33
PPA1351	pocket1	NAP	PPA1351a_NAP	NADP NICOTINAMIDE-ADENINE-DINUCLEOTIDE PHOSPHATE	-4.02
PPA1351	pocket2	FAD	PPA1351a_FAD	FLAVIN-ADENINE DINUCLEOTIDE	-2.92
PPA1351	pocket0	MAN	PPA1351a_MAN	alpha-D-mannopyranose	-2.88
PPA1352	pocket0	ARC	PPA1352a_ARC	3,7,11,15-TETRAMETHYL-HEXADECAN-1-OL	-6.93
PPA1352	pocket1	ARC	PPA1352a_ARC	3,7,11,15-TETRAMETHYL-HEXADECAN-1-OL	-6.93
PPA1353	pocket2	03B	PPA1353a_03B	5-(4-chlorophenyl)-4-{3-[4-(4-{[(4-{[(2R)-4-(dimethylamino)-1-(phenylsulfanyl)butan-2-yl]amino}-3-nitrophenyl)sulfonyl]amino}phenyl)piperazin-1-yl]phenyl}-1,2-dimethyl-1H-pyrrole-3-carboxylic acid	-8.98
PPA1353	pocket7	NAP	PPA1353a_NAP	NADP NICOTINAMIDE-ADENINE-DINUCLEOTIDE PHOSPHATE	-6.41
PPA1354	pocket6	PSD	PPA1354a_PSD	NA	-7.71
PPA1354	pocket1	VLB	PPA1354a_VLB	(2ALPHA,2'BETA,3BETA,4ALPHA,5BETA)-VINCALEUKOBLASTINE	-6.08
PPA1354	pocket4	GSP	PPA1354a_GSP	5'-GUANOSINE-DIPHOSPHATE-MONOTHIOPHOSPHATE	-3.95
PPA1354	pocket2	4Y6	PPA1354a_4Y6	(1S)-4-{1-[2-chloro-6-(trifluoromethyl)benzoyl]-4-fluoro-1H-indazol-3-yl}-1-methylcyclohex-3-ene-1-carboxylic acid	-3.85
PPA1354	pocket0	4HM	PPA1354a_4HM	4-HYDROPEROXY-2-METHOXY-PHENOL	Nil
PPA1356	pocket6	KGQ	PPA1356a_KGQ	DIETHYL ({4-[(2S,3R)-2-({[(3R,3AS,6AR)-HEXAHYDROFURO[2,3-B]FURAN-3-YLOXY]CARBONYL}AMINO)-3-HYDROXY-4-{ISOBUTYL[(4-METHOXYPHENYL)SULFONYL]AMINO}BUTYL]PHENOXY}METHYL)PHOSPHONATE	-8.25
PPA1356	pocket11	T3	PPA1356a_T3	3,5,3'TRIIODOTHYRONINE	-7.65
PPA1356	pocket13	ADP	PPA1356a_ADP	ADENOSINE-5'-DIPHOSPHATE	-5.86
PPA1356	pocket1	2XG	PPA1356a_2XG	3,4-difluorobenzenethiol	-3.91
PPA1356	pocket0	TGL	PPA1356a_TGL	TRISTEAROYLGLYCEROL	-3.74
PPA1356	pocket2	IPA	PPA1356a_IPA	ISOPROPYL ALCOHOL	-3.72
PPA1357	pocket6	BZE	PPA1357a_BZE	6-phenyl-1,3,5-triazine-2,4-diamine	-8.64
PPA1357	pocket0	TPS	PPA1357a_TPS	THIAMIN PHOSPHATE	-6.61
PPA1357	pocket7	PAD	PPA1357a_PAD	5-BETA-D-RIBOFURANOSYLPICOLINAMIDE ADENINE-DINUCLEOTIDE	-5.27
PPA1357	pocket4	3VN	PPA1357a_3VN	(2R,5R)-2,5-diamino-2,5-bis(4-aminobutyl)hexanedioic acid	-4.35
PPA1357	pocket1	ADP	PPA1357a_ADP	ADENOSINE-5'-DIPHOSPHATE	-4.33
PPA1357	pocket5	HEM	PPA1357a_HEM	PROTOPORPHYRIN IX CONTAINING FE	-3.83
PPA1358	pocket3	PRP	PPA1358a_PRP	1-O-pyrophosphono-5-O-phosphono-alpha-D-ribofuranose	-4.36
PPA1358	pocket1	AR6	PPA1358a_AR6	[(2R,3S,4R,5R)-5-(6-AMINOPURIN-9-YL)-3,4-DIHYDROXY-OXOLAN-2-YL]METHYL-[HYDROXY-[[(2R,3S,4R,5S)-3,4,5-TRIHYDROXYOXOLAN-2-YL]METHOXY]PHOSPHORYL] HYDROGEN PHOSPHATE	-3.19
PPA1359	pocket0	ADP	PPA1359a_ADP	ADENOSINE-5'-DIPHOSPHATE	-7.21
PPA1359	pocket7	NAD	PPA1359a_NAD	NICOTINAMIDE-ADENINE-DINUCLEOTIDE	-6.44
PPA1359	pocket4	NSS	PPA1359a_NSS	5'-O-[N-(L-ASPARAGINYL)SULFAMOYL]ADENOSINE	-5.46
PPA1359	pocket5	FAD	PPA1359a_FAD	FLAVIN-ADENINE DINUCLEOTIDE	-1.23
PPA1359	pocket1	NHE	PPA1359a_NHE	2-[N-CYCLOHEXYLAMINO]ETHANE SULFONIC ACID	Nil
PPA1360	pocket3	S80	PPA1360a_S80	N1-HYDROXY-2-(3-HYDROXY-PROPYL)-3-ISOBUTYL-N4-[1-(2-METHOXY-ETHYL)-2-OXO-AZEPAN-3-YL]-SUCCINAMIDE	-7.71
PPA1360	pocket2	FAD	PPA1360a_FAD	FLAVIN-ADENINE DINUCLEOTIDE	-7.34
PPA1360	pocket1	ARC	PPA1360a_ARC	3,7,11,15-TETRAMETHYL-HEXADECAN-1-OL	-7.21
PPA1360	pocket4	GNP	PPA1360a_GNP	PHOSPHOAMINOPHOSPHONIC ACID-GUANYLATE ESTER	-6.63
PPA1360	pocket0	ANN	PPA1360a_ANN	4-METHOXYBENZOIC ACID	-6.02
PPA1360	pocket6	SAH	PPA1360a_SAH	S-ADENOSYL-L-HOMOCYSTEINE	-6.01
PPA1363	pocket0	J47	PPA1363a_J47	5-bromo-2-(4-chloro-2-hydroxyphenoxy)benzonitrile	-7.32
PPA1363	pocket2	1BA	PPA1363a_1BA	4-HYDROXY-N'-(4-ISOPROPYLBENZYL)BENZOHYDRAZIDE	-5.98
PPA1364	pocket4	GTP	PPA1364a_GTP	GUANOSINE-5'-TRIPHOSPHATE	-8.22
PPA1364	pocket3	C5Q	PPA1364a_C5Q	5-(1H-indol-3-ylmethyl)-1,3-benzodioxole-4-carboxylic acid	-7.07
PPA1365	pocket9	VSP	PPA1365a_VSP	N-(3-{[4-amino-1-(propan-2-yl)-1H-pyrazolo[3,4-d]pyrimidin-3-yl]methyl}phenyl)ethanesulfonamide	-7.39
PPA1365	pocket10	52P	PPA1365a_52P	5-(2,6-dichlorophenyl)-2-[(2,4-difluorophenyl)sulfanyl]-6H-pyrimido[1,6-b]pyridazin-6-one	-6.37
PPA1365	pocket4	NDP	PPA1365a_NDP	NADPH DIHYDRO-NICOTINAMIDE-ADENINE-DINUCLEOTIDE PHOSPHATE	-5.72
PPA1365	pocket1	OLC	PPA1365a_OLC	(2R)-2,3-dihydroxypropyl (9Z)-octadec-9-enoate	-5.14
PPA1365	pocket0	THM	PPA1365a_THM	THYMIDINE	-5.02
PPA1366	pocket0	TAR	PPA1366a_TAR	D(-)-TARTARIC ACID	-4.91
PPA1366	pocket1	HIO	PPA1366a_HIO	N-HYDROXY-N-ISOPROPYLOXAMIC ACID	-4.33
PPA1367	pocket2	SAM	PPA1367a_SAM	S-ADENOSYLMETHIONINE	-6.88
PPA1367	pocket0	CMU	PPA1367a_CMU	5-CHLORO-6-(1-(2-IMINOPYRROLIDINYL) METHYL) URACIL	-6.43
PPA1367	pocket6	HEM	PPA1367a_HEM	PROTOPORPHYRIN IX CONTAINING FE	-6.09
PPA1367	pocket9	NDP	PPA1367a_NDP	NADPH DIHYDRO-NICOTINAMIDE-ADENINE-DINUCLEOTIDE PHOSPHATE	-5.51
PPA1367	pocket7	GM2	PPA1367a_GM2	N-[(1S,2S)-2-HYDROXY-1-({[(2R,3R,4S,5S,6R)-3,4,5-TRIHYDROXY-6-(HYDROXYMETHYL)TETRAHYDRO-2H-PYRAN-2-YL]OXY}METHYL)OCTADECYL]OCTADECANAMIDE	-0.44
PPA1368	pocket1	PPE	PPA1368a_PPE	4-[(1,3-DICARBOXY-PROPYLAMINO)-METHYL]-3-HYDROXY-2-METHYL-5-PHOSPHONOOXYMETHYL-PYRIDINIUM	-10.48
PPA1368	pocket2	FLF	PPA1368a_FLF	2-[[3-(TRIFLUOROMETHYL)PHENYL]AMINO] BENZOIC ACID	-6.51
PPA1368	pocket3	LEA	PPA1368a_LEA	PENTANOIC ACID	-6.09
PPA1368	pocket9	NAD	PPA1368a_NAD	NICOTINAMIDE-ADENINE-DINUCLEOTIDE	-3.84
PPA1368	pocket11	FMN	PPA1368a_FMN	FLAVIN MONONUCLEOTIDE	-3.71
PPA1371	pocket3	DUC	PPA1371a_DUC	DIHYDROPYRIMIDINE-2,4(1H,3H)-DIONE	-3.84
PPA1372	pocket5	8BO	PPA1372a_8BO	(1~{R},3~{R})-5-[(2~{E})-2-[(1~{R},3~{a}~{S},7~{a}~{R})-1-[(2~{R},6~{S})-6-(4-hydroxyphenyl)-6-methoxy-hexan-2-yl]-7~{a}-methyl-2,3,3~{a},5,6,7-hexahydro-1~{H}-inden-4-ylidene]ethylidene]-2-methylidene-cyclohexane-1,3-diol	-6.5
PPA1372	pocket0	`2AM	PPA1372a_2AM	NA	-5.2
PPA1372	pocket1	NDP	PPA1372a_NDP	NADPH DIHYDRO-NICOTINAMIDE-ADENINE-DINUCLEOTIDE PHOSPHATE	-4.43
PPA1372	pocket2	ADP	PPA1372a_ADP	ADENOSINE-5'-DIPHOSPHATE	-2.62
PPA1375	pocket2	AMP	PPA1375a_AMP	ADENOSINE MONOPHOSPHATE	-3.85
PPA1375	pocket0	OXT	PPA1375a_OXT	3-[(4-AMINO-2-METHYLPYRIMIDIN-5-YL)METHYL]-2-{(1R,11R,15S,17R)-19-[(2R,3S,4R,5R)-5-(6-AMINO-9H-PURIN-9-YL)-4-HYDROXY-3-(PHOSPHONOOXY)TETRAHYDROFURAN-2-YL]-1,11,15,17-TETRAHYDROXY-12,12-DIMETHYL-15,17-DIOXIDO-6,10-DIOXO-14,16,18-TRIOXA-2-THIA-5,9-DIAZA-15,17-DIPHOSPHANONADEC-1-YL}-5-(2-{[(R)-HYDROXY(PHOSPHONOOXY)PHOSPHORYL]OXY}ETHYL)-4-METHYL-1,3-THIAZOL-3-IUM	0.73
PPA1376	pocket1	PRP	PPA1376a_PRP	1-O-pyrophosphono-5-O-phosphono-alpha-D-ribofuranose	-5.05
PPA1376	pocket2	ANL	PPA1376a_ANL	ANILINE	-4.14
PPA1376	pocket0	0VR	PPA1376a_0VR	1-(O-carboxy-phenylamino)-1-deoxy-D-ribulose-5-phosphate	-3.76
PPA1376	pocket6	GTP	PPA1376a_GTP	GUANOSINE-5'-TRIPHOSPHATE	-2.34
PPA1376	pocket4	3UK	PPA1376a_3UK	5'-O-[(S)-[(2-aminobenzoyl)oxy](hydroxy)phosphoryl]adenosine	-1.54
PPA1377	pocket1	ATP	PPA1377a_ATP	ADENOSINE-5'-TRIPHOSPHATE	-8.92
PPA1377	pocket4	S45	PPA1377a_S45	(3R)-3-[3-(4-chlorophenyl)-1,2,4-oxadiazol-5-yl]piperidine	-6.5
PPA1377	pocket20	MYR	PPA1377a_MYR	MYRISTIC ACID	-4.59
PPA1377	pocket2	PM6	PPA1377a_PM6	9H-purine-6-thiol	-4.07
PPA1377	pocket8	HP6	PPA1377a_HP6	HEPTANE	-3.5
PPA1377	pocket0	NHE	PPA1377a_NHE	2-[N-CYCLOHEXYLAMINO]ETHANE SULFONIC ACID	Nil
PPA1378	pocket9	R16	PPA1378a_R16	HEXADECANE	-5.58
PPA1378	pocket4	LH9	PPA1378a_LH9	[(2~{S})-2,3-bis(oxidanyl)propyl] heptadec-9-enoate	-3.32
PPA1378	pocket5	FAD	PPA1378a_FAD	FLAVIN-ADENINE DINUCLEOTIDE	-3.31
PPA1378	pocket2	3CL	PPA1378a_3CL	3-CHLOROPROPANOL	-2.69
PPA1378	pocket0	MBO	PPA1378a_MBO	MERCURIBENZOIC ACID	Nil
PPA1381	pocket3	NDP	PPA1381a_NDP	NADPH DIHYDRO-NICOTINAMIDE-ADENINE-DINUCLEOTIDE PHOSPHATE	-5.59
PPA1381	pocket7	HEM	PPA1381a_HEM	PROTOPORPHYRIN IX CONTAINING FE	-5.03
PPA1381	pocket4	N50	PPA1381a_N50	2-[(2,6-dimethoxy-5-methylpyrimidin-4-yl)methylidene]propane-1,3-diol	-3.75
PPA1382	pocket1	CLA	PPA1382a_CLA	CHLOROPHYLL A	-6.84
PPA1383	pocket2	GSU	PPA1383a_GSU	O5'-(L-GLUTAMYL-SULFAMOYL)-ADENOSINE	-8.91
PPA1383	pocket12	IM1	PPA1383a_IM1	(2R,4S,5S,1'S)-2-PHENYLMETHYL-4-HYDROXY-5-(TERT-BUTOXYCARBONYL)AMINO-6-PHENYL HEXANOYL-N-(1'-IMIDAZO-2-YL)-2'-METHYLPROPANAMIDE	-7.9
PPA1383	pocket14	HEM	PPA1383a_HEM	PROTOPORPHYRIN IX CONTAINING FE	-5.96
PPA1383	pocket0	7Z3	PPA1383a_7Z3	1-(3-PYRROLIDIN-1-YLPHENYL)METHANAMINE	-5.02
PPA1383	pocket11	FAD	PPA1383a_FAD	FLAVIN-ADENINE DINUCLEOTIDE	-4.56
PPA1383	pocket4	FAD	PPA1383a_FAD	FLAVIN-ADENINE DINUCLEOTIDE	-4.56
PPA1384	pocket1	60Z	PPA1384a_60Z	(3R,4E,7E,10R,11S,12R,13S,16R,17R,24aS)-11,17-dihydroxy-10,12,16-trimethyl-3-[(2R)-1-phenylbutan-2-yl]-6,9,10,11,12,13,14,15,16,17,22,23,24,24a-tetradecahydro-3H-13,17-epoxypyrido[2,1-c][1,4]oxazacyclohenicosine-1,18,19(21H)-trione	-8.24
PPA1384	pocket3	FKA	PPA1384a_FKA	BENZYL-CARBAMIC ACID [8-DEETHYL-ASCOMYCIN-8-YL]ETHYL ESTER	-7.72
PPA1385	pocket4	A5A	PPA1385a_A5A	'5'-O-(N-(L-ALANYL)-SULFAMOYL)ADENOSINE	-6.6
PPA1385	pocket0	URA	PPA1385a_URA	URACIL	-4.93
PPA1385	pocket1	GUN	PPA1385a_GUN	GUANINE	-4.11
PPA1387	pocket4	OKI	PPA1387a_OKI	(2S)-2-[2-(4-chlorophenyl)-1H-benzimidazol-1-yl]-N,2-dicyclohexylethanamide	-8.98
PPA1387	pocket11	HEC	PPA1387a_HEC	HEME C	-8.94
PPA1387	pocket2	FAD	PPA1387a_FAD	FLAVIN-ADENINE DINUCLEOTIDE	-2.25
PPA1387	pocket9	APR	PPA1387a_APR	ADENOSINE-5-DIPHOSPHORIBOSE	-1.51
PPA1388	pocket10	NAD	PPA1388a_NAD	NICOTINAMIDE-ADENINE-DINUCLEOTIDE	-4.58
PPA1389	pocket1	APR	PPA1389a_APR	ADENOSINE-5-DIPHOSPHORIBOSE	-5.04
PPA1390	pocket2	MTX	PPA1390a_MTX	METHOTREXATE	-10.82
PPA1390	pocket0	ATP	PPA1390a_ATP	ADENOSINE-5'-TRIPHOSPHATE	-9.71
PPA1394	pocket18	NAP	PPA1394a_NAP	NADP NICOTINAMIDE-ADENINE-DINUCLEOTIDE PHOSPHATE	-6.57
PPA1394	pocket1	G7J	PPA1394a_G7J	5-hydroxy-1,2-dihydro-6H-indol-6-one	-5.21
PPA1394	pocket9	FBP	PPA1394a_FBP	1,6-di-O-phosphono-beta-D-fructofuranose	-4.51
PPA1395	pocket1	FAD	PPA1395a_FAD	FLAVIN-ADENINE DINUCLEOTIDE	-5.35
PPA1395	pocket2	FAD	PPA1395a_FAD	FLAVIN-ADENINE DINUCLEOTIDE	-5.35
PPA1395	pocket3	NAD	PPA1395a_NAD	NICOTINAMIDE-ADENINE-DINUCLEOTIDE	-4.06
PPA1396	pocket0	SAM	PPA1396a_SAM	S-ADENOSYLMETHIONINE	-8.84
PPA1396	pocket2	SAH	PPA1396a_SAH	S-ADENOSYL-L-HOMOCYSTEINE	-5.38
PPA1398	pocket0	LMU	PPA1398a_LMU	DODECYL-ALPHA-D-MALTOSIDE	-6.25
PPA1398	pocket3	HEM	PPA1398a_HEM	PROTOPORPHYRIN IX CONTAINING FE	-5.47
PPA1398	pocket2	PEE	PPA1398a_PEE	1,2-dioleoyl-sn-glycero-3-phosphoethanolamine	-4.48
PPA1398	pocket4	COB	PPA1398a_COB	CO-METHYLCOBALAMIN	Nil
PPA1399	pocket0	ATP	PPA1399a_ATP	ADENOSINE-5'-TRIPHOSPHATE	-6.72
PPA1399	pocket8	FAD	PPA1399a_FAD	FLAVIN-ADENINE DINUCLEOTIDE	-3.38
PPA1400	pocket0	BTN	PPA1400a_BTN	BIOTIN	-9.28
PPA1400	pocket5	MPY	PPA1400a_MPY	(3E)-N-(2,6-DIETHYLPHENYL)-3-{[4-(4-METHYLPIPERAZIN-1-YL)BENZOYL]IMINO}PYRROLO[3,4-C]PYRAZOLE-5(3H)-CARBOXAMIDE	-5.09
PPA1400	pocket2	ZPE	PPA1400a_ZPE	(2R)-3-{[(S)-(2-aminoethoxy)(hydroxy)phosphoryl]oxy}-2-(tetradec-5-enoyloxy)propyl (11Z)-octadec-11-enoate	0.21
PPA1400	pocket3	CDN	PPA1400a_CDN	CARDIOLIPIN	Nil
PPA1401	pocket0	5B0	PPA1401a_5B0	{2-[5-hydroxy-4-(hydroxymethyl)-6-methylpyridin-3-yl]ethyl}phosphonic acid	-5.74
PPA1401	pocket9	OZS	PPA1401a_OZS	N-[(E)-3-[(2R,3S,4R,5R)-3,4-dihydroxy-5-[4-(trifluoromethyl)imidazol-1-yl]oxolan-2-yl]prop-2-enyl]-2,3-dihydroxy-5-nitro-benzamide	-4.75
PPA1401	pocket1	CLA	PPA1401a_CLA	CHLOROPHYLL A	19.89
PPA1402	pocket1	VB4	PPA1402a_VB4	(E)-N-({3-hydroxy-2-methyl-5-[(phosphonooxy)methyl]pyridin-4-yl}methylidene)-D-tryptophan	-5.56
PPA1402	pocket9	NDP	PPA1402a_NDP	NADPH DIHYDRO-NICOTINAMIDE-ADENINE-DINUCLEOTIDE PHOSPHATE	-4.01
PPA1402	pocket10	GDP	PPA1402a_GDP	GUANOSINE-5'-DIPHOSPHATE	-3.31
PPA1402	pocket5	SF4	PPA1402a_SF4	IRON/SULFUR CLUSTER	-2.34
PPA1404	pocket0	YSA	PPA1404a_YSA	5'-O-[N-(L-TYROSYL)SULFAMOYL]ADENOSINE	-9.9
PPA1404	pocket3	GCP	PPA1404a_GCP	PHOSPHOMETHYLPHOSPHONIC ACID GUANYLATE ESTER	-6.96
PPA1404	pocket11	FAD	PPA1404a_FAD	FLAVIN-ADENINE DINUCLEOTIDE	-4.05
PPA1405	pocket3	FAD	PPA1405a_FAD	FLAVIN-ADENINE DINUCLEOTIDE	-2.08
PPA1406	pocket3	NAD	PPA1406a_NAD	NICOTINAMIDE-ADENINE-DINUCLEOTIDE	-5.05
PPA1406	pocket0	A9J	PPA1406a_A9J	Hexafluorophosphate anion	-1.67
PPA1406	pocket2	PGV	PPA1406a_PGV	(1R)-2-{[{[(2S)-2,3-DIHYDROXYPROPYL]OXY}(HYDROXY)PHOSPHORYL]OXY}-1-[(PALMITOYLOXY)METHYL]ETHYL (11E)-OCTADEC-11-ENOATE	-1.54
PPA1406	pocket1	NHE	PPA1406a_NHE	2-[N-CYCLOHEXYLAMINO]ETHANE SULFONIC ACID	Nil
PPA1407	pocket9	NAD	PPA1407a_NAD	NICOTINAMIDE-ADENINE-DINUCLEOTIDE	-6.15
PPA1407	pocket14	SAH	PPA1407a_SAH	S-ADENOSYL-L-HOMOCYSTEINE	-4.31
PPA1407	pocket1	SF4	PPA1407a_SF4	IRON/SULFUR CLUSTER	-3.57
PPA1408	pocket5	MTY	PPA1408a_MTY	META-TYROSINE	-6.87
PPA1408	pocket6	7DG	PPA1408a_7DG	7-DEAZAGUANINE	-6.54
PPA1408	pocket13	C2E	PPA1408a_C2E	9,9'-[(2R,3R,3aS,5S,7aR,9R,10R,10aS,12S,14aR)-3,5,10,12-tetrahydroxy-5,12-dioxidooctahydro-2H,7H-difuro[3,2-d:3',2'-j][1,3,7,9,2,8]tetraoxadiphosphacyclododecine-2,9-diyl]bis(2-amino-1,9-dihydro-6H-purin-6-one)	-5.98
PPA1408	pocket15	KXN	PPA1408a_KXN	(2R,3S)-2-(3,4-dihydroxyphenyl)-3,4-dihydro-2H-chromene-3,5,7-triol	-5.27
PPA1408	pocket4	NMN	PPA1408a_NMN	BETA-NICOTINAMIDE RIBOSE MONOPHOSPHATE	-4.57
PPA1408	pocket10	8GT	PPA1408a_8GT	8-OXO-GUANOSINE-5'-TRIPHOSPHATE	-4.11
PPA1408	pocket19	2XG	PPA1408a_2XG	3,4-difluorobenzenethiol	-3.85
PPA1408	pocket17	HEM	PPA1408a_HEM	PROTOPORPHYRIN IX CONTAINING FE	-3.67
PPA1409	pocket0	KRS	PPA1409a_KRS	cladosporin	-7.69
PPA1409	pocket1	H2L	PPA1409a_H2L	1-[3-[2-(1H-indol-3-yl)ethylsulfamoyl]phenyl]-3-(1,3-thiazol-2-yl)urea	-7.3
PPA1409	pocket5	FAD	PPA1409a_FAD	FLAVIN-ADENINE DINUCLEOTIDE	-5.1
PPA1409	pocket8	BUJ	PPA1409a_BUJ	(3R)-3-(hexadecanoylamino)-4-(trimethylammonio)butanoate	-4.65
PPA1410	pocket0	SAH	PPA1410a_SAH	S-ADENOSYL-L-HOMOCYSTEINE	-5.81
PPA1410	pocket6	HEC	PPA1410a_HEC	HEME C	-5.42
PPA1410	pocket5	ANP	PPA1410a_ANP	PHOSPHOAMINOPHOSPHONIC ACID-ADENYLATE ESTER	-4.36
PPA1410	pocket1	PBU	PPA1410a_PBU	(2R)-3-{[(R)-HYDROXY{[(1R,2R,3S,4R,5R,6S)-2,3,6-TRIHYDROXY-4,5-BIS(PHOSPHONOOXY)CYCLOHEXYL]OXY}PHOSPHORYL]OXY}PROPANE-1,2-DIYL DIBUTANOATE	-4.33
PPA1412	pocket2	GSP	PPA1412a_GSP	5'-GUANOSINE-DIPHOSPHATE-MONOTHIOPHOSPHATE	-7.42
PPA1414	pocket4	0YV	PPA1414a_0YV	2,2'-{benzene-1,3-diylbis[ethyne-2,1-diyl(5-bromobenzene-3,1-diyl)]}diethanamine	-6.74
PPA1414	pocket8	52P	PPA1414a_52P	5-(2,6-dichlorophenyl)-2-[(2,4-difluorophenyl)sulfanyl]-6H-pyrimido[1,6-b]pyridazin-6-one	-6.15
PPA1415	pocket0	SAH	PPA1415a_SAH	S-ADENOSYL-L-HOMOCYSTEINE	-4.38
PPA1416	pocket4	HEA	PPA1416a_HEA	HEME-A	-6.37
PPA1416	pocket5	MHC	PPA1416a_MHC	3-MERCAPTO-1-(1,3,4,9-TETRAHYDRO-B-CARBOLIN-2-YL)-PROPAN-1-ONE	-5.37
PPA1417	pocket0	PRT	PPA1417a_PRT	 PHOSPHORIBOSYL ATP 	-6.23
PPA1417	pocket3	FMN	PPA1417a_FMN	FLAVIN MONONUCLEOTIDE	-4.44
PPA1417	pocket1	PRP	PPA1417a_PRP	1-O-pyrophosphono-5-O-phosphono-alpha-D-ribofuranose	-3.62
PPA1419	pocket3	BPH	PPA1419a_BPH	BACTERIOPHEOPHYTIN A	-6.25
PPA1419	pocket0	MYS	PPA1419a_MYS	PENTADECANE	-4.17
PPA1420	pocket0	6F9	PPA1420a_6F9	7-(3,5-dimethoxyphenyl)-N-[(3S)-1-methylpiperidin-3-yl]-4-propanoyl-2,3,4,5-tetrahydro-1,4-benzoxazepine-9-carboxamide	-9.36
PPA1420	pocket1	PDS	PPA1420a_PDS	3-{1-[3-(DIMETHYLAMINO)PROPYL]-2-METHYL-1H-INDOL-3-YL}-4-(2-METHYL-1H-INDOL-3-YL)-1H-PYRROLE-2,5-DIONE	-8.86
PPA1420	pocket5	FLY	PPA1420a_FLY	6-(2,4-difluorophenoxy)-8-methyl-2-[(1-methylethyl)amino]pyrido[2,3-d]pyrimidin-7(8H)-one	-7.04
PPA1420	pocket9	FAD	PPA1420a_FAD	FLAVIN-ADENINE DINUCLEOTIDE	-5.95
PPA1420	pocket4	ADP	PPA1420a_ADP	ADENOSINE-5'-DIPHOSPHATE	-4.72
PPA1421	pocket2	2ZS	PPA1421a_2ZS	N-(morpholin-4-ylcarbonyl)-L-phenylalanyl-N-[(1R,2S)-1-(cyclohexylmethyl)-2-hydroxy-3-(1-methylethoxy)-3-oxopropyl]-S-methyl-L-cysteinamide	-7.3
PPA1422	pocket0	NDP	PPA1422a_NDP	NADPH DIHYDRO-NICOTINAMIDE-ADENINE-DINUCLEOTIDE PHOSPHATE	-10.38
PPA1423	pocket0	CLA	PPA1423a_CLA	CHLOROPHYLL A	-9.84
PPA1423	pocket5	FLC	PPA1423a_FLC	CITRATE ANION	-3.44
PPA1423	pocket12	B12	PPA1423a_B12	COBALAMIN	Nil
PPA1424	pocket4	POY	PPA1424a_POY	3-methyl-1-(5-oxohexyl)-7-propyl-3,7-dihydro-1H-purine-2,6-dione	-6.2
PPA1424	pocket0	SD4	PPA1424a_SD4	N-hydroxy-L-asparagine	-5.99
PPA1424	pocket7	PG6	PPA1424a_PG6	1-(2-METHOXY-ETHOXY)-2-{2-[2-(2-METHOXY-ETHOXY]-ETHOXY}-ETHANE	-4.24
PPA1424	pocket3	POP	PPA1424a_POP	PYROPHOSPHATE 2-	-0.26
PPA1425	pocket0	C1E	PPA1425a_C1E	(2Z,4E)-3-chloro-2-hydroxy-6-oxo-6-phenylhexa-2,4-dienoic acid	-6.47
PPA1425	pocket6	COB	PPA1425a_COB	CO-METHYLCOBALAMIN	Nil
PPA1428	pocket3	FAD	PPA1428a_FAD	FLAVIN-ADENINE DINUCLEOTIDE	-6.77
PPA1428	pocket1	OBG	PPA1428a_OBG	6-(benzyloxy)-9H-purin-2-amine	-3.75
PPA1429	pocket2	HEM	PPA1429a_HEM	PROTOPORPHYRIN IX CONTAINING FE	-9.23
PPA1429	pocket3	UMP	PPA1429a_UMP	2'-DEOXYURIDINE 5'-MONOPHOSPHATE	-5.26
PPA1429	pocket0	PAF	PPA1429a_PAF	PANTOATE	-4.06
PPA1430	pocket19	NDP	PPA1430a_NDP	NADPH DIHYDRO-NICOTINAMIDE-ADENINE-DINUCLEOTIDE PHOSPHATE	-8.67
PPA1430	pocket1	DUP	PPA1430a_DUP	2'-DEOXYURIDINE 5'-ALPHA,BETA-IMIDO-TRIPHOSPHATE	-8.44
PPA1430	pocket17	HEM	PPA1430a_HEM	PROTOPORPHYRIN IX CONTAINING FE	-7.95
PPA1430	pocket6	SCA	PPA1430a_SCA	SUCCINYL-COENZYME A	-7.06
PPA1430	pocket23	COA	PPA1430a_COA	COENZYME A	-3.03
PPA1433	pocket2	FAD	PPA1433a_FAD	FLAVIN-ADENINE DINUCLEOTIDE	-5.56
PPA1433	pocket0	TJP	PPA1433a_TJP	methyl 2-oxo-2,5-dihydropyrimidine-4-carboxylate	-5.2
PPA1434	pocket6	OTP	PPA1434a_OTP	(2E,6E,10E,14E,18E,22E,26E)-3,7,11,15,19,23,27,31-OCTAMETHYLDOTRIACONTA-2,6,10,14,18,22,26,30-OCTAENYL TRIHYDROGEN DIPHOSPHATE	-8.93
PPA1434	pocket1	FAD	PPA1434a_FAD	FLAVIN-ADENINE DINUCLEOTIDE	-7.51
PPA1434	pocket3	NAP	PPA1434a_NAP	NADP NICOTINAMIDE-ADENINE-DINUCLEOTIDE PHOSPHATE	-7.5
PPA1434	pocket2	ADP	PPA1434a_ADP	ADENOSINE-5'-DIPHOSPHATE	-6.02
PPA1435	pocket3	0IU	PPA1435a_0IU	(2S)-2-[(2-amino-1,3-thiazol-4-yl)methyl]-N~1~-[(1S,2R,3R)-1-(cyclohexylmethyl)-2,3-dihydroxy-5-methylhexyl]-N~4~-[2-(dimethylamino)-2-oxoethyl]-N~4~-[(1S)-1-phenylethyl]butanediamide	-6.59
PPA1435	pocket0	4K4	PPA1435a_4K4	2-[(2-methoxy-4-{[4-(4-methylpiperazin-1-yl)piperidin-1-yl]carbonyl}phenyl)amino]-5,11-dimethyl-5,11-dihydro-6H-pyrimido[4,5-b][1,4]benzodiazepin-6-one	-5.02
PPA1437	pocket10	NAD	PPA1437a_NAD	NICOTINAMIDE-ADENINE-DINUCLEOTIDE	-5.06
PPA1437	pocket0	SF4	PPA1437a_SF4	IRON/SULFUR CLUSTER	-4.6
PPA1437	pocket1	SF4	PPA1437a_SF4	IRON/SULFUR CLUSTER	-4.6
PPA1437	pocket3	FES	PPA1437a_FES	FE2/S2 (INORGANIC) CLUSTER	-2.86
PPA1438	pocket0	FAD	PPA1438a_FAD	FLAVIN-ADENINE DINUCLEOTIDE	-13.05
PPA1438	pocket20	337	PPA1438a_337	N-benzyl-1-[5-({5-tert-butyl-2-methoxy-3-[(methylsulfonyl)amino]phenyl}carbamoyl)-2-methylphenyl]-1H-1,2,3-triazole-4-carboxamide	-10.84
PPA1438	pocket1	HQO	PPA1438a_HQO	2-HEPTYL-4-HYDROXY QUINOLINE N-OXIDE	-7.21
PPA1438	pocket7	33W	PPA1438a_33W	3-(5-bromothiophen-2-yl)-L-alanine	-6.42
PPA1438	pocket9	HEM	PPA1438a_HEM	PROTOPORPHYRIN IX CONTAINING FE	-4.86
PPA1439	pocket0	HEM	PPA1439a_HEM	PROTOPORPHYRIN IX CONTAINING FE	-7.41
PPA1440	pocket0	SAH	PPA1440a_SAH	S-ADENOSYL-L-HOMOCYSTEINE	-7.59
PPA1441	pocket1	SAH	PPA1441a_SAH	S-ADENOSYL-L-HOMOCYSTEINE	-6.21
PPA1441	pocket2	BTX	PPA1441a_BTX	((2R,3S,4R,5R)-5-(6-AMINO-9H-PURIN-9-YL)-3,4-DIHYDROXY-TETRAHYDROFURAN-2-YL)METHYL 5-((3AS,4S,6AR)-2-OXO-HEXAHYDRO-1H-THIENO[3,4-D]IMIDAZOL-4-YL)PENTYL HYDROGEN PHOSPHATE	-6.21
PPA1444	pocket6	4Y6	PPA1444a_4Y6	(1S)-4-{1-[2-chloro-6-(trifluoromethyl)benzoyl]-4-fluoro-1H-indazol-3-yl}-1-methylcyclohex-3-ene-1-carboxylic acid	-6.43
PPA1445	pocket12	NAI	PPA1445a_NAI	1,4-DIHYDRONICOTINAMIDE ADENINE DINUCLEOTIDE	-6.56
PPA1445	pocket4	IAC	PPA1445a_IAC	1H-INDOL-3-YLACETIC ACID	-5.58
PPA1446	pocket6	FAD	PPA1446a_FAD	FLAVIN-ADENINE DINUCLEOTIDE	-6.5
PPA1446	pocket8	FAD	PPA1446a_FAD	FLAVIN-ADENINE DINUCLEOTIDE	-6.5
PPA1447	pocket9	FTA	PPA1447a_FTA	3-(4-PHENYLAMINO-PHENYLAMINO)-2-(1H-TETRAZOL-5-YL)-ACRYLONITRILE	-6.91
PPA1447	pocket1	GNP	PPA1447a_GNP	PHOSPHOAMINOPHOSPHONIC ACID-GUANYLATE ESTER	-5.09
PPA1447	pocket7	GNP	PPA1447a_GNP	PHOSPHOAMINOPHOSPHONIC ACID-GUANYLATE ESTER	-5.09
PPA1452	pocket3	APR	PPA1452a_APR	ADENOSINE-5-DIPHOSPHORIBOSE	-4.22
PPA1452	pocket0	AMG	PPA1452a_AMG	methyl alpha-D-galactopyranoside	-3.76
PPA1452	pocket1	SCA	PPA1452a_SCA	SUCCINYL-COENZYME A	-2.93
PPA1453	pocket4	PE8	PPA1453a_PE8	3,6,9,12,15,18,21-HEPTAOXATRICOSANE-1,23-DIOL	-2.04
PPA1453	pocket1	FAD	PPA1453a_FAD	FLAVIN-ADENINE DINUCLEOTIDE	-1.32
PPA1454	pocket10	NAP	PPA1454a_NAP	NADP NICOTINAMIDE-ADENINE-DINUCLEOTIDE PHOSPHATE	-7.36
PPA1454	pocket13	FAD	PPA1454a_FAD	FLAVIN-ADENINE DINUCLEOTIDE	-6.04
PPA1454	pocket0	ACY	PPA1454a_ACY	ACETIC ACID	-2.43
PPA1455	pocket3	8ID	PPA1455a_8ID	NICOTINAMIDE-8-IODO-ADENINE-DINUCLEOTIDE	-5.8
PPA1456	pocket1	MHC	PPA1456a_MHC	3-MERCAPTO-1-(1,3,4,9-TETRAHYDRO-B-CARBOLIN-2-YL)-PROPAN-1-ONE	-6.63
PPA1456	pocket2	VIT	PPA1456a_VIT	VITAMIN E	-5.65
PPA1456	pocket10	FAD	PPA1456a_FAD	FLAVIN-ADENINE DINUCLEOTIDE	-3.18
PPA1457	pocket4	FAD	PPA1457a_FAD	FLAVIN-ADENINE DINUCLEOTIDE	-8.38
PPA1457	pocket0	537	PPA1457a_537	2,6-DIHYDROANTHRA/1,9-CD/PYRAZOL-6-ONE	-7.84
PPA1459	pocket5	SWA	PPA1459a_SWA	1S-8AB-OCTAHYDRO-INDOLIZIDINE-1A,2A,8B-TRIOL	-7.37
PPA1459	pocket1	JNE	PPA1459a_JNE	6-methyl-~{N}-(phenylmethyl)pyridin-2-amine	-5.65
PPA1459	pocket18	ACD	PPA1459a_ACD	ARACHIDONIC ACID	-4.21
PPA1459	pocket3	FES	PPA1459a_FES	FE2/S2 (INORGANIC) CLUSTER	-2.48
PPA1459	pocket25	FAD	PPA1459a_FAD	FLAVIN-ADENINE DINUCLEOTIDE	-1.45
PPA1459	pocket27	NAP	PPA1459a_NAP	NADP NICOTINAMIDE-ADENINE-DINUCLEOTIDE PHOSPHATE	-1.41
PPA1459	pocket16	LF5	PPA1459a_LF5	4-chloranyl-7-propan-2-yloxy-1-benzothiophene-2-carboximidamide	-0.04
PPA1459	pocket17	4NJ	PPA1459a_4NJ	(5S)-3,5-bis(4-chlorobenzyl)-4-(6-chloro-1H-indol-3-yl)-5-hydroxy-1-methyl-1,5-dihydro-2H-pyrrol-2-one	142.99
PPA1459	pocket28	U89	PPA1459a_U89	N-[4-[[3-(2,4-DIAMINO-1,6-DIHYDRO-6-OXO-4-PYRIMIDINYL)-PROPYL]-[2-((2-OXO-2-((4-PHOSPHORIBOXY)-BUTYL)-AMINO)-ETHYL)-THIO-ACETYL]-AMINO]BENZOYL]-1-GLUTAMIC ACID	Nil
PPA1460	pocket1	SVD	PPA1460a_SVD	(5~{R})-5-~{tert}-butyl-2-methyl-1-oxidanyl-pyrazolidin-3-one	-5.86
PPA1460	pocket2	STU	PPA1460a_STU	STAUROSPORINE	-4.46
PPA1460	pocket5	FAD	PPA1460a_FAD	FLAVIN-ADENINE DINUCLEOTIDE	-3.95
PPA1460	pocket10	PLS	PPA1460a_PLS	[3-HYDROXY-2-METHYL-5-PHOSPHONOOXYMETHYL-PYRIDIN-4-YLMETHYL]-SERINE	-3.8
PPA1461	pocket0	DUT	PPA1461a_DUT	DEOXYURIDINE-5'-TRIPHOSPHATE	-4.8
PPA1463	pocket0	AGS	PPA1463a_AGS	PHOSPHOTHIOPHOSPHORIC ACID-ADENYLATE ESTER	-9.82
PPA1463	pocket2	F6D	PPA1463a_F6D	(3R)-3-[(7-{[(2S)-2-amino-2-(2-methoxyphenyl)ethyl]amino}-5-methyl[1,2,4]triazolo[1,5-a]pyrimidin-2-yl)amino]-3-(3-chlorophenyl)propanenitrile	-8.37
PPA1464	pocket0	SAM	PPA1464a_SAM	S-ADENOSYLMETHIONINE	-9.69
PPA1465	pocket4	ADE	PPA1465a_ADE	ADENINE	-3.61
PPA1465	pocket2	PLS	PPA1465a_PLS	[3-HYDROXY-2-METHYL-5-PHOSPHONOOXYMETHYL-PYRIDIN-4-YLMETHYL]-SERINE	-3.54
PPA1466	pocket39	TR1	PPA1466a_TR1	2-(2-{2-[(BIPHENYL-4-YLMETHYL)-AMINO]-3-MERCAPTO-PENTANOYLAMINO}-ACETYLAMINO)-3-METHYL-BUTYRIC ACID METHYL ESTER	-8.77
PPA1466	pocket11	ADP	PPA1466a_ADP	ADENOSINE-5'-DIPHOSPHATE	-7.66
PPA1466	pocket3	POP	PPA1466a_POP	PYROPHOSPHATE 2-	-5.43
PPA1466	pocket6	MLA	PPA1466a_MLA	MALONIC ACID	-2.6
PPA1466	pocket17	GNP	PPA1466a_GNP	PHOSPHOAMINOPHOSPHONIC ACID-GUANYLATE ESTER	-1.43
PPA1467	pocket14	FAJ	PPA1467a_FAJ	FAD-trans-2-Phenylcyclopropylamine Adduct	-6.04
PPA1467	pocket0	U5P	PPA1467a_U5P	URIDINE-5'-MONOPHOSPHATE	-5.31
PPA1467	pocket18	FAD	PPA1467a_FAD	FLAVIN-ADENINE DINUCLEOTIDE	-5.14
PPA1467	pocket1	2A2	PPA1467a_2A2	4-[4-(3-chlorophenyl)piperazin-1-yl]-4-oxobutane-1-thiol	-4.92
PPA1468	pocket0	FAD	PPA1468a_FAD	FLAVIN-ADENINE DINUCLEOTIDE	-9.02
PPA1468	pocket1	HTL	PPA1468a_HTL	2-ACETYL-THIAMINE DIPHOSPHATE	-6.22
PPA1468	pocket7	5GP	PPA1468a_5GP	GUANOSINE-5'-MONOPHOSPHATE	-2.12
PPA1469	pocket8	37O	PPA1469a_37O	N-(4-{[3-(3,5-dimethoxyphenyl)-7-{[4-(4-methylpiperazin-1-yl)phenyl]amino}-2-oxo-3,4-dihydropyrimido[4,5-d]pyrimidin-1(2H)-yl]methyl}phenyl)propanamide	-7.37
PPA1469	pocket12	LIC	PPA1469a_LIC	3-(2-CHLOROBENZYL)-1-(2-{[(1S)-2-HYDROXY-1,2-DIMETHYLPROPYL]AMINO}PYRIMIDIN-4-YL)-1-(4-METHOXYPHENYL)UREA	-6.39
PPA1470	pocket4	NAP	PPA1470a_NAP	NADP NICOTINAMIDE-ADENINE-DINUCLEOTIDE PHOSPHATE	-6.35
PPA1470	pocket1	NAD	PPA1470a_NAD	NICOTINAMIDE-ADENINE-DINUCLEOTIDE	-3.94
PPA1470	pocket2	FDA	PPA1470a_FDA	DIHYDROFLAVINE-ADENINE DINUCLEOTIDE	-2.23
PPA1470	pocket3	UP5	PPA1470a_UP5	P1-(ADENOSINE-5'-P5-(URIDINE-5')PENTAPHOSPHATE	-1.08
PPA1471	pocket16	FPP	PPA1471a_FPP	FARNESYL DIPHOSPHATE	-6.86
PPA1471	pocket0	JGM	PPA1471a_JGM	{N}-[(2~{S})-1-diazanyl-3-(4-hydroxyphenyl)-1-oxidanylidene-propan-2-yl]ethanamide	-6.6
PPA1471	pocket3	SZ4	PPA1471a_SZ4	1-(3-methoxyphenyl)methanamine	-6.58
PPA1471	pocket2	UDP	PPA1471a_UDP	URIDINE-5'-DIPHOSPHATE	-6.24
PPA1471	pocket8	GNP	PPA1471a_GNP	PHOSPHOAMINOPHOSPHONIC ACID-GUANYLATE ESTER	-3.79
PPA1471	pocket1	AE4	PPA1471a_AE4	3,6,9,12,15-PENTAOXAHEPTADECAN-1-OL	-3.26
PPA1471	pocket20	FAD	PPA1471a_FAD	FLAVIN-ADENINE DINUCLEOTIDE	-2.62
PPA1471	pocket19	GTP	PPA1471a_GTP	GUANOSINE-5'-TRIPHOSPHATE	-2.52
PPA1472	pocket0	HEA	PPA1472a_HEA	HEME-A	-8.91
PPA1474	pocket1	CTP	PPA1474a_CTP	CYTIDINE-5'-TRIPHOSPHATE	-9.62
PPA1474	pocket0	FMN	PPA1474a_FMN	FLAVIN MONONUCLEOTIDE	-5.88
PPA1474	pocket3	HP6	PPA1474a_HP6	HEPTANE	-3.83
PPA1476	pocket1	NAD	PPA1476a_NAD	NICOTINAMIDE-ADENINE-DINUCLEOTIDE	71.05
PPA1477	pocket0	68Y	PPA1477a_68Y	(4R)-4-methyl-7-[(1R)-1-phenylethoxy]-1,3,4,5-tetrahydro-2H-1,5-benzodiazepin-2-one	-9.11
PPA1477	pocket10	FAD	PPA1477a_FAD	FLAVIN-ADENINE DINUCLEOTIDE	-6.13
PPA1477	pocket5	FAD	PPA1477a_FAD	FLAVIN-ADENINE DINUCLEOTIDE	-6.13
PPA1477	pocket1	FLC	PPA1477a_FLC	CITRATE ANION	-4.05
PPA1477	pocket7	ANP	PPA1477a_ANP	PHOSPHOAMINOPHOSPHONIC ACID-ADENYLATE ESTER	-2.78
PPA1478	pocket0	URA	PPA1478a_URA	URACIL	-4.65
PPA1479	pocket0	OGA	PPA1479a_OGA	N-OXALYLGLYCINE	-2.32
PPA1482	pocket19	FAD	PPA1482a_FAD	FLAVIN-ADENINE DINUCLEOTIDE	-7.51
PPA1483	pocket2	78G	PPA1483a_78G	2-[(2~{R},3~{S},4~{R},5~{R})-5-(6-aminopurin-9-yl)-3,4-bis(oxidanyl)oxolan-2-yl]ethyl-[[4-azanyl-1-(methoxymethyl)-2-oxidanylidene-pyrimidin-5-yl]methyl]-[(3~{S})-3-azanyl-4-oxidanyl-4-oxidanylidene-butyl]azanium	-6.09
PPA1484	pocket0	FAD	PPA1484a_FAD	FLAVIN-ADENINE DINUCLEOTIDE	-6.65
PPA1484	pocket3	NAD	PPA1484a_NAD	NICOTINAMIDE-ADENINE-DINUCLEOTIDE	-5.15
PPA1485	pocket0	36I	PPA1485a_36I	4-(2-phenylthieno[3,2-d]pyrimidin-4-yl)morpholine	-6.52
PPA1485	pocket4	FHM	PPA1485a_FHM	S-3-(4-FLUOROPHENOXY)-2-HYDROXY-2-METHYL-N-[4-NITRO-3-(TRIFLUOROMETHYL)PHENYL]PROPANAMIDE	-5.3
PPA1486	pocket0	J6P	PPA1486a_J6P	(5aS,12aS,13aS)-8,9-dichloro-12,12-dimethyl-2,3,11,12,12a,13-hexahydro-1H,5H,6H-5a,13a-(epiminomethano)indolizino[7,6-b]carbazol-14-one	-5.46
PPA1486	pocket3	BT5	PPA1486a_BT5	BIOTINYL-5-AMP	-4.83
PPA1486	pocket1	PG6	PPA1486a_PG6	1-(2-METHOXY-ETHOXY)-2-{2-[2-(2-METHOXY-ETHOXY]-ETHOXY}-ETHANE	-3.28
PPA1487	pocket1	MCN	PPA1487a_MCN	PTERIN CYTOSINE DINUCLEOTIDE	-7.59
PPA1488	pocket7	ADX	PPA1488a_ADX	ADENOSINE-5'-PHOSPHOSULFATE	-5.87
PPA1488	pocket0	0HO	PPA1488a_0HO	2,1,3-benzothiadiazole-5-carboxylic acid	-5.66
PPA1488	pocket12	ANP	PPA1488a_ANP	PHOSPHOAMINOPHOSPHONIC ACID-ADENYLATE ESTER	-5.35
PPA1489	pocket2	NAI	PPA1489a_NAI	1,4-DIHYDRONICOTINAMIDE ADENINE DINUCLEOTIDE	-6.79
PPA1489	pocket1	FAD	PPA1489a_FAD	FLAVIN-ADENINE DINUCLEOTIDE	-5.85
PPA1490	pocket6	NAD	PPA1490a_NAD	NICOTINAMIDE-ADENINE-DINUCLEOTIDE	-4.61
PPA1492	pocket1	FAD	PPA1492a_FAD	FLAVIN-ADENINE DINUCLEOTIDE	-5.88
PPA1492	pocket6	FAD	PPA1492a_FAD	FLAVIN-ADENINE DINUCLEOTIDE	-5.88
PPA1492	pocket2	NDP	PPA1492a_NDP	NADPH DIHYDRO-NICOTINAMIDE-ADENINE-DINUCLEOTIDE PHOSPHATE	-2.15
PPA1493	pocket2	GTP	PPA1493a_GTP	GUANOSINE-5'-TRIPHOSPHATE	-6.74
PPA1493	pocket19	FAD	PPA1493a_FAD	FLAVIN-ADENINE DINUCLEOTIDE	-6.68
PPA1493	pocket0	LFA	PPA1493a_LFA	EICOSANE	-4.32
PPA1493	pocket24	FMN	PPA1493a_FMN	FLAVIN MONONUCLEOTIDE	-3.26
PPA1493	pocket4	TMO	PPA1493a_TMO	trimethylamine oxide	-2.96
PPA1494	pocket0	DGT	PPA1494a_DGT	2'-DEOXYGUANOSINE-5'-TRIPHOSPHATE	-7.32
PPA1494	pocket5	FAD	PPA1494a_FAD	FLAVIN-ADENINE DINUCLEOTIDE	-6.7
PPA1494	pocket4	MYR	PPA1494a_MYR	MYRISTIC ACID	-5.71
PPA1494	pocket3	ACP	PPA1494a_ACP	PHOSPHOMETHYLPHOSPHONIC ACID ADENYLATE ESTER	-2.49
PPA1495	pocket3	THH	PPA1495a_THH	N-[4-({[(6S)-2-AMINO-4-HYDROXY-5-METHYL-5,6,7,8-TETRAHYDROPTERIDIN-6-YL]METHYL}AMINO)BENZOYL]-L-GLUTAMIC ACID	-7.04
PPA1496	pocket9	PLP	PPA1496a_PLP	PYRIDOXAL-5'-PHOSPHATE	-5.12
PPA1496	pocket5	NMX	PPA1496a_NMX	NITROMETHYLDETHIA COENZYME A	-1.24
PPA1496	pocket0	UNL	PPA1496a_UNL	Unknown ligand	Nil
PPA1497	pocket1	HEM	PPA1497a_HEM	PROTOPORPHYRIN IX CONTAINING FE	-5.39
PPA1497	pocket0	GLC	PPA1497a_GLC	alpha-D-glucopyranose	-4.99
PPA1497	pocket3	OLA	PPA1497a_OLA	OLEIC ACID	-2.85
PPA1497	pocket4	HEB	PPA1497a_HEB	HEME B/C	-0.26
PPA1498	pocket7	GTG	PPA1498a_GTG	7-METHYL-GUANOSINE-5'-TRIPHOSPHATE-5'-GUANOSINE	-4.73
PPA1498	pocket0	PC	PPA1498a_PC	PHOSPHOCHOLINE	-4.46
PPA1499	pocket0	5CA	PPA1499a_5CA	5'-O-(N-(L-CYSTEINYL)-SULFAMOYL)ADENOSINE	-10.08
PPA1499	pocket14	ANP	PPA1499a_ANP	PHOSPHOAMINOPHOSPHONIC ACID-ADENYLATE ESTER	-8.32
PPA1499	pocket3	LVV	PPA1499a_LVV	4-[(4-methylphenyl)methyl]-1,4-thiazinane 1,1-dioxide	-7.43
PPA1499	pocket8	243	PPA1499a_243	(9Z,11E,13S)-13-hydroxyoctadeca-9,11-dienoic acid	-6.42
PPA1500	pocket14	RZA	PPA1500a_RZA	6-[(3~{R},4~{S})-3,4-bis(oxidanyl)pyrrolidin-1-yl]-2-[(2~{S},3~{R})-2-methyl-3-oxidanyl-azetidin-1-yl]-4-(trifluoromethyl)pyridine-3-carbonitrile	-4.9
PPA1500	pocket0	HRS	PPA1500a_HRS	5-bromo-N-(4-nitrophenyl)thiophene-2-sulfonamide	Nil
PPA1501	pocket4	R78	PPA1501a_R78	4-{[(7R)-8-cyclopentyl-7-ethyl-5-methyl-6-oxo-5,6,7,8-tetrahydropteridin-2-yl]amino}-3-methoxy-N-(1-methylpiperidin-4-yl)benzamide	-7.92
PPA1502	pocket5	649	PPA1502a_649	5'-O-[(11-phenoxyundecanoyl)sulfamoyl]adenosine	-7.42
PPA1503	pocket0	PCI	PPA1503a_PCI	PENTACHLOROPHENOL	-5.95
PPA1503	pocket6	AQ3	PPA1503a_AQ3	N-({3-hydroxy-2-methyl-5-[(phosphonooxy)methyl]pyridin-4-yl}methyl)-3-[(2-hydroxyphenyl)amino]-D-alanine	-5.29
PPA1503	pocket1	XIZ	PPA1503a_XIZ	(E)-PYRIDIN-4-YL-ACRYLIC ACID	-5.27
PPA1503	pocket8	TXD	PPA1503a_TXD	1,4,5,6-TETRAHYDRONICOTINAMIDE ADENINE DINUCLEOTIDE	-3.76
PPA1503	pocket9	GTP	PPA1503a_GTP	GUANOSINE-5'-TRIPHOSPHATE	-2.99
PPA1504	pocket4	HEM	PPA1504a_HEM	PROTOPORPHYRIN IX CONTAINING FE	-5.52
PPA1504	pocket7	OLA	PPA1504a_OLA	OLEIC ACID	-3.09
PPA1504	pocket1	FES	PPA1504a_FES	FE2/S2 (INORGANIC) CLUSTER	-2.29
PPA1505	pocket3	NZW	PPA1505a_NZW	~{N}-[2-[(2~{S})-2-[[(1~{S})-1-(4-methoxyphenyl)ethyl]carbamoyl]pyrrolidin-1-yl]-2-oxidanylidene-ethyl]quinoline-2-carboxamide	-7
PPA1505	pocket2	JIL	PPA1505a_JIL	9-{5-S-[2-({[(3S)-7-nitro-1,2,3,4-tetrahydroisoquinolin-3-yl]methyl}amino)ethyl]-5-thio-alpha-L-lyxofuranosyl}-9H-purin-6-amine	-6.11
PPA1505	pocket0	93P	PPA1505a_93P	(3R,5S,9R,23S)-1-[(2R,3S,4R,5R)-5-(6-amino-9H-purin-9-yl)-4-hydroxy-3-(phosphonooxy)tetrahydrofuran-2-yl]-3,5,9-trihydroxy-8,8-dimethyl-10,14-dioxo-23-({[(phenylacetyl)amino]acetyl}amino)-2,4,6-trioxa-18-thia-11,15-diaza-3,5-diphosphatetracosan-24-oic acid 3,5-dioxide (non-preferred name)	Nil
PPA1506	pocket4	NAP	PPA1506a_NAP	NADP NICOTINAMIDE-ADENINE-DINUCLEOTIDE PHOSPHATE	-2.28
PPA1507	pocket3	FMN	PPA1507a_FMN	FLAVIN MONONUCLEOTIDE	-3.3
PPA1508	pocket6	FAD	PPA1508a_FAD	FLAVIN-ADENINE DINUCLEOTIDE	-3.44
PPA1509	pocket22	R18	PPA1509a_R18	(17BETA)-17-HYDROXY-17-METHYLESTRA-4,9,11-TRIEN-3-ONE	-6.68
PPA1509	pocket0	CDQ	PPA1509a_CDQ	6-[(5-chloro-2-oxo-2,3-dihydro-1H-indol-1-yl)methyl]-2,3-dihydro-1,4-benzodioxine-5-carboxylic acid	-6.58
PPA1509	pocket11	9EA	PPA1509a_9EA	7-(3-{[4-(4-acetylpiperazin-1-yl)phenoxy]methyl}-1,5-dimethyl-1H-pyrazol-4-yl)-3-{3-[(naphthalen-1-yl)oxy]propyl}-1-[(pyridin-3-yl)methyl]-1H-indole-2-carboxylic acid	-6.56
PPA1509	pocket9	4HY	PPA1509a_4HY	[4-(4-HYDROXY-3-IODO-PHENOXY)-3,5-DIIODO-PHENYL]-ACETIC ACID	-5.99
PPA1509	pocket5	DFW	PPA1509a_DFW	N-(5,6-DIPHENYLFURO[2,3-D]PYRIMIDIN-4-YL)GLYCINE	-5.82
PPA1509	pocket1	ISA	PPA1509a_ISA	3-(4-IODO-PHENYL)-2-MERCAPTO-PROPIONIC ACID	-4.9
PPA1509	pocket3	LH9	PPA1509a_LH9	[(2~{S})-2,3-bis(oxidanyl)propyl] heptadec-9-enoate	-4.57
PPA1509	pocket8	433	PPA1509a_433	2-(4-{3-[1-[2-(2-CHLORO-6-FLUORO-PHENYL)-ETHYL]-3-(2,3-DICHLORO-PHENYL)-UREIDO]-PROPYL}-PHENOXY)-2-METHYL-PROPIONIC ACID	-4.02
PPA1509	pocket2	17	PPA1509a_17	(3R,3AS,6AR)-HEXAHYDROFURO[2,3-B]FURAN-3-YL(1S,2R)-3-[[(4-AMINOPHENYL)SULFONYL](ISOBUTYL)AMINO]-1-BENZYL-2-HYDROXYPROPYLCARBAMATE	Nil
PPA1510	pocket0	FM6	PPA1510a_FM6	[(1S)-1-(3,4-dichlorophenyl)-3-[oxidanyl(phenylcarbonyl)amino]propyl]phosphonic acid	-8.73
PPA1510	pocket1	73Q	PPA1510a_73Q	6-CHLORO-9-HYDROXY-1,3-DIMETHYL-1,9-DIHYDRO-4H-PYRAZOLO[3,4-B]QUINOLIN-4-ONE	-6.17
PPA1510	pocket8	TDK	PPA1510a_TDK	3-[(4-AMINO-2-METHYLPYRIMIDIN-5-YL)METHYL]-2-{(1S)-1-HYDROXY-1-[(R)-HYDROXY(METHOXY)PHOSPHORYL]ETHYL}-5-(2-{[(S)-HYDROXY(PHOSPHONOOXY)PHOSPHORYL]OXY}ETHYL)-4-METHYL-1,3-THIAZOL-3-IUM	-5.12
PPA1510	pocket3	NDP	PPA1510a_NDP	NADPH DIHYDRO-NICOTINAMIDE-ADENINE-DINUCLEOTIDE PHOSPHATE	-3.67
PPA1510	pocket5	NDP	PPA1510a_NDP	NADPH DIHYDRO-NICOTINAMIDE-ADENINE-DINUCLEOTIDE PHOSPHATE	-3.67
PPA1511	pocket9	NAJ	PPA1511a_NAJ	NICOTINAMIDE-ADENINE-DINUCLEOTIDE (ACIDIC FORM)	-6.74
PPA1511	pocket0	ADE	PPA1511a_ADE	ADENINE	-4.02
PPA1512	pocket0	RP5	PPA1512a_RP5	5-O-phosphono-beta-D-ribofuranose	-5.34
PPA1513	pocket11	0X5	PPA1513a_0X5	2,6-dichloro-N-{2-[(cyclopropylcarbonyl)amino]pyridin-4-yl}benzamide	-6.75
PPA1513	pocket1	3HL	PPA1513a_3HL	(3S)-3-HYDROXYBUTANOIC ACID	-4.24
PPA1513	pocket8	NAD	PPA1513a_NAD	NICOTINAMIDE-ADENINE-DINUCLEOTIDE	-4.06
PPA1513	pocket3	PE4	PPA1513a_PE4	2-{2-[2-(2-{2-[2-(2-ETHOXY-ETHOXY)-ETHOXY]-ETHOXY}-ETHOXY)-ETHOXY]-ETHOXY}-ETHANOL	-3.06
PPA1514	pocket0	SAM	PPA1514a_SAM	S-ADENOSYLMETHIONINE	-6.08
PPA1514	pocket12	NAP	PPA1514a_NAP	NADP NICOTINAMIDE-ADENINE-DINUCLEOTIDE PHOSPHATE	-5.91
PPA1514	pocket2	HXX	PPA1514a_HXX	3,6-dichloro-2-hydroxybenzoic acid	-5.21
PPA1514	pocket5	VLB	PPA1514a_VLB	(2ALPHA,2'BETA,3BETA,4ALPHA,5BETA)-VINCALEUKOBLASTINE	1.58
PPA1515	pocket0	B08	PPA1515a_B08	(1-HYDROXY-1-PHOSPHONO-2-[1,1';3',1'']TERPHENYL-3-YL-ETHYL)-PHOSPHONIC ACID	-8.38
PPA1515	pocket1	ACD	PPA1515a_ACD	ARACHIDONIC ACID	-5.04
PPA1515	pocket2	AP5	PPA1515a_AP5	BIS(ADENOSINE)-5'-PENTAPHOSPHATE	-3.12
PPA1517	pocket0	ATP	PPA1517a_ATP	ADENOSINE-5'-TRIPHOSPHATE	-10.36
PPA1518	pocket0	PMS	PPA1518a_PMS	phenylmethanesulfonic acid	-5.13
PPA1519	pocket2	UDP	PPA1519a_UDP	URIDINE-5'-DIPHOSPHATE	-8.07
PPA1519	pocket0	ADP	PPA1519a_ADP	ADENOSINE-5'-DIPHOSPHATE	-7.44
PPA1520	pocket1	CLA	PPA1520a_CLA	CHLOROPHYLL A	-8.21
PPA1520	pocket0	ARC	PPA1520a_ARC	3,7,11,15-TETRAMETHYL-HEXADECAN-1-OL	-7.66
PPA1520	pocket2	NAD	PPA1520a_NAD	NICOTINAMIDE-ADENINE-DINUCLEOTIDE	-3.85
PPA1521	pocket1	0O2	PPA1521a_0O2	guanosine 5'-(tetrahydrogen triphosphate) 3'-(trihydrogen diphosphate)	-2.98
PPA1522	pocket4	OHT	PPA1522a_OHT	4-HYDROXYTAMOXIFEN	-6.81
PPA1523	pocket1	AHZ	PPA1523a_AHZ	ADENOSINE DIPHOSPHATE 5-(BETA-ETHYL)-4-METHYL-THIAZOLE-2-CARBOXYLIC ACID	-5.7
PPA1523	pocket2	NAD	PPA1523a_NAD	NICOTINAMIDE-ADENINE-DINUCLEOTIDE	-5.48
PPA1523	pocket3	NAD	PPA1523a_NAD	NICOTINAMIDE-ADENINE-DINUCLEOTIDE	-5.48
PPA1524	pocket2	ABV	PPA1524a_ABV	1,3-benzothiazol-2-amine	-4.5
PPA1524	pocket8	CNA	PPA1524a_CNA	CARBA-NICOTINAMIDE-ADENINE-DINUCLEOTIDE	-4.47
PPA1524	pocket5	03P	PPA1524a_03P	N-{2-[4-({3-chloro-4-[3-(trifluoromethyl)phenoxy]phenyl}amino)-5H-pyrrolo[3,2-d]pyrimidin-5-yl]ethyl}-3-hydroxy-3-methylbutanamide	-4.14
PPA1525	pocket0	Y13	PPA1525a_Y13	(2E)-3-(3,4-DIHYDROXYPHENYL)-N-[2-(4-HYDROXYPHENYL)ETHYL]ACRYLAMIDE	-9.27
PPA1525	pocket2	NAD	PPA1525a_NAD	NICOTINAMIDE-ADENINE-DINUCLEOTIDE	-3.51
PPA1526	pocket0	MTA	PPA1526a_MTA	5'-DEOXY-5'-METHYLTHIOADENOSINE	-6.24
PPA1527	pocket9	KIR	PPA1527a_KIR	KIRROMYCIN	-6.24
PPA1527	pocket0	ARC	PPA1527a_ARC	3,7,11,15-TETRAMETHYL-HEXADECAN-1-OL	-6.23
PPA1527	pocket1	PCI	PPA1527a_PCI	PENTACHLOROPHENOL	-4.97
PPA1527	pocket5	R16	PPA1527a_R16	HEXADECANE	-3.73
PPA1527	pocket2	NDP	PPA1527a_NDP	NADPH DIHYDRO-NICOTINAMIDE-ADENINE-DINUCLEOTIDE PHOSPHATE	-2.87
PPA1528	pocket2	4C8	PPA1528a_4C8	2,4-dibromophenyl 2,4,6-tribromophenyl ether	-5.29
PPA1529	pocket4	FAD	PPA1529a_FAD	FLAVIN-ADENINE DINUCLEOTIDE	-1.76
PPA1530	pocket5	ATP	PPA1530a_ATP	ADENOSINE-5'-TRIPHOSPHATE	-7.17
PPA1530	pocket3	FLY	PPA1530a_FLY	6-(2,4-difluorophenoxy)-8-methyl-2-[(1-methylethyl)amino]pyrido[2,3-d]pyrimidin-7(8H)-one	-7
PPA1530	pocket2	KIR	PPA1530a_KIR	KIRROMYCIN	-4.82
PPA1531	pocket2	HEM	PPA1531a_HEM	PROTOPORPHYRIN IX CONTAINING FE	-6.19
PPA1531	pocket5	HEM	PPA1531a_HEM	PROTOPORPHYRIN IX CONTAINING FE	-6.19
PPA1531	pocket8	244	PPA1531a_244	[5-HYDROXY-2-(4-HYDROXYPHENYL)-1-BENZOFURAN-7-YL]ACETONITRILE	-5.38
PPA1532	pocket0	0WD	PPA1532a_0WD	[[(2R,3S,4R,5R)-5-(3-aminocarbonyl-4H-pyridin-1-yl)-3,4-bis(oxidanyl)oxolan-2-yl]methoxy-oxidanyl-phosphoryl] [(2R,3S,4R,5R)-5-(6-aminopurin-9-yl)-4-oxidanyl-3-phosphonooxy-oxolan-2-yl]methyl hydrogen phosphate	-4.96
PPA1532	pocket2	FAD	PPA1532a_FAD	FLAVIN-ADENINE DINUCLEOTIDE	-3.23
PPA1532	pocket3	FAD	PPA1532a_FAD	FLAVIN-ADENINE DINUCLEOTIDE	-3.23
PPA1533	pocket0	NAD	PPA1533a_NAD	NICOTINAMIDE-ADENINE-DINUCLEOTIDE	-11.37
PPA1533	pocket3	F45	PPA1533a_F45	[6-(3,4-dihydroxyphenyl)pyridin-2-yl](4-fluoro-3-hydroxyphenyl)methanone	-8.27
PPA1533	pocket4	CW5	PPA1533a_CW5	1-[2-chloranyl-7-[(1~{S})-1-methoxyethyl]pyrazolo[1,5-a]pyrimidin-6-yl]-3-(5-chloranyl-6-pyrrolidin-1-ylcarbonyl-pyridin-3-yl)urea	-5.86
PPA1535	pocket4	GTP	PPA1535a_GTP	GUANOSINE-5'-TRIPHOSPHATE	-6.36
PPA1536	pocket0	SAH	PPA1536a_SAH	S-ADENOSYL-L-HOMOCYSTEINE	-7.05
PPA1536	pocket5	FES	PPA1536a_FES	FE2/S2 (INORGANIC) CLUSTER	-2.11
PPA1537	pocket0	FPP	PPA1537a_FPP	FARNESYL DIPHOSPHATE	-9.57
PPA1537	pocket11	NAP	PPA1537a_NAP	NADP NICOTINAMIDE-ADENINE-DINUCLEOTIDE PHOSPHATE	-9.25
PPA1538	pocket0	ATP	PPA1538a_ATP	ADENOSINE-5'-TRIPHOSPHATE	-8.77
PPA1538	pocket5	MS7	PPA1538a_MS7	O-benzyl-N-methyl-L-tyrosinamide	-8.01
PPA1538	pocket22	NAP	PPA1538a_NAP	NADP NICOTINAMIDE-ADENINE-DINUCLEOTIDE PHOSPHATE	-6.75
PPA1538	pocket1	ANP	PPA1538a_ANP	PHOSPHOAMINOPHOSPHONIC ACID-ADENYLATE ESTER	-5.77
PPA1538	pocket3	CIT	PPA1538a_CIT	CITRIC ACID	-3.44
PPA1539	pocket0	COT	PPA1539a_COT	COA-S-ACETYL TRYPTAMINE	Nil
PPA1543	pocket1	IH5	PPA1543a_IH5	{3,5-DICHLORO-4-[4-HYDROXY-3-(PROPAN-2-YL)PHENOXY]PHENYL}ACETIC ACID	-4.97
PPA1545	pocket11	OAN	PPA1545a_OAN	O-(2-ACETAMIDO-2-DEOXY D-GLUCOPYRANOSYLIDENE) AMINO-N-PHENYLCARBAMATE	-6.95
PPA1545	pocket0	PDA	PPA1545a_PDA	2-[(3-HYDROXY-2-METHYL-5-PHOSPHONOOXYMETHYL-PYRIDIN-4-YLMETHYL)-AMINO]-PROPIONIC ACID	-6.63
PPA1545	pocket12	FAD	PPA1545a_FAD	FLAVIN-ADENINE DINUCLEOTIDE	-6.56
PPA1545	pocket13	FAD	PPA1545a_FAD	FLAVIN-ADENINE DINUCLEOTIDE	-6.56
PPA1545	pocket3	FAD	PPA1545a_FAD	FLAVIN-ADENINE DINUCLEOTIDE	-6.56
PPA1545	pocket2	B29	PPA1545a_B29	[2-(3-DIBENZOFURAN-4-YL-PHENYL)-1-HYDROXY-1-PHOSPHONO-ETHYL]-PHOSPHONIC ACID	-4.85
PPA1545	pocket1	HEB	PPA1545a_HEB	HEME B/C	-0.25
PPA1546	pocket3	NDP	PPA1546a_NDP	NADPH DIHYDRO-NICOTINAMIDE-ADENINE-DINUCLEOTIDE PHOSPHATE	-4.81
PPA1546	pocket6	FAD	PPA1546a_FAD	FLAVIN-ADENINE DINUCLEOTIDE	-4.57
PPA1547	pocket0	N25	PPA1547a_N25	1,3-BIS-(4-METHOXY-BENZENESULFONYL)-5,5-DIMETHYL-HEXAHYDRO-PYRIMIDINE-2-CARBOXYLIC ACID HYDROXYAMIDE	-7.82
PPA1548	pocket0	KWA	PPA1548a_KWA	1-[5-(3,5-dichlorophenyl)furan-2-yl]-N-methylmethanamine	-7.92
PPA1548	pocket2	3NY	PPA1548a_3NY	5-nitro-1H-benzotriazole	-5.1
PPA1548	pocket3	FAD	PPA1548a_FAD	FLAVIN-ADENINE DINUCLEOTIDE	-3.43
PPA1548	pocket4	PGH	PPA1548a_PGH	PHOSPHOGLYCOLOHYDROXAMIC ACID	-2.69
PPA1548	pocket7	S2N	PPA1548a_S2N	S-[2-({N-[(2R)-2-hydroxy-4-{[(S)-hydroxy(methoxy)phosphoryl]oxy}-3,3-dimethylbutanoyl]-beta-alanyl}amino)ethyl] (3R)-3-hydroxydodecanethioate	-0.09
PPA1549	pocket8	NAI	PPA1549a_NAI	1,4-DIHYDRONICOTINAMIDE ADENINE DINUCLEOTIDE	-11.17
PPA1549	pocket18	0MY	PPA1549a_0MY	N-[4-(3-amino-1H-indazol-5-yl)phenyl]-3-chlorobenzenesulfonamide	-8.5
PPA1549	pocket17	SAM	PPA1549a_SAM	S-ADENOSYLMETHIONINE	-6.29
PPA1549	pocket3	XBZ	PPA1549a_XBZ	1,2,4-trimethylbenzene	-4.71
PPA1549	pocket7	S2N	PPA1549a_S2N	S-[2-({N-[(2R)-2-hydroxy-4-{[(S)-hydroxy(methoxy)phosphoryl]oxy}-3,3-dimethylbutanoyl]-beta-alanyl}amino)ethyl] (3R)-3-hydroxydodecanethioate	-4.47
PPA1549	pocket13	FMN	PPA1549a_FMN	FLAVIN MONONUCLEOTIDE	-4.18
PPA1550	pocket0	TH2	PPA1550a_TH2	TESTOSTERONE HEMISUCCINATE	-7.98
PPA1552	pocket2	MBN	PPA1552a_MBN	TOLUENE	-4.28
PPA1552	pocket4	ACP	PPA1552a_ACP	PHOSPHOMETHYLPHOSPHONIC ACID ADENYLATE ESTER	-4.01
PPA1552	pocket12	1PE	PPA1552a_1PE	PENTAETHYLENE GLYCOL	0.5
PPA1553	pocket7	2N5	PPA1553a_2N5	2-(4-fluorophenyl)-N-methyl-6-[(methylsulfonyl)amino]-5-(propan-2-yloxy)-1-benzofuran-3-carboxamide	-6.96
PPA1553	pocket2	HEM	PPA1553a_HEM	PROTOPORPHYRIN IX CONTAINING FE	-6.4
PPA1553	pocket11	NAP	PPA1553a_NAP	NADP NICOTINAMIDE-ADENINE-DINUCLEOTIDE PHOSPHATE	-6.37
PPA1553	pocket13	FAD	PPA1553a_FAD	FLAVIN-ADENINE DINUCLEOTIDE	-5.67
PPA1553	pocket4	FAD	PPA1553a_FAD	FLAVIN-ADENINE DINUCLEOTIDE	-5.67
PPA1553	pocket10	FMN	PPA1553a_FMN	FLAVIN MONONUCLEOTIDE	-3.89
PPA1554	pocket3	FPS	PPA1554a_FPS	S-[(2E,6E)-3,7,11-TRIMETHYLDODECA-2,6,10-TRIENYL] TRIHYDROGEN THIODIPHOSPHATE	-8.62
PPA1554	pocket8	HEM	PPA1554a_HEM	PROTOPORPHYRIN IX CONTAINING FE	-8.06
PPA1554	pocket0	MS7	PPA1554a_MS7	O-benzyl-N-methyl-L-tyrosinamide	-7.1
PPA1554	pocket7	FAD	PPA1554a_FAD	FLAVIN-ADENINE DINUCLEOTIDE	-2.58
PPA1555	pocket4	PLP	PPA1555a_PLP	PYRIDOXAL-5'-PHOSPHATE	-5.53
PPA1555	pocket2	P1T	PPA1555a_P1T	2-[({3-HYDROXY-2-METHYL-5-[(PHOSPHONOOXY)METHYL]PYRIDIN-4-YL}METHYL)AMINO]ACRYLIC ACID	-4.84
PPA1555	pocket0	UNL	PPA1555a_UNL	Unknown ligand	Nil
PPA1556	pocket9	X0R	PPA1556a_X0R	(R)-3-(4-BROMOBENZYLTHIO)-2-(3-(3-((2,4-DIFLUOROPHENYL)ETHYNYL)BENZOYL)-3-PROPYLUREIDO)PROPANOIC ACID	-8.45
PPA1556	pocket29	NAP	PPA1556a_NAP	NADP NICOTINAMIDE-ADENINE-DINUCLEOTIDE PHOSPHATE	-5.72
PPA1556	pocket10	PLM	PPA1556a_PLM	PALMITIC ACID	-5.23
PPA1556	pocket0	ORN	PPA1556a_ORN	L-ornithine	-4.69
PPA1556	pocket27	PCW	PPA1556a_PCW	1,2-DIOLEOYL-SN-GLYCERO-3-PHOSPHOCHOLINE	-1.91
PPA1557	pocket1	0YY	PPA1557a_0YY	(2Z)-2-hydroxy-4-[4-(octyloxy)phenyl]-4-oxobut-2-enoic acid	-6.11
PPA1557	pocket3	SQU	PPA1557a_SQU	2,10,23-TRIMETHYL-TETRACOSANE	-5.74
PPA1557	pocket11	AMZ	PPA1557a_AMZ	AMINOIMIDAZOLE 4-CARBOXAMIDE RIBONUCLEOTIDE	-5.64
PPA1557	pocket5	ATP	PPA1557a_ATP	ADENOSINE-5'-TRIPHOSPHATE	-5.02
PPA1558	pocket5	BLA	PPA1558a_BLA	BILIVERDINE IX ALPHA	-6.67
PPA1558	pocket1	FAE	PPA1558a_FAE	FLAVIN-N7 PROTONATED-ADENINE DINUCLEOTIDE	-4.05
PPA1558	pocket0	PEE	PPA1558a_PEE	1,2-dioleoyl-sn-glycero-3-phosphoethanolamine	-2.77
PPA1558	pocket3	GLC	PPA1558a_GLC	alpha-D-glucopyranose	-2.77
PPA1558	pocket7	HEB	PPA1558a_HEB	HEME B/C	-0.25
PPA1558	pocket6	IBC	PPA1558a_IBC	3-(3-HYDROXY-7,8-DIHYDRO-6H-CYCLOHEPTA[D]ISOXAZOL-4-YL)-L-ALANINE	Nil
PPA1559	pocket1	6FZ	PPA1559a_6FZ	2,3-dihydro-1H-indene-2-carboxylic acid	-6.01
PPA1559	pocket0	VLB	PPA1559a_VLB	(2ALPHA,2'BETA,3BETA,4ALPHA,5BETA)-VINCALEUKOBLASTINE	93.62
PPA1560	pocket0	J58	PPA1560a_J58	3-bromanyl-2~{H}-indazol-5-amine	-6.6
PPA1560	pocket9	XME	PPA1560a_XME	4-[(6-CHLORO-2-NAPHTHALENYL)SULFONYL]-1-[[4-HYDROXYIMINOMETHYL-1-(4-PYRIDINYL)-4-PIPERIDINYL]METHYL]PIPERAZINONE	-5.95
PPA1560	pocket4	LZ1	PPA1560a_LZ1	1H-indazole	-5.37
PPA1560	pocket7	DAN	PPA1560a_DAN	2-DEOXY-2,3-DEHYDRO-N-ACETYL-NEURAMINIC ACID	-5.04
PPA1560	pocket10	BTX	PPA1560a_BTX	((2R,3S,4R,5R)-5-(6-AMINO-9H-PURIN-9-YL)-3,4-DIHYDROXY-TETRAHYDROFURAN-2-YL)METHYL 5-((3AS,4S,6AR)-2-OXO-HEXAHYDRO-1H-THIENO[3,4-D]IMIDAZOL-4-YL)PENTYL HYDROGEN PHOSPHATE	-4.72
PPA1560	pocket6	FAD	PPA1560a_FAD	FLAVIN-ADENINE DINUCLEOTIDE	-2.32
PPA1561	pocket1	SQU	PPA1561a_SQU	2,10,23-TRIMETHYL-TETRACOSANE	-9.24
PPA1561	pocket3	DCA	PPA1561a_DCA	DESULFO-COENZYME A	-4.17
PPA1561	pocket6	NHE	PPA1561a_NHE	2-[N-CYCLOHEXYLAMINO]ETHANE SULFONIC ACID	Nil
PPA1563	pocket0	NAP	PPA1563a_NAP	NADP NICOTINAMIDE-ADENINE-DINUCLEOTIDE PHOSPHATE	-7.28
PPA1563	pocket1	NAD	PPA1563a_NAD	NICOTINAMIDE-ADENINE-DINUCLEOTIDE	-7.18
PPA1563	pocket15	SAM	PPA1563a_SAM	S-ADENOSYLMETHIONINE	-7.13
PPA1563	pocket2	K6X	PPA1563a_K6X	3,4,5,6,7-pentabromo-1H-indazole	-6.73
PPA1563	pocket16	BDD	PPA1563a_BDD	BROMO-DODECANOL	-6.14
PPA1563	pocket19	ATP	PPA1563a_ATP	ADENOSINE-5'-TRIPHOSPHATE	-1.35
PPA1564	pocket3	MBN	PPA1564a_MBN	TOLUENE	-3.5
PPA1564	pocket0	P33	PPA1564a_P33	3,6,9,12,15,18-HEXAOXAICOSANE-1,20-DIOL	-0.4
PPA1565	pocket0	CIT	PPA1565a_CIT	CITRIC ACID	-7.02
PPA1566	pocket1	ACD	PPA1566a_ACD	ARACHIDONIC ACID	-6.6
PPA1566	pocket0	MYS	PPA1566a_MYS	PENTADECANE	-5.47
PPA1567	pocket1	0WC	PPA1567a_0WC	(2R)-4-[1-(2-amino-5-chloropyrimidin-4-yl)-2,3-dihydro-1H-indol-6-yl]-2-(1,3-thiazol-2-yl)but-3-yn-2-ol	-6.47
PPA1567	pocket5	APR	PPA1567a_APR	ADENOSINE-5-DIPHOSPHORIBOSE	-4.27
PPA1567	pocket2	NDP	PPA1567a_NDP	NADPH DIHYDRO-NICOTINAMIDE-ADENINE-DINUCLEOTIDE PHOSPHATE	-3.35
PPA1568	pocket0	ME8	PPA1568a_ME8	[[(2R,3S,4R,5R)-5-(6-aminopurin-9-yl)-3,4-dihydroxy-oxolan-2-yl]methoxy-hydroxy-phosphoryl](2S)-2-azanyl-4-methylsulfanyl-butanoate	-8.98
PPA1568	pocket2	36K	PPA1568a_36K	1-(1-ethylbenzimidazol-2-yl)-3-(2-methoxyphenyl)urea	-7.56
PPA1568	pocket10	GNP	PPA1568a_GNP	PHOSPHOAMINOPHOSPHONIC ACID-GUANYLATE ESTER	-5.36
PPA1568	pocket1	NCA	PPA1568a_NCA	NICOTINAMIDE	-5.01
PPA1568	pocket4	G7J	PPA1568a_G7J	5-hydroxy-1,2-dihydro-6H-indol-6-one	-4.55
PPA1568	pocket20	LAP	PPA1568a_LAP	[2-((1-OXODODECANOXY-(2-HYDROXY-3-PROPANYL))-PHOSPHONATE-OXY)-ETHYL]-TRIMETHYLAMMONIUM	-4.51
PPA1568	pocket5	FAD	PPA1568a_FAD	FLAVIN-ADENINE DINUCLEOTIDE	-3.62
PPA1568	pocket6	FAD	PPA1568a_FAD	FLAVIN-ADENINE DINUCLEOTIDE	-3.62
PPA1568	pocket3	A2H	PPA1568a_A2H	4-Chloro-3-aminomethyl-7-[ethoxy]-3H-benzo[C][1,2]oxaborol-1-ol modified adenosine	Nil
PPA1570	pocket8	FLF	PPA1570a_FLF	2-[[3-(TRIFLUOROMETHYL)PHENYL]AMINO] BENZOIC ACID	-5.51
PPA1570	pocket11	FAD	PPA1570a_FAD	FLAVIN-ADENINE DINUCLEOTIDE	-4.95
PPA1570	pocket32	FAD	PPA1570a_FAD	FLAVIN-ADENINE DINUCLEOTIDE	-4.95
PPA1570	pocket4	GLC	PPA1570a_GLC	alpha-D-glucopyranose	-4.68
PPA1570	pocket17	AP0	PPA1570a_AP0	ACETYL PYRIDINE ADENINE DINUCLEOTIDE, REDUCED	-4.07
PPA1570	pocket19	IPA	PPA1570a_IPA	ISOPROPYL ALCOHOL	-3.24
PPA1570	pocket1	BTB	PPA1570a_BTB	2-[BIS-(2-HYDROXY-ETHYL)-AMINO]-2-HYDROXYMETHYL-PROPANE-1,3-DIOL	-2.75
PPA1571	pocket0	ADP	PPA1571a_ADP	ADENOSINE-5'-DIPHOSPHATE	-10.61
PPA1571	pocket4	NAD	PPA1571a_NAD	NICOTINAMIDE-ADENINE-DINUCLEOTIDE	-5.47
PPA1572	pocket1	FAD	PPA1572a_FAD	FLAVIN-ADENINE DINUCLEOTIDE	-2.84
PPA1573	pocket1	5C2	PPA1573a_5C2	1-(propan-2-yl)-N-{[2-(thiophen-2-yl)-1,3-oxazol-4-yl]methyl}-1H-pyrazolo[3,4-b]pyridine-5-carboxamide	-9.1
PPA1573	pocket0	BYZ	PPA1573a_BYZ	4-bromo-1H-pyrazole	-4.05
PPA1574	pocket1	SQU	PPA1574a_SQU	2,10,23-TRIMETHYL-TETRACOSANE	-9.03
PPA1574	pocket0	TBX	PPA1574a_TBX	(3~{S})-1-(4-chlorophenyl)-4,4-dimethyl-3-(1,2,4-triazol-1-ylmethyl)pentan-3-ol	-6.49
PPA1574	pocket2	NP5	PPA1574a_NP5	(5E)-12-CHLORO-13,15-DIHYDROXY-4,7,8,9-TETRAHYDRO-2-BENZOXACYCLOTRIDECINE-1,10(3H,11H)-DIONE	-6.39
PPA1574	pocket3	GER	PPA1574a_GER	GERAN-8-YL GERAN	-4.5
PPA1575	pocket1	CLA	PPA1575a_CLA	CHLOROPHYLL A	-6.84
PPA1575	pocket4	MCN	PPA1575a_MCN	PTERIN CYTOSINE DINUCLEOTIDE	-5.83
PPA1575	pocket3	HEM	PPA1575a_HEM	PROTOPORPHYRIN IX CONTAINING FE	-4.53
PPA1575	pocket5	2BA	PPA1575a_2BA	(2R,3R,3aS,5R,7aR,9R,10R,10aS,12R,14aR)-2,9-bis(6-amino-9H-purin-9-yl)octahydro-2H,7H-difuro[3,2-d:3',2'-j][1,3,7,9,2,8]tetraoxadiphosphacyclododecine-3,5,10,12-tetrol 5,12-dioxide	-3.42
PPA1577	pocket4	MUI	PPA1577a_MUI	(5S)-3-(4-ACETYLPHENYL)-N-[(1S,2R)-1-BENZYL-2-HYDROXY-3-{ISOBUTYL[(4-METHOXYPHENYL)SULFONYL]AMINO}PROPYL]-2-OXO-1,3-OXAZOLIDINE-5-CARBOXAMIDE	-12.08
PPA1577	pocket37	9MX	PPA1577a_9MX	(R)-1-[(S)-3-[((S)-1-Carbamimidoyl-piperidin-3-ylmethyl)-carbamoyl]-2-(naphthalene-2-sulfonylamino)-propionyl]-4-methyl-piperidine-2-carboxylic acid	-9.95
PPA1577	pocket2	ANP	PPA1577a_ANP	PHOSPHOAMINOPHOSPHONIC ACID-ADENYLATE ESTER	-9.55
PPA1577	pocket0	DMU	PPA1577a_DMU	DECYL-BETA-D-MALTOPYRANOSIDE	-7.74
PPA1577	pocket40	FAD	PPA1577a_FAD	FLAVIN-ADENINE DINUCLEOTIDE	-5.47
PPA1577	pocket7	MF5	PPA1577a_MF5	1-(1-methylpyridin-1-ium-2-yl)-N-[[2,3,4,5,6-pentakis(fluoranyl)phenyl]methoxy]methanimine	-5.14
PPA1577	pocket1	OC9	PPA1577a_OC9	OCTAN-1-OL	-4.65
PPA1578	pocket4	UC1	PPA1578a_UC1	2-METHYL-FURAN-3-CARBOTHIOIC ACID [4-CHLORO-3-(3-METHYL-BUT-2-ENYLOXY)-PHENYL]-AMIDE	-6.31
PPA1578	pocket1	5F9	PPA1578a_5F9	Arachinoyl-CoA	-0.87
PPA1578	pocket8	BLM	PPA1578a_BLM	BLEOMYCIN A2	4.29
PPA1585	pocket5	NAQ	PPA1585a_NAQ	NICOTINAMIDE ADENINE DINUCLEOTIDE 3-PENTANONE ADDUCT	-5.59
PPA1585	pocket4	FAD	PPA1585a_FAD	FLAVIN-ADENINE DINUCLEOTIDE	-2.75
PPA1586	pocket0	SAM	PPA1586a_SAM	S-ADENOSYLMETHIONINE	-7.83
PPA1586	pocket10	FAD	PPA1586a_FAD	FLAVIN-ADENINE DINUCLEOTIDE	-4.05
PPA1587	pocket7	SAM	PPA1587a_SAM	S-ADENOSYLMETHIONINE	-7.16
PPA1587	pocket2	NAD	PPA1587a_NAD	NICOTINAMIDE-ADENINE-DINUCLEOTIDE	-6.6
PPA1587	pocket9	GSP	PPA1587a_GSP	5'-GUANOSINE-DIPHOSPHATE-MONOTHIOPHOSPHATE	-4.45
PPA1591	pocket3	OL8	PPA1591a_OL8	~{N}-[3-[2,5-bis(oxidanylidene)pyrrol-1-yl]phenyl]furan-2-carboxamide	-7.86
PPA1591	pocket18	HEM	PPA1591a_HEM	PROTOPORPHYRIN IX CONTAINING FE	-5.66
PPA1591	pocket0	PXN	PPA1591a_PXN	(2S)-1-[3-{[(2R)-2-hydroxypropyl]oxy}-2,2-bis({[(2R)-2-hydroxypropyl]oxy}methyl)propoxy]propan-2-ol	-1.35
PPA1593	pocket3	NAD	PPA1593a_NAD	NICOTINAMIDE-ADENINE-DINUCLEOTIDE	-5.56
PPA1594	pocket5	UDP	PPA1594a_UDP	URIDINE-5'-DIPHOSPHATE	-5.81
PPA1594	pocket1	S6T	PPA1594a_S6T	pretilachlor	-5.3
PPA1594	pocket2	LZ1	PPA1594a_LZ1	1H-indazole	-4.93
PPA1594	pocket7	FAE	PPA1594a_FAE	FLAVIN-N7 PROTONATED-ADENINE DINUCLEOTIDE	-4.03
PPA1594	pocket0	MEV	PPA1594a_MEV	(R)-MEVALONATE	-2.76
PPA1595	pocket0	NDP	PPA1595a_NDP	NADPH DIHYDRO-NICOTINAMIDE-ADENINE-DINUCLEOTIDE PHOSPHATE	-3.23
PPA1596	pocket0	0FW	PPA1596a_0FW	4-{3-[(biphenyl-4-ylcarbonyl)amino]phenoxy}benzene-1,2-dicarboxylic acid	-8.69
PPA1596	pocket1	D44	PPA1596a_D44	N-(2-ethylphenyl)-2-(3H-imidazo[4,5-b]pyridin-2-ylsulfanyl)acetamide	-7.13
PPA1596	pocket3	PYJ	PPA1596a_PYJ	PHENYLETHANE	-3.62
PPA1596	pocket15	B70	PPA1596a_B70	tripotassium (1R)-4-biphenyl-4-yl-1-phosphonatobutane-1-sulfonate	-3.44
PPA1597	pocket0	TR5	PPA1597a_TR5	5-methyl-1-(5-O-phosphono-beta-D-ribofuranosyl)-1,5-dihydro-1,4,5,6,8-pentaazaacenaphthylen-3-amine	-8.39
PPA1598	pocket1	MON	PPA1598a_MON	4-(2-{[4-{[3-(4-CHLOROPHENYL)PROPYL]SULFANYL}-6-(1-PIPERAZINYL)-1,3,5-TRIAZIN-2-YL]AMINO}ETHYL)PHENOL	-7.84
PPA1598	pocket4	FMN	PPA1598a_FMN	FLAVIN MONONUCLEOTIDE	-5.61
PPA1598	pocket2	7X2	PPA1598a_7X2	N'-(5-CHLORO-1,3-BENZODIOXOL-4-YL)-N-(3,4,5- TRIMETHOXYPHENYL)PYRIMIDINE-2,4-DIAMINE	-5.07
PPA1599	pocket0	9D7	PPA1599a_9D7	[4-(15-phenylporphyrin-5-yl-kappa~4~N~21~,N~22~,N~23~,N~24~)benzoato(2-)]zinc	-4.78
PPA1603	pocket2	AM5	PPA1603a_AM5	4-methyl-N~3~-(2-{[4-(4-methylpiperazin-1-yl)phenyl]amino}pyrimidin-5-yl)-N~1~-[3-(trifluoromethyl)phenyl]benzene-1,3-dicarboxamide	-6.86
PPA1603	pocket4	5GA	PPA1603a_5GA	4-(3-chloro-4-fluorophenyl)-5-(1,5-naphthyridin-2-yl)-1,3-thiazol-2-amine	-5.23
PPA1604	pocket4	NAD	PPA1604a_NAD	NICOTINAMIDE-ADENINE-DINUCLEOTIDE	-6.91
PPA1604	pocket1	P18	PPA1604a_P18	3-hydroxy-1-phenylpropan-1-one	-6.09
PPA1604	pocket0	OLC	PPA1604a_OLC	(2R)-2,3-dihydroxypropyl (9Z)-octadec-9-enoate	-4.92
PPA1604	pocket6	FAD	PPA1604a_FAD	FLAVIN-ADENINE DINUCLEOTIDE	-2.9
PPA1607	pocket3	HEM	PPA1607a_HEM	PROTOPORPHYRIN IX CONTAINING FE	-5.74
PPA1608	pocket2	SAM	PPA1608a_SAM	S-ADENOSYLMETHIONINE	-6.15
PPA1609	pocket0	ATP	PPA1609a_ATP	ADENOSINE-5'-TRIPHOSPHATE	-5.38
PPA1609	pocket14	NAQ	PPA1609a_NAQ	NICOTINAMIDE ADENINE DINUCLEOTIDE 3-PENTANONE ADDUCT	-4.82
PPA1609	pocket10	ADP	PPA1609a_ADP	ADENOSINE-5'-DIPHOSPHATE	-4.54
PPA1609	pocket1	QCV	PPA1609a_QCV	N-(4-nitrophenyl)methanimine	-3.9
PPA1611	pocket0	SAM	PPA1611a_SAM	S-ADENOSYLMETHIONINE	-8.75
PPA1611	pocket21	DGX	PPA1611a_DGX	DIGOXIN	-7.43
PPA1611	pocket1	GDP	PPA1611a_GDP	GUANOSINE-5'-DIPHOSPHATE	-3.77
PPA1612	pocket1	ADP	PPA1612a_ADP	ADENOSINE-5'-DIPHOSPHATE	-9.38
PPA1612	pocket10	ARC	PPA1612a_ARC	3,7,11,15-TETRAMETHYL-HEXADECAN-1-OL	-6.21
PPA1613	pocket5	FAD	PPA1613a_FAD	FLAVIN-ADENINE DINUCLEOTIDE	-6.94
PPA1613	pocket6	FAD	PPA1613a_FAD	FLAVIN-ADENINE DINUCLEOTIDE	-6.94
PPA1613	pocket8	ADP	PPA1613a_ADP	ADENOSINE-5'-DIPHOSPHATE	-6.47
PPA1613	pocket7	NDP	PPA1613a_NDP	NADPH DIHYDRO-NICOTINAMIDE-ADENINE-DINUCLEOTIDE PHOSPHATE	-6.36
PPA1613	pocket0	DUR	PPA1613a_DUR	2'-DEOXYURIDINE	-4.98
PPA1614	pocket1	W3V	PPA1614a_W3V	1-carbamoylpiperidine-4-carboxylic acid	-5.93
PPA1614	pocket8	1MO	PPA1614a_1MO	(2S,5R,6S)-2-benzyl-5,6-bis(4-chlorophenyl)-4-methylmorpholin-3-one	-5.38
PPA1616	pocket0	ANP	PPA1616a_ANP	PHOSPHOAMINOPHOSPHONIC ACID-ADENYLATE ESTER	-11.08
PPA1616	pocket28	SAM	PPA1616a_SAM	S-ADENOSYLMETHIONINE	-6.39
PPA1616	pocket24	SFG	PPA1616a_SFG	SINEFUNGIN	-6.1
PPA1618	pocket4	FAD	PPA1618a_FAD	FLAVIN-ADENINE DINUCLEOTIDE	-5.38
PPA1620	pocket1	GD7	PPA1620a_GD7	(1R)-1,2,2-TRIMETHYLPROPYL (R)-METHYLPHOSPHINATE	-6.9
PPA1621	pocket3	XAH	PPA1621a_XAH	5'-O-{(R)-hydroxy[(L-lysylamino)oxy]phosphoryl}adenosine	-11.08
PPA1621	pocket15	FAD	PPA1621a_FAD	FLAVIN-ADENINE DINUCLEOTIDE	-3.89
PPA1621	pocket11	FLC	PPA1621a_FLC	CITRATE ANION	-2.67
PPA1622	pocket2	FUA	PPA1622a_FUA	FUSIDIC ACID	-6.43
PPA1623	pocket0	RD2	PPA1623a_RD2	[(6-hydroxynaphthalen-2-yl)methylene]bis(phosphonic acid)	-8.97
PPA1623	pocket8	SIX	PPA1623a_SIX	2-{5-[(3S,4R)-3-{[(2H-1,3-benzodioxol-5-yl)oxy]methyl}piperidin-4-yl]-2-fluorophenyl}-N-[2-(1H-pyrazol-4-yl)ethyl]acetamide	-7.89
PPA1623	pocket6	NAD	PPA1623a_NAD	NICOTINAMIDE-ADENINE-DINUCLEOTIDE	-3.19
PPA1624	pocket3	ATP	PPA1624a_ATP	ADENOSINE-5'-TRIPHOSPHATE	-6.3
PPA1624	pocket2	RES	PPA1624a_RES	4-PHOSPHO-D-ERYTHRONOHYDROXAMIC ACID	-2.37
PPA1625	pocket2	ACO	PPA1625a_ACO	ACETYL COENZYME *A	-11.81
PPA1625	pocket5	2XG	PPA1625a_2XG	3,4-difluorobenzenethiol	-4.71
PPA1625	pocket14	NAP	PPA1625a_NAP	NADP NICOTINAMIDE-ADENINE-DINUCLEOTIDE PHOSPHATE	-1.47
PPA1625	pocket4	UNL	PPA1625a_UNL	Unknown ligand	Nil
PPA1626	pocket0	3B9	PPA1626a_3B9	N-[2-(2,4-diaminopyrido[2,3-d]pyrimidin-7-yl)-2-methylpropyl]-4-phenoxybenzamide	-10.63
PPA1626	pocket7	44K	PPA1626a_44K	N-({[(1R,3S)-3-(6-amino-9H-purin-9-yl)cyclopentyl]methyl}sulfamoyl)-5-[(3aS,4S,6aR)-2-oxohexahydro-1H-thieno[3,4-d]imidazol-4-yl]pentanamide	-9.25
PPA1626	pocket11	NAI	PPA1626a_NAI	1,4-DIHYDRONICOTINAMIDE ADENINE DINUCLEOTIDE	-6.13
PPA1626	pocket12	BB2	PPA1626a_BB2	ACTINONIN	-3.95
PPA1626	pocket1	LMG	PPA1626a_LMG	1,2-DISTEAROYL-MONOGALACTOSYL-DIGLYCERIDE	-3.15
PPA1627	pocket1	BES	PPA1627a_BES	2-(3-AMINO-2-HYDROXY-4-PHENYL-BUTYRYLAMINO)-4-METHYL-PENTANOIC ACID	-8.72
PPA1627	pocket0	UAH	PPA1627a_UAH	(5-hydroxy-6-methylpyridin-3-yl)methyl dihydrogen phosphate	-4.48
PPA1627	pocket22	1PE	PPA1627a_1PE	PENTAETHYLENE GLYCOL	-0.62
PPA1629	pocket5	NAP	PPA1629a_NAP	NADP NICOTINAMIDE-ADENINE-DINUCLEOTIDE PHOSPHATE	-9.33
PPA1629	pocket6	NDP	PPA1629a_NDP	NADPH DIHYDRO-NICOTINAMIDE-ADENINE-DINUCLEOTIDE PHOSPHATE	-8.14
PPA1629	pocket2	571	PPA1629a_571	5-[(2R)-2-hydroxy-2-phenylacetyl]-3-({[4-(4-methylpiperazin-1-yl)phenyl]carbonyl}amino)-1,6-dihydropyrrolo[3,4-c]pyrazol-5-ium 	-7.03
PPA1629	pocket7	NAD	PPA1629a_NAD	NICOTINAMIDE-ADENINE-DINUCLEOTIDE	-6.03
PPA1629	pocket8	2CH	PPA1629a_2CH	2-CHLOROPHENOL	-3.97
PPA1629	pocket10	FAD	PPA1629a_FAD	FLAVIN-ADENINE DINUCLEOTIDE	-2.86
PPA1629	pocket0	MEV	PPA1629a_MEV	(R)-MEVALONATE	-2.84
PPA1630	pocket15	O6G	PPA1630a_O6G	N-(2-cyano-3-methyl-1H-indol-5-yl)butane-1-sulfonamide	-6.63
PPA1630	pocket16	FAD	PPA1630a_FAD	FLAVIN-ADENINE DINUCLEOTIDE	-3.28
PPA1630	pocket8	FAD	PPA1630a_FAD	FLAVIN-ADENINE DINUCLEOTIDE	-3.28
PPA1630	pocket0	PRU	PPA1630a_PRU	(3R,5R,7R)-octane-1,3,5,7-tetracarboxylic acid	-1.94
PPA1631	pocket16	NAD	PPA1631a_NAD	NICOTINAMIDE-ADENINE-DINUCLEOTIDE	-8.71
PPA1631	pocket0	COA	PPA1631a_COA	COENZYME A	-8.24
PPA1631	pocket1	COA	PPA1631a_COA	COENZYME A	-8.24
PPA1631	pocket12	FAD	PPA1631a_FAD	FLAVIN-ADENINE DINUCLEOTIDE	-6.65
PPA1631	pocket6	FAD	PPA1631a_FAD	FLAVIN-ADENINE DINUCLEOTIDE	-6.65
PPA1631	pocket2	CIT	PPA1631a_CIT	CITRIC ACID	-4.92
PPA1632	pocket0	M24	PPA1632a_M24	5'-O-[(R)-[({3-[5-(2-fluorophenyl)-1,2,4-oxadiazol-3-yl]phenyl}carbonyl)oxy](hydroxy)phosphoryl]adenosine	-12.27
PPA1632	pocket8	STI	PPA1632a_STI	4-(4-METHYL-PIPERAZIN-1-YLMETHYL)-N-[4-METHYL-3-(4-PYRIDIN-3-YL-PYRIMIDIN-2-YLAMINO)-PHENYL]-BENZAMIDE	-8.57
PPA1632	pocket7	NDP	PPA1632a_NDP	NADPH DIHYDRO-NICOTINAMIDE-ADENINE-DINUCLEOTIDE PHOSPHATE	-8.33
PPA1632	pocket6	ANP	PPA1632a_ANP	PHOSPHOAMINOPHOSPHONIC ACID-ADENYLATE ESTER	-6.8
PPA1632	pocket1	PEL	PPA1632a_PEL	2-PHENYL-ETHANOL	-5.22
PPA1632	pocket3	GYP	PPA1632a_GYP	methyl alpha-D-glucopyranoside	-5
PPA1632	pocket14	FWD	PPA1632a_FWD	2-AMINO-3-(5-FLUORO-2,4-DIOXO-3,4-DIHYDRO-2H-PYRIMIDIN-1-YL)-PROPIONIC ACID	-3.74
PPA1632	pocket2	EPH	PPA1632a_EPH	L-ALPHA-PHOSPHATIDYL-BETA-OLEOYL-GAMMA-PALMITOYL-PHOSPHATIDYLETHANOLAMINE	-3.6
PPA1633	pocket1	HEA	PPA1633a_HEA	HEME-A	-6.4
PPA1633	pocket2	HGF	PPA1633a_HGF	2-[5-(2-methoxyethoxy)pyridin-3-yl]-8,9,10,11-tetrahydro-7H-pyrido[3',4':4,5]pyrrolo[2,3-f]isoquinolin-7-one	-6.33
PPA1633	pocket0	PMK	PPA1633a_PMK	(4R,8S,16S,20R)-4,8,12,16,20-pentamethylheptacosyl dihydrogen phosphate	-5.4
PPA1634	pocket1	FAD	PPA1634a_FAD	FLAVIN-ADENINE DINUCLEOTIDE	-10.84
PPA1634	pocket13	HEM	PPA1634a_HEM	PROTOPORPHYRIN IX CONTAINING FE	-7.65
PPA1634	pocket0	SF4	PPA1634a_SF4	IRON/SULFUR CLUSTER	-3.16
PPA1634	pocket3	C2E	PPA1634a_C2E	9,9'-[(2R,3R,3aS,5S,7aR,9R,10R,10aS,12S,14aR)-3,5,10,12-tetrahydroxy-5,12-dioxidooctahydro-2H,7H-difuro[3,2-d:3',2'-j][1,3,7,9,2,8]tetraoxadiphosphacyclododecine-2,9-diyl]bis(2-amino-1,9-dihydro-6H-purin-6-one)	-2.53
PPA1635	pocket3	Z90	PPA1635a_Z90	4-({(4-carboxybutyl)[2-(2-{[4-(2-phenylethyl)benzyl]oxy}phenyl)ethyl]amino}methyl)benzoic acid	-9.47
PPA1635	pocket0	ARC	PPA1635a_ARC	3,7,11,15-TETRAMETHYL-HEXADECAN-1-OL	-7.52
PPA1636	pocket18	03P	PPA1636a_03P	N-{2-[4-({3-chloro-4-[3-(trifluoromethyl)phenoxy]phenyl}amino)-5H-pyrrolo[3,2-d]pyrimidin-5-yl]ethyl}-3-hydroxy-3-methylbutanamide	-6.99
PPA1636	pocket15	4HY	PPA1636a_4HY	[4-(4-HYDROXY-3-IODO-PHENOXY)-3,5-DIIODO-PHENYL]-ACETIC ACID	-6.27
PPA1636	pocket0	HC4	PPA1636a_HC4	4'-HYDROXYCINNAMIC ACID	-5.57
PPA1636	pocket21	1PE	PPA1636a_1PE	PENTAETHYLENE GLYCOL	-3.5
PPA1636	pocket3	FES	PPA1636a_FES	FE2/S2 (INORGANIC) CLUSTER	-2.61
PPA1636	pocket22	FAD	PPA1636a_FAD	FLAVIN-ADENINE DINUCLEOTIDE	7.77
PPA1637	pocket1	BQM	PPA1637a_BQM	3-({4-[(1E)-3-morpholin-4-yl-3-oxoprop-1-en-1-yl]-2,3-bis(trifluoromethyl)phenyl}sulfanyl)aniline	-6.34
PPA1637	pocket2	GDP	PPA1637a_GDP	GUANOSINE-5'-DIPHOSPHATE	-5.74
PPA1637	pocket3	N0B	PPA1637a_N0B	Adenylated Norbornene	-4.69
PPA1638	pocket0	ARC	PPA1638a_ARC	3,7,11,15-TETRAMETHYL-HEXADECAN-1-OL	-5.82
PPA1638	pocket3	OLC	PPA1638a_OLC	(2R)-2,3-dihydroxypropyl (9Z)-octadec-9-enoate	-5.01
PPA1638	pocket14	NDP	PPA1638a_NDP	NADPH DIHYDRO-NICOTINAMIDE-ADENINE-DINUCLEOTIDE PHOSPHATE	-4.76
PPA1638	pocket13	2NC	PPA1638a_2NC	N-{(2S)-2-[(N-acetyl-L-threonyl-L-isoleucyl)amino]hexyl}-L-norleucyl-L-glutaminyl-N~5~-[amino(iminio)methyl]-L-ornithinamide	-3.89
PPA1639	pocket1	1MY	PPA1639a_1MY	{(2S,5R,6S)-6-(3-chlorophenyl)-5-(4-chlorophenyl)-4-[(2S)-1-hydroxybutan-2-yl]-3-oxomorpholin-2-yl}acetic acid	-9.07
PPA1639	pocket2	TTP	PPA1639a_TTP	THYMIDINE-5'-TRIPHOSPHATE	-9.04
PPA1639	pocket18	SAH	PPA1639a_SAH	S-ADENOSYL-L-HOMOCYSTEINE	-6.88
PPA1639	pocket15	ADP	PPA1639a_ADP	ADENOSINE-5'-DIPHOSPHATE	-5.61
PPA1640	pocket15	HEM	PPA1640a_HEM	PROTOPORPHYRIN IX CONTAINING FE	-8.9
PPA1640	pocket0	1MQ	PPA1640a_1MQ	(2R,3E)-2-[(2S,3R,6S)-2,3-bis(4-chlorophenyl)-6-(4-fluorobenzyl)-5-oxomorpholin-4-yl]pent-3-enoic acid	-7.9
PPA1640	pocket8	NAI	PPA1640a_NAI	1,4-DIHYDRONICOTINAMIDE ADENINE DINUCLEOTIDE	-5.17
PPA1640	pocket2	4R0	PPA1640a_4R0	3-amino-5-[(4-chloro-3-methylphenyl)amino]-N-(propan-2-yl)-1H-1,2,4-triazole-1-carboxamide	-4.69
PPA1641	pocket0	TES	PPA1641a_TES	TESTOSTERONE	-8.92
PPA1641	pocket1	QWM	PPA1641a_QWM	N~2~,N~4~-bis[(1R)-1-cyclopropylethyl]-6-[6-(trifluoromethyl)pyridin-2-yl]-1,3,5-triazine-2,4-diamine	-8.39
PPA1641	pocket6	DHB	PPA1641a_DHB	3,4-DIHYDROXYBENZOIC ACID	-4.49
PPA1642	pocket0	TMP	PPA1642a_TMP	THYMIDINE-5'-PHOSPHATE	-6.62
PPA1643	pocket0	0R0	PPA1643a_0R0	2-hydroxybenzonitrile	-4.85
PPA1643	pocket11	MBN	PPA1643a_MBN	TOLUENE	-3.76
PPA1644	pocket14	NAD	PPA1644a_NAD	NICOTINAMIDE-ADENINE-DINUCLEOTIDE	-6.23
PPA1644	pocket1	ANP	PPA1644a_ANP	PHOSPHOAMINOPHOSPHONIC ACID-ADENYLATE ESTER	-6.22
PPA1644	pocket0	POY	PPA1644a_POY	3-methyl-1-(5-oxohexyl)-7-propyl-3,7-dihydro-1H-purine-2,6-dione	-6.08
PPA1644	pocket5	UWB	PPA1644a_UWB	3-(7-ethoxynaphthalen-2-yl)-1-(piperidin-4-ylmethyl)-1H-pyrazolo[3,4-d]pyrimidin-4-amine	-5.67
PPA1644	pocket8	TXP	PPA1644a_TXP	1,4,5,6-TETRAHYDRONICOTINAMIDE ADENINE DINUCLEOTIDE PHOSPHATE	-5.66
PPA1645	pocket1	LF9	PPA1645a_LF9	(2S)-tert-butoxy[6-(5-chloro-1H-benzimidazol-2-yl)-2,5-dimethyl-4-phenylpyridin-3-yl]ethanoic acid	-7.27
PPA1645	pocket0	8MP	PPA1645a_8MP	N-[(3S,4R,5R,6S)-4,5,6-trihydroxyazepan-3-yl]butanamide	-7.11
PPA1645	pocket9	AWA	PPA1645a_AWA	(6~{R})-6-(4-methoxyphenyl)-2-oxidanylidene-5,6-dihydro-1~{H}-pyrimidine-4-carboxylic acid	-5.7
PPA1645	pocket10	APR	PPA1645a_APR	ADENOSINE-5-DIPHOSPHORIBOSE	-5.67
PPA1645	pocket2	RFP	PPA1645a_RFP	RIFAMPICIN	-4.22
PPA1650	pocket27	RYU	PPA1650a_RYU	(2E,3S)-3-HYDROXY-5'-[(4-HYDROXYPIPERIDIN-1-YL)SULFONYL]-3-METHYL-1,3-DIHYDRO-2,3'-BIINDOL-2'(1'H)-ONE	-8.49
PPA1650	pocket0	DUD	PPA1650a_DUD	DEOXYURIDINE-5'-DIPHOSPHATE	-5.3
PPA1650	pocket5	ADP	PPA1650a_ADP	ADENOSINE-5'-DIPHOSPHATE	-4.56
PPA1650	pocket36	FMN	PPA1650a_FMN	FLAVIN MONONUCLEOTIDE	-4.09
PPA1651	pocket19	LIC	PPA1651a_LIC	3-(2-CHLOROBENZYL)-1-(2-{[(1S)-2-HYDROXY-1,2-DIMETHYLPROPYL]AMINO}PYRIMIDIN-4-YL)-1-(4-METHOXYPHENYL)UREA	-6.9
PPA1651	pocket1	0YY	PPA1651a_0YY	(2Z)-2-hydroxy-4-[4-(octyloxy)phenyl]-4-oxobut-2-enoic acid	-6.52
PPA1652	pocket5	NAD	PPA1652a_NAD	NICOTINAMIDE-ADENINE-DINUCLEOTIDE	-6.57
PPA1652	pocket6	HEM	PPA1652a_HEM	PROTOPORPHYRIN IX CONTAINING FE	-5.83
PPA1652	pocket3	FAD	PPA1652a_FAD	FLAVIN-ADENINE DINUCLEOTIDE	-4.03
PPA1653	pocket0	ADP	PPA1653a_ADP	ADENOSINE-5'-DIPHOSPHATE	-10.86
PPA1653	pocket11	FDA	PPA1653a_FDA	DIHYDROFLAVINE-ADENINE DINUCLEOTIDE	-6.59
PPA1653	pocket3	BDF	PPA1653a_BDF	beta-D-fructopyranose	-4.29
PPA1654	pocket6	NDP	PPA1654a_NDP	NADPH DIHYDRO-NICOTINAMIDE-ADENINE-DINUCLEOTIDE PHOSPHATE	-8.39
PPA1654	pocket0	MTX	PPA1654a_MTX	METHOTREXATE	-5.07
PPA1654	pocket2	ANP	PPA1654a_ANP	PHOSPHOAMINOPHOSPHONIC ACID-ADENYLATE ESTER	-4.97
PPA1654	pocket4	PPE	PPA1654a_PPE	4-[(1,3-DICARBOXY-PROPYLAMINO)-METHYL]-3-HYDROXY-2-METHYL-5-PHOSPHONOOXYMETHYL-PYRIDINIUM	-4.82
PPA1657	pocket1	HEM	PPA1657a_HEM	PROTOPORPHYRIN IX CONTAINING FE	-10.16
PPA1657	pocket5	N50	PPA1657a_N50	2-[(2,6-dimethoxy-5-methylpyrimidin-4-yl)methylidene]propane-1,3-diol	-3.79
PPA1657	pocket6	8EJ	PPA1657a_8EJ	6-methylpyridine-3-carboxamide	Nil
PPA1658	pocket7	PLS	PPA1658a_PLS	[3-HYDROXY-2-METHYL-5-PHOSPHONOOXYMETHYL-PYRIDIN-4-YLMETHYL]-SERINE	-2.58
PPA1661	pocket0	HEM	PPA1661a_HEM	PROTOPORPHYRIN IX CONTAINING FE	-5.64
PPA1661	pocket2	SF4	PPA1661a_SF4	IRON/SULFUR CLUSTER	-2.93
PPA1662	pocket3	FAD	PPA1662a_FAD	FLAVIN-ADENINE DINUCLEOTIDE	-6.72
PPA1662	pocket5	FMN	PPA1662a_FMN	FLAVIN MONONUCLEOTIDE	-5.14
PPA1662	pocket6	KT3	PPA1662a_KT3	N-{4-4-(2,4-DIAMINO-6-OXO-1,6-DIHYDRO-PYRIMIDIN-5-YL)-1-(2,2,2-TRIFLUORO-1,1-DIHYDROXY-ETHYL)-BUT-2-YL-BENZOYL}-GAMMA-GLUTAMYL-GAMMA-GLUTAMYL-GLUTAMIC ACID	Nil
PPA1663	pocket0	FPP	PPA1663a_FPP	FARNESYL DIPHOSPHATE	-9.36
PPA1663	pocket4	HDW	PPA1663a_HDW	(2~{S})-6-[2-(2-hydroxyethylsulfanyl)ethanoylamino]-2-[2-[2-[2-[[(4~{R})-5-oxidanyl-5-oxidanylidene-4-[[(4~{S})-5-oxidanyl-5-oxidanylidene-4-[2-[2-[2-[4-[16-(2~{H}-1,2,3,4-tetrazol-5-yl) hexadecanoylsulfamoyl]butanoylamino]ethoxy]ethoxy]ethanoylamino]pentanoyl]amino]pentanoyl]amino]ethoxy]ethoxy]ethanoylamino]hexanoic acid	Nil
PPA1665	pocket4	GTP	PPA1665a_GTP	GUANOSINE-5'-TRIPHOSPHATE	-5.51
PPA1668	pocket4	NAI	PPA1668a_NAI	1,4-DIHYDRONICOTINAMIDE ADENINE DINUCLEOTIDE	-5.23
PPA1669	pocket1	FPP	PPA1669a_FPP	FARNESYL DIPHOSPHATE	-9.93
PPA1669	pocket3	MPO	PPA1669a_MPO	3[N-MORPHOLINO]PROPANE SULFONIC ACID	-6.25
PPA1669	pocket16	B7N	PPA1669a_B7N	(1R)-2-{[(S)-hydroxy{[(1S,2R,3R,4S,5S,6R)-2,3,4,5,6-pentahydroxycyclohexyl]oxy}phosphoryl]oxy}-1-[(octadecanoyloxy)methyl]ethyl (9Z)-octadec-9-enoate	-2.42
PPA1669	pocket0	TFA	PPA1669a_TFA	trifluoroacetic acid	-2.23
PPA1669	pocket12	FES	PPA1669a_FES	FE2/S2 (INORGANIC) CLUSTER	-1.88
PPA1670	pocket16	DCP	PPA1670a_DCP	2'-DEOXYCYTIDINE-5'-TRIPHOSPHATE	-5.98
PPA1670	pocket13	SAH	PPA1670a_SAH	S-ADENOSYL-L-HOMOCYSTEINE	-4.63
PPA1670	pocket0	LMZ	PPA1670a_LMZ	5-NITROSO-6-RIBITYL-AMINO-2,4(1H,3H)-PYRIMIDINEDIONE	-4.19
PPA1670	pocket5	0QS	PPA1670a_0QS	N~2~-[(2R)-2-benzyl-3-(tert-butylsulfonyl)propanoyl]-N-{(1R)-1-(cyclohexylmethyl)-3,3-difluoro-2,2-dihydroxy-4-[(2-morpholin-4-ylethyl)amino]-4-oxobutyl}-3-(1H-imidazol-3-ium-4-yl)-L-alaninamide	-3.52
PPA1671	pocket0	1DG	PPA1671a_1DG	(4R)-ISONICOTINIC-ACETYL-NICOTINAMIDE-ADENINE DINUCLEOTIDE	-9.61
PPA1671	pocket3	ADP	PPA1671a_ADP	ADENOSINE-5'-DIPHOSPHATE	-8.03
PPA1671	pocket2	HAM	PPA1671a_HAM	HISTIDYL-ADENOSINE MONOPHOSPHATE	-4.09
PPA1671	pocket1	FAD	PPA1671a_FAD	FLAVIN-ADENINE DINUCLEOTIDE	-3.72
PPA1672	pocket0	CF9	PPA1672a_CF9	2-oxo-2H-naphtho[1,8-bc]furan-6-yl 4-nitrobenzoate	-9.38
PPA1672	pocket1	UNL	PPA1672a_UNL	Unknown ligand	Nil
PPA1673	pocket0	ITT	PPA1673a_ITT	INOSINE 5'-TRIPHOSPHATE	-7.77
PPA1673	pocket7	BLR	PPA1673a_BLR	3-[5-[(Z)-(4-ethenyl-3-methyl-5-oxidanylidene-pyrrol-2-ylidene)methyl]-2-[[5-[(Z)-(3-ethenyl-4-methyl-5-oxidanylidene-pyrrol-2-ylidene)methyl]-3-(3-hydroxy-3-oxopropyl)-4-methyl-1H-pyrrol-2-yl] methyl]-4-methyl-1H-pyrrol-3-yl]propanoic acid	-5.69
PPA1673	pocket3	RFL	PPA1673a_RFL	8-DEMETHYL-8-DIMETHYLAMINO-FLAVIN-ADENINE-DINUCLEOTIDE	-4.42
PPA1673	pocket4	D21	PPA1673a_D21	(2R)-1-(hexadecanoyloxy)-3-(phosphonooxy)propan-2-yl (9Z)-octadec-9-enoate	0.58
PPA1674	pocket2	PPV	PPA1674a_PPV	PYROPHOSPHATE	-5.59
PPA1674	pocket5	ACO	PPA1674a_ACO	ACETYL COENZYME *A	-4.38
PPA1674	pocket1	BRT	PPA1674a_BRT	5-BROMONICOTINAMIDE	-4.28
PPA1675	pocket0	DGL	PPA1675a_DGL	D-GLUTAMIC ACID	-6.86
PPA1675	pocket7	FAD	PPA1675a_FAD	FLAVIN-ADENINE DINUCLEOTIDE	-4.07
PPA1677	pocket0	TTP	PPA1677a_TTP	THYMIDINE-5'-TRIPHOSPHATE	-8.43
PPA1677	pocket10	D32	PPA1677a_D32	(2,3-dimethyl-4-{[2-(prop-2-yn-1-yloxy)-4-{[4-(trifluoromethyl)phenoxy]methyl}phenyl]sulfanyl}phenoxy)acetic acid	-7.34
PPA1677	pocket5	GDP	PPA1677a_GDP	GUANOSINE-5'-DIPHOSPHATE	-6.37
PPA1677	pocket3	TOP	PPA1677a_TOP	TRIMETHOPRIM	-5.81
PPA1677	pocket2	2XG	PPA1677a_2XG	3,4-difluorobenzenethiol	-4.12
PPA1677	pocket1	ABU	PPA1677a_ABU	GAMMA-AMINO-BUTANOIC ACID	-2.82
PPA1677	pocket6	COA	PPA1677a_COA	COENZYME A	-1.42
PPA1678	pocket3	BZT	PPA1678a_BZT	3-(3-BROMO-4-PYRROLIDIN-1-YLMETHYL-BENZYL)-2-[4-PYRROLIDIN-1-YL-ETHOXY)-PHENYL]-BENZO[B]THIOPHEN-6-OL	-8.33
PPA1678	pocket1	FAD	PPA1678a_FAD	FLAVIN-ADENINE DINUCLEOTIDE	-6.61
PPA1678	pocket2	ANP	PPA1678a_ANP	PHOSPHOAMINOPHOSPHONIC ACID-ADENYLATE ESTER	-5.06
PPA1680	pocket2	SAM	PPA1680a_SAM	S-ADENOSYLMETHIONINE	-5.35
PPA1681	pocket1	NCN	PPA1681a_NCN	NICOTINATE MONONUCLEOTIDE	-8.15
PPA1681	pocket14	NDP	PPA1681a_NDP	NADPH DIHYDRO-NICOTINAMIDE-ADENINE-DINUCLEOTIDE PHOSPHATE	-6.64
PPA1681	pocket9	PPE	PPA1681a_PPE	4-[(1,3-DICARBOXY-PROPYLAMINO)-METHYL]-3-HYDROXY-2-METHYL-5-PHOSPHONOOXYMETHYL-PYRIDINIUM	-5
PPA1681	pocket0	NEU	PPA1681a_NEU	L-NEOPTERIN	-4.97
PPA1681	pocket6	ADP	PPA1681a_ADP	ADENOSINE-5'-DIPHOSPHATE	-4.74
PPA1681	pocket4	NMN	PPA1681a_NMN	BETA-NICOTINAMIDE RIBOSE MONOPHOSPHATE	-3.91
PPA1681	pocket12	YOL	PPA1681a_YOL	[[2,2'-[4-CARBOXY-1,2-PHENYLENEBIS(NITRILOMETHYLIDYNE)]BIS[PHENOLATO]](2-)-N,N',O,O']-IRON	-0.25
PPA1681	pocket10	GGM	PPA1681a_GGM	3'-O-(N-methylanthraniloyl)-beta:gamma-imidoguanosine-5'-triphosphate	Nil
PPA1682	pocket0	E64	PPA1682a_E64	N-[N-[1-HYDROXYCARBOXYETHYL-CARBONYL]LEUCYLAMINO-BUTYL]-GUANIDINE	-6.45
PPA1682	pocket2	IMH	PPA1682a_IMH	1,4-DIDEOXY-4-AZA-1-(S)-(9-DEAZAHYPOXANTHIN-9-YL)-D-RIBITOL	-3.41
PPA1683	pocket0	7SA	PPA1683a_7SA	ACARBOSE DERIVED HEPTASACCHARIDE	-7.88
PPA1683	pocket21	FAD	PPA1683a_FAD	FLAVIN-ADENINE DINUCLEOTIDE	-7.6
PPA1683	pocket7	FAD	PPA1683a_FAD	FLAVIN-ADENINE DINUCLEOTIDE	-7.6
PPA1683	pocket10	LFG	PPA1683a_LFG	N-cycloheptyl-5-cyclopropyl-1,3,4-oxadiazol-2-amine	-6.34
PPA1684	pocket3	8XP	PPA1684a_8XP	5-[3-(tert-butylcarbamoyl)phenyl]-2-(4-fluorophenyl)-N-methyl-1-benzofuran-3-carboxamide	-7.86
PPA1684	pocket7	POD	PPA1684a_POD	9-HYDROXY-5-(3,4,5-TRIMETHOXYPHENYL)-5,8,8A,9-TETRAHYDROFURO[3',4':6,7]NAPHTHO[2,3-D][1,3]DIOXOL-6(5AH)-ONE	-5.43
PPA1684	pocket2	SAM	PPA1684a_SAM	S-ADENOSYLMETHIONINE	-4.83
PPA1684	pocket5	0DY	PPA1684a_0DY	N~1~-(3-aminobenzyl)-N~2~-[(2R)-2-(hydroxycarbamoyl)-4-methylpentanoyl]-L-aspartamide	-4.48
PPA1686	pocket0	3DQ	PPA1686a_3DQ	(1R,2S,4S,5R)-2-(4-methoxyphenyl)methyl-1,4,5-trihydroxy-3-oxocyclohexane-1-carboxylic acid	-7.71
PPA1687	pocket9	UDP	PPA1687a_UDP	URIDINE-5'-DIPHOSPHATE	-5.79
PPA1688	pocket0	9HD	PPA1688a_9HD	1-[(3R,5S,7R)-1,5,7,9-tetrakis(2-oxopyrrolidin-1-yl)nonan-3-yl]-1,3-dihydro-2H-pyrrol-2-one	-7.59
PPA1688	pocket10	01G	PPA1688a_01G	8-morpholin-4-ylguanosine 5'-(tetrahydrogen triphosphate)	-4.03
PPA1688	pocket7	NAP	PPA1688a_NAP	NADP NICOTINAMIDE-ADENINE-DINUCLEOTIDE PHOSPHATE	-2.76
PPA1688	pocket15	5RP	PPA1688a_5RP	RIBULOSE-5-PHOSPHATE	-1.1
PPA1691	pocket2	56V	PPA1691a_56V	(3R)-2,3-dihydro[1,3]thiazolo[3,2-a]benzimidazol-3-ol	-6
PPA1691	pocket0	SAM	PPA1691a_SAM	S-ADENOSYLMETHIONINE	-5.34
PPA1692	pocket9	919	PPA1692a_919	4-[4-({[3-tert-butyl-1-(quinolin-6-yl)-1H-pyrazol-5-yl]carbamoyl}amino)-3-fluorophenoxy]-N-methylpyridine-2-carboxamide	-7.53
PPA1692	pocket13	ELB	PPA1692a_ELB	4-(4-azanyl-2-oxidanylidene-3~{H}-benzimidazol-1-yl)-~{N}-(4-iodophenyl)piperidine-1-carboxamide	-6.2
PPA1692	pocket15	NCN	PPA1692a_NCN	NICOTINATE MONONUCLEOTIDE	-5.62
PPA1692	pocket7	COB	PPA1692a_COB	CO-METHYLCOBALAMIN	Nil
PPA1693	pocket2	3WE	PPA1693a_3WE	(2E,3aR,14aS)-9-bromo-2-imino-1,2,3,5,6,14a-hexahydro-4H,8H-imidazo[4',5':5,6]pyrrolo[1',2':4,5]pyrazino[1,2-a]indol-8-one	-7.8
PPA1693	pocket5	UDP	PPA1693a_UDP	URIDINE-5'-DIPHOSPHATE	-6.74
PPA1693	pocket7	8IG	PPA1693a_8IG	8-IODO-GUANINE	-6.31
PPA1693	pocket4	MBN	PPA1693a_MBN	TOLUENE	-4.65
PPA1693	pocket1	ANL	PPA1693a_ANL	ANILINE	-3.73
PPA1694	pocket0	SF4	PPA1694a_SF4	IRON/SULFUR CLUSTER	-4.37
PPA1696	pocket0	GNH	PPA1696a_GNH	AMINOPHOSPHONIC ACID-GUANYLATE ESTER	-8.72
PPA1696	pocket4	HEM	PPA1696a_HEM	PROTOPORPHYRIN IX CONTAINING FE	-3.82
PPA1696	pocket2	GDD	PPA1696a_GDD	GUANOSINE-5'-DIPHOSPHATE-ALPHA-D-MANNOSE	Nil
PPA1697	pocket0	TLA	PPA1697a_TLA	L(+)-TARTARIC ACID	-2.86
PPA1697	pocket1	NAD	PPA1697a_NAD	NICOTINAMIDE-ADENINE-DINUCLEOTIDE	6.52
PPA1698	pocket2	VB4	PPA1698a_VB4	(E)-N-({3-hydroxy-2-methyl-5-[(phosphonooxy)methyl]pyridin-4-yl}methylidene)-D-tryptophan	-8.24
PPA1698	pocket0	GDP	PPA1698a_GDP	GUANOSINE-5'-DIPHOSPHATE	-7.26
PPA1699	pocket2	CLA	PPA1699a_CLA	CHLOROPHYLL A	-11.19
PPA1699	pocket10	JXD	PPA1699a_JXD	2-(acetylamino)-4-O-[2-(acetylamino)-2-deoxy-beta-D-mannopyranosyl]-2-deoxy-1-O-[(S)-{[(R)-{[(2Z,6Z,10Z,14E,18E)-3,7,11,15,19,23-hexamethyltetracosa-2,6,10,14,18,22-hexaen-1-yl]oxy (hydroxy)phosphoryl]oxy}(hydroxy)phosphoryl]-alpha-D-glucopyranose	-6.99
PPA1699	pocket5	SYJ	PPA1699a_SYJ	2-fluoranyl-~{N}-(furan-2-ylmethyl)benzenesulfonamide	-5.7
PPA1699	pocket1	OYA	PPA1699a_OYA	OCTANAL	-3.98
PPA1700	pocket13	DVL	PPA1700a_DVL	3-(1,3-benzothiazol-2-yl)-2-[[4-[(2~{S},3~{R},4~{S},5~{R},6~{R})-6-(hydroxymethyl)-3,4,5-tris(oxidanyl)oxan-2-yl]oxyphenyl]methoxy]-5-methyl-benzaldehyde	-9.23
PPA1700	pocket5	1RV	PPA1700a_1RV	2-{[(1H-1,2,4-triazol-5-ylsulfanyl)acetyl]amino}thiophene-3-carboxamide	-8.41
PPA1700	pocket4	BRB	PPA1700a_BRB	PARA-BROMOBENZYL ALCOHOL	-4.41
PPA1700	pocket36	BCA	PPA1700a_BCA	4-HYDROXYBENZOYL COENZYME A	-3.81
PPA1700	pocket1	FES	PPA1700a_FES	FE2/S2 (INORGANIC) CLUSTER	-2.45
PPA1700	pocket28	LMR	PPA1700a_LMR	(2S)-2-hydroxybutanedioic acid	-1.85
PPA1700	pocket14	1PE	PPA1700a_1PE	PENTAETHYLENE GLYCOL	-1.81
PPA1701	pocket0	NAI	PPA1701a_NAI	1,4-DIHYDRONICOTINAMIDE ADENINE DINUCLEOTIDE	-6.24
PPA1701	pocket8	NAP	PPA1701a_NAP	NADP NICOTINAMIDE-ADENINE-DINUCLEOTIDE PHOSPHATE	-4.18
PPA1702	pocket0	ATP	PPA1702a_ATP	ADENOSINE-5'-TRIPHOSPHATE	-5.8
PPA1703	pocket1	FLF	PPA1703a_FLF	2-[[3-(TRIFLUOROMETHYL)PHENYL]AMINO] BENZOIC ACID	-7.15
PPA1703	pocket0	CLA	PPA1703a_CLA	CHLOROPHYLL A	-4.76
PPA1703	pocket8	BTX	PPA1703a_BTX	((2R,3S,4R,5R)-5-(6-AMINO-9H-PURIN-9-YL)-3,4-DIHYDROXY-TETRAHYDROFURAN-2-YL)METHYL 5-((3AS,4S,6AR)-2-OXO-HEXAHYDRO-1H-THIENO[3,4-D]IMIDAZOL-4-YL)PENTYL HYDROGEN PHOSPHATE	-4.31
PPA1703	pocket7	4C9	PPA1703a_4C9	(2S)-2-({(3R)-3-[4-amino-3-(4-phenoxyphenyl)-1H-pyrazolo[3,4-d]pyrimidin-1-yl]piperidin-1-yl}carbonyl)-4,4-dimethylpentanenitrile	-3.21
PPA1704	pocket0	UAY	PPA1704a_UAY	7-imino-2-phenylthieno[3,2-c]pyridine-4,6(5H,7H)-dione	-8
PPA1704	pocket1	TCL	PPA1704a_TCL	TRICLOSAN	-7.96
PPA1704	pocket2	BUJ	PPA1704a_BUJ	(3R)-3-(hexadecanoylamino)-4-(trimethylammonio)butanoate	-4
PPA1704	pocket5	FAD	PPA1704a_FAD	FLAVIN-ADENINE DINUCLEOTIDE	-2.1
PPA1705	pocket0	BT5	PPA1705a_BT5	BIOTINYL-5-AMP	-13.75
PPA1705	pocket4	ATP	PPA1705a_ATP	ADENOSINE-5'-TRIPHOSPHATE	-7.17
PPA1705	pocket7	FAD	PPA1705a_FAD	FLAVIN-ADENINE DINUCLEOTIDE	-4.31
PPA1707	pocket0	299	PPA1707a_299	2,6-DIFORMYL-4-METHYLPHENYL DIHYDROGEN PHOSPHATE	-4
PPA1707	pocket17	AR6	PPA1707a_AR6	[(2R,3S,4R,5R)-5-(6-AMINOPURIN-9-YL)-3,4-DIHYDROXY-OXOLAN-2-YL]METHYL-[HYDROXY-[[(2R,3S,4R,5S)-3,4,5-TRIHYDROXYOXOLAN-2-YL]METHOXY]PHOSPHORYL] HYDROGEN PHOSPHATE	-2.77
PPA1709	pocket1	FA9	PPA1709a_FA9	[(2R,3S,4R,5R)-5-(6-amino-9H-purin-9-yl)-3,4-dihydroxytetrahydrofuran-2-yl]methyl (2R,3S,4S)-5-[(3R,3aS,7aR)-10,11-dimethyl-1,4,6-trioxo-3-phenyl-2,3,5,6,7,7a-hexahydro-1H-benzo[g]pyrrolo[2,1-e]pteridin-8(4H)-yl]-2,3,4-trihydroxypentyl dihydrogen diphosphate	-7.95
PPA1710	pocket1	CXE	PPA1710a_CXE	PENTAETHYLENE GLYCOL MONODECYL ETHER	-4.41
PPA1710	pocket2	CUY	PPA1710a_CUY	tetracosyl octadecanoate	-3.91
PPA1711	pocket0	NAP	PPA1711a_NAP	NADP NICOTINAMIDE-ADENINE-DINUCLEOTIDE PHOSPHATE	-10.65
PPA1711	pocket4	LA3	PPA1711a_LA3	(2R)-2-[4-(1,3-benzodioxol-5-yl)benzyl]-N~4~-hydroxy-N~1~-[(1S,2R)-2-hydroxy-2,3-dihydro-1H-inden-1-yl]butanediamide	-7.96
PPA1711	pocket7	ANP	PPA1711a_ANP	PHOSPHOAMINOPHOSPHONIC ACID-ADENYLATE ESTER	-6.62
PPA1711	pocket1	CIT	PPA1711a_CIT	CITRIC ACID	-5.29
PPA1712	pocket0	ADP	PPA1712a_ADP	ADENOSINE-5'-DIPHOSPHATE	-6.12
PPA1712	pocket10	FAD	PPA1712a_FAD	FLAVIN-ADENINE DINUCLEOTIDE	-4.32
PPA1712	pocket6	FAD	PPA1712a_FAD	FLAVIN-ADENINE DINUCLEOTIDE	-4.32
PPA1712	pocket8	FAD	PPA1712a_FAD	FLAVIN-ADENINE DINUCLEOTIDE	-4.32
PPA1712	pocket9	FAD	PPA1712a_FAD	FLAVIN-ADENINE DINUCLEOTIDE	-4.32
PPA1716	pocket7	6UL	PPA1716a_6UL	TETRACOSYL PALMITATE	-3.9
PPA1716	pocket4	ACO	PPA1716a_ACO	ACETYL COENZYME *A	-1.51
PPA1716	pocket3	ANP	PPA1716a_ANP	PHOSPHOAMINOPHOSPHONIC ACID-ADENYLATE ESTER	-0.04
PPA1717	pocket2	FAD	PPA1717a_FAD	FLAVIN-ADENINE DINUCLEOTIDE	-7.5
PPA1719	pocket0	JZL	PPA1719a_JZL	7-amino-2-[(2-chlorobenzyl)amino]-1-{[(1S,2S)-2-hydroxycycloheptyl]methyl}-1H-benzimidazole-5-carboxamide	-10.02
PPA1719	pocket8	2OH	PPA1719a_2OH	4,4'-PROPANE-2,2-DIYLDIPHENOL	-6.32
PPA1720	pocket0	GCP	PPA1720a_GCP	PHOSPHOMETHYLPHOSPHONIC ACID GUANYLATE ESTER	-4.43
PPA1720	pocket4	OLC	PPA1720a_OLC	(2R)-2,3-dihydroxypropyl (9Z)-octadec-9-enoate	-4.35
PPA1720	pocket9	NAD	PPA1720a_NAD	NICOTINAMIDE-ADENINE-DINUCLEOTIDE	-3.98
PPA1720	pocket3	SAH	PPA1720a_SAH	S-ADENOSYL-L-HOMOCYSTEINE	-3.7
PPA1721	pocket0	FAD	PPA1721a_FAD	FLAVIN-ADENINE DINUCLEOTIDE	-8.94
PPA1721	pocket3	FDA	PPA1721a_FDA	DIHYDROFLAVINE-ADENINE DINUCLEOTIDE	-7.84
PPA1721	pocket2	SIN	PPA1721a_SIN	SUCCINIC ACID	-4.27
PPA1721	pocket13	CDP	PPA1721a_CDP	CYTIDINE-5'-DIPHOSPHATE	-2.76
PPA1722	pocket2	MS7	PPA1722a_MS7	O-benzyl-N-methyl-L-tyrosinamide	-7.09
PPA1722	pocket0	9DI	PPA1722a_9DI	9-DEAZAINOSINE	-6.9
PPA1723	pocket8	NAD	PPA1723a_NAD	NICOTINAMIDE-ADENINE-DINUCLEOTIDE	-6.28
PPA1723	pocket0	G1P	PPA1723a_G1P	1-O-phosphono-alpha-D-glucopyranose	-5.85
PPA1723	pocket13	12F	PPA1723a_12F	[(2R,3S,4R,5R)-5-(6-amino-9H-purin-9-yl)-3,4-dihydroxytetrahydrofuran-2-yl]methyl (2R,3S,4S)-5-[(1R,3R,3aS)-3-[2-(benzyloxy)-3-fluorophenyl]-1-hydroxy-10,11-dimethyl-4,6-dioxo-2,3,5,6-tetrahydro-1H-benzo[g]pyrrolo[2,1-e]pteridin-8(4H)-yl]-2,3,4-trihydroxypentyl dihydrogen diphosphate	-4.97
PPA1723	pocket1	5RG	PPA1723a_5RG	2-amino-5-fluorobenzoic acid	-4.54
PPA1723	pocket14	TXD	PPA1723a_TXD	1,4,5,6-TETRAHYDRONICOTINAMIDE ADENINE DINUCLEOTIDE	-3.29
PPA1723	pocket12	ACP	PPA1723a_ACP	PHOSPHOMETHYLPHOSPHONIC ACID ADENYLATE ESTER	-2.44
PPA1724	pocket0	1ZZ	PPA1724a_1ZZ	5'-O-[(S)-(dodecanoyloxy)(hydroxy)phosphoryl]adenosine	-8.31
PPA1724	pocket7	75C	PPA1724a_75C	5'-({[(2R,3S)-3-amino-4-hydroxy-2-{[2-({N-[(2R)-2-hydroxy-3,3-dimethyl-4-(phosphonooxy)butanoyl]-beta-alanyl}amino)ethyl]sulfanyl}butyl]sulfonyl}amino)-5'-deoxyadenosine	-6.73
PPA1724	pocket10	FOL	PPA1724a_FOL	FOLIC ACID	-5.04
PPA1724	pocket4	DFW	PPA1724a_DFW	N-(5,6-DIPHENYLFURO[2,3-D]PYRIMIDIN-4-YL)GLYCINE	-4.64
PPA1724	pocket16	JXD	PPA1724a_JXD	2-(acetylamino)-4-O-[2-(acetylamino)-2-deoxy-beta-D-mannopyranosyl]-2-deoxy-1-O-[(S)-{[(R)-{[(2Z,6Z,10Z,14E,18E)-3,7,11,15,19,23-hexamethyltetracosa-2,6,10,14,18,22-hexaen-1-yl]oxy (hydroxy)phosphoryl]oxy}(hydroxy)phosphoryl]-alpha-D-glucopyranose	-2.76
PPA1724	pocket6	FAD	PPA1724a_FAD	FLAVIN-ADENINE DINUCLEOTIDE	-0.92
PPA1725	pocket0	ADP	PPA1725a_ADP	ADENOSINE-5'-DIPHOSPHATE	-8.66
PPA1725	pocket5	2	PPA1725a_2	N-[(2R)-2-BENZYL-4-(HYDROXYAMINO)-4-OXOBUTANOYL]-L-ISOLEUCYL-L-LEUCINE	Nil
PPA1726	pocket11	B96	PPA1726a_B96	1-(5-TERT-BUTYL-2-P-TOLYL-2H-PYRAZOL-3-YL)-3-[4-(2-MORPHOLIN-4-YL-ETHOXY)-NAPHTHALEN-1-YL]-UREA	-8.24
PPA1726	pocket0	DAO	PPA1726a_DAO	LAURIC ACID	-4.77
PPA1726	pocket1	3VN	PPA1726a_3VN	(2R,5R)-2,5-diamino-2,5-bis(4-aminobutyl)hexanedioic acid	-4.12
PPA1727	pocket2	APR	PPA1727a_APR	ADENOSINE-5-DIPHOSPHORIBOSE	-5.88
PPA1727	pocket0	U5P	PPA1727a_U5P	URIDINE-5'-MONOPHOSPHATE	-5.23
PPA1727	pocket4	HED	PPA1727a_HED	2-HYDROXYETHYL DISULFIDE	-2.44
PPA1728	pocket1	L5K	PPA1728a_L5K	~{N}-[3-[(7-nitrodibenzofuran-2-yl)sulfonylamino]phenyl]-1-oxidanyl-cyclopropane-1-carboxamide	-8.27
PPA1728	pocket0	MOD	PPA1728a_MOD	L-METHIONYL ADENYLATE	-7.27
PPA1728	pocket9	JZ5	PPA1728a_JZ5	(NZ)-N-(thiophen-2-ylmethylidene)hydroxylamine	-4.28
PPA1729	pocket1	SIN	PPA1729a_SIN	SUCCINIC ACID	-3.79
PPA1729	pocket5	NAI	PPA1729a_NAI	1,4-DIHYDRONICOTINAMIDE ADENINE DINUCLEOTIDE	-1.62
PPA1730	pocket1	U	PPA1730a_U	URIDINE-5'-MONOPHOSPHATE	-4.37
PPA1731	pocket0	CLA	PPA1731a_CLA	CHLOROPHYLL A	-8.14
PPA1732	pocket9	FG4	PPA1732a_FG4	{2-[(1-benzofuran-2-ylmethoxy)carbonyl]-5-methoxy-1H-indol-1-yl}acetic acid	-6.87
PPA1732	pocket4	HEM	PPA1732a_HEM	PROTOPORPHYRIN IX CONTAINING FE	-6.39
PPA1732	pocket0	AE4	PPA1732a_AE4	3,6,9,12,15-PENTAOXAHEPTADECAN-1-OL	-3.35
PPA1732	pocket1	HMH	PPA1732a_HMH	4-AMINO-5-HYDROXYMETHYL-2-METHYLPYRIMIDINE	Nil
PPA1733	pocket3	CDQ	PPA1733a_CDQ	6-[(5-chloro-2-oxo-2,3-dihydro-1H-indol-1-yl)methyl]-2,3-dihydro-1,4-benzodioxine-5-carboxylic acid	-5.63
PPA1733	pocket17	NAP	PPA1733a_NAP	NADP NICOTINAMIDE-ADENINE-DINUCLEOTIDE PHOSPHATE	-3.52
PPA1733	pocket0	DTT	PPA1733a_DTT	2,3-DIHYDROXY-1,4-DITHIOBUTANE	-3.51
PPA1733	pocket1	ATP	PPA1733a_ATP	ADENOSINE-5'-TRIPHOSPHATE	-2.65
PPA1733	pocket8	ATP	PPA1733a_ATP	ADENOSINE-5'-TRIPHOSPHATE	-2.65
PPA1733	pocket6	BTB	PPA1733a_BTB	2-[BIS-(2-HYDROXY-ETHYL)-AMINO]-2-HYDROXYMETHYL-PROPANE-1,3-DIOL	-2.12
PPA1734	pocket0	GMP	PPA1734a_GMP	GUANOSINE	-7.31
PPA1734	pocket9	FXS	PPA1734a_FXS	2,4-dibromo-6-{[(2-nitrobenzene-1-carbonyl)amino]methyl}phenyl 2-nitrobenzoate	-6.41
PPA1734	pocket11	RJK	PPA1734a_RJK	1-[4-[4-(aminomethyl)pyrazol-1-yl]-3-chloranyl-phenyl]-3-[(3~{R})-6-bromanyl-3,4-dihydro-2~{H}-chromen-3-yl]urea	-6.28
PPA1735	pocket2	0TO	PPA1735a_0TO	N-(3-chlorophenyl)-6,7-dimethoxyquinazolin-4-amine	-7.49
PPA1735	pocket7	FAD	PPA1735a_FAD	FLAVIN-ADENINE DINUCLEOTIDE	-3.6
PPA1735	pocket8	FAD	PPA1735a_FAD	FLAVIN-ADENINE DINUCLEOTIDE	-3.6
PPA1735	pocket6	FAE	PPA1735a_FAE	FLAVIN-N7 PROTONATED-ADENINE DINUCLEOTIDE	-3.52
PPA1736	pocket1	DMU	PPA1736a_DMU	DECYL-BETA-D-MALTOPYRANOSIDE	-5.23
PPA1736	pocket2	AMP	PPA1736a_AMP	ADENOSINE MONOPHOSPHATE	-4.75
PPA1737	pocket8	ARC	PPA1737a_ARC	3,7,11,15-TETRAMETHYL-HEXADECAN-1-OL	-6.78
PPA1737	pocket7	MQ9	PPA1737a_MQ9	MENAQUINONE-9	-6.67
PPA1738	pocket3	TR7	PPA1738a_TR7	methyl L-tryptophanate	-7.59
PPA1738	pocket14	LBF	PPA1738a_LBF	Leptomycin B	-5.55
PPA1738	pocket17	JZ0	PPA1738a_JZ0	o-cresol	-3.84
PPA1738	pocket0	ICT	PPA1738a_ICT	ISOCITRIC ACID	-3.38
PPA1738	pocket9	ANP	PPA1738a_ANP	PHOSPHOAMINOPHOSPHONIC ACID-ADENYLATE ESTER	-1.48
PPA1739	pocket2	P83	PPA1739a_P83	1-(9-ethyl-9H-carbazol-3-yl)-N-methylmethanamine	-6.61
PPA1739	pocket7	NAD	PPA1739a_NAD	NICOTINAMIDE-ADENINE-DINUCLEOTIDE	-2.68
PPA1739	pocket0	KEU	PPA1739a_KEU	N-{4-[(1R)-4-[(2R,4R,5S)-2,4-DIAMINO-6-OXOHEXAHYDROPYRIMIDIN-5-YL]-1-(2,2,2-TRIFLUORO-1,1-DIHYDROXYETHYL)BUTYL]BENZOYL}-D-GLUTAMIC ACID	Nil
PPA1740	pocket0	NAD	PPA1740a_NAD	NICOTINAMIDE-ADENINE-DINUCLEOTIDE	-7.8
PPA1740	pocket3	ZHK	PPA1740a_ZHK	(2R)-2-{[5-cyano-4-(3,4-dichlorophenyl)-6-oxo-1,6-dihydropyrimidin-2-yl]sulfanyl}-N-(4-sulfamoylphenyl)propanamide	-7.29
PPA1741	pocket9	EAV	PPA1741a_EAV	N-{1-[(5-chloro-1H-indol-3-yl)methyl]piperidin-4-yl}-6-methyl-L-tryptophanamide	-6.93
PPA1741	pocket0	NAD	PPA1741a_NAD	NICOTINAMIDE-ADENINE-DINUCLEOTIDE	-5.28
PPA1741	pocket7	FAD	PPA1741a_FAD	FLAVIN-ADENINE DINUCLEOTIDE	-4.71
PPA1741	pocket1	COA	PPA1741a_COA	COENZYME A	-4.18
PPA1743	pocket2	HEM	PPA1743a_HEM	PROTOPORPHYRIN IX CONTAINING FE	-9.88
PPA1743	pocket0	L34	PPA1743a_L34	4-(7-AMINO-9-HYDROXY-1-OXO-3,3A,4,5-TETRAHYDRO-2,5,6,8,9B-PENTAAZA-CYCLOPENTA[A]NAPHTHALEN-2-YL)-PHENYLCARBONYL-GLUTAMIC ACID	-9.54
PPA1743	pocket1	NAP	PPA1743a_NAP	NADP NICOTINAMIDE-ADENINE-DINUCLEOTIDE PHOSPHATE	-5.98
PPA1743	pocket7	NDP	PPA1743a_NDP	NADPH DIHYDRO-NICOTINAMIDE-ADENINE-DINUCLEOTIDE PHOSPHATE	-5
PPA1743	pocket4	NAD	PPA1743a_NAD	NICOTINAMIDE-ADENINE-DINUCLEOTIDE	-4.51
PPA1744	pocket12	FAD	PPA1744a_FAD	FLAVIN-ADENINE DINUCLEOTIDE	-8.68
PPA1744	pocket2	FAD	PPA1744a_FAD	FLAVIN-ADENINE DINUCLEOTIDE	-8.68
PPA1744	pocket0	PMP	PPA1744a_PMP	4'-DEOXY-4'-AMINOPYRIDOXAL-5'-PHOSPHATE	-8.47
PPA1744	pocket3	IPT	PPA1744a_IPT	1-methylethyl 1-thio-beta-D-galactopyranoside	-4.94
PPA1744	pocket7	ACO	PPA1744a_ACO	ACETYL COENZYME *A	-3.71
PPA1744	pocket1	NDT	PPA1744a_NDT	2-(TOLUENE-4-SULFONYL)-2H-BENZO[D][1,2,3]DIAZABORININ-1-OL	Nil
PPA1745	pocket21	TZ1	PPA1745a_TZ1	N-{5-[(7-chloroquinolin-4-yl)sulfanyl]-1,3,4-thiadiazol-2-yl}thiophene-2-carboxamide	-7.21
PPA1745	pocket16	TYM	PPA1745a_TYM	TRYPTOPHANYL-5'AMP	-6.32
PPA1745	pocket3	J1Z	PPA1745a_J1Z	thieno[3,2-b]thiophene	-4.73
PPA1746	pocket1	ADP	PPA1746a_ADP	ADENOSINE-5'-DIPHOSPHATE	-5.24
PPA1747	pocket1	JLN	PPA1747a_JLN	5-(FORMYLAMINO)-1-(5-O-PHOSPHONO-BETA-D-RIBOFURANOSYL)-1H-IMIDAZOLE-4-CARBOXYLIC ACID	-9.95
PPA1747	pocket8	C0R	PPA1747a_C0R	CORTICOSTERONE	-7.52
PPA1747	pocket0	ARC	PPA1747a_ARC	3,7,11,15-TETRAMETHYL-HEXADECAN-1-OL	-6.41
PPA1747	pocket14	CAA	PPA1747a_CAA	ACETOACETYL-COENZYME A	-4.05
PPA1748	pocket1	FAD	PPA1748a_FAD	FLAVIN-ADENINE DINUCLEOTIDE	-4.01
PPA1748	pocket0	U89	PPA1748a_U89	N-[4-[[3-(2,4-DIAMINO-1,6-DIHYDRO-6-OXO-4-PYRIMIDINYL)-PROPYL]-[2-((2-OXO-2-((4-PHOSPHORIBOXY)-BUTYL)-AMINO)-ETHYL)-THIO-ACETYL]-AMINO]BENZOYL]-1-GLUTAMIC ACID	Nil
PPA1749	pocket2	146	PPA1749a_146	[4R-(4ALPHA,5ALPHA,6ALPHA,7ALPHA)]-3,3'-{{TETRAHYDRO-5,6-DIHYDROXY-2-OXO-4,7-BIS(PHENYLMETHYL)-1H-1,3-DIAZEPINE-1,3(2H)-DIYL]BIS(METHYLENE)]BIS[N-1H-BENZIMIDAZOL-2-YLBENZAMIDE]	-9.69
PPA1749	pocket0	INJ	PPA1749a_INJ	5-(6-D-RIBITYLAMINO-2,4-DIHYDROXYPYRIMIDIN-5-YL)-1-PENTYL-PHOSPHONIC ACID	-3.34
PPA1750	pocket3	2NL	PPA1750a_2NL	2-{3-[(4-chloropyridin-2-yl)amino]phenoxy}-N-methylacetamide	-5.18
PPA1750	pocket5	TAU	PPA1750a_TAU	2-AMINOETHANESULFONIC ACID	-5.09
PPA1750	pocket1	POP	PPA1750a_POP	PYROPHOSPHATE 2-	-4.3
PPA1750	pocket4	ANP	PPA1750a_ANP	PHOSPHOAMINOPHOSPHONIC ACID-ADENYLATE ESTER	-3.19
PPA1751	pocket1	SKE	PPA1751a_SKE	4-({5-amino-1-[(2,6-difluorophenyl)carbonyl]-1H-1,2,4-triazol-3-yl}amino)benzenesulfonamide	-7.22
PPA1751	pocket0	RBF	PPA1751a_RBF	RIBOFLAVIN	-5.15
PPA1752	pocket1	AI9	PPA1752a_AI9	[(2R,3S,4S,5E)-5-[[5-azanyl-2,4-bis(oxidanylidene)-1H-pyrimidin-6-yl]imino]-2,3,4-tris(oxidanyl)pentyl] dihydrogen phosphate	-7.68
PPA1752	pocket5	JZV	PPA1752a_JZV	methyl (2E)-(methoxyimino)(2-{[({(1Z)-1-[3-(trifluoromethyl)phenyl]ethylidene}amino)oxy]methyl}phenyl)ethanoate	-6.86
PPA1752	pocket2	NCA	PPA1752a_NCA	NICOTINAMIDE	-5.59
PPA1752	pocket0	TYU	PPA1752a_TYU	TETRAHYDROURIDINE	-4.94
PPA1752	pocket6	GTP	PPA1752a_GTP	GUANOSINE-5'-TRIPHOSPHATE	-3.84
PPA1753	pocket0	FXE	PPA1753a_FXE	1-(4-methoxy-1-methyl-indazol-3-yl)-3-(2-methoxyphenyl)urea	-7.92
PPA1753	pocket15	ADP	PPA1753a_ADP	ADENOSINE-5'-DIPHOSPHATE	-6.4
PPA1753	pocket9	6DP	PPA1753a_6DP	~{N}-(1~{H}-indazol-4-yl)methanesulfonamide	-5.71
PPA1753	pocket14	PLT	PPA1753a_PLT	[3-HYDROXY-2-METHYL-5-PHOSPHONOOXYMETHYL-PYRIDIN-4-YLMETHYL]-L-TRYPTOPHANE	-5.31
PPA1753	pocket2	PEE	PPA1753a_PEE	1,2-dioleoyl-sn-glycero-3-phosphoethanolamine	-5.31
PPA1753	pocket5	SAM	PPA1753a_SAM	S-ADENOSYLMETHIONINE	-5
PPA1753	pocket17	NAD	PPA1753a_NAD	NICOTINAMIDE-ADENINE-DINUCLEOTIDE	-4.07
PPA1753	pocket7	ADM	PPA1753a_ADM	ADAMANTANE	-4.01
PPA1753	pocket12	RYP	PPA1753a_RYP	~{N}-methyl-1-pyridin-4-yl-methanamine	-2.86
PPA1754	pocket1	COA	PPA1754a_COA	COENZYME A	-7.58
PPA1755	pocket7	N0B	PPA1755a_N0B	Adenylated Norbornene	-5.18
PPA1756	pocket13	ATP	PPA1756a_ATP	ADENOSINE-5'-TRIPHOSPHATE	-9.3
PPA1756	pocket16	FAE	PPA1756a_FAE	FLAVIN-N7 PROTONATED-ADENINE DINUCLEOTIDE	-6.4
PPA1756	pocket0	GLC	PPA1756a_GLC	alpha-D-glucopyranose	-3.95
PPA1758	pocket7	QPP	PPA1758a_QPP	N-(5-METHYL-1H-PYRAZOL-3-YL)-2-PHENYLQUINAZOLIN-4-AMINE	-5.85
PPA1758	pocket6	4NH	PPA1758a_4NH	4-({4-[(4-AMINOBUT-2-YNYL)OXY]PHENYL}SULFONYL)-N-HYDROXY-2,2-DIMETHYLTHIOMORPHOLINE-3-CARBOXAMIDE	-5.54
PPA1758	pocket3	7CL	PPA1758a_7CL	1-chloropentane	-3.45
PPA1758	pocket0	OCA	PPA1758a_OCA	OCTANOIC ACID (CAPRYLIC ACID)	-3.12
PPA1759	pocket4	44K	PPA1759a_44K	N-({[(1R,3S)-3-(6-amino-9H-purin-9-yl)cyclopentyl]methyl}sulfamoyl)-5-[(3aS,4S,6aR)-2-oxohexahydro-1H-thieno[3,4-d]imidazol-4-yl]pentanamide	-7.14
PPA1759	pocket1	IPA	PPA1759a_IPA	ISOPROPYL ALCOHOL	-2.91
PPA1760	pocket1	HEM	PPA1760a_HEM	PROTOPORPHYRIN IX CONTAINING FE	-7.98
PPA1760	pocket6	FAD	PPA1760a_FAD	FLAVIN-ADENINE DINUCLEOTIDE	-6.48
PPA1760	pocket2	ZPE	PPA1760a_ZPE	(2R)-3-{[(S)-(2-aminoethoxy)(hydroxy)phosphoryl]oxy}-2-(tetradec-5-enoyloxy)propyl (11Z)-octadec-11-enoate	-1.86
PPA1761	pocket7	ZID	PPA1761a_ZID	ISONICOTINIC-ACETYL-NICOTINAMIDE-ADENINE DINUCLEOTIDE	-5.33
PPA1761	pocket1	PGH	PPA1761a_PGH	PHOSPHOGLYCOLOHYDROXAMIC ACID	-5.25
PPA1761	pocket0	DTH	PPA1761a_DTH	D-THREONINE	-5.19
PPA1762	pocket0	ARC	PPA1762a_ARC	3,7,11,15-TETRAMETHYL-HEXADECAN-1-OL	-8.71
PPA1762	pocket3	KPK	PPA1762a_KPK	4-({1-[(4-methyl-1-benzothiophen-3-yl)methyl]-1H-benzimidazol-2-yl}sulfanyl)butanoic acid	-6.29
PPA1764	pocket4	ADP	PPA1764a_ADP	ADENOSINE-5'-DIPHOSPHATE	-6.15
PPA1764	pocket0	ATP	PPA1764a_ATP	ADENOSINE-5'-TRIPHOSPHATE	-5.07
PPA1764	pocket10	THH	PPA1764a_THH	N-[4-({[(6S)-2-AMINO-4-HYDROXY-5-METHYL-5,6,7,8-TETRAHYDROPTERIDIN-6-YL]METHYL}AMINO)BENZOYL]-L-GLUTAMIC ACID	-3.59
PPA1764	pocket13	GTP	PPA1764a_GTP	GUANOSINE-5'-TRIPHOSPHATE	-2.93
PPA1764	pocket14	03F	PPA1764a_03F	(9Z)-N-[(2S,3R,4E)-1-(beta-D-glucopyranosyloxy)-3-hydroxyoctadec-4-en-2-yl]octadec-9-enamide	Nil
PPA1765	pocket1	CYC	PPA1765a_CYC	PHYCOCYANOBILIN	-9.65
PPA1766	pocket3	337	PPA1766a_337	N-benzyl-1-[5-({5-tert-butyl-2-methoxy-3-[(methylsulfonyl)amino]phenyl}carbamoyl)-2-methylphenyl]-1H-1,2,3-triazole-4-carboxamide	-9.03
PPA1766	pocket0	TSA	PPA1766a_TSA	8-HYDROXY-2-OXA-BICYCLO[3.3.1]NON-6-ENE-3,5-DICARBOXYLIC ACID	-7.77
PPA1766	pocket1	Q7U	PPA1766a_Q7U	1-(2-chlorophenyl)-3-(1-methylbenzimidazol-2-yl)urea	-5.94
PPA1767	pocket1	MGT	PPA1767a_MGT	7N-METHYL-8-HYDROGUANOSINE-5'-TRIPHOSPHATE	-5.59
PPA1767	pocket0	5GP	PPA1767a_5GP	GUANOSINE-5'-MONOPHOSPHATE	-4.62
PPA1768	pocket8	3VV	PPA1768a_3VV	S-{(3R,5R,9R)-1-[(2R,3S,4R,5R)-5-(6-amino-9H-purin-9-yl)-4-hydroxy-3-(phosphonooxy)tetrahydrofuran-2-yl]-3,5,9-trihydroxy-8,8-dimethyl-3,5-dioxido-10,14-dioxo-2,4,6-trioxa-11,15-diaza-3lambda~5~,5lambda~5~-diphosphaheptadecan-17-yl} (9Z)-octadec-9-enethioate (non-preferred name)	-9.97
PPA1768	pocket0	5GP	PPA1768a_5GP	GUANOSINE-5'-MONOPHOSPHATE	-5.89
PPA1768	pocket1	PCI	PPA1768a_PCI	PENTACHLOROPHENOL	-5.46
PPA1768	pocket9	PLP	PPA1768a_PLP	PYRIDOXAL-5'-PHOSPHATE	-4.93
PPA1768	pocket7	NAD	PPA1768a_NAD	NICOTINAMIDE-ADENINE-DINUCLEOTIDE	-4.12
PPA1769	pocket19	HEM	PPA1769a_HEM	PROTOPORPHYRIN IX CONTAINING FE	-9.24
PPA1769	pocket13	NAP	PPA1769a_NAP	NADP NICOTINAMIDE-ADENINE-DINUCLEOTIDE PHOSPHATE	-9.04
PPA1769	pocket11	ACO	PPA1769a_ACO	ACETYL COENZYME *A	-8.61
PPA1769	pocket12	SAM	PPA1769a_SAM	S-ADENOSYLMETHIONINE	-4.25
PPA1769	pocket9	DVX	PPA1769a_DVX	[(2R)-2-[3-aminocarbonyl-2,4-bis(fluoranyl)phenoxy]-2-[5-bromanyl-4-[4-(trifluoromethyl)phenyl]-1,3-oxazol-2-yl]ethyl] 3-[2,2-bis(fluoranyl)-10,12-dimethyl-3-aza-1-azonia-2-boranuidatricyclo[7.3.0.0^{3,7}]dodeca-1(12),4,6,8,10-pentaen-4-yl]propanoate	Nil
PPA1770	pocket10	DEQ	PPA1770a_DEQ	DEQUALINIUM	-9.27
PPA1770	pocket17	SYJ	PPA1770a_SYJ	2-fluoranyl-~{N}-(furan-2-ylmethyl)benzenesulfonamide	-5.51
PPA1770	pocket7	FAD	PPA1770a_FAD	FLAVIN-ADENINE DINUCLEOTIDE	-5.11
PPA1770	pocket2	DAL	PPA1770a_DAL	D-ALANINE	-3.96
PPA1770	pocket20	FCG	PPA1770a_FCG	(N5,C4A)-(ALPHA-HYDROXY-PROPANO)-3,4,4A,5-TETRAHYDRO-FLAVIN-ADENINE DINUCLEOTIDE	-0.12
PPA1772	pocket3	0YY	PPA1772a_0YY	(2Z)-2-hydroxy-4-[4-(octyloxy)phenyl]-4-oxobut-2-enoic acid	-5.91
PPA1772	pocket0	AGS	PPA1772a_AGS	PHOSPHOTHIOPHOSPHORIC ACID-ADENYLATE ESTER	-5.81
PPA1772	pocket2	NDG	PPA1772a_NDG	2-acetamido-2-deoxy-alpha-D-glucopyranose	-4.91
PPA1773	pocket4	NAQ	PPA1773a_NAQ	NICOTINAMIDE ADENINE DINUCLEOTIDE 3-PENTANONE ADDUCT	-7.77
PPA1773	pocket1	HEM	PPA1773a_HEM	PROTOPORPHYRIN IX CONTAINING FE	-6.19
PPA1774	pocket10	SAM	PPA1774a_SAM	S-ADENOSYLMETHIONINE	-4.67
PPA1774	pocket4	AGH	PPA1774a_AGH	N-{(1S,2R,3S)-1-[(ALPHA-D-GALACTOPYRANOSYLOXY)METHYL]-2,3-DIHYDROXYHEPTADECYL}HEXACOSANAMIDE	-4.14
PPA1774	pocket0	P33	PPA1774a_P33	3,6,9,12,15,18-HEXAOXAICOSANE-1,20-DIOL	-1.05
PPA1775	pocket8	NAD	PPA1775a_NAD	NICOTINAMIDE-ADENINE-DINUCLEOTIDE	30.14
PPA1776	pocket8	HEM	PPA1776a_HEM	PROTOPORPHYRIN IX CONTAINING FE	-9.28
PPA1776	pocket0	SAM	PPA1776a_SAM	S-ADENOSYLMETHIONINE	-8.28
PPA1776	pocket2	BT5	PPA1776a_BT5	BIOTINYL-5-AMP	-5.17
PPA1776	pocket4	GEL	PPA1776a_GEL	1-O-OCTYL-2-HEPTYLPHOSPHONYL-SN-GLYCERO-3-PHOSPHOETHANOLAMINE	-1.58
PPA1778	pocket2	ANP	PPA1778a_ANP	PHOSPHOAMINOPHOSPHONIC ACID-ADENYLATE ESTER	-7.78
PPA1778	pocket0	PEE	PPA1778a_PEE	1,2-dioleoyl-sn-glycero-3-phosphoethanolamine	-4.22
PPA1779	pocket1	4UL	PPA1779a_4UL	2-(difluoromethyl)-5-{[(2-methylpropanoyl)amino]methyl}-N-{5-methyl-4-[4-(trifluoromethyl)phenyl]-1H-imidazol-2-yl}pyridine-3-carboxamide	-6.63
PPA1779	pocket0	6ZW	PPA1779a_6ZW	7-(diethylamino)-4-methyl-2H-1-benzopyran-2-one	-6.36
PPA1779	pocket2	C2E	PPA1779a_C2E	9,9'-[(2R,3R,3aS,5S,7aR,9R,10R,10aS,12S,14aR)-3,5,10,12-tetrahydroxy-5,12-dioxidooctahydro-2H,7H-difuro[3,2-d:3',2'-j][1,3,7,9,2,8]tetraoxadiphosphacyclododecine-2,9-diyl]bis(2-amino-1,9-dihydro-6H-purin-6-one)	-5.15
PPA1779	pocket4	ACO	PPA1779a_ACO	ACETYL COENZYME *A	-4.25
PPA1779	pocket8	TXD	PPA1779a_TXD	1,4,5,6-TETRAHYDRONICOTINAMIDE ADENINE DINUCLEOTIDE	-3.69
PPA1780	pocket6	NAD	PPA1780a_NAD	NICOTINAMIDE-ADENINE-DINUCLEOTIDE	-6.33
PPA1781	pocket0	RU4	PPA1781a_RU4	4-(1,2,3-thiadiazol-4-yl)phenyl ethylcarbamate	-6.51
PPA1781	pocket4	FAD	PPA1781a_FAD	FLAVIN-ADENINE DINUCLEOTIDE	-5.11
PPA1782	pocket6	ANP	PPA1782a_ANP	PHOSPHOAMINOPHOSPHONIC ACID-ADENYLATE ESTER	-5.88
PPA1782	pocket0	KG4	PPA1782a_KG4	5'-O-[(R)-(carboxyoxy)(hydroxy)phosphoryl]adenosine	-3.94
PPA1782	pocket3	TAP	PPA1782a_TAP	7-THIONICOTINAMIDE-ADENINE-DINUCLEOTIDE PHOSPHATE	-3.58
PPA1783	pocket0	ACO	PPA1783a_ACO	ACETYL COENZYME *A	-9
PPA1783	pocket1	ACO	PPA1783a_ACO	ACETYL COENZYME *A	-9
PPA1784	pocket3	FAD	PPA1784a_FAD	FLAVIN-ADENINE DINUCLEOTIDE	-5.08
PPA1785	pocket0	P83	PPA1785a_P83	1-(9-ethyl-9H-carbazol-3-yl)-N-methylmethanamine	-9.47
PPA1785	pocket5	FAD	PPA1785a_FAD	FLAVIN-ADENINE DINUCLEOTIDE	-6.22
PPA1785	pocket4	HEM	PPA1785a_HEM	PROTOPORPHYRIN IX CONTAINING FE	-6.1
PPA1785	pocket8	NDP	PPA1785a_NDP	NADPH DIHYDRO-NICOTINAMIDE-ADENINE-DINUCLEOTIDE PHOSPHATE	-6.06
PPA1785	pocket2	53C	PPA1785a_53C	1-(3-hydroxyphenyl)ethanone	-5.14
PPA1785	pocket6	PG6	PPA1785a_PG6	1-(2-METHOXY-ETHOXY)-2-{2-[2-(2-METHOXY-ETHOXY]-ETHOXY}-ETHANE	-2.9
PPA1787	pocket0	ANL	PPA1787a_ANL	ANILINE	-3.73
PPA1787	pocket5	DAU	PPA1787a_DAU	2'DEOXY-THYMIDINE-5'-DIPHOSPHO-ALPHA-D-GLUCOSE	-3.49
PPA1789	pocket3	AGS	PPA1789a_AGS	PHOSPHOTHIOPHOSPHORIC ACID-ADENYLATE ESTER	-4.89
PPA1789	pocket23	CXE	PPA1789a_CXE	PENTAETHYLENE GLYCOL MONODECYL ETHER	-4.17
PPA1789	pocket10	CAA	PPA1789a_CAA	ACETOACETYL-COENZYME A	-1
PPA1790	pocket5	ADP	PPA1790a_ADP	ADENOSINE-5'-DIPHOSPHATE	-8.34
PPA1790	pocket7	403	PPA1790a_403	(2R,3R)-4-[4-(2-chlorophenyl)piperazin-1-yl]-2,3-dihydroxy-4-oxo-N-(2-thiophen-2-ylethyl)butanamide	-6.2
PPA1790	pocket3	GTP	PPA1790a_GTP	GUANOSINE-5'-TRIPHOSPHATE	-4.16
PPA1790	pocket6	UPG	PPA1790a_UPG	URIDINE-5'-DIPHOSPHATE-GLUCOSE	-2.83
PPA1791	pocket8	ANP	PPA1791a_ANP	PHOSPHOAMINOPHOSPHONIC ACID-ADENYLATE ESTER	-6.01
PPA1791	pocket0	0A1	PPA1791a_0A1	O-methyl-L-tyrosine	-5.62
PPA1791	pocket7	FAD	PPA1791a_FAD	FLAVIN-ADENINE DINUCLEOTIDE	-5.23
PPA1792	pocket4	NAD	PPA1792a_NAD	NICOTINAMIDE-ADENINE-DINUCLEOTIDE	-9.16
PPA1792	pocket0	BA3	PPA1792a_BA3	BIS(ADENOSINE)-5'-TRIPHOSPHATE	-6.39
PPA1792	pocket10	FAD	PPA1792a_FAD	FLAVIN-ADENINE DINUCLEOTIDE	-3.79
PPA1792	pocket13	NAI	PPA1792a_NAI	1,4-DIHYDRONICOTINAMIDE ADENINE DINUCLEOTIDE	-2.9
PPA1793	pocket2	FAD	PPA1793a_FAD	FLAVIN-ADENINE DINUCLEOTIDE	-7.18
PPA1793	pocket0	ATP	PPA1793a_ATP	ADENOSINE-5'-TRIPHOSPHATE	-5.73
PPA1794	pocket0	6ZW	PPA1794a_6ZW	7-(diethylamino)-4-methyl-2H-1-benzopyran-2-one	-7.58
PPA1794	pocket13	9PC	PPA1794a_9PC	3-[(6-chloro[1,3]thiazolo[5,4-b]pyridin-2-yl)methoxy]-2,6-difluorobenzamide	-6.64
PPA1794	pocket1	AGP	PPA1794a_AGP	2-DEOXY-2-AMINO GLUCITOL-6-PHOSPHATE	-4.22
PPA1796	pocket8	HEM	PPA1796a_HEM	PROTOPORPHYRIN IX CONTAINING FE	-8.37
PPA1796	pocket10	7MJ	PPA1796a_7MJ	3-benzyl-N-[(3S)-5-methyl-4-oxo-2,3,4,5-tetrahydro-1,5-benzoxazepin-3-yl]-1H-1,2,4-triazole-5-carboxamide	-7.43
PPA1796	pocket9	950	PPA1796a_950	2-{5-[AMINO(IMINIO)METHYL]-6-FLUORO-1H-BENZIMIDAZOL-2-YL}-6-ISOBUTOXYBENZENOLATE	-5.98
PPA1796	pocket12	NTQ	PPA1796a_NTQ	(1~{S})-2,2-bis(fluoranyl)-~{N}-[4-(3-methyl-6-oxidanylidene-2,7-dihydropyrazolo[3,4-b]pyridin-4-yl)cyclohexyl]cyclopropane-1-carboxamide	-5.27
PPA1799	pocket0	ATP	PPA1799a_ATP	ADENOSINE-5'-TRIPHOSPHATE	-10.92
PPA1799	pocket1	COA	PPA1799a_COA	COENZYME A	-10.05
PPA1799	pocket3	TMP	PPA1799a_TMP	THYMIDINE-5'-PHOSPHATE	-8.92
PPA1799	pocket2	CQA	PPA1799a_CQA	4-[(7-CHLOROQUINOLIN-4-YL)AMINO]-2-[(DIETHYLAMINO)METHYL]PHENOL	-8.2
PPA1800	pocket7	NMX	PPA1800a_NMX	NITROMETHYLDETHIA COENZYME A	-5.19
PPA1801	pocket10	FAD	PPA1801a_FAD	FLAVIN-ADENINE DINUCLEOTIDE	-5.46
PPA1801	pocket1	NAP	PPA1801a_NAP	NADP NICOTINAMIDE-ADENINE-DINUCLEOTIDE PHOSPHATE	-2.26
PPA1802	pocket0	XAH	PPA1802a_XAH	5'-O-{(R)-hydroxy[(L-lysylamino)oxy]phosphoryl}adenosine	-2.14
PPA1803	pocket3	ADP	PPA1803a_ADP	ADENOSINE-5'-DIPHOSPHATE	-5.5
PPA1805	pocket2	8GT	PPA1805a_8GT	8-OXO-GUANOSINE-5'-TRIPHOSPHATE	-9.11
PPA1805	pocket4	JYM	PPA1805a_JYM	6-(cyclohexylmethoxy)-8-(trifluoromethyl)-9H-purin-2-amine	-7.56
PPA1805	pocket0	5FQ	PPA1805a_5FQ	N-pentyl-L-alaninamide	-6.95
PPA1805	pocket24	CMX	PPA1805a_CMX	CARBOXYMETHYLDETHIA COENZYME *A	-6.27
PPA1805	pocket18	5GP	PPA1805a_5GP	GUANOSINE-5'-MONOPHOSPHATE	-4.78
PPA1805	pocket3	GLC	PPA1805a_GLC	alpha-D-glucopyranose	-4.28
PPA1806	pocket6	N25	PPA1806a_N25	1,3-BIS-(4-METHOXY-BENZENESULFONYL)-5,5-DIMETHYL-HEXAHYDRO-PYRIMIDINE-2-CARBOXYLIC ACID HYDROXYAMIDE	-6.81
PPA1806	pocket2	SAM	PPA1806a_SAM	S-ADENOSYLMETHIONINE	-6.51
PPA1806	pocket3	DAO	PPA1806a_DAO	LAURIC ACID	-3.84
PPA1806	pocket0	UNL	PPA1806a_UNL	Unknown ligand	Nil
PPA1808	pocket0	SAH	PPA1808a_SAH	S-ADENOSYL-L-HOMOCYSTEINE	-8.51
PPA1808	pocket1	FAD	PPA1808a_FAD	FLAVIN-ADENINE DINUCLEOTIDE	-3.43
PPA1809	pocket1	NAD	PPA1809a_NAD	NICOTINAMIDE-ADENINE-DINUCLEOTIDE	-6.03
PPA1809	pocket0	URA	PPA1809a_URA	URACIL	-5.3
PPA1810	pocket0	SAM	PPA1810a_SAM	S-ADENOSYLMETHIONINE	-8.68
PPA1810	pocket2	PEB	PPA1810a_PEB	PHYCOERYTHROBILIN	-7.97
PPA1812	pocket4	CPS	PPA1812a_CPS	3-[(3-CHOLAMIDOPROPYL)DIMETHYLAMMONIO]-1-PROPANESULFONATE	-8.18
PPA1812	pocket20	2QX	PPA1812a_2QX	methyl [(2S)-2-(5-{5-[4-({(2S)-2-[(3S)-3-amino-2-oxopiperidin-1-yl]-2-cyclohexylacetyl}amino)phenyl]pentyl}-2-fluorophenyl)-3-(quinolin-3-yl)propyl]carbamate	-7.48
PPA1812	pocket2	BCR	PPA1812a_BCR	BETA-CAROTENE	-6.73
PPA1813	pocket13	FAL	PPA1813a_FAL	(2R)-1-[4-({4-[(2,5-DICHLOROPHENYL)AMINO]PYRIMIDIN-2-YL}AMINO)PHENOXY]-3-(DIMETHYLAMINO)PROPAN-2-OL	-8.07
PPA1813	pocket5	MS7	PPA1813a_MS7	O-benzyl-N-methyl-L-tyrosinamide	-7.65
PPA1813	pocket18	Y3L	PPA1813a_Y3L	N-(5-CHLORANYL-1,3-BENZOTHIAZOL-2-YL)ETHANAMIDE	-6.53
PPA1813	pocket1	ANP	PPA1813a_ANP	PHOSPHOAMINOPHOSPHONIC ACID-ADENYLATE ESTER	-5.74
PPA1813	pocket9	FAD	PPA1813a_FAD	FLAVIN-ADENINE DINUCLEOTIDE	-5.69
PPA1814	pocket0	PSI	PPA1814a_PSI	methyl N-{(4S,5S)-5-[(L-alanyl-L-alanyl)amino]-4-hydroxy-6-phenylhexanoyl}-L-valyl-L-valinate	-8.41
PPA1814	pocket1	CLA	PPA1814a_CLA	CHLOROPHYLL A	-8.11
PPA1815	pocket0	NAE	PPA1815a_NAE	NICOTINAMIDE ADENINE DINUCLEOTIDE ACETONE ADDUCT	-9.47
PPA1815	pocket2	FAD	PPA1815a_FAD	FLAVIN-ADENINE DINUCLEOTIDE	-5.57
PPA1815	pocket4	SAH	PPA1815a_SAH	S-ADENOSYL-L-HOMOCYSTEINE	-5.15
PPA1815	pocket6	STE	PPA1815a_STE	STEARIC ACID	-3.9
PPA1816	pocket18	4Y6	PPA1816a_4Y6	(1S)-4-{1-[2-chloro-6-(trifluoromethyl)benzoyl]-4-fluoro-1H-indazol-3-yl}-1-methylcyclohex-3-ene-1-carboxylic acid	-6.77
PPA1816	pocket2	HEB	PPA1816a_HEB	HEME B/C	-0.25
PPA1817	pocket3	5EB	PPA1817a_5EB	ethyl (2Z,4S)-4-{[N-(3-cyclopropylpropanoyl)-L-phenylalanyl]amino}-5-[(3S)-2-oxopyrrolidin-3-yl]pent-2-enoate	-7.51
PPA1817	pocket0	SZ4	PPA1817a_SZ4	1-(3-methoxyphenyl)methanamine	-5.6
PPA1817	pocket6	0JO	PPA1817a_0JO	2-{[(E)-{3-hydroxy-2-methyl-5-[(phosphonooxy)methyl]pyridin-4-yl}methylidene]amino}prop-2-enoic acid	-3.83
PPA1817	pocket7	NDP	PPA1817a_NDP	NADPH DIHYDRO-NICOTINAMIDE-ADENINE-DINUCLEOTIDE PHOSPHATE	-3.43
PPA1818	pocket3	CW5	PPA1818a_CW5	1-[2-chloranyl-7-[(1~{S})-1-methoxyethyl]pyrazolo[1,5-a]pyrimidin-6-yl]-3-(5-chloranyl-6-pyrrolidin-1-ylcarbonyl-pyridin-3-yl)urea	-6.11
PPA1818	pocket0	20J	PPA1818a_20J	7-chloro-3-methyl-2H-1,2,4-benzothiadiazine 1,1-dioxide	-5.81
PPA1818	pocket1	FAD	PPA1818a_FAD	FLAVIN-ADENINE DINUCLEOTIDE	-2
PPA1819	pocket1	FAD	PPA1819a_FAD	FLAVIN-ADENINE DINUCLEOTIDE	-6.05
PPA1821	pocket12	FAD	PPA1821a_FAD	FLAVIN-ADENINE DINUCLEOTIDE	-6.77
PPA1821	pocket11	FA8	PPA1821a_FA8	[[(2R,3S,4S)-5-[(4AS)-7,8-DIMETHYL-2,4-DIOXO-4A,5-DIHYDROBENZO[G]PTERIDIN-10-YL]-2,3,4-TRIHYDROXY-PENTOXY]-HYDROXY-PHOSPHORYL] [(2R,3S,4R,5R)-5-(6-AMINOPURIN-9-YL)-3,4-DIHYDROXY-OXOLAN-2-YL]METHYL-HYDROGEN PHOSPHATE	-6.56
PPA1821	pocket14	NAD	PPA1821a_NAD	NICOTINAMIDE-ADENINE-DINUCLEOTIDE	-3.2
PPA1822	pocket3	A2F	PPA1822a_A2F	2-fluoroadenine	-3.88
PPA1823	pocket0	3S9	PPA1823a_3S9	benzyl (cyanomethyl)carbamate	-5.28
PPA1823	pocket2	GTP	PPA1823a_GTP	GUANOSINE-5'-TRIPHOSPHATE	-1.73
PPA1824	pocket0	UDP	PPA1824a_UDP	URIDINE-5'-DIPHOSPHATE	-9.07
PPA1824	pocket10	ATP	PPA1824a_ATP	ADENOSINE-5'-TRIPHOSPHATE	-3.98
PPA1824	pocket12	ATP	PPA1824a_ATP	ADENOSINE-5'-TRIPHOSPHATE	-3.98
PPA1826	pocket5	107	PPA1826a_107	4-[(7-OXO-7H-THIAZOLO[5,4-E]INDOL-8-YLMETHYL)-AMINO]-N-PYRIDIN-2-YL-BENZENESULFONAMIDE	-6.33
PPA1826	pocket0	C2E	PPA1826a_C2E	9,9'-[(2R,3R,3aS,5S,7aR,9R,10R,10aS,12S,14aR)-3,5,10,12-tetrahydroxy-5,12-dioxidooctahydro-2H,7H-difuro[3,2-d:3',2'-j][1,3,7,9,2,8]tetraoxadiphosphacyclododecine-2,9-diyl]bis(2-amino-1,9-dihydro-6H-purin-6-one)	72.47
PPA1827	pocket0	J8V	PPA1827a_J8V	3-{[2-oxo-4-phenoxy-6-(trifluoromethyl)-1,2-dihydropyridine-3-carbonyl]amino}benzoic acid	-8.17
PPA1827	pocket5	FAJ	PPA1827a_FAJ	FAD-trans-2-Phenylcyclopropylamine Adduct	-2.91
PPA1828	pocket0	1N8	PPA1828a_1N8	N-{2-[(N,N-DIETHYLGLYCYL)AMINO]-5-(TRIFLUOROMETHYL)PHENYL}-4-METHYL-3-[2-(METHYLAMINO)QUINAZOLIN-6-YL]BENZAMIDE	-4.08
PPA1833	pocket0	Y10	PPA1833a_Y10	(E,2R,3R,4S,5R)-N-(2,3-dihydro-1H-inden-2-yl)-2-methoxy-8,8-dimethyl-3,4,5-tris(oxidanyl)non-6-enamide	-9.32
PPA1833	pocket2	HEM	PPA1833a_HEM	PROTOPORPHYRIN IX CONTAINING FE	-4.25
PPA1834	pocket0	AP5	PPA1834a_AP5	BIS(ADENOSINE)-5'-PENTAPHOSPHATE	-16.08
PPA1835	pocket12	HEM	PPA1835a_HEM	PROTOPORPHYRIN IX CONTAINING FE	-9.29
PPA1835	pocket2	GER	PPA1835a_GER	GERAN-8-YL GERAN	-8.56
PPA1835	pocket6	MCN	PPA1835a_MCN	PTERIN CYTOSINE DINUCLEOTIDE	-7.11
PPA1837	pocket2	C33	PPA1837a_C33	2ALPHA-PROPYL-1ALPHA,25-DIHYDROXYVITAMIN D3	-7.74
PPA1837	pocket1	486	PPA1837a_486	11-(4-DIMETHYLAMINO-PHENYL)-17-HYDROXY-13-METHYL-17-PROP-1-YNYL-1,2,6,7,8,11,12,13,14,15,16,17-DODEC AHYDRO-CYCLOPENTA[A]PHENANTHREN-3-ONE	-7.46
PPA1837	pocket0	THJ	PPA1837a_THJ	THIOSULFATE	-5.85
PPA1837	pocket4	NDP	PPA1837a_NDP	NADPH DIHYDRO-NICOTINAMIDE-ADENINE-DINUCLEOTIDE PHOSPHATE	-4.22
PPA1839	pocket1	FAD	PPA1839a_FAD	FLAVIN-ADENINE DINUCLEOTIDE	-7.48
PPA1839	pocket5	NAD	PPA1839a_NAD	NICOTINAMIDE-ADENINE-DINUCLEOTIDE	-7.38
PPA1839	pocket2	CIT	PPA1839a_CIT	CITRIC ACID	-2.01
PPA1840	pocket1	IPD	PPA1840a_IPD	D-MYO-INOSITOL-1-PHOSPHATE	-5.17
PPA1844	pocket5	FAD	PPA1844a_FAD	FLAVIN-ADENINE DINUCLEOTIDE	-5.42
PPA1846	pocket1	GTP	PPA1846a_GTP	GUANOSINE-5'-TRIPHOSPHATE	-8.71
PPA1846	pocket2	HEM	PPA1846a_HEM	PROTOPORPHYRIN IX CONTAINING FE	-7.14
PPA1846	pocket0	71	PPA1846a_71	8-{[2-methoxy-5-(4-methylpiperazin-1-yl)phenyl]amino}-1-methyl-4,5-dihydro-1H-pyrazolo[4,3-h]quinazoline-3-carboxamide	Nil
PPA1849	pocket0	K3U	PPA1849a_K3U	S-(2-oxo-2-phenylethyl) (2R)-2-benzyl-4,4,4-trifluorobutanethioate	-6.76
PPA1855	pocket0	CO8	PPA1855a_CO8	OCTANOYL-COENZYME A	-5.3
PPA1856	pocket0	DUP	PPA1856a_DUP	2'-DEOXYURIDINE 5'-ALPHA,BETA-IMIDO-TRIPHOSPHATE	-9.03
PPA1857	pocket3	DUX	PPA1857a_DUX	2,3-DEOXY-3-FLUORO-5-O-TRITYLURIDINE	-7.34
PPA1857	pocket0	AJV	PPA1857a_AJV	7-fluoro-3-(hydroxyamino)-2H-indol-2-one	-4.61
PPA1857	pocket1	MRD	PPA1857a_MRD	(4R)-2-METHYLPENTANE-2,4-DIOL	-3.28
PPA1860	pocket3	NAD	PPA1860a_NAD	NICOTINAMIDE-ADENINE-DINUCLEOTIDE	-9.84
PPA1860	pocket6	LAQ	PPA1860a_LAQ	5'-O-[(R)-({5-[(3R)-1,2-DITHIOLAN-3-YL]PENTANOYL}OXY)(HYDROXY)PHOSPHORYL]ADENOSINE	-5.73
PPA1860	pocket4	ACY	PPA1860a_ACY	ACETIC ACID	-4.36
PPA1860	pocket2	BLM	PPA1860a_BLM	BLEOMYCIN A2	0.81
PPA1861	pocket3	TAD	PPA1861a_TAD	BETA-METHYLENE-THIAZOLE-4-CARBOXYAMIDE-ADENINE DINUCLEOTIDE	0.21
PPA1862	pocket0	EZZ	PPA1862a_EZZ	(3~{S})-3-[2-[(dimethylamino)methyl]-1~{H}-indol-3-yl]-5-oxidanyl-2,3-dihydroisoindol-1-one	-6.76
PPA1862	pocket5	RBF	PPA1862a_RBF	RIBOFLAVIN	-4.98
PPA1863	pocket3	UDP	PPA1863a_UDP	URIDINE-5'-DIPHOSPHATE	-7.84
PPA1865	pocket0	S2N	PPA1865a_S2N	S-[2-({N-[(2R)-2-hydroxy-4-{[(S)-hydroxy(methoxy)phosphoryl]oxy}-3,3-dimethylbutanoyl]-beta-alanyl}amino)ethyl] (3R)-3-hydroxydodecanethioate	-5.19
PPA1866	pocket0	PML	PPA1866a_PML	PIMELIC ACID	-6.2
PPA1866	pocket3	DRS	PPA1866a_DRS	(9S,12S)-9-(1-methylethyl)-7,10-dioxo-2-oxa-8,11-diazabicyclo[12.2.2]octadeca-1(16),14,17-triene-12-carboxylic acid	-5.9
PPA1866	pocket2	ADE	PPA1866a_ADE	ADENINE	-4
PPA1869	pocket13	HEM	PPA1869a_HEM	PROTOPORPHYRIN IX CONTAINING FE	-6.22
PPA1869	pocket1	Y3L	PPA1869a_Y3L	N-(5-CHLORANYL-1,3-BENZOTHIAZOL-2-YL)ETHANAMIDE	-6.13
PPA1869	pocket12	AP5	PPA1869a_AP5	BIS(ADENOSINE)-5'-PENTAPHOSPHATE	-5.28
PPA1869	pocket10	NAP	PPA1869a_NAP	NADP NICOTINAMIDE-ADENINE-DINUCLEOTIDE PHOSPHATE	-4.06
PPA1869	pocket16	FAD	PPA1869a_FAD	FLAVIN-ADENINE DINUCLEOTIDE	-3.58
PPA1870	pocket12	FAD	PPA1870a_FAD	FLAVIN-ADENINE DINUCLEOTIDE	-5.76
PPA1870	pocket1	9FH	PPA1870a_9FH	5-methyl-1-phenyl-pyrazole-4-carboxylic acid	-5.59
PPA1870	pocket8	PLS	PPA1870a_PLS	[3-HYDROXY-2-METHYL-5-PHOSPHONOOXYMETHYL-PYRIDIN-4-YLMETHYL]-SERINE	-5.22
PPA1870	pocket0	ATP	PPA1870a_ATP	ADENOSINE-5'-TRIPHOSPHATE	-4.93
PPA1870	pocket4	IAC	PPA1870a_IAC	1H-INDOL-3-YLACETIC ACID	-4.37
PPA1870	pocket9	FES	PPA1870a_FES	FE2/S2 (INORGANIC) CLUSTER	-2.22
PPA1871	pocket2	3D1	PPA1871a_3D1	(2R,3S,5R)-5-(6-amino-9H-purin-9-yl)-tetrahydro-2-(hydroxymethyl)furan-3-ol	-4.8
PPA1872	pocket3	HEM	PPA1872a_HEM	PROTOPORPHYRIN IX CONTAINING FE	-8.3
PPA1872	pocket26	ZNH	PPA1872a_ZNH	PROTOPORPHYRIN IX CONTAINING ZN	-7.38
PPA1872	pocket7	NAP	PPA1872a_NAP	NADP NICOTINAMIDE-ADENINE-DINUCLEOTIDE PHOSPHATE	-3.38
PPA1872	pocket13	0ZW	PPA1872a_0ZW	N-(tert-butoxycarbonyl)-L-alanyl-N-{(1S)-5-ammonio-1-[hydroxy(3-hydroxypropoxy)boranyl]pentyl}-L-valinamide	Nil
PPA1872	pocket2	2UE	PPA1872a_2UE	1-[4-(2-oxoethyl)benzyl]guanidine	Nil
PPA1873	pocket0	PCW	PPA1873a_PCW	1,2-DIOLEOYL-SN-GLYCERO-3-PHOSPHOCHOLINE	-7.37
PPA1873	pocket3	TMO	PPA1873a_TMO	trimethylamine oxide	-3.19
PPA1873	pocket4	FAD	PPA1873a_FAD	FLAVIN-ADENINE DINUCLEOTIDE	-3.1
PPA1874	pocket1	TCH	PPA1874a_TCH	TAUROCHOLIC ACID	-8.54
PPA1874	pocket5	WP1	PPA1874a_WP1	2,2-dimethyl-2,3-dihydro-1-benzofuran-7-carboxamide	-5.12
PPA1874	pocket17	ATP	PPA1874a_ATP	ADENOSINE-5'-TRIPHOSPHATE	-4.03
PPA1875	pocket27	485	PPA1875a_485	[2-AMINO-3-(4-HYDROXY-PHENYL)-PROPIONYLAMINO]- (3,4,5-TRIHYDROXY-6-METHYL-TETRAHYDRO-PYRAN-2-YL)- ACETIC ACID	-7.85
PPA1875	pocket0	0UL	PPA1875a_0UL	6-phenyl[1,2,4]triazolo[1,5-a]pyrazin-2-amine	-7.54
PPA1875	pocket23	HEM	PPA1875a_HEM	PROTOPORPHYRIN IX CONTAINING FE	-7.47
PPA1875	pocket2	N8E	PPA1875a_N8E	3,6,9,12,15-PENTAOXATRICOSAN-1-OL	-3.8
PPA1875	pocket5	BTB	PPA1875a_BTB	2-[BIS-(2-HYDROXY-ETHYL)-AMINO]-2-HYDROXYMETHYL-PROPANE-1,3-DIOL	-2.93
PPA1875	pocket26	SCA	PPA1875a_SCA	SUCCINYL-COENZYME A	-0.82
PPA1876	pocket2	NAI	PPA1876a_NAI	1,4-DIHYDRONICOTINAMIDE ADENINE DINUCLEOTIDE	-7.85
PPA1876	pocket0	NDP	PPA1876a_NDP	NADPH DIHYDRO-NICOTINAMIDE-ADENINE-DINUCLEOTIDE PHOSPHATE	-4.37
PPA1878	pocket0	EVF	PPA1878a_EVF	1,3-benzothiazole-2-sulfonamide	-5.7
PPA1880	pocket4	FAD	PPA1880a_FAD	FLAVIN-ADENINE DINUCLEOTIDE	-5.96
PPA1880	pocket1	MTA	PPA1880a_MTA	5'-DEOXY-5'-METHYLTHIOADENOSINE	-5.49
PPA1881	pocket0	POG	PPA1881a_POG	(20S)-2,5,8,11,14,17-HEXAMETHYL-3,6,9,12,15,18-HEXAOXAHENICOSANE-1,20-DIOL	-2.45
PPA1882	pocket13	SPO	PPA1882a_SPO	SPHEROIDENE	-9.76
PPA1882	pocket0	HX5	PPA1882a_HX5	4,6-dichloro-2-(methylsulfanyl)pyrimidine	-4.39
PPA1882	pocket10	GTP	PPA1882a_GTP	GUANOSINE-5'-TRIPHOSPHATE	-4.24
PPA1882	pocket12	OAD	PPA1882a_OAD	2'-O-ACETYL ADENOSINE-5-DIPHOSPHORIBOSE	-4.17
PPA1882	pocket1	ABU	PPA1882a_ABU	GAMMA-AMINO-BUTANOIC ACID	-3.62
PPA1883	pokcet4	GRG	PPA1883a_GRG	GERANYLGERANYL DIPHOSPHATE 	-8.66
PPA1887	pocket3	NAD	PPA1887a_NAD	NICOTINAMIDE-ADENINE-DINUCLEOTIDE	30.99
PPA1889	pocket0	PYR	PPA1889a_PYR	PYRUVIC ACID	-3.54
PPA1890	pocket1	LIC	PPA1890a_LIC	3-(2-CHLOROBENZYL)-1-(2-{[(1S)-2-HYDROXY-1,2-DIMETHYLPROPYL]AMINO}PYRIMIDIN-4-YL)-1-(4-METHOXYPHENYL)UREA	-5.61
PPA1890	pocket0	ATP	PPA1890a_ATP	ADENOSINE-5'-TRIPHOSPHATE	-4.88
PPA1890	pocket2	NAD	PPA1890a_NAD	NICOTINAMIDE-ADENINE-DINUCLEOTIDE	-3.6
PPA1891	pocket1	LZ1	PPA1891a_LZ1	1H-indazole	-4.91
PPA1891	pocket4	FMN	PPA1891a_FMN	FLAVIN MONONUCLEOTIDE	-3.24
PPA1891	pocket10	FAD	PPA1891a_FAD	FLAVIN-ADENINE DINUCLEOTIDE	-1.32
PPA1893	pocket0	KXU	PPA1893a_KXU	5-{[(4,6-dimethylpyrimidin-2-yl)sulfanyl]methyl}-N-[(2-methylpyridin-4-yl)methyl]-1,2-oxazole-3-carboxamide	-7.4
PPA1893	pocket3	RE2	PPA1893a_RE2	5-[2-(4-hydroxyphenyl)ethyl]benzene-1,3-diol	-6.96
PPA1893	pocket9	HR4	PPA1893a_HR4	(2S,4aR,6R,7R,7aS)-6-{6-amino-8-[(4-fluorobenzyl)sulfanyl]-9H-purin-9-yl}-2-sulfanyltetrahydro-4H-furo[3,2-d][1,3,2]dioxaphosphinin-7-ol 2-oxide	-6.86
PPA1893	pocket1	PY4	PPA1893a_PY4	2-[O-PHOSPHONOPYRIDOXYL]-AMINO- BUTYRIC ACID	-5.46
PPA1893	pocket21	SAM	PPA1893a_SAM	S-ADENOSYLMETHIONINE	-5.42
PPA1893	pocket2	NAD	PPA1893a_NAD	NICOTINAMIDE-ADENINE-DINUCLEOTIDE	-4.48
PPA1893	pocket17	FAD	PPA1893a_FAD	FLAVIN-ADENINE DINUCLEOTIDE	-4.42
PPA1893	pocket16	NDP	PPA1893a_NDP	NADPH DIHYDRO-NICOTINAMIDE-ADENINE-DINUCLEOTIDE PHOSPHATE	-4.37
PPA1893	pocket6	GM2	PPA1893a_GM2	N-[(1S,2S)-2-HYDROXY-1-({[(2R,3R,4S,5S,6R)-3,4,5-TRIHYDROXY-6-(HYDROXYMETHYL)TETRAHYDRO-2H-PYRAN-2-YL]OXY}METHYL)OCTADECYL]OCTADECANAMIDE	-2.93
PPA1893	pocket15	GTP	PPA1893a_GTP	GUANOSINE-5'-TRIPHOSPHATE	-2.68
PPA1894	pocket1	FAD	PPA1894a_FAD	FLAVIN-ADENINE DINUCLEOTIDE	-10.85
PPA1894	pocket0	EPU	PPA1894a_EPU	URIDINE-DIPHOSPHATE-2(N-ACETYLGLUCOSAMINYL) BUTYRIC ACID	-7.53
PPA1895	pocket0	0KV	PPA1895a_0KV	2-{(3S)-3-[(benzylsulfonyl)amino]-2-oxopiperidin-1-yl}-N-{(2S)-1-[(3S)-1-carbamimidoylpiperidin-3-yl]-3-oxopropan-2-yl}acetamide	-9.54
PPA1896	pocket3	NAD	PPA1896a_NAD	NICOTINAMIDE-ADENINE-DINUCLEOTIDE	-3.61
PPA1897	pocket1	NAI	PPA1897a_NAI	1,4-DIHYDRONICOTINAMIDE ADENINE DINUCLEOTIDE	-8.55
PPA1898	pocket5	SB9	PPA1898a_SB9	HYDROXY[3-(6-METHYLPYRIDIN-2-YL)PROPYL]FORMAMIDE	-5.48
PPA1898	pocket9	FAD	PPA1898a_FAD	FLAVIN-ADENINE DINUCLEOTIDE	-3.01
PPA1899	pocket0	CAA	PPA1899a_CAA	ACETOACETYL-COENZYME A	-8.27
PPA1899	pocket2	36G	PPA1899a_36G	N-(2-methoxyphenyl)-3,4-dihydro-2H-quinoline-1-carboxamide	-6.32
PPA1899	pocket4	FAD	PPA1899a_FAD	FLAVIN-ADENINE DINUCLEOTIDE	-4
PPA1900	pocket8	NAP	PPA1900a_NAP	NADP NICOTINAMIDE-ADENINE-DINUCLEOTIDE PHOSPHATE	-6.7
PPA1900	pocket2	HEB	PPA1900a_HEB	HEME B/C	-0.28
PPA1900	pocket4	HEB	PPA1900a_HEB	HEME B/C	-0.28
PPA1901	pocket0	SF4	PPA1901a_SF4	IRON/SULFUR CLUSTER	-4.57
PPA1901	pocket2	SF4	PPA1901a_SF4	IRON/SULFUR CLUSTER	-4.57
PPA1901	pocket1	DX4	PPA1901a_DX4	2-amino-1,9-dihydro-6H-purine-6-thione	-4.42
PPA1903	pocket1	5NY	PPA1903a_5NY	2-chloranyl-~{N}-[(7~{S})-2-methyl-7-phenyl-10-(1~{H}-1,2,3,4-tetrazol-5-yl)-8,9-dihydro-6~{H}-pyrido[1,2-a]indol-7-yl]-4-(1,2,4-triazol-4-yl)benzamide	-6.51
PPA1904	pocket9	LJG	PPA1904a_LJG	N,N'-(iminodiethane-2,1-diyl)bis[4-amino-N-(2-methylpropyl)benzenesulfonamide]	-8.42
PPA1904	pocket12	PI4	PPA1904a_PI4	1-[2-(8-CARBAMOYLMETHYL-6,9-DIOXO-2-OXA-7,10-DIAZA-BICYCLO[11.2.2]HEPTADECA- 1(16),13(17),14-TRIEN-11-YL)-2-HYDROXY-ETHYL]-PIPERIDINE-2-CARBOXYLIC ACID TERT-BUTYLAMIDE	-8.24
PPA1904	pocket19	FAD	PPA1904a_FAD	FLAVIN-ADENINE DINUCLEOTIDE	-6.46
PPA1904	pocket0	P4T	PPA1904a_P4T	2-PHENYLAMINO-4-METHYL-5-ACETYL THIAZOLE	-5.82
PPA1904	pocket1	CIT	PPA1904a_CIT	CITRIC ACID	-3.94
PPA1904	pocket10	HMG	PPA1904a_HMG	3-HYDROXY-3-METHYLGLUTARYL-COENZYME A	-2.6
PPA1905	pocket0	TPP	PPA1905a_TPP	THIAMINE DIPHOSPHATE	-7.03
PPA1905	pocket8	FMN	PPA1905a_FMN	FLAVIN MONONUCLEOTIDE	-5.15
PPA1905	pocket7	CX4	PPA1905a_CX4	7-chloro-N-(cyclopropylmethyl)quinazolin-4-amine	-5.03
PPA1905	pocket3	N2F	PPA1905a_N2F	2-[(4-methylphenyl)sulfonyl]-5-nitrofuran	-4.76
PPA1905	pocket10	P1T	PPA1905a_P1T	2-[({3-HYDROXY-2-METHYL-5-[(PHOSPHONOOXY)METHYL]PYRIDIN-4-YL}METHYL)AMINO]ACRYLIC ACID	-4.55
PPA1905	pocket2	SF4	PPA1905a_SF4	IRON/SULFUR CLUSTER	-4.21
PPA1906	pocket1	AZQ	PPA1906a_AZQ	AZAPROPAZONE	-8.91
PPA1906	pocket28	FAD	PPA1906a_FAD	FLAVIN-ADENINE DINUCLEOTIDE	-3.98
PPA1906	pocket4	FCO	PPA1906a_FCO	CARBONMONOXIDE-(DICYANO) IRON	-3.78
PPA1907	pocket1	830	PPA1907a_830	dipotassium (2-oxo-2-{[3-(3-phenoxyphenyl)propyl]amino}ethyl)phosphonate	-8.95
PPA1907	pocket7	B70	PPA1907a_B70	tripotassium (1R)-4-biphenyl-4-yl-1-phosphonatobutane-1-sulfonate	-7.64
PPA1909	pocket2	ANP	PPA1909a_ANP	PHOSPHOAMINOPHOSPHONIC ACID-ADENYLATE ESTER	-7.24
PPA1909	pocket6	OIR	PPA1909a_OIR	N-(3-PHENYL-2-SULFANYLPROPANOYL)PHENYLALANYLALANINE	-6.86
PPA1913	pocket6	FAD	PPA1913a_FAD	FLAVIN-ADENINE DINUCLEOTIDE	-6.67
PPA1913	pocket7	ANP	PPA1913a_ANP	PHOSPHOAMINOPHOSPHONIC ACID-ADENYLATE ESTER	-3.92
PPA1915	pocket0	ATP	PPA1915a_ATP	ADENOSINE-5'-TRIPHOSPHATE	-3.27
PPA1916	pocket1	CLA	PPA1916a_CLA	CHLOROPHYLL A	-7.83
PPA1917	pocket0	HEM	PPA1917a_HEM	PROTOPORPHYRIN IX CONTAINING FE	-8.53
PPA1917	pocket2	MYR	PPA1917a_MYR	MYRISTIC ACID	-3.39
PPA1918	pocket2	UNL	PPA1918a_UNL	Unknown ligand	Nil
PPA1919	pocket4	FAD	PPA1919a_FAD	FLAVIN-ADENINE DINUCLEOTIDE	-5.51
PPA1919	pocket3	XI7	PPA1919a_XI7	2-4-DIOXO-4-PHENYLBUTANOIC ACID	-5.18
PPA1919	pocket8	12F	PPA1919a_12F	[(2R,3S,4R,5R)-5-(6-amino-9H-purin-9-yl)-3,4-dihydroxytetrahydrofuran-2-yl]methyl (2R,3S,4S)-5-[(1R,3R,3aS)-3-[2-(benzyloxy)-3-fluorophenyl]-1-hydroxy-10,11-dimethyl-4,6-dioxo-2,3,5,6-tetrahydro-1H-benzo[g]pyrrolo[2,1-e]pteridin-8(4H)-yl]-2,3,4-trihydroxypentyl dihydrogen diphosphate	-4.78
PPA1919	pocket0	CIT	PPA1919a_CIT	CITRIC ACID	-3.41
PPA1919	pocket6	CQM	PPA1919a_CQM	Citramalyl-CoA	-1.26
PPA1920	pocket0	SAH	PPA1920a_SAH	S-ADENOSYL-L-HOMOCYSTEINE	-7.76
PPA1921	pocket1	GRG	PPA1921a_GRG	GERANYLGERANYL DIPHOSPHATE	-8.46
PPA1921	pocket0	ARC	PPA1921a_ARC	3,7,11,15-TETRAMETHYL-HEXADECAN-1-OL	-7.17
PPA1921	pocket9	ESI	PPA1921a_ESI	4-IODOBENZO[B]THIOPHENE-2-CARBOXAMIDINE	-5.83
PPA1921	pocket10	780	PPA1921a_780	3-{5-[AMINO(IMINIO)METHYL]-1H-BENZIMIDAZOL-2-YL}-1,1'-BIPHENYL-2-OLATE	-5.8
PPA1921	pocket6	BCB	PPA1921a_BCB	BACTERIOCHLOROPHYLL B	-3.57
PPA1923	pocket0	DUT	PPA1923a_DUT	DEOXYURIDINE-5'-TRIPHOSPHATE	-7.72
PPA1923	pocket9	NAI	PPA1923a_NAI	1,4-DIHYDRONICOTINAMIDE ADENINE DINUCLEOTIDE	-4.33
PPA1923	pocket8	NAD	PPA1923a_NAD	NICOTINAMIDE-ADENINE-DINUCLEOTIDE	-3.8
PPA1924	pocket7	651	PPA1924a_651	(3R)-3-biphenyl-4-yl-1-azabicyclo[2.2.2]octan-3-ol	-6.95
PPA1924	pocket11	PMK	PPA1924a_PMK	(4R,8S,16S,20R)-4,8,12,16,20-pentamethylheptacosyl dihydrogen phosphate	-6.58
PPA1924	pocket6	ADP	PPA1924a_ADP	ADENOSINE-5'-DIPHOSPHATE	-6.49
PPA1924	pocket1	HEB	PPA1924a_HEB	HEME B/C	-0.26
PPA1925	pocket2	BCR	PPA1925a_BCR	BETA-CAROTENE	-7.42
PPA1926	pocket2	HEM	PPA1926a_HEM	PROTOPORPHYRIN IX CONTAINING FE	-8.39
PPA1928	pocket2	SF4	PPA1928a_SF4	IRON/SULFUR CLUSTER	-4.53
PPA1929	pocket3	2UU	PPA1929a_2UU	4-(4-methylnaphthalen-1-yl)-2-{[(4-phenoxyphenyl)sulfonyl]amino}benzoic acid	-9.72
PPA1929	pocket0	8K6	PPA1929a_8K6	Octadecane	-6.23
PPA1929	pocket1	CIT	PPA1929a_CIT	CITRIC ACID	-5.69
PPA1929	pocket4	FAD	PPA1929a_FAD	FLAVIN-ADENINE DINUCLEOTIDE	-1.28
PPA1930	pocket5	PEE	PPA1930a_PEE	1,2-dioleoyl-sn-glycero-3-phosphoethanolamine	-6.21
PPA1930	pocket1	5PW	PPA1930a_5PW	N-(6-nitro-1,3-benzothiazol-2-yl)ethanamide	-5.98
PPA1930	pocket2	SF4	PPA1930a_SF4	IRON/SULFUR CLUSTER	-4.66
PPA1930	pocket3	SF4	PPA1930a_SF4	IRON/SULFUR CLUSTER	-4.66
PPA1930	pocket0	HAE	PPA1930a_HAE	ACETOHYDROXAMIC ACID	-3.67
PPA1931	pocket2	FMN	PPA1931a_FMN	FLAVIN MONONUCLEOTIDE	-6.62
PPA1931	pocket5	SF4	PPA1931a_SF4	IRON/SULFUR CLUSTER	-4.46
PPA1931	pocket0	APB	PPA1931a_APB	M-AMINOPHENYLBORONIC ACID	Nil
PPA1931	pocket10	COB	PPA1931a_COB	CO-METHYLCOBALAMIN	Nil
PPA1932	pocket1	LMG	PPA1932a_LMG	1,2-DISTEAROYL-MONOGALACTOSYL-DIGLYCERIDE	-4.89
PPA1933	pocket7	HEM	PPA1933a_HEM	PROTOPORPHYRIN IX CONTAINING FE	-7.35
PPA1933	pocket8	CR4	PPA1933a_CR4	2-{5-[AMINO(IMINIO)METHYL]-1H-BENZIMIDAZOL-2-YL}BENZENOLATE	-5.79
PPA1933	pocket11	AZX	PPA1933a_AZX	4-[(3-CHLORO-4-{[(2R)-3,3,3-TRIFLUORO-2-HYDROXY-2-METHYLPROPANOYL]AMINO}PHENYL)SULFONYL]-N,N-DIMETHYLBENZAMIDE	-5.7
PPA1933	pocket0	HX3	PPA1933a_HX3	(3,4-dichlorophenyl)hydrazine	-5.01
PPA1933	pocket5	NWN	PPA1933a_NWN	hydrido[hydridonickel(2+)]bis(hydrocyanato-1kappaC)(hydroxymethyl)iron	-3.82
PPA1933	pocket6	ANP	PPA1933a_ANP	PHOSPHOAMINOPHOSPHONIC ACID-ADENYLATE ESTER	0.23
PPA1934	pocket5	FKC	PPA1934a_FKC	(4R)-4-[(3R,5R,8R,9S,10S,13R,14S,17R)-10,13-dimethyl-3-(2-methyl-2-oxidanyl-propyl)-2,3,4,5,6,7,8,9,11,12,14,15,16,17-tetradecahydro-1H-cyclopenta[a]phenanthren-17-yl]pentanoic acid	-7.72
PPA1934	pocket10	FMN	PPA1934a_FMN	FLAVIN MONONUCLEOTIDE	-6.36
PPA1934	pocket2	2IG	PPA1934a_2IG	6-ETHYL-5-[9-(3-METHOXYPROPYL)-9H-CARBAZOL-2-YL]PYRIMIDINE-2,4-DIAMINE	-6.05
PPA1935	pocket2	NAD	PPA1935a_NAD	NICOTINAMIDE-ADENINE-DINUCLEOTIDE	-7.88
PPA1935	pocket3	NAP	PPA1935a_NAP	NADP NICOTINAMIDE-ADENINE-DINUCLEOTIDE PHOSPHATE	-3.35
PPA1935	pocket7	NAP	PPA1935a_NAP	NADP NICOTINAMIDE-ADENINE-DINUCLEOTIDE PHOSPHATE	-3.35
PPA1936	pocket1	HEM	PPA1936a_HEM	PROTOPORPHYRIN IX CONTAINING FE	-7.92
PPA1936	pocket2	ACD	PPA1936a_ACD	ARACHIDONIC ACID	-7.2
PPA1936	pocket3	SAH	PPA1936a_SAH	S-ADENOSYL-L-HOMOCYSTEINE	-4.88
PPA1938	pocket2	65W	PPA1938a_65W	2-methyl-2-[4-(naphthalen-1-yl)phenoxy]propanoic acid	-9.38
PPA1938	pocket0	FDA	PPA1938a_FDA	DIHYDROFLAVINE-ADENINE DINUCLEOTIDE	-8.79
PPA1938	pocket9	7UG	PPA1938a_7UG	6-[2-({benzyl[4-(thiophen-3-yl)benzene-1-carbonyl]amino}methyl)phenoxy]hexanoic acid	-5.9
PPA1940	pocket4	PIM	PPA1940a_PIM	4-PHENYL-1H-IMIDAZOLE	-5.85
PPA1940	pocket8	FAD	PPA1940a_FAD	FLAVIN-ADENINE DINUCLEOTIDE	-2.73
PPA1940	pocket3	DUT	PPA1940a_DUT	DEOXYURIDINE-5'-TRIPHOSPHATE	-0.6
PPA1940	pocket0	1PE	PPA1940a_1PE	PENTAETHYLENE GLYCOL	-0.53
PPA1941	pocket10	HEM	PPA1941a_HEM	PROTOPORPHYRIN IX CONTAINING FE	-10.84
PPA1941	pocket0	DUP	PPA1941a_DUP	2'-DEOXYURIDINE 5'-ALPHA,BETA-IMIDO-TRIPHOSPHATE	-10.32
PPA1941	pocket4	N0J	PPA1941a_N0J	(4S,7aR,9aR,10S,11E,15R)-6'-chloro-15-ethyl-10-hydroxy-3',4',7a,8,9,9a,10,13,14,15-decahydro-2'H,3H,5H-spiro[1,19-(ethanediylidene)-16lambda~6~-cyclobuta[i][1,4]oxazepino[3,4-f][1,2,7]thiadiazacyclohexadecine-4,1'-naphthalene]-16,16,18(7H,17H)-trione	-8.25
PPA1941	pocket5	CDQ	PPA1941a_CDQ	6-[(5-chloro-2-oxo-2,3-dihydro-1H-indol-1-yl)methyl]-2,3-dihydro-1,4-benzodioxine-5-carboxylic acid	-8.17
PPA1941	pocket7	MCN	PPA1941a_MCN	PTERIN CYTOSINE DINUCLEOTIDE	-7.61
PPA1941	pocket9	FMN	PPA1941a_FMN	FLAVIN MONONUCLEOTIDE	-5.91
PPA1941	pocket2	VLB	PPA1941a_VLB	(2ALPHA,2'BETA,3BETA,4ALPHA,5BETA)-VINCALEUKOBLASTINE	-5.35
PPA1941	pocket11	OLA	PPA1941a_OLA	OLEIC ACID	-3.63
PPA1942	pocket3	MGD	PPA1942a_MGD	2-AMINO-5,6-DIMERCAPTO-7-METHYL-3,7,8A,9-TETRAHYDRO-8-OXA-1,3,9,10-TETRAAZA-ANTHRACEN-4-ONE GUANOSINE DINUCLEOTIDE	-9.09
PPA1942	pocket8	FMN	PPA1942a_FMN	FLAVIN MONONUCLEOTIDE	-7.96
PPA1942	pocket7	UDP	PPA1942a_UDP	URIDINE-5'-DIPHOSPHATE	-6.52
PPA1942	pocket1	GCP	PPA1942a_GCP	PHOSPHOMETHYLPHOSPHONIC ACID GUANYLATE ESTER	-2.95
PPA1942	pocket5	FAD	PPA1942a_FAD	FLAVIN-ADENINE DINUCLEOTIDE	-1.91
PPA1943	pocket0	SAH	PPA1943a_SAH	S-ADENOSYL-L-HOMOCYSTEINE	-7.12
PPA1943	pocket12	N25	PPA1943a_N25	1,3-BIS-(4-METHOXY-BENZENESULFONYL)-5,5-DIMETHYL-HEXAHYDRO-PYRIMIDINE-2-CARBOXYLIC ACID HYDROXYAMIDE	-6.79
PPA1943	pocket3	HP6	PPA1943a_HP6	HEPTANE	-3.43
PPA1944	pocket0	TFQ	PPA1944a_TFQ	4-(2,2,2-TRIFLUOROETHYL)-L-PHENYLALANINE	-6.16
PPA1944	pocket17	SA8	PPA1944a_SA8	S-5'-AZAMETHIONINE-5'-DEOXYADENOSINE	Nil
PPA1945	pocket1	ADP	PPA1945a_ADP	ADENOSINE-5'-DIPHOSPHATE	-7.48
PPA1945	pocket4	P5A	PPA1945a_P5A	'5'-O-(N-(L-PROLYL)-SULFAMOYL)ADENOSINE	-6.64
PPA1945	pocket0	CIT	PPA1945a_CIT	CITRIC ACID	-2.8
PPA1946	pocket9	COA	PPA1946a_COA	COENZYME A	-12.93
PPA1946	pocket0	CDQ	PPA1946a_CDQ	6-[(5-chloro-2-oxo-2,3-dihydro-1H-indol-1-yl)methyl]-2,3-dihydro-1,4-benzodioxine-5-carboxylic acid	-8.05
PPA1946	pocket6	TAT	PPA1946a_TAT	ADENOSINE-5'-RP-ALPHA-THIO-TRIPHOSPHATE	-5.81
PPA1947	pocket7	HEM	PPA1947a_HEM	PROTOPORPHYRIN IX CONTAINING FE	-4.28
PPA1948	pocket0	ADP	PPA1948a_ADP	ADENOSINE-5'-DIPHOSPHATE	-6.95
PPA1950	pocket3	TTP	PPA1950a_TTP	THYMIDINE-5'-TRIPHOSPHATE	-7.92
PPA1950	pocket0	U	PPA1950a_U	URIDINE-5'-MONOPHOSPHATE	-7.29
PPA1950	pocket5	FAD	PPA1950a_FAD	FLAVIN-ADENINE DINUCLEOTIDE	-3.22
PPA1951	pocket2	HEM	PPA1951a_HEM	PROTOPORPHYRIN IX CONTAINING FE	-6.89
PPA1951	pocket0	PEE	PPA1951a_PEE	1,2-dioleoyl-sn-glycero-3-phosphoethanolamine	-5.97
PPA1951	pocket7	19H	PPA1951a_19H	6-chloro-3-[3-(4-chloro-3,5-dimethylphenoxy)propyl]-1H-indole-2-carboxylic acid	-4.22
PPA1951	pocket3	BT5	PPA1951a_BT5	BIOTINYL-5-AMP	-4.15
PPA1951	pocket4	ACP	PPA1951a_ACP	PHOSPHOMETHYLPHOSPHONIC ACID ADENYLATE ESTER	-3.96
PPA1952	pocket0	P8M	PPA1952a_P8M	2-{3-[3-(cyclopentylethynyl)-4-fluorophenyl]-5-(cyclopropylmethyl)-4-[(3-fluoro-4-sulfamoylphenyl)methyl]-1H-pyrazol-1-yl}-1,3-thiazole-4-carboxylic acid	-9.85
PPA1952	pocket4	FMN	PPA1952a_FMN	FLAVIN MONONUCLEOTIDE	-5.75
PPA1952	pocket3	GNP	PPA1952a_GNP	PHOSPHOAMINOPHOSPHONIC ACID-GUANYLATE ESTER	-3.89
PPA1953	pocket1	JT2	PPA1953a_JT2	4-[[(2~{S})-1-azanylpropan-2-yl]amino]-6-(sulfanylmethyl)-1-benzothiophene-2-carboximidamide	-7.78
PPA1953	pocket0	NTJ	PPA1953a_NTJ	R-ETHYL N,N-DIMETHYLPHOSPHONAMIDATE	-4.88
PPA1953	pocket4	NAD	PPA1953a_NAD	NICOTINAMIDE-ADENINE-DINUCLEOTIDE	-3.29
PPA1954	pocket6	CMC	PPA1954a_CMC	CARBOXYMETHYL COENZYME *A	-6.15
PPA1954	pocket0	5B0	PPA1954a_5B0	{2-[5-hydroxy-4-(hydroxymethyl)-6-methylpyridin-3-yl]ethyl}phosphonic acid	-5.24
PPA1954	pocket3	FAD	PPA1954a_FAD	FLAVIN-ADENINE DINUCLEOTIDE	-3.84
PPA1954	pocket5	FAD	PPA1954a_FAD	FLAVIN-ADENINE DINUCLEOTIDE	-3.84
PPA1955	pocket17	FAD	PPA1955a_FAD	FLAVIN-ADENINE DINUCLEOTIDE	-6.07
PPA1957	pocket0	HCC	PPA1957a_HCC	2',4,4'-TRIHYDROXYCHALCONE	-7.71
PPA1957	pocket2	BGC	PPA1957a_BGC	beta-D-glucopyranose	-4.94
PPA1957	pocket1	FES	PPA1957a_FES	FE2/S2 (INORGANIC) CLUSTER	-2.34
PPA1958	pocket5	A	PPA1958a_A	ADENOSINE-5'-MONOPHOSPHATE	-6.22
PPA1958	pocket10	GSH	PPA1958a_GSH	GLUTATHIONE	-5.12
PPA1958	pocket0	SIZ	PPA1958a_SIZ	2-deoxy-2-[(difluoroacetyl)amino]-beta-D-galactopyranose	-4.43
PPA1958	pocket16	GDP	PPA1958a_GDP	GUANOSINE-5'-DIPHOSPHATE	-3.84
PPA1958	pocket2	APC	PPA1958a_APC	DIPHOSPHOMETHYLPHOSPHONIC ACID ADENOSYL ESTER	-2.88
PPA1958	pocket11	FES	PPA1958a_FES	FE2/S2 (INORGANIC) CLUSTER	-2.54
PPA1959	pocket2	4HY	PPA1959a_4HY	[4-(4-HYDROXY-3-IODO-PHENOXY)-3,5-DIIODO-PHENYL]-ACETIC ACID	-7.65
PPA1959	pocket8	BPH	PPA1959a_BPH	BACTERIOPHEOPHYTIN A	-7.47
PPA1959	pocket7	ADP	PPA1959a_ADP	ADENOSINE-5'-DIPHOSPHATE	-6.76
PPA1959	pocket3	HEM	PPA1959a_HEM	PROTOPORPHYRIN IX CONTAINING FE	-6.7
PPA1959	pocket0	LUT	PPA1959a_LUT	(3R,3'R,6S)-4,5-DIDEHYDRO-5,6-DIHYDRO-BETA,BETA-CAROTENE-3,3'-DIOL	-2.48
PPA1960	pocket3	SWY	PPA1960a_SWY	2-[3-[[4-(4-methoxyphenyl)-5-pyridin-4-yl-1,2,4-triazol-3-yl]sulfanyl]propyl]benzo[de]isoquinoline-1,3-dione	-6.17
PPA1960	pocket1	NHE	PPA1960a_NHE	2-[N-CYCLOHEXYLAMINO]ETHANE SULFONIC ACID	Nil
PPA1961	pocket6	ANP	PPA1961a_ANP	PHOSPHOAMINOPHOSPHONIC ACID-ADENYLATE ESTER	-10.5
PPA1961	pocket8	FAD	PPA1961a_FAD	FLAVIN-ADENINE DINUCLEOTIDE	-7.07
PPA1961	pocket7	PMT	PPA1961a_PMT	PHOSPHORIC ACID MONO-[3-(3-{[5-(4-AMINO-2-OXO-2H-PYRIMIDIN-1-YL)-3,4- DIHYDROXY-TETRAHYDRO-FURAN-2- YLMETHOXY]-HYDROXY-PHOSPHORYLOXY}-3-OXO-PROPYLCARBAMOYL)-3-HYDROXY-2,2- DIMETHYL-PROPYL] ESTER	-5.77
PPA1962	pocket0	UNL	PPA1962a_UNL	Unknown ligand	Nil
PPA1962	pocket2	UNL	PPA1962a_UNL	Unknown ligand	Nil
PPA1964	pocket2	LID	PPA1964a_LID	8-(2-CHLOROPHENYLAMINO)-2-(2,6-DIFLUOROPHENYLAMINO)-9-ETHYL-9H-PURINE-1,7-DIIUM	-5.9
PPA1965	pocket1	NAD	PPA1965a_NAD	NICOTINAMIDE-ADENINE-DINUCLEOTIDE	-5.99
PPA1965	pocket2	LR7	PPA1965a_LR7	[[(2~{R},3~{S},4~{R},5~{R})-5-[2,4-bis(oxidanylidene)pyrimidin-1-yl]-3,4-bis(oxidanyl)oxolan-2-yl]methoxy-oxidanyl-phosphoryl] [(2~{R},3~{R},4~{R},5~{R},6~{R})-3-(hex-5-ynoylamino)-6-(hydroxymethyl)-4,5-bis(oxidanyl)oxan-2-yl] hydrogen phosphate	-4.6
PPA1966	pocket4	HHW	PPA1966a_HHW	(~{E})-3-[3-[(4-chlorophenyl)carbamoyl]phenyl]prop-2-enoic acid	-6.09
PPA1966	pocket10	FAD	PPA1966a_FAD	FLAVIN-ADENINE DINUCLEOTIDE	-5.68
PPA1966	pocket0	GLC	PPA1966a_GLC	alpha-D-glucopyranose	-5.17
PPA1967	pocket5	M9Y	PPA1967a_M9Y	3-(2-{1-[2-(piperidin-4-yl)ethyl]-1H-indol-5-yl}-5-[1-(pyrrolidin-1-yl)cyclohexyl]-1,3-thiazol-4-yl)-N-(2,2,2-trifluoroethyl)prop-2-yn-1-amine	-9.68
PPA1967	pocket2	HEM	PPA1967a_HEM	PROTOPORPHYRIN IX CONTAINING FE	-7.23
PPA1967	pocket6	FAD	PPA1967a_FAD	FLAVIN-ADENINE DINUCLEOTIDE	-5.08
PPA1969	pocket0	AMP	PPA1969a_AMP	ADENOSINE MONOPHOSPHATE	-5.29
PPA1969	pocket3	NAD	PPA1969a_NAD	NICOTINAMIDE-ADENINE-DINUCLEOTIDE	-2.99
PPA1970	pocket13	ANP	PPA1970a_ANP	PHOSPHOAMINOPHOSPHONIC ACID-ADENYLATE ESTER	-5.92
PPA1970	pocket8	ONL	PPA1970a_ONL	5-OXO-L-NORLEUCINE	-5.19
PPA1970	pocket0	IR9	PPA1970a_IR9	[(2S,3R,4S,5S)-3,4-dihydroxypyrrolidine-2,5-diyl]bis(methylene) bis[dihydrogen (phosphate)]	-4.84
PPA1970	pocket3	SF4	PPA1970a_SF4	IRON/SULFUR CLUSTER	-3.95
PPA1971	pocket2	0YW	PPA1971a_0YW	2-{[3-(decyloxy)benzoyl]amino}-5-nitrobenzoic acid	-6.83
PPA1971	pocket0	DMU	PPA1971a_DMU	DECYL-BETA-D-MALTOPYRANOSIDE	-5.17
PPA1971	pocket3	ATP	PPA1971a_ATP	ADENOSINE-5'-TRIPHOSPHATE	-5.1
PPA1972	pocket4	U21	PPA1972a_U21	uridine-5'-diphosphate-3-O-(R-3-hydroxydecanoyl)-N-acetyl-D-glucosamine	-5.03
PPA1972	pocket13	FAD	PPA1972a_FAD	FLAVIN-ADENINE DINUCLEOTIDE	-4.16
PPA1973	pocket0	PGU	PPA1973a_PGU	N-({3-hydroxy-2-methyl-5-[(phosphonooxy)methyl]pyridin-4-yl}methyl)-L-glutamic acid	-4.58
PPA1973	pocket2	NAE	PPA1973a_NAE	NICOTINAMIDE ADENINE DINUCLEOTIDE ACETONE ADDUCT	-3.88
PPA1974	pocket0	F3S	PPA1974a_F3S	FE3-S4 CLUSTER	-3.71
PPA1974	pocket1	FES	PPA1974a_FES	FE2/S2 (INORGANIC) CLUSTER	-2.16
PPA1975	pocket9	1AG	PPA1975a_1AG	(2S)-2,3-dihydroxypropyl (5Z,8Z,11Z,14Z)-icosa-5,8,11,14-tetraenoate	-7.01
PPA1975	pocket0	HEM	PPA1975a_HEM	PROTOPORPHYRIN IX CONTAINING FE	-6.63
PPA1975	pocket4	HEM	PPA1975a_HEM	PROTOPORPHYRIN IX CONTAINING FE	-6.63
PPA1975	pocket17	ADP	PPA1975a_ADP	ADENOSINE-5'-DIPHOSPHATE	-5.25
PPA1975	pocket21	FAD	PPA1975a_FAD	FLAVIN-ADENINE DINUCLEOTIDE	-3.48
PPA1975	pocket7	CF1	PPA1975a_CF1	2-{[2-chloro-5-(trifluoromethyl)phenyl]amino}-5-methoxybenzoic acid	8.73
PPA1976	pocket2	VAE	PPA1976a_VAE	3-{[(E)-1-carboxy-2-phenylethenyl]oxy}-2-hydroxybenzoic acid	-8.49
PPA1976	pocket0	MS9	PPA1976a_MS9	methyl 2-amino-4-chlorobenzoate	-5.76
PPA1976	pocket15	OCA	PPA1976a_OCA	OCTANOIC ACID (CAPRYLIC ACID)	-4.34
PPA1977	pocket17	FAD	PPA1977a_FAD	FLAVIN-ADENINE DINUCLEOTIDE	-4.96
PPA1977	pocket3	ABV	PPA1977a_ABV	1,3-benzothiazol-2-amine	-4.48
PPA1977	pocket2	ADP	PPA1977a_ADP	ADENOSINE-5'-DIPHOSPHATE	-3.84
PPA1977	pocket1	ACP	PPA1977a_ACP	PHOSPHOMETHYLPHOSPHONIC ACID ADENYLATE ESTER	-3.31
PPA1978	pocket0	RG1	PPA1978a_RG1	Rhodopin b-D-glucoside	-9.9
PPA1978	pocket4	HMK	PPA1978a_HMK	(6AR,12AR)-6H-[1,3]DIOXOLO[5,6][1]BENZOFURO[3,2-C]CHROMENE-3,6A(12AH)-DIOL	-6.53
PPA1978	pocket10	TR3	PPA1978a_TR3	N-[3-(methylsulfanyl)-1-phenyl-1H-indazol-6-yl]piperidine-4-carboxamide	-3.75
PPA1978	pocket9	1PE	PPA1978a_1PE	PENTAETHYLENE GLYCOL	-3.54
PPA1978	pocket1	CLP	PPA1978a_CLP	FE-S CLUSTER	-3.01
PPA1979	pocket1	T3	PPA1979a_T3	3,5,3'TRIIODOTHYRONINE	-7.93
PPA1979	pocket0	BTJ	PPA1979a_BTJ	N-[(2-{2-[(N-{(2S,3R)-3-amino-4-[4-(benzyloxy)phenyl]-2-hydroxybutanoyl}-L-alanyl)amino]ethoxy}ethoxy)acetyl]-4-benzoyl-L-phenylalanyl-N~6~-hex-5-ynoyllysinamide	-6.42
PPA1979	pocket2	AJ2	PPA1979a_AJ2	4-methylquinolin-2-ol	-5.74
PPA1979	pocket29	22B	PPA1979a_22B	BACTERIORUBERIN	-3.26
PPA1979	pocket6	1PE	PPA1979a_1PE	PENTAETHYLENE GLYCOL	0.11
PPA1981	pocket6	NAD	PPA1981a_NAD	NICOTINAMIDE-ADENINE-DINUCLEOTIDE	-6.35
PPA1981	pocket5	FMN	PPA1981a_FMN	FLAVIN MONONUCLEOTIDE	-6.24
PPA1981	pocket0	FAD	PPA1981a_FAD	FLAVIN-ADENINE DINUCLEOTIDE	-5.83
PPA1981	pocket1	FAD	PPA1981a_FAD	FLAVIN-ADENINE DINUCLEOTIDE	-5.83
PPA1981	pocket3	HC4	PPA1981a_HC4	4'-HYDROXYCINNAMIC ACID	-4.21
PPA1981	pocket11	CXJ	PPA1981a_CXJ	(2S)-(3,5-difluorophenyl)(hydroxy)acetic acid	-3.92
PPA1982	pocket2	ROA	PPA1982a_ROA	(2R)-3-(3,4-dihydroxyphenyl)-2-{[(2E)-3-(3,4-dihydroxyphenyl)prop-2-enoyl]oxy}propanoic acid	-8.35
PPA1982	pocket0	BZ3	PPA1982a_BZ3	5-methoxy-1H-indole	-4.64
PPA1983	pocket14	NAD	PPA1983a_NAD	NICOTINAMIDE-ADENINE-DINUCLEOTIDE	-7.74
PPA1983	pocket5	FCO	PPA1983a_FCO	CARBONMONOXIDE-(DICYANO) IRON	-3.81
PPA1983	pocket2	F3S	PPA1983a_F3S	FE3-S4 CLUSTER	-3.16
PPA1983	pocket1	1PE	PPA1983a_1PE	PENTAETHYLENE GLYCOL	-0.75
PPA1986	pocket0	NAG	PPA1986a_NAG	2-acetamido-2-deoxy-beta-D-glucopyranose	-4.18
PPA1986	pocket6	FAD	PPA1986a_FAD	FLAVIN-ADENINE DINUCLEOTIDE	-3.77
PPA1987	pocket0	ONL	PPA1987a_ONL	5-OXO-L-NORLEUCINE	-6.59
PPA1987	pocket2	YAM	PPA1987a_YAM	N-methyl-N-{3-[({2-[(2-oxo-2,3-dihydro-1H-indol-5-yl)amino]-5-(trifluoromethyl)pyrimidin-4-yl}amino)methyl]pyridin-2-yl}methanesulfonamide	-6.34
PPA1987	pocket4	G2P	PPA1987a_G2P	PHOSPHOMETHYLPHOSPHONIC ACID GUANYLATE ESTER	-6.26
PPA1987	pocket1	HCY	PPA1987a_HCY	(11alpha,14beta)-11,17,21-trihydroxypregn-4-ene-3,20-dione	-5.82
PPA1988	pocket0	ADP	PPA1988a_ADP	ADENOSINE-5'-DIPHOSPHATE	-7.41
PPA1988	pocket1	DUD	PPA1988a_DUD	DEOXYURIDINE-5'-DIPHOSPHATE	-5.39
PPA1988	pocket4	NAD	PPA1988a_NAD	NICOTINAMIDE-ADENINE-DINUCLEOTIDE	-4.16
PPA1988	pocket6	FAD	PPA1988a_FAD	FLAVIN-ADENINE DINUCLEOTIDE	-2.07
PPA1989	pocket1	AIT	PPA1989a_AIT	(2S,3R)-3-(4-HYDROXYPHENYL)-2-(4-{[(2R)-2-PYRROLIDIN-1-YLPROPYL]OXY}PHENYL)-2,3-DIHYDRO-1,4-BENZOXATHIIN-6-OL	-8.82
PPA1989	pocket3	FAD	PPA1989a_FAD	FLAVIN-ADENINE DINUCLEOTIDE	-4.59
PPA1990	pocket0	FAD	PPA1990a_FAD	FLAVIN-ADENINE DINUCLEOTIDE	-7.96
PPA1990	pocket13	FAD	PPA1990a_FAD	FLAVIN-ADENINE DINUCLEOTIDE	-7.96
PPA1990	pocket9	FAD	PPA1990a_FAD	FLAVIN-ADENINE DINUCLEOTIDE	-7.96
PPA1990	pocket10	X2L	PPA1990a_X2L	(3Z)-5-AMINO-3-[(4-METHOXYPHENYL)METHYLIDENE]-1,3-DIHYDRO-2H-INDOL-2-ONE	-6.52
PPA1990	pocket7	8JM	PPA1990a_8JM	4-[2-amino-4-ethyl-5-(1H-indazol-5-yl)pyridin-3-yl]phenol	-6.31
PPA1990	pocket12	PGA	PPA1990a_PGA	2-PHOSPHOGLYCOLIC ACID	-1.99
PPA1991	pocket5	3YG	PPA1991a_3YG	(S)-2-({5-[3-(2-Amino-4-oxo-4,7-dihydro-3H-pyrrolo[2,3-d]pyrimidin-6-yl)-propyl]-thiophene-3-carbonyl}-amino)-pentanedioic acid	-5.56
PPA1991	pocket1	GUN	PPA1991a_GUN	GUANINE	-5.29
PPA1991	pocket4	COA	PPA1991a_COA	COENZYME A	0.14
PPA1992	pocket17	SQU	PPA1992a_SQU	2,10,23-TRIMETHYL-TETRACOSANE	-6.07
PPA1992	pocket15	FAD	PPA1992a_FAD	FLAVIN-ADENINE DINUCLEOTIDE	-5.02
PPA1992	pocket9	FAD	PPA1992a_FAD	FLAVIN-ADENINE DINUCLEOTIDE	-5.02
PPA1992	pocket6	PLM	PPA1992a_PLM	PALMITIC ACID	-4.73
PPA1992	pocket5	WO4	PPA1992a_WO4	TUNGSTATE(VI)ION	Nil
PPA1993	pocket2	30B	PPA1993a_30B	(2R,3aR,10Z,11aS,12aR,14aR)-N-(cyclopropylsulfonyl)-2-({7-methoxy-8-methyl-2-[4-(1-methylethyl)-1,3-thiazol-2-yl]quinolin-4-yl}oxy)-5-methyl-4,14-dioxo-2,3,3a,4,5,6,7,8,9,11a,12,13,14,14a-tetradecahydrocyclopenta[c]cyclopropa[g][1,6]diazacyclotetradecine-12a(1H)-carboxamide	-8.8
PPA1993	pocket0	ANP	PPA1993a_ANP	PHOSPHOAMINOPHOSPHONIC ACID-ADENYLATE ESTER	-6.8
PPA1993	pocket1	MPH	PPA1993a_MPH	(1-AMINO-3-METHYLSULFANYL-PROPYL)-PHOSPHONIC ACID	-4.33
PPA1994	pocket0	IMO	PPA1994a_IMO	6-O-PHOSPHORYL INOSINE MONOPHOSPHATE	-7.36
PPA1994	pocket6	N16	PPA1994a_N16	(3Z,5S)-5-benzyl-3-[1-(phenylamino)ethylidene]pyrrolidine-2,4-dione	-7.23
PPA1994	pocket1	GPX	PPA1994a_GPX	GUANOSINE 5'-DIPHOSPHATE 2':3'-CYCLIC MONOPHOSPHATE	-7.15
PPA1994	pocket8	FAD	PPA1994a_FAD	FLAVIN-ADENINE DINUCLEOTIDE	-3.8
PPA1995	pocket0	ACO	PPA1995a_ACO	ACETYL COENZYME *A	-8.48
PPA1995	pocket12	FAS	PPA1995a_FAS	ARABINO-FLAVIN-ADENINE DINUCLEOTIDE	-4.65
PPA1995	pocket2	GNP	PPA1995a_GNP	PHOSPHOAMINOPHOSPHONIC ACID-GUANYLATE ESTER	-3.94
PPA1997	pocket1	3GG	PPA1997a_3GG	1-phenyl-3-[4-(1H-tetrazol-5-yl)phenyl]urea	-6.52
PPA1997	pocket0	LRY	PPA1997a_LRY	N-acetylmannosamine-6-phosphate	-5.58
PPA1997	pocket3	FAD	PPA1997a_FAD	FLAVIN-ADENINE DINUCLEOTIDE	-5.03
PPA1997	pocket4	GTP	PPA1997a_GTP	GUANOSINE-5'-TRIPHOSPHATE	-1.85
PPA1998	pocket5	HEM	PPA1998a_HEM	PROTOPORPHYRIN IX CONTAINING FE	-7.37
PPA1998	pocket7	NAD	PPA1998a_NAD	NICOTINAMIDE-ADENINE-DINUCLEOTIDE	-5.65
PPA1998	pocket0	FES	PPA1998a_FES	FE2/S2 (INORGANIC) CLUSTER	-2.32
PPA2000	pocket0	BQ9	PPA2000a_BQ9	(2R)-1-(dodecanoyloxy)-3-hydroxypropan-2-yl (5E,8E,11E)-tetradeca-5,8,11-trienoate	-8.53
PPA2000	pocket4	HEM	PPA2000a_HEM	PROTOPORPHYRIN IX CONTAINING FE	-7.87
PPA2000	pocket2	1MN	PPA2000a_1MN	(2S,5R,6S)-2-benzyl-5,6-bis(4-bromophenyl)-4-methylmorpholin-3-one	-6.96
PPA2000	pocket10	PPY	PPA2000a_PPY	3-PHENYLPYRUVIC ACID	-4.61
PPA2000	pocket7	4A2	PPA2000a_4A2	(2E)-2-(3-fluoranyl-4-methoxy-phenyl)imino-1-[[2-(trifluoromethyl)phenyl]methyl]-3H-benzimidazole-5-carboxylic acid	-3.74
PPA2000	pocket19	FAD	PPA2000a_FAD	FLAVIN-ADENINE DINUCLEOTIDE	317.51
PPA2003	pocket0	SYE	PPA2003a_SYE	(quinolin-2-ylmethyl)phosphonic acid	-5.87
PPA2003	pocket2	5GP	PPA2003a_5GP	GUANOSINE-5'-MONOPHOSPHATE	-5.5
PPA2003	pocket6	BEA	PPA2003a_BEA	5-METHYL-1,2,4-TRIAZOLO[3,4-B]BENZOTHIAZOLE	-4.8
PPA2003	pocket13	ADP	PPA2003a_ADP	ADENOSINE-5'-DIPHOSPHATE	-4.04
PPA2004	pocket0	SAL	PPA2004a_SAL	2-HYDROXYBENZOIC ACID	-5.09
PPA2007	pocket3	KTK	PPA2007a_KTK	4-[3-amino-4-(4-hydroxyphenyl)-1H-pyrazol-5-yl]benzene-1,3-diol	-6.98
PPA2008	pocket8	RJH	PPA2008a_RJH	1-(3-chloranyl-4-methoxy-phenyl)-3-[7-[(3~{S})-3-(methoxymethyl)morpholin-4-yl]-2-methyl-pyrazolo[1,5-a]pyrimidin-6-yl]urea	-5.17
PPA2008	pocket9	HC4	PPA2008a_HC4	4'-HYDROXYCINNAMIC ACID	-4.92
PPA2009	pocket0	L1P	PPA2009a_L1P	3-PHOSPHORYL-[1,2-DI-PHYTANYL]GLYCEROL	-9.92
PPA2009	pocket1	FMN	PPA2009a_FMN	FLAVIN MONONUCLEOTIDE	-8.54
PPA2009	pocket13	5CA	PPA2009a_5CA	5'-O-(N-(L-CYSTEINYL)-SULFAMOYL)ADENOSINE	-6.95
PPA2013	pocket3	82B	PPA2013a_82B	3'-{[(4-bromo-1-methyl-1H-pyrrol-2-yl)carbonyl]amino}-N-[(1S)-1-phenyl-2-(pyrrolidin-1-yl)ethyl]-1',4'-dihydro-5'H-spiro[cyclopropane-1,6'-pyrrolo[3,4-c]pyrazole]-5'-carboxamide	-8.56
PPA2013	pocket1	TPP	PPA2013a_TPP	THIAMINE DIPHOSPHATE	-7.79
PPA2013	pocket0	SAH	PPA2013a_SAH	S-ADENOSYL-L-HOMOCYSTEINE	-6.78
PPA2015	pocket0	8MA	PPA2015a_8MA	4-{[6-(cyclohexylmethyl)pyridine-2-carbonyl]amino}-3-[(4-fluorophenyl)amino]benzoic acid	-9.47
PPA2016	pocket0	SAH	PPA2016a_SAH	S-ADENOSYL-L-HOMOCYSTEINE	-9.06
PPA2016	pocket3	GAX	PPA2016a_GAX	1-{3-[(4-pyridin-2-ylpiperazin-1-yl)sulfonyl]phenyl}-3-(1,3-thiazol-2-yl)urea	-5.88
PPA2017	pocket4	0LJ	PPA2017a_0LJ	N-[(1R,2R)-2-carbamimidamido-2,3-dihydro-1H-inden-1-yl]-N'-(4-chloro-3-fluorophenyl)ethanediamide	-6.68
PPA2017	pocket5	MYR	PPA2017a_MYR	MYRISTIC ACID	-4.87
PPA2018	pocket0	MYR	PPA2018a_MYR	MYRISTIC ACID	-7.4
PPA2018	pocket2	HEC	PPA2018a_HEC	HEME C	-5.19
PPA2020	pocket0	CBT	PPA2020a_CBT	N,N-BIS(4-CHLOROBENZYL)-1H-1,2,3,4-TETRAAZOL-5-AMINE	-9.2
PPA2020	pocket9	4AF	PPA2020a_4AF	4-ACETYL-L-PHENYLALANINE	-5.62
PPA2020	pocket2	JOV	PPA2020a_JOV	3-chloro-N-(1-hydroxy-2-methylpropan-2-yl)benzamide	-5.51
PPA2020	pocket7	FUC	PPA2020a_FUC	alpha-L-fucopyranose	-3.56
PPA2021	pocket0	ANP	PPA2021a_ANP	PHOSPHOAMINOPHOSPHONIC ACID-ADENYLATE ESTER	-10.33
PPA2021	pocket2	JVM	PPA2021a_JVM	1-(4-{5-[(piperidin-4-yl)methoxy]-3-[4-(1H-pyrazol-4-yl)phenyl]pyrazin-2-yl}phenyl)methanamine	-9.74
PPA2021	pocket9	BMS	PPA2021a_BMS	4-[(4,4-DIMETHYL-1,2,3,4-TETRAHYDRO-[1,2']BINAPTHALENYL-7-CARBONYL)-AMINO]-BENZOIC ACID	-7.37
PPA2021	pocket5	100	PPA2021a_100	1-(5-CHLOROINDOL-3-YL)-3-HYDROXY-3-(2H-TETRAZOL-5-YL)-PROPENONE	-6.94
PPA2021	pocket11	03M	PPA2021a_03M	(5Z)-5-[(6-chloro-7-methyl-1H-indol-3-yl)methylidene]-3-(3,4-difluorobenzyl)imidazolidine-2,4-dione	-5.97
PPA2022	pocket0	L1P	PPA2022a_L1P	3-PHOSPHORYL-[1,2-DI-PHYTANYL]GLYCEROL	-9.73
PPA2022	pocket14	HEM	PPA2022a_HEM	PROTOPORPHYRIN IX CONTAINING FE	-7.56
PPA2022	pocket5	ATP	PPA2022a_ATP	ADENOSINE-5'-TRIPHOSPHATE	-7.12
PPA2022	pocket4	4K7	PPA2022a_4K7	(5R)-2-(3,4-dichlorobenzyl)-N-(4-methylbenzyl)-2,7-diazaspiro[4.5]decane-7-carboxamide	-6.74
PPA2022	pocket2	FVG	PPA2022a_FVG	1-[(2S)-1-{6-chloro-1-[(4-fluoro-3,5-dimethylphenyl)methyl]-2-(piperazin-1-yl)-1H-benzimidazol-4-yl}pyrrolidin-2-yl]methanamine	47.79
PPA2023	pocket1	PZH	PPA2023a_PZH	1-(4-BROMOPHENYL)METHANAMINE	-5.74
PPA2023	pocket0	CIT	PPA2023a_CIT	CITRIC ACID	-2.73
PPA2024	pocket3	MCN	PPA2024a_MCN	PTERIN CYTOSINE DINUCLEOTIDE	-6.67
PPA2024	pocket0	M2P	PPA2024a_M2P	D-MANNITOL-1,6-DIPHOSPHATE	-6.19
PPA2025	pocket6	BLA	PPA2025a_BLA	BILIVERDINE IX ALPHA	-9.42
PPA2025	pocket5	AO8	PPA2025a_AO8	[2-[[2-(isoquinolin-5-ylsulfonylamino)ethylamino]methyl]phenyl]boronic acid	-8.21
PPA2025	pocket3	LES	PPA2025a_LES	(3S)-N-(pyrimidin-2-yl)azepan-3-amine	-4.67
PPA2025	pocket0	FAD	PPA2025a_FAD	FLAVIN-ADENINE DINUCLEOTIDE	-3.32
PPA2025	pocket4	FAD	PPA2025a_FAD	FLAVIN-ADENINE DINUCLEOTIDE	-3.32
PPA2026	pocket3	9PC	PPA2026a_9PC	3-[(6-chloro[1,3]thiazolo[5,4-b]pyridin-2-yl)methoxy]-2,6-difluorobenzamide	-5.77
PPA2026	pocket10	FAD	PPA2026a_FAD	FLAVIN-ADENINE DINUCLEOTIDE	-5.17
PPA2026	pocket8	MS9	PPA2026a_MS9	methyl 2-amino-4-chlorobenzoate	-4.16
PPA2027	pocket0	MS9	PPA2027a_MS9	methyl 2-amino-4-chlorobenzoate	-4.91
PPA2030	pocket4	ACP	PPA2030a_ACP	PHOSPHOMETHYLPHOSPHONIC ACID ADENYLATE ESTER	-4.74
PPA2030	pocket0	P3G	PPA2030a_P3G	3,6,9,12,15-PENTAOXAHEPTADECANE	-2.41
PPA2031	pocket0	BCR	PPA2031a_BCR	BETA-CAROTENE	-14.26
PPA2031	pocket8	IMO	PPA2031a_IMO	6-O-PHOSPHORYL INOSINE MONOPHOSPHATE	-6.92
PPA2031	pocket16	FSC	PPA2031a_FSC	FUSICOCCIN	-6.3
PPA2031	pocket2	DPO	PPA2031a_DPO	DIPHOSPHATE	-5.76
PPA2031	pocket1	FES	PPA2031a_FES	FE2/S2 (INORGANIC) CLUSTER	-2.23
PPA2031	pocket26	HCB	PPA2031a_HCB	5-HYDROXYBENZIMIDAZOLYLCOBAMIDE	Nil
PPA2032	pocket0	L22	PPA2032a_L22	4-(2-amino-1,3-thiazol-4-yl)pyrimidin-2-amine	-5.59
PPA2032	pocket2	POP	PPA2032a_POP	PYROPHOSPHATE 2-	-3.99
PPA2033	pocket2	BCR	PPA2033a_BCR	BETA-CAROTENE	-10.09
PPA2033	pocket1	RDC	PPA2033a_RDC	RADICICOL	4.01
PPA2034	pocket8	SFD	PPA2034a_SFD	(S)-10-((2S,3S,4R)-5-((S)-((S)-(((2R,3S,4R,5R)-5-(6-AMINO-9H-PURIN-9-YL)-3,4-DIHYDROXY-TETRAHYDROFURAN-2-YL)METHOXY)(HYDROXY)PHOSPHORYLOXY)(HYDROXY)PHOSPHORYLOXY)-2,3,4-TRIHYDROXYPENTYL)-7,8-DIMETHYL-2,4-DIOXO-2,3,4,4A-TETRAHYDROBENZO[G]PTERIDINE-5(10H)-SULFONIC ACID	-7.31
PPA2034	pocket0	B48	PPA2034a_B48	4-methyl-5-[3-(methylsulfanyl)-1H-pyrazol-5-yl]-2-thiophen-2-yl-1,3-thiazole	-6.66
PPA2034	pocket17	9TR	PPA2034a_9TR	N6-{[(3-azidophenyl)methoxy]carbonyl}-L-lysine	-5.75
PPA2034	pocket11	FAD	PPA2034a_FAD	FLAVIN-ADENINE DINUCLEOTIDE	-5.47
PPA2034	pocket4	CDP	PPA2034a_CDP	CYTIDINE-5'-DIPHOSPHATE	-4.6
PPA2034	pocket7	HEM	PPA2034a_HEM	PROTOPORPHYRIN IX CONTAINING FE	-3.44
PPA2035	pocket0	NAD	PPA2035a_NAD	NICOTINAMIDE-ADENINE-DINUCLEOTIDE	-7.78
PPA2035	pocket4	NAD	PPA2035a_NAD	NICOTINAMIDE-ADENINE-DINUCLEOTIDE	-7.78
PPA2035	pocket8	NAI	PPA2035a_NAI	1,4-DIHYDRONICOTINAMIDE ADENINE DINUCLEOTIDE	-6.55
PPA2035	pocket5	7KB	PPA2035a_7KB	5-(1,4-diazepan-1-ylsulfonyl)-4-methyl-isoquinoline	-5.67
PPA2035	pocket2	SR1	PPA2035a_SR1	5-S-methyl-5-thio-alpha-D-ribofuranose	-4.64
PPA2035	pocket3	GAL	PPA2035a_GAL	beta-D-galactopyranose	-3.66
PPA2038	pocket6	K5J	PPA2038a_K5J	4-[3-(methylsulfonyl)phenoxy]-N-[(1R,3R,5R)-2-oxobicyclo[3.1.0]hexan-3-yl]butanamide	-7.33
PPA2038	pocket8	2NC	PPA2038a_2NC	N-{(2S)-2-[(N-acetyl-L-threonyl-L-isoleucyl)amino]hexyl}-L-norleucyl-L-glutaminyl-N~5~-[amino(iminio)methyl]-L-ornithinamide	-5.52
PPA2038	pocket14	FAD	PPA2038a_FAD	FLAVIN-ADENINE DINUCLEOTIDE	-4.72
PPA2039	pocket0	NAP	PPA2039a_NAP	NADP NICOTINAMIDE-ADENINE-DINUCLEOTIDE PHOSPHATE	-3.43
PPA2039	pocket1	P50	PPA2039a_P50	(19S,22S,25R)-25-amino-22-hydroxy-16,22,26-trioxo-17,21,23-trioxa-22lambda~5~-phosphahexacosan-19-yl (9Z)-octadec-9-enoate	-0.91
PPA2040	pocket11	L04	PPA2040a_L04	6-(4'-FLUORO-BIPHENYL-4-YL)-4-(3-METHYL-1-PHENYLCARBAMOYL-BUTYLCARBAMOYL)-2-[4-(1-OXO-1,3-DIHYDRO-ISOINDOL-2-YL)-BUTYL]-HEXANOIC ACID	-8.63
PPA2040	pocket1	478	PPA2040a_478	{3-[(4-AMINO-BENZENESULFONYL)-ISOBUTYL-AMINO]-1-BENZYL-2-HYDROXY-PROPYL}-CARBAMIC ACID TETRAHYDRO-FURAN-3-YL ESTER	-8.56
PPA2040	pocket0	ATP	PPA2040a_ATP	ADENOSINE-5'-TRIPHOSPHATE	-3.69
PPA2042	pocket2	O74	PPA2042a_O74	6-[4-(2-chloroanilino)-1H-quinazolin-2-ylidene]cyclohexa-2,4-dien-1-one	-5.5
PPA2042	pocket0	ADP	PPA2042a_ADP	ADENOSINE-5'-DIPHOSPHATE	-3.1
PPA2043	pocket3	IN0	PPA2043a_IN0	N-{2-[TRANS-7-CHLORO-1-(2,2-DIMETHYL-PROPYL) -5-NAPHTHALEN-1-YL-2-OXO-1,2,3,5-TETRAHYDRO-BENZO[E][1,4]OXAZEPIN-3-YL]-ACETYL}-ASPARTIC ACID	-9.32
PPA2045	pocket1	5OA	PPA2045a_5OA	5-[2,3-bis(chloranyl)phenyl]-2-[(3~{R},5~{S})-3,5-dimethylpiperazin-1-yl]pyrimidin-4-amine	-5.36
PPA2045	pocket0	G3H	PPA2045a_G3H	GLYCERALDEHYDE-3-PHOSPHATE	-4.71
PPA2046	pocket10	9LD	PPA2046a_9LD	ethyl 4-({2-phenyl-5-[(thiophen-2-yl)sulfonyl]-4,5,6,7-tetrahydro-2H-pyrazolo[4,3-c]pyridine-3-carbonyl}amino)benzoate	-6.84
PPA2047	pocket1	HEM	PPA2047a_HEM	PROTOPORPHYRIN IX CONTAINING FE	-5.88
PPA2047	pocket0	WGT	PPA2047a_WGT	ethyl 5'-amino[2,3'-bithiophene]-4'-carboxylate	-5.21
PPA2047	pocket5	NAD	PPA2047a_NAD	NICOTINAMIDE-ADENINE-DINUCLEOTIDE	-2.18
PPA2048	pocket13	FAD	PPA2048a_FAD	FLAVIN-ADENINE DINUCLEOTIDE	-6.03
PPA2048	pocket1	ADP	PPA2048a_ADP	ADENOSINE-5'-DIPHOSPHATE	-5.95
PPA2048	pocket2	BDP	PPA2048a_BDP	beta-D-glucopyranuronic acid	-3.28
PPA2048	pocket0	PEP	PPA2048a_PEP	PHOSPHOENOLPYRUVATE	-2.81
PPA2049	pocket1	ADP	PPA2049a_ADP	ADENOSINE-5'-DIPHOSPHATE	-8.94
PPA2049	pocket4	BBA	PPA2049a_BBA	2,7-BIS-(4-AMIDINOBENZYLIDENE)-CYCLOHEPTAN-1-ONE	-4.17
PPA2050	pocket0	SAM	PPA2050a_SAM	S-ADENOSYLMETHIONINE	-8.13
PPA2050	pocket2	AA5	PPA2050a_AA5	N-[(3-HYDROXY-2-METHYL-5-{[(TRIHYDROXYPHOSPHORANYL)OXY]METHYL}PYRIDIN-4-YL)METHYLENE]METHIONINE	-5.32
PPA2050	pocket10	NAD	PPA2050a_NAD	NICOTINAMIDE-ADENINE-DINUCLEOTIDE	-5.11
PPA2050	pocket1	2HO	PPA2050a_2HO	3,4-difluorobenzamide	-4.5
PPA2051	pocket6	FAD	PPA2051a_FAD	FLAVIN-ADENINE DINUCLEOTIDE	-5.79
PPA2051	pocket0	CIT	PPA2051a_CIT	CITRIC ACID	-2.96
PPA2052	pocket0	TA6	PPA2052a_TA6	6-O-phosphono-beta-D-tagatofuranose	-5.48
PPA2052	pocket1	UNL	PPA2052a_UNL	Unknown ligand	Nil
PPA2053	pocket4	APR	PPA2053a_APR	ADENOSINE-5-DIPHOSPHORIBOSE	-5.15
PPA2053	pocket0	0RQ	PPA2053a_0RQ	[[(2R,3S,4R,5R)-5-(6-aminopurin-9-yl)-4-oxidanyl-3-phosphonooxy-oxolan-2-yl]methoxy-oxidanyl-phosphoryl] [(3R)-2,2-dimethyl-3-oxidanyl-4-oxidanylidene-4-[[3-oxidanylidene-3-(4-oxidanylidenepentylamino)propyl]amino]butyl] hydrogen phosphate	-4.93
PPA2053	pocket2	27Y	PPA2053a_27Y	5-bromo-3-hydroxypyridin-2(1H)-one	-3.75
PPA2054	pocket1	CLA	PPA2054a_CLA	CHLOROPHYLL A	-10.65
PPA2054	pocket2	4MB	PPA2054a_4MB	4-[(METHYLSULFONYL)AMINO]BENZOIC ACID	-5.44
PPA2054	pocket6	PYR	PPA2054a_PYR	PYRUVIC ACID	-2.56
PPA2054	pocket5	FES	PPA2054a_FES	FE2/S2 (INORGANIC) CLUSTER	-2.43
PPA2055	pocket0	MUT	PPA2055a_MUT	(5S)-3-(3-ACETYLPHENYL)-N-[(1S,2R)-1-BENZYL-2-HYDROXY-3-{ISOBUTYL[(4-METHOXYPHENYL)SULFONYL]AMINO}PROPYL]-2-OXO-1,3-OXAZOLIDINE-5-CARBOXAMIDE	-12.2
PPA2055	pocket6	FAD	PPA2055a_FAD	FLAVIN-ADENINE DINUCLEOTIDE	-6.64
PPA2055	pocket1	E4P	PPA2055a_E4P	ERYTHOSE-4-PHOSPHATE	-3.41
PPA2056	pocket7	FAD	PPA2056a_FAD	FLAVIN-ADENINE DINUCLEOTIDE	-6.29
PPA2056	pocket10	CIT	PPA2056a_CIT	CITRIC ACID	-1.17
PPA2057	pocket1	TFA	PPA2057a_TFA	trifluoroacetic acid	-2.26
PPA2057	pocket0	GLA	PPA2057a_GLA	alpha-D-galactopyranose	Nil
PPA2058	pocket2	PS7	PPA2058a_PS7	{(1R,2R,3R)-2-[(3E)-4,8-dimethylnona-3,7-dien-1-yl]-2-methyl-3-[(1E,5E)-2,6,10-trimethylundeca-1,5,9-trien-1-yl]cyclopropyl}methyl trihydrogen diphosphate	-7.74
PPA2058	pocket0	BAM	PPA2058a_BAM	NA	-5.11
PPA2058	pocket9	PLM	PPA2058a_PLM	PALMITIC ACID	-4.68
PPA2059	pocket1	HEM	PPA2059a_HEM	PROTOPORPHYRIN IX CONTAINING FE	-6.58
PPA2059	pocket8	9FH	PPA2059a_9FH	5-methyl-1-phenyl-pyrazole-4-carboxylic acid	-4.71
PPA2060	pocket9	BIS	PPA2060a_BIS	1,1,5,5-TETRAFLUOROPHOSPHOPENTYLPHOSPHONIC ACID ADENYLATE ESTER	-8.41
PPA2060	pocket6	NAD	PPA2060a_NAD	NICOTINAMIDE-ADENINE-DINUCLEOTIDE	-4.33
PPA2061	pocket5	123	PPA2061a_123	2-(2-HYDROXY-5-METHOXY-PHENYL)-1H-BENZOIMIDAZOLE-5-CARBOXAMIDINE	-6.86
PPA2061	pocket1	ADP	PPA2061a_ADP	ADENOSINE-5'-DIPHOSPHATE	-4.24
PPA2061	pocket12	APR	PPA2061a_APR	ADENOSINE-5-DIPHOSPHORIBOSE	-3.75
PPA2061	pocket9	FAD	PPA2061a_FAD	FLAVIN-ADENINE DINUCLEOTIDE	-2.87
PPA2061	pocket2	NAP	PPA2061a_NAP	NADP NICOTINAMIDE-ADENINE-DINUCLEOTIDE PHOSPHATE	-2.39
PPA2062	pocket2	2O4	PPA2062a_2O4	(3R)-N-[3-(7-methoxy-3,4-dihydroquinolin-1(2H)-yl)propyl]-3-methyl-2-oxo-1,2,3,4-tetrahydroquinoxaline-5-carboxamide	-7.2
PPA2062	pocket7	LFG	PPA2062a_LFG	N-cycloheptyl-5-cyclopropyl-1,3,4-oxadiazol-2-amine	-5.27
PPA2062	pocket0	FRU	PPA2062a_FRU	beta-D-fructofuranose	Nil
PPA2063	pocket15	LMY	PPA2063a_LMY	~{N}-[3-[[2-cyano-4-methyl-5-[[4-[[2-(methylamino)-6-[2,2,2-tris(fluoranyl)ethyl]thieno[2,3-d]pyrimidin-4-yl]amino]piperidin-1-yl]methyl]indol-1-yl]methyl]-1-bicyclo[1.1.1]pentanyl]methanamide	-8.08
PPA2063	pocket0	P9L	PPA2063a_P9L	1,3-dimethyl-6-(morpholin-4-ylsulfonyl)-3,4-dihydroquinazolin-2(1H)-one	-7.53
PPA2063	pocket2	DMW	PPA2063a_DMW	2,3-DIMETHYL-1,4-NAPHTHOQUINONE	-6.07
PPA2063	pocket5	HEM	PPA2063a_HEM	PROTOPORPHYRIN IX CONTAINING FE	-3.63
PPA2064	pocket3	0YZ	PPA2064a_0YZ	(2Z)-4-[3-(decyloxy)phenyl]-2-hydroxy-4-oxobut-2-enoic acid	-7.92
PPA2064	pocket7	IHA	PPA2064a_IHA	{[2-({[5-(2,6-dimethoxyphenyl)-1,2,4-triazin-3-yl]amino}methyl)-1,3-benzothiazol-5-yl]oxy}acetic acid	-6.85
PPA2064	pocket5	HEC	PPA2064a_HEC	HEME C	-6.64
PPA2064	pocket0	5GU	PPA2064a_5GU	7-bromo-3,4-dihydroquinoxalin-2(1H)-one	-6.32
PPA2064	pocket1	ZCT	PPA2064a_ZCT	2,2'-[(1R,1'R,3S,3'S)-6,6',9,9'-tetrahydroxy-1,1'-dimethyl-5,5',10,10'-tetraoxo-3,3',4,4',5,5',10,10'-octahydro-1H,1'H-8,8'-bibenzo[g]isochromene-3,3'-diyl]diacetic acid	-5.31
PPA2064	pocket11	SAM	PPA2064a_SAM	S-ADENOSYLMETHIONINE	-4.37
PPA2064	pocket9	NAD	PPA2064a_NAD	NICOTINAMIDE-ADENINE-DINUCLEOTIDE	-4.28
PPA2065	pocket1	BCB	PPA2065a_BCB	BACTERIOCHLOROPHYLL B	-8.52
PPA2065	pocket3	LBK	PPA2065a_LBK	6,7-dimethoxy-~{N}-[(1~{R})-1-phenylethyl]quinazolin-4-amine	-6.49
PPA2065	pocket11	ACO	PPA2065a_ACO	ACETYL COENZYME *A	-4.28
PPA2065	pocket5	NAD	PPA2065a_NAD	NICOTINAMIDE-ADENINE-DINUCLEOTIDE	-3.8
PPA2065	pocket2	FLC	PPA2065a_FLC	CITRATE ANION	-3.78
PPA2066	pocket20	FAD	PPA2066a_FAD	FLAVIN-ADENINE DINUCLEOTIDE	-8.66
PPA2066	pocket27	HEM	PPA2066a_HEM	PROTOPORPHYRIN IX CONTAINING FE	-8.49
PPA2066	pocket37	PII	PPA2066a_PII	2-[(HYDROXY{[(2R,3R,5S,6R)-2,3,4,5,6-PENTAHYDROXYCYCLOHEXYL]OXY}PHOSPHORYL)OXY]-1-[(PALMITOYLOXY)METHYL]ETHYL HEPTADECANOATE	-8.16
PPA2066	pocket0	LMT	PPA2066a_LMT	DODECYL-BETA-D-MALTOSIDE	-7.32
PPA2066	pocket7	BHQ	PPA2066a_BHQ	2,5-DITERT-BUTYLBENZENE-1,4-DIOL	-6.64
PPA2066	pocket34	NAD	PPA2066a_NAD	NICOTINAMIDE-ADENINE-DINUCLEOTIDE	-6.6
PPA2066	pocket1	OUW	PPA2066a_OUW	~{N}-methyl-4-(methylamino)pyridine-2-carboxamide	-4.2
PPA2070	pocket0	GLC	PPA2070a_GLC	alpha-D-glucopyranose	-6.02
PPA2070	pocket13	HEM	PPA2070a_HEM	PROTOPORPHYRIN IX CONTAINING FE	-4.75
PPA2073	pocket1	MYR	PPA2073a_MYR	MYRISTIC ACID	-3.39
PPA2076	pocket0	PIR	PPA2076a_PIR	2-(4-AMINO-PHENYL)-5-HYDROXYMETHYL-PYRROLIDINE-3,4-DIOL	-9.8
PPA2076	pocket3	7UD	PPA2076a_7UD	6-[2-({benzyl[4-(furan-3-yl)benzene-1-carbonyl]amino}methyl)phenoxy]hexanoic acid	-5.75
PPA2076	pocket10	FAD	PPA2076a_FAD	FLAVIN-ADENINE DINUCLEOTIDE	-3.29
PPA2077	pocket0	FPN	PPA2077a_FPN	4-FLUOROPHENOL	-3.44
PPA2077	pocket3	NAP	PPA2077a_NAP	NADP NICOTINAMIDE-ADENINE-DINUCLEOTIDE PHOSPHATE	-0.69
PPA2077	pocket4	NAP	PPA2077a_NAP	NADP NICOTINAMIDE-ADENINE-DINUCLEOTIDE PHOSPHATE	-0.69
PPA2078	pocket8	U5P	PPA2078a_U5P	URIDINE-5'-MONOPHOSPHATE	-8.22
PPA2078	pocket0	HC4	PPA2078a_HC4	4'-HYDROXYCINNAMIC ACID	-5.17
PPA2078	pocket7	ADN	PPA2078a_ADN	ADENOSINE	-3.54
PPA2078	pocket9	FAD	PPA2078a_FAD	FLAVIN-ADENINE DINUCLEOTIDE	-3.37
PPA2081	pocket5	GW5	PPA2081a_GW5	(2E)-3-{4-[(1E)-1,2-DIPHENYLBUT-1-ENYL]PHENYL}ACRYLIC ACID	-7.74
PPA2081	pocket2	HEC	PPA2081a_HEC	HEME C	-6.67
PPA2081	pocket3	T06	PPA2081a_T06	6-ethyl-1-(4-fluorophenyl)-3-pentan-3-yl-pyrazolo[3,4-b]pyridine-4-carboxylic acid	-6.21
PPA2081	pocket4	GG2	PPA2081a_GG2	1-(4-METHOXYPHENYL)-7-OXO-6-[4-(2-OXOPIPERIDIN-1-YL)PHENYL]-4,5,6,7-TETRAHYDRO-1H-PYRAZOLO[3,4-C]PYRIDINE-3-CARBOXAMIDE	-5.96
PPA2081	pocket1	SQD	PPA2081a_SQD	1,2-DI-O-ACYL-3-O-[6-DEOXY-6-SULFO-ALPHA-D-GLUCOPYRANOSYL]-SN-GLYCEROL	-5.45
PPA2081	pocket0	OLC	PPA2081a_OLC	(2R)-2,3-dihydroxypropyl (9Z)-octadec-9-enoate	-3.99
PPA2081	pocket14	FAB	PPA2081a_FAB	FLAVIN-ADENINE DINUCLEOTIDE-N5-ISOBUTYL KETONE	-2.46
PPA2082	pocket3	478	PPA2082a_478	{3-[(4-AMINO-BENZENESULFONYL)-ISOBUTYL-AMINO]-1-BENZYL-2-HYDROXY-PROPYL}-CARBAMIC ACID TETRAHYDRO-FURAN-3-YL ESTER	-9.22
PPA2082	pocket1	8M5	PPA2082a_8M5	1-methyl-N-phenyl-indole-3-carboxamide	-5.92
PPA2082	pocket4	AWT	PPA2082a_AWT	6,7-dimethoxy-2-methyl-~{N}-[(1~{R})-1-[3-(1~{H}-pyrazol-4-yl)phenyl]ethyl]quinazolin-4-amine	-5.88
PPA2082	pocket6	GSP	PPA2082a_GSP	5'-GUANOSINE-DIPHOSPHATE-MONOTHIOPHOSPHATE	-4.37
PPA2082	pocket24	Y39	PPA2082a_Y39	(1S,2S)-2-nonylcyclopropanecarboxylic acid	-3.74
PPA2083	pocket9	CTP	PPA2083a_CTP	CYTIDINE-5'-TRIPHOSPHATE	-7.91
PPA2083	pocket4	FAD	PPA2083a_FAD	FLAVIN-ADENINE DINUCLEOTIDE	-5.06
PPA2083	pocket2	N5P	PPA2083a_N5P	1-{2-DEOXY-5-O-[(R)-HYDROXY{[(R)-HYDROXY(PHOSPHONOOXY)PHOSPHORYL]OXY}PHOSPHORYL]-BETA-D-ERYTHRO-PENTOFURANOSYL}-5-NITRO-1H-INDOLE	-4.85
PPA2084	pocket0	ANP	PPA2084a_ANP	PHOSPHOAMINOPHOSPHONIC ACID-ADENYLATE ESTER	-8.96
PPA2084	pocket13	HCC	PPA2084a_HCC	2',4,4'-TRIHYDROXYCHALCONE	-8.09
PPA2085	pocket6	BMS	PPA2085a_BMS	4-[(4,4-DIMETHYL-1,2,3,4-TETRAHYDRO-[1,2']BINAPTHALENYL-7-CARBONYL)-AMINO]-BENZOIC ACID	-8.63
PPA2085	pocket0	BNG	PPA2085a_BNG	nonyl beta-D-glucopyranoside	-5.7
PPA2085	pocket1	15P	PPA2085a_15P	POLYETHYLENE GLYCOL (N=34)	-2.62
PPA2085	pocket3	UNL	PPA2085a_UNL	Unknown ligand	Nil
PPA2086	pocket1	735	PPA2086a_735	2-METHYL-2-(4-{[({4-METHYL-2-[4-(TRIFLUOROMETHYL)PHENYL]-1,3-THIAZOL-5-YL}CARBONYL)AMINO]METHYL}PHENOXY)PROPANOIC ACID	-6.37
PPA2088	pocket7	FPS	PPA2088a_FPS	S-[(2E,6E)-3,7,11-TRIMETHYLDODECA-2,6,10-TRIENYL] TRIHYDROGEN THIODIPHOSPHATE	-9.39
PPA2088	pocket3	ANP	PPA2088a_ANP	PHOSPHOAMINOPHOSPHONIC ACID-ADENYLATE ESTER	-7.06
PPA2088	pocket8	JZN	PPA2088a_JZN	1-{[3-(4-{[(2R)-4-(5-fluoro-2-methoxyphenyl)-2-hydroxy-4-methyl-2-(trifluoromethyl)pentyl]amino}-6-methyl-1H-indazol-1-yl)phenyl]carbonyl}-D-prolinamide	-7.02
PPA2090	pocket13	DPG	PPA2090a_DPG	PHOSPHORIC ACID 2,3-BIS-(3,7,11,15-TETRAMETHYL-HEXADECYLOXY)-PROPYL ESTER 2-HYDROXO-3-PHOSPHONOOXY-PROPYL ESTER	-6.77
PPA2090	pocket5	ADN	PPA2090a_ADN	ADENOSINE	-5.52
PPA2091	pocket0	ACP	PPA2091a_ACP	PHOSPHOMETHYLPHOSPHONIC ACID ADENYLATE ESTER	-4.33
PPA2092	pocket0	CAO	PPA2092a_CAO	OXIDIZED COENZYME A	-11.07
PPA2092	pocket1	L1P	PPA2092a_L1P	3-PHOSPHORYL-[1,2-DI-PHYTANYL]GLYCEROL	-9.72
PPA2092	pocket4	GTP	PPA2092a_GTP	GUANOSINE-5'-TRIPHOSPHATE	-6.44
PPA2092	pocket3	BAM	PPA2092a_BAM	NA	-4.55
PPA2092	pocket10	DCS	PPA2092a_DCS	D-[3-HYDROXY-2-METHYL-5-PHOSPHONOOXYMETHYL-PYRIDIN-4-YLMETHYL]-N,O-CYCLOSERYLAMIDE	-4.15
PPA2092	pocket6	ACO	PPA2092a_ACO	ACETYL COENZYME *A	-3.69
PPA2092	pocket12	FAD	PPA2092a_FAD	FLAVIN-ADENINE DINUCLEOTIDE	-2.65
PPA2093	pocket2	ET	PPA2093a_ET	ETHIDIUM	-6.25
PPA2093	pocket3	4WJ	PPA2093a_4WJ	4-(4-bromo-1H-pyrazol-1-yl)piperidinium	-5.33
PPA2093	pocket4	5RP	PPA2093a_5RP	RIBULOSE-5-PHOSPHATE	-1.88
PPA2094	pocket7	CBN	PPA2094a_CBN	CLOROBIOCIN	-7.91
PPA2094	pocket4	2B7	PPA2094a_2B7	1-[4-(3-methylbutyl)-5-oxo-6-(pyridin-3-yl)-4,5-dihydro[1,3]thiazolo[5,4-b]pyridin-2-yl]-3-prop-2-en-1-ylurea	-6.68
PPA2094	pocket0	THY	PPA2094a_THY	C2-1-HYDROXY-2-METHYL-BUTYL-THIAMIN DIPHOSPHATE	-5.76
PPA2094	pocket6	FAD	PPA2094a_FAD	FLAVIN-ADENINE DINUCLEOTIDE	-1.82
PPA2094	pocket2	PCW	PPA2094a_PCW	1,2-DIOLEOYL-SN-GLYCERO-3-PHOSPHOCHOLINE	-0.78
PPA2095	pocket7	OWZ	PPA2095a_OWZ	(2~{R},5~{S})-2-(2-chlorophenyl)-5-methyl-morpholine	-5.31
PPA2095	pocket0	FAD	PPA2095a_FAD	FLAVIN-ADENINE DINUCLEOTIDE	-5.3
PPA2095	pocket2	FAD	PPA2095a_FAD	FLAVIN-ADENINE DINUCLEOTIDE	-5.3
PPA2095	pocket5	1PE	PPA2095a_1PE	PENTAETHYLENE GLYCOL	-1.25
PPA2096	pocket0	ADP	PPA2096a_ADP	ADENOSINE-5'-DIPHOSPHATE	-7
PPA2096	pocket1	6AP	PPA2096a_6AP	9H-PURINE-2,6-DIAMINE	-5.42
PPA2096	pocket17	FAD	PPA2096a_FAD	FLAVIN-ADENINE DINUCLEOTIDE	-3.82
PPA2096	pocket6	FAD	PPA2096a_FAD	FLAVIN-ADENINE DINUCLEOTIDE	-3.82
PPA2096	pocket3	MRD	PPA2096a_MRD	(4R)-2-METHYLPENTANE-2,4-DIOL	-3.76
PPA2097	pocket8	EUX	PPA2097a_EUX	N-[2-(1-cyclopropylsulfonylpyrazol-4-yl)pyrimidin-4-yl]-7-(4-methylpiperazin-1-yl)-5-propan-2-yl-9-[2,2,2-tris(fluoranyl)ethoxy]pyrido[4,3-b]indol-3-amine	-8.93
PPA2097	pocket0	URI	PPA2097a_URI	URIDINE	-7.09
PPA2097	pocket14	33T	PPA2097a_33T	3-chloro-4-({(2R)-4-[4-fluoro-2-(trifluoromethyl)phenyl]-2-methylpiperazin-1-yl}sulfonyl)benzamide	-5.58
PPA2098	pocket3	FAD	PPA2098a_FAD	FLAVIN-ADENINE DINUCLEOTIDE	-8.36
PPA2098	pocket2	F2N	PPA2098a_F2N	[(2R,3S,4R,5R)-5-(6-AMINO-9H-PURIN-9-YL)-3,4-DIHYDROXYTETRAHYDROFURAN-2-YL]METHYL (2R,3S,4S)-5-[7,8-DIMETHYL-2,4-DIOXO-5-(3-PHENYLPROPANOYL)-1,3,4,5-TETRAHYDROBENZO[G]PTERIDIN-10(2H)-YL]-2,3,4-TRIHYDROXYPENTYL DIHYDROGEN DIPHOSPHATE	-5.62
PPA2103	pocket2	FAD	PPA2103a_FAD	FLAVIN-ADENINE DINUCLEOTIDE	-4.66
PPA2103	pocket0	6	PPA2103a_6	octadecylphosphonic acid	Nil
PPA2105	pocket1	PLM	PPA2105a_PLM	PALMITIC ACID	-7.5
PPA2105	pocket5	B12	PPA2105a_B12	COBALAMIN	Nil
PPA2106	pocket0	MNI	PPA2106a_MNI	N-{[(2R,3R,4R,5R)-3,4-DIHYDROXY-5-(HYDROXYMETHYL)PYRROLIDIN-2-YL]METHYL}-4-(DIMETHYLAMINO)BENZAMIDE	-10.84
PPA2106	pocket6	FAD	PPA2106a_FAD	FLAVIN-ADENINE DINUCLEOTIDE	-2.77
PPA2106	pocket3	CIT	PPA2106a_CIT	CITRIC ACID	-2.48
PPA2109	pocket4	A9Q	PPA2109a_A9Q	3-(2,5-Dimethoxybenzyl)-7-sulfamoyloxy-6-methoxy-3,4-dihydroquinazolin-2(1H)-one	-6.12
PPA2110	pocket0	MPO	PPA2110a_MPO	3[N-MORPHOLINO]PROPANE SULFONIC ACID	-8.69
PPA2110	pocket3	0UV	PPA2110a_0UV	4-fluoro-N-{(2E)-6-{[4-(2-hydroxypropan-2-yl)piperidin-1-yl]methyl}-1-[cis-4-(propan-2-ylcarbamoyl)cyclohexyl]-1,3-dihydro-2H-benzimidazol-2-ylidene}benzamide	-7.16
PPA2111	pocket1	ADP	PPA2111a_ADP	ADENOSINE-5'-DIPHOSPHATE	-7.06
PPA2111	pocket7	FAD	PPA2111a_FAD	FLAVIN-ADENINE DINUCLEOTIDE	-5.66
PPA2111	pocket0	BIK	PPA2111a_BIK	3,7-DIHYDROXY-2-NAPHTHOIC ACID	-4.68
PPA2112	pocket0	8M5	PPA2112a_8M5	1-methyl-N-phenyl-indole-3-carboxamide	-7.03
PPA2113	pocket0	ATP	PPA2113a_ATP	ADENOSINE-5'-TRIPHOSPHATE	-6.52
PPA2113	pocket2	FAD	PPA2113a_FAD	FLAVIN-ADENINE DINUCLEOTIDE	-3.59
PPA2114	pocket0	NAG	PPA2114a_NAG	2-acetamido-2-deoxy-beta-D-glucopyranose	-4.82
PPA2115	pocket0	DED	PPA2115a_DED	2-DIMETHYLAMINO-ETHYL-DIPHOSPHATE	-6.7
PPA2116	pocket11	FAD	PPA2116a_FAD	FLAVIN-ADENINE DINUCLEOTIDE	-7.71
PPA2116	pocket17	FAD	PPA2116a_FAD	FLAVIN-ADENINE DINUCLEOTIDE	-7.71
PPA2116	pocket12	9PC	PPA2116a_9PC	3-[(6-chloro[1,3]thiazolo[5,4-b]pyridin-2-yl)methoxy]-2,6-difluorobenzamide	-7.52
PPA2116	pocket15	U22	PPA2116a_U22	uridine-5'-diphosphate-3-N-(R-3-hydroxylauroyl)-N-acetyl-D-glucosamine	-4.78
PPA2116	pocket3	FCO	PPA2116a_FCO	CARBONMONOXIDE-(DICYANO) IRON	-3.63
PPA2117	pocket1	NAD	PPA2117a_NAD	NICOTINAMIDE-ADENINE-DINUCLEOTIDE	-5.82
PPA2117	pocket2	1WG	PPA2117a_1WG	2,5-dihydroxycyclohexa-2,5-diene-1,4-dione	-4.07
PPA2118	pocket1	9Q6	PPA2118a_9Q6	1-deoxy-1-[(4aS)-4a-hydroxy-7,8-dimethyl-2,4-dioxo-3,4,4a,5-tetrahydrobenzo[g]pteridin-10(2H)-yl]-5-O-phosphono-D-ribitol	-6.58
PPA2118	pocket0	07V	PPA2118a_07V	(5R)-2-methyl-5-(prop-1-en-2-yl)cyclohex-2-en-1-one	-5.01
PPA2118	pocket5	ATP	PPA2118a_ATP	ADENOSINE-5'-TRIPHOSPHATE	-3.74
PPA2120	pocket0	LMU	PPA2120a_LMU	DODECYL-ALPHA-D-MALTOSIDE	-6.58
PPA2120	pocket5	FAD	PPA2120a_FAD	FLAVIN-ADENINE DINUCLEOTIDE	-3.85
PPA2121	pocket26	5KN	PPA2121a_5KN	2,4-di(morpholin-4-yl)aniline	-5.82
PPA2121	pocket0	HHR	PPA2121a_HHR	6-HYDROXYMETHYLPTERIN	-5.66
PPA2121	pocket8	FAD	PPA2121a_FAD	FLAVIN-ADENINE DINUCLEOTIDE	-3.75
PPA2122	pocket6	AAT	PPA2122a_AAT	S-ADENOSYL-1,8-DIAMINO-3-THIOOCTANE	-7.38
PPA2122	pocket0	5FF	PPA2122a_5FF	(5R,7S)-5-(4-ethylphenyl)-N-(4-methoxybenzyl)-7-(trifluoromethyl)-4,5,6,7-tetrahydropyrazolo[1,5-a]pyrimidine-3-carboxamide	-6.92
PPA2122	pocket3	DTT	PPA2122a_DTT	2,3-DIHYDROXY-1,4-DITHIOBUTANE	-3.95
PPA2125	pocket0	BGC	PPA2125a_BGC	beta-D-glucopyranose	-4.29
PPA2125	pocket3	DTT	PPA2125a_DTT	2,3-DIHYDROXY-1,4-DITHIOBUTANE	-4.12
PPA2125	pocket4	PGH	PPA2125a_PGH	PHOSPHOGLYCOLOHYDROXAMIC ACID	-3.19
PPA2127	pocket2	FAD	PPA2127a_FAD	FLAVIN-ADENINE DINUCLEOTIDE	-9.93
PPA2127	pocket0	DMU	PPA2127a_DMU	DECYL-BETA-D-MALTOPYRANOSIDE	-6.13
PPA2128	pocket2	8M5	PPA2128a_8M5	1-methyl-N-phenyl-indole-3-carboxamide	-7.08
PPA2128	pocket1	ILA	PPA2128a_ILA	N-[ISOLEUCINYL]-N'-[ADENOSYL]-DIAMINOSUFONE	-6.91
PPA2128	pocket15	NAP	PPA2128a_NAP	NADP NICOTINAMIDE-ADENINE-DINUCLEOTIDE PHOSPHATE	-2.81
PPA2129	pocket1	NDP	PPA2129a_NDP	NADPH DIHYDRO-NICOTINAMIDE-ADENINE-DINUCLEOTIDE PHOSPHATE	-11.99
PPA2129	pocket0	NAD	PPA2129a_NAD	NICOTINAMIDE-ADENINE-DINUCLEOTIDE	-9.39
PPA2129	pocket3	A	PPA2129a_A	ADENOSINE-5'-MONOPHOSPHATE	-5.58
PPA2130	pocket4	FAD	PPA2130a_FAD	FLAVIN-ADENINE DINUCLEOTIDE	-3.72
PPA2131	pocket12	NAP	PPA2131a_NAP	NADP NICOTINAMIDE-ADENINE-DINUCLEOTIDE PHOSPHATE	-8.19
PPA2131	pocket1	45O	PPA2131a_45O	6-{[(3R,5S)-3,5-dimethylpiperidin-1-yl]methyl}-N,N-dimethyl-1,3,5-triazine-2,4-diamine	-7.08
PPA2131	pocket6	LRI	PPA2131a_LRI	6-chloro-N~4~-cyclopropyl-N~4~-[(thiophen-2-yl)methyl]pyrimidine-2,4-diamine	-6.26
PPA2131	pocket7	F6P	PPA2131a_F6P	6-O-phosphono-beta-D-fructofuranose	-4.71
PPA2131	pocket5	FAD	PPA2131a_FAD	FLAVIN-ADENINE DINUCLEOTIDE	-3.35
PPA2131	pocket0	O74	PPA2131a_O74	6-[4-(2-chloroanilino)-1H-quinazolin-2-ylidene]cyclohexa-2,4-dien-1-one	-1.96
PPA2131	pocket2	GQM	PPA2131a_GQM	5-methoxy-2-(1~{H}-pyrazol-3-yl)phenol	-0.65
PPA2132	pocket1	NAP	PPA2132a_NAP	NADP NICOTINAMIDE-ADENINE-DINUCLEOTIDE PHOSPHATE	-8.27
PPA2132	pocket8	FAD	PPA2132a_FAD	FLAVIN-ADENINE DINUCLEOTIDE	-6.49
PPA2132	pocket0	POG	PPA2132a_POG	(20S)-2,5,8,11,14,17-HEXAMETHYL-3,6,9,12,15,18-HEXAOXAHENICOSANE-1,20-DIOL	-3.43
PPA2133	pocket2	FAE	PPA2133a_FAE	FLAVIN-N7 PROTONATED-ADENINE DINUCLEOTIDE	-5.55
PPA2133	pocket1	NAP	PPA2133a_NAP	NADP NICOTINAMIDE-ADENINE-DINUCLEOTIDE PHOSPHATE	-4.73
PPA2134	pocket2	MCN	PPA2134a_MCN	PTERIN CYTOSINE DINUCLEOTIDE	-5.63
PPA2135	pocket42	2V3	PPA2135a_2V3	6-cyclopropyl-2-[3-(5-{[5-(4-ethylpiperazin-1-yl)pyridin-2-yl]amino}-1-methyl-6-oxo-1,6-dihydropyridin-3-yl)-2-(hydroxymethyl)phenyl]-8-fluoroisoquinolin-1(2H)-one	-8.55
PPA2135	pocket8	PGV	PPA2135a_PGV	(1R)-2-{[{[(2S)-2,3-DIHYDROXYPROPYL]OXY}(HYDROXY)PHOSPHORYL]OXY}-1-[(PALMITOYLOXY)METHYL]ETHYL (11E)-OCTADEC-11-ENOATE	-5.78
PPA2135	pocket23	HEM	PPA2135a_HEM	PROTOPORPHYRIN IX CONTAINING FE	-4.9
PPA2136	pocket0	SF4	PPA2136a_SF4	IRON/SULFUR CLUSTER	-3.47
PPA2137	pocket15	ATP	PPA2137a_ATP	ADENOSINE-5'-TRIPHOSPHATE	-11.52
PPA2137	pocket25	LBM	PPA2137a_LBM	4-{4-[(4'-chloro-5,5-dimethyl[3,4,5,6-tetrahydro[1,1'-biphenyl]]-2-yl)methyl]piperazin-1-yl}-N-[(3-nitro-4-{[(oxan-4-yl)methyl]amino}phenyl)sulfonyl]-2-[(1H-pyrrolo[2,3-b]pyridin-5-yl)oxy]benzamide	-8.23
PPA2137	pocket30	294	PPA2137a_294	N-hydroxy-4-({4-[4-(trifluoromethyl)phenoxy]phenyl}sulfonyl)tetrahydro-2H-pyran-4-carboxamide	-6.93
PPA2137	pocket12	KB0	PPA2137a_KB0	2-(4-hydroxyphenyl)-7-methyl-3-phenyl-1H-inden-5-ol	-6.45
PPA2137	pocket0	TTP	PPA2137a_TTP	THYMIDINE-5'-TRIPHOSPHATE	-5.55
PPA2137	pocket23	ANP	PPA2137a_ANP	PHOSPHOAMINOPHOSPHONIC ACID-ADENYLATE ESTER	-4.34
PPA2137	pocket7	DTT	PPA2137a_DTT	2,3-DIHYDROXY-1,4-DITHIOBUTANE	-3.64
PPA2137	pocket5	HED	PPA2137a_HED	2-HYDROXYETHYL DISULFIDE	-2.99
PPA2139	pocket5	NAD	PPA2139a_NAD	NICOTINAMIDE-ADENINE-DINUCLEOTIDE	-5.25
PPA2139	pocket9	FAD	PPA2139a_FAD	FLAVIN-ADENINE DINUCLEOTIDE	-5.05
PPA2140	pocket4	NAP	PPA2140a_NAP	NADP NICOTINAMIDE-ADENINE-DINUCLEOTIDE PHOSPHATE	-9.99
PPA2140	pocket3	HEC	PPA2140a_HEC	HEME C	-9.44
PPA2140	pocket9	HEM	PPA2140a_HEM	PROTOPORPHYRIN IX CONTAINING FE	-7.79
PPA2140	pocket5	Y39	PPA2140a_Y39	(1S,2S)-2-nonylcyclopropanecarboxylic acid	-5.46
PPA2140	pocket0	NAD	PPA2140a_NAD	NICOTINAMIDE-ADENINE-DINUCLEOTIDE	-4.12
PPA2141	pocket1	FAD	PPA2141a_FAD	FLAVIN-ADENINE DINUCLEOTIDE	-7.24
PPA2142	pocket9	TX3	PPA2142a_TX3	2,4-dibromo-6-({[(2-chlorophenyl)carbonyl]amino}methyl)phenyl 2-methylbenzoate	-6.31
PPA2142	pocket8	FAD	PPA2142a_FAD	FLAVIN-ADENINE DINUCLEOTIDE	-5.63
PPA2142	pocket7	UDP	PPA2142a_UDP	URIDINE-5'-DIPHOSPHATE	-5.33
PPA2143	pocket1	9W6	PPA2143a_9W6	ethyl {2-[([1,3]thiazolo[4,5-c]pyridine-2-carbonyl)amino]thiophene-3-carbonyl}carbamate	-8.79
PPA2143	pocket0	TIQ	PPA2143a_TIQ	Ticagrelor	-8.27
PPA2143	pocket5	IMN	PPA2143a_IMN	INDOMETHACIN	-6.95
PPA2143	pocket16	3L7	PPA2143a_3L7	(2-{[2-(6-oxo-1,6-dihydro-9H-purin-9-yl)ethyl](2-{[(E)-2-phosphonoethenyl]oxy}ethyl)amino}ethyl)phosphonic acid	-6.15
PPA2143	pocket2	AZM	PPA2143a_AZM	5-ACETAMIDO-1,3,4-THIADIAZOLE-2-SULFONAMIDE	-5.71
PPA2143	pocket14	4AD	PPA2143a_4AD	4-AMINO-1,4-DIOXOBUTAN-2-AMINIUM ADENOSINE-5'-MONOPHOSPHATE	-4.4
PPA2144	pocket6	F42	PPA2144a_F42	COENZYME F420	-5.34
PPA2144	pocket10	FAD	PPA2144a_FAD	FLAVIN-ADENINE DINUCLEOTIDE	-5.04
PPA2145	pocket4	SDN	PPA2145a_SDN	[(3S)-9-hydroxy-1-methyl-10-oxo-4,10-dihydro-3H-benzo[g]isochromen-3-yl]acetic acid	-7.26
PPA2145	pocket7	UD1	PPA2145a_UD1	URIDINE-DIPHOSPHATE-N-ACETYLGLUCOSAMINE	-7.23
PPA2145	pocket13	ADP	PPA2145a_ADP	ADENOSINE-5'-DIPHOSPHATE	-6.09
PPA2145	pocket0	LNO	PPA2145a_LNO	L-LEUCYL-HYDROXYLAMINE	-5.81
PPA2145	pocket10	NAI	PPA2145a_NAI	1,4-DIHYDRONICOTINAMIDE ADENINE DINUCLEOTIDE	-5.49
PPA2145	pocket9	NAD	PPA2145a_NAD	NICOTINAMIDE-ADENINE-DINUCLEOTIDE	-3.85
PPA2145	pocket1	DTT	PPA2145a_DTT	2,3-DIHYDROXY-1,4-DITHIOBUTANE	-3.5
PPA2146	pocket9	BLA	PPA2146a_BLA	BILIVERDINE IX ALPHA	-10.19
PPA2146	pocket8	UCN	PPA2146a_UCN	7-HYDROXYSTAUROSPORINE	-7.02
PPA2146	pocket0	ADP	PPA2146a_ADP	ADENOSINE-5'-DIPHOSPHATE	-5.65
PPA2146	pocket4	AZM	PPA2146a_AZM	5-ACETAMIDO-1,3,4-THIADIAZOLE-2-SULFONAMIDE	-5.49
PPA2146	pocket2	24T	PPA2146a_24T	2-AMINO-4-METHYLTHIAZOLE	-5.1
PPA2147	pocket1	HEM	PPA2147a_HEM	PROTOPORPHYRIN IX CONTAINING FE	-6.33
PPA2147	pocket14	SR4	PPA2147a_SR4	2,3-dihydro-1-benzoxepine-5-carboxylic acid	-5.86
PPA2147	pocket0	TJ2	PPA2147a_TJ2	3-{(1S)-2-(tert-butylamino)-1-[(4-chlorobenzyl)(formyl)amino]-2-oxoethyl}-6-chloro-1H-indole-2-carboxylic acid	-4.77
PPA2148	pocket6	5W5	PPA2148a_5W5	methyl 2-[[[(2~{S})-2-[[3-(trifluoromethyloxy)phenyl]carbamoyl]pyrrolidin-1-yl]carbonylamino]methyl]benzoate	-7.31
PPA2148	pocket0	ADP	PPA2148a_ADP	ADENOSINE-5'-DIPHOSPHATE	-6.73
PPA2148	pocket2	7ZC	PPA2148a_7ZC	1-(5-methoxy-1H-indol-3-yl)-N,N-dimethyl-methanamine	-4.71
PPA2149	pocket3	59J	PPA2149a_59J	(2R,5R)-2-[(R)-carboxy{[(2R)-2-{[(4-ethyl-2,3-dioxopiperazin-1-yl)carbonyl]amino}-2-(4-hydroxyphenyl)acetyl]amino}methyl]-5-methyl-5,6-dihydro-2H-1,3-thiazine-4-carboxylic acid	-7.44
PPA2149	pocket5	AMP	PPA2149a_AMP	ADENOSINE MONOPHOSPHATE	-6.38
PPA2149	pocket9	M4O	PPA2149a_M4O	(2R)-3-{[(S)-{[(2R,3R,4R,5S,6S)-3-{[(2S,3R,4R,5S,6R)-3-(acetylamino)-5-{[(2S,3R,4R,5S,6R)-3-(acetylamino)-5-{[(2R,3R,4S,5R,6S)-6-carbamoyl-3,4,5-trihydroxytetrahydro-2H-pyran-2-yl]oxy}-4-hydroxy-6-methyltetrahydro-2H-pyran-2-yl]oxy}-4-hydroxy-6-({[(2R,3R,4S,5S,6R)-3,4,5-trihydroxy-6-(hydroxymethyl)tetrahydro-2H-pyran-2-yl]oxy}methyl)tetrahydro-2H-pyran-2-yl]oxy}-6-carbamoyl-4-(carbamoyloxy)-5-hydroxy-5-methyltetrahydro-2H-pyran-2-yl]oxy}(hydroxy)phosphoryl]oxy}-2-{[(2Z)-3,7-dimethylocta-2,6-dien-1-yl]oxy}propanoic acid	-4.65
PPA2149	pocket0	RBV	PPA2149a_RBV	1-(beta-D-ribofuranosyl)-1H-1,2,4-triazole-3-carboxamide	-4.36
PPA2151	pocket0	9KQ	PPA2151a_9KQ	2-phenyl-4-(1,2,4-triazol-4-yl)quinazoline	-5.99
PPA2152	pocket0	B40	PPA2152a_B40	(2S)-N-methyl-1-phenylpropan-2-amine	-6.66
PPA2152	pocket5	FAD	PPA2152a_FAD	FLAVIN-ADENINE DINUCLEOTIDE	-4.38
PPA2153	pocket7	OCA	PPA2153a_OCA	OCTANOIC ACID (CAPRYLIC ACID)	-3.67
PPA2153	pocket0	AF3	PPA2153a_AF3	ALUMINUM FLUORIDE	Nil
PPA2154	pocket0	YLQ	PPA2154a_YLQ	3-[1-[2-(4-METHYLPHENOXY)ETHYL]BENZIMIDAZOL-2-YL]SULFANYLPROPANOIC ACID	-7.95
PPA2154	pocket11	FAD	PPA2154a_FAD	FLAVIN-ADENINE DINUCLEOTIDE	-6.28
PPA2154	pocket7	G2P	PPA2154a_G2P	PHOSPHOMETHYLPHOSPHONIC ACID GUANYLATE ESTER	-4.91
PPA2154	pocket9	DAO	PPA2154a_DAO	LAURIC ACID	-4.19
PPA2154	pocket4	P6L	PPA2154a_P6L	(2S)-3-{[{[(2S)-2,3-DIHYDROXYPROPYL]OXY}(HYDROXY)PHOSPHORYL]OXY}-2-[(6E)-HEXADEC-6-ENOYLOXY]PROPYL (8E)-OCTADEC-8-ENOATE	-2.54
PPA2155	pocket2	52F	PPA2155a_52F	3-(3-oxo-3,4-dihydroquinoxalin-2-yl)propanoic acid	-6.68
PPA2155	pocket6	0YW	PPA2155a_0YW	2-{[3-(decyloxy)benzoyl]amino}-5-nitrobenzoic acid	-6.33
PPA2155	pocket9	UMP	PPA2155a_UMP	2'-DEOXYURIDINE 5'-MONOPHOSPHATE	-5.99
PPA2155	pocket19	ADP	PPA2155a_ADP	ADENOSINE-5'-DIPHOSPHATE	-5.83
PPA2156	pocket13	FAD	PPA2156a_FAD	FLAVIN-ADENINE DINUCLEOTIDE	-4.29
PPA2160	pocket0	NAD	PPA2160a_NAD	NICOTINAMIDE-ADENINE-DINUCLEOTIDE	-9.24
PPA2161	pocket0	P4P	PPA2161a_P4P	TETRAPHENYLPHOSPHONIUM	-6.76
PPA2162	pocket0	GCP	PPA2162a_GCP	PHOSPHOMETHYLPHOSPHONIC ACID GUANYLATE ESTER	-3.35
PPA2163	pocket0	1KY	PPA2163a_1KY	6-({(1S,5R)-3-[2-(3,4-dimethoxyphenoxy)ethyl]-2-oxo-3,9-diazabicyclo[3.3.1]non-9-yl}sulfonyl)-1,3-benzothiazol-2(3H)-one	-9.57
PPA2164	pocket4	DUD	PPA2164a_DUD	DEOXYURIDINE-5'-DIPHOSPHATE	-7.43
PPA2164	pocket1	OAN	PPA2164a_OAN	O-(2-ACETAMIDO-2-DEOXY D-GLUCOPYRANOSYLIDENE) AMINO-N-PHENYLCARBAMATE	-6.93
PPA2165	pocket3	AFB	PPA2165a_AFB	1,6,7,8,9,11A,12,13,14,14A-DECAHYDRO-1,13-DIHYDROXY-6-METHYL-4H-CYCLOPENT[F]OXACYCLOTRIDECIN-4-ONE	-8.51
PPA2165	pocket2	RJH	PPA2165a_RJH	1-(3-chloranyl-4-methoxy-phenyl)-3-[7-[(3~{S})-3-(methoxymethyl)morpholin-4-yl]-2-methyl-pyrazolo[1,5-a]pyrimidin-6-yl]urea	-4.95
PPA2166	pocket2	NAD	PPA2166a_NAD	NICOTINAMIDE-ADENINE-DINUCLEOTIDE	-7.86
PPA2166	pocket0	URO	PPA2166a_URO	(2E)-3-(1H-IMIDAZOL-4-YL)ACRYLIC ACID	-4.6
PPA2166	pocket1	UMP	PPA2166a_UMP	2'-DEOXYURIDINE 5'-MONOPHOSPHATE	-4
PPA2166	pocket13	COA	PPA2166a_COA	COENZYME A	0.97
PPA2167	pocket4	T74	PPA2167a_T74	N~3~-(2,6-dimethylphenyl)-1-(3-methoxy-3-methylbutyl)-N~6~-(4-piperazin-1-ylphenyl)-1H-pyrazolo[3,4-d]pyrimidine-3,6-diamine	-6.76
PPA2167	pocket6	FAD	PPA2167a_FAD	FLAVIN-ADENINE DINUCLEOTIDE	-2.24
PPA2168	pocket5	FAD	PPA2168a_FAD	FLAVIN-ADENINE DINUCLEOTIDE	-7.74
PPA2168	pocket0	NGQ	PPA2168a_NGQ	N-carbamimidoyl-L-glutamic acid	-5.92
PPA2168	pocket7	DXR	PPA2168a_DXR	3-(3-bromobenzyl)-1-tert-butyl-1H-pyrazolo[3,4-d]pyrimidin-4-amine	-5.66
PPA2168	pocket2	DCZ	PPA2168a_DCZ	2'-DEOXYCYTIDINE	-4.93
PPA2168	pocket10	HLZ	PPA2168a_HLZ	1-hydrazinophthalazine	Nil
PPA2169	pocket3	JYT	PPA2169a_JYT	3-(6-azanyl-8-bromanyl-purin-9-yl)propan-1-ol	-5.22
PPA2169	pocket8	NAP	PPA2169a_NAP	NADP NICOTINAMIDE-ADENINE-DINUCLEOTIDE PHOSPHATE	-4.76
PPA2169	pocket1	IZC	PPA2169a_IZC	2H-IMIDAZOL-4-YLACETIC ACID	-3.85
PPA2169	pocket9	FAD	PPA2169a_FAD	FLAVIN-ADENINE DINUCLEOTIDE	-2.29
PPA2170	pocket12	HEA	PPA2170a_HEA	HEME-A	-7.58
PPA2170	pocket6	J2W	PPA2170a_J2W	~{N}-(4-carbamimidoylphenyl)-3-methoxy-2-oxidanyl-benzamide	-5.4
PPA2170	pocket16	FAD	PPA2170a_FAD	FLAVIN-ADENINE DINUCLEOTIDE	-4.39
PPA2170	pocket2	FAD	PPA2170a_FAD	FLAVIN-ADENINE DINUCLEOTIDE	-4.39
PPA2170	pocket8	5PA	PPA2170a_5PA	N-[3-HYDROXY-2-METHYL-5-PHOSPHONOOXYMETHYL-PYRIDIN-4-Y-LMETHYL]-1-AMINO-CYCLOPROPANECARBOXYLIC ACID	-3.34
PPA2172	pocket0	OMR	PPA2172a_OMR	[(2S,3R,4R,5R)-5-[[[[(2R,3S,4R,5R)-5-(6-aminopurin-9-yl)-3,4-bis(oxidanyl)oxolan-2-yl]methoxy-oxidanyl-phosphoryl]oxy-oxidanyl-phosphoryl]oxymethyl]-2,4-bis(oxidanyl)oxolan-3-yl] tetradecanoate	-11.72
PPA2174	pocket6	NAI	PPA2174a_NAI	1,4-DIHYDRONICOTINAMIDE ADENINE DINUCLEOTIDE	-6.94
PPA2174	pocket2	9KQ	PPA2174a_9KQ	2-phenyl-4-(1,2,4-triazol-4-yl)quinazoline	-5.68
PPA2174	pocket1	NAP	PPA2174a_NAP	NADP NICOTINAMIDE-ADENINE-DINUCLEOTIDE PHOSPHATE	-3.54
PPA2174	pocket3	FAD	PPA2174a_FAD	FLAVIN-ADENINE DINUCLEOTIDE	-2.47
PPA2175	pocket4	FAD	PPA2175a_FAD	FLAVIN-ADENINE DINUCLEOTIDE	-5.72
PPA2176	pocket0	CIT	PPA2176a_CIT	CITRIC ACID	-3.05
PPA2177	pocket1	NHW	PPA2177a_NHW	2-oxopentadecyl-CoA	-3.3
PPA2179	pocket3	CJ5	PPA2179a_CJ5	1-[4-[[4-[(5-cyclopentyl-1H-pyrazol-3-yl)amino]pyrimidin-2-yl]amino]phenyl]-3-[3-(trifluoromethyl)phenyl]urea	-9.57
PPA2179	pocket18	FMN	PPA2179a_FMN	FLAVIN MONONUCLEOTIDE	-7.11
PPA2179	pocket9	FAD	PPA2179a_FAD	FLAVIN-ADENINE DINUCLEOTIDE	-5.74
PPA2179	pocket5	SFD	PPA2179a_SFD	(S)-10-((2S,3S,4R)-5-((S)-((S)-(((2R,3S,4R,5R)-5-(6-AMINO-9H-PURIN-9-YL)-3,4-DIHYDROXY-TETRAHYDROFURAN-2-YL)METHOXY)(HYDROXY)PHOSPHORYLOXY)(HYDROXY)PHOSPHORYLOXY)-2,3,4-TRIHYDROXYPENTYL)-7,8-DIMETHYL-2,4-DIOXO-2,3,4,4A-TETRAHYDROBENZO[G]PTERIDINE-5(10H)-SULFONIC ACID	-4.11
PPA2179	pocket0	SAL	PPA2179a_SAL	2-HYDROXYBENZOIC ACID	-4.02
PPA2179	pocket2	MGE	PPA2179a_MGE	(1S)-2-(ALPHA-L-ALLOPYRANOSYLOXY)-1-[(TRIDECANOYLOXY)METHYL]ETHYL PALMITATE	-3.38
PPA2179	pocket19	SF4	PPA2179a_SF4	IRON/SULFUR CLUSTER	-2.8
PPA2179	pocket13	NHM	PPA2179a_NHM	S-(2-OXO)PENTADECYLCOA	-1.68
PPA2181	pocket9	DL4	PPA2181a_DL4	(14beta,17alpha,25R)-3-oxocholest-4-en-26-oic acid	-9.69
PPA2181	pocket2	SDS	PPA2181a_SDS	DODECYL SULFATE	-6.59
PPA2181	pocket5	BTN	PPA2181a_BTN	BIOTIN	-6.41
PPA2181	pocket3	DES	PPA2181a_DES	DIETHYLSTILBESTROL	-5.19
PPA2181	pocket7	G2P	PPA2181a_G2P	PHOSPHOMETHYLPHOSPHONIC ACID GUANYLATE ESTER	-3.91
PPA2182	pocket0	HEC	PPA2182a_HEC	HEME C	-9.58
PPA2184	pocket0	U5P	PPA2184a_U5P	URIDINE-5'-MONOPHOSPHATE	-8.63
PPA2184	pocket1	QUE	PPA2184a_QUE	3,5,7,3',4'-PENTAHYDROXYFLAVONE	-5.73
PPA2184	pocket2	PLP	PPA2184a_PLP	PYRIDOXAL-5'-PHOSPHATE	-3.27
PPA2185	pocket0	MLC	PPA2185a_MLC	MALONYL-COENZYME A	-8.24
PPA2185	pocket4	4HY	PPA2185a_4HY	[4-(4-HYDROXY-3-IODO-PHENOXY)-3,5-DIIODO-PHENYL]-ACETIC ACID	-6.36
PPA2185	pocket2	FAD	PPA2185a_FAD	FLAVIN-ADENINE DINUCLEOTIDE	-4.11
PPA2186	pocket1	3MQ	PPA2186a_3MQ	(5-thiophen-2-ylisoxazol-3-yl)methanol	-4.87
PPA2186	pocket0	FES	PPA2186a_FES	FE2/S2 (INORGANIC) CLUSTER	-2.45
PPA2187	pocket19	564	PPA2187a_564	6-(5,5,8,8-TETRAMETHYL-5,6,7,8-TETRAHYDRO-NAPHTALENE-2-CARBONYL)-NAPHTALENE-2-CARBOXYLIC ACID	-8.46
PPA2187	pocket1	MYR	PPA2187a_MYR	MYRISTIC ACID	-6.81
PPA2187	pocket2	TLA	PPA2187a_TLA	L(+)-TARTARIC ACID	-3.12
PPA2188	pocket2	YLQ	PPA2188a_YLQ	3-[1-[2-(4-METHYLPHENOXY)ETHYL]BENZIMIDAZOL-2-YL]SULFANYLPROPANOIC ACID	-7.06
PPA2189	pocket1	ACO	PPA2189a_ACO	ACETYL COENZYME *A	-3.65
PPA2190	pocket0	C30	PPA2190a_C30	2-(acetylamino)-2-deoxy-1-O-[(S)-{[(R)-{[(2Z,6Z,10E,14E,18E)-3,7,11,15,19,23-hexamethyltetracosa-2,6,10,14,18,22-hexaen-1-yl]oxy}(hydroxy)phosphoryl]oxy}(hydroxy)phosphoryl]-alpha-D-glucopyranose	-13.95
PPA2190	pocket11	AP5	PPA2190a_AP5	BIS(ADENOSINE)-5'-PENTAPHOSPHATE	-8.51
PPA2190	pocket19	OTP	PPA2190a_OTP	(2E,6E,10E,14E,18E,22E,26E)-3,7,11,15,19,23,27,31-OCTAMETHYLDOTRIACONTA-2,6,10,14,18,22,26,30-OCTAENYL TRIHYDROGEN DIPHOSPHATE	-8.21
PPA2190	pocket7	HEM	PPA2190a_HEM	PROTOPORPHYRIN IX CONTAINING FE	-6.11
PPA2190	pocket2	1AC	PPA2190a_1AC	1-AMINOCYCLOPROPANECARBOXYLIC ACID	-4.58
PPA2191	pocket2	ATP	PPA2191a_ATP	ADENOSINE-5'-TRIPHOSPHATE	-6.8
PPA2191	pocket0	145	PPA2191a_145	2-nitrophenyl beta-D-galactopyranoside	-6.24
PPA2191	pocket6	EPZ	PPA2191a_EPZ	(2R)-2-{[(2R,3R,4R,5S,6R)-3-(acetylamino)-2-{[(S)-{[(R)-{[(2R,3S,4R,5R)-5-(2,4-dioxo-3,4-dihydropyrimidin-1(2H)-yl)-3,4-dihydroxytetrahydrofuran-2-yl]methoxy}(hydroxy)phosphoryl]oxy}(hydroxy)phosphoryl]oxy}-5-hydroxy-6-(hydroxymethyl)tetrahydro-2H-pyran-4-yl]oxy}propanoic acid	-5.75
PPA2191	pocket7	CAU	PPA2191a_CAU	(2S)-1-(9H-Carbazol-4-yloxy)-3-(isopropylamino)propan-2-ol	-4.97
PPA2192	pocket0	NG1	PPA2192a_NG1	2-acetamido-2-deoxy-1-O-phosphono-alpha-D-galactopyranose	-5.18
PPA2192	pocket3	FAD	PPA2192a_FAD	FLAVIN-ADENINE DINUCLEOTIDE	-3.85
PPA2192	pocket8	NDP	PPA2192a_NDP	NADPH DIHYDRO-NICOTINAMIDE-ADENINE-DINUCLEOTIDE PHOSPHATE	-2.18
PPA2193	pocket3	NAP	PPA2193a_NAP	NADP NICOTINAMIDE-ADENINE-DINUCLEOTIDE PHOSPHATE	-7
PPA2193	pocket0	MS9	PPA2193a_MS9	methyl 2-amino-4-chlorobenzoate	-4.61
PPA2195	pocket1	JZN	PPA2195a_JZN	1-{[3-(4-{[(2R)-4-(5-fluoro-2-methoxyphenyl)-2-hydroxy-4-methyl-2-(trifluoromethyl)pentyl]amino}-6-methyl-1H-indazol-1-yl)phenyl]carbonyl}-D-prolinamide	-10.25
PPA2198	pocket7	FAD	PPA2198a_FAD	FLAVIN-ADENINE DINUCLEOTIDE	-4.62
PPA2198	pocket2	DMI	PPA2198a_DMI	2,3-DIMETHYLIMIDAZOLIUM ION	-3.62
PPA2198	pocket0	POG	PPA2198a_POG	(20S)-2,5,8,11,14,17-HEXAMETHYL-3,6,9,12,15,18-HEXAOXAHENICOSANE-1,20-DIOL	-2.88
PPA2199	pocket1	7PH	PPA2199a_7PH	(1R)-2-(dodecanoyloxy)-1-[(phosphonooxy)methyl]ethyl tetradecanoate	-6.65
PPA2199	pocket0	0YW	PPA2199a_0YW	2-{[3-(decyloxy)benzoyl]amino}-5-nitrobenzoic acid	-6.51
PPA2200	pocket0	NDP	PPA2200a_NDP	NADPH DIHYDRO-NICOTINAMIDE-ADENINE-DINUCLEOTIDE PHOSPHATE	-10.22
PPA2200	pocket1	3TL	PPA2200a_3TL	benzyl [(1S,4S,7S,8R,9R,10S,13S,16S)-7,10-dibenzyl-8,9-dihydroxy-1,16-dimethyl-4,13-bis(1-methylethyl)-2,5,12,15,18-pentaoxo-20-phenyl-19-oxa-3,6,11,14,17-pentaazaicos-1-yl]carbamate	-8.66
PPA2200	pocket4	541	PPA2200a_541	(2R)-N-HYDROXY-2-[(3S)-3-METHYL-3-{4-[(2-METHYLQUINOLIN-4-YL)METHOXY]PHENYL}-2-OXOPYRROLIDIN-1-YL]PROPANAMIDE	-7.54
PPA2200	pocket3	5JC	PPA2200a_5JC	2,4-dichlorophenol	-4.92
PPA2201	pocket0	ATP	PPA2201a_ATP	ADENOSINE-5'-TRIPHOSPHATE	-8.29
PPA2201	pocket1	CIR	PPA2201a_CIR	CITRULLINE	-7.53
PPA2201	pocket9	O4D	PPA2201a_O4D	2-[4,6-dimethyl-3-(1H-pyrrol-1-yl)-1H-pyrazolo[3,4-b]pyridin-1-yl]-N-[3-(morpholin-4-yl)propyl]acetamide	-6.42
PPA2202	pocket0	651	PPA2202a_651	(3R)-3-biphenyl-4-yl-1-azabicyclo[2.2.2]octan-3-ol	-7.19
PPA2202	pocket1	IMV	PPA2202a_IMV	5-[(2-oxo-2,3-dihydro-1H-indol-1-yl)methyl]-1,3-benzodioxole-4-carboxylic acid	-6.15
PPA2202	pocket4	BNG	PPA2202a_BNG	nonyl beta-D-glucopyranoside	-4.58
PPA2202	pocket6	FAD	PPA2202a_FAD	FLAVIN-ADENINE DINUCLEOTIDE	-2.58
PPA2203	pocket0	1DV	PPA2203a_1DV	5-methyl-3-(trifluoromethyl)-1H-pyrazole	-3.85
PPA2204	pocket2	FAD	PPA2204a_FAD	FLAVIN-ADENINE DINUCLEOTIDE	-6.15
PPA2204	pocket11	ATP	PPA2204a_ATP	ADENOSINE-5'-TRIPHOSPHATE	-4.32
PPA2205	pocket0	CIT	PPA2205a_CIT	CITRIC ACID	-2.36
PPA2206	pocket0	2LT	PPA2206a_2LT	3,5-dichloro-L-tyrosine	-5.17
PPA2206	pocket2	PYR	PPA2206a_PYR	PYRUVIC ACID	-3.22
PPA2207	pocket0	PC1	PPA2207a_PC1	1,2-DIACYL-SN-GLYCERO-3-PHOSPHOCHOLINE	-5.82
PPA2207	pocket1	ZEA	PPA2207a_ZEA	(2E)-2-methyl-4-(9H-purin-6-ylamino)but-2-en-1-ol	-5.75
PPA2207	pocket4	SB7	PPA2207a_SB7	[HYDROXY(3-PHENYLPROPYL)AMINO]METHANOL	-4.19
PPA2208	pocket1	1YA	PPA2208a_1YA	N-{4-[{[(6S)-2-amino-4-oxo-3,4,5,6,7,8-hexahydropteridin-6-yl]methyl}(formyl)amino]benzoyl}-L-glutamic acid	-7.83
PPA2208	pocket0	PTY	PPA2208a_PTY	PHOSPHATIDYLETHANOLAMINE	-1.84
PPA2208	pocket4	8LH	PPA2208a_8LH	[[(2~{R},3~{S},4~{R},5~{R})-5-(6-aminopurin-9-yl)-3,4-bis(oxidanyl)oxolan-2-yl]methoxy-oxidanyl-phosphoryl] (2~{R})-2-methyl-3-oxidanyl-propanoate	Nil
PPA2209	pocket8	ACO	PPA2209a_ACO	ACETYL COENZYME *A	-5.18
PPA2209	pocket2	FAD	PPA2209a_FAD	FLAVIN-ADENINE DINUCLEOTIDE	-2.37
PPA2209	pocket6	FAD	PPA2209a_FAD	FLAVIN-ADENINE DINUCLEOTIDE	-2.37
PPA2210	pocket2	NAD	PPA2210a_NAD	NICOTINAMIDE-ADENINE-DINUCLEOTIDE	-7.23
PPA2210	pocket4	FAD	PPA2210a_FAD	FLAVIN-ADENINE DINUCLEOTIDE	-5.6
PPA2210	pocket1	CLA	PPA2210a_CLA	CHLOROPHYLL A	-5.4
PPA2210	pocket3	PP9	PPA2210a_PP9	PROTOPORPHYRIN IX	-4.05
PPA2211	pocket0	VLB	PPA2211a_VLB	(2ALPHA,2'BETA,3BETA,4ALPHA,5BETA)-VINCALEUKOBLASTINE	17.15
PPA2211	pocket6	HEM	PPA2211a_HEM	PROTOPORPHYRIN IX CONTAINING FE	480.88
PPA2212	pocket0	FAD	PPA2212a_FAD	FLAVIN-ADENINE DINUCLEOTIDE	-10.97
PPA2212	pocket9	9R3	PPA2212a_9R3	2-[(1R,5S)-9-[[3-[2,6-bis(chloranyl)phenyl]-5-cyclopropyl-1,2-oxazol-4-yl]methoxy]-3-azabicyclo[3.3.1]nonan-3-yl]-1,3-benzothiazole-6-carboxylic acid	-7.15
PPA2212	pocket6	5U9	PPA2212a_5U9	~{N}-(4-ethanoyl-1,3-thiazol-2-yl)azetidin-1-ium-3-carboxamide	-5.96
PPA2212	pocket5	MGF	PPA2212a_MGF	TRIFLUOROMAGNESATE	-2.05
PPA2213	pocket1	FAD	PPA2213a_FAD	FLAVIN-ADENINE DINUCLEOTIDE	-4.93
PPA2213	pocket2	FAD	PPA2213a_FAD	FLAVIN-ADENINE DINUCLEOTIDE	-4.93
PPA2214	pocket1	BBA	PPA2214a_BBA	2,7-BIS-(4-AMIDINOBENZYLIDENE)-CYCLOHEPTAN-1-ONE	-7.04
PPA2214	pocket2	ADP	PPA2214a_ADP	ADENOSINE-5'-DIPHOSPHATE	-6.83
PPA2214	pocket0	AMP	PPA2214a_AMP	ADENOSINE MONOPHOSPHATE	-6.75
PPA2214	pocket5	LLB	PPA2214a_LLB	[6-hydroxy-2-(4-hydroxyphenyl)-1-benzothien-3-yl]{4-[2-(4-methylpiperidin-1-yl)ethoxy]phenyl}methanone	-6.53
PPA2214	pocket4	FMN	PPA2214a_FMN	FLAVIN MONONUCLEOTIDE	-4.79
PPA2215	pocket12	CAO	PPA2215a_CAO	OXIDIZED COENZYME A	-7.5
PPA2215	pocket14	FAD	PPA2215a_FAD	FLAVIN-ADENINE DINUCLEOTIDE	-5.94
PPA2215	pocket8	FAD	PPA2215a_FAD	FLAVIN-ADENINE DINUCLEOTIDE	-5.94
PPA2215	pocket4	MRD	PPA2215a_MRD	(4R)-2-METHYLPENTANE-2,4-DIOL	-4.74
PPA2215	pocket13	BTX	PPA2215a_BTX	((2R,3S,4R,5R)-5-(6-AMINO-9H-PURIN-9-YL)-3,4-DIHYDROXY-TETRAHYDROFURAN-2-YL)METHYL 5-((3AS,4S,6AR)-2-OXO-HEXAHYDRO-1H-THIENO[3,4-D]IMIDAZOL-4-YL)PENTYL HYDROGEN PHOSPHATE	-4.17
PPA2215	pocket2	CIT	PPA2215a_CIT	CITRIC ACID	-1.56
PPA2216	pocket1	DAO	PPA2216a_DAO	LAURIC ACID	-5.27
PPA2216	pocket0	FAD	PPA2216a_FAD	FLAVIN-ADENINE DINUCLEOTIDE	-1.89
PPA2216	pocket5	FAD	PPA2216a_FAD	FLAVIN-ADENINE DINUCLEOTIDE	-1.89
PPA2217	pocket1	LAQ	PPA2217a_LAQ	5'-O-[(R)-({5-[(3R)-1,2-DITHIOLAN-3-YL]PENTANOYL}OXY)(HYDROXY)PHOSPHORYL]ADENOSINE	-3.07
PPA2218	pocket13	FDA	PPA2218a_FDA	DIHYDROFLAVINE-ADENINE DINUCLEOTIDE	-5.21
PPA2218	pocket12	GNP	PPA2218a_GNP	PHOSPHOAMINOPHOSPHONIC ACID-GUANYLATE ESTER	-5.14
PPA2218	pocket3	5GP	PPA2218a_5GP	GUANOSINE-5'-MONOPHOSPHATE	-4.8
PPA2218	pocket14	ATR	PPA2218a_ATR	2'-MONOPHOSPHOADENOSINE-5'-DIPHOSPHATE	-1.71
PPA2219	pocket3	SRP	PPA2219a_SRP	SERYL ADENYLATE	-7.53
PPA2219	pocket1	CWS	PPA2219a_CWS	6-METHYLQUINAZOLIN-4-AMINE	-4.94
PPA2219	pocket7	AR6	PPA2219a_AR6	[(2R,3S,4R,5R)-5-(6-AMINOPURIN-9-YL)-3,4-DIHYDROXY-OXOLAN-2-YL]METHYL-[HYDROXY-[[(2R,3S,4R,5S)-3,4,5-TRIHYDROXYOXOLAN-2-YL]METHOXY]PHOSPHORYL] HYDROGEN PHOSPHATE	-4.3
PPA2223	pocket0	3TL	PPA2223a_3TL	benzyl [(1S,4S,7S,8R,9R,10S,13S,16S)-7,10-dibenzyl-8,9-dihydroxy-1,16-dimethyl-4,13-bis(1-methylethyl)-2,5,12,15,18-pentaoxo-20-phenyl-19-oxa-3,6,11,14,17-pentaazaicos-1-yl]carbamate	-18.1
PPA2223	pocket4	NAP	PPA2223a_NAP	NADP NICOTINAMIDE-ADENINE-DINUCLEOTIDE PHOSPHATE	-5.27
PPA2224	pocket11	CND	PPA2224a_CND	5-BETA-D-RIBOFURANOSYLNICOTINAMIDE ADENINE DINUCLEOTIDE	-9.01
PPA2224	pocket9	NDP	PPA2224a_NDP	NADPH DIHYDRO-NICOTINAMIDE-ADENINE-DINUCLEOTIDE PHOSPHATE	-5.37
PPA2224	pocket6	PCO	PPA2224a_PCO	2,4-DIHYDROXY-N-[2-(2-MERCAPTO-VINYLCARBAMOYL)-ETHYL]-3,3-DIMETHYL-BUTYRAMIDE	-4.26
PPA2225	pocket6	CLA	PPA2225a_CLA	CHLOROPHYLL A	-5.84
PPA2225	pocket0	KDO	PPA2225a_KDO	3-deoxy-alpha-D-manno-oct-2-ulopyranosonic acid	-3.95
PPA2225	pocket5	5PA	PPA2225a_5PA	N-[3-HYDROXY-2-METHYL-5-PHOSPHONOOXYMETHYL-PYRIDIN-4-Y-LMETHYL]-1-AMINO-CYCLOPROPANECARBOXYLIC ACID	-3.01
PPA2227	pocket3	MRS	PPA2227a_MRS	(S)-2-METHYLMYRISTOYL-COENZYME A	-6.76
PPA2227	pocket1	HEM	PPA2227a_HEM	PROTOPORPHYRIN IX CONTAINING FE	-6.15
PPA2227	pocket2	FAD	PPA2227a_FAD	FLAVIN-ADENINE DINUCLEOTIDE	-5.39
PPA2228	pocket1	NAD	PPA2228a_NAD	NICOTINAMIDE-ADENINE-DINUCLEOTIDE	-4.66
PPA2229	pocket0	POG	PPA2229a_POG	(20S)-2,5,8,11,14,17-HEXAMETHYL-3,6,9,12,15,18-HEXAOXAHENICOSANE-1,20-DIOL	-3.01
PPA2231	pocket0	WO4	PPA2231a_WO4	TUNGSTATE(VI)ION	Nil
PPA2233	pocket3	FAD	PPA2233a_FAD	FLAVIN-ADENINE DINUCLEOTIDE	-5.99
PPA2233	pocket0	UMP	PPA2233a_UMP	2'-DEOXYURIDINE 5'-MONOPHOSPHATE	-5.84
PPA2233	pocket6	0QW	PPA2233a_0QW	(2-hydroxyphenyl)(pyrrolidin-1-yl)methanethione	-5.44
PPA2234	pocket6	MU1	PPA2234a_MU1	N~2~-ACETYL-N-[(1S,3S,4S)-4-({[(5S)-3-(3-ACETYLPHENYL)-2-OXO-1,3-OXAZOLIDIN-5-YL]CARBONYL}AMINO)-1-BENZYL-3-HYDROXY-5-PHENYLPENTYL]-L-VALINAMIDE	-11.04
PPA2234	pocket0	QA7	PPA2234a_QA7	5'-O-{(S)-hydroxy[(4-methyl-2-oxopentanoyl)oxy]phosphoryl}adenosine	-8.38
PPA2234	pocket22	2C6	PPA2234a_2C6	3-[(4-oxo-3,4-dihydroquinazolin-2-yl)sulfanyl]-N-[trans-4-(5-phenyl-1,3,4-oxadiazol-2-yl)cyclohexyl]propanamide	-7.53
PPA2234	pocket1	AMP	PPA2234a_AMP	ADENOSINE MONOPHOSPHATE	-7.04
PPA2234	pocket8	HEM	PPA2234a_HEM	PROTOPORPHYRIN IX CONTAINING FE	-5.37
PPA2234	pocket24	T1G	PPA2234a_T1G	(2S,3S)-3-HYDROXY-2-METHYLBUTANOYL-COA	-5.13
PPA2235	pocket3	FAD	PPA2235a_FAD	FLAVIN-ADENINE DINUCLEOTIDE	-5.3
PPA2236	pocket0	NAD	PPA2236a_NAD	NICOTINAMIDE-ADENINE-DINUCLEOTIDE	-12.45
PPA2236	pocket6	MCN	PPA2236a_MCN	PTERIN CYTOSINE DINUCLEOTIDE	-6.58
PPA2236	pocket3	APR	PPA2236a_APR	ADENOSINE-5-DIPHOSPHORIBOSE	-3.7
PPA2237	pocket0	3TL	PPA2237a_3TL	benzyl [(1S,4S,7S,8R,9R,10S,13S,16S)-7,10-dibenzyl-8,9-dihydroxy-1,16-dimethyl-4,13-bis(1-methylethyl)-2,5,12,15,18-pentaoxo-20-phenyl-19-oxa-3,6,11,14,17-pentaazaicos-1-yl]carbamate	-13.48
PPA2237	pocket9	FAD	PPA2237a_FAD	FLAVIN-ADENINE DINUCLEOTIDE	-5.99
PPA2237	pocket6	GDP	PPA2237a_GDP	GUANOSINE-5'-DIPHOSPHATE	-4.37
PPA2238	pocket0	LI1	PPA2238a_LI1	1-[2,6,10.14-TETRAMETHYL-HEXADECAN-16-YL]-2-[2,10,14-TRIMETHYLHEXADECAN-16-YL]GLYCEROL	Nil
PPA2239	pocket6	FAD	PPA2239a_FAD	FLAVIN-ADENINE DINUCLEOTIDE	-4.52
PPA2239	pocket2	GDP	PPA2239a_GDP	GUANOSINE-5'-DIPHOSPHATE	-4.24
PPA2240	pocket17	FAD	PPA2240a_FAD	FLAVIN-ADENINE DINUCLEOTIDE	-7.85
PPA2240	pocket0	38O	PPA2240a_38O	4-amino-5-fluoro-3-[5-(4-methylpiperazin-1-yl)-1H-benzimidazol-2-yl]quinolin-2(1H)-one	-7.6
PPA2242	pocket0	57N	PPA2242a_57N	(2R)-2-(1-oxo-1,3-dihydro-2H-isoindol-2-yl)-2-phenyl-N-(1,3-thiazol-2-yl)acetamide	-4.51
PPA2243	pocket4	HEC	PPA2243a_HEC	HEME C	-7.62
PPA2243	pocket1	PN0	PPA2243a_PN0	Prinomastat	-6.75
PPA2244	pocket5	DB8	PPA2244a_DB8	4-[(2,4-dichloro-5-methoxyphenyl)amino]-6-methoxy-7-[3-(4-methylpiperazin-1-yl)propoxy]quinoline-3-carbonitrile	-6.58
PPA2244	pocket0	5FF	PPA2244a_5FF	(5R,7S)-5-(4-ethylphenyl)-N-(4-methoxybenzyl)-7-(trifluoromethyl)-4,5,6,7-tetrahydropyrazolo[1,5-a]pyrimidine-3-carboxamide	-5.99
PPA2244	pocket4	FAD	PPA2244a_FAD	FLAVIN-ADENINE DINUCLEOTIDE	-5.87
PPA2245	pocket1	TIQ	PPA2245a_TIQ	Ticagrelor	-6.92
PPA2245	pocket3	PRB	PPA2245a_PRB	13-ACETYLPHORBOL	-5.68
PPA2245	pocket0	CRS	PPA2245a_CRS	M-CRESOL	-4.43
PPA2245	pocket5	FAD	PPA2245a_FAD	FLAVIN-ADENINE DINUCLEOTIDE	-3.02
PPA2245	pocket4	PXN	PPA2245a_PXN	(2S)-1-[3-{[(2R)-2-hydroxypropyl]oxy}-2,2-bis({[(2R)-2-hydroxypropyl]oxy}methyl)propoxy]propan-2-ol	-0.82
PPA2246	pocket0	DPG	PPA2246a_DPG	PHOSPHORIC ACID 2,3-BIS-(3,7,11,15-TETRAMETHYL-HEXADECYLOXY)-PROPYL ESTER 2-HYDROXO-3-PHOSPHONOOXY-PROPYL ESTER	-8.67
PPA2246	pocket2	LF8	PPA2246a_LF8	(2S)-tert-butoxy[4-(4-chlorophenyl)-6-(3,4-dimethylphenyl)-2,5-dimethylpyridin-3-yl]ethanoic acid	-5.71
PPA2246	pocket1	PC1	PPA2246a_PC1	1,2-DIACYL-SN-GLYCERO-3-PHOSPHOCHOLINE	-0.86
PPA2247	pocket0	NAP	PPA2247a_NAP	NADP NICOTINAMIDE-ADENINE-DINUCLEOTIDE PHOSPHATE	-8.05
PPA2247	pocket6	LPA	PPA2247a_LPA	LIPOIC ACID	-5.55
PPA2247	pocket2	FAD	PPA2247a_FAD	FLAVIN-ADENINE DINUCLEOTIDE	-5.29
PPA2248	pocket1	1UN	PPA2248a_1UN	2-[2-HYDROXY-3-(3-HYDROXY-2-METHYL-BENZOYLAMINO)-4-PHENYL SULFANYL-BUTYL]-DECAHYDRO-ISOQUINOLINE-3-CARBOXYLIC ACID TERT-BUTYLAMIDE	-7.82
PPA2248	pocket14	SAH	PPA2248a_SAH	S-ADENOSYL-L-HOMOCYSTEINE	-7.51
PPA2248	pocket0	SF4	PPA2248a_SF4	IRON/SULFUR CLUSTER	-4.17
PPA2248	pocket3	CIT	PPA2248a_CIT	CITRIC ACID	-3.84
PPA2249	pocket8	23E	PPA2249a_23E	(2E)-3-(4-{[(1-{[(13-cyclohexyl-6-oxo-6,7-dihydro-5H-indolo[1,2-d][1,4]benzodiazepin-10-yl)carbonyl]amino}cyclopentyl)carbonyl]amino}phenyl)prop-2-enoic acid	-10
PPA2249	pocket0	ADP	PPA2249a_ADP	ADENOSINE-5'-DIPHOSPHATE	-6.28
PPA2249	pocket12	W4D	PPA2249a_W4D	3-benzyl-6-(1H-pyrazol-4-yl)quinazolin-4(3H)-one	-5.76
PPA2250	pocket0	FAD	PPA2250a_FAD	FLAVIN-ADENINE DINUCLEOTIDE	-10.62
PPA2250	pocket1	7H9	PPA2250a_7H9	1-[6-[(4-fluorophenyl)methyl]-3,3-dimethyl-2~{H}-pyrrolo[3,2-b]pyridin-1-yl]-2-[(2~{R},5~{R})-5-methyl-2-[[(3~{R})-3-methylmorpholin-4-yl]methyl]piperazin-4-ium-1-yl]ethanone	-10.34
PPA2250	pocket7	W32	PPA2250a_W32	4-({3-chloro-4-[3-(trifluoromethyl)phenoxy]phenyl}amino)-N-[2-(methylsulfonyl)ethyl]-8,9-dihydro-7H-pyrimido[4,5-b]azepine-6-carboxamide	-10.24
PPA2250	pocket2	7P1	PPA2250a_7P1	2-[(2-carboxyphenyl)amino]-5-(3-phosphonopropoxy)benzoic acid	-7.17
PPA2250	pocket11	GDX	PPA2250a_GDX	GUANOSINE 5'-(TRIHYDROGEN DIPHOSPHATE), P'-D-MANNOPYRANOSYL ESTER	-1.46
PPA2251	pocket0	NAP	PPA2251a_NAP	NADP NICOTINAMIDE-ADENINE-DINUCLEOTIDE PHOSPHATE	-9.52
PPA2251	pocket1	K5K	PPA2251a_K5K	2-[4-[(1~{S})-1-[[4,5-bis(chloranyl)-1,6-dimethyl-indol-2-yl]carbonylamino]-2-oxidanyl-ethyl]phenyl]sulfonylethanoic acid	-8.44
PPA2251	pocket5	9HH	PPA2251a_9HH	~{N}-[2-(9~{H}-carbazol-1-yl)phenyl]methanesulfonamide	-7.75
PPA2251	pocket4	0JF	PPA2251a_0JF	(3S)-N-(4-methylbenzyl)-1-{2-[(3,4,5-trimethoxyphenyl)amino]pyrimidin-4-yl}piperidine-3-carboxamide	-6.61
PPA2252	pocket2	HEM	PPA2252a_HEM	PROTOPORPHYRIN IX CONTAINING FE	-7.06
PPA2252	pocket3	ACO	PPA2252a_ACO	ACETYL COENZYME *A	-4.87
PPA2252	pocket0	OLC	PPA2252a_OLC	(2R)-2,3-dihydroxypropyl (9Z)-octadec-9-enoate	-3.74
PPA2253	pocket8	FAD	PPA2253a_FAD	FLAVIN-ADENINE DINUCLEOTIDE	-8.02
PPA2253	pocket1	VGA	PPA2253a_VGA	1-[(3S)-5-PHENYL-3-THIOPHEN-2-YL-3H-1,4-BENZODIAZEPIN-2-YL]AZETIDIN-3-OL	-6.06
PPA2253	pocket10	NDP	PPA2253a_NDP	NADPH DIHYDRO-NICOTINAMIDE-ADENINE-DINUCLEOTIDE PHOSPHATE	-5.63
PPA2253	pocket0	CIT	PPA2253a_CIT	CITRIC ACID	-4.77
PPA2254	pocket0	K23	PPA2254a_K23	6-chloro-3-[1-(4-chlorobenzyl)-4-phenyl-1H-imidazol-5-yl]-1H-indole-2-carboxylic acid	-9.12
PPA2254	pocket1	S36	PPA2254a_S36	3,4-dihydroisoquinolin-2(1H)-yl[2,4-dihydroxy-5-(propan-2-yl)phenyl]methanone	-8.74
PPA2254	pocket5	FPP	PPA2254a_FPP	FARNESYL DIPHOSPHATE	-7.95
PPA2254	pocket6	AR6	PPA2254a_AR6	[(2R,3S,4R,5R)-5-(6-AMINOPURIN-9-YL)-3,4-DIHYDROXY-OXOLAN-2-YL]METHYL-[HYDROXY-[[(2R,3S,4R,5S)-3,4,5-TRIHYDROXYOXOLAN-2-YL]METHOXY]PHOSPHORYL] HYDROGEN PHOSPHATE	-7
PPA2254	pocket8	PLM	PPA2254a_PLM	PALMITIC ACID	-5.95
PPA2254	pocket4	ADP	PPA2254a_ADP	ADENOSINE-5'-DIPHOSPHATE	-3.52
PPA2254	pocket3	MEV	PPA2254a_MEV	(R)-MEVALONATE	-2.75
PPA2254	pocket7	FES	PPA2254a_FES	FE2/S2 (INORGANIC) CLUSTER	-2.35
PPA2254	pocket12	NAP	PPA2254a_NAP	NADP NICOTINAMIDE-ADENINE-DINUCLEOTIDE PHOSPHATE	105.01
PPA2257	pocket6	KVC	PPA2257a_KVC	(5R)-8-amino-3-fluoro-5,19-dimethyl-20-oxo-5,18,19,20-tetrahydro-11,7-(azeno)pyrido[2',1':2,3]imidazo[4,5-h][2,5,11]benzoxadiazacyclotetradecine-14-carbonitrile	-6.72
PPA2257	pocket9	BTN	PPA2257a_BTN	BIOTIN	-4.02
PPA2257	pocket11	FAD	PPA2257a_FAD	FLAVIN-ADENINE DINUCLEOTIDE	-3.18
PPA2257	pocket5	FAD	PPA2257a_FAD	FLAVIN-ADENINE DINUCLEOTIDE	-3.18
PPA2258	pocket12	SAH	PPA2258a_SAH	S-ADENOSYL-L-HOMOCYSTEINE	-7.13
PPA2258	pocket16	MTE	PPA2258a_MTE	PHOSPHONIC ACIDMONO-(2-AMINO-5,6-DIMERCAPTO-4-OXO-3,7,8A,9,10,10A-HEXAHYDRO-4H-8-OXA-1,3,9,10-TETRAAZA-ANTHRACEN-7-YLMETHYL)ESTER	-6.25
PPA2258	pocket1	5XL	PPA2258a_5XL	6-chloranyl-3-[(dimethylamino)methyl]-4~{H}-pyrrolo[1,2-a]quinazolin-5-one	4.13
PPA2259	pocket6	PLB	PPA2259a_PLB	2-[(2,4-DICHLOROBENZOYL)AMINO]-5-(PYRIMIDIN-2-YLOXY)BENZOIC ACID	-7.52
PPA2259	pocket8	4A2	PPA2259a_4A2	(2E)-2-(3-fluoranyl-4-methoxy-phenyl)imino-1-[[2-(trifluoromethyl)phenyl]methyl]-3H-benzimidazole-5-carboxylic acid	-7.29
PPA2259	pocket9	O74	PPA2259a_O74	6-[4-(2-chloroanilino)-1H-quinazolin-2-ylidene]cyclohexa-2,4-dien-1-one	-7.27
PPA2259	pocket0	P6G	PPA2259a_P6G	HEXAETHYLENE GLYCOL	-0.32
PPA2259	pocket10	HC0	PPA2259a_HC0	2 IRON/2 SULFUR/6 CARBONYL/1 WATER INORGANIC CLUSTER	Nil
PPA2260	pocket4	ADP	PPA2260a_ADP	ADENOSINE-5'-DIPHOSPHATE	-3.81
PPA2261	pocket0	PMP	PPA2261a_PMP	4'-DEOXY-4'-AMINOPYRIDOXAL-5'-PHOSPHATE	-6.7
PPA2262	pocket1	POW	PPA2262a_POW	Diperodon	-7.77
PPA2263	pocket0	HEC	PPA2263a_HEC	HEME C	-11.39
PPA2263	pocket1	HEM	PPA2263a_HEM	PROTOPORPHYRIN IX CONTAINING FE	-8.84
PPA2263	pocket4	CLA	PPA2263a_CLA	CHLOROPHYLL A	-6.33
PPA2265	pocket0	9TT	PPA2265a_9TT	1-methylindol-5-amine	-5.4
PPA2266	pocket0	AGS	PPA2266a_AGS	PHOSPHOTHIOPHOSPHORIC ACID-ADENYLATE ESTER	-5.72
PPA2266	pocket17	NAD	PPA2266a_NAD	NICOTINAMIDE-ADENINE-DINUCLEOTIDE	-4.73
PPA2266	pocket8	FAD	PPA2266a_FAD	FLAVIN-ADENINE DINUCLEOTIDE	-4.29
PPA2267	pocket7	FBP	PPA2267a_FBP	1,6-di-O-phosphono-beta-D-fructofuranose	-6
PPA2267	pocket0	DMU	PPA2267a_DMU	DECYL-BETA-D-MALTOPYRANOSIDE	-5.98
PPA2267	pocket2	ADP	PPA2267a_ADP	ADENOSINE-5'-DIPHOSPHATE	-3.75
PPA2267	pocket4	ADP	PPA2267a_ADP	ADENOSINE-5'-DIPHOSPHATE	-3.75
PPA2267	pocket5	DPG	PPA2267a_DPG	PHOSPHORIC ACID 2,3-BIS-(3,7,11,15-TETRAMETHYL-HEXADECYLOXY)-PROPYL ESTER 2-HYDROXO-3-PHOSPHONOOXY-PROPYL ESTER	7.44
PPA2268	pocket0	478	PPA2268a_478	{3-[(4-AMINO-BENZENESULFONYL)-ISOBUTYL-AMINO]-1-BENZYL-2-HYDROXY-PROPYL}-CARBAMIC ACID TETRAHYDRO-FURAN-3-YL ESTER	-7.63
PPA2268	pocket1	NKV	PPA2268a_NKV	N-(2-methylpropanoyl)adenosine	-6.51
PPA2268	pocket2	NAD	PPA2268a_NAD	NICOTINAMIDE-ADENINE-DINUCLEOTIDE	-4.44
PPA2268	pocket3	ADP	PPA2268a_ADP	ADENOSINE-5'-DIPHOSPHATE	-4.09
PPA2268	pocket5	FAE	PPA2268a_FAE	FLAVIN-N7 PROTONATED-ADENINE DINUCLEOTIDE	-2.44
PPA2269	pocket20	FAD	PPA2269a_FAD	FLAVIN-ADENINE DINUCLEOTIDE	-5.43
PPA2269	pocket0	U10	PPA2269a_U10	UBIQUINONE-10	-5.38
PPA2269	pocket4	CAG	PPA2269a_CAG	GUANOSINE 5'-TRIPHOSPHATE P3-[1-(2-NITROPHENYL)ETHYL ESTER]	-2.94
PPA2269	pocket9	DX5	PPA2269a_DX5	D-XYLITOL-5-PHOSPHATE	-2.47
PPA2270	pocket1	E0Y	PPA2270a_E0Y	(3S,5R)-5-[(2R,3R)-1,3-dihydroxybutan-2-yl]-3-({(3R)-1-[(1E)-ethanimidoyl]pyrrolidin-3-yl}sulfanyl)-L-proline	-6.26
PPA2270	pocket10	NAD	PPA2270a_NAD	NICOTINAMIDE-ADENINE-DINUCLEOTIDE	-3.36
PPA2272	pocket0	FLC	PPA2272a_FLC	CITRATE ANION	-3.6
PPA2273	pocket0	DCF	PPA2273a_DCF	2'-DEOXYCOFORMYCIN	-7.24
PPA2273	pocket1	UNL	PPA2273a_UNL	Unknown ligand	Nil
PPA2274	pocket4	VJP	PPA2274a_VJP	1-[(4-aminophenyl)sulfonyl]piperidin-2-one	-5.73
PPA2274	pocket8	FAD	PPA2274a_FAD	FLAVIN-ADENINE DINUCLEOTIDE	-5.33
PPA2274	pokcet1	PYR	PPA2274a_PYR	PYRUVIC ACID	-4.36
PPA2274	pocket7	DAU	PPA2274a_DAU	2'DEOXY-THYMIDINE-5'-DIPHOSPHO-ALPHA-D-GLUCOSE 	-3.02
PPA2275	pocket0	GS8	PPA2275a_GS8	S-Hydroxy-Glutathione	-7.63
PPA2275	pocket9	HFA	PPA2275a_HFA	ALPHA-HYDROXY-BETA-PHENYL-PROPIONIC ACID	-4.68
PPA2276	pocket9	NAD	PPA2276a_NAD	NICOTINAMIDE-ADENINE-DINUCLEOTIDE	-8.34
PPA2276	pocket0	FLV	PPA2276a_FLV	FLAVIOLIN	-5.98
PPA2276	pocket5	NDP	PPA2276a_NDP	NADPH DIHYDRO-NICOTINAMIDE-ADENINE-DINUCLEOTIDE PHOSPHATE	-2.68
PPA2276	pocket7	P3A	PPA2276a_P3A	PHOSPHATIDYLGLYCEROL-PHOSPHOGLYCEROL	Nil
PPA2277	pocket0	XMH	PPA2277a_XMH	4-[(6-CHLORO-2-NAPHTHALENYL)SULFONYL]-1-[[1-(4-PYRIDINYL)-4-PIPERIDINYL]METHYL]-2-PIPERAZINECARBOXYLIC ACID ETHYL ESTER	-6.47
PPA2278	pocket0	PLP	PPA2278a_PLP	PYRIDOXAL-5'-PHOSPHATE	-8.69
PPA2278	pocket9	NJV	PPA2278a_NJV	5-(4-cyclopropyl-1H-imidazol-1-yl)-2-fluoro-4-methyl-N-{6-[4-(propan-2-yl)-4H-1,2,4-triazol-3-yl]pyridin-2-yl}benzamide	-7.71
PPA2278	pocket14	FAD	PPA2278a_FAD	FLAVIN-ADENINE DINUCLEOTIDE	-5.6
PPA2278	pocket5	FAD	PPA2278a_FAD	FLAVIN-ADENINE DINUCLEOTIDE	-5.6
PPA2278	pocket10	ATP	PPA2278a_ATP	ADENOSINE-5'-TRIPHOSPHATE	-4.76
PPA2278	pocket7	STE	PPA2278a_STE	STEARIC ACID	-4.51
PPA2278	pocket2	MX7	PPA2278a_MX7	(2R)-3-(phosphonooxy)propane-1,2-diyl (9Z,9'Z)bis-octadec-9-enoate	-2.97
PPA2280	pocket3	PBP	PPA2280a_PBP	p-Bromophenacyl bromide	-6.62
PPA2280	pocket27	NAP	PPA2280a_NAP	NADP NICOTINAMIDE-ADENINE-DINUCLEOTIDE PHOSPHATE	-5.58
PPA2280	pocket0	264	PPA2280a_264	(phenylamino)acetonitrile	-5.06
PPA2280	pocket1	B12	PPA2280a_B12	COBALAMIN	Nil
PPA2281	pocket6	CKC	PPA2281a_CKC	(3S)-3,7-diaminoheptan-2-one	-7.16
PPA2281	pocket4	FAD	PPA2281a_FAD	FLAVIN-ADENINE DINUCLEOTIDE	-2.91
PPA2281	pocket0	HED	PPA2281a_HED	2-HYDROXYETHYL DISULFIDE	-2.84
PPA2282	pocket0	DCS	PPA2282a_DCS	D-[3-HYDROXY-2-METHYL-5-PHOSPHONOOXYMETHYL-PYRIDIN-4-YLMETHYL]-N,O-CYCLOSERYLAMIDE	-7.3
PPA2282	pocket8	TDP	PPA2282a_TDP	NA	-6.85
PPA2282	pocket5	BBA	PPA2282a_BBA	2,7-BIS-(4-AMIDINOBENZYLIDENE)-CYCLOHEPTAN-1-ONE	-5.96
PPA2282	pocket12	BTN	PPA2282a_BTN	BIOTIN	-5.48
PPA2282	pocket10	U5P	PPA2282a_U5P	URIDINE-5'-MONOPHOSPHATE	-3.3
PPA2283	pocket5	O8H	PPA2283a_O8H	4-iodo-N-[(1-{2-oxo-2-[4-(3-thiophen-2-yl-1,2,4-oxadiazol-5-yl)piperidin-1-yl]ethyl}-1H-1,2,3-triazol-4-yl)methyl]benzenesulfonamide	-7.67
PPA2283	pocket6	81A	PPA2283a_81A	2-METHANESULFONYL-BENZENESULFONIC ACID 3-METHYL-5-((1-AMIDINOAMINOOXYMETHYL-CYCLOPROPYL)METHYLOXY)-PHENYLESTER	-7.15
PPA2283	pocket14	HEM	PPA2283a_HEM	PROTOPORPHYRIN IX CONTAINING FE	-6.07
PPA2283	pocket9	U5P	PPA2283a_U5P	URIDINE-5'-MONOPHOSPHATE	-4.63
PPA2284	pocket0	Y01	PPA2284a_Y01	CHOLESTEROL HEMISUCCINATE	-10.41
PPA2284	pocket2	FMN	PPA2284a_FMN	FLAVIN MONONUCLEOTIDE	-6.83
PPA2284	pocket7	Q4D	PPA2284a_Q4D	(4S,7aR,9aR,10S,11E,18R)-6'-chloro-10-[2-(3,3-difluoroazetidin-1-yl)ethoxy]-N-(dimethylsulfamoyl)-18-hydroxy-15-methyl-16-oxo-3',4',7,7a,8,9,9a,10,13,14,15,16,17,18-tetradecahydro-2'H,3H,5H-spiro[1,19-(ethanediylidene)cyclobuta[n][1,4]oxazepino[4,3-a][1,8]diazacyclohexadecine-4,1'-naphthalene]-18-carboxamide	-6.45
PPA2285	pocket0	PP3	PPA2285a_PP3	ALANYL-PYRIDOXAL-5'-PHOSPHATE	-8.95
PPA2285	pocket8	ATP	PPA2285a_ATP	ADENOSINE-5'-TRIPHOSPHATE	-3.33
PPA2285	pocket1	CMP	PPA2285a_CMP	ADENOSINE-3',5'-CYCLIC-MONOPHOSPHATE	Nil
PPA2286	pocket1	ZO0	PPA2286a_ZO0	4-(4-METHYL-1,4-DIAZEPAN-1-YL)-2-(TRIFLUOROMETHYL)QUINAZOLINE	-4.67
PPA2286	pocket14	NAD	PPA2286a_NAD	NICOTINAMIDE-ADENINE-DINUCLEOTIDE	-4.32
PPA2286	pocket0	MEV	PPA2286a_MEV	(R)-MEVALONATE	-4.26
PPA2286	pocket10	GDP	PPA2286a_GDP	GUANOSINE-5'-DIPHOSPHATE	-2.68
PPA2287	pocket0	NG1	PPA2287a_NG1	2-acetamido-2-deoxy-1-O-phosphono-alpha-D-galactopyranose	-6.18
PPA2287	pocket1	LT1	PPA2287a_LT1	(3-chloropropyl)benzene	-4.13
PPA2287	pocket14	GDP	PPA2287a_GDP	GUANOSINE-5'-DIPHOSPHATE	-3.68
PPA2288	pocket0	UTP	PPA2288a_UTP	URIDINE 5'-TRIPHOSPHATE	-11.41
PPA2288	pocket1	NAG	PPA2288a_NAG	2-acetamido-2-deoxy-beta-D-glucopyranose	-5.11
PPA2288	pocket8	AR6	PPA2288a_AR6	[(2R,3S,4R,5R)-5-(6-AMINOPURIN-9-YL)-3,4-DIHYDROXY-OXOLAN-2-YL]METHYL-[HYDROXY-[[(2R,3S,4R,5S)-3,4,5-TRIHYDROXYOXOLAN-2-YL]METHOXY]PHOSPHORYL] HYDROGEN PHOSPHATE	-4.16
PPA2288	pocket5	FAD	PPA2288a_FAD	FLAVIN-ADENINE DINUCLEOTIDE	22.86
PPA2288	pocket6	NAD	PPA2288a_NAD	NICOTINAMIDE-ADENINE-DINUCLEOTIDE	38.94
PPA2289	pocket0	NAP	PPA2289a_NAP	NADP NICOTINAMIDE-ADENINE-DINUCLEOTIDE PHOSPHATE	-3.43
PPA2291	pocket0	LMT	PPA2291a_LMT	DODECYL-BETA-D-MALTOSIDE	-5.15
PPA2292	pocket1	L1P	PPA2292a_L1P	3-PHOSPHORYL-[1,2-DI-PHYTANYL]GLYCEROL	-8.73
PPA2292	pocket12	NAD	PPA2292a_NAD	NICOTINAMIDE-ADENINE-DINUCLEOTIDE	-4.49
PPA2292	pocket2	NAD	PPA2292a_NAD	NICOTINAMIDE-ADENINE-DINUCLEOTIDE	-4.49
PPA2293	pocket2	6KK	PPA2293a_6KK	(3R,3aS,6aR)-hexahydrofuro[2,3-b]furan-3-yl {(2S,3R)-3-hydroxy-4-{[(4-methoxyphenyl)sulfonyl](2-methylpropyl)amino}-1-[(3R,5R,7R)-tricyclo[3.3.1.1~3,7~]decan-1-yl]butan-2-yl}carbamate	-11.15
PPA2294	pocket1	HEM	PPA2294a_HEM	PROTOPORPHYRIN IX CONTAINING FE	-5.7
PPA2294	pocket9	NAP	PPA2294a_NAP	NADP NICOTINAMIDE-ADENINE-DINUCLEOTIDE PHOSPHATE	-4.77
PPA2294	pocket2	SQD	PPA2294a_SQD	1,2-DI-O-ACYL-3-O-[6-DEOXY-6-SULFO-ALPHA-D-GLUCOPYRANOSYL]-SN-GLYCEROL	-3.26
PPA2295	pocket4	FMN	PPA2295a_FMN	FLAVIN MONONUCLEOTIDE	-5.92
PPA2295	pocket11	FAD	PPA2295a_FAD	FLAVIN-ADENINE DINUCLEOTIDE	-4.75
PPA2295	pocket12	FAD	PPA2295a_FAD	FLAVIN-ADENINE DINUCLEOTIDE	-4.75
PPA2295	pocket2	ETE	PPA2295a_ETE	2-{2-[2-2-(METHOXY-ETHOXY)-ETHOXY]-ETHOXY}-ETHANOL	-3.29
PPA2296	pocket6	APR	PPA2296a_APR	ADENOSINE-5-DIPHOSPHORIBOSE	-4.98
PPA2296	pocket12	FAD	PPA2296a_FAD	FLAVIN-ADENINE DINUCLEOTIDE	-4.8
PPA2296	pocket9	ZEM	PPA2296a_ZEM	20-OXO-PROTOPORPHYRIN IX CONTAINING ZN(II)	-4.29
PPA2297	pocket0	A1Y	PPA2297a_A1Y	4,6-dimethyl-2-(morpholin-4-yl)pyridine-3-carbonitrile	-6.17
PPA2297	pocket2	FAD	PPA2297a_FAD	FLAVIN-ADENINE DINUCLEOTIDE	-3.68
PPA2298	pocket11	GPP	PPA2298a_GPP	GERANYL DIPHOSPHATE	-6.2
PPA2299	pocket11	BAX	PPA2299a_BAX	4-{4-[({[4-CHLORO-3-(TRIFLUOROMETHYL)PHENYL]AMINO}CARBONYL)AMINO]PHENOXY}-N-METHYLPYRIDINE-2-CARBOXAMIDE	-6.15
PPA2299	pocket3	ATP	PPA2299a_ATP	ADENOSINE-5'-TRIPHOSPHATE	-3.66
PPA2299	pocket0	PYR	PPA2299a_PYR	PYRUVIC ACID	-3.36
PPA2301	pocket0	DIF	PPA2301a_DIF	2-[2,6-DICHLOROPHENYL)AMINO]BENZENEACETIC ACID	-7.4
PPA2301	pocket2	APC	PPA2301a_APC	DIPHOSPHOMETHYLPHOSPHONIC ACID ADENOSYL ESTER	-6.6
PPA2301	pocket8	MAP	PPA2301a_MAP	MAGNESIUM-5'-ADENYLY-IMIDO-TRIPHOSPHATE	-5.76
PPA2301	pocket5	P6G	PPA2301a_P6G	HEXAETHYLENE GLYCOL	0.03
PPA2302	pocket22	FAD	PPA2302a_FAD	FLAVIN-ADENINE DINUCLEOTIDE	-7.53
PPA2302	pocket6	DCZ	PPA2302a_DCZ	2'-DEOXYCYTIDINE	-6.27
PPA2302	pocket19	NY5	PPA2302a_NY5	5,6,7,8-tetrahydronaphthalene-2-carboxylic acid	-5.99
PPA2302	pocket0	AMP	PPA2302a_AMP	ADENOSINE MONOPHOSPHATE	-5.75
PPA2302	pocket7	10	PPA2302a_10	phenylmethanol	Nil
PPA2303	pocket5	985	PPA2303a_985	(2E)-3-{3-[6-(4-methyl-1,4-diazepan-1-yl)pyrazin-2-yl]phenyl}prop-2-enoic acid	-7.42
PPA2303	pocket1	EXD	PPA2303a_EXD	2-(trifluoromethyl)-1H-benzimidazol-7-ol	-5.06
PPA2303	pocket19	FAD	PPA2303a_FAD	FLAVIN-ADENINE DINUCLEOTIDE	-4.82
PPA2304	pocket3	WUJ	PPA2304a_WUJ	N-[(furan-2-yl)methyl]urea	-6.57
PPA2304	pocket0	ANP	PPA2304a_ANP	PHOSPHOAMINOPHOSPHONIC ACID-ADENYLATE ESTER	-2.84
PPA2305	pocket3	VEA	PPA2305a_VEA	5-OXA-PROTOPORPHYRIN IX CONTAINING FE	-7.62
PPA2305	pocket2	BCL	PPA2305a_BCL	BACTERIOCHLOROPHYLL A	-7.11
PPA2305	pocket1	HZH	PPA2305a_HZH	1,1,1-trifluoro-3-[(2-phenylethyl)sulfanyl]propan-2-one	-4.89
PPA2305	pocket0	6GT	PPA2305a_6GT	2-oxoheptanedioic acid	-3.77
PPA2306	pocket2	HEM	PPA2306a_HEM	PROTOPORPHYRIN IX CONTAINING FE	-9.04
PPA2306	pocket0	BG6	PPA2306a_BG6	6-O-phosphono-beta-D-glucopyranose	-8.65
PPA2306	pocket9	FAB	PPA2306a_FAB	FLAVIN-ADENINE DINUCLEOTIDE-N5-ISOBUTYL KETONE	-3.95
PPA2306	pocket5	HMG	PPA2306a_HMG	3-HYDROXY-3-METHYLGLUTARYL-COENZYME A	-3.03
PPA2307	pocket4	FAB	PPA2307a_FAB	FLAVIN-ADENINE DINUCLEOTIDE-N5-ISOBUTYL KETONE	-5.31
PPA2307	pocket12	HEV	PPA2307a_HEV	5,8-DIMETHYL-1,2,3,4-TETRAVINYLPORPHINE-6,7-DIPROPIONIC ACID FERROUS COMPLEX	88.47
PPA2307	pocket3	MAC	PPA2307a_MAC	MERCURY ACETATE ION	Nil
PPA2309	pocket2	NAP	PPA2309a_NAP	NADP NICOTINAMIDE-ADENINE-DINUCLEOTIDE PHOSPHATE	-9.47
PPA2309	pocket1	ORJ	PPA2309a_ORJ	2-{4-[(6-fluoro-1,3-benzothiazol-2-yl)oxy]-2-hydroxyphenyl}-N-methylacetamide	-7.58
PPA2309	pocket0	FAD	PPA2309a_FAD	FLAVIN-ADENINE DINUCLEOTIDE	-4.41
PPA2309	pocket4	FAD	PPA2309a_FAD	FLAVIN-ADENINE DINUCLEOTIDE	-4.41
PPA2310	pocket0	U	PPA2310a_U	URIDINE-5'-MONOPHOSPHATE	-8.49
PPA2310	pocket9	C2E	PPA2310a_C2E	9,9'-[(2R,3R,3aS,5S,7aR,9R,10R,10aS,12S,14aR)-3,5,10,12-tetrahydroxy-5,12-dioxidooctahydro-2H,7H-difuro[3,2-d:3',2'-j][1,3,7,9,2,8]tetraoxadiphosphacyclododecine-2,9-diyl]bis(2-amino-1,9-dihydro-6H-purin-6-one)	-5.22
PPA2311	pocket0	651	PPA2311a_651	(3R)-3-biphenyl-4-yl-1-azabicyclo[2.2.2]octan-3-ol	-6.82
PPA2311	pocket2	FAD	PPA2311a_FAD	FLAVIN-ADENINE DINUCLEOTIDE	-4.16
PPA2312	pocket2	MAU	PPA2312a_MAU	N-METHYL KIRROMYCIN	-5.6
PPA2312	pocket5	FMN	PPA2312a_FMN	FLAVIN MONONUCLEOTIDE	-4.54
PPA2312	pocket7	FAD	PPA2312a_FAD	FLAVIN-ADENINE DINUCLEOTIDE	-4.27
PPA2312	pocket4	NAP	PPA2312a_NAP	NADP NICOTINAMIDE-ADENINE-DINUCLEOTIDE PHOSPHATE	-3.25
PPA2312	pocket6	NAP	PPA2312a_NAP	NADP NICOTINAMIDE-ADENINE-DINUCLEOTIDE PHOSPHATE	-3.25
PPA2312	pocket0	1PE	PPA2312a_1PE	PENTAETHYLENE GLYCOL	-1.15
PPA2314	pocket1	HCB	PPA2314a_HCB	5-HYDROXYBENZIMIDAZOLYLCOBAMIDE	Nil
PPA2315	pocket0	NAP	PPA2315a_NAP	NADP NICOTINAMIDE-ADENINE-DINUCLEOTIDE PHOSPHATE	-9.51
PPA2315	pocket7	1NP	PPA2315a_1NP	1-NAPHTHOL	-5
PPA2315	pocket4	FAD	PPA2315a_FAD	FLAVIN-ADENINE DINUCLEOTIDE	18.17
PPA2318	pocket20	66A	PPA2318a_66A	7-[cis-3-(azetidin-1-ylmethyl)cyclobutyl]-5-[3-(benzyloxy)phenyl]-7H-pyrrolo[2,3-d]pyrimidin-4-amine	-7.91
PPA2319	pocket9	SAM	PPA2319a_SAM	S-ADENOSYLMETHIONINE	-6.5
PPA2319	pocket5	NDP	PPA2319a_NDP	NADPH DIHYDRO-NICOTINAMIDE-ADENINE-DINUCLEOTIDE PHOSPHATE	-4.14
PPA2319	pocket0	QDK	PPA2319a_QDK	L-ribulose	-2.85
PPA2320	pocket0	NDP	PPA2320a_NDP	NADPH DIHYDRO-NICOTINAMIDE-ADENINE-DINUCLEOTIDE PHOSPHATE	-7.1
PPA2320	pocket10	ANP	PPA2320a_ANP	PHOSPHOAMINOPHOSPHONIC ACID-ADENYLATE ESTER	-3.43
PPA2321	pocket10	FAE	PPA2321a_FAE	FLAVIN-N7 PROTONATED-ADENINE DINUCLEOTIDE	-7.13
PPA2321	pocket2	FAD	PPA2321a_FAD	FLAVIN-ADENINE DINUCLEOTIDE	-5.33
PPA2321	pocket0	QDK	PPA2321a_QDK	L-ribulose	-3.63
PPA2321	pocket1	ANP	PPA2321a_ANP	PHOSPHOAMINOPHOSPHONIC ACID-ADENYLATE ESTER	-0.87
PPA2321	pocket13	ANP	PPA2321a_ANP	PHOSPHOAMINOPHOSPHONIC ACID-ADENYLATE ESTER	-0.87
PPA2322	pocket0	PLP	PPA2322a_PLP	PYRIDOXAL-5'-PHOSPHATE	-4.92
PPA2322	pocket3	FFO	PPA2322a_FFO	N-[4-({[(6S)-2-amino-5-formyl-4-oxo-3,4,5,6,7,8-hexahydropteridin-6-yl]methyl}amino)benzoyl]-L-glutamic acid	Nil
PPA2323	pocket3	NAI	PPA2323a_NAI	1,4-DIHYDRONICOTINAMIDE ADENINE DINUCLEOTIDE	-7.16
PPA2323	pocket0	GB	PPA2323a_GB	METHYLPHOSPHONIC ACID ESTER GROUP	-3.03
PPA2323	pocket2	FAD	PPA2323a_FAD	FLAVIN-ADENINE DINUCLEOTIDE	113.58
PPA2325	pocket2	PLM	PPA2325a_PLM	PALMITIC ACID	-4
PPA2326	pocket7	HEM	PPA2326a_HEM	PROTOPORPHYRIN IX CONTAINING FE	-6.72
PPA2326	pocket1	W6M	PPA2326a_W6M	3-{[(3-methyl-1,2,4-oxadiazol-5-yl)methyl]carbamoyl}benzoic acid	-4.9
PPA2327	pocket3	3L7	PPA2327a_3L7	(2-{[2-(6-oxo-1,6-dihydro-9H-purin-9-yl)ethyl](2-{[(E)-2-phosphonoethenyl]oxy}ethyl)amino}ethyl)phosphonic acid	-6.99
PPA2327	pocket4	CS2	PPA2327a_CS2	D-MANNONIC ACID	-1.54
PPA2327	pocket0	BHO	PPA2327a_BHO	BENZHYDROXAMIC ACID	Nil
PPA2328	pocket2	IFA	PPA2328a_IFA	METHYL N-[(2',4'-DIFLUORO-4-HYDROXY-5-IODOBIPHENYL-3-YL)CARBONYL]-BETA-ALANINATE	-6.36
PPA2328	pocket11	SAM	PPA2328a_SAM	S-ADENOSYLMETHIONINE	-6.27
PPA2328	pocket1	PG6	PPA2328a_PG6	1-(2-METHOXY-ETHOXY)-2-{2-[2-(2-METHOXY-ETHOXY]-ETHOXY}-ETHANE	-4.2
PPA2328	pocket6	NAD	PPA2328a_NAD	NICOTINAMIDE-ADENINE-DINUCLEOTIDE	-3.32
PPA2328	pocket9	FAD	PPA2328a_FAD	FLAVIN-ADENINE DINUCLEOTIDE	-1.81
PPA2328	pocket0	B4R	PPA2328a_B4R	{4-[{(2R,3S)-3-[({[(3aS,4S,7aR)-hexahydro-4H-furo[2,3-b]pyran-4-yl]oxy}carbonyl)amino]-2-hydroxy-4-phenylbutyl}(2-methylpropyl)sulfamoyl]phenyl}boronic acid	Nil
PPA2329	pocket0	REL	PPA2329a_REL	D-glucuronic acid	-4.61
PPA2329	pocket4	NG1	PPA2329a_NG1	2-acetamido-2-deoxy-1-O-phosphono-alpha-D-galactopyranose	-2.66
PPA2329	pocket1	HRN	PPA2329a_HRN	3-[[6-chloranyl-3-[3-[(1~{S})-1-(2,4-dichlorophenyl)ethyl]-5-phenyl-imidazol-4-yl]-1~{H}-indol-2-yl]carbonylamino]-4-[4-(2-oxidanylidene-1,3-oxazinan-3-yl)piperidin-1-yl]benzoic acid	155.95
PPA2330	pocket5	NDP	PPA2330a_NDP	NADPH DIHYDRO-NICOTINAMIDE-ADENINE-DINUCLEOTIDE PHOSPHATE	-6.08
PPA2330	pocket0	286	PPA2330a_286	2-ethenyl-1-methylpyridinium	-4.22
PPA2331	pocket7	ERM	PPA2331a_ERM	Ergotamine	-9.14
PPA2331	pocket3	L1P	PPA2331a_L1P	3-PHOSPHORYL-[1,2-DI-PHYTANYL]GLYCEROL	-9.02
PPA2331	pocket5	EJQ	PPA2331a_EJQ	~{N}-(4-fluorophenyl)-2-pyrrolidin-1-yl-ethanamide	-4.88
PPA2331	pocket0	MGE	PPA2331a_MGE	(1S)-2-(ALPHA-L-ALLOPYRANOSYLOXY)-1-[(TRIDECANOYLOXY)METHYL]ETHYL PALMITATE	-4.11
PPA2332	pocket23	4ST	PPA2332a_4ST	1,2,3,4-TETRAHYDROGEN-STAUROSPORINE	-6.61
PPA2332	pocket0	CTS	PPA2332a_CTS	CASTANOSPERMINE	-5.24
PPA2332	pocket31	52F	PPA2332a_52F	3-(3-oxo-3,4-dihydroquinoxalin-2-yl)propanoic acid	-3.25
PPA2332	pocket36	FAD	PPA2332a_FAD	FLAVIN-ADENINE DINUCLEOTIDE	-1.7
PPA2333	pocket0	CKX	PPA2333a_CKX	(2~{S},3~{S},4~{R},5~{R})-4,5-bis(oxidanyl)-2-propyl-piperidine-3-carboxylic acid	-6.72
PPA2333	pocket6	SAM	PPA2333a_SAM	S-ADENOSYLMETHIONINE	-6.31
PPA2333	pocket11	FMN	PPA2333a_FMN	FLAVIN MONONUCLEOTIDE	-4.6
PPA2333	pocket2	GSH	PPA2333a_GSH	GLUTATHIONE	-4.39
PPA2333	pocket15	NDP	PPA2333a_NDP	NADPH DIHYDRO-NICOTINAMIDE-ADENINE-DINUCLEOTIDE PHOSPHATE	-4.17
PPA2333	pocket1	CIT	PPA2333a_CIT	CITRIC ACID	-1.35
PPA2333	pocket5	MC3	PPA2333a_MC3	1,2-DIMYRISTOYL-RAC-GLYCERO-3-PHOSPHOCHOLINE	3.79
PPA2334	pocket0	U0E	PPA2334a_U0E	N-[[1-[N-ACETAMIDYL]-[1-CYCLOHEXYLMETHYL-2-HYDROXY-4-ISOPROPYL]-BUT-4-YL]-CARBONYL]-GLUTAMINYL-ARGINYL-AMIDE	-11.62
PPA2334	pocket6	B3I	PPA2334a_B3I	2,3,5-TRIIODOBENZOIC ACID	-7.64
PPA2334	pocket1	ACP	PPA2334a_ACP	PHOSPHOMETHYLPHOSPHONIC ACID ADENYLATE ESTER	-6.32
PPA2334	pocket10	A82	PPA2334a_A82	2-[[(1R)-1-(7-methyl-2-morpholin-4-yl-4-oxidanylidene-pyrido[1,2-a]pyrimidin-9-yl)ethyl]amino]benzoic acid	43.55
PPA2335	pocket0	651	PPA2335a_651	(3R)-3-biphenyl-4-yl-1-azabicyclo[2.2.2]octan-3-ol	-7.41
PPA2335	pocket1	FHB	PPA2335a_FHB	3-FLUORO-4-HYDROXYBENZOIC ACID	-4.49
PPA2336	pocket3	QBQ	PPA2336a_QBQ	7-deaza-GTP	-5.06
PPA2336	pocket4	LZ1	PPA2336a_LZ1	1H-indazole	-4.62
PPA2336	pocket11	HEM	PPA2336a_HEM	PROTOPORPHYRIN IX CONTAINING FE	-4.61
PPA2337	pocket0	PGU	PPA2337a_PGU	N-({3-hydroxy-2-methyl-5-[(phosphonooxy)methyl]pyridin-4-yl}methyl)-L-glutamic acid	-12.06
PPA2337	pocket13	NDP	PPA2337a_NDP	NADPH DIHYDRO-NICOTINAMIDE-ADENINE-DINUCLEOTIDE PHOSPHATE	-5.92
PPA2337	pocket11	FAD	PPA2337a_FAD	FLAVIN-ADENINE DINUCLEOTIDE	-4.2
PPA2338	pocket1	ATP	PPA2338a_ATP	ADENOSINE-5'-TRIPHOSPHATE	-8.96
PPA2338	pocket8	G1L	PPA2338a_G1L	3-CHLORO-2,2-DIMETHYL-N-[4-(TRIFLUOROMETHYL)PHENYL]PROPANAMIDE	-6.53
PPA2338	pocket2	NCA	PPA2338a_NCA	NICOTINAMIDE	-4.86
PPA2338	pocket4	NCA	PPA2338a_NCA	NICOTINAMIDE	-4.86
PPA2339	pocket6	HEC	PPA2339a_HEC	HEME C	-10.32
PPA2339	pocket3	IRE	PPA2339a_IRE	Gefitinib	-5.88
PPA2339	pocket7	GMM	PPA2339a_GMM	GLUCOSE MONOMYCOLATE	Nil
PPA2341	pocket8	AWU	PPA2341a_AWU	[[(2~{R},3~{S},4~{R},5~{R})-5-[2,4-bis(oxidanylidene)pyrimidin-1-yl]-3,4-bis(oxidanyl)oxolan-2-yl]methoxy-oxidanyl-phosphoryl] [(2~{R},3~{R},4~{R},5~{R},6~{S})-6-methyl-3,4,5-tris(oxidanyl)oxan-2-yl] hydrogen phosphate	-5.47
PPA2341	pocket1	CDP	PPA2341a_CDP	CYTIDINE-5'-DIPHOSPHATE	-4.83
PPA2342	pocket10	GTP	PPA2342a_GTP	GUANOSINE-5'-TRIPHOSPHATE	-5.02
PPA2344	pocket2	2HQ	PPA2344a_2HQ	5-chloro-1H-indole-2,3-dione	-7.3
PPA2344	pocket1	SAM	PPA2344a_SAM	S-ADENOSYLMETHIONINE	-7.21
PPA2344	pocket3	NAD	PPA2344a_NAD	NICOTINAMIDE-ADENINE-DINUCLEOTIDE	-5.63
PPA2346	pocket0	PP3	PPA2346a_PP3	ALANYL-PYRIDOXAL-5'-PHOSPHATE	-9.28
PPA2346	pocket1	NAD	PPA2346a_NAD	NICOTINAMIDE-ADENINE-DINUCLEOTIDE	-6.16
PPA2346	pocket4	F42	PPA2346a_F42	COENZYME F420	-3.07
PPA2347	pocket2	9KQ	PPA2347a_9KQ	2-phenyl-4-(1,2,4-triazol-4-yl)quinazoline	-5.5
PPA2347	pocket0	4F9	PPA2347a_4F9	4-(1H-imidazol-5-yl)pyridine	-4.8
PPA2349	pocket3	NAP	PPA2349a_NAP	NADP NICOTINAMIDE-ADENINE-DINUCLEOTIDE PHOSPHATE	1.28
PPA2349	pocket0	MAO	PPA2349a_MAO	5'-DEOXY-5'-[N-METHYL-N-(2-AMINOOXYETHYL) AMINO]ADENOSINE	Nil
PPA2350	pocket8	CO8	PPA2350a_CO8	OCTANOYL-COENZYME A	-6.96
PPA2350	pocket1	NEQ	PPA2350a_NEQ	N-ETHYLMALEIMIDE	-4.19
PPA2352	pocket2	FMX	PPA2352a_FMX	FAMOXADONE	-7.47
PPA2352	pocket0	AQO	PPA2352a_AQO	2-AMINOQUINAZOLIN-4(3H)-ONE	-5.26
PPA2359	pocket7	322	PPA2359a_322	[(5R)-5-(2,3-dibromo-5-ethoxy-4-hydroxybenzyl)-4-oxo-2-thioxo-1,3-thiazolidin-3-yl]acetic acid	-5.06
PPA2359	pocket6	SAH	PPA2359a_SAH	S-ADENOSYL-L-HOMOCYSTEINE	-4.62
PPA2359	pocket0	FRU	PPA2359a_FRU	beta-D-fructofuranose	Nil
PPA2360	pocket3	MGE	PPA2360a_MGE	(1S)-2-(ALPHA-L-ALLOPYRANOSYLOXY)-1-[(TRIDECANOYLOXY)METHYL]ETHYL PALMITATE	-8.74
PPA2360	pocket2	FAD	PPA2360a_FAD	FLAVIN-ADENINE DINUCLEOTIDE	-4.81
PPA2362	pocket0	19S	PPA2362a_19S	2-cyclopropyl-N-[(2R)-1-oxo-1-(piperidin-1-yl)propan-2-yl]-5H-pyrrolo[2,3-b]pyrazine-7-carboxamide	-6.56
PPA2378	pocket2	NAD	PPA2378a_NAD	NICOTINAMIDE-ADENINE-DINUCLEOTIDE	-6.84
PPA2393	pocket0	ACO	PPA2393a_ACO	ACETYL COENZYME *A	-9.72
PPA2396	pocket0	HEM	PPA2396a_HEM	PROTOPORPHYRIN IX CONTAINING FE	-7.96
PPA2396	pocket1	NAP	PPA2396a_NAP	NADP NICOTINAMIDE-ADENINE-DINUCLEOTIDE PHOSPHATE	-5.96
PPA2399	pocket2	4CU	PPA2399a_4CU	(~{E})-3-[4-oxidanyl-3-(5-prop-2-enyl-2-propoxy-phenyl)phenyl]prop-2-enoic acid	-7.17
PPA2399	pocket3	SKE	PPA2399a_SKE	4-({5-amino-1-[(2,6-difluorophenyl)carbonyl]-1H-1,2,4-triazol-3-yl}amino)benzenesulfonamide	-7
PPA2399	pocket5	N9H	PPA2399a_N9H	(5S)-5-(3-AMINOPROPYL)-3-(2,5-DIFLUOROPHENYL)-N-ETHYL-5-PHENYL-4,5-DIHYDRO-1H-PYRAZOLE-1-CARBOXAMIDE	-5.11
PPA2399	pocket0	OLA	PPA2399a_OLA	OLEIC ACID	-2.24
PPA2401	pocket0	ACO	PPA2401a_ACO	ACETYL COENZYME *A	-11.93
PPA2401	pocket2	NAP	PPA2401a_NAP	NADP NICOTINAMIDE-ADENINE-DINUCLEOTIDE PHOSPHATE	-5.36
PPA0380	pocket1	JPZ	PPA0380_JPZ	quinazolin-4(1H)-one	-5.21
PPA0380	pocket2	ECA	PPA0380_ECA	N,N',N''-[BENZENE-1,3,5-TRIYLTRIS(METHYLENE)]TRIS(2,3-DIHYDROXYBENZAMIDE)	-6.65
PPA0380	pocket4	ETX	PPA0380_ETX	2-ETHOXYETHANOL	-2.88
PPA0380	pocket5	ADP	PPA0380_ADP	ADENOSINE-5'-DIPHOSPHATE	-4.99
PPA0380	pocket7	MLA	PPA0380_MLA	MALONIC ACID	-4.79
PPA0380	pocket8	UF4	PPA0380_UF4	4-(3-{[(2S)-2-(6-methoxypyridin-3-yl)-2,3-dihydro-1,4-benzodioxin-6-yl]methyl}-3H-imidazo[4,5-b]pyridin-6-yl)-2-methylbut-3-yn-2-amine	-7.1
PPA0380	pocket10	FAD	PPA0380_FAD	FLAVIN-ADENINE DINUCLEOTIDE	-4.21
PPA1939	pocket2	NOJ	PPA1939_NOJ	1-DEOXYNOJIRIMYCIN	-3.85
PPA1939	pocket3	RA9	PPA1939_RA9	2-[(5-azanyl-1,3,4-thiadiazol-2-yl)sulfanyl]-~{N}-(4-sulfamoylphenyl)ethanamide	-6.89
PPA1939	pocket4	FLC	PPA1939_FLC	CITRATE ANION	-4.85
PPA1939	pocket5	TA8	PPA1939_TA8	POLYACRYLIC ACID	-7.32
PPA1939	pocket7	FDA	PPA1939_FDA	DIHYDROFLAVINE-ADENINE DINUCLEOTIDE	-5.17
PPA2108	pocket2	5DN	PPA2108_5DN	2-(3-bromophenyl)-8-fluoroquinoline-4-carboxylic acid	-6.71
PPA2108	pocket3	ACO	PPA2108_ACO	ACETYL COENZYME *A	-4.2
PPA2108	pocket5	OFN	PPA2108_OFN	~{S}-[2-[3-[[(2~{R})-4-[[[(2~{R},3~{S},4~{R},5~{R})-5-(6-aminopurin-9-yl)-4-oxidanyl-3-phosphonooxy-oxolan-2-yl]methoxy-oxidanyl-phosphoryl]oxy-oxidanyl-phosphoryl]oxy-3,3-dimethyl-2-oxidanyl-butanoyl]amino]propanoylamino]ethyl] 3-oxidanylideneicosanethioate	-0.81
PPA2108	pocket8	FAD	PPA2108_FAD	FLAVIN-ADENINE DINUCLEOTIDE	-4.17
PPA2108	pocket9	FAD	PPA2108_FAD	FLAVIN-ADENINE DINUCLEOTIDE	-2.89
